history,period,amplitude_half_peak_to_peak,x_std,mean_support_power,mean_dissipation_power,mean_net_power,mean_abs_support_power,mean_local_excess_energy
low_history,1,5.871068707308247e-07,3.8615756460309155e-07,4.4574548692114374e-14,5.181954586662923e-14,-7.244997174514857e-15,1.3573766565707746e-13,2.6718379062002394e-13
low_history,2,5.652038653491953e-07,3.8539369768526676e-07,6.685729788331816e-14,6.129965812604724e-14,5.557639757270922e-15,1.4464597946377644e-13,2.804985367510642e-13
low_history,3,5.663185132231963e-07,4.1002487169785737e-07,5.798912275950927e-14,5.4010377958528676e-14,3.978744800980589e-15,1.419703149599551e-13,2.9475180060664783e-13
low_history,4,5.69554328616606e-07,3.927816988871674e-07,4.985328371761006e-14,6.123970389554632e-14,-1.1386420177936275e-14,1.4185522872099924e-13,2.877832547834494e-13
low_history,5,5.729497177253684e-07,4.035636301003639e-07,7.463464551887058e-14,5.931789372974506e-14,1.531675178912553e-14,1.5341472469908476e-13,2.958871932836946e-13
low_history,6,5.769959108281597e-07,4.1282671120687695e-07,4.5555854325102907e-14,5.77696789000966e-14,-1.2213824574993685e-14,1.4462520615508087e-13,3.032774169823951e-13
low_history,7,5.801172464348081e-07,3.958927510060656e-07,7.022692852290063e-14,6.496867083445854e-14,5.258257688442092e-15,1.5265123213928014e-13,2.964243757285288e-13
low_history,8,5.841624675095858e-07,4.227744379564717e-07,6.262099083834379e-14,5.756738483971774e-14,5.053605998626048e-15,1.5134109284692578e-13,3.1359076825959627e-13
low_history,9,5.875944895927798e-07,4.056158909078296e-07,5.249433726359992e-14,6.500339544138352e-14,-1.2509058177783603e-14,1.5079359085632932e-13,3.064477588182424e-13
low_history,10,5.907682982531082e-07,4.156534490855011e-07,7.9591393512086e-14,6.328922806080434e-14,1.6302165451281685e-14,1.6345209410447418e-13,3.1442550426662035e-13
low_history,11,5.94993145641709e-07,4.262357189493628e-07,4.871677800989466e-14,6.129405199037783e-14,-1.2577273980483166e-14,1.538500586324709e-13,3.228673367308819e-13
low_history,12,5.9830652390791e-07,4.081357792102171e-07,7.408061658901489e-14,6.916930243630239e-14,4.911314152712513e-15,1.6203643193036443e-13,3.1522231340013236e-13
low_history,13,6.025209398907716e-07,4.358580192843627e-07,6.736299647692639e-14,6.130234744508814e-14,6.060649031838248e-15,1.6124711060607287e-13,3.334737593034034e-13
low_history,14,6.060605798607899e-07,4.1883344419682494e-07,5.5257577459007354e-14,6.897983356931874e-14,-1.372225611031139e-14,1.6034850866520155e-13,3.2625558569454386e-13
low_history,15,6.093380139904347e-07,4.2811396115372405e-07,8.484527525214429e-14,6.75296591836852e-14,1.73156160684591e-14,1.7398923930440463e-13,3.341336869025129e-13
low_history,16,6.136631237052548e-07,4.4007071257545093e-07,5.212717406859266e-14,6.504085592551376e-14,-1.2913681856921106e-14,1.637679602459356e-13,3.4373504732696527e-13
low_history,17,6.172687652128417e-07,4.2079711666338273e-07,7.812918110183045e-14,7.363670760649406e-14,4.492473495336383e-15,1.720569254268174e-13,3.3524942656328526e-13
low_history,18,6.21578775034104e-07,4.493369359859142e-07,7.245314991817845e-14,6.529179706801066e-14,7.161352850167791e-15,1.7173421253142814e-13,3.546214391839574e-13
low_history,19,6.249396526936124e-07,4.3250449763190336e-07,5.81891367447696e-14,7.319865785719407e-14,-1.500952111242448e-14,1.705409058204247e-13,3.473774063431579e-13
low_history,20,6.286164589419663e-07,4.4096284487872425e-07,9.041548867660856e-14,7.205627801720109e-14,1.8359210659407462e-14,1.8518128748409375e-13,3.551013865287643e-13
low_history,21,6.329223756762481e-07,4.54335814181065e-07,5.580736897620935e-14,6.902371052374916e-14,-1.3216341547539811e-14,1.7429443773602905e-13,3.659384734501908e-13
low_history,22,6.365281066400552e-07,4.338754825742517e-07,8.237625260385123e-14,7.83824576878586e-14,3.993794915992632e-15,1.8273274010925626e-13,3.565508826764426e-13
low_history,23,6.41121730454719e-07,4.6320635529259984e-07,7.7911401360739e-14,6.954907858012337e-14,8.362322780615633e-15,1.8292494100070703e-13,3.771000075350248e-13
low_history,24,6.445878177052666e-07,4.4662987234340133e-07,6.129542932666678e-14,7.766915073526296e-14,-1.637372140859617e-14,1.8129509071075394e-13,3.698604569610949e-13
low_history,25,6.483746730623352e-07,4.5418984539229853e-07,9.631100000306055e-14,7.688163306525837e-14,1.942936693780217e-14,1.9719608605450132e-13,3.773748049731075e-13
low_history,26,6.529789055020885e-07,4.6905177357571057e-07,5.978039317101073e-14,7.325789056927927e-14,-1.347749739826855e-14,1.8542221677064522e-13,3.8956415733011783e-13
low_history,27,6.565100632571763e-07,4.4738963818370275e-07,8.682912981352401e-14,8.342475421968283e-14,3.4043755938411656e-15,1.9408677756169494e-13,3.7923735925230787e-13
low_history,28,6.610959920605453e-07,4.774820861354949e-07,8.37666791001717e-14,7.409392280844179e-14,9.67275629172991e-15,1.9490554486534605e-13,4.009832493650745e-13
low_history,29,6.649806072733799e-07,4.612337306237747e-07,6.459017529892819e-14,8.240846213835492e-14,-1.7818286839426702e-14,1.9269844173443026e-13,3.9382024211768707e-13
low_history,30,6.685764347702516e-07,4.678217193027199e-07,1.0255383848685644e-13,8.20305246921796e-14,2.0523313794676855e-14,2.0995680913118538e-13,4.010535864759514e-13
low_history,31,6.733531058844555e-07,4.842233824953653e-07,6.406956166732928e-14,7.775923686684106e-14,-1.3689675199511785e-14,1.9727502199855932e-13,4.147051922017304e-13
low_history,32,6.771232029800789e-07,4.613535241877679e-07,9.149739447361061e-14,8.87805917627494e-14,2.7168027108612162e-15,2.0606360136661947e-13,4.033788486119986e-13
low_history,33,6.818811770226141e-07,4.921715364565219e-07,9.00445116350766e-14,7.894566184641149e-14,1.1098849788665109e-14,2.077092886810357e-13,4.2635908606270254e-13
low_history,34,6.8588701471195e-07,4.7632440805715833e-07,6.808604113543552e-14,8.74302591808368e-14,-1.934421804540128e-14,2.0494665956786149e-13,4.193343395087544e-13
low_history,35,6.895956985442098e-07,4.81863246560823e-07,1.0915760209674313e-13,8.752068369076909e-14,2.163691840597402e-14,2.233313322204171e-13,4.262215149487816e-13
low_history,36,6.944934496655453e-07,4.998621183124784e-07,6.869790977273751e-14,8.254394486526306e-14,-1.384603509252554e-14,2.1001298354478568e-13,4.4145605045904946e-13
low_history,37,6.985724552988071e-07,4.7578101741121213e-07,9.639138710227863e-14,9.446793541977332e-14,1.9234516825053183e-15,2.1884610353610633e-13,4.290767189447198e-13
low_history,38,7.034445617948304e-07,5.072814502539199e-07,9.677028866736721e-14,8.412332956421555e-14,1.2646959103151671e-14,2.212481821100868e-13,4.5332164523217066e-13
low_history,39,7.072442924360711e-07,4.919112147937543e-07,7.179657057714141e-14,9.274842396327262e-14,-2.095185338613123e-14,2.1799679471445707e-13,4.464958423692811e-13
low_history,40,7.113996619567686e-07,4.963196203729245e-07,1.1613638054414054e-13,9.337190181042218e-14,2.2764478733718383e-14,2.375032226393302e-13,4.5295272018982626e-13
low_history,41,7.162585740350114e-07,5.15954187932608e-07,7.36906953363727e-14,8.762146923283378e-14,-1.3930773896461088e-14,2.235082132648983e-13,4.698525902370318e-13
low_history,42,7.203079921136446e-07,4.906577748991555e-07,1.0150203422409655e-13,1.0049383628514898e-13,1.0081979389475474e-15,2.3242806286368077e-13,4.56371655442057e-13
low_history,43,7.255072193568246e-07,5.227982691869697e-07,1.0396604226874107e-13,8.964114079191277e-14,1.4324901476828297e-14,2.356766814112517e-13,4.819167839114524e-13
low_history,44,7.29425970624753e-07,5.079971929776836e-07,7.573283882250215e-14,9.83751341124901e-14,-2.2642295289987943e-14,2.3174364521319947e-13,4.753712951227928e-13
low_history,45,7.337107927052333e-07,5.111924599368227e-07,1.2350136535447583e-13,9.960178315839514e-14,2.3899582196080706e-14,2.5269122039572945e-13,4.813220215768319e-13
low_history,46,7.389211995056932e-07,5.325563593848915e-07,7.908289327048485e-14,9.302642722425839e-14,-1.3943533953773535e-14,2.3779083972593497e-13,5.001037541297529e-13
low_history,47,7.429129171010462e-07,5.060542266528794e-07,1.068687229496389e-13,1.0689989256642158e-13,-3.116961678267252e-17,2.4688643519806347e-13,4.854646705336242e-13
low_history,48,7.481067341164049e-07,5.387918422185756e-07,1.1167598792086498e-13,9.554055658826698e-14,1.6135431332597995e-14,2.511593151691179e-13,5.123420666325697e-13
low_history,49,7.524996893382152e-07,5.246395573686746e-07,7.99313703642873e-14,1.0434870964264154e-13,-2.4417339278354254e-14,2.463373676134091e-13,5.061817080049369e-13
low_history,50,7.565678143417465e-07,5.265457087499781e-07,1.3129440932191088e-13,1.0625124756875437e-13,2.5043161753156513e-14,2.6882443361640525e-13,5.115197430568768e-13
low_history,51,7.619524980406744e-07,5.496734356547793e-07,8.490449338169536e-14,9.877916477829699e-14,-1.3874671396601616e-14,2.5300638395772003e-13,5.322891885715881e-13
low_history,52,7.662446465106498e-07,5.219740309259675e-07,1.1250057668185718e-13,1.1370342047774886e-13,-1.2028437958916906e-15,2.621548367556677e-13,5.164440303977763e-13
low_history,53,7.716073488484021e-07,5.552549210774326e-07,1.1992655865049576e-13,1.0184045111439276e-13,1.808610753610299e-14,2.676960696943106e-13,5.446833460455634e-13
low_history,54,7.76136085067769e-07,5.418374652549694e-07,8.440602775628754e-14,1.1068269807856388e-13,-2.627667032227632e-14,2.6201847604487053e-13,5.389905223314063e-13
low_history,55,7.803295872521598e-07,5.423766343987342e-07,1.3952752652709473e-13,1.1334028051301096e-13,2.6187246014083796e-14,2.857255037381178e-13,5.436372539161495e-13
low_history,56,7.858830798068706e-07,5.67318882652561e-07,9.118996891303578e-14,1.0490260798569309e-13,-1.3712639072657305e-14,2.6937054028010734e-13,5.665357761939229e-13
low_history,57,7.905006174646623e-07,5.384324655056382e-07,1.1840737822983042e-13,1.209264770887135e-13,-2.5190988588830764e-15,2.784778598579555e-13,5.494400655634915e-13
low_history,58,7.960427545750104e-07,5.722076846113424e-07,1.2875186388414269e-13,1.085700904023916e-13,2.0181773481751102e-14,2.851905057191326e-13,5.790661256227824e-13
low_history,59,8.003552141588877e-07,5.596190677860551e-07,8.9183850125813e-14,1.174053934908017e-13,-2.822154336498872e-14,2.787616277000107e-13,5.739670298739683e-13
low_history,60,8.050651769120343e-07,5.58725350455221e-07,1.4823237632148777e-13,1.2090282097336234e-13,2.7329555348125444e-14,3.036585754645614e-13,5.778372949209923e-13
low_history,61,8.106058841939046e-07,5.855220297900677e-07,9.797426544579212e-14,1.1142965687568861e-13,-1.3455391429896503e-14,2.8676696301691504e-13,6.030124639787658e-13
low_history,62,8.151866955075082e-07,5.554734188743209e-07,1.246255133835016e-13,1.2860676069994717e-13,-3.981247316445583e-15,2.9588442472613817e-13,5.846310323362763e-13
low_history,63,8.210930901031421e-07,5.896805420476656e-07,1.3819175834026642e-13,1.157637323195837e-13,2.242802602068269e-14,3.0390458816710967e-13,6.156559044486429e-13
low_history,64,8.255409208457465e-07,5.779999994883131e-07,9.429154567622708e-14,1.245409600016709e-13,-3.0249414325443786e-14,2.9643689978908265e-13,6.112529392236544e-13
low_history,65,8.304000261860622e-07,5.755887905953163e-07,1.5742609606571988e-13,1.289652337876365e-13,2.8460862278083354e-14,3.2290909238422314e-13,6.142139936756671e-13
low_history,66,8.363193348126519e-07,6.042951610928255e-07,1.052948015804964e-13,1.1838250211179327e-13,-1.308770053129683e-14,3.0518789904674274e-13,6.418461345575022e-13
low_history,67,8.408486431854545e-07,5.730949549170849e-07,1.311556983323004e-13,1.3676205400887372e-13,-5.606355676573308e-15,3.144033672460814e-13,6.221141614282249e-13
low_history,68,8.467431773795386e-07,6.076708091785048e-07,1.482823334102569e-13,1.2344741420048595e-13,2.4834919209770974e-14,3.239714018526054e-13,6.545499132352395e-13
low_history,69,8.517261447515967e-07,5.969929263923368e-07,9.975011992062083e-14,1.3211101537889192e-13,-3.236089545827109e-14,3.1518403575269933e-13,6.50976512170887e-13
low_history,70,8.563395797744899e-07,5.929850808635188e-07,1.6713147834906397e-13,1.3755867043719663e-13,2.957280791186731e-14,3.4332626353314553e-13,6.529111275097601e-13
low_history,71,8.624481249719373e-07,6.236370212223511e-07,1.1319538962595237e-13,1.2578518971668567e-13,-1.2589800090733288e-14,3.248058080336863e-13,6.831557403970565e-13
low_history,72,8.673166161932144e-07,5.913116048428092e-07,1.3800632122653271e-13,1.4541744404845727e-13,-7.411122821924585e-15,3.3396425819454153e-13,6.620370228562753e-13
low_history,73,8.733939267646651e-07,6.261824395315454e-07,1.5906248629610718e-13,1.3165260045219815e-13,2.740988584390903e-14,3.4539365333489415e-13,6.958850335169745e-13
low_history,74,8.785147155576656e-07,6.165989000712167e-07,1.0558098159363325e-13,1.4013030672191702e-13,-3.4549325128283756e-14,3.3531304522748044e-13,6.932477366488509e-13
low_history,75,8.832546815606968e-07,6.108885810708905e-07,1.7734962591487938e-13,1.4670403413800576e-13,3.064559177687364e-14,3.64657826858517e-13,6.939893794208909e-13
low_history,76,8.895459331081934e-07,6.435329917926786e-07,1.2171811650584416e-13,1.336517590592285e-13,-1.1933642553384347e-14,3.4586859175507277e-13,7.27010929028787e-13
low_history,77,8.947694344341173e-07,6.101065157991236e-07,1.451595660170215e-13,1.5458141262250348e-13,-9.42184660548198e-15,3.5482281728158287e-13,7.04455817351177e-13
low_history,78,9.010203249615323e-07,6.451729155034668e-07,1.7056495639571522e-13,1.4039609826712708e-13,3.016885812858815e-14,3.680047803129214e-13,7.396736777251794e-13
low_history,79,9.058924022031789e-07,6.36825594692325e-07,1.1179684200087576e-13,1.4861296763140832e-13,-3.6816125630532557e-14,3.5674103752549436e-13,7.382079764588186e-13
low_history,80,9.112109599362928e-07,6.293353603777308e-07,1.8810628727175214e-13,1.5643903586409813e-13,3.1667251407654004e-14,3.8721978332493765e-13,7.376314879814356e-13
low_history,81,9.174929131716691e-07,6.640227364458187e-07,1.3091262546884212e-13,1.4202626601062683e-13,-1.1113640541784757e-14,3.6822910298848013e-13,7.736454679094315e-13
low_history,82,9.226700239950425e-07,6.295413762518254e-07,1.5266371843766412e-13,1.6430446223770175e-13,-1.164074380003763e-14,3.7703272441599955e-13,7.496356882377553e-13
low_history,83,9.2933731316025e-07,6.647412825046941e-07,1.8284546541342923e-13,1.4974025186791596e-13,3.3105213545513214e-14,3.9218343245553705e-13,7.86260290829295e-13
low_history,84,9.343550797791256e-07,6.577219021735297e-07,1.1846028693909493e-13,1.576158494096848e-13,-3.915556247058985e-14,3.7935330342792095e-13,7.861006531707853e-13
low_history,85,9.398394106019392e-07,6.483706543360177e-07,1.9944675163353395e-13,1.668113866655324e-13,3.263536496800156e-14,4.1142470940413986e-13,7.840657040119848e-13
low_history,86,9.465189429735954e-07,6.85123930880323e-07,1.4083065937372042e-13,1.5094437112720322e-13,-1.0113711753482805e-14,3.9189271196079134e-13,8.232189946975e-13
low_history,87,9.516329789738265e-07,6.496147878559867e-07,1.6052394403642528e-13,1.746078438176147e-13,-1.408389978118942e-14,4.006199908192729e-13,7.976993806702854e-13
low_history,88,9.582849030964624e-07,6.848439597982666e-07,1.9593936072785228e-13,1.5970672203329852e-13,3.6232638694553776e-14,4.180786052731799e-13,8.356762486974089e-13
low_history,89,9.639102450387238e-07,6.792821746022948e-07,1.2558666135274536e-13,1.671477148814216e-13,-4.156105352867625e-14,4.032914956283867e-13,8.370443744619159e-13
low_history,90,9.691149229495988e-07,6.679749233698219e-07,2.113703700723598e-13,1.7784498403875083e-13,3.352538603360899e-14,4.370262515750507e-13,8.33370294787877e-13
low_history,91,9.75987029999681e-07,7.068422376113845e-07,1.515208461809402e-13,1.6043500835092134e-13,-8.914162169981145e-15,4.1707280143422254e-13,8.758949397388532e-13
low_history,92,9.815118968414804e-07,6.70365380335962e-07,1.687704789991585e-13,1.8553343090576052e-13,-1.6762951906602003e-14,4.2552768850708996e-13,8.488730767308027e-13
low_history,93,9.883551366218768e-07,7.055347146516179e-07,2.09899101108777e-13,1.7034826851573672e-13,3.955083259304027e-14,4.457169427708277e-13,8.881873842338644e-13
low_history,94,9.941568708260462e-07,7.015463842389172e-07,1.3323061883493804e-13,1.772591364581565e-13,-4.4028517623218466e-14,4.290077807437427e-13,8.912970430720925e-13
low_history,95,9.99527608736006e-07,6.882069704397337e-07,2.239269456944691e-13,1.8959429084443637e-13,3.433265485003274e-14,4.63796923420182e-13,8.858210921164724e-13
low_history,96,1.0066402489350423e-06,7.29217292689931e-07,1.630459651022768e-13,1.7055106131322652e-13,-7.505096210949672e-15,4.4416227032008053e-13,9.319287922450587e-13
low_history,97,1.012550137124979e-06,6.918241699790041e-07,1.7743616098003738e-13,1.9712383084187877e-13,-1.968766986184139e-14,4.521926751269171e-13,9.033798553935099e-13
low_history,98,1.019639190774635e-06,7.268338419029488e-07,2.2477918522061132e-13,1.81712494211752e-13,4.3066691008859327e-14,4.749421423629083e-13,9.439847109652585e-13
low_history,99,1.0251472384592564e-06,7.245361754128924e-07,1.414343727263869e-13,1.8798577229933376e-13,-4.655139957294689e-14,4.564517441459325e-13,9.49068635964668e-13
low_history,100,1.0311667029139215e-06,7.090825785085373e-07,2.3714241515332845e-13,2.0210248828605884e-13,3.503992686726961e-14,4.921244305415923e-13,9.416097991038865e-13
low_history,101,1.0382714870638132e-06,7.522627294839555e-07,1.7546888278519253e-13,1.8133216116624662e-13,-5.8632783810540645e-15,4.729387991249189e-13,9.91513979271028e-13
low_history,102,1.0440805164324551e-06,7.14014676111393e-07,1.8654176690257752e-13,2.0941748925299657e-13,-2.287572235041906e-14,4.805658530941597e-13,9.614438300018872e-13
low_history,103,1.0516368436352952e-06,7.487577429846726e-07,2.406339982922631e-13,1.9384814524377395e-13,4.6785853048489226e-14,5.061821358214941e-13,1.0032819985422956e-12
low_history,104,1.0573166179528304e-06,7.482732893202027e-07,1.5024429569920868e-13,1.9936531675204478e-13,-4.91210210528361e-14,4.853786426027809e-13,1.0105891279090288e-12
low_history,105,1.0635234803380023e-06,7.306261501286779e-07,2.510460793497076e-13,2.1541763877982e-13,3.562844056988763e-14,5.224896527758062e-13,1.0009519093496194e-12
low_history,106,1.0710972206673386e-06,7.759914202185749e-07,1.8885318462082574e-13,1.928207984863963e-13,-3.967613865570551e-15,5.034179268234971e-13,1.0548573746722813e-12
low_history,107,1.0768832537644268e-06,7.369526431082847e-07,1.9610822701454466e-13,2.2245010938698446e-13,-2.6341882372439866e-14,5.107112374343946e-13,1.0232615307186787e-12
low_history,108,1.0844276160382194e-06,7.713180261420433e-07,2.575124649370214e-13,2.0680183362056787e-13,5.071063131645355e-14,5.397054756670285e-13,1.0662830177126627e-12
low_history,109,1.090795190311633e-06,7.727731555689834e-07,1.5970857435832009e-13,2.1143632449329526e-13,-5.172775013497515e-14,5.16032592331682e-13,1.0760764260329898e-12
low_history,110,1.0966878181695172e-06,7.528550089975151e-07,2.656661201683833e-13,2.295857947963893e-13,3.608032537199395e-14,5.548345447941827e-13,1.0640642956122084e-12
low_history,111,1.1044389027492496e-06,8.004242141424201e-07,2.0327069542869797e-13,2.0506683826566983e-13,-1.7961428369718706e-15,5.358677310470135e-13,1.1221996417007402e-12
low_history,112,1.110728917369519e-06,7.60669341502869e-07,2.0616715555736735e-13,2.3626909304179854e-13,-3.01019374844312e-14,5.425747475426017e-13,1.0891143059873922e-12
low_history,113,1.118443929970514e-06,7.945396455652797e-07,2.754768011218969e-13,2.2063153943077758e-13,5.4845261691119293e-14,5.754526265849488e-13,1.1332191224047836e-12
low_history,114,1.1250097079473775e-06,7.980608800979226e-07,1.698829272069066e-13,2.242436561849758e-13,-5.436072897806916e-14,5.489529635288408e-13,1.1457929153433025e-12
low_history,115,1.1310879159676102e-06,7.757964467369521e-07,2.8103560625212245e-13,2.4466117813552016e-13,3.637442811660235e-14,5.8886588284177e-13,1.1311938273592408e-12
low_history,116,1.1391469206534222e-06,8.255790504155912e-07,2.187946460628433e-13,2.181212800532913e-13,6.733660095519545e-16,5.707687151004501e-13,1.1937862706649556e-12
low_history,117,1.1458361465210842e-06,7.851885167504158e-07,2.1674828935490204e-13,2.5091900707019414e-13,-3.417071771529208e-14,5.767136197619565e-13,1.1592324753671732e-12
low_history,118,1.1538692379353677e-06,8.184426096693294e-07,2.945880905984578e-13,2.353955547173055e-13,5.919253588115224e-14,6.132317187019493e-13,1.204330631080821e-12
low_history,119,1.1601025221852357e-06,8.241615135385967e-07,1.8082763542294718e-13,2.3783497481692323e-13,-5.700733939397606e-14,5.842472366445843e-13,1.2200185651244374e-12
low_history,120,1.1669102238098805e-06,7.994746845817882e-07,2.9718699649490173e-13,2.606994914474479e-13,3.648750504745381e-14,6.248786001491948e-13,1.2025946146432472e-12
low_history,121,1.1749713546560514e-06,8.514828060309886e-07,2.355157396172148e-13,2.320447546251943e-13,3.470984992020437e-15,6.078574253696946e-13,1.2699024026957861e-12
low_history,122,1.1814970747592302e-06,8.105456801739367e-07,2.278833235776297e-13,2.664528623979173e-13,-3.8569538820287604e-14,6.13014349211532e-13,1.2339401412316702e-12
low_history,123,1.1900529162944817e-06,8.430445938972503e-07,3.1491562336714616e-13,2.511588473014804e-13,6.375677606566571e-14,6.536339459365899e-13,1.2798947547071717e-12
low_history,124,1.196473684378363e-06,8.510961963016028e-07,1.9260719309511014e-13,2.52253952522402e-13,-5.96467594272919e-14,6.217737000539574e-13,1.2990161051729052e-12
low_history,125,1.2034916825609532e-06,8.239083619805699e-07,3.1414147408823023e-13,2.777575342071907e-13,3.63839398810395e-14,6.634746207251741e-13,1.2785300768402566e-12
low_history,126,1.212067085226698e-06,8.781267107274796e-07,2.5350509093002213e-13,2.468773469677738e-13,6.627743962248388e-15,6.471392078139048e-13,1.3507421544276615e-12
low_history,127,1.218611530934277e-06,8.367368020891106e-07,2.395850495698682e-13,2.8289921684187036e-13,-4.331416727200211e-14,6.515321770028318e-13,1.3134114224092794e-12
low_history,128,1.2267467246196428e-06,8.683409967017867e-07,3.365028708092e-13,2.679700129688571e-13,6.853285784034297e-14,6.969879868477333e-13,1.3600987141230817e-12
low_history,129,1.234347911549527e-06,8.78869617008876e-07,2.052799542567719e-13,2.67543210044549e-13,-6.226325578777709e-14,6.612747803335825e-13,1.3830482652852167e-12
low_history,130,1.2410085013514482e-06,8.491142324713485e-07,3.3192989639587756e-13,2.9588628820802575e-13,3.604360818785178e-14,7.045736943105865e-13,1.3592512208949672e-12
low_history,131,1.2497231233754569e-06,9.055412345211601e-07,2.728561528094084e-13,2.6269036704001626e-13,1.0165785769392112e-14,6.889501980063067e-13,1.4366320417625446e-12
low_history,132,1.2568930251311006e-06,8.638054037163132e-07,2.51905298279451e-13,3.0032325492545966e-13,-4.841795664600867e-14,6.922482863838265e-13,1.398023518896566e-12
low_history,133,1.2639508439327152e-06,8.943712931873229e-07,3.594287300570722e-13,2.859080678472617e-13,7.352066220981055e-14,7.431630760374414e-13,1.445273507497383e-12
low_history,134,1.2729874501737903e-06,9.075188911519297e-07,2.189289857941027e-13,2.837667228413961e-13,-6.483773704729334e-14,7.034159143089411e-13,1.4724598352205722e-12
low_history,135,1.2798556269510986e-06,8.751318783862244e-07,3.505950974114922e-13,3.1515859454219233e-13,3.543650286929989e-14,7.477891579573369e-13,1.4451004230382647e-12
low_history,136,1.2889809359317717e-06,9.33755063356236e-07,2.936656956277717e-13,2.795538168177552e-13,1.41118788100165e-14,7.339071565756649e-13,1.5279078899258965e-12
low_history,137,1.2965392530428499e-06,8.91788017717403e-07,2.6489276772604984e-13,3.187881216543677e-13,-5.389535392831786e-14,7.359063717024925e-13,1.488134667253339e-12
low_history,138,1.3035351012491425e-06,9.2116901276136e-07,3.8376914861747217e-13,3.050511328811152e-13,7.871801573635694e-14,7.917253111714077e-13,1.5357790953386814e-12
low_history,139,1.3126802422824824e-06,9.370747484160275e-07,2.3363857629031294e-13,3.009903444613725e-13,-6.735176817105956e-14,7.486280624348111e-13,1.5676238774984267e-12
low_history,140,1.3203789088478413e-06,9.019971560415917e-07,3.701837041687913e-13,3.3564746882692446e-13,3.453623534186684e-14,7.935628822563932e-13,1.5364428156251421e-12
low_history,141,1.3294991802748068e-06,9.627982265120226e-07,3.16038848933495e-13,2.9754518428094135e-13,1.8493664652553688e-14,7.816381914376899e-13,1.6249124199383623e-12
low_history,142,1.3368004217473306e-06,9.207212190428441e-07,2.7859973042870203e-13,3.3836093296785584e-13,-5.97612025391538e-14,7.823302003270649e-13,1.584124136214719e-12
low_history,143,1.3445144438906098e-06,9.487648493501198e-07,4.0960452897021867e-13,3.254825075413103e-13,8.412202142890843e-14,8.432316358461462e-13,1.6319547507700297e-12
low_history,144,1.3537599379831455e-06,9.675689394800698e-07,2.494997613628108e-13,3.1928264744794586e-13,-6.978288608513501e-14,7.966786038191753e-13,1.6689165577460674e-12
low_history,145,1.3616967544927139e-06,9.297463976858965e-07,3.9074158034162706e-13,3.5743092040108915e-13,3.331065994053798e-14,8.426230986025253e-13,1.6336328425280577e-12
low_history,146,1.3714162636069283e-06,9.926863315962952e-07,3.400779172390108e-13,3.167365246150207e-13,2.3341392623990043e-14,8.323137754488497e-13,1.7280000756724e-12
low_history,147,1.3788161964123358e-06,9.506245887398322e-07,2.9306932886103605e-13,3.590985463972906e-13,-6.602921753625457e-14,8.315531449794638e-13,1.6863287853754446e-12
low_history,148,1.3869009460043547e-06,9.771724907374278e-07,4.3700354552652484e-13,3.4727867727781484e-13,8.972486824870999e-14,8.985295089467031e-13,1.7341269896933904e-12
low_history,149,1.3966422207079e-06,9.990161110034313e-07,2.666016406856549e-13,3.387047209087235e-13,-7.210308022306864e-14,8.472959223142744e-13,1.776688182358842e-12
low_history,150,1.404178469832651e-06,9.58399569031117e-07,4.123014277960952e-13,3.805780989351872e-13,3.1723328860908004e-14,8.949033901217781e-13,1.7370352913122456e-12
low_history,151,1.4139736611851195e-06,1.0234440066636052e-06,3.658992254419406e-13,3.3721190886544334e-13,2.868731657649722e-14,8.862822997001615e-13,1.837542885278187e-12
low_history,152,1.4221725423702036e-06,9.815353380356666e-07,3.08359708737993e-13,3.810741829690739e-13,-7.271447423108095e-14,8.836509735195297e-13,1.7951775331959612e-12
low_history,153,1.429935103630653e-06,1.0064245434778998e-06,4.660529908287766e-13,3.7053305058580385e-13,9.551994024297276e-14,9.573431598690802e-13,1.8426957682294364e-12
low_history,154,1.4403152756581328e-06,1.0314487060008674e-06,2.850488188089419e-13,3.5933380213729724e-13,-7.428498332835539e-14,9.013186522474208e-13,1.8913793926490087e-12
low_history,155,1.4480882584988475e-06,9.879952170914923e-07,4.3491334036046924e-13,4.051755719667619e-13,2.9737768393707256e-14,9.499006553218117e-13,1.8470546003652472e-12
low_history,156,1.458435203272046e-06,1.0550971407478694e-06,3.9362463974073175e-13,3.5906030069257227e-13,3.456433904815948e-14,9.442780817060392e-13,1.953952527728208e-12
low_history,157,1.4669867621774912e-06,1.0134863684005977e-06,3.2453082568193933e-13,4.043615000542498e-13,-7.983067437231047e-14,9.395704609727007e-13,1.911109297039731e-12
low_history,158,1.4749022728133276e-06,1.0365483199792328e-06,4.968375883342481e-13,3.9534050141102275e-13,1.014970869232253e-13,1.0190867144271739e-12,1.9580455269596757e-12
low_history,159,1.48527223700623e-06,1.0648961087946923e-06,3.049543504318395e-13,3.8124974834213e-13,-7.629539791029051e-14,9.593389306380736e-13,2.0134156591794208e-12
low_history,160,1.4939830257632014e-06,1.0185669162062056e-06,4.586231559861397e-13,4.313104023789033e-13,2.7312753607236457e-14,1.0082173422323639e-12,1.964128652681248e-12
low_history,161,1.5043376223600191e-06,1.087681210818569e-06,4.233914197785554e-13,3.8238388459057405e-13,4.10075351879813e-14,1.005823119474079e-12,2.077691710879311e-12
low_history,162,1.5125056728182429e-06,1.0465260748622298e-06,3.416566421028291e-13,4.290503461663353e-13,-8.739370406350629e-14,9.990559151217264e-13,2.0346274699551857e-12
low_history,163,1.5213270829761427e-06,1.0675877705829576e-06,5.294617112336717e-13,4.2181450070238587e-13,1.076472105312859e-13,1.0845810244847466e-12,2.0806903474150762e-12
low_history,164,1.5317177207152533e-06,1.0994007570808015e-06,3.2644431151278986e-13,4.0454690922418147e-13,-7.810259771139164e-14,1.0209781589944373e-12,2.1433245102816542e-12
low_history,165,1.540697479790465e-06,1.0501643226327479e-06,4.834943432753739e-13,4.590874067830559e-13,2.4406936492317908e-14,1.0707026218523447e-12,2.088775667268325e-12
low_history,166,1.5517184975832876e-06,1.1212055675532884e-06,4.553216610384493e-13,4.072707491181631e-13,4.805091192028622e-14,1.0712813866458668e-12,2.209147978420836e-12
low_history,167,1.560091190649926e-06,1.0806590870279013e-06,3.5979003425247346e-13,4.552000441393357e-13,-9.54100098868622e-14,1.0620065694076466e-12,2.166118216472631e-12
low_history,168,1.5692386828303206e-06,1.0995429482583999e-06,5.63987956811188e-13,4.5003850702784433e-13,1.1394944978334355e-13,1.154877495285817e-12,2.2109591590259154e-12
low_history,169,1.5802847220525162e-06,1.1349611597438505e-06,3.496292920677509e-13,4.292935634275239e-13,-7.966427135977305e-14,1.0859070851618479e-12,2.2814838355317935e-12
low_history,170,1.5888118618800906e-06,1.0827947073118564e-06,5.095532043166439e-13,4.885789020313302e-13,2.0974302285313644e-14,1.1372879969979618e-12,2.2213676722766558e-12
low_history,171,1.599820831671428e-06,1.1556975834844239e-06,4.895603338716217e-13,4.3383004931176903e-13,5.5730284559852595e-14,1.1410013569809797e-12,2.3488140349186806e-12
low_history,172,1.6091963433439993e-06,1.1159352901516463e-06,3.790168750740584e-13,4.829097482681681e-13,-1.038928731941097e-13,1.1286934924256347e-12,2.3061559563308935e-12
low_history,173,1.6178803175781464e-06,1.1324594854596681e-06,6.005267524981335e-13,4.801379856559414e-13,1.2038876684219205e-13,1.229521366066741e-12,2.3493839723906387e-12
low_history,174,1.6296511414493065e-06,1.1716224489644839e-06,3.7465632399626165e-13,4.555966190668689e-13,-8.094029507060725e-14,1.1552208359897317e-12,2.4284749504638497e-12
low_history,175,1.6384533859936656e-06,1.1165094018924775e-06,5.368669597663049e-13,5.198998072652193e-13,1.696715250108561e-14,1.2073447971911494e-12,2.3624780530757907e-12
low_history,176,1.6501759128040305e-06,1.191189161348776e-06,5.262626900898795e-13,4.621793235031125e-13,6.408336658676694e-14,1.215878236167688e-12,2.49720499627309e-12
low_history,177,1.6598515314714124e-06,1.1523910026180538e-06,3.9942124492233095e-13,5.122728968529607e-13,-1.1285165193062959e-13,1.2003382049304548e-12,2.4552944218832496e-12
low_history,178,1.6688075789028645e-06,1.1663695593748038e-06,6.391779586273263e-13,5.122337733719085e-13,1.2694418525541767e-13,1.30775739152718e-12,2.4965074865902277e-12
low_history,179,1.6805664779517837e-06,1.2094151909335786e-06,4.016739419366396e-13,4.835589415428812e-13,-8.188499960624163e-14,1.2297323607182925e-12,2.5848488291130255e-12
low_history,180,1.6904223062164103e-06,1.151347295734259e-06,5.654939101621953e-13,5.531591919282457e-13,1.23347182339496e-14,1.2817342952906664e-12,2.5126750231888918e-12
low_history,181,1.702153446608845e-06,1.227716743763751e-06,5.655961789448313e-13,4.924478777851937e-13,7.314830115963758e-14,1.2952845536595023e-12,2.6549097633927794e-12
low_history,182,1.7113389795542222e-06,1.1900728111776478e-06,4.2110209696817035e-13,5.433976432712716e-13,-1.2229554630310116e-13,1.2765421122715151e-12,2.6141566482245743e-12
low_history,183,1.7213766463075597e-06,1.2013165592327764e-06,6.800564408260338e-13,5.464627736320589e-13,1.335936671939748e-13,1.390723701155699e-12,2.652897225568327e-12
low_history,184,1.7331121912600445e-06,1.2483806282767212e-06,4.308480630481499e-13,5.132989690857372e-13,-8.245090603758726e-14,1.3088304554352839e-12,2.751244711692878e-12
low_history,185,1.7432137016659688e-06,1.1873578849952846e-06,5.95506023734166e-13,5.884816301887183e-13,7.024393545447664e-15,1.3613761456583951e-12,2.672577135443965e-12
low_history,186,1.7557106778698373e-06,1.265295760166807e-06,6.077185537100213e-13,5.247551601537545e-13,8.296339355626676e-14,1.3798445819754395e-12,2.822436556382809e-12
low_history,187,1.765183238855439e-06,1.2290005140422436e-06,4.441449712999461e-13,5.763721207828312e-13,-1.3222714948288504e-13,1.3571127885895353e-12,2.78330636661116e-12
low_history,188,1.7755329951851806e-06,1.237315996211113e-06,7.23249063935277e-13,5.829447170011009e-13,1.4030434693417618e-13,1.4797425086880865e-12,2.8190748562306055e-12
low_history,189,1.7880583399187966e-06,1.2885316314730468e-06,4.623380270465821e-13,5.449183342681019e-13,-8.25803072215198e-14,1.3922437999773688e-12,2.928207366022944e-12
low_history,190,1.7977065981389373e-06,1.224563648865991e-06,6.269484325525744e-13,6.259706228148436e-13,9.778097377307843e-16,1.4462155104717137e-12,2.842744328409951e-12
low_history,191,1.8101812620241464e-06,1.303959695863551e-06,6.528109554770949e-13,5.592441615081358e-13,9.356679396895915e-14,1.4700280932915392e-12,3.000416340502516e-12
low_history,192,1.8207986220708516e-06,1.2692220949141338e-06,4.686659999223907e-13,6.113165947466223e-13,-1.4265059482423144e-13,1.4425103356382389e-12,2.9634407419361104e-12
low_history,193,1.8306243169952108e-06,1.2744134136531294e-06,7.688781142616139e-13,6.218317946176887e-13,1.470463196439251e-13,1.574153445089594e-12,2.995700995755692e-12
low_history,194,1.8438579989510373e-06,1.3299102899222811e-06,4.963336403056612e-13,5.785503975007001e-13,-8.221675719503893e-14,1.4812677113874099e-12,3.1164356809451223e-12
low_history,195,1.8539305572939924e-06,1.2630163586764084e-06,6.599002469909212e-13,6.657637261790846e-13,-5.863479188163373e-15,1.5355379487845613e-12,3.023880317985378e-12
low_history,196,1.867108808978335e-06,1.3437420493033163e-06,7.010641740532274e-13,5.960654209899034e-13,1.0499875306332395e-13,1.5667546436892972e-12,3.1895097329305283e-12
low_history,197,1.878056169940523e-06,1.3107777989050112e-06,4.947829982887451e-13,6.48350296066795e-13,-1.5356729777804985e-13,1.5342371562528926e-12,3.1552624557286747e-12
low_history,198,1.8881894155720058e-06,1.3126464233348437e-06,8.170600173336079e-13,6.632772787604089e-13,1.5378273857319903e-13,1.673011014093132e-12,3.1834359165324547e-12
low_history,199,1.9015229411056822e-06,1.3725505336383825e-06,5.330325632194938e-13,6.143299450167227e-13,-8.129738179722884e-14,1.576965666852717e-12,3.316647853527828e-12
low_history,200,1.9126743071029573e-06,1.3027601478307206e-06,6.944355439534131e-13,7.0799726572895e-13,-1.3561721775536914e-14,1.630573448996326e-12,3.2167019220796236e-12
low_history,201,1.925977242162036e-06,1.3846841897429737e-06,7.526857758263886e-13,6.353865083227382e-13,1.1729926750365043e-13,1.6692529398580373e-12,3.390445619217795e-12
low_history,202,1.9363705220654115e-06,1.3537195394721322e-06,5.22634026905306e-13,6.876113159697923e-13,-1.6497728906448638e-13,1.6318836863515702e-12,3.35959693467238e-12
low_history,203,1.9477278888624383e-06,1.3520653858306696e-06,8.679301319048385e-13,7.07454970486941e-13,1.6047516141789743e-13,1.7777622369031193e-12,3.3830481549341513e-12
low_history,204,1.9610363362065897e-06,1.416498369034304e-06,5.726553064275156e-13,6.524116704173575e-13,-7.975636398984184e-14,1.678577721320766e-12,3.5296400033250535e-12
low_history,205,1.9723452179820633e-06,1.343851397900664e-06,7.3064600178123e-13,7.528276673091589e-13,-2.218166552792881e-14,1.7321746052363973e-12,3.4220314642683806e-12
low_history,206,1.986514224144864e-06,1.4268032522066275e-06,8.078687000017248e-13,6.773619202442482e-13,1.3050677975747648e-13,1.7784996455125623e-12,3.603885306122463e-12
low_history,207,1.997232623840439e-06,1.3980684399739398e-06,5.52342299412145e-13,7.292125632631386e-13,-1.7687026385099375e-13,1.735036639126416e-12,3.5771196219054985e-12
low_history,208,2.008942714876172e-06,1.3926888193190233e-06,9.215864854264629e-13,7.545151906962285e-13,1.6707129473023435e-13,1.8900833522934106e-12,3.5951890188159117e-12
low_history,209,2.023145322188613e-06,1.4617669883013674e-06,6.154122477149619e-13,6.929290231017399e-13,-7.75167753867781e-14,1.7858538246429152e-12,3.75610653691183e-12
low_history,210,2.034061789668584e-06,1.3863154597659868e-06,7.685908762412694e-13,8.003834666639743e-13,-3.179259042270498e-14,1.8403327744908833e-12,3.640577832296566e-12
low_history,211,2.048207692451065e-06,1.4701384224010817e-06,8.668374325295813e-13,7.221774883441762e-13,1.4465994418540508e-13,1.895214025394572e-12,3.830635601681061e-12
low_history,212,2.060220754634967e-06,1.4438780639336537e-06,5.840689693814856e-13,7.733081292234421e-13,-1.8923915984195656e-13,1.8443668114602533e-12,3.808758346670039e-12
low_history,213,2.0713383649395567e-06,1.4345697590205809e-06,9.781728030977808e-13,8.046510599197591e-13,1.7352174317802192e-13,2.009119175829544e-12,3.820699450400425e-12
low_history,214,2.0862159780810074e-06,1.508403648991814e-06,6.61554430439237e-13,7.360566610779449e-13,-7.450223063870807e-14,1.9002759685646465e-12,3.996943907662076e-12
low_history,215,2.097740773615575e-06,1.4302113503505986e-06,8.083726429620773e-13,8.508375260805161e-13,-4.246488311843876e-14,1.9543207363629333e-12,3.873251960707984e-12
low_history,216,2.1125548097244984e-06,1.5147274584042117e-06,9.298252695207316e-13,7.700276348785056e-13,1.597976346422261e-13,2.0202043935828555e-12,4.071516415940967e-12
low_history,217,2.1249408635459766e-06,1.4911927832277858e-06,6.179801506114146e-13,8.200508187683232e-13,-2.0207066815690862e-13,1.9617932825244102e-12,4.055404735283293e-12
low_history,218,2.136406230424104e-06,1.4777521093974404e-06,1.037824650374933e-12,8.58056113855109e-13,1.797685365198239e-13,2.1336440719084994e-12,4.060448319880876e-12
low_history,219,2.1515252461301593e-06,1.5564457833801651e-06,7.113421201783644e-13,7.819709359468257e-13,-7.062881576846136e-14,2.0232961167406907e-12,4.253050292898511e-12
low_history,220,2.1641420938356415e-06,1.4755888784640023e-06,8.500877599920515e-13,9.043603281231131e-13,-5.4272568131061525e-14,2.0758400805320787e-12,4.120985816221757e-12
low_history,221,2.179242087035904e-06,1.560624512463236e-06,9.970970005451063e-13,8.21136869355946e-13,1.7596013118916034e-13,2.152580165864368e-12,4.3275262600448255e-12
low_history,222,2.1910019841753225e-06,1.540080957267869e-06,6.542763375889618e-13,8.696294377144164e-13,-2.1535310012545462e-13,2.0869304054981198e-12,4.318161425395185e-12
low_history,223,2.2038524238876533e-06,1.5223041733998375e-06,1.1007155603815291e-12,9.149625070933478e-13,1.8575305328818158e-13,2.265528544571536e-12,4.315472065273422e-12
low_history,224,2.218944765375319e-06,1.6059556595652392e-06,7.650759590036663e-13,8.30885326900951e-13,-6.580936789728462e-14,2.153979075646685e-12,4.525520055316836e-12
low_history,225,2.23160382531451e-06,1.522522510067851e-06,8.938681630944613e-13,9.61161465749273e-13,-6.729330265481199e-14,2.2055963852553264e-12,4.384876864641417e-12
low_history,226,2.247669264959784e-06,1.6078401580403256e-06,1.0688744485472495e-12,8.756937159867575e-13,1.931807325604918e-13,2.29378025071789e-12,4.5994409109508375e-12
low_history,227,2.2597966778115097e-06,1.5905442766575573e-06,6.931157501983858e-13,9.2216676641542e-13,-2.290510162170343e-13,2.218976540754191e-12,4.597815572025967e-12
low_history,228,2.2730458025255196e-06,1.5682283455536528e-06,1.1669275898523387e-12,9.755349095512623e-13,1.9139268030107648e-13,2.406840949886092e-12,4.586496469021179e-12
low_history,229,2.2891504704858345e-06,1.6569256143366318e-06,8.230105438630867e-13,8.829535089995569e-13,-5.994296513647025e-14,2.2920738395136857e-12,4.815099664745719e-12
low_history,230,2.301502029983249e-06,1.5710202925224063e-06,9.397717893198575e-13,1.0213759245360752e-12,-8.160413521621745e-14,2.343599894363027e-12,4.665721915100478e-12
low_history,231,2.317542976859599e-06,1.6564183712825767e-06,1.1454301005488717e-12,9.339381644850795e-13,2.1149193606379224e-13,2.4448723231704425e-12,4.888269913073942e-12
low_history,232,2.3311353153920855e-06,1.6426526057580224e-06,7.347305179052341e-13,9.778720156003243e-13,-2.4314149769509027e-13,2.358921044618677e-12,4.8955573894244005e-12
low_history,233,2.3437147361193844e-06,1.615595968908644e-06,1.236643485015191e-12,1.0400290014493618e-12,1.9661448356582922e-13,2.556503351662319e-12,4.874668646653006e-12
low_history,234,2.360439850662699e-06,1.7094191308629705e-06,8.854843519659083e-13,9.384145792771547e-13,-5.293022731124634e-14,2.4392790112296973e-12,5.122993816603807e-12
low_history,235,2.373624730295232e-06,1.621160086286837e-06,9.87945772559896e-13,1.0852342139021295e-12,-9.728844134223359e-14,2.4891882147641864e-12,4.964777036691706e-12
low_history,236,2.390276887503928e-06,1.7064059633157752e-06,1.227052935521688e-12,9.96124179691251e-13,2.3092875583043707e-13,2.6064284843580374e-12,5.19510762910984e-12
low_history,237,2.4042905831245243e-06,1.6964546860494667e-06,7.793521496933643e-13,1.0369418537406796e-12,-2.5758970404731516e-13,2.5092140663625052e-12,5.212569851254301e-12
low_history,238,2.417263196996533e-06,1.6644578934093805e-06,1.3100206940467552e-12,1.1086881586322345e-12,2.0133253541452077e-13,2.7129284595387303e-12,5.1810902014495494e-12
low_history,239,2.4344066192338865e-06,1.763477614929839e-06,9.52836628198409e-13,9.974993127979504e-13,-4.4662684599541304e-14,2.597569635588633e-12,5.450344454573571e-12
low_history,240,2.448682370009836e-06,1.672994882641704e-06,1.0385181930536333e-12,1.1529466369866225e-12,-1.1442844393298906e-13,2.644698815308632e-12,5.283208997960234e-12
low_history,241,2.465794424505452e-06,1.7578616187234521e-06,1.3140588420563048e-12,1.062536557828612e-12,2.515222842276927e-13,2.77739489164024e-12,5.5211784074934526e-12
low_history,242,2.479100450952787e-06,1.7520198416607784e-06,8.272503690315813e-13,1.0996097488108815e-12,-2.723593797793003e-13,2.6694799105482253e-12,5.550186259514497e-12
low_history,243,2.4936402444608596e-06,1.7148855120751528e-06,1.3872523844953671e-12,1.181796162639272e-12,2.054562218560954e-13,2.8784716984671403e-12,5.507066162649382e-12
low_history,244,2.5107550533087775e-06,1.8191633125851107e-06,1.0254520517584432e-12,1.0604775343345209e-12,-3.5025482576078004e-14,2.7657363342557045e-12,5.798481087966488e-12
low_history,245,2.524923719909866e-06,1.7266044606504377e-06,1.0916538945367381e-12,1.2247694304339079e-12,-1.331155358971699e-13,2.810480730270142e-12,5.622424196333842e-12
low_history,246,2.5431394420349918e-06,1.8108017141065031e-06,1.4067230724023415e-12,1.1334241729065258e-12,2.7329889949581577e-13,2.9599024006829367e-12,5.867506963389123e-12
low_history,247,2.556861002978028e-06,1.80936209283606e-06,8.786636737965501e-13,1.1660538177866828e-12,-2.873901439901328e-13,2.8384564240021616e-12,5.909501666480208e-12
low_history,248,2.5718513710359936e-06,1.7668977486193309e-06,1.4684515648894123e-12,1.2595769524358391e-12,2.08874612453573e-13,3.0558091527521894e-12,5.853603316349368e-12
low_history,249,2.590112115424814e-06,1.8764816290505485e-06,1.1036733519291942e-12,1.1275694620654253e-12,-2.389611013623105e-14,2.9436646253857346e-12,6.168465669240896e-12
low_history,250,2.6040873354893357e-06,1.7820110903290952e-06,1.147459959999216e-12,1.3008907408310217e-12,-1.5343078083180583e-13,2.986694937834511e-12,5.9835228559341375e-12
low_history,251,2.622277124497696e-06,1.8652806541673437e-06,1.5053751167865152e-12,1.2090977461996831e-12,2.962773705868319e-13,3.1555166165743043e-12,6.235417979051698e-12
low_history,252,2.637656219300899e-06,1.8685523607954708e-06,9.339047552399899e-13,1.2365347199800227e-12,-3.0262996474003264e-13,3.0175208586423636e-12,6.29200970138829e-12
low_history,253,2.6518896171223716e-06,1.8205693940296844e-06,1.5538229260913457e-12,1.3423436560868887e-12,2.1147927000445684e-13,3.2445870422892444e-12,6.222158399282131e-12
low_history,254,2.6706904547868504e-06,1.9354963789451864e-06,1.187932731860467e-12,1.199078860876535e-12,-1.1146129016068156e-14,3.1332172038582877e-12,6.561768037140263e-12
low_history,255,2.6857724047812948e-06,1.8392940827378153e-06,1.2061222004763393e-12,1.3815890132444515e-12,-1.754668127681122e-13,3.1727749182652235e-12,6.368055841098004e-12
low_history,256,2.7044899651440524e-06,1.9213491617662303e-06,1.6103605748515588e-12,1.2898810245929903e-12,3.204795502585686e-13,3.364354953788329e-12,6.626274753189059e-12
low_history,257,2.720345693318915e-06,1.9296446724291136e-06,9.932946792852828e-13,1.3113072051988685e-12,-3.180125259135858e-13,3.209801005896484e-12,6.699205027844878e-12
low_history,258,2.7350232354450554e-06,1.875959899556356e-06,1.6435509423944896e-12,1.4304027867667739e-12,2.1314815562771555e-13,3.443312186760656e-12,6.6141491869375e-12
low_history,259,2.7544618698693846e-06,1.9962540993575774e-06,1.2786686439859618e-12,1.275308289745939e-12,3.3603542400228315e-15,3.3370729883341484e-12,6.979843894027937e-12
low_history,260,2.770613983404946e-06,1.8985168651152276e-06,1.2678191846831046e-12,1.4671334862066627e-12,-1.9931430152355834e-13,3.3719269690531397e-12,6.777561948520752e-12
low_history,261,2.7900169614902826e-06,1.9790739316865988e-06,1.7220610824968032e-12,1.376138607154399e-12,3.4592247534240407e-13,3.5851918180002064e-12,7.041641941728454e-12
low_history,262,2.805072351341753e-06,1.9927146994797566e-06,1.0572025664598283e-12,1.3906718453034377e-12,-3.334692788436092e-13,3.4157876547445935e-12,7.132801250953196e-12
low_history,263,2.8215233166539733e-06,1.933150149042187e-06,1.7378633221724098e-12,1.5241090070872997e-12,2.137543150851101e-13,3.653655147760712e-12,7.031221705625901e-12
low_history,264,2.8409317033017967e-06,2.0588230459053877e-06,1.3763739873786014e-12,1.3566080447980248e-12,1.976594258057649e-14,3.5536937182660116e-12,7.42438133056496e-12
low_history,265,2.856788421629064e-06,1.959764381158884e-06,1.3327720238180893e-12,1.5578411023828563e-12,-2.2506907856476685e-13,3.583906043163994e-12,7.213807880928524e-12
low_history,266,2.877441830112515e-06,2.038475099896821e-06,1.8408029508667157e-12,1.4681906257114068e-12,3.7261232515530906e-13,3.821106620348686e-12,7.48283595197051e-12
low_history,267,2.8929668166033373e-06,2.0577787302314676e-06,1.125962726860708e-12,1.4748623307844174e-12,-3.4889960392370935e-13,3.634957503322534e-12,7.594181667227156e-12
low_history,268,2.909927031335968e-06,1.992164873645408e-06,1.836889459662053e-12,1.6237453634821247e-12,2.1314409617992833e-13,3.879043052987766e-12,7.47471718751062e-12
low_history,269,2.9306326740641264e-06,2.123210775166692e-06,1.4814923899901046e-12,1.4432701518864246e-12,3.8222238103679794e-14,3.7831464546366075e-12,7.896729164289324e-12
low_history,270,2.946444894041944e-06,2.0230640765237047e-06,1.4011356454310529e-12,1.653951345633896e-12,-2.5281570020284284e-13,3.809054488665685e-12,7.678242789679241e-12
low_history,271,2.9661767730615463e-06,2.099616123346413e-06,1.9669824625947025e-12,1.5664364011306958e-12,4.0054606146400666e-13,4.074348341250117e-12,7.951543150627479e-12
low_history,272,2.9844717893412476e-06,2.1249146220032167e-06,1.2000028527987444e-12,1.5642156190113702e-12,-3.642127662126259e-13,3.865845080109482e-12,8.085273996210448e-12
low_history,273,3.0005764635188115e-06,2.0530895363914775e-06,1.940872343212611e-12,1.7297042049574982e-12,2.1116813825511307e-13,4.119231079792995e-12,7.94648922233712e-12
low_history,274,3.021710068412675e-06,2.18948816174729e-06,1.594576431026531e-12,1.535690266365238e-12,5.888616466129263e-14,4.0274562451586506e-12,8.398756845275415e-12
low_history,275,3.0389598150992736e-06,2.0885042958273284e-06,1.4731652218204881e-12,1.7558147043072466e-12,-2.826494824867585e-13,4.0470692793409974e-12,8.172856801263005e-12
low_history,276,3.056173899396164e-06,2.162555367752126e-06,2.101011749110774e-12,1.6712899909540046e-12,4.2972175815676937e-13,4.3442906549474955e-12,8.449517483204411e-12
low_history,277,3.0779372975908714e-06,2.1941817185414104e-06,1.2797632185155036e-12,1.6590622364719574e-12,-3.7929901795645384e-13,4.112215691233953e-12,8.607964582675658e-12
low_history,278,3.094543971710051e-06,2.115992422224159e-06,2.0500292933229746e-12,1.842369226087816e-12,2.0766006723515857e-13,4.371905055662136e-12,8.448365885408682e-12
low_history,279,3.1165849722902816e-06,2.2577069986860228e-06,1.7161861257480463e-12,1.6342633200376444e-12,8.192280571040226e-14,4.290277822354677e-12,8.932316928899416e-12
low_history,280,3.13486016320641e-06,2.156155919289265e-06,1.5491091034419564e-12,1.8637704832700154e-12,-3.1466137982805874e-13,4.302220024691792e-12,8.69961142461991e-12
low_history,281,3.1518094942284414e-06,2.227371648394697e-06,2.2433510153857176e-12,1.7832205189009021e-12,4.601304964848154e-13,4.628377893840608e-12,8.978772866684795e-12
low_history,282,3.173899542296965e-06,2.2656664715670816e-06,1.3657506012547448e-12,1.7597956952679756e-12,-3.940450940132309e-13,4.376543980347938e-12,9.164460081081667e-12
low_history,283,3.1925129632404126e-06,2.180969487878939e-06,2.1646384177878056e-12,1.9621913406441964e-12,2.0244707714360952e-13,4.639534864053712e-12,8.982508318935972e-12
low_history,284,3.2145217365442402e-06,2.327947034699003e-06,1.8469556521158355e-12,1.7394508286437941e-12,1.0750482347204152e-13,4.5694862069498115e-12,9.499583314593085e-12
low_history,285,3.23226579662661e-06,2.2261163484352485e-06,1.6292744388186163e-12,1.9782232304293905e-12,-3.489487916107739e-13,4.5735742694048214e-12,9.260807786602857e-12
low_history,286,3.2508254174945517e-06,2.294086146024567e-06,2.3943798275623168e-12,1.902634332225078e-12,4.917454953372383e-13,4.929459366547702e-12,9.540963257543516e-12
low_history,287,3.273248512597471e-06,2.3393807377152536e-06,1.4584195817824124e-12,1.8667144598804296e-12,-4.082948780980168e-13,4.657416600823882e-12,9.756495473496771e-12
low_history,288,3.292437565305395e-06,2.2480451163802116e-06,2.2848393431553294e-12,2.089514219491967e-12,1.953251236633624e-13,4.926318116809358e-12,9.550597028205333e-12
low_history,289,3.315915017926274e-06,2.400211115234909e-06,1.987438712131351e-12,1.851627766077277e-12,1.358109460540741e-13,4.865624668020246e-12,1.0102207545302991e-11
low_history,290,3.3338056019960316e-06,2.298411312248709e-06,1.7138811732199845e-12,2.0994669469618193e-12,-3.855857737418344e-13,4.861471774824066e-12,9.858274652094644e-12
low_history,291,3.353354069729475e-06,2.362773348242951e-06,2.5545675150459358e-12,2.0300407885157283e-12,5.245267265302077e-13,5.252630073851814e-12,1.0138269106217756e-11
low_history,292,3.3768820565938107e-06,2.4154132294039515e-06,1.5583540687830293e-12,1.9802597165620713e-12,-4.219056477790417e-13,4.953349239124296e-12,1.0386534282750457e-11
low_history,293,3.3951037956281294e-06,2.3173195700992594e-06,2.4109290611083066e-12,2.2248341800240974e-12,1.8609488108420967e-13,5.2319898651573126e-12,1.0155034508258873e-11
low_history,294,3.4188590925243734e-06,2.474581487244508e-06,2.1383411480833024e-12,1.9713134042976334e-12,1.6702774378566914e-13,5.1810116507727e-12,1.0742611769087518e-11
low_history,295,3.438585114562409e-06,2.3731416545429785e-06,1.803285117019005e-12,2.227948545022006e-12,-4.2466342800300085e-13,5.166065591500522e-12,1.0494575532954926e-11
low_history,296,3.4574504786943905e-06,2.4335014223998368e-06,2.7244046651141555e-12,2.1659699425025422e-12,5.584347226116132e-13,5.5964667024958975e-12,1.077293533882967e-11
low_history,297,3.482527585807471e-06,2.493829289542761e-06,1.6661528628459616e-12,2.100861907740958e-12,-4.347090448949965e-13,5.269191642263082e-12,1.1056970039351094e-11
low_history,298,3.5013168388497995e-06,2.388871588873349e-06,2.543169105041655e-12,2.368632001286489e-12,1.7453710375516585e-13,5.5535475778209506e-12,1.0798192223060375e-11
low_history,299,3.5263080435943284e-06,2.551116464501665e-06,2.3003711031424216e-12,2.099023013108264e-12,2.0134809003415765e-13,5.520056027965994e-12,1.1423129178247172e-11
low_history,300,3.546985058944241e-06,2.4503863080912858e-06,1.897835064195719e-12,2.3640975133248184e-12,-4.662624491290996e-13,5.492871088930517e-12,1.1172238082908403e-11
low_history,301,3.56613331578548e-06,2.50634484239705e-06,2.9044056789030857e-12,2.3109913787006756e-12,5.934143002024101e-13,5.957603007806993e-12,1.1447381345119567e-11
low_history,302,3.591181411161104e-06,2.574703984583076e-06,1.7824729263719211e-12,2.2289949494894844e-12,-4.4652202311756327e-13,5.608300815853994e-12,1.1770439695377046e-11
low_history,303,3.612240882966411e-06,2.462790937562215e-06,2.6818506224183454e-12,2.5214328871742897e-12,1.604177352440557e-13,5.894410340697927e-12,1.1482654027065281e-11
low_history,304,3.637198123351837e-06,2.629884381821285e-06,2.474295455363971e-12,2.2353211639436015e-12,2.389742914203688e-13,5.8799097014856054e-12,1.2146325008590408e-11
low_history,305,3.657051291572344e-06,2.5302340935437687e-06,1.9979221141673813e-12,2.508384679704867e-12,-5.104625655374853e-13,5.8403774315454785e-12,1.1894017861710601e-11
low_history,306,3.6782741499041816e-06,2.5813577679476132e-06,3.095060786152004e-12,2.46567012470037e-12,6.293906614516335e-13,6.340325956681891e-12,1.2163992380641593e-11
low_history,307,3.7034752982390007e-06,2.658090227232644e-06,1.9079882725031336e-12,2.365124250582626e-12,-4.57135978079493e-13,5.9684972614767375e-12,1.2529506762687967e-11
low_history,308,3.7251858166775786e-06,2.539146148091817e-06,2.8272303849015564e-12,2.6837429138696218e-12,1.434874710319345e-13,6.2595614085739565e-12,1.2210955848952515e-11
low_history,309,3.751805575352707e-06,2.710931234643523e-06,2.6608770776497525e-12,2.3807689861468464e-12,2.801080915029053e-13,6.262381451447938e-12,1.2914710363933478e-11
low_history,310,3.77204746976334e-06,2.6127525991374636e-06,2.1039366171325035e-12,2.661263940359808e-12,-5.573273232273044e-13,6.2085530620547514e-12,1.2662638708459206e-11
low_history,311,3.794164917969578e-06,2.6586195928379525e-06,3.2969202732437035e-12,2.630643922710857e-12,6.662763505328469e-13,6.75114222771922e-12,1.2925497111550061e-11
low_history,312,3.8208432138753246e-06,2.7440659178425446e-06,2.0434586814199675e-12,2.5097881429975882e-12,-4.663294615776208e-13,6.3480845363810516e-12,1.333712884783828e-11
low_history,313,3.841460268577679e-06,2.618032522106334e-06,2.9796287528315568e-12,2.856146763940804e-12,1.2348198889075272e-13,6.648853214146033e-12,1.2986017713192741e-11
low_history,314,3.868160406067522e-06,2.7943287777678296e-06,2.8609702748695335e-12,2.5360073711545237e-12,3.249629037150095e-13,6.669796865418047e-12,1.3731144585749433e-11
low_history,315,3.890715752047358e-06,2.698034741405735e-06,2.2163405029136016e-12,2.8232632072678965e-12,-6.06922704354295e-13,6.598426603906374e-12,1.3481210281992445e-11
low_history,316,3.9118222646405965e-06,2.7382053019409265e-06,3.510548328099647e-12,2.806579528052952e-12,7.039688000466946e-13,7.18752126436814e-12,1.373473763983006e-11
low_history,317,3.940254312884139e-06,2.832703260649253e-06,2.1896906671263732e-12,2.6635490031328284e-12,-4.73858336006455e-13,6.7532836442115134e-12,1.4196373200525829e-11
low_history,318,3.961512594824468e-06,2.699540167973725e-06,3.139366653215284e-12,3.039245721217265e-12,1.0012093199801963e-13,7.058445667633293e-12,1.3810906869483808e-11
low_history,319,3.989848496976922e-06,2.880143246298109e-06,3.075463239270501e-12,2.7017075037653596e-12,3.7375573550514225e-13,7.107454995100377e-12,1.4598623207466207e-11
low_history,320,4.013242720202204e-06,2.7861681633630353e-06,2.3356248906921123e-12,2.994928161330015e-12,-6.593032706379022e-13,7.0171153944608966e-12,1.4352958090507636e-11
low_history,321,4.034946053221855e-06,2.820223052522963e-06,3.736599858278062e-12,2.9942445842215833e-12,7.42355274056478e-13,7.645143944316171e-12,1.4595052909509686e-11
low_history,322,4.0633481079577205e-06,2.924113081839773e-06,2.347609848545078e-12,2.8270803712830703e-12,-4.794705227379924e-13,7.18891848814978e-12,1.5110864940278848e-11
low_history,323,4.087175739131421e-06,2.783798151333391e-06,3.3068715921215426e-12,3.2337588863699524e-12,7.31127057515909e-14,7.493250113275987e-12,1.4689227405178635e-11
low_history,324,4.115476294253018e-06,2.9684806787704955e-06,3.305374179280364e-12,2.8786580639136233e-12,4.267161153667407e-13,7.571813295917105e-12,1.552070101150115e-11
low_history,325,4.137687559524483e-06,2.8772789896935517e-06,2.462389117345306e-12,3.176919885612702e-12,-7.145307682673961e-13,7.462505537544327e-12,1.5281742744938547e-11
low_history,326,4.161951965342414e-06,2.9047000478851217e-06,3.9755715071102756e-12,3.1942861790064343e-12,7.812853281038405e-13,8.130001641767824e-12,1.5509124695336e-11
low_history,327,4.190293531575184e-06,3.0182982909797566e-06,2.5180361238914986e-12,3.000884536482231e-12,-4.828484125907318e-13,7.651223285467913e-12,1.6083303081332357e-11
low_history,328,4.214838190547132e-06,2.8708328929171893e-06,3.4823332906883205e-12,3.440199408764938e-12,4.2133881923382264e-14,7.958672045176944e-12,1.5623708331221294e-11
low_history,329,4.2450208404543055e-06,3.059336733407743e-06,3.5515365917801682e-12,3.0674826527569705e-12,4.840539390231977e-13,8.066090936726901e-12,1.6499983918854307e-11
low_history,330,4.267923023465459e-06,2.9713879790385884e-06,2.597090589256992e-12,3.3696959964605654e-12,-7.726054072035739e-13,7.933529960978772e-12,1.6270453583467276e-11
low_history,331,4.292947258677238e-06,2.991737755419994e-06,4.228110345851065e-12,3.4075273549030503e-12,8.205829909480145e-13,8.650426520323814e-12,1.648054467223059e-11
low_history,332,4.323197295291736e-06,3.1153723008407316e-06,2.7020262176585812e-12,3.1857173451391454e-12,-4.836911274805644e-13,8.138657147835615e-12,1.7117731317982257e-11
low_history,333,4.346524561021914e-06,2.9607787061243416e-06,3.6662166313218496e-12,3.659356796058082e-12,6.8598352637686054e-15,8.454875453594396e-12,1.6618386446112504e-11
low_history,334,4.376650406950899e-06,3.1528210287974245e-06,3.815070000976753e-12,3.269065592827434e-12,5.460044081493192e-13,8.592865232622158e-12,1.754040873899622e-11
low_history,335,4.402320897434198e-06,3.0686248047511343e-06,2.7404254275702316e-12,3.573988109691959e-12,-8.335626821217275e-13,8.432769378851344e-12,1.732336117205128e-11
low_history,336,4.426074697333471e-06,3.0814295459681084e-06,4.494896774175517e-12,3.6348266830335998e-12,8.600700911419186e-13,9.20237491473029e-12,1.7513026225900044e-11
low_history,337,4.458168197163381e-06,3.2154145603805e-06,2.900655067291499e-12,3.3823138220199867e-12,-4.816587547284877e-13,8.65907791193935e-12,1.821802715586052e-11
low_history,338,4.482388437893059e-06,3.0537383823046064e-06,3.858926686158326e-12,3.891983313618075e-12,-3.305662745974881e-14,8.977096548591371e-12,1.7677197869743296e-11
low_history,339,4.514347944434283e-06,3.2490085973428157e-06,4.0970749861137625e-12,3.484277310711162e-12,6.127976754026e-13,9.158275061334179e-12,1.8645777813391353e-11
low_history,340,4.540816472803355e-06,3.1690863848688127e-06,2.8930850804642377e-12,3.790492263076281e-12,-8.974071826120431e-13,8.96902243981613e-12,1.844462022728892e-11
low_history,341,4.565365396363985e-06,3.1738965504317587e-06,4.776695630486741e-12,3.877152318447735e-12,8.995433120390056e-13,9.780495510789753e-12,1.8610804753746384e-11
low_history,342,4.59756992632343e-06,3.318544109992706e-06,3.1151493362560093e-12,3.591540775381232e-12,-4.763914391252227e-13,9.218734871887346e-12,1.9388783539349446e-11
low_history,343,4.624529061941773e-06,3.149853918492262e-06,4.060983716511136e-12,4.138968512486389e-12,-7.798479597525277e-14,9.5324502470053e-12,1.88047420975014e-11
low_history,344,4.656620101850528e-06,3.348014825541263e-06,4.398813958195983e-12,3.714131441192026e-12,6.846825170039564e-13,9.757757255507927e-12,1.9820570995380997e-11
low_history,345,4.681745679274707e-06,3.2729095361292465e-06,3.0558900831566296e-12,4.020038935630245e-12,-9.641488524736148e-13,9.539696274210892e-12,1.963907711403552e-11
low_history,346,4.709205211006484e-06,3.2691784201136956e-06,5.074076837476464e-12,4.13532786257231e-12,9.387489749041547e-13,1.0392765088878187e-11,1.9777413316432128e-11
low_history,347,4.741344088315946e-06,3.424770885785146e-06,3.3466069868252277e-12,3.81408418437725e-12,-4.674771975520216e-13,9.812609553738432e-12,2.0633505601141068e-11
low_history,348,4.768825768303175e-06,3.2491653555645707e-06,4.272677811542715e-12,4.400974540952736e-12,-1.2829672941002046e-13,1.0126257821346793e-11,2.0004655282187348e-11
low_history,349,4.8030471338778025e-06,3.449846307351283e-06,4.721310932495518e-12,3.95945574556029e-12,7.618551869352277e-13,1.0396350886501625e-11,2.106820446189931e-11
low_history,350,4.828959199953964e-06,3.380123052045141e-06,3.229529943049608e-12,4.263242460056129e-12,-1.033712517006522e-12,1.0142726128633408e-11,2.0910570721470017e-11
low_history,351,4.857271856228973e-06,3.367392737620873e-06,5.387806384777302e-12,4.410397771850831e-12,9.774086129264718e-13,1.1049425868985544e-11,2.1017454167663092e-11
low_history,352,4.891571169257647e-06,3.534216927203484e-06,3.596420972981369e-12,4.050919466172138e-12,-4.544984931907681e-13,1.0439466584405342e-11,2.1957288989086615e-11
low_history,353,4.91796464488492e-06,3.3518201097839813e-06,4.49458425437378e-12,4.6789789581962004e-12,-1.8439470382241976e-13,1.0758835291305275e-11,2.1282077549531294e-11
low_history,354,4.952124797369395e-06,3.554622542085208e-06,5.065946332119207e-12,4.221386029395689e-12,8.445603027235176e-13,1.1078071342653982e-11,2.2393670423869753e-11
low_history,355,4.981169585388523e-06,3.4908672115893724e-06,3.4149592606860032e-12,4.521025039343244e-12,-1.1060657786572403e-12,1.0781862139010044e-11,2.2264507353016668e-11
low_history,356,5.008045759369306e-06,3.468646169457987e-06,5.7186691191108e-12,4.703443121064456e-12,1.0152259980463446e-12,1.1745339070724142e-11,2.2335685061326474e-11
low_history,357,5.044127802833476e-06,3.6469700823603775e-06,3.866012347045862e-12,4.303008899051845e-12,-4.369965520059829e-13,1.11083392704865e-11,2.33650755748047e-11
low_history,358,5.071838287601382e-06,3.4579353287941944e-06,4.7272304980681505e-12,4.973924890055064e-12,-2.466943919869141e-13,1.1425244065679881e-11,2.264209179016337e-11
low_history,359,5.1077667735377474e-06,3.66242959002645e-06,5.43407206961678e-12,4.501048960579969e-12,9.33023109036811e-13,1.1808671663012215e-11,2.38017742161663e-11
low_history,360,5.137713558339696e-06,3.6052493973382666e-06,3.6131488547628215e-12,4.79427999799623e-12,-1.1811311432334068e-12,1.1468345251250422e-11,2.370619435743885e-11
low_history,361,5.165447816424251e-06,3.573056786194085e-06,6.067492748615772e-12,5.0156250333110524e-12,1.0518677153047192e-12,1.247340893834805e-11,2.3737257846004248e-11
low_history,362,5.2019629595556616e-06,3.7631333318570062e-06,4.156926024850315e-12,4.571413786700427e-12,-4.14487761850112e-13,1.1827569576321198e-11,2.4862273730458137e-11
low_history,363,5.232464525883884e-06,3.567643361565162e-06,4.971217791616129e-12,5.28684457590186e-12,-3.1562678428573114e-13,1.2135134907805342e-11,2.4090229121400672e-11
low_history,364,5.26885253546161e-06,3.77336948529536e-06,5.827145573854612e-12,4.799677521887482e-12,1.0274680519671308e-12,1.2582560324578475e-11,2.5297861459215597e-11
low_history,365,5.297280368604662e-06,3.723391694891089e-06,3.825180503684688e-12,5.083992640914807e-12,-1.2588121372301182e-12,1.2199298917451633e-11,2.5241445924445956e-11
low_history,366,5.328348575778241e-06,3.6807109763847556e-06,6.43503963259416e-12,5.348085948327758e-12,1.086953684266403e-12,1.3244034145305293e-11,2.5227217830242792e-11
low_history,367,5.364792556195042e-06,3.882774342307224e-06,4.47073756730113e-12,4.857175106483947e-12,-3.8643753918281733e-13,1.2591139033301571e-11,2.6454145637351846e-11
low_history,368,5.3955599394750475e-06,3.681044938443917e-06,5.227082594534376e-12,5.618723375555238e-12,-3.916407810208614e-13,1.2893280428289035e-11,2.5631922395478916e-11
low_history,369,5.434359785450038e-06,3.887509179978058e-06,6.246587931334553e-12,5.1184906872465305e-12,1.128097244088022e-12,1.3407822015217172e-11,2.68870536601008e-11
low_history,370,5.4636762449322696e-06,3.84538234602388e-06,4.052149015536254e-12,5.391107292975448e-12,-1.3389582774391953e-12,1.2971192258054888e-11,2.6875914192560556e-11
low_history,371,5.4957090755702875e-06,3.7917342927961584e-06,6.822181620726184e-12,5.702117212734796e-12,1.1200644079913873e-12,1.4070158555646067e-11,2.6811347138303902e-11
low_history,372,5.5345985584542845e-06,4.006000495944764e-06,4.809209493315891e-12,5.161500881690855e-12,-3.5229138837496433e-13,1.3398018493663109e-11,2.8146754768191127e-11
low_history,373,5.564460568430185e-06,3.798279770126533e-06,5.495511861383275e-12,5.970711122257594e-12,-4.751992608743192e-13,1.3700370387489926e-11,2.7273438166271572e-11
low_history,374,5.60319411888055e-06,4.004956749699805e-06,6.6940001902648795e-12,5.458882363494376e-12,1.2351178267705046e-12,1.429026739200882e-11,2.8575318784763913e-11
low_history,375,5.636055958935238e-06,3.971348717658375e-06,4.295325855530134e-12,5.716735998244545e-12,-1.4214101427144108e-12,1.3789248012598717e-11,2.861615878695144e-11
low_history,376,5.666464204717725e-06,3.906245536078931e-06,7.229812219037993e-12,6.0790659398734105e-12,1.150746279164582e-12,1.4945090197904577e-11,2.849571613868805e-11
low_history,377,5.707057186610243e-06,4.132921189263046e-06,5.174231885635975e-12,5.485680699419126e-12,-3.1144881378315153e-13,1.4258548273809722e-11,2.994656455180194e-11
low_history,378,5.738784331299485e-06,3.919513227292875e-06,5.7773012255596995e-12,6.344092488242781e-12,-5.667912626830807e-13,1.4551700010398082e-11,2.9021785664793423e-11
low_history,379,5.7792146628543595e-06,4.1258706992893535e-06,7.171246274691671e-12,5.822476803524416e-12,1.3487694711672556e-12,1.5234984227665298e-11,3.036971812747336e-11
low_history,380,5.813127850695654e-06,4.101494589654787e-06,4.556250797380994e-12,6.062272442434237e-12,-1.5060216450532429e-12,1.4668422044802124e-11,3.0470212274638696e-11
low_history,381,5.844644839575475e-06,4.024535684040834e-06,7.659469478426227e-12,6.480902182923999e-12,1.1785672955022292e-12,1.5860857682545314e-11,3.028928109018023e-11
low_history,382,5.886101846569458e-06,4.263841742836239e-06,5.568348202013323e-12,5.8316289580886455e-12,-2.632807560753232e-13,1.5185450436781434e-11,3.186332564257449e-11
low_history,383,5.920646058643619e-06,4.04503539038656e-06,6.073651518286078e-12,6.740640715546114e-12,-6.669891972600355e-13,1.5461657072833503e-11,3.088630248730313e-11
low_history,384,5.961952829591777e-06,4.25046506615899e-06,7.680483812756587e-12,6.211175756122547e-12,1.4693080566340402e-12,1.623618680383225e-11,3.227858904939636e-11
low_history,385,5.994154381516736e-06,4.236007642594761e-06,4.836555492391653e-12,6.4291616557967e-12,-1.5926061634050467e-12,1.5606276296227188e-11,3.244641201678955e-11
low_history,386,6.029359026576975e-06,4.146570896091531e-06,8.111582404538086e-12,6.908654362929939e-12,1.2029280416081466e-12,1.6829692213250443e-11,3.219664390169649e-11
low_history,387,6.070772492733356e-06,4.398597979827884e-06,5.992998956375141e-12,6.2000888366736436e-12,-2.0708988029850317e-13,1.6169463110989826e-11,3.3900307337005495e-11
low_history,388,6.105280304258276e-06,4.174775428051846e-06,6.38479646358148e-12,7.1610113631525885e-12,-7.762148995711074e-13,1.6431948797432178e-11,3.287134263887988e-11
low_history,389,6.149355367607301e-06,4.3786729970605284e-06,8.222921021893777e-12,6.626145986488495e-12,1.5967750354052828e-12,1.7304760369296076e-11,3.430643898705495e-11
low_history,390,6.182578751234846e-06,4.374869015423126e-06,5.137542765074971e-12,6.8183103362427425e-12,-1.6807675711677707e-12,1.6595903044718786e-11,3.455039256764885e-11
low_history,391,6.21888300994522e-06,4.27255353340635e-06,8.58737044904926e-12,7.364152377652516e-12,1.2232180713967445e-12,1.7868538632959844e-11,3.422622089125891e-11
low_history,392,6.263061349737198e-06,4.537430067812066e-06,6.45080816945125e-12,6.5929902664299e-12,-1.421820969786493e-13,1.7211111521098628e-11,3.60671068580423e-11
low_history,393,6.2969029540060895e-06,4.308943890669146e-06,6.7118230240547185e-12,7.60683960286928e-12,-8.950165788145606e-13,1.746445658696604e-11,3.498582410664539e-11
low_history,394,6.340903833446099e-06,4.510618269681994e-06,8.800507260173565e-12,7.069187928027328e-12,1.7313193321462382e-12,1.8449302314230227e-11,3.646091399814914e-11
low_history,395,6.3781571813248394e-06,4.518201750247042e-06,5.46093140390305e-12,7.231108896259394e-12,-1.7701774923563449e-12,1.7644636191730754e-11,3.6790266830250585e-11
low_history,396,6.412634834862541e-06,4.402543249299049e-06,9.087589257201117e-12,7.848837190996063e-12,1.2387520662050513e-12,1.8973886796796302e-11,3.6384627539977265e-11
low_history,397,6.458305805673303e-06,4.680358516321816e-06,6.943951696843111e-12,7.0117352606713935e-12,-6.778356382828093e-14,1.8321205127768972e-11,3.837039554273569e-11
low_history,398,6.49465341262534e-06,4.447666663218142e-06,7.055623654600101e-12,8.079531630760687e-12,-1.0239079761605876e-12,1.8554473963172198e-11,3.723782083239085e-11
low_history,399,6.5401372693618676e-06,4.646441941190294e-06,9.415335509122347e-12,7.542265113258773e-12,1.873070395863573e-12,1.9672440094125604e-11,3.875037454476004e-11
low_history,400,6.578562449954806e-06,4.666176155733367e-06,5.808700995578815e-12,7.669169034588126e-12,-1.8604680390093095e-12,1.877111924549732e-11,3.917535791968353e-11
high_history,1,0.00010363377208946756,7.24912602243479e-05,2.463964400658288e-09,1.9717413991788567e-09,4.922230014794316e-10,5.043119834979072e-09,9.633213000239864e-09
high_history,2,0.00010431571598143452,7.503579376216195e-05,1.5396473765306243e-09,1.8662292376738726e-09,-3.2658186114324817e-10,4.735969507827936e-09,9.957130692770322e-09
high_history,3,0.00010489046903741639,7.146350508147995e-05,2.1926419196210742e-09,2.1305003811382386e-09,6.214153848283553e-11,4.942784855214788e-09,9.679531450350443e-09
high_history,4,0.00010558880658262382,7.621525664877766e-05,2.1621549708589394e-09,1.8939201909747313e-09,2.6823477988420847e-10,4.98279165464962e-09,1.02259772451061e-08
high_history,5,0.00010618497963296725,7.37576542642865e-05,1.6303630198600118e-09,2.095549834211883e-09,-4.651868143518715e-10,4.912268456851444e-09,1.0053894048207654e-08
high_history,6,0.0001067352253511511,7.457956198980565e-05,2.614774373261939e-09,2.0975466159906542e-09,5.17227757271285e-10,5.350236639300624e-09,1.021189449599156e-08
high_history,7,0.00010746322513099926,7.7356019300118e-05,1.645495697395949e-09,1.976596514109759e-09,-3.311008167138098e-10,5.028954925471008e-09,1.0572314512804617e-08
high_history,8,0.00010806972738083842,7.360708852247344e-05,2.306320950179553e-09,2.261220248190397e-09,4.5100701989156305e-11,5.237840758781541e-09,1.0270405639816707e-08
high_history,9,0.00010879203497121681,7.846079033929758e-05,2.3152634932315074e-09,2.012684017043684e-09,3.025794761878234e-10,5.292977548059521e-09,1.0845598365563974e-08
high_history,10,0.00010935331296141326,7.606363767499585e-05,1.7164180831279968e-09,2.218005367999193e-09,-5.01587284871196e-10,5.212130617372222e-09,1.0676660537723906e-08
high_history,11,0.00010996785399167153,7.672899546345123e-05,2.774660119689196e-09,2.23130473876652e-09,5.433553809226763e-10,5.674989487737087e-09,1.0825458018616844e-08
high_history,12,0.00011068716228221365,7.973767486075219e-05,1.7588966011950495e-09,2.0933307076856528e-09,-3.3443410649060313e-10,5.33840244713052e-09,1.1223189299584108e-08
high_history,13,0.00011129365663103963,7.581204690028667e-05,2.425150257018461e-09,2.399288313876166e-09,2.5861943142295282e-11,5.549448604905105e-09,1.0895787355863805e-08
high_history,14,0.00011205961275020937,8.076271659637749e-05,2.478135396702425e-09,2.1386928173986985e-09,3.394425793037264e-10,5.62287266329481e-09,1.1500466276325386e-08
high_history,15,0.00011263674444794702,7.843510358370192e-05,1.807419545224768e-09,2.347142788801787e-09,-5.397232435770189e-10,5.526374106152449e-09,1.133603068937046e-08
high_history,16,0.00011326852392787301,7.893464929687064e-05,2.942864503533955e-09,2.3730253801098873e-09,5.698391234240683e-10,6.021856698966701e-09,1.1473953007519286e-08
high_history,17,0.00011403173075991146,8.218143235091003e-05,1.8802764421302398e-09,2.2167590162459023e-09,-3.3648257411566225e-10,5.66299275141341e-09,1.191150641924166e-08
high_history,18,0.00011461595709499894,7.807938294835924e-05,2.5493203206014768e-09,2.5450434813448786e-09,4.2768392565985956e-12,5.87982235293154e-09,1.1557416291077728e-08
high_history,19,0.00011537210423526179,8.312139856617257e-05,2.651232720836156e-09,2.272313909591424e-09,3.789188112447319e-10,5.972265263156632e-09,1.2192197162836679e-08
high_history,20,0.00011601647093459344,8.08728341392582e-05,1.903668770858448e-09,2.4832724191670885e-09,-5.796036483086408e-10,5.85746824449898e-09,1.2033816443669032e-08
high_history,21,0.00011661418715058769,8.119764184261727e-05,3.1197175415612412e-09,2.5231136828942643e-09,5.966038586669767e-10,6.387526472560012e-09,1.2159161686480828e-08
high_history,22,0.00011742307164394616,8.468850688836588e-05,2.010146223195557e-09,2.347257481003546e-09,-3.371112578079892e-10,6.007083753500566e-09,1.2639248986967624e-08
high_history,23,0.00011802363691962303,8.041091084061972e-05,2.6790899995869e-09,2.698889371026119e-09,-1.9799371439219012e-11,6.226092470133007e-09,1.2257347089353109e-08
high_history,24,0.00011882537006902005,8.553839326281093e-05,2.835107082555815e-09,2.4139948441264806e-09,4.2111223842933457e-10,6.344501815400921e-09,1.2922820419693632e-08
high_history,25,0.00011948778526404968,8.337837213194374e-05,2.0055206294568815e-09,2.626765485821175e-09,-6.21244856364293e-10,6.2111515272326615e-09,1.277213468803032e-08
high_history,26,0.00012009821851108327,8.351932258834552e-05,3.3055777941366897e-09,2.68200418252541e-09,6.235736116112798e-10,6.768805504996714e-09,1.2883010794807877e-08
high_history,27,0.00012089347168497966,8.725952570017607e-05,2.1490095924347146e-09,2.4851876701487374e-09,-3.3617807771402263e-10,6.374345098891119e-09,1.3408309174481515e-08
high_history,28,0.00012156674795610334,8.280745760636839e-05,2.814670577337801e-09,2.861180658788127e-09,-4.651008145032566e-11,6.5904457731598706e-09,1.2997427316613525e-08
high_history,29,0.00012235428454052122,8.801408993550524e-05,3.0302484971316353e-09,2.564135346080705e-09,4.661131510509309e-10,6.73783720254453e-09,1.3694095985881682e-08
high_history,30,0.00012300617521035506,8.595229022547802e-05,2.1133061519521165e-09,2.777950756210126e-09,-6.646446042580091e-10,6.583713514141451e-09,1.3552900657505623e-08
high_history,31,0.00012365700349703523,8.590052826562936e-05,3.5007722522506075e-09,2.850113886061779e-09,6.50658366188828e-10,7.17059173754561e-09,1.3647345739005747e-08
high_history,32,0.0001244757738849689,8.989531167500279e-05,2.2974007665731407e-09,2.630938342760675e-09,-3.335375761875338e-10,6.761691763292788e-09,1.4220711868597802e-08
high_history,33,0.00012516775201898422,8.527027803500127e-05,2.9563135667969347e-09,3.03231470729452e-09,-7.600114049758534e-11,6.97955802786201e-09,1.3779713333806615e-08
high_history,34,0.00012600231211637447,9.054942589474817e-05,3.237196008630711e-09,2.7231812582080376e-09,5.140147504226739e-10,7.151156921256398e-09,1.4508015247063134e-08
high_history,35,0.00012664105396323344,8.859554836859862e-05,2.2273936794859788e-09,2.937196220507415e-09,-7.098025410214359e-10,6.978426768920132e-09,1.4378226086622699e-08
high_history,36,0.00012734115534582258,8.834232357809526e-05,3.7056552218156834e-09,3.027888038524044e-09,6.777671832916386e-10,7.595279057043569e-09,1.4454152938729843e-08
high_history,37,0.0001281706620782641,9.259650684428283e-05,2.4558640393953666e-09,2.784904763448863e-09,-3.290407240534965e-10,7.168491754193176e-09,1.5078502983134415e-08
high_history,38,0.00012881656542990116,8.780031721928882e-05,3.104265438623813e-09,3.2126827027455086e-09,-1.0841726412169529e-10,7.390067889478713e-09,1.4606247740286356e-08
high_history,39,0.00012969960136793857,9.314505982534366e-05,3.4564817108184377e-09,2.8915775180250717e-09,5.649041927933653e-10,7.58830390742744e-09,1.5366553036923113e-08
high_history,40,0.00013035578938289105,9.130887296451802e-05,2.348161281902681e-09,3.104871341982229e-09,-7.567100600795483e-10,7.392336470082183e-09,1.5250232839832425e-08
high_history,41,0.00013107501283612932,9.084562359776169e-05,3.9205785276940694e-09,3.215776271380986e-09,7.048022563130843e-10,8.044672523987288e-09,1.530544482767811e-08
high_history,42,0.00013195334161106298,9.536377854609909e-05,2.6249636685601528e-09,2.9474999108697806e-09,-3.225362423096282e-10,7.599278701791627e-09,1.5983811091116584e-08
high_history,43,0.00013261656101470898,9.039874047229967e-05,3.258802435748933e-09,3.4027067253008285e-09,-1.4390428955189522e-10,7.820514121624524e-09,1.5479228462848454e-08
high_history,44,0.00013348529680709542,9.580198959326714e-05,3.6886763875757784e-09,3.069806054975563e-09,6.188703326002153e-10,8.055230917371545e-09,1.6271867070117294e-08
high_history,45,0.00013421744124300639,9.409338456152265e-05,2.476026657747703e-09,3.281388649534689e-09,-8.053619917869854e-10,7.827540300542031e-09,1.6171258993037458e-08
high_history,46,0.00013489071902675343,9.341171802551934e-05,4.145937540941288e-09,3.4142695133617784e-09,7.316680275795103e-10,8.518131842666121e-09,1.620343675487278e-08
high_history,47,0.00013578616325057857,9.819782788886564e-05,2.805283873608695e-09,3.119155978647361e-09,-3.138721050386668e-10,8.05255435913701e-09,1.6938853828901803e-08
high_history,48,0.00013649242419630503,9.306622743993904e-05,3.420186032312584e-09,3.602789465403499e-09,-1.8260343309091442e-10,8.27378397913834e-09,1.640077564165021e-08
high_history,49,0.0001373855292106374,9.852034787206656e-05,3.934293439825168e-09,3.2583075726906484e-09,6.759858671345199e-10,8.547201751679583e-09,1.722589235263134e-08
high_history,50,0.00013813714099725205,9.694884684418224e-05,2.6113592838253324e-09,3.4670858169453455e-09,-8.557265331200133e-10,8.291608653677758e-09,1.714326563936144e-08
high_history,51,0.00013882834038683733,9.604045795901343e-05,4.382011263110871e-09,3.623766011715069e-09,7.582452513958015e-10,9.009747928840964e-09,1.7149917349944745e-08
high_history,52,0.00013973667745131868,0.00010109820938004565,2.9973568702437296e-09,3.3002478200422427e-09,-3.02890949798513e-10,8.536093002773567e-09,1.794552203456281e-08
high_history,53,0.00014049976628416339,9.58030153761682e-05,3.588660816873045e-09,3.8133122481395825e-09,-2.2465143126653706e-10,8.751623859001935e-09,1.7372924361697576e-08
high_history,54,0.00014139741914592774,0.00010130044284328999,4.193865663914709e-09,3.4575447625257813e-09,7.363209013889278e-10,9.063980878753934e-09,1.823067375494938e-08
high_history,55,0.00014210687390500687,9.987583042692838e-05,2.75458653734242e-09,3.662369031575447e-09,-9.077824942330269e-10,8.78014835294697e-09,1.8168553596380862e-08
high_history,56,0.00014286997111812028,9.8732946265124e-05,4.629197494642145e-09,3.844767041749549e-09,7.844304528925962e-10,9.526025213210419e-09,1.8147169440375223e-08
high_history,57,0.00014377578077226505,0.00010406572434203609,3.201799887726517e-09,3.491242550465386e-09,-2.8944266273886914e-10,9.044403250843198e-09,1.9006195402884506e-08
high_history,58,0.00014455909325769567,9.861007607533824e-05,3.7645420449613084e-09,4.034727835548858e-09,-2.7018579058755015e-10,9.257460962206428e-09,1.839804390202164e-08
high_history,59,0.00014550774632529628,0.0001041429943971365,4.467968400339478e-09,3.668020483586219e-09,7.999479167532587e-10,9.609846889446395e-09,1.9288463568937187e-08
high_history,60,0.0001462281212404326,0.00010287479702751466,2.9061497101683843e-09,3.867654193301571e-09,-9.615044831331866e-10,9.293113025852684e-09,1.9249465231941303e-08
high_history,61,0.00014701907606426423,0.0001014898627031125,4.887869780634589e-09,4.07775554771553e-09,8.101142329190585e-10,1.0073767131058738e-08,1.919740040399201e-08
high_history,62,0.00014795927841937395,0.00010710071175663852,3.4192163839882076e-09,3.692593529727765e-09,-2.7337714573955783e-10,9.575739142442775e-09,2.012316517870051e-08
high_history,63,0.0001486857817583065,0.00010148808581107518,3.948143658428246e-09,4.267482813211739e-09,-3.1933915478349293e-10,9.792481613854024e-09,1.947848319974726e-08
high_history,64,0.0001496704129571591,0.00010704860991544959,4.757176571139726e-09,3.890243078481159e-09,8.669334926585679e-10,1.0183648097771012e-08,2.0401541883755722e-08
high_history,65,0.00015041545780580812,0.00010594621215058556,3.066508885560022e-09,4.083374696501968e-09,-1.0168658109419447e-09,9.832178217280619e-09,2.038842356193697e-08
high_history,66,0.00015122063907466177,0.00010431184201958542,5.158410556228711e-09,4.3232229014017915e-09,8.351876548269209e-10,1.0648487654261383e-08,2.030286918537929e-08
high_history,67,0.00015221295605430396,0.00011020307236942952,3.6501902335350756e-09,3.90473776042754e-09,-2.545475268924636e-10,1.0138405165813105e-08,2.1298620551489244e-08
high_history,68,0.0001529578540932497,0.00010443690930580158,4.139739757588262e-09,4.511971378792402e-09,-3.7223162120414036e-10,1.034988376359733e-08,2.0616355188580972e-08
high_history,69,0.00015393670105603996,0.00011001686983665423,5.061977112816039e-09,4.124655027599931e-09,9.373220852161077e-10,1.0795190535019609e-08,2.1571851053894792e-08
high_history,70,0.00015476008132864205,0.00010908941619897951,3.2360762775395966e-09,4.309894592279745e-09,-1.073818314740148e-09,1.0397158287391512e-08,2.1587490079511066e-08
high_history,71,0.00015551502576413578,0.00010719875882605632,5.441139476682813e-09,4.581606971471227e-09,8.595325052115854e-10,1.125258793495959e-08,2.146559721724772e-08
high_history,72,0.00015651855303974727,0.00011337258440488836,3.895302140989254e-09,4.128113834017214e-09,-2.3281169302795996e-10,1.0728427014604478e-08,2.2534749134005558e-08
high_history,73,0.0001573128025083581,0.00010745685552033484,4.3396555652040575e-09,4.768637507772672e-09,-4.2898194256861434e-10,1.0936022132221653e-08,2.181400306489815e-08
high_history,74,0.00015831427161003275,0.00011304827395959011,5.382941980563941e-09,4.371773237215415e-09,1.0111687433485263e-09,1.1437005277957015e-08,2.280172639349108e-08
high_history,75,0.00015915841883507031,0.00011230466620200552,3.4153296130480697e-09,4.547660769935281e-09,-1.1323311568872107e-09,1.0997637271541318e-08,2.2849130569313896e-08
high_history,76,0.00015993234266742373,0.00011015119667094485,5.736458705090223e-09,4.853413217354297e-09,8.830454877359262e-10,1.1878284302519827e-08,2.2687934672448664e-08
high_history,77,0.00016094827669899114,0.00011660931965692027,4.155155165640085e-09,4.3631915559831196e-09,-2.0803639034303514e-10,1.1356155997190644e-08,2.383389977993519e-08
high_history,78,0.00016180385498595906,0.00011054804104846664,4.548223781555824e-09,5.037923764359846e-09,-4.896999828040225e-10,1.1551776829768988e-08,2.307376171219307e-08
high_history,79,0.00016280452445721627,0.00011614287671471145,5.720604415026229e-09,4.632088234334142e-09,1.0885161806920872e-09,1.2109932236638192e-08,2.409337838485938e-08
high_history,80,0.00016360902403886324,0.0001155916697917657,3.6047272592934893e-09,4.79709277968539e-09,-1.192365520391901e-09,1.1626977835720243e-08,2.417565629605165e-08
high_history,81,0.00016444929735071057,0.00011316930141205672,6.044741686979016e-09,5.139118767392749e-09,9.05622919586267e-10,1.2533806188678665e-08,2.397211328027624e-08
high_history,82,0.00016547204415581773,0.00011991311671132023,4.430337405999781e-09,4.610433802691047e-09,-1.8009639669126819e-10,1.2013562522277177e-08,2.5198376515812918e-08
high_history,83,0.00016634887186944836,0.00011371047835228154,4.765790655177892e-09,5.320278102252774e-09,-5.544874470748813e-10,1.2203333473514493e-08,2.439798623312107e-08
high_history,84,0.00016740292985370497,0.00011930077283226795,6.075503034859521e-09,4.906098736582258e-09,1.1694042982772632e-09,1.2816680286380511e-08,2.5449073875509945e-08
high_history,85,0.0001682049963440957,0.00011895015715338864,3.8047396726509586e-09,5.058625638611649e-09,-1.2538859659606917e-09,1.2288238517525608e-08,2.5569437999974413e-08
high_history,86,0.0001690877438504934,0.00011625309221197251,6.36636440219546e-09,5.439196479176117e-09,9.271679230193423e-10,1.3224770449691688e-08,2.5320358751719327e-08
high_history,87,0.0001701273307815887,0.00012328329933420867,4.721393372072054e-09,4.87027131433892e-09,-1.488779422668648e-10,1.2699856076967995e-08,2.6630302997617215e-08
high_history,88,0.00017094583842669486,0.000116943431553878,4.9926641953604615e-09,5.6160926738885255e-09,-6.234284785280636e-10,1.288732601039883e-08,2.5788764903404265e-08
high_history,89,0.0001720543853049039,0.00012252135591309509,6.4481010305725375e-09,5.1942471130568824e-09,1.2538539175156557e-09,1.3558161944473849e-08,2.687081073004944e-08
high_history,90,0.00017287561100484683,0.00012237908682275993,4.015795964716025e-09,5.332642331694369e-09,-1.3168463669783446e-09,1.2978663227377453e-08,2.703255812089283e-08
high_history,91,0.00017377947156252405,0.00011940211842190574,6.701667086023606e-09,5.754079989991586e-09,9.475870960320207e-10,1.3950498216661175e-08,2.6734728552776732e-08
high_history,92,0.00017487307092403648,0.00012671929730996448,5.028866508504944e-09,5.143146284334784e-09,-1.1427977582983883e-10,1.3422203000582227e-08,2.8131864642826535e-08
high_history,93,0.00017569804257053234,0.00012024649718265177,5.2291992670764595e-09,5.925801086605597e-09,-6.966018195291367e-10,1.3602409406104331e-08,2.7248363551354382e-08
high_history,94,0.00017677223465242808,0.00012580441619010886,6.838897409514618e-09,5.4970068204145115e-09,1.3418905891001056e-09,1.4342654103551967e-08,2.8360770755317968e-08
high_history,95,0.00017768578492677323,0.00012587777201454513,4.238350313350329e-09,5.619564691640924e-09,-1.3812143782905948e-09,1.3698675721573517e-08,2.8567272687848882e-08
high_history,96,0.00017852313887067872,0.00012261613301434585,7.051027522278556e-09,6.0842246970397205e-09,9.668028252388353e-10,1.4712864458523613e-08,2.8217394711706193e-08
high_history,97,0.0001796717178155216,0.00013022039435315092,5.353275219509072e-09,5.429491558961914e-09,-7.621633945284274e-11,1.417714861874604e-08,2.9705197968077357e-08
high_history,98,0.00018051554510145618,0.0001236188878916563,5.4757408920339155e-09,6.249811775843306e-09,-7.740708838093905e-10,1.4349283901689582e-08,2.87789136976043e-08
high_history,99,0.0001816440305519862,0.0001291494322910415,7.2483514066790725e-09,5.814821357369672e-09,1.4335300493094007e-09,1.5165366833747568e-08,2.9921011485237925e-08
high_history,100,0.00018257866669663114,0.00012944513516824243,4.47283212638642e-09,5.91979054076108e-09,-1.4469584143746601e-09,1.446124070471234e-08,3.017568595239818e-08
high_history,101,0.00018343170472684411,0.00012589457051403327,7.4148055439448284e-09,6.430056936348754e-09,9.847486075960745e-10,1.5507189117705798e-08,2.9770408038685013e-08
high_history,102,0.00018453493939371568,0.0001337857585854274,5.695110971788239e-09,5.72973050394486e-09,-3.4619532156620394e-11,1.497513697699216e-08,3.13523930402746e-08
high_history,103,0.00018547972714369476,0.0001270597121342761,5.732646078954905e-09,6.588532970115979e-09,-8.558868911610742e-10,1.5126790711771304e-08,3.038252270785073e-08
high_history,104,0.00018656820681695052,0.00013255584135926575,7.676909012467325e-09,6.148124122268617e-09,1.5287848901987097e-09,1.6029021285960772e-08,3.155357331699109e-08
high_history,105,0.00018752393022006264,0.00013308001693334982,4.719661625021011e-09,6.233717552152227e-09,-1.5140559271312168e-09,1.5256081961602234e-08,3.185987142222788e-08
high_history,106,0.00018839585811120108,0.00012923665116892628,7.793354615517129e-09,6.791980762594405e-09,1.0013738529227228e-09,1.633637285217406e-08,3.1395728977597714e-08
high_history,107,0.00018955275001980576,0.00013741401561194678,6.054793743365846e-09,6.044236096836485e-09,1.0557646529359458e-11,1.581033136838539e-08,3.3075276687617e-08
high_history,108,0.00019051876891870712,0.0001305674261323894,6.0002363115709325e-09,6.9423147249132396e-09,-9.420784133423069e-10,1.594984901488333e-08,3.2060999049203345e-08
high_history,109,0.00019165249498939718,0.00013602249333418648,8.124935147862759e-09,6.497283513512603e-09,1.6276516343501551e-09,1.6924711600959114e-08,3.326020568381894e-08
high_history,110,0.00019252927453275448,0.00013678061722598086,4.979206066610991e-09,6.5616896736631e-09,-1.5824836070521078e-09,1.609451944001798e-08,3.3621591395030154e-08
high_history,111,0.00019349796281770137,0.00013264122677313428,8.187001140266242e-09,7.170357969110418e-09,1.016643171155824e-09,1.719759173994321e-08,3.3095134668990826e-08
high_history,112,0.00019462171239087445,0.00014110392713707597,6.432725894699477e-09,6.373385441951255e-09,5.934045274822317e-11,1.668484417210859e-08,3.487571041518849e-08
high_history,113,0.00019560891354086785,0.0001341406079856215,6.278861230330099e-09,7.3115248920060235e-09,-1.032663661675924e-09,1.6806549025033782e-08,3.381619884664671e-08
high_history,114,0.00019679606687467155,0.00013954844103643635,8.592803155895279e-09,6.862671986805193e-09,1.7301311690900878e-09,1.7866002293153256e-08,3.5042723985174054e-08
high_history,115,0.0001976913340006048,0.00014054528924927276,5.251829581294325e-09,6.904066406946293e-09,-1.6522368256519677e-09,1.6971357005037353e-08,3.546265197196735e-08
high_history,116,0.00019868066199410506,0.00013610715180432478,8.596090030577913e-09,7.565544275286249e-09,1.030545755291664e-09,1.810557687452605e-08,3.487038486152584e-08
high_history,117,0.00019984284200325053,0.00014485400702135277,6.8292520902158575e-09,6.7175230835855614e-09,1.1172900663029691e-10,1.7590272325116446e-08,3.6755398968029885e-08
high_history,118,0.0002007485581774493,0.00013777753235868936,6.568862659090152e-09,7.69650440515768e-09,-1.1276417460675275e-09,1.7706367879320048e-08,3.564981297950144e-08
high_history,119,0.00020198962886749938,0.00014313252208468757,9.080843323473965e-09,7.244624251134293e-09,1.8362190723396732e-09,1.8845017123133795e-08,3.690280205259219e-08
high_history,120,0.00020290326334501674,0.00014437211770756934,5.537859522171424e-09,7.2611825559096214e-09,-1.7233230337381994e-09,1.7886456456345434e-08,3.738469226666001e-08
high_history,121,0.00020391321343724012,0.00013963308812971214,9.020962173653746e-09,7.977866886388653e-09,1.043095287265092e-09,1.9051509226860695e-08,3.6723116890742496e-08
high_history,122,0.00020512814865672468,0.0001486627259241791,7.2446721029253815e-09,7.076975976582654e-09,1.6769612634272709e-10,1.8539996822341204e-08,3.871597563660746e-08
high_history,123,0.00020604077419436595,0.00014147630219015392,6.870583900209623e-09,8.097578863846123e-09,-1.2269949636365028e-09,1.8641141903107362e-08,3.7563415013751746e-08
high_history,124,0.00020723159871161023,0.00014677342977922517,9.589348370428534e-09,7.643439767659803e-09,1.94590860276873e-09,1.9873788127349076e-08,3.884199119794734e-08
high_history,125,0.00020823973145370211,0.00014825896149260828,5.8375835770036795e-09,7.633348648418129e-09,-1.7957650714144477e-09,1.8834095955377983e-08,3.9389185307156877e-08
high_history,126,0.00020919369861038817,0.0001432173116295748,9.461929140514844e-09,8.407598677935425e-09,1.05433046257942e-09,2.0038420841848055e-08,3.865472643593412e-08
high_history,127,0.0002104614303939656,0.0001525279021806115,7.67917435570798e-09,7.451991279811294e-09,2.271830758966878e-10,1.952802806826935e-08,4.0758669209213874e-08
high_history,128,0.0002113914606916567,0.00014523433539466904,7.184319916966448e-09,8.514997523234621e-09,-1.330677606268175e-09,1.9610853306515355e-08,3.9558169577143144e-08
high_history,129,0.00021251991403661852,0.0001504692766104036,1.0118511237272688e-08,8.059331685661204e-09,2.0591795516114837e-09,2.0950426431711318e-08,4.086146816317321e-08
high_history,130,0.0002136615984868473,0.0001522030588691079,6.151212473318064e-09,8.020807006054836e-09,-1.8695945327367722e-09,1.9819424724934795e-08,4.147720496495347e-08
high_history,131,0.0002145973967608572,0.00014685773363026704,9.919272912234051e-09,8.854954855883552e-09,1.0643180563504969e-09,2.1067758582378485e-08,4.0666349968969716e-08
high_history,132,0.0002158409225866409,0.00015644746720010273,8.132903168356192e-09,7.84280376434306e-09,2.900994040131314e-10,2.0558285971637257e-08,4.288467353383716e-08
high_history,133,0.0002168328698628763,0.00014904909996876583,7.510382379879419e-09,8.949011447722994e-09,-1.4386290678435753e-09,2.0618903339053577e-08,4.163519153529436e-08
high_history,134,0.00021785300680465802,0.00015421828577235374,1.0668511182875048e-08,8.492493491186701e-09,2.1760176916883463e-09,2.2067336479041316e-08,4.2962376600385534e-08
high_history,135,0.00021912908521881658,0.00015620170589015426,6.47892605036627e-09,8.423795398571286e-09,-1.944869348205016e-09,2.0850108090518873e-08,4.3649756039468075e-08
high_history,136,0.0002200817535677746,0.00015055218509388537,1.0393282681442257e-08,9.320122255259186e-09,1.0731604261830715e-09,2.2129047312216656e-08,4.275899842445652e-08
high_history,137,0.0002213261736927763,0.00016041904291134223,8.605910044878491e-09,8.24959066363113e-09,3.563193812473607e-10,2.163989586320235e-08,4.509491137717129e-08
high_history,138,0.00022238532984392156,0.0001529176811569092,7.849058149230607e-09,9.399822326299927e-09,-1.5507641770693205e-09,2.1665883160603438e-08,4.3795299831462307e-08
high_history,139,0.00022333300679303059,0.00015801838051327104,1.1239456180833501e-08,8.943051429686516e-09,2.2964047511469855e-09,2.322859299881519e-08,4.514559357577486e-08
high_history,140,0.0002246400847459029,0.0001602518603367696,6.820836794468259e-09,8.842504262554931e-09,-2.021667468086674e-09,2.1914323797590993e-08,4.590754786322439e-08
high_history,141,0.00022560935296861429,0.00015429822331762487,1.0884227364567172e-08,9.803232793783089e-09,1.080994570784084e-09,2.3235878796260973e-08,4.49334343894205e-08
high_history,142,0.00022690246189785435,0.00016444012889554307,9.098166215915013e-09,8.672486132634928e-09,4.256800832800849e-10,2.2756131763655323e-08,4.7390114941644694e-08
high_history,143,0.0002279803793100721,0.00015683698641784868,8.200625944779512e-09,9.867602327198382e-09,-1.6669763824188692e-09,2.276480093820654e-08,4.6039106191292955e-08
high_history,144,0.00022894344024471103,0.0001618673910430946,1.183140691258044e-08,9.41108248166519e-09,2.4203244309152504e-09,2.4423876912187553e-08,4.741182461090368e-08
high_history,145,0.000230199649968732,0.0001643503324031762,7.17699964765937e-09,9.277092764025418e-09,-2.1000931163660473e-09,2.3030276256931434e-08,4.825107672936012e-08
high_history,146,0.00023127238466125188,0.00015809308665094374,1.1392349732905453e-08,1.0304353228898618e-08,1.0879965040068342e-09,2.4376300806168232e-08,4.7190122995590516e-08
high_history,147,0.00023251899663673248,0.00016850765106501996,9.609503871892438e-09,9.11152798917557e-09,4.979758827168676e-10,2.391928085846275e-08,4.9770543872219915e-08
high_history,148,0.00023361522949311153,0.00016080324147292529,8.565302031294371e-09,1.0352427949639595e-08,-1.787125918345223e-09,2.3898549869096527e-08,4.8366697221146755e-08
high_history,149,0.00023459315233773093,0.00016576249067419723,1.2444290011429898e-08,9.89654328072036e-09,2.547746730709539e-09,2.566230980648615e-08,4.9761252564331213e-08
high_history,150,0.00023589530087331223,0.00016849323126737385,7.547357239123078e-09,9.72762268872134e-09,-2.1802654495982596e-09,2.4187719190598008e-08,5.068027793842174e-08
high_history,151,0.0002369851328097583,0.00016193363445002746,1.1917851030655236e-08,1.0823471036264207e-08,1.094379994391027e-09,2.5565750444255432e-08,4.952916650691955e-08
high_history,152,0.00023824137458594574,0.0001726186718800461,1.0139690027030604e-08,9.566728356873116e-09,5.729616701574852e-10,2.5117616109709104e-08,5.223636893257619e-08
high_history,153,0.00023928772683018407,0.0001648128152864777,8.943320194566522e-09,1.0854376910602427e-08,-1.9110567160359037e-09,2.5074984796437164e-08,5.077808644781555e-08
high_history,154,0.00024030287968054842,0.00016970111773100284,1.307802673207266e-08,1.0399371784789896e-08,2.6786549472827613e-09,2.6944530509664962e-08,5.2194051766241976e-08
high_history,155,0.0002416270902125539,0.00017267687693817314,7.931813995143007e-09,1.0194155522593992e-08,-2.2623415274509837e-09,2.5380056385232762e-08,5.3195030737450214e-08
high_history,156,0.00024273341808969673,0.0001658166792022749,1.2460938930342817e-08,1.1360533118025597e-08,1.1004058123172198e-09,2.6803636768340462e-08,5.1950481051574754e-08
high_history,157,0.0002440321354049424,0.0001767698808115543,1.0688361380285216e-08,1.0038014378531783e-08,6.503470017534322e-10,2.6352522636165955e-08,5.478735883188163e-08
high_history,158,0.0002450139494093173,0.00016886156983371322,9.334864208607858e-09,1.137344412793472e-08,-2.0385799193268585e-09,2.629723870909731e-08,5.327281257639092e-08
high_history,159,0.0002461220879922399,0.00017368024549599696,1.3732422096869827e-08,1.0919397414033684e-08,2.8130246828361426e-09,2.8264769104586216e-08,5.470994165224437e-08
high_history,160,0.0002473922154214714,0.0001768970818569808,8.330167119061023e-09,1.0676668163475966e-08,-2.3465010444149427e-09,2.661856386584413e-08,5.579471564682266e-08
high_history,161,0.00024851446613355366,0.00016973867237667968,1.30217776437898e-08,1.1915399988179855e-08,1.1063776556099438e-09,2.8075648698607254e-08,5.445358609779265e-08
high_history,162,0.00024985445535721795,0.00018095785132002414,1.125504856386343e-08,1.0525252231452544e-08,7.297963324108861e-10,2.7637780742590243e-08,5.742301071289109e-08
high_history,163,0.00025084822689244723,0.00017294533242167296,9.74011284551919e-09,1.1909596930741644e-08,-2.1694840852224547e-09,2.755327298080335e-08,5.5850199406921074e-08
high_history,164,0.000251971420313718,0.00017769688127657299,1.4407235474765345e-08,1.145639687353215e-08,2.9508386012331965e-09,2.963731504366024e-08,5.730846919686757e-08
high_history,165,0.00025324813064733775,0.0001811496653089855,8.742149758288011e-09,1.1175108313624014e-08,-2.4329585553360046e-09,2.7889272954138913e-08,5.84785038136797e-08
high_history,166,0.0002543254616453883,0.0001736959058549469,1.3600515406741977e-08,1.2487867819794665e-08,1.112647586947314e-09,2.939140128180179e-08,5.7037705341431516e-08
high_history,167,0.0002557048600437817,0.0001851786779190591,1.1839123457846973e-08,1.1028200892708447e-08,8.10922565138526e-10,2.8961553355255244e-08,6.014230120960255e-08
high_history,168,0.00025670953313330913,0.00017705906575645752,1.01591469896166e-08,1.2462659877747916e-08,-2.3035128881313186e-09,2.884345370331688e-08,5.8508804065635235e-08
high_history,169,0.00025784693899696953,0.00018174715046122516,1.5102025881453646e-08,1.200997063297528e-08,3.092055248478369e-09,3.105903530167135e-08,5.998839930837255e-08
high_history,170,0.0002591592699348333,0.00018542951161183764,9.167336117622712e-09,1.1689276649294709e-08,-2.5219405316719956e-09,2.919466059189653e-08,6.124473228529208e-08
high_history,171,0.00026016299784428765,0.0001776840003476211,1.4197199288486454e-08,1.3077588607100342e-08,1.1196106813861133e-09,3.075440031743405e-08,5.970140413023238e-08
high_history,172,0.000261580032769021,0.00018942825678927073,1.2439828823892941e-08,1.1546538739802478e-08,8.932900840904613e-10,3.031945188166429e-08,6.294383151685873e-08
high_history,173,0.00026259475437723223,0.00018119795869606708,1.0592064676217726e-08,1.303245359906334e-08,-2.4403889228456136e-09,3.017864296046726e-08,6.124707869407364e-08
high_history,174,0.0002637454617139823,0.0001858275908069778,1.5816356133232335e-08,1.257970537238112e-08,3.236650760851213e-09,3.251643214812083e-08,6.274852134164858e-08
high_history,175,0.00026509123888857067,0.0001897318704821832,9.605261862686471e-09,1.221897895950141e-08,-2.6137170968149417e-09,3.054220590209805e-08,6.409170571213994e-08
high_history,176,0.0002661011635402555,0.00018169879458394106,1.4811906515978281e-08,1.3684192062816083e-08,1.1277144531621975e-09,3.215315466081348e-08,6.244314570727615e-08
high_history,177,0.0002674766592664357,0.00019370247047570575,1.3056297813897859e-08,1.2079883257060671e-08,9.764145568371874e-10,3.17220940684252e-08,6.582593506198267e-08
high_history,178,0.0002685142670012519,0.00018535687871544575,1.103891899028547e-08,1.361871947161578e-08,-2.5798004813303105e-09,3.1548503397486606e-08,6.406300774750035e-08
high_history,179,0.0002696633976544405,0.00018993437614142573,1.654966190478112e-08,1.316507042884514e-08,3.384591475935982e-09,3.401108857075049e-08,6.558713750054767e-08
high_history,180,0.0002710402331763395,0.0001940516456551532,1.0055355331229485e-08,1.2763938163030375e-08,-2.7085828318008923e-09,3.1933143845226155e-08,6.701722999631784e-08
high_history,181,0.0002720579962932901,0.00018573588044886512,1.5444670151657313e-08,1.4307215596692035e-08,1.1374545549652747e-09,3.358591825729604e-08,6.526097463674954e-08
high_history,182,0.00027339131338255385,0.0001979970391252744,1.3687531577378698e-08,1.2627771859815057e-08,1.0597597175636411e-09,3.316705349689588e-08,6.87865696762628e-08
high_history,183,0.0002745082531178389,0.00018953054434188573,1.1499735596440551e-08,1.422113802331348e-08,-2.721402426872928e-09,3.295085342234488e-08,6.695419887114007e-08
high_history,184,0.00027559714183927886,0.00019406360943307767,1.7301293684487276e-08,1.3765452857271936e-08,3.5358408272153372e-09,3.5550329786151064e-08,6.85022382127821e-08
high_history,185,0.00027700227175483927,0.00019838357882854792,1.0516954050821586e-08,1.332381384529023e-08,-2.806859794468645e-09,3.335581234088218e-08,7.001871259225489e-08
high_history,186,0.00027802643462015997,0.00018979052488248745,1.6095460382328124e-08,1.4946086434813754e-08,1.149373947514372e-09,3.5055179976042775e-08,6.815243751747124e-08
high_history,187,0.0002793601844865712,0.00020230722738409006,1.4332355842721701e-08,1.3189621533500842e-08,1.1427343092208554e-09,3.465184359119407e-08,7.182309534968038e-08
high_history,188,0.000280509515881322,0.00019371320718470625,1.197447258721857e-08,1.4839276499592609e-08,-2.8648039123740366e-09,3.439098149730771e-08,6.99176376260528e-08
high_history,189,0.0002815424039150638,0.0001982109127597203,1.8070439249876142e-08,1.4380096562473383e-08,3.690342687402763e-09,3.7124663737669266e-08,7.149119833532276e-08
high_history,190,0.0002829727748377142,0.00020272193535187256,1.098927170090178e-08,1.3898156938318373e-08,-2.9088852374165948e-09,3.4809739349500794e-08,7.309292209688324e-08
high_history,191,0.00028400203651976486,0.00019385782504408082,1.6764198487587297e-08,1.560013792415979e-08,1.1640605634275095e-09,3.656647454106747e-08,7.111466398710837e-08
high_history,192,0.00028535702418064357,0.00020662829856317311,1.498948043531861e-08,1.3764783833948778e-08,1.2246966013698352e-09,3.616749480947685e-08,7.493256807936093e-08
high_history,193,0.00028651319821360044,0.00019789913578484119,1.2463074256610457e-08,1.5472654767795144e-08,-3.0095805111846875e-09,3.5870843772698206e-08,7.295000319001539e-08
high_history,194,0.00028751527871029303,0.00020237200520529746,1.8856217812166365e-08,1.500818058120056e-08,3.848037230965807e-09,3.8731303862274814e-08,7.455116424434517e-08
high_history,195,0.00028894719445296535,0.00020706104010250032,1.1471454536022806e-08,1.4486477696115034e-08,-3.015023160092228e-09,3.629725838497767e-08,7.623634438022212e-08
high_history,196,0.00028998005638855573,0.0001979327998393893,1.745076851374317e-08,1.626862028969412e-08,1.1821482240490495e-09,3.811244761097546e-08,7.414441900195797e-08
high_history,197,0.00029135265196189586,0.00021095533401263057,1.5657474174850045e-08,1.4352522344031088e-08,1.3049518308189574e-09,3.7713011892928423e-08,7.811160743996523e-08
high_history,198,0.00029251407736566315,0.0002020824085903601,1.2965446035461806e-08,1.6120710658048733e-08,-3.1552646225869267e-09,3.738711636274115e-08,7.604751010798663e-08
high_history,199,0.00029351709519809255,0.00020654240481372244,1.9657620806084835e-08,1.5648775301261953e-08,4.008845504822882e-09,4.036912947970121e-08,7.767883498751522e-08
high_history,200,0.0002949205603693106,0.00021139498565398736,1.1962555079956835e-08,1.5088205358111824e-08,-3.1256502781549892e-09,3.7819740574185537e-08,7.944496808787585e-08
