Q,anchor_index,anchor_s,phase_index,loop_phase,s_value,PC1,PC2,PC3
522.25,0,1165.777520408083,0,0.0,1165.777520408083,0.002196998550258263,-0.0011197026296602861,-1.377343791909433e-07
522.25,0,1165.777520408083,1,0.004166666666666667,1165.778452121046,0.002215996638549668,-0.0010983361974444335,-1.4279964561306484e-07
522.25,0,1165.777520408083,2,0.008333333333333333,1165.779383834009,0.002234836620271519,-0.0010768896015915137,-1.4781843568197785e-07
522.25,0,1165.777520408083,3,0.0125,1165.780315546972,0.0022537762653930785,-0.00105549547993102,-1.5284430231471136e-07
522.25,0,1165.777520408083,4,0.016666666666666666,1165.7812472599348,0.0022726191586401826,-0.0010340599991954865,-1.5783467529391344e-07
522.25,0,1165.777520408083,5,0.020833333333333332,1165.782178972898,0.0022918717670283124,-0.0010127887902974173,-1.629207948799016e-07
522.25,0,1165.777520408083,6,0.025,1165.783110685861,0.0023105037658569154,-0.0009912679432877844,-1.6783082487713251e-07
522.25,0,1165.777520408083,7,0.029166666666666667,1165.7840423988239,0.0023268810376313623,-0.0009688367660236326,-1.7213679188101052e-07
522.25,0,1165.777520408083,8,0.03333333333333333,1165.7849741117868,0.0023428063443562616,-0.0009462221236617267,-1.7631076393234474e-07
522.25,0,1165.777520408083,9,0.0375,1165.7859058247498,0.0023591124274665505,-0.0009237627691972644,-1.8057144490860296e-07
522.25,0,1165.777520408083,10,0.041666666666666664,1165.7868375377127,0.0023753084738397847,-0.0009012606649040513,-1.847881364725865e-07
522.25,0,1165.777520408083,11,0.04583333333333333,1165.7877692506756,0.0023916378140899195,-0.0008787995236821275,-1.890310847769249e-07
522.25,0,1165.777520408083,12,0.05,1165.7887009636386,0.0024077222431330325,-0.0008562609323113249,-1.9318807398901803e-07
522.25,0,1165.777520408083,13,0.05416666666666667,1165.7896326766015,0.002422731754721419,-0.0008333724435901045,-1.970171910833588e-07
522.25,0,1165.777520408083,14,0.058333333333333334,1165.7905643895647,0.002436559489213612,-0.0008101003261143843,-2.0048448132835363e-07
522.25,0,1165.777520408083,15,0.0625,1165.7914961025276,0.0024498107434867637,-0.0007866398389287821,-2.0376798764197845e-07
522.25,0,1165.777520408083,16,0.06666666666666667,1165.7924278154906,0.002463210657590759,-0.000763226692339807,-2.0708137660147335e-07
522.25,0,1165.777520408083,17,0.07083333333333333,1165.7933595284535,0.002476519385317144,-0.0007397930967423848,-2.103506176183422e-07
522.25,0,1165.777520408083,18,0.075,1165.7942912414164,0.002490023084859885,-0.0007164058534415701,-2.136664928079433e-07
522.25,0,1165.777520408083,19,0.07916666666666666,1165.7952229543794,0.0025036970975417677,-0.0006930623048375811,-2.170212496292748e-07
522.25,0,1165.777520408083,20,0.08333333333333333,1165.7961546673423,0.002515290009985575,-0.0006691939684107584,-2.1970681653792012e-07
522.25,0,1165.777520408083,21,0.0875,1165.7970863803052,0.002525329188574425,-0.0006449328972427142,-2.2188841743595786e-07
522.25,0,1165.777520408083,22,0.09166666666666666,1165.7980180932682,0.002535782094425969,-0.0006207760346494295,-2.2418433649185178e-07
522.25,0,1165.777520408083,23,0.09583333333333333,1165.7989498062313,0.0025462658079452747,-0.0005966302205131226,-2.2647432632962124e-07
522.25,0,1165.777520408083,24,0.1,1165.7998815191943,0.0025567419185618784,-0.0005724759156244453,-2.2874745823505958e-07
522.25,0,1165.777520408083,25,0.10416666666666667,1165.8008132321572,0.002567287106824412,-0.0005483362937046449,-2.3102540188335646e-07
522.25,0,1165.777520408083,26,0.10833333333333334,1165.8017449451202,0.002576981662577626,-0.0005240402681580377,-2.330106589275599e-07
522.25,0,1165.777520408083,27,0.1125,1165.802676658083,0.0025853889474534517,-0.0004995070648460933,-2.3455929091787073e-07
522.25,0,1165.777520408083,28,0.11666666666666667,1165.803608371046,0.00259280215098255,-0.00047479105423016643,-2.3576655436934087e-07
522.25,0,1165.777520408083,29,0.12083333333333333,1165.804540084009,0.002600171009405796,-0.0004500645704656244,-2.3694288968791273e-07
522.25,0,1165.777520408083,30,0.125,1165.805471796972,0.002607598232885227,-0.0004253539841550019,-2.3812141259257165e-07
522.25,0,1165.777520408083,31,0.12916666666666665,1165.8064035099349,0.00261496930330147,-0.00040063388349131164,-2.392654849471368e-07
522.25,0,1165.777520408083,32,0.13333333333333333,1165.807335222898,0.002622829575442367,-0.00037597162242472055,-2.4055499496912245e-07
522.25,0,1165.777520408083,33,0.1375,1165.808266935861,0.002629531889931672,-0.0003511723038091411,-2.4144425983764434e-07
522.25,0,1165.777520408083,34,0.14166666666666666,1165.809198648824,0.0026337915937574034,-0.0003260822794862559,-2.4151036060687553e-07
522.25,0,1165.777520408083,35,0.14583333333333334,1165.8101303617868,0.002637919113626245,-0.000300975627005793,-2.4151470358921355e-07
522.25,0,1165.777520408083,36,0.15,1165.8110620747498,0.0026423779345024464,-0.0002759104788762783,-2.4161244140422664e-07
522.25,0,1165.777520408083,37,0.15416666666666667,1165.8119937877127,0.0026467116548194664,-0.000250830340695701,-2.416525800528123e-07
522.25,0,1165.777520408083,38,0.15833333333333333,1165.8129255006756,0.002651217078018374,-0.00022575926371780117,-2.417309446479006e-07
522.25,0,1165.777520408083,39,0.1625,1165.8138572136386,0.0026552779852293163,-0.00020066492377617193,-2.4164751918264783e-07
522.25,0,1165.777520408083,40,0.16666666666666666,1165.8147889266015,0.002658089669745264,-0.00017550046665834989,-2.411398418480734e-07
522.25,0,1165.777520408083,41,0.17083333333333334,1165.8157206395645,0.002659649928639241,-0.0001502669061336376,-2.402073479432255e-07
522.25,0,1165.777520408083,42,0.175,1165.8166523525276,0.002660759272442732,-0.0001250067098138022,-2.3910938253597234e-07
522.25,0,1165.777520408083,43,0.17916666666666667,1165.8175840654906,0.0026620405970032993,-9.975653050862863e-05,-2.3805110692763878e-07
522.25,0,1165.777520408083,44,0.18333333333333332,1165.8185157784535,0.002663195616985864,-7.450742477747548e-05,-2.369360204547819e-07
522.25,0,1165.777520408083,45,0.1875,1165.8194474914164,0.00266468262928285,-4.925399340737405e-05,-2.359066644783306e-07
522.25,0,1165.777520408083,46,0.19166666666666665,1165.8203792043794,0.002666048300053584,-2.400224444146595e-05,-2.3482298625661574e-07
522.25,0,1165.777520408083,47,0.19583333333333333,1165.8213109173423,0.0026649442416485196,1.232717067760033e-06,-2.3294768473261258e-07
522.25,0,1165.777520408083,48,0.2,1165.8222426303053,0.0026626488244767444,2.646042204005163e-05,-2.3068126797151692e-07
522.25,0,1165.777520408083,49,0.20416666666666666,1165.8231743432682,0.0026608489456487715,5.1691079897930045e-05,-2.2855380587153663e-07
522.25,0,1165.777520408083,50,0.20833333333333334,1165.8241060562311,0.0026589942100119237,7.691863402746022e-05,-2.263912806113838e-07
522.25,0,1165.777520408083,51,0.2125,1165.8250377691943,0.002657198110504558,0.00010215524942007362,-2.2422845000564e-07
522.25,0,1165.777520408083,52,0.21666666666666667,1165.8259694821572,0.002655360762531202,0.0001273867504422179,-2.2203732253256121e-07
522.25,0,1165.777520408083,53,0.22083333333333333,1165.8269011951202,0.0026525058496465934,0.00015254809283283923,-2.1953008867178195e-07
522.25,0,1165.777520408083,54,0.225,1165.827832908083,0.002648326647548211,0.0001776176052112469,-2.1661839125144028e-07
522.25,0,1165.777520408083,55,0.22916666666666666,1165.828764621046,0.0026432669196128234,0.0002026263856161112,-2.1343040859603032e-07
522.25,0,1165.777520408083,56,0.23333333333333334,1165.829696334009,0.0026382751727938073,0.00022764186986468893,-2.1024515393563584e-07
522.25,0,1165.777520408083,57,0.2375,1165.830628046972,0.002633276559627859,0.0002526499933026792,-2.0704448287750476e-07
522.25,0,1165.777520408083,58,0.24166666666666667,1165.8315597599349,0.002628307081203313,0.000277665194052762,-2.0383179406837124e-07
522.25,0,1165.777520408083,59,0.24583333333333332,1165.8324914728978,0.002623773001055331,0.00030273795730403435,-2.007189545127172e-07
522.25,0,1165.777520408083,60,0.25,1165.833423185861,0.0026176333155072083,0.0003275969316512565,-1.9716365281035702e-07
522.25,0,1165.777520408083,61,0.25416666666666665,1165.834354898824,0.0026093102253263146,0.0003521663744138749,-1.9301303600606828e-07
522.25,0,1165.777520408083,62,0.2583333333333333,1165.8352866117868,0.0026011556801308123,0.0003767588704646424,-1.888904826743722e-07
522.25,0,1165.777520408083,63,0.2625,1165.8362183247498,0.002593208690700519,0.0004013762445327661,-1.8480815510541116e-07
522.25,0,1165.777520408083,64,0.26666666666666666,1165.8371500377127,0.0025851655403676265,0.0004259832539869513,-1.8068209429595326e-07
522.25,0,1165.777520408083,65,0.2708333333333333,1165.8380817506757,0.002577280737023506,0.0004506207412010401,-1.7657703110047808e-07
522.25,0,1165.777520408083,66,0.275,1165.8390134636386,0.0025687912044729793,0.0004751372662484075,-1.723173247717616e-07
522.25,0,1165.777520408083,67,0.2791666666666667,1165.8399451766015,0.002559050608017276,0.0004994060012963078,-1.6775449092830942e-07
522.25,0,1165.777520408083,68,0.2833333333333333,1165.8408768895645,0.00254816776617597,0.0005234474534623183,-1.6291522321579018e-07
522.25,0,1165.777520408083,69,0.2875,1165.8418086025276,0.0025370197702097525,0.0005474382886053478,-1.5799842309029962e-07
522.25,0,1165.777520408083,70,0.2916666666666667,1165.8427403154906,0.002526013951222023,0.0005714552441076679,-1.5309922140814263e-07
522.25,0,1165.777520408083,71,0.29583333333333334,1165.8436720284535,0.0025148893635179785,0.0005954419454208066,-1.4816203936630653e-07
522.25,0,1165.777520408083,72,0.3,1165.8446037414164,0.0025041723780091178,0.0006195390843817107,-1.4328381915591773e-07
522.25,0,1165.777520408083,73,0.30416666666666664,1165.8455354543794,0.0024929828538994567,0.0006435088746317455,-1.38303899144499e-07
522.25,0,1165.777520408083,74,0.30833333333333335,1165.8464671673423,0.0024793659489474006,0.0006668295845485247,-1.3285766321672117e-07
522.25,0,1165.777520408083,75,0.3125,1165.8473988803053,0.002465065290610692,0.0006899682915750412,-1.2727040587657106e-07
522.25,0,1165.777520408083,76,0.31666666666666665,1165.8483305932682,0.002451207719353052,0.0007132244253894499,-1.2175163692045418e-07
522.25,0,1165.777520408083,77,0.3208333333333333,1165.8492623062311,0.0024372467176062428,0.000736450703035043,-1.1620023140565118e-07
522.25,0,1165.777520408083,78,0.325,1165.8501940191943,0.002423393978172207,0.0007597173233728563,-1.1064609940742658e-07
522.25,0,1165.777520408083,79,0.32916666666666666,1165.8511257321572,0.0024093726743820688,0.000782924037143208,-1.0505753833365373e-07
522.25,0,1165.777520408083,80,0.3333333333333333,1165.8520574451202,0.0023943246183351355,0.0008057811506788411,-9.931567298541256e-08
522.25,0,1165.777520408083,81,0.3375,1165.8529891580831,0.002378091931180794,0.0008282336964336146,-9.340361439191873e-08
522.25,0,1165.777520408083,82,0.3416666666666667,1165.853920871046,0.002361209531227032,0.0008504653700074588,-8.739042206319799e-08
522.25,0,1165.777520408083,83,0.3458333333333333,1165.854852584009,0.002344455519810753,0.0008727423736450442,-8.138004487924818e-08
522.25,0,1165.777520408083,84,0.35,1165.855784296972,0.002327642359129901,0.0008949902463262125,-7.53551701822224e-08
522.25,0,1165.777520408083,85,0.3541666666666667,1165.8567160099349,0.002310951417280311,0.0009172929519178286,-6.932305361111505e-08
522.25,0,1165.777520408083,86,0.35833333333333334,1165.8576477228978,0.0022945123124844466,0.0009397011247611152,-6.329622155364754e-08
522.25,0,1165.777520408083,87,0.3625,1165.858579435861,0.0022763156107610924,0.000961368327793335,-5.712875646632177e-08
522.25,0,1165.777520408083,88,0.36666666666666664,1165.859511148824,0.002256522339107973,0.0009823636057693418,-5.083171843420873e-08
522.25,0,1165.777520408083,89,0.37083333333333335,1165.8604428617869,0.0022370541331534033,0.0010034962314036501,-4.454641687434619e-08
522.25,0,1165.777520408083,90,0.375,1165.8613745747498,0.0022176627081733793,0.0010246577202442514,-3.825724044272783e-08
522.25,0,1165.777520408083,91,0.37916666666666665,1165.8623062877127,0.0021982306475501244,0.0010458078633541752,-3.194752443544636e-08
522.25,0,1165.777520408083,92,0.3833333333333333,1165.8632380006757,0.0021788917609732636,0.0010670032798272512,-2.562926826894116e-08
522.25,0,1165.777520408083,93,0.3875,1165.8641697136386,0.0021589017290426444,0.0010878660673771649,-1.9295867733537967e-08
522.25,0,1165.777520408083,94,0.39166666666666666,1165.8651014266015,0.0021378355833122525,0.0011081800728743021,-1.29475619358625e-08
522.25,0,1165.777520408083,95,0.3958333333333333,1165.8660331395645,0.002115887086730346,0.0011280434362801635,-6.585544768494346e-09
522.25,0,1165.777520408083,96,0.4,1165.8669648525276,0.002093844000262272,0.0011478612658055315,-2.1028230735576324e-10
522.25,0,1165.777520408083,97,0.4041666666666667,1165.8678965654906,0.002071880501609321,0.0011677147670378603,6.1717046509735816e-09
522.25,0,1165.777520408083,98,0.4083333333333333,1165.8688282784535,0.0020498473636541446,0.0011875290519106924,1.2561985150122652e-08
522.25,0,1165.777520408083,99,0.4125,1165.8697599914165,0.002028187133734078,0.0012075720415164746,1.8990792785036354e-08
522.25,0,1165.777520408083,100,0.4166666666666667,1165.8706917043794,0.0020058074701302443,0.0012271743156770233,2.537514078119409e-08
522.25,0,1165.777520408083,101,0.42083333333333334,1165.8716234173423,0.0019814914978622724,0.0012455934348358734,3.162271354246605e-08
522.25,0,1165.777520408083,102,0.425,1165.8725551303053,0.001956938525264427,0.0012638688198439165,3.786173210890292e-08
522.25,0,1165.777520408083,103,0.42916666666666664,1165.8734868432682,0.0019326832060252716,0.0012823238773121374,4.4130665767787e-08
522.25,0,1165.777520408083,104,0.43333333333333335,1165.8744185562311,0.0019083295669282741,0.0013007179776158356,5.0401524244651925e-08
522.25,0,1165.777520408083,105,0.4375,1165.8753502691943,0.001884088633265121,0.0013191959069781183,5.67011162891556e-08
522.25,0,1165.777520408083,106,0.44166666666666665,1165.8762819821573,0.0018595988021155448,0.001337489986606106,6.296565518543071e-08
522.25,0,1165.777520408083,107,0.4458333333333333,1165.8772136951202,0.0018342542456243048,0.0013551622242009426,6.909719632941627e-08
522.25,0,1165.777520408083,108,0.45,1165.8781454080831,0.0018080164921451456,0.0013721830195989743,7.508735359059642e-08
522.25,0,1165.777520408083,109,0.45416666666666666,1165.879077121046,0.0017813999408671536,0.0013889294756794716,8.102141133657638e-08
522.25,0,1165.777520408083,110,0.4583333333333333,1165.880008834009,0.0017549038281764553,0.0014057641237892674,8.698396210560476e-08
522.25,0,1165.777520408083,111,0.46249999999999997,1165.880940546972,0.0017283362535476963,0.0014225347485606289,9.29334648311095e-08
522.25,0,1165.777520408083,112,0.4666666666666667,1165.8818722599349,0.0017019385784351876,0.0014394567359866334,9.893910978991805e-08
522.25,0,1165.777520408083,113,0.4708333333333333,1165.8828039728978,0.0016755642704419803,0.001456397814175471,1.0495764639997722e-07
522.25,0,1165.777520408083,114,0.475,1165.8837356858608,0.0016476961692201467,0.0014720401342525635,1.1057557815747607e-07
522.25,0,1165.777520408083,115,0.4791666666666667,1165.884667398824,0.0016189310931035048,0.001486903911966962,1.1595503428563298e-07
522.25,0,1165.777520408083,116,0.48333333333333334,1165.8855991117869,0.0015904696673429944,0.0015020314571746538,1.2142283336360328e-07
522.25,0,1165.777520408083,117,0.4875,1165.8865308247498,0.0015620016206687173,0.0015171485385747133,1.268920125813685e-07
522.25,0,1165.777520408083,118,0.49166666666666664,1165.8874625377127,0.0015335412117314273,0.0015322841824952007,1.323771817359338e-07
522.25,0,1165.777520408083,119,0.49583333333333335,1165.8883942506757,0.0015050932676429322,0.0015474290116686501,1.3787110570138885e-07
522.25,0,1165.777520408083,120,0.5,1165.8893259636386,0.0014761068293954686,0.001562011916030546,1.431559823724946e-07
522.25,0,1165.777520408083,121,0.5041666666666667,1165.8902576766015,0.001446370223274549,0.001575811915182041,1.481470430683088e-07
522.25,0,1165.777520408083,122,0.5083333333333333,1165.8911893895645,0.0014160952935833183,0.0015890499897845522,1.529279339346403e-07
522.25,0,1165.777520408083,123,0.5125,1165.8921211025274,0.0013858277780668716,0.0016022996174331573,1.577181873911795e-07
522.25,0,1165.777520408083,124,0.5166666666666666,1165.8930528154906,0.001355581821497063,0.0016155611671619208,1.6251544387590466e-07
522.25,0,1165.777520408083,125,0.5208333333333334,1165.8939845284535,0.0013253245522372125,0.001628814466478334,1.6731465251631862e-07
522.25,0,1165.777520408083,126,0.525,1165.8949162414165,0.0012953013660240453,0.0016423651990253516,1.722483230330619e-07
522.25,0,1165.777520408083,127,0.5291666666666667,1165.8958479543794,0.001264587603959471,0.001655037549714502,1.7680343775861104e-07
522.25,0,1165.777520408083,128,0.5333333333333333,1165.8967796673423,0.0012327208534176426,0.001666246364846173,1.8072558441085696e-07
522.25,0,1165.777520408083,129,0.5375,1165.8977113803053,0.0012008705632783438,0.0016774776424537431,1.8466091171652643e-07
522.25,0,1165.777520408083,130,0.5416666666666666,1165.8986430932682,0.0011691562185847165,0.0016888767552819667,1.8867218761760878e-07
522.25,0,1165.777520408083,131,0.5458333333333333,1165.8995748062312,0.0011373842110907943,0.0017002051526217358,1.9265649003302434e-07
522.25,0,1165.777520408083,132,0.55,1165.900506519194,0.0011056834898785172,0.0017116454984612962,1.9669709407064493e-07
522.25,0,1165.777520408083,133,0.5541666666666667,1165.9014382321573,0.0010737625464048279,0.0017227348815196239,2.005739165337922e-07
522.25,0,1165.777520408083,134,0.5583333333333333,1165.9023699451202,0.001041316056792102,0.0017329949952588723,2.040603665962429e-07
522.25,0,1165.777520408083,135,0.5625,1165.9033016580831,0.0010083687205166062,0.001742462261028412,2.0717353783974258e-07
522.25,0,1165.777520408083,136,0.5666666666666667,1165.904233371046,0.0009752719917622247,0.0017516976749316511,2.1017981184089116e-07
522.25,0,1165.777520408083,137,0.5708333333333333,1165.905165084009,0.0009422437299267169,0.0017610382805149287,2.1323721887756384e-07
522.25,0,1165.777520408083,138,0.575,1165.906096796972,0.000909171617057817,0.0017702915726199025,2.1625371656431064e-07
522.25,0,1165.777520408083,139,0.5791666666666666,1165.907028509935,0.0008762256170188822,0.0017798073629130228,2.194030247222173e-07
522.25,0,1165.777520408083,140,0.5833333333333334,1165.9079602228978,0.0008431783368129639,0.0017891138630774218,2.2245063417346058e-07
522.25,0,1165.777520408083,141,0.5875,1165.9088919358608,0.0008092919188115759,0.001796706919915247,2.2464297877269345e-07
522.25,0,1165.777520408083,142,0.5916666666666667,1165.909823648824,0.0007750922597731747,0.001803662877045554,2.2651694192179482e-07
522.25,0,1165.777520408083,143,0.5958333333333333,1165.9107553617869,0.0007410553777784238,0.00181094917967155,2.2855772966724348e-07
522.25,0,1165.777520408083,144,0.6,1165.9116870747498,0.0007069926611577527,0.0018181749798613631,2.3056769403582828e-07
522.25,0,1165.777520408083,145,0.6041666666666666,1165.9126187877127,0.0006729474416672718,0.0018254665655798024,2.3261475035851357e-07
522.25,0,1165.777520408083,146,0.6083333333333333,1165.9135505006757,0.0006388772657529162,0.0018326789255102823,2.34621875447848e-07
522.25,0,1165.777520408083,147,0.6125,1165.9144822136386,0.0006045406008744136,0.0018391428494727773,2.362445906554842e-07
522.25,0,1165.777520408083,148,0.6166666666666667,1165.9154139266016,0.0005698801183787196,0.0018446944364330388,2.373985684168137e-07
522.25,0,1165.777520408083,149,0.6208333333333333,1165.9163456395645,0.0005350228334809391,0.0018496937943751164,2.3826914489021098e-07
522.25,0,1165.777520408083,150,0.625,1165.9172773525274,0.0005001907873153981,0.0018547713190522534,2.3917986284161144e-07
522.25,0,1165.777520408083,151,0.6291666666666667,1165.9182090654906,0.00046535868586189004,0.0018598178077469407,2.4007488579046633e-07
522.25,0,1165.777520408083,152,0.6333333333333333,1165.9191407784535,0.00043053620757789316,0.0018649256411343935,2.4100260206550123e-07
522.25,0,1165.777520408083,153,0.6375,1165.9200724914165,0.0003957743587057903,0.0018702985610921292,2.42067357132445e-07
522.25,0,1165.777520408083,154,0.6416666666666666,1165.9210042043794,0.0003607182750502564,0.001874370072090455,2.4245974826858367e-07
522.25,0,1165.777520408083,155,0.6458333333333334,1165.9219359173424,0.00032533671476445543,0.0018770084823335228,2.421107402734184e-07
522.25,0,1165.777520408083,156,0.65,1165.9228676303053,0.00029000087129797827,0.0018798519411610947,2.4186721871730286e-07
522.25,0,1165.777520408083,157,0.6541666666666667,1165.9237993432682,0.0002546919625139352,0.0018827962526831918,2.416761004847195e-07
522.25,0,1165.777520408083,158,0.6583333333333333,1165.9247310562312,0.00021936661557416038,0.001885690790698849,2.4145849229777944e-07
522.25,0,1165.777520408083,159,0.6625,1165.925662769194,0.00018405354357176092,0.0018886868196064425,2.4129287019075266e-07
522.25,0,1165.777520408083,160,0.6666666666666666,1165.9265944821573,0.0001486895392526155,0.0018911724188894737,2.4086719177568687e-07
522.25,0,1165.777520408083,161,0.6708333333333333,1165.9275261951202,0.00011323045387974622,0.0018927268944095214,2.39968179095289e-07
522.25,0,1165.777520408083,162,0.675,1165.9284579080831,7.769012802099776e-05,0.0018934746817448089,2.3865776061386423e-07
522.25,0,1165.777520408083,163,0.6791666666666667,1165.929389621046,4.2133294126532454e-05,0.001894089182188565,2.3727924880318757e-07
522.25,0,1165.777520408083,164,0.6833333333333333,1165.930321334009,6.589541712646624e-06,0.0018947899935659817,2.3594497502890662e-07
522.25,0,1165.777520408083,165,0.6875,1165.931253046972,-2.8955404014702772e-05,0.0018954115049768469,2.3457098731278526e-07
522.25,0,1165.777520408083,166,0.6916666666666667,1165.932184759935,-6.45091041353252e-05,0.0018963688066478135,2.3336090582298443e-07
522.25,0,1165.777520408083,167,0.6958333333333333,1165.9331164728978,-0.00010005021625317468,0.0018968074986681262,2.3189638809409155e-07
522.25,0,1165.777520408083,168,0.7,1165.9340481858608,-0.0001355508670730998,0.0018954042404290426,2.2952981888823982e-07
522.25,0,1165.777520408083,169,0.7041666666666666,1165.934979898824,-0.0001710448293647535,0.001893642090980259,2.2698718475903443e-07
522.25,0,1165.777520408083,170,0.7083333333333334,1165.9359116117869,-0.00020654372836401627,0.0018921896963751991,2.2459549690860383e-07
522.25,0,1165.777520408083,171,0.7125,1165.9368433247498,-0.00024203861162296335,0.0018906477718064949,2.2216078461042865e-07
522.25,0,1165.777520408083,172,0.7166666666666667,1165.9377750377128,-0.00027755152916873955,0.0018892094396350922,2.197736895932071e-07
522.25,0,1165.777520408083,173,0.7208333333333333,1165.9387067506757,-0.0003130334329587552,0.0018875772559444322,2.1729707263684687e-07
522.25,0,1165.777520408083,174,0.725,1165.9396384636386,-0.0003483938115657055,0.001885106811846623,2.1443357474752377e-07
522.25,0,1165.777520408083,175,0.7291666666666666,1165.9405701766016,-0.00038361966790502434,0.0018817189690922959,2.1114971553360625e-07
522.25,0,1165.777520408083,176,0.7333333333333333,1165.9415018895645,-0.00041878206896931613,0.001877887225060127,2.07661152469881e-07
522.25,0,1165.777520408083,177,0.7375,1165.9424336025274,-0.0004539626135030025,0.0018741712293123562,2.0422462090168043e-07
522.25,0,1165.777520408083,178,0.7416666666666667,1165.9433653154906,-0.0004891214988359011,0.001870387961188187,2.007620056713794e-07
522.25,0,1165.777520408083,179,0.7458333333333333,1165.9442970284535,-0.0005243239447716035,0.0018667509008465282,1.9735922717311042e-07
522.25,0,1165.777520408083,180,0.75,1165.9452287414165,-0.0005595580071114014,0.0018632335660522697,1.9400692923357294e-07
522.25,0,1165.777520408083,181,0.7541666666666667,1165.9461604543794,-0.0005943700757965974,0.001858167400829989,1.9000533443866773e-07
522.25,0,1165.777520408083,182,0.7583333333333333,1165.9470921673424,-0.0006288730045311896,0.0018519619996114334,1.8552676416487508e-07
522.25,0,1165.777520408083,183,0.7625,1165.9480238803053,-0.0006634601990710391,0.0018460653405965402,1.8117697880494325e-07
522.25,0,1165.777520408083,184,0.7666666666666666,1165.9489555932682,-0.000698048947943814,0.0018401905579093377,1.7683989652356015e-07
522.25,0,1165.777520408083,185,0.7708333333333334,1165.9498873062312,-0.0007326447764126095,0.0018343085168976757,1.7249623926880895e-07
522.25,0,1165.777520408083,186,0.775,1165.9508190191941,-0.0007672567263377317,0.0018284739231313803,1.68172506522196e-07
522.25,0,1165.777520408083,187,0.7791666666666667,1165.9517507321573,-0.0008016251368270379,0.001822035080791091,1.636263248449933e-07
522.25,0,1165.777520408083,188,0.7833333333333333,1165.9526824451202,-0.0008356277810650074,0.0018146875001734235,1.587458786347711e-07
522.25,0,1165.777520408083,189,0.7875,1165.9536141580832,-0.0008693489955387618,0.0018066419523961764,1.5361014615450515e-07
522.25,0,1165.777520408083,190,0.7916666666666666,1165.954545871046,-0.000903061744487558,0.0017985672759790552,1.4846363250769166e-07
522.25,0,1165.777520408083,191,0.7958333333333333,1165.955477584009,-0.000936784030886931,0.0017905346827315977,1.4333708978018253e-07
522.25,0,1165.777520408083,192,0.8,1165.956409296972,-0.0009704903872291313,0.0017824647018343292,1.3819896593597253e-07
522.25,0,1165.777520408083,193,0.8041666666666667,1165.957341009935,-0.0010043746152921822,0.001774723081901603,1.3316234196953874e-07
522.25,0,1165.777520408083,194,0.8083333333333333,1165.9582727228978,-0.0010378311360075315,0.0017661916586171722,1.2788596914585675e-07
522.25,0,1165.777520408083,195,0.8125,1165.9592044358608,-0.0010704033835214279,0.0017560223228451756,1.2210864211415394e-07
522.25,0,1165.777520408083,196,0.8166666666666667,1165.9601361488237,-0.0011029332479598078,0.00174577226214814,1.163091819751578e-07
522.25,0,1165.777520408083,197,0.8208333333333333,1165.961067861787,-0.0011355793341903066,0.0017357430367760962,1.1058022296481952e-07
522.25,0,1165.777520408083,198,0.825,1165.9619995747498,-0.0011681804807598078,0.0017256300662291035,1.0482942779346227e-07
522.25,0,1165.777520408083,199,0.8291666666666666,1165.9629312877128,-0.0012008578124130017,0.0017156270185187995,9.910536895230765e-08
522.25,0,1165.777520408083,200,0.8333333333333334,1165.9638630006757,-0.0012333348029797747,0.0017053357241853437,9.33174458995866e-08
522.25,0,1165.777520408083,201,0.8375,1165.9647947136386,-0.0012652619410516376,0.00169424280763323,8.734357745426887e-08
522.25,0,1165.777520408083,202,0.8416666666666667,1165.9657264266016,-0.0012966388563286637,0.0016823503902040308,8.118722106446122e-08
522.25,0,1165.777520408083,203,0.8458333333333333,1165.9666581395645,-0.0013278222164697499,0.0016701728398637353,7.496623860853666e-08
522.25,0,1165.777520408083,204,0.85,1165.9675898525275,-0.0013590805087538207,0.001658105370123809,6.877498268756541e-08
522.25,0,1165.777520408083,205,0.8541666666666666,1165.9685215654904,-0.0013902732141575793,0.0016459607988549539,6.25761278375724e-08
522.25,0,1165.777520408083,206,0.8583333333333333,1165.9694532784536,-0.0014216417409689142,0.001634019801966338,5.640929297099165e-08
522.25,0,1165.777520408083,207,0.8624999999999999,1165.9703849914165,-0.0014529399806311788,0.0016219974986207723,5.023535471588134e-08
522.25,0,1165.777520408083,208,0.8666666666666667,1165.9713167043794,-0.0014829610399265752,0.0016084680605907274,4.383860324955596e-08
522.25,0,1165.777520408083,209,0.8708333333333333,1165.9722484173424,-0.0015123777733453026,0.0015942238219737409,3.7338429647156314e-08
522.25,0,1165.777520408083,210,0.875,1165.9731801303053,-0.0015420497624292343,0.001580281640999647,3.088976147086636e-08
522.25,0,1165.777520408083,211,0.8791666666666667,1165.9741118432682,-0.0015716886408143386,0.0015663057337286198,2.4441838649799095e-08
522.25,0,1165.777520408083,212,0.8833333333333333,1165.9750435562312,-0.0016013697987103028,0.0015523626769419919,1.799766489820189e-08
522.25,0,1165.777520408083,213,0.8875,1165.9759752691941,-0.0016310209517118644,0.0015383940593706987,1.1557749259514564e-08
522.25,0,1165.777520408083,214,0.8916666666666666,1165.976906982157,-0.001660067700830162,0.0015238355879156164,5.091176127755331e-09
522.25,0,1165.777520408083,215,0.8958333333333334,1165.9778386951202,-0.0016883313958713985,0.0015085136445658186,-1.4105730307606216e-09
522.25,0,1165.777520408083,216,0.9,1165.9787704080832,-0.0017160781048084395,0.001492687225445603,-7.932980652341883e-09
522.25,0,1165.777520408083,217,0.9041666666666667,1165.979702121046,-0.0017438695283490775,0.0014769009709287933,-1.4449180521752354e-08
522.25,0,1165.777520408083,218,0.9083333333333333,1165.980633834009,-0.0017716470309883238,0.0014611127572217596,-2.095361821607274e-08
522.25,0,1165.777520408083,219,0.9125,1165.981565546972,-0.0017994502531164245,0.001445340983319206,-2.7453378797391356e-08
522.25,0,1165.777520408083,220,0.9166666666666666,1165.982497259935,-0.0018275416598532422,0.0014298040747078805,-3.3961286374161314e-08
522.25,0,1165.777520408083,221,0.9208333333333333,1165.9834289728979,-0.0018545484426684949,0.0014133847290934433,-4.04129458504314e-08
522.25,0,1165.777520408083,222,0.9249999999999999,1165.9843606858608,-0.0018801042143861914,0.0013957830104069473,-4.679186380464491e-08
522.25,0,1165.777520408083,223,0.9291666666666667,1165.9852923988237,-0.0019057797167941748,0.0013782778699280127,-5.316756671270608e-08
522.25,0,1165.777520408083,224,0.9333333333333333,1165.986224111787,-0.00193158751841128,0.0013608844864045418,-5.953944453993289e-08
522.25,0,1165.777520408083,225,0.9375,1165.9871558247498,-0.0019573350852410804,0.0013434383780999506,-6.590246708867935e-08
522.25,0,1165.777520408083,226,0.9416666666666667,1165.9880875377128,-0.0019831991982674504,0.001326073130715216,-7.227169960893084e-08
522.25,0,1165.777520408083,227,0.9458333333333333,1165.9890192506757,-0.0020086048763040777,0.0013083960063010416,-7.85753933286441e-08
522.25,0,1165.777520408083,228,0.95,1165.9899509636386,-0.00203307431038881,0.0012900787502726256,-8.475479172877074e-08
522.25,0,1165.777520408083,229,0.9541666666666666,1165.9908826766016,-0.0020566910931272817,0.0012711797741601547,-9.081968738080155e-08
522.25,0,1165.777520408083,230,0.9583333333333334,1165.9918143895645,-0.0020801166077342092,0.0012521474528204833,-9.685275594503883e-08
522.25,0,1165.777520408083,231,0.9625,1165.9927461025275,-0.002103644666028141,0.0012331881367170312,-1.0288747220023354e-07
522.25,0,1165.777520408083,232,0.9666666666666667,1165.9936778154904,-0.0021270764558566383,0.001214171809356231,-1.0889573895887306e-07
522.25,0,1165.777520408083,233,0.9708333333333333,1165.9946095284536,-0.0021508511644439785,0.0011953500778561397,-1.149584047192965e-07
522.25,0,1165.777520408083,234,0.975,1165.9955412414165,-0.00217421958307176,0.0011762968871615522,-1.2093646940571912e-07
522.25,0,1165.777520408083,235,0.9791666666666666,1165.9964729543794,-0.002195568308966035,0.0011560881320301693,-1.2652696296607782e-07
522.25,0,1165.777520408083,236,0.9833333333333333,1165.9974046673424,-0.0022163624366516197,0.0011355609492048465,-1.3200339164753552e-07
522.25,0,1165.777520408083,237,0.9874999999999999,1165.9983363803053,-0.0022375220680707765,0.0011152442156247913,-1.375361302148213e-07
522.25,0,1165.777520408083,238,0.9916666666666667,1165.9992680932683,-0.002258591931369811,0.001094878757829816,-1.43039564004969e-07
522.25,0,1165.777520408083,239,0.9958333333333333,1166.0001998062312,-0.0022797672483738014,0.0010745598657551383,-1.4855919494130847e-07
522.25,0,1165.777520408083,240,1.0,1166.0011315191941,-0.0023007794922044723,0.001054165885205419,-1.540278059790198e-07
522.25,1,1166.277520408083,0,0.0,1166.277520408083,0.0026406593636766175,0.00022387106400056735,-2.1132810204810935e-07
522.25,1,1166.277520408083,1,0.004166666666666667,1166.278452121046,0.002634782258504723,0.0002487833903471862,-2.078852581774226e-07
522.25,1,1166.277520408083,2,0.008333333333333333,1166.279383834009,0.0026287119986411634,0.00027368051991323654,-2.043693993743767e-07
522.25,1,1166.277520408083,3,0.0125,1166.280315546972,0.0026227653954655388,0.0002985857258755275,-2.0087345459876032e-07
522.25,1,1166.277520408083,4,0.016666666666666666,1166.2812472599348,0.002616707746653438,0.0003234759287136041,-1.9733178208086223e-07
522.25,1,1166.277520408083,5,0.020833333333333332,1166.282178972898,0.0026111099051714863,0.0003484378981125225,-1.938896150832304e-07
522.25,1,1166.277520408083,6,0.025,1166.283110685861,0.0026048149312146093,0.0003732917997676993,-1.9025327552478688e-07
522.25,1,1166.277520408083,7,0.029166666666666667,1166.2840423988239,0.0025959837634100336,0.0003977555347096545,-1.859567369279262e-07
522.25,1,1166.277520408083,8,0.03333333333333333,1166.2849741117868,0.002586643285733559,0.00042214185219107423,-1.815132874191872e-07
522.25,1,1166.277520408083,9,0.0375,1166.2859058247498,0.0025777325214997484,0.000446592882688581,-1.7716447901449546e-07
522.25,1,1166.277520408083,10,0.041666666666666664,1166.2868375377127,0.002568699611515497,0.00047102360787546296,-1.7276903713164756e-07
522.25,1,1166.277520408083,11,0.04583333333333333,1166.2877692506756,0.00255980456842652,0.0004954869865663044,-1.6838558909369042e-07
522.25,1,1166.277520408083,12,0.05,1166.2887009636386,0.0025506541650512633,0.0005198920383040087,-1.639319940283576e-07
522.25,1,1166.277520408083,13,0.05416666666666667,1166.2896326766015,0.0025403735737643636,0.0005440485246288217,-1.5921816473642636e-07
522.25,1,1166.277520408083,14,0.058333333333333334,1166.2905643895647,0.002528851459971631,0.000567930837854335,-1.5422162548792775e-07
522.25,1,1166.277520408083,15,0.0625,1166.2914961025276,0.0025167225383683836,0.0005916802875357342,-1.4907909428221002e-07
522.25,1,1166.277520408083,16,0.06666666666666667,1166.2924278154906,0.0025047489031587004,0.0006154650179017954,-1.4395283343868402e-07
522.25,1,1166.277520408083,17,0.07083333333333333,1166.2933595284535,0.002492688053210732,0.0006392217409054654,-1.387987241742861e-07
522.25,1,1166.277520408083,18,0.075,1166.2942912414164,0.00248081619006596,0.0006630362731264248,-1.3365963617044492e-07
522.25,1,1166.277520408083,19,0.07916666666666666,1166.2952229543794,0.0024691123929141486,0.0006868989185988987,-1.285347041097993e-07
522.25,1,1166.277520408083,20,0.08333333333333333,1166.2961546673423,0.002455363675309083,0.0007101666622138975,-1.2304722205092356e-07
522.25,1,1166.277520408083,21,0.0875,1166.2970863803052,0.0024400873462089292,0.0007329908306249889,-1.1728724033603739e-07
522.25,1,1166.277520408083,22,0.09166666666666666,1166.2980180932682,0.002425217444378802,0.0007559333480686121,-1.1158204338000306e-07
522.25,1,1166.277520408083,23,0.09583333333333333,1166.2989498062313,0.0024103808601418685,0.0007788822807663346,-1.058701268823392e-07
522.25,1,1166.277520408083,24,0.1,1166.2998815191943,0.002395530621458691,0.0008018340006224911,-1.0013610648518183e-07
522.25,1,1166.277520408083,25,0.10416666666666667,1166.3008132321572,0.002380745796410257,0.0008248073414302007,-9.439822042021886e-08
522.25,1,1166.277520408083,26,0.10833333333333334,1166.3017449451202,0.002365179606012435,0.0008474943514287525,-8.855514684176211e-08
522.25,1,1166.277520408083,27,0.1125,1166.302676658083,0.002348430575852736,0.0008697481161116074,-8.256392313310762e-08
522.25,1,1166.277520408083,28,0.11666666666666667,1166.303608371046,0.002330768424311397,0.0008916671093614066,-7.645508395795248e-08
522.25,1,1166.277520408083,29,0.12083333333333333,1166.304540084009,0.002313063365413496,0.0009135729669811971,-7.032537100731568e-08
522.25,1,1166.277520408083,30,0.125,1166.305471796972,0.0022954167726429065,0.0009354945841009609,-6.419418770719913e-08
522.25,1,1166.277520408083,31,0.12916666666666665,1166.3064035099349,0.002277719337926067,0.00095739671075321,-5.804475566848654e-08
522.25,1,1166.277520408083,32,0.13333333333333333,1166.307335222898,0.0022604411095942397,0.0009794875115670958,-5.1903873081367674e-08
522.25,1,1166.277520408083,33,0.1375,1166.308266935861,0.002242170527210801,0.0010011318080222213,-4.569913050746679e-08
522.25,1,1166.277520408083,34,0.14166666666666666,1166.309198648824,0.00222180494974823,0.0010218354811083951,-3.937559189153699e-08
522.25,1,1166.277520408083,35,0.14583333333333334,1166.3101303617868,0.0022013252249353165,0.0010424889961491417,-3.303192553349845e-08
522.25,1,1166.277520408083,36,0.15,1166.3110620747498,0.0021811315462316916,0.0010632685425266044,-2.6693635160654767e-08
522.25,1,1166.277520408083,37,0.15416666666666667,1166.3119937877127,0.002160830432137239,0.00108400001616778,-2.0338307224500116e-08
522.25,1,1166.277520408083,38,0.15833333333333333,1166.3129255006756,0.002140665957495108,0.0011048060126939852,-1.3968603415456e-08
522.25,1,1166.277520408083,39,0.1625,1166.3138572136386,0.0021201480532454745,0.001125418809606654,-7.595314212578299e-09
522.25,1,1166.277520408083,40,0.16666666666666666,1166.3147889266015,0.0020986324487501967,0.001145492035049637,-1.2315740378032704e-09
522.25,1,1166.277520408083,41,0.17083333333333334,1166.3157206395645,0.0020761184496230216,0.001165023928590565,5.121251000795401e-09
522.25,1,1166.277520408083,42,0.175,1166.3166523525276,0.0020532431372527267,0.0011843620093243785,1.1477827537685209e-08
522.25,1,1166.277520408083,43,0.17916666666666667,1166.3175840654906,0.002030505469136529,0.0012037741754267028,1.784766661272315e-08
522.25,1,1166.277520408083,44,0.18333333333333332,1166.3185157784535,0.0020076745887221783,0.0012231256812174312,2.4217260330211772e-08
522.25,1,1166.277520408083,45,0.1875,1166.3194474914164,0.001985087355522094,0.0012426376454982714,3.062454730986524e-08
522.25,1,1166.277520408083,46,0.19166666666666665,1166.3203792043794,0.0019624111305689314,0.001262090847496791,3.703101198683915e-08
522.25,1,1166.277520408083,47,0.19583333333333333,1166.3213109173423,0.0019379082815894942,0.0012803616436897535,4.3257391598494446e-08
522.25,1,1166.277520408083,48,0.2,1166.3222426303053,0.0019125235037901161,0.001298062673987535,4.9401191389316934e-08
522.25,1,1166.277520408083,49,0.20416666666666666,1166.3231743432682,0.0018875055839807492,0.0013160007223281612,5.5592267137914184e-08
522.25,1,1166.277520408083,50,0.20833333333333334,1166.3241060562311,0.00186244974754519,0.0013339103106842162,6.178374402808313e-08
522.25,1,1166.277520408083,51,0.2125,1166.3250377691943,0.0018374290721307064,0.0013518545609122405,6.79974957581097e-08
522.25,1,1166.277520408083,52,0.21666666666666667,1166.3259694821572,0.0018123824028306841,0.00136977542235398,7.421140617916336e-08
522.25,1,1166.277520408083,53,0.22083333333333333,1166.3269011951202,0.001786642491086662,0.001387161979729262,8.02958797425227e-08
522.25,1,1166.277520408083,54,0.225,1166.327832908083,0.0017600007974597064,0.0014038528489766623,8.620764631820358e-08
522.25,1,1166.277520408083,55,0.22916666666666666,1166.328764621046,0.0017327593021393218,0.0014200813262112992,9.20065235163672e-08
522.25,1,1166.277520408083,56,0.23333333333333334,1166.329696334009,0.0017055621939018391,0.001436346996057847,9.782305778549083e-08
522.25,1,1166.277520408083,57,0.2375,1166.330628046972,0.0016783668359512027,0.0014526039804949814,1.0364012637547177e-07
522.25,1,1166.277520408083,58,0.24166666666666667,1166.3315597599349,0.00165118666680698,0.001468879984614095,1.0947280481461925e-07
522.25,1,1166.277520408083,59,0.24583333333333332,1166.3324914728978,0.0016242771892177436,0.001485405117946679,1.153961026975649e-07
522.25,1,1166.277520408083,60,0.25,1166.333423185861,0.0015963705780518088,0.0015010104419974886,1.2101509985541473e-07
522.25,1,1166.277520408083,61,0.25416666666666665,1166.334354898824,0.0015671068697986114,0.0015153658481461855,1.2621710097601917e-07
522.25,1,1166.277520408083,62,0.2583333333333333,1166.3352866117868,0.0015379472543696152,0.0015298182532789452,1.3145753197014482e-07
522.25,1,1166.277520408083,63,0.2625,1166.3362183247498,0.0015089191193140897,0.0015443875584638272,1.3674234329835655e-07
522.25,1,1166.277520408083,64,0.26666666666666666,1166.3371500377127,0.0014798290095142533,0.0015589035184036307,1.4201523716402264e-07
522.25,1,1166.277520408083,65,0.2708333333333333,1166.3380817506757,0.0014508283982479122,0.001573517244688701,1.473328175019157e-07
522.25,1,1166.277520408083,66,0.275,1166.3390134636386,0.0014214901673262617,0.0015877543615750627,1.5250404996187886e-07
522.25,1,1166.277520408083,67,0.2791666666666667,1166.3399451766015,0.0013914511738749452,0.00160121427556564,1.573688672930375e-07
522.25,1,1166.277520408083,68,0.2833333333333333,1166.3408768895645,0.0013607733494577204,0.0016139638590170389,1.6195253187015696e-07
522.25,1,1166.277520408083,69,0.2875,1166.3418086025276,0.0013299452250132766,0.0016265502038199351,1.664764405909024e-07
522.25,1,1166.277520408083,70,0.2916666666666667,1166.3427403154906,0.0012991986967145713,0.0016392232788675761,1.71037918306995e-07
522.25,1,1166.277520408083,71,0.29583333333333334,1166.3436720284535,0.001268391918811796,0.0016518176405079345,1.7556955655914332e-07
522.25,1,1166.277520408083,72,0.3,1166.3446037414164,0.0012377855703309636,0.0016646872437840617,1.802285088699777e-07
522.25,1,1166.277520408083,73,0.30416666666666664,1166.3455354543794,0.0012069461369496842,0.0016772382348626343,1.8474896451539653e-07
522.25,1,1166.277520408083,74,0.30833333333333335,1166.3464671673423,0.0011749050888527769,0.0016881558101365126,1.8853805183788305e-07
522.25,1,1166.277520408083,75,0.3125,1166.3473988803053,0.0011425247157889928,0.0016986140865025063,1.9212545199485783e-07
522.25,1,1166.277520408083,76,0.31666666666666665,1166.3483305932682,0.001110364663218779,0.001709369712254297,1.9584881325692477e-07
522.25,1,1166.277520408083,77,0.3208333333333333,1166.3492623062311,0.0010781554977043056,0.0017200540477748107,1.995417723023877e-07
522.25,1,1166.277520408083,78,0.325,1166.3501940191943,0.001045989264372935,0.0017308196950674157,2.0327778738812047e-07
522.25,1,1166.277520408083,79,0.32916666666666666,1166.3511257321572,0.0010137534188561486,0.0017414609582290692,2.0695647585928196e-07
522.25,1,1166.277520408083,80,0.3333333333333333,1166.3520574451202,0.0009810797384869634,0.001751355325014365,2.1027611162148742e-07
522.25,1,1166.277520408083,81,0.3375,1166.3529891580831,0.0009479018964842083,0.0017603872381064855,2.1317959805720845e-07
522.25,1,1166.277520408083,82,0.3416666666666667,1166.353920871046,0.0009144466855547072,0.0017689469621240117,2.1585757756880573e-07
522.25,1,1166.277520408083,83,0.3458333333333333,1166.354852584009,0.0008810446996192394,0.001777601238153607,2.1858308141428376e-07
522.25,1,1166.277520408083,84,0.35,1166.355784296972,0.0008476259184851439,0.001786205817619551,2.2128443341856842e-07
522.25,1,1166.277520408083,85,0.3541666666666667,1166.3567160099349,0.0008142468763802701,0.0017949090815388812,2.2403798107170245e-07
522.25,1,1166.277520408083,86,0.35833333333333334,1166.3576477228978,0.0007809567188693521,0.0018038101238821353,2.2689312718022222e-07
522.25,1,1166.277520408083,87,0.3625,1166.358579435861,0.0007470506761887255,0.0018113268127994211,2.2904930687515306e-07
522.25,1,1166.277520408083,88,0.36666666666666664,1166.359511148824,0.0007125841584589154,0.0018175867584450498,2.305697527090527e-07
522.25,1,1166.277520408083,89,0.37083333333333335,1166.3604428617869,0.0006782312266842682,0.0018241030171104193,2.3222120871159213e-07
522.25,1,1166.277520408083,90,0.375,1166.3613745747498,0.0006439084886344218,0.0018306771769697214,2.339032534762828e-07
522.25,1,1166.277520408083,91,0.37916666666666665,1166.3623062877127,0.0006095661612985187,0.0018372235401022086,2.3557193359504867e-07
522.25,1,1166.277520408083,92,0.3833333333333333,1166.3632380006757,0.0005752507619315016,0.0018438478152947159,2.372813701566354e-07
522.25,1,1166.277520408083,93,0.3875,1166.3641697136386,0.0005407617956532568,0.0018499158293770193,2.387043915698328e-07
522.25,1,1166.277520408083,94,0.39166666666666666,1166.3651014266015,0.0005059849667669783,0.0018550654089908144,2.3965358847635576e-07
522.25,1,1166.277520408083,95,0.3958333333333333,1166.3660331395645,0.0004709728113926087,0.001859461426691743,2.402131541816235e-07
522.25,1,1166.277520408083,96,0.4,1166.3669648525276,0.00043593283936770646,0.0018637787547914058,2.4073276312591354e-07
522.25,1,1166.277520408083,97,0.4041666666666667,1166.3678965654906,0.0004009187794946231,0.001868160310747385,2.412856591141538e-07
522.25,1,1166.277520408083,98,0.4083333333333333,1166.3688282784535,0.000365889587305429,0.0018724796559901784,2.4180645649221987e-07
522.25,1,1166.277520408083,99,0.4125,1166.3697599914165,0.00033092390799817004,0.001877146029416415,2.425075325876004e-07
522.25,1,1166.277520408083,100,0.4166666666666667,1166.3706917043794,0.0002958351027593656,0.0018811432882273064,2.428627855456699e-07
522.25,1,1166.277520408083,101,0.42083333333333334,1166.3716234173423,0.00026041211063816634,0.0018833422086941872,2.422903353634482e-07
522.25,1,1166.277520408083,102,0.425,1166.3725551303053,0.00022494717812451435,0.001885321864774564,2.4160482008832617e-07
522.25,1,1166.277520408083,103,0.42916666666666664,1166.3734868432682,0.00018953567258931894,0.0018875762635494953,2.4106008855903663e-07
522.25,1,1166.277520408083,104,0.43333333333333335,1166.3744185562311,0.00015410808969389177,0.0018897387061093374,2.404689703227295e-07
522.25,1,1166.277520408083,105,0.4375,1166.3753502691943,0.00011868589670434967,0.0018920169778189697,2.3993538405035436e-07
522.25,1,1166.277520408083,106,0.44166666666666665,1166.3762819821573,8.325050235726419e-05,0.0018940403867312077,2.3927295222097333e-07
522.25,1,1166.277520408083,107,0.4458333333333333,1166.3772136951202,4.7761045613477966e-05,0.0018951956933629215,2.3817264219099187e-07
522.25,1,1166.277520408083,108,0.45,1166.3781454080831,1.2216610729331814e-05,0.0018954427812109553,2.3661507710870423e-07
522.25,1,1166.277520408083,109,0.45416666666666666,1166.379077121046,-2.3353049994898024e-05,0.001895306178310425,2.3486296768263554e-07
522.25,1,1166.277520408083,110,0.4583333333333333,1166.380008834009,-5.891559851176414e-05,0.0018952922880195418,2.3317239039680664e-07
522.25,1,1166.277520408083,111,0.46249999999999997,1166.380940546972,-9.44713587227179e-05,0.0018951968919542522,2.314431505743306e-07
522.25,1,1166.277520408083,112,0.4666666666666667,1166.3818722599349,-0.00013004243835567332,0.001895294685826835,2.2980573633057868e-07
522.25,1,1166.277520408083,113,0.4708333333333333,1166.3828039728978,-0.00016561401208445636,0.001895417669690679,2.281797782020926e-07
522.25,1,1166.277520408083,114,0.475,1166.3837356858608,-0.00020108114998909084,0.001893865800751553,2.2574771227500145e-07
522.25,1,1166.277520408083,115,0.4791666666666667,1166.384667398824,-0.00023648684677879042,0.0018913092809163326,2.2283228078616045e-07
522.25,1,1166.277520408083,116,0.48333333333333334,1166.3855991117869,-0.0002719135766836364,0.001889093022993526,2.2007987538057722e-07
522.25,1,1166.277520408083,117,0.4875,1166.3865308247498,-0.0003073353982902923,0.0018868658361029247,2.1732358685115186e-07
522.25,1,1166.277520408083,118,0.49166666666666664,1166.3874625377127,-0.00034276898165621326,0.0018846561054855254,2.1457221573760554e-07
522.25,1,1166.277520408083,119,0.49583333333333335,1166.3883942506757,-0.00037820185537273634,0.0018824591269872197,2.11827705979635e-07
522.25,1,1166.277520408083,120,0.5,1166.3893259636386,-0.0004135091369965562,0.0018795884663671443,2.0878057191055655e-07
522.25,1,1166.277520408083,121,0.5041666666666667,1166.3902576766015,-0.0004486413451231864,0.0018757793456782462,2.053127796157035e-07
522.25,1,1166.277520408083,122,0.5083333333333333,1166.3911893895645,-0.0004836478380346867,0.0018712968015393908,2.0154369246867917e-07
522.25,1,1166.277520408083,123,0.5125,1166.3921211025274,-0.000518659678892087,0.0018668264263366771,1.9777960623915746e-07
522.25,1,1166.277520408083,124,0.5166666666666666,1166.3930528154906,-0.000553666576905959,0.001862375097990127,1.9402695856599605e-07
522.25,1,1166.277520408083,125,0.5208333333333334,1166.3939845284535,-0.0005886741968881147,0.0018579123102004794,1.902688294484626e-07
522.25,1,1166.277520408083,126,0.525,1166.3949162414165,-0.0006237862505285936,0.0018537817533354423,1.8664420921328782e-07
522.25,1,1166.277520408083,127,0.5291666666666667,1166.3958479543794,-0.0006585892453230386,0.0018486699600331056,1.8262391659135366e-07
522.25,1,1166.277520408083,128,0.5333333333333333,1166.3967796673423,-0.0006928789991507398,0.0018419221046708273,1.779431275252972e-07
522.25,1,1166.277520408083,129,0.5375,1166.3977113803053,-0.0007271775530001162,0.0018351988244742852,1.7327340502590783e-07
522.25,1,1166.277520408083,130,0.5416666666666666,1166.3986430932682,-0.0007615321583769506,0.0018286648373188985,1.6868140329797958e-07
522.25,1,1166.277520408083,131,0.5458333333333333,1166.3995748062312,-0.0007958634208553261,0.0018220508828480587,1.6405737131697026e-07
522.25,1,1166.277520408083,132,0.55,1166.400506519194,-0.0008302465525321706,0.001815554097757196,1.5947573126944533e-07
522.25,1,1166.277520408083,133,0.5541666666666667,1166.4014382321573,-0.0008644646205626039,0.001808691626113105,1.5476837210617997e-07
522.25,1,1166.277520408083,134,0.5583333333333333,1166.4023699451202,-0.0008982965606110545,0.0018009624918830845,1.4975769845785852e-07
522.25,1,1166.277520408083,135,0.5625,1166.4033016580831,-0.000931758119549222,0.0017924056859159924,1.444598170578963e-07
522.25,1,1166.277520408083,136,0.5666666666666667,1166.404233371046,-0.0009651135451710819,0.0017836054676532464,1.3907754924393805e-07
522.25,1,1166.277520408083,137,0.5708333333333333,1166.405165084009,-0.0009985166336958424,0.0017749160402997098,1.3373667426922e-07
522.25,1,1166.277520408083,138,0.575,1166.406096796972,-0.0010318704771937052,0.0017661407833488817,1.2837220987620243e-07
522.25,1,1166.277520408083,139,0.5791666666666666,1166.407028509935,-0.0010653766076272483,0.0017576207276111908,1.2308049952302646e-07
522.25,1,1166.277520408083,140,0.5833333333333334,1166.4079602228978,-0.001098761799891367,0.0017488967616484787,1.1773356316991349e-07
522.25,1,1166.277520408083,141,0.5875,1166.4088919358608,-0.0011311650932725502,0.0017384992640575357,1.1191281372767743e-07
522.25,1,1166.277520408083,142,0.5916666666666667,1166.409823648824,-0.0011632042785673091,0.0017274789702726068,1.0591714065965572e-07
522.25,1,1166.277520408083,143,0.5958333333333333,1166.4107553617869,-0.0011954319974346156,0.0017167817621409555,1.0001638554842065e-07
522.25,1,1166.277520408083,144,0.6,1166.4116870747498,-0.0012276222962264748,0.0017060273275072545,9.410417251650974e-08
522.25,1,1166.277520408083,145,0.6041666666666666,1166.4126187877127,-0.0012598611878101014,0.0016953300667752443,8.820286123566812e-08
522.25,1,1166.277520408083,146,0.6083333333333333,1166.4135505006757,-0.0012920443417059222,0.001684562043733668,8.229247057856143e-08
522.25,1,1166.277520408083,147,0.6125,1166.4144822136386,-0.0013237239245439097,0.0016731102796792882,7.624142821205216e-08
522.25,1,1166.277520408083,148,0.6166666666666667,1166.4154139266016,-0.0013547889437329314,0.001660825672033552,7.002033085319246e-08
522.25,1,1166.277520408083,149,0.6208333333333333,1166.4163456395645,-0.001385482585920603,0.001648036636258451,6.36983428360073e-08
522.25,1,1166.277520408083,150,0.625,1166.4172773525274,-0.0014162307769411515,0.0016353177954253743,5.7393689352266095e-08
522.25,1,1166.277520408083,151,0.6291666666666667,1166.4182090654906,-0.001446949892313685,0.0016225758225214659,5.1094501290846714e-08
522.25,1,1166.277520408083,152,0.6333333333333333,1166.4191407784535,-0.0014777193506633833,0.0016098840361329077,4.4802591029001964e-08
522.25,1,1166.277520408083,153,0.6375,1166.4200724914165,-0.0015086923018159182,0.0015974183123838566,3.854203503477499e-08
522.25,1,1166.277520408083,154,0.6416666666666666,1166.4210042043794,-0.0015386634931419396,0.0015838440393480548,3.2152823529569065e-08
522.25,1,1166.277520408083,155,0.6458333333333334,1166.4219359173424,-0.001567532704028293,0.0015690483502002798,2.5621245168560894e-08
522.25,1,1166.277520408083,156,0.65,1166.4228676303053,-0.0015965602563849223,0.001554427024524876,1.9115338938170746e-08
522.25,1,1166.277520408083,157,0.6541666666666667,1166.4237993432682,-0.0016256623473277878,0.0015398935635775085,1.262809093803001e-08
522.25,1,1166.277520408083,158,0.6583333333333333,1166.4247310562312,-0.0016547300147127621,0.0015253152834591598,6.138054896818444e-09
522.25,1,1166.277520408083,159,0.6625,1166.425662769194,-0.0016838837617394683,0.0015108184010728344,-3.436850496653597e-10
522.25,1,1166.277520408083,160,0.6666666666666666,1166.4265944821573,-0.0017125964681833595,0.0014959172159835722,-6.827440844457075e-09
522.25,1,1166.277520408083,161,0.6708333333333333,1166.4275261951202,-0.001740506245892301,0.0014802774604857464,-1.3320705890830405e-08
522.25,1,1166.277520408083,162,0.675,1166.4284579080831,-0.001767719738656347,0.0014639984601191097,-1.982087273889777e-08
522.25,1,1166.277520408083,163,0.6791666666666667,1166.429389621046,-0.0017948204563549418,0.0014476124664752781,-2.631671978891528e-08
522.25,1,1166.277520408083,164,0.6833333333333333,1166.430321334009,-0.0018219924070976992,0.0014312969133763198,-3.280179801832328e-08
522.25,1,1166.277520408083,165,0.6875,1166.431253046972,-0.0018490908499845672,0.001414921735229681,-3.927668750355875e-08
522.25,1,1166.277520408083,166,0.6916666666666667,1166.432184759935,-0.0018765108599375752,0.001398792465029364,-4.5768246953190014e-08
522.25,1,1166.277520408083,167,0.6958333333333333,1166.4331164728978,-0.001903434804011132,0.0013822829189595218,-5.221634003869743e-08
522.25,1,1166.277520408083,168,0.7,1166.4340481858608,-0.001928600117401756,0.0013644207873276318,-5.852921606469114e-08
522.25,1,1166.277520408083,169,0.7041666666666666,1166.434979898824,-0.0019534236576006655,0.0013462945342607748,-6.480960313092378e-08
522.25,1,1166.277520408083,170,0.7083333333333334,1166.4359116117869,-0.001978541595771427,0.0013283966140436945,-7.110268017520599e-08
522.25,1,1166.277520408083,171,0.7125,1166.4368433247498,-0.002003572495119654,0.001310433979118771,-7.737831713138187e-08
522.25,1,1166.277520408083,172,0.7166666666666667,1166.4377750377128,-0.002028714017898295,0.0012925398562487244,-8.366414379663542e-08
522.25,1,1166.277520408083,173,0.7208333333333333,1166.4387067506757,-0.0020536505013451336,0.0012745160672321893,-8.991010894086402e-08
522.25,1,1166.277520408083,174,0.725,1166.4396384636386,-0.0020777096694686056,0.0012559255907171165,-9.601942231145711e-08
522.25,1,1166.277520408083,175,0.7291666666666666,1166.4405701766016,-0.0021008075575857125,0.0012367154998701444,-1.0198006825675502e-07
522.25,1,1166.277520408083,176,0.7333333333333333,1166.4415018895645,-0.0021234416233072958,0.0012172050020455838,-1.0786249575372884e-07
522.25,1,1166.277520408083,177,0.7375,1166.4424336025274,-0.002146197872414775,0.0011977721447145944,-1.1375331316346562e-07
522.25,1,1166.277520408083,178,0.7416666666666667,1166.4433653154906,-0.002168874791292127,0.0011782993584206571,-1.196171335685389e-07
522.25,1,1166.277520408083,179,0.7458333333333333,1166.4442970284535,-0.0021917213948285195,0.001158914860425533,-1.2550682998071455e-07
522.25,1,1166.277520408083,180,0.75,1166.4452287414165,-0.002214703845494429,0.0011396044793631163,-1.3141415037031037e-07
522.25,1,1166.277520408083,181,0.7541666666666667,1166.4461604543794,-0.0022359181308167055,0.0011193405609554582,-1.3694973179947628e-07
522.25,1,1166.277520408083,182,0.7583333333333333,1166.4470921673424,-0.002255832783594794,0.0010983746437962629,-1.422091387717124e-07
522.25,1,1166.277520408083,183,0.7625,1166.4480238803053,-0.0022761000716522758,0.0010775987995975862,-1.4752899934910415e-07
522.25,1,1166.277520408083,184,0.7666666666666666,1166.4489555932682,-0.0022963889641111706,0.0010568384741927032,-1.5283958119453755e-07
522.25,1,1166.277520408083,185,0.7708333333333334,1166.4498873062312,-0.002316676390593351,0.00103606935833594,-1.5814338684389002e-07
522.25,1,1166.277520408083,186,0.775,1166.4508190191941,-0.002337020318877858,0.001015327990330667,-1.6344731259504606e-07
522.25,1,1166.277520408083,187,0.7791666666666667,1166.4517507321573,-0.0023566154782336066,0.000994251916629109,-1.6855291618319554e-07
522.25,1,1166.277520408083,188,0.7833333333333333,1166.4526824451202,-0.00237508503945204,0.0009726723289041299,-1.7336479025218068e-07
522.25,1,1166.277520408083,189,0.7875,1166.4536141580832,-0.002392689767434841,0.0009507063470725126,-1.7794597295910224e-07
522.25,1,1166.277520408083,190,0.7916666666666666,1166.454545871046,-0.0024102608549711638,0.0009287226495966227,-1.8250749687324108e-07
522.25,1,1166.277520408083,191,0.7958333333333333,1166.455477584009,-0.0024278785551054556,0.0009067657666575,-1.8706564262795075e-07
522.25,1,1166.277520408083,192,0.8,1166.456409296972,-0.002445449267270006,0.0008847885869592365,-1.9159844132202094e-07
522.25,1,1166.277520408083,193,0.8041666666666667,1166.457341009935,-0.00246346073885555,0.0008629716592352545,-1.9624488681928114e-07
522.25,1,1166.277520408083,194,0.8083333333333333,1166.4582727228978,-0.00248041194161639,0.0008407691329036444,-2.0057457662755353e-07
522.25,1,1166.277520408083,195,0.8125,1166.4592044358608,-0.0024951666030157125,0.0008177657672995292,-2.0426191161009266e-07
522.25,1,1166.277520408083,196,0.8166666666666667,1166.4601361488237,-0.002509813861591932,0.0007947222286415721,-2.0790609078533286e-07
522.25,1,1166.277520408083,197,0.8208333333333333,1166.461067861787,-0.0025247550938617964,0.0007717882051934271,-2.1161869767148452e-07
522.25,1,1166.277520408083,198,0.825,1166.4619995747498,-0.0025395841290924348,0.0007488130109695667,-2.1528535908582367e-07
522.25,1,1166.277520408083,199,0.8291666666666666,1166.4629312877128,-0.002554573245907544,0.0007258836591989014,-2.1898780800626902e-07
522.25,1,1166.277520408083,200,0.8333333333333334,1166.4638630006757,-0.0025691423500779163,0.0007028345091922215,-2.2254500183928851e-07
522.25,1,1166.277520408083,201,0.8375,1166.4647947136386,-0.002582548966542364,0.0006794488323940165,-2.2572565418376783e-07
522.25,1,1166.277520408083,202,0.8416666666666667,1166.4657264266016,-0.0025947948953908328,0.0006557283833257357,-2.2852922788578018e-07
522.25,1,1166.277520408083,203,0.8458333333333333,1166.4666581395645,-0.0026066289428074386,0.0006318872120678029,-2.311909760536326e-07
522.25,1,1166.277520408083,204,0.85,1166.4675898525275,-0.002618622164578172,0.0006080925835653014,-2.338860552368353e-07
522.25,1,1166.277520408083,205,0.8541666666666666,1166.4685215654904,-0.002630494115981742,0.0005842715998864732,-2.3652617189650313e-07
522.25,1,1166.277520408083,206,0.8583333333333333,1166.4694532784536,-0.0026426882386071083,0.0005605189157518112,-2.3925763514690027e-07
522.25,1,1166.277520408083,207,0.8624999999999999,1166.4703849914165,-0.0026547535000327367,0.0005367389114689064,-2.419316091298083e-07
522.25,1,1166.277520408083,208,0.8666666666666667,1166.4713167043794,-0.00266445183892027,0.0005124415515236667,-2.4381386229165323e-07
522.25,1,1166.277520408083,209,0.8708333333333333,1166.4722484173424,-0.002673028687234792,0.0004878981707252045,-2.453124364997087e-07
522.25,1,1166.277520408083,210,0.875,1166.4731801303053,-0.002682079309057925,0.0004634587874520187,-2.469499455250852e-07
522.25,1,1166.277520408083,211,0.8791666666666667,1166.4741118432682,-0.0026910736866504106,0.00043901004416475653,-2.485528000172151e-07
522.25,1,1166.277520408083,212,0.8833333333333333,1166.4750435562312,-0.002700130356873706,0.0004145656288188067,-2.501616046805636e-07
522.25,1,1166.277520408083,213,0.8875,1166.4759752691941,-0.002709140727711893,0.00039011651123487006,-2.517376923372419e-07
522.25,1,1166.277520408083,214,0.8916666666666666,1166.476906982157,-0.002717146593782241,0.00036551433835913297,-2.52961429250192e-07
522.25,1,1166.277520408083,215,0.8958333333333334,1166.4778386951202,-0.0027238519007623,0.0003407145439934808,-2.537320908842138e-07
522.25,1,1166.277520408083,216,0.9,1166.4787704080832,-0.002729698233821018,0.00031578390571953836,-2.5419863193349796e-07
522.25,1,1166.277520408083,217,0.9041666666666667,1166.479702121046,-0.002735615634015982,0.00029086199755266315,-2.546725704211769e-07
522.25,1,1166.277520408083,218,0.9083333333333333,1166.480633834009,-0.002741520872589603,0.00026594534222174163,-2.551246747349789e-07
522.25,1,1166.277520408083,219,0.9125,1166.481565546972,-0.002747460589030351,0.0002410285800507591,-2.5557265767235634e-07
522.25,1,1166.277520408083,220,0.9166666666666666,1166.482497259935,-0.002753835699231573,0.00021615031399914878,-2.5614918683605793e-07
522.25,1,1166.277520408083,221,0.9208333333333333,1166.4834289728979,-0.0027585736445492675,0.00019112860265050723,-2.5616194539512827e-07
522.25,1,1166.277520408083,222,0.9249999999999999,1166.4843606858608,-0.0027611197566434617,0.00016591379795658623,-2.5542295127107416e-07
522.25,1,1166.277520408083,223,0.9291666666666667,1166.4852923988237,-0.002763845736205791,0.00014071406308710277,-2.5472810364224934e-07
522.25,1,1166.277520408083,224,0.9333333333333333,1166.486224111787,-0.0027667752880857796,0.00011553492857267273,-2.540843711944238e-07
522.25,1,1166.277520408083,225,0.9375,1166.4871558247498,-0.0027696104282633003,9.034510127880083e-05,-2.5339071835118894e-07
522.25,1,1166.277520408083,226,0.9416666666666667,1166.4880875377128,-0.002772608427905492,6.516024492709097e-05,-2.527341277507518e-07
522.25,1,1166.277520408083,227,0.9458333333333333,1166.4890192506757,-0.0027749717164794554,3.996030286322111e-05,-2.518534856122495e-07
522.25,1,1166.277520408083,228,0.95,1166.4899509636386,-0.0027760358343731396,1.472710419983368e-05,-2.5053267316023467e-07
522.25,1,1166.277520408083,229,0.9541666666666666,1166.4908826766016,-0.0027759181461807373,-1.0535411190551965e-05,-2.488103901119293e-07
522.25,1,1166.277520408083,230,0.9583333333333334,1166.4918143895645,-0.002775532666003147,-3.580663341114166e-05,-2.469830764093133e-07
522.25,1,1166.277520408083,231,0.9625,1166.4927461025275,-0.00277529218011205,-6.107204106016304e-05,-2.4518608491612974e-07
522.25,1,1166.277520408083,232,0.9666666666666667,1166.4936778154904,-0.0027749263939698876,-8.633428291964465e-05,-2.4333244904077313e-07
522.25,1,1166.277520408083,233,0.9708333333333333,1166.4946095284536,-0.002774998903116629,-0.00011161408334774691,-2.4159637519751757e-07
522.25,1,1166.277520408083,234,0.975,1166.4955412414165,-0.002774551182398401,-0.0001368738042019876,-2.3968379470246426e-07
522.25,1,1166.277520408083,235,0.9791666666666666,1166.4964729543794,-0.0027715125381750612,-0.00016203734302954663,-2.36953171318711e-07
522.25,1,1166.277520408083,236,0.9833333333333333,1166.4974046673424,-0.0027677614172372904,-0.00018717530648695532,-2.3398526769101168e-07
522.25,1,1166.277520408083,237,0.9874999999999999,1166.4983363803053,-0.002764480382225206,-0.00021232971343222742,-2.3114590392966444e-07
522.25,1,1166.277520408083,238,0.9916666666666667,1166.4992680932683,-0.0027610866547697886,-0.0002374779061545558,-2.282557640374871e-07
522.25,1,1166.277520408083,239,0.9958333333333333,1166.5001998062312,-0.0027578153286066565,-0.000262641310595291,-2.2538146772009362e-07
522.25,1,1166.277520408083,240,1.0,1166.5011315191941,-0.0027543518744155946,-0.00028778341599215756,-2.2243667957927738e-07
522.25,2,1166.777520408083,0,0.0,1166.777520408083,0.001710879314088845,0.0014346681344080874,9.71649765068146e-08
522.25,2,1166.777520408083,1,0.004166666666666667,1166.778452121046,0.0016831185555702362,0.0014504376162971166,1.0282564759735107e-07
522.25,2,1166.777520408083,2,0.008333333333333333,1166.779383834009,0.001655227986483034,0.0014661042725455297,1.0846461799459748e-07
522.25,2,1166.777520408083,3,0.0125,1166.780315546972,0.001627422076047063,0.0014818355015108707,1.1412659906811498e-07
522.25,2,1166.777520408083,4,0.016666666666666666,1166.7812472599348,0.0015995473918872806,0.001497502997887055,1.1977383451046129e-07
522.25,2,1166.777520408083,5,0.020833333333333332,1166.782178972898,0.0015719483790646105,0.0015134417222042774,1.255256843051791e-07
522.25,2,1166.777520408083,6,0.025,1166.783110685861,0.0015439307350501648,0.0015289696371816018,1.3113483607727122e-07
522.25,2,1166.777520408083,7,0.029166666666666667,1166.7840423988239,0.0015143871714467978,0.0015430056758206163,1.362128681100105e-07
522.25,2,1166.777520408083,8,0.03333333333333333,1166.7849741117868,0.001484536365877443,0.0015567427142688197,1.4118777985574733e-07
522.25,2,1166.777520408083,9,0.0375,1166.7859058247498,0.0014549453503621714,0.0015707315974836525,1.4625886859787644e-07
522.25,2,1166.777520408083,10,0.041666666666666664,1166.7868375377127,0.0014252822884226425,0.0015846474299223501,1.5130709043678024e-07
522.25,2,1166.777520408083,11,0.04583333333333333,1166.7877692506756,0.0013956914620757161,0.0015986529188646245,1.5639951120836894e-07
522.25,2,1166.777520408083,12,0.05,1166.7887009636386,0.0013659648620179643,0.0016124939363035735,1.614265860325581e-07
522.25,2,1166.777520408083,13,0.05416666666666667,1166.7896326766015,0.0013356283631394993,0.0016256144747547683,1.6615826345693944e-07
522.25,2,1166.777520408083,14,0.058333333333333334,1166.7905643895647,0.0013046229587926933,0.0016379427290299578,1.7056244300448923e-07
522.25,2,1166.777520408083,15,0.0625,1166.7914961025276,0.0012732895206683324,0.001649884619928395,1.7480873462638343e-07
522.25,2,1166.777520408083,16,0.06666666666666667,1166.7924278154906,0.0012420388936058727,0.001661926278882479,1.7910104775412134e-07
522.25,2,1166.777520408083,17,0.07083333333333333,1166.7933595284535,0.0012107494521772775,0.0016739058271579633,1.833678070901067e-07
522.25,2,1166.777520408083,18,0.075,1166.7942912414164,0.0011795467390808881,0.0016860179215319867,1.8770023531601044e-07
522.25,2,1166.777520408083,19,0.07916666666666666,1166.7952229543794,0.0011484241987531586,0.0016982453994361186,1.9208854661928198e-07
522.25,2,1166.777520408083,20,0.08333333333333333,1166.7961546673423,0.001116334489650515,0.0017090611667742554,1.9582959854658573e-07
522.25,2,1166.777520408083,21,0.0875,1166.7970863803052,0.0010835213899176744,0.0017188229152879742,1.9908531390687078e-07
522.25,2,1166.777520408083,22,0.09166666666666666,1166.7980180932682,0.0010509004094341788,0.0017288654201807838,2.0247440251756778e-07
522.25,2,1166.777520408083,23,0.09583333333333333,1166.7989498062313,0.0010182982847089458,0.0017389284018547067,2.0587365426583636e-07
522.25,2,1166.777520408083,24,0.1,1166.7998815191943,0.0009856834132396183,0.0017489869573501177,2.092753384863896e-07
522.25,2,1166.777520408083,25,0.10416666666666667,1166.8008132321572,0.0009530969744061084,0.001759092754179724,2.1270358802917188e-07
522.25,2,1166.777520408083,26,0.10833333333333334,1166.8017449451202,0.0009201963885989618,0.001768614960762647,2.158452957182772e-07
522.25,2,1166.777520408083,27,0.1125,1166.802676658083,0.0008868198735389367,0.0017772542955061216,2.185549341999836e-07
522.25,2,1166.777520408083,28,0.11666666666666667,1166.803608371046,0.0008530763474818583,0.001785211713121615,2.2092880491583167e-07
522.25,2,1166.777520408083,29,0.12083333333333333,1166.804540084009,0.000819313210101494,0.0017931390575541717,2.2329117083663707e-07
522.25,2,1166.777520408083,30,0.125,1166.805471796972,0.0007855788559230326,0.0018011058595285494,2.2567336677560858e-07
522.25,2,1166.777520408083,31,0.12916666666666665,1166.8064035099349,0.0007518248710107479,0.0018090340279311263,2.2803737166854629e-07
522.25,2,1166.777520408083,32,0.13333333333333333,1166.807335222898,0.0007182065446768936,0.0018173012720402455,2.3057650385266673e-07
522.25,2,1166.777520408083,33,0.1375,1166.808266935861,0.0006842669201730843,0.0018247658460580497,2.3270640176961082e-07
522.25,2,1166.777520408083,34,0.14166666666666666,1166.809198648824,0.0006496470339449324,0.0018305376503683832,2.3397325177916227e-07
522.25,2,1166.777520408083,35,0.14583333333333334,1166.8101303617868,0.0006149891813707583,0.0018362178876340782,2.3519322309817876e-07
522.25,2,1166.777520408083,36,0.15,1166.8110620747498,0.000580426417571816,0.001842127548420811,2.3653163361280333e-07
522.25,2,1166.777520408083,37,0.15416666666666667,1166.8119937877127,0.0005458286081790478,0.0018479504854036453,2.3782582164652393e-07
522.25,2,1166.777520408083,38,0.15833333333333333,1166.8129255006756,0.000511262780037541,0.0018538937102826226,2.391833343726696e-07
522.25,2,1166.777520408083,39,0.1625,1166.8138572136386,0.00047661462269519205,0.0018595255548121811,2.40380313463994e-07
522.25,2,1166.777520408083,40,0.16666666666666666,1166.8147889266015,0.0004417284624406389,0.001864282842326381,2.411241173650568e-07
522.25,2,1166.777520408083,41,0.17083333333333334,1166.8157206395645,0.00040660549278549317,0.0018681641267602048,2.4141564768982314e-07
522.25,2,1166.777520408083,42,0.175,1166.8166523525276,0.00037139485873368707,0.0018717299061292822,2.415433077349557e-07
522.25,2,1166.777520408083,43,0.17916666666666667,1166.8175840654906,0.00033621741990594116,0.0018754160279541394,2.4173346147195346e-07
522.25,2,1166.777520408083,44,0.18333333333333332,1166.8185157784535,0.00030102734280519514,0.0018790128915505844,2.418784878144125e-07
522.25,2,1166.777520408083,45,0.1875,1166.8194474914164,0.0002658684575718004,0.001882844564640679,2.421430280161916e-07
522.25,2,1166.777520408083,46,0.19166666666666665,1166.8203792043794,0.0002306982634464487,0.0018865903706415696,2.423645308619115e-07
522.25,2,1166.777520408083,47,0.19583333333333333,1166.8213109173423,0.00019527501542471347,0.0018885902459493229,2.416892539221262e-07
522.25,2,1166.777520408083,48,0.2,1166.8222426303053,0.00015972851432729325,0.0018897480056845615,2.405810069224402e-07
522.25,2,1166.777520408083,49,0.20416666666666666,1166.8231743432682,0.00012423331800642508,0.0018912561013703056,2.396535377138301e-07
522.25,2,1166.777520408083,50,0.20833333333333334,1166.8241060562311,8.873646212625466e-05,0.0018927250620432241,2.38705663225592e-07
522.25,2,1166.777520408083,51,0.2125,1166.8250377691943,5.323337652054644e-05,0.0018942364759109512,2.3777818899453941e-07
522.25,2,1166.777520408083,52,0.21666666666666667,1166.8259694821572,1.773279709106903e-05,0.0018957181013527827,2.368347003796701e-07
522.25,2,1166.777520408083,53,0.22083333333333333,1166.8269011951202,-1.778352912494813e-05,0.0018964734191317656,2.3553092688520876e-07
522.25,2,1166.777520408083,54,0.225,1166.827832908083,-5.331974649948132e-05,0.0018962834086017055,2.3375586545951906e-07
522.25,2,1166.777520408083,55,0.22916666666666666,1166.828764621046,-8.886950885103094e-05,0.0018954649887718204,2.3166795078006717e-07
522.25,2,1166.777520408083,56,0.23333333333333334,1166.829696334009,-0.0001244210863236728,0.001894695291428626,2.2960305411071055e-07
522.25,2,1166.777520408083,57,0.2375,1166.830628046972,-0.0001599631899809352,0.0018939200035777873,2.2753806050780108e-07
522.25,2,1166.777520408083,58,0.24166666666666667,1166.8315597599349,-0.0001955117846007821,0.0018931659606162732,2.2548058161724937e-07
522.25,2,1166.777520408083,59,0.24583333333333332,1166.8324914728978,-0.00023109225829234657,0.0018927256957317893,2.2357161209742968e-07
522.25,2,1166.777520408083,60,0.25,1166.833423185861,-0.00026655342574856856,0.0018911280879513417,2.2111741755852194e-07
522.25,2,1166.777520408083,61,0.25416666666666665,1166.834354898824,-0.00030185406333203363,0.0018879567033568971,2.1791950194035e-07
522.25,2,1166.777520408083,62,0.2583333333333333,1166.8352866117868,-0.0003371680913760663,0.0018849069487186423,2.1477956649507332e-07
522.25,2,1166.777520408083,63,0.2625,1166.8362183247498,-0.00037249368860198256,0.0018820064508140123,2.1171038788859027e-07
522.25,2,1166.777520408083,64,0.26666666666666666,1166.8371500377127,-0.0004078155050930983,0.0018790369320483787,2.0860793891784847e-07
522.25,2,1166.777520408083,65,0.2708333333333333,1166.8380817506757,-0.00044316227448126485,0.0018761826024491582,2.0555573888325596e-07
522.25,2,1166.777520408083,66,0.275,1166.8390134636386,-0.0004784075124826619,0.0018728878740774922,2.0231317195030575e-07
522.25,2,1166.777520408083,67,0.2791666666666667,1166.8399451766015,-0.000513446181356651,0.0018686822777652951,1.9867397207415866e-07
522.25,2,1166.777520408083,68,0.2833333333333333,1166.8408768895645,-0.0005482948791164352,0.001863645072090682,1.9467306082680434e-07
522.25,2,1166.777520408083,69,0.2875,1166.8418086025276,-0.0005831024718809781,0.001858415098404335,1.9058808111777553e-07
522.25,2,1166.777520408083,70,0.2916666666666667,1166.8427403154906,-0.0006179306064117596,0.0018532884009363345,1.865497523095347e-07
522.25,2,1166.777520408083,71,0.29583333333333334,1166.8436720284535,-0.0006527297870384261,0.00184807453339462,1.8247745621525245e-07
522.25,2,1166.777520408083,72,0.3,1166.8446037414164,-0.0006876377745830884,0.001843160557148828,1.7852057526745333e-07
522.25,2,1166.777520408083,73,0.30416666666666664,1166.8455354543794,-0.0007224205944537032,0.0018378988282712987,1.7443018869593895e-07
522.25,2,1166.777520408083,74,0.30833333333333335,1166.8464671673423,-0.0007565671084616567,0.001830851471682003,1.69648202087712e-07
522.25,2,1166.777520408083,75,0.3125,1166.8473988803053,-0.0007905356600487008,0.0018233013048155947,1.646727832423092e-07
522.25,2,1166.777520408083,76,0.31666666666666665,1166.8483305932682,-0.0008246188965545503,0.0018160769563819428,1.5982522357759752e-07
522.25,2,1166.777520408083,77,0.3208333333333333,1166.8492623062311,-0.0008586719012289043,0.0018087762517895658,1.5495027155760822e-07
522.25,2,1166.777520408083,78,0.325,1166.8501940191943,-0.0008927692012475974,0.0018015564737233695,1.5010132536164224e-07
522.25,2,1166.777520408083,79,0.32916666666666666,1166.8511257321572,-0.0009268016605986676,0.0017942110468003485,1.4521346247597198e-07
522.25,2,1166.777520408083,80,0.3333333333333333,1166.8520574451202,-0.0009604598373814481,0.0017861018402232861,1.4007394033776072e-07
522.25,2,1166.777520408083,81,0.3375,1166.8529891580831,-0.0009936848510356919,0.001777111648373503,1.346472269492494e-07
522.25,2,1166.777520408083,82,0.3416666666666667,1166.853920871046,-0.0010266736305777906,0.0017676383610137087,1.2906239454196646e-07
522.25,2,1166.777520408083,83,0.3458333333333333,1166.854852584009,-0.0010597114508192498,0.0017582606796086718,1.2350960005597387e-07
522.25,2,1166.777520408083,84,0.35,1166.855784296972,-0.001092715166876214,0.0017488381006682372,1.179507421274763e-07
522.25,2,1166.777520408083,85,0.3541666666666667,1166.8567160099349,-0.0011257818461597497,0.0017395078105034811,1.1241564203709655e-07
522.25,2,1166.777520408083,86,0.35833333333333334,1166.8576477228978,-0.0011589677779541287,0.0017303667951541007,1.0693147156960633e-07
522.25,2,1166.777520408083,87,0.3625,1166.858579435861,-0.0011913140701770347,0.0017199031417192122,1.0110611143189451e-07
522.25,2,1166.777520408083,88,0.36666666666666664,1166.859511148824,-0.001222899202398986,0.0017082381220577187,9.497022104240757e-08
522.25,2,1166.777520408083,89,0.37083333333333335,1166.8604428617869,-0.0012546400965657992,0.0016968177173159796,8.890028277751034e-08
522.25,2,1166.777520408083,90,0.375,1166.8613745747498,-0.001286412755574182,0.0016854547066078422,8.285088624595869e-08
522.25,2,1166.777520408083,91,0.37916666666666665,1166.8623062877127,-0.001318173992156837,0.0016740617979668314,7.67937836174297e-08
522.25,2,1166.777520408083,92,0.3833333333333333,1166.8632380006757,-0.0013499882810007833,0.0016627396569601459,7.07535272061687e-08
522.25,2,1166.777520408083,93,0.3875,1166.8641697136386,-0.0013814099767904626,0.0016509209482273488,6.462698861695332e-08
522.25,2,1166.777520408083,94,0.39166666666666666,1166.8651014266015,-0.0014121845241994902,0.0016382818347497408,5.8355490475195416e-08
522.25,2,1166.777520408083,95,0.3958333333333333,1166.8660331395645,-0.0014424275597309556,0.0016249701149095679,5.196689460731135e-08
522.25,2,1166.777520408083,96,0.4,1166.8669648525276,-0.0014726174753260477,0.0016115865923212284,4.5567861595905704e-08
522.25,2,1166.777520408083,97,0.4041666666666667,1166.8678965654906,-0.0015028483482117656,0.001598263209616916,3.918793078216666e-08
522.25,2,1166.777520408083,98,0.4083333333333333,1166.8688282784535,-0.001533032147314651,0.001584886347245013,3.280549894316764e-08
522.25,2,1166.777520408083,99,0.4125,1166.8697599914165,-0.0015634940913599423,0.001571797885104974,2.6452659547316926e-08
522.25,2,1166.777520408083,100,0.4166666666666667,1166.8706917043794,-0.0015934200230755295,0.0015581527991340306,2.005517959578382e-08
522.25,2,1166.777520408083,101,0.42083333333333334,1166.8716234173423,-0.001621907729922536,0.0015430101622075224,1.3529419448813595e-08
522.25,2,1166.777520408083,102,0.425,1166.8725551303053,-0.001650220949460849,0.001527684353319249,6.992746857419922e-09
522.25,2,1166.777520408083,103,0.42916666666666664,1166.8734868432682,-0.0016787521823869035,0.0015125884527029281,4.831209461975659e-10
522.25,2,1166.777520408083,104,0.43333333333333335,1166.8744185562311,-0.0017072090539830788,0.001497416479470802,-6.025599812125929e-09
522.25,2,1166.777520408083,105,0.4375,1166.8753502691943,-0.0017357706440135501,0.0014823333607794325,-1.253069762750721e-08
522.25,2,1166.777520408083,106,0.44166666666666665,1166.8762819821573,-0.00176410290999183,0.0014670541116812265,-1.9026319780050012e-08
522.25,2,1166.777520408083,107,0.4458333333333333,1166.8772136951202,-0.0017916607929150368,0.0014511026947084857,-2.550539283499437e-08
522.25,2,1166.777520408083,108,0.45,1166.8781454080831,-0.001818407418954823,0.0014344488839954643,-3.196558216515274e-08
522.25,2,1166.777520408083,109,0.45416666666666666,1166.879077121046,-0.0018448128900124443,0.0014174974053609184,-3.841536460063598e-08
522.25,2,1166.777520408083,110,0.4583333333333333,1166.880008834009,-0.0018713281818211662,0.0014006406919778495,-4.485895419972575e-08
522.25,2,1166.777520408083,111,0.46249999999999997,1166.880940546972,-0.0018977619115574805,0.0013837264415910392,-5.128687545415336e-08
522.25,2,1166.777520408083,112,0.4666666666666667,1166.8818722599349,-0.001924388327201126,0.0013669487909135176,-5.772803473370111e-08
522.25,2,1166.777520408083,113,0.4708333333333333,1166.8828039728978,-0.0019510387149280788,0.0013501897052084172,-6.416272575000004e-08
522.25,2,1166.777520408083,114,0.475,1166.8837356858608,-0.001976039546883068,0.0013322327021348457,-7.042854458853206e-08
522.25,2,1166.777520408083,115,0.4791666666666667,1166.884667398824,-0.002000051792582227,0.0013135566505837035,-7.658817826998866e-08
522.25,2,1166.777520408083,116,0.48333333333333334,1166.8855991117869,-0.002024399048699123,0.0012951240702230137,-8.277156579247916e-08
522.25,2,1166.777520408083,117,0.4875,1166.8865308247498,-0.002048732353962727,0.0012766856252297701,-8.894259177128311e-08
522.25,2,1166.777520408083,118,0.49166666666666664,1166.8874625377127,-0.0020730908585462463,0.0012582546212253946,-9.511357234261896e-08
522.25,2,1166.777520408083,119,0.49583333333333335,1166.8883942506757,-0.002097460764988724,0.0012398334182316258,-1.0127595181355257e-07
522.25,2,1166.777520408083,120,0.5,1166.8893259636386,-0.0021211047355104034,0.0012209699913204295,-1.0730821864313541e-07
522.25,2,1166.777520408083,121,0.5041666666666667,1166.8902576766015,-0.002143737466082178,0.0012014906360401736,-1.131619902658953e-07
522.25,2,1166.777520408083,122,0.5083333333333333,1166.8911893895645,-0.002165644556732765,0.001181569315069306,-1.1888508042241997e-07
522.25,2,1166.777520408083,123,0.5125,1166.8921211025274,-0.0021875670280646783,0.0011616545268609277,-1.2460137689970324e-07
522.25,2,1166.777520408083,124,0.5166666666666666,1166.8930528154906,-0.0022095036927385734,0.0011417562319894043,-1.3030609126046606e-07
522.25,2,1166.777520408083,125,0.5208333333333334,1166.8939845284535,-0.0022314301193819422,0.0011218490634412256,-1.3599959468166568e-07
522.25,2,1166.777520408083,126,0.525,1166.8949162414165,-0.002253746182897079,0.0011021398471157818,-1.417685340073015e-07
522.25,2,1166.777520408083,127,0.5291666666666667,1166.8958479543794,-0.0022749108750396776,0.0010818462489869268,-1.4727259819268316e-07
522.25,2,1166.777520408083,128,0.5333333333333333,1166.8967796673423,-0.00229415749245931,0.0010605773518697105,-1.5234208294457523e-07
522.25,2,1166.777520408083,129,0.5375,1166.8977113803053,-0.0023134336903470345,0.0010393225582608539,-1.5740640996970839e-07
522.25,2,1166.777520408083,130,0.5416666666666666,1166.8986430932682,-0.002332929378647527,0.0010181822139455848,-1.625061628372019e-07
522.25,2,1166.777520408083,131,0.5458333333333333,1166.8995748062312,-0.0023523326113829173,0.0009969934102708519,-1.6757360799555233e-07
522.25,2,1166.777520408083,132,0.55,1166.900506519194,-0.002371884491757649,0.0009758672359292971,-1.7266889328730717e-07
522.25,2,1166.777520408083,133,0.5541666666666667,1166.9014382321573,-0.0023909699538142005,0.0009545468836993235,-1.7762813419251854e-07
522.25,2,1166.777520408083,134,0.5583333333333333,1166.9023699451202,-0.002408954081877415,0.0009327640065236845,-1.8228565097462715e-07
522.25,2,1166.777520408083,135,0.5625,1166.9033016580831,-0.00242588529269383,0.0009105401905512268,-1.8665275075335146e-07
522.25,2,1166.777520408083,136,0.5666666666666667,1166.904233371046,-0.0024425089358046355,0.0008881853457657244,-1.909267060315147e-07
522.25,2,1166.777520408083,137,0.5708333333333333,1166.905165084009,-0.0024592720792736725,0.0008658905132061336,-1.9522221952882922e-07
522.25,2,1166.777520408083,138,0.575,1166.906096796972,-0.00247591798482179,0.0008435550906816696,-1.9947055482301135e-07
522.25,2,1166.777520408083,139,0.5791666666666666,1166.907028509935,-0.0024929169393439993,0.0008213375541207998,-2.0381101744479546e-07
522.25,2,1166.777520408083,140,0.5833333333333334,1166.9079602228978,-0.002509634222223542,0.0007990253960204836,-2.0805457103457154e-07
522.25,2,1166.777520408083,141,0.5875,1166.9088919358608,-0.002524048668111324,0.0007759320466472944,-2.1160414487387128e-07
522.25,2,1166.777520408083,142,0.5916666666666667,1166.909823648824,-0.002537607115358447,0.0007525473846278406,-2.1488642051342666e-07
522.25,2,1166.777520408083,143,0.5958333333333333,1166.9107553617869,-0.0025516093756129798,0.000729313992691333,-2.1828569576927258e-07
522.25,2,1166.777520408083,144,0.6,1166.9116870747498,-0.0025655300118215467,0.0007060556783788552,-2.2164588457920237e-07
522.25,2,1166.777520408083,145,0.6041666666666666,1166.9126187877127,-0.002579540612557258,0.000682817041465296,-2.2502029023977918e-07
522.25,2,1166.777520408083,146,0.6083333333333333,1166.9135505006757,-0.0025934431400925257,0.0006595520441554375,-2.283450945221056e-07
522.25,2,1166.777520408083,147,0.6125,1166.9144822136386,-0.0026063283441075443,0.000636016339443167,-2.3133306048348487e-07
522.25,2,1166.777520408083,148,0.6166666666666667,1166.9154139266016,-0.0026179736090648545,0.0006121515578769542,-2.3391133279810885e-07
522.25,2,1166.777520408083,149,0.6208333333333333,1166.9163456395645,-0.002628868554531327,0.0005880870586917848,-2.3623535463298638e-07
522.25,2,1166.777520408083,150,0.625,1166.9172773525274,-0.0026398700384324893,0.0005640489489363496,-2.3857863847268784e-07
522.25,2,1166.777520408083,151,0.6291666666666667,1166.9182090654906,-0.0026508281341912003,0.0005400073717665762,-2.4089124350880696e-07
522.25,2,1166.777520408083,152,0.6333333333333333,1166.9191407784535,-0.00266187088290083,0.0005159794580288819,-2.4321510940320036e-07
522.25,2,1166.777520408083,153,0.6375,1166.9200724914165,-0.0026732774948330477,0.0004920233671292836,-2.456460256442446e-07
522.25,2,1166.777520408083,154,0.6416666666666666,1166.9210042043794,-0.0026828965576076694,0.00046771626126902266,-2.4746842261763755e-07
522.25,2,1166.777520408083,155,0.6458333333333334,1166.9219359173424,-0.0026905474866198136,0.0004430215022286808,-2.486234966910911e-07
522.25,2,1166.777520408083,156,0.65,1166.9228676303053,-0.002698480164027846,0.0004183816107588783,-2.4985550197351866e-07
522.25,2,1166.777520408083,157,0.6541666666666667,1166.9237993432682,-0.002706550878369795,0.00039377186240777584,-2.511164473679288e-07
522.25,2,1166.777520408083,158,0.6583333333333333,1166.9247310562312,-0.002714553851442084,0.00036914504761090006,-2.5233850434682184e-07
522.25,2,1166.777520408083,159,0.6625,1166.925662769194,-0.0027226974340850024,0.00034453807600181484,-2.5359146177687616e-07
522.25,2,1166.777520408083,160,0.6666666666666666,1166.9265944821573,-0.0027301325298421646,0.0003198388580202241,-2.545907988669431e-07
522.25,2,1166.777520408083,161,0.6708333333333333,1166.9275261951202,-0.0027362755552937353,0.00029497000952425625,-2.5513857721722405e-07
522.25,2,1166.777520408083,162,0.675,1166.9284579080831,-0.002741299473650782,0.0002699549192764367,-2.5529457006936603e-07
522.25,2,1166.777520408083,163,0.6791666666666667,1166.929389621046,-0.0027461387889652334,0.0002449135710733579,-2.5537034630045823e-07
522.25,2,1166.777520408083,164,0.6833333333333333,1166.930321334009,-0.0027510973618668747,0.00021989092673474324,-2.5547009572593553e-07
522.25,2,1166.777520408083,165,0.6875,1166.931253046972,-0.0027559451779064653,0.00019485871447042473,-2.5551592202832767e-07
522.25,2,1166.777520408083,166,0.6916666666666667,1166.932184759935,-0.0027612635276335813,0.00016985728574953334,-2.557012882655039e-07
522.25,2,1166.777520408083,167,0.6958333333333333,1166.9331164728978,-0.0027658549494150725,0.0001448076491316516,-2.556279002247487e-07
522.25,2,1166.777520408083,168,0.7,1166.9340481858608,-0.0027678653368366723,0.00011958378509578488,-2.5467903668406947e-07
522.25,2,1166.777520408083,169,0.7041666666666666,1166.934979898824,-0.002769372953444465,9.432512677884928e-05,-2.5354556637566276e-07
522.25,2,1166.777520408083,170,0.7083333333333334,1166.9359116117869,-0.0027713144733924897,6.909707968510177e-05,-2.525397688518888e-07
522.25,2,1166.777520408083,171,0.7125,1166.9368433247498,-0.0027731302633655056,4.386195729618033e-05,-2.514759892421021e-07
522.25,2,1166.777520408083,172,0.7166666666666667,1166.9377750377128,-0.0027750929364143266,1.862555800142255e-05,-2.5044084915201956e-07
522.25,2,1166.777520408083,173,0.7208333333333333,1166.9387067506757,-0.002776780955329762,-6.610246862238836e-06,-2.4930030720551877e-07
522.25,2,1166.777520408083,174,0.725,1166.9396384636386,-0.0027772826577894664,-3.185254553587166e-05,-2.477619045410699e-07
522.25,2,1166.777520408083,175,0.7291666666666666,1166.9405701766016,-0.0027764859789926664,-5.71008932204033e-05,-2.457899680975228e-07
522.25,2,1166.777520408083,176,0.7333333333333333,1166.9415018895645,-0.002775061399985462,-8.23533756364026e-05,-2.436001100058552e-07
522.25,2,1166.777520408083,177,0.7375,1166.9424336025274,-0.0027738007997215935,-0.00010760583026214756,-2.414440921305491e-07
522.25,2,1166.777520408083,178,0.7416666666666667,1166.9433653154906,-0.0027724436119390588,-0.00013285045320595766,-2.3924302640194734e-07
522.25,2,1166.777520408083,179,0.7458333333333333,1166.9442970284535,-0.002771295790997415,-0.0001581097165260595,-2.3708690424624908e-07
522.25,2,1166.777520408083,180,0.75,1166.9452287414165,-0.002770318813710942,-0.00018337812384484352,-2.3496548282755687e-07
522.25,2,1166.777520408083,181,0.7541666666666667,1166.9461604543794,-0.002767128125772395,-0.0002085190870443277,-2.3215950499363877e-07
522.25,2,1166.777520408083,182,0.7583333333333333,1166.9470921673424,-0.0027623093004076568,-0.00023356714225625992,-2.2884448047973688e-07
522.25,2,1166.777520408083,183,0.7625,1166.9480238803053,-0.0027579318603985228,-0.00025864078084137114,-2.2564674642407638e-07
522.25,2,1166.777520408083,184,0.7666666666666666,1166.9489555932682,-0.002753585068878329,-0.00028371306895645594,-2.2244187610409394e-07
522.25,2,1166.777520408083,185,0.7708333333333334,1166.9498873062312,-0.0027492290182897492,-0.00030879118031190364,-2.1921495368466468e-07
522.25,2,1166.777520408083,186,0.775,1166.9508190191941,-0.002744941072252236,-0.0003338754264898962,-2.1599017841925084e-07
522.25,2,1166.777520408083,187,0.7791666666666667,1166.9517507321573,-0.0027397804842465194,-0.0003588542132633973,-2.125090958145139e-07
522.25,2,1166.777520408083,188,0.7833333333333333,1166.9526824451202,-0.0027333077785461073,-0.0003836747519328517,-2.0865106316942972e-07
522.25,2,1166.777520408083,189,0.7875,1166.9536141580832,-0.002725827358722435,-0.0004083734772314204,-2.0450078106191905e-07
522.25,2,1166.777520408083,190,0.7916666666666666,1166.954545871046,-0.002718305260698961,-0.0004330694143132721,-2.0032113618557388e-07
522.25,2,1166.777520408083,191,0.7958333333333333,1166.955477584009,-0.002710843106919511,-0.0004577674320478463,-1.961439855563988e-07
522.25,2,1166.777520408083,192,0.8,1166.956409296972,-0.0027033268426649975,-0.00048245831293630643,-1.9193552575554879e-07
522.25,2,1166.777520408083,193,0.8041666666666667,1166.957341009935,-0.002696289718202095,-0.0005072386476706709,-1.8782575873999805e-07
522.25,2,1166.777520408083,194,0.8083333333333333,1166.9582727228978,-0.002688099814882341,-0.0005318038714692255,-1.834232427004963e-07
522.25,2,1166.777520408083,195,0.8125,1166.9592044358608,-0.0026775199240425605,-0.0005559250182742472,-1.7843236682993437e-07
522.25,2,1166.777520408083,196,0.8166666666666667,1166.9601361488237,-0.0026668223177579125,-0.00058002517019133,-1.7339764187747105e-07
522.25,2,1166.777520408083,197,0.8208333333333333,1166.961067861787,-0.0026564467015286865,-0.0006041830586367636,-1.6842539116071917e-07
522.25,2,1166.777520408083,198,0.825,1166.9619995747498,-0.002645948780266479,-0.0006283184414186011,-1.6340796523507283e-07
522.25,2,1166.777520408083,199,0.8291666666666666,1166.9629312877128,-0.002635613292770255,-0.0006524955372119797,-1.584067549350223e-07
522.25,2,1166.777520408083,200,0.8333333333333334,1166.9638630006757,-0.0026248520752501724,-0.0006765628970152054,-1.5330730749425787e-07
522.25,2,1166.777520408083,201,0.8375,1166.9647947136386,-0.0026129078928145656,-0.0007003302136769807,-1.4795962343548012e-07
522.25,2,1166.777520408083,202,0.8416666666666667,1166.9657264266016,-0.002599783780204217,-0.0007237969773036489,-1.4236440100491482e-07
522.25,2,1166.777520408083,203,0.8458333333333333,1166.9666581395645,-0.0025862392599363105,-0.0007471584918921462,-1.3667108986225566e-07
522.25,2,1166.777520408083,204,0.85,1166.9675898525275,-0.0025728570787566536,-0.0007705608654949758,-1.309963047051378e-07
522.25,2,1166.777520408083,205,0.8541666666666666,1166.9685215654904,-0.002559359711618879,-0.0007939253610739633,-1.2528901572145119e-07
522.25,2,1166.777520408083,206,0.8583333333333333,1166.9694532784536,-0.002546166775886452,-0.0008173915985620516,-1.1961034315467091e-07
522.25,2,1166.777520408083,207,0.8624999999999999,1166.9703849914165,-0.002532852066616869,-0.0008408171231242541,-1.1389949375559607e-07
522.25,2,1166.777520408083,208,0.8666666666666667,1166.9713167043794,-0.002517286329764014,-0.0008635067344386167,-1.0784662238191436e-07
522.25,2,1166.777520408083,209,0.8708333333333333,1166.9722484173424,-0.0025006531871102494,-0.0008858483375919346,-1.0162450202280506e-07
522.25,2,1166.777520408083,210,0.875,1166.9731801303053,-0.002484471013231466,-0.0009083368764904192,-9.545378254380658e-08
522.25,2,1166.777520408083,211,0.8791666666666667,1166.9741118432682,-0.0024682381136429386,-0.0009308057678316989,-8.926489100765112e-08
522.25,2,1166.777520408083,212,0.8833333333333333,1166.9750435562312,-0.0024520557836449548,-0.0009533009521872442,-8.306299887134065e-08
522.25,2,1166.777520408083,213,0.8875,1166.9759752691941,-0.002435834448284863,-0.0009757777066120446,-7.684543872418878e-08
522.25,2,1166.777520408083,214,0.8916666666666666,1166.976906982157,-0.002418720215722298,-0.00099789256100353,-7.053685786606405e-08
522.25,2,1166.777520408083,215,0.8958333333333334,1166.9778386951202,-0.0024004503778279488,-0.0010195385688042521,-6.411620110972523e-08
522.25,2,1166.777520408083,216,0.9,1166.9787704080832,-0.0023814170753517754,-0.0010408750203132855,-5.761627251654797e-08
522.25,2,1166.777520408083,217,0.9041666666666667,1166.979702121046,-0.0023624449984847302,-0.0010622386949818482,-5.1108620699165263e-08
522.25,2,1166.777520408083,218,0.9083333333333333,1166.980633834009,-0.0023434687107863057,-0.0010835927377654383,-4.459429253110816e-08
522.25,2,1166.777520408083,219,0.9125,1166.981565546972,-0.0023245181030325025,-0.0011049631607029397,-3.806548513194978e-08
522.25,2,1166.777520408083,220,0.9166666666666666,1166.982497259935,-0.002305928374572753,-0.001126511111405607,-3.153011671782563e-08
522.25,2,1166.777520408083,221,0.9208333333333333,1166.9834289728979,-0.002285982861573185,-0.001147390408854054,-2.4959845885745536e-08
522.25,2,1166.777520408083,222,0.9249999999999999,1166.9843606858608,-0.00226422111057596,-0.0011673752610480022,-1.8345210128396322e-08
522.25,2,1166.777520408083,223,0.9291666666666667,1166.9852923988237,-0.0022426077481325375,-0.0011874339941194926,-1.1721128010920294e-08
522.25,2,1166.777520408083,224,0.9333333333333333,1166.986224111787,-0.002221165546487642,-0.0012075739033192599,-5.092517420079598e-09
522.25,2,1166.777520408083,225,0.9375,1166.9871558247498,-0.0021996428416000717,-0.0012276770247396389,1.551415616625826e-09
522.25,2,1166.777520408083,226,0.9416666666666667,1166.9880875377128,-0.0021782463406891392,-0.0012478535864872615,8.21230020133657e-09
522.25,2,1166.777520408083,227,0.9458333333333333,1166.9890192506757,-0.0021563622175210777,-0.0012677406659323922,1.4854881992951162e-08
522.25,2,1166.777520408083,228,0.95,1166.9899509636386,-0.002133477819798929,-0.001287037160312766,2.1446860431087865e-08
522.25,2,1166.777520408083,229,0.9541666666666666,1166.9908826766016,-0.0021096844041580934,-0.0013057956596411657,2.7992456217650638e-08
522.25,2,1166.777520408083,230,0.9583333333333334,1166.9918143895645,-0.002085683065952538,-0.001324433736783683,3.453758215901537e-08
522.25,2,1166.777520408083,231,0.9625,1166.9927461025275,-0.0020617953241658187,-0.001343136146518602,4.109738431338865e-08
522.25,2,1166.777520408083,232,0.9666666666666667,1166.9936778154904,-0.00203781706559028,-0.0013617768892127979,4.7654169421976014e-08
522.25,2,1166.777520408083,233,0.9708333333333333,1166.9946095284536,-0.002014149265135476,-0.0013806383626115322,5.426792832632244e-08
522.25,2,1166.777520408083,234,0.975,1166.9955412414165,-0.0019901123349085974,-0.0013992383593346381,6.083543290885602e-08
522.25,2,1166.777520408083,235,0.9791666666666666,1166.9964729543794,-0.001964232990983537,-0.0014165394652245898,6.713389616198443e-08
522.25,2,1166.777520408083,236,0.9833333333333333,1166.9974046673424,-0.0019378462033069021,-0.0014334839766690208,7.336515463201138e-08
522.25,2,1166.777520408083,237,0.9874999999999999,1166.9983363803053,-0.001911794639793127,-0.0014506634506495461,7.965312819005694e-08
522.25,2,1166.777520408083,238,0.9916666666666667,1166.9992680932683,-0.0018856648651615177,-0.001467784881907754,8.593534666500948e-08
522.25,2,1166.777520408083,239,0.9958333333333333,1167.0001998062312,-0.0018596120766890085,-0.0014849756544022589,9.224833239721394e-08
522.25,2,1166.777520408083,240,1.0,1167.0011315191941,-0.0018334359910985659,-0.0015020594984879352,9.853598221343852e-08
522.25,3,1167.277520408083,0,0.0,1167.277520408083,-0.00011881861169452428,0.0018959527790531323,2.3070773299590223e-07
522.25,3,1167.277520408083,1,0.004166666666666667,1167.278452121046,-0.0001543248493745916,0.0018945470766400067,2.283415885801789e-07
522.25,3,1167.277520408083,2,0.008333333333333333,1167.279383834009,-0.00018983143771178645,0.0018930033144218665,2.259067639415464e-07
522.25,3,1167.277520408083,3,0.0125,1167.280315546972,-0.00022533548273240606,0.001891547803889365,2.2351682630186757e-07
522.25,3,1167.277520408083,4,0.016666666666666666,1167.2812472599348,-0.0002608310014267394,0.0018900121884830557,2.2108810208496386e-07
522.25,3,1167.277520408083,5,0.020833333333333332,1167.282178972898,-0.0002963753799491173,0.0018888091401804002,2.188127292816461e-07
522.25,3,1167.277520408083,6,0.025,1167.283110685861,-0.0003318466163336965,0.0018871017964395393,2.1630428444294842e-07
522.25,3,1167.277520408083,7,0.029166666666666667,1167.2840423988239,-0.00036705622127959615,0.0018835605956901331,2.1295080444687872e-07
522.25,3,1167.277520408083,8,0.03333333333333333,1167.2849741117868,-0.00040221450289967635,0.001879651193528649,2.094269003971866e-07
522.25,3,1167.277520408083,9,0.0375,1167.2859058247498,-0.00043741524943116883,0.0018760523378890145,2.0604645534538584e-07
522.25,3,1167.277520408083,10,0.041666666666666664,1167.2868375377127,-0.00047260123970810575,0.0018723650375457436,2.0262674577562765e-07
522.25,3,1167.277520408083,11,0.04583333333333333,1167.2877692506756,-0.0005078174389221149,0.001868778689255748,1.9924815554854983e-07
522.25,3,1167.277520408083,12,0.05,1167.2887009636386,-0.0005429806312479441,0.0018650054978603253,1.9579116898138459e-07
522.25,3,1167.277520408083,13,0.05416666666666667,1167.2896326766015,-0.0005779226633198017,0.0018604067697130767,1.919876904622793e-07
522.25,3,1167.277520408083,14,0.058333333333333334,1167.2905643895647,-0.0006126202561139674,0.0018549011413121353,1.8780289025525648e-07
522.25,3,1167.277520408083,15,0.0625,1167.2914961025276,-0.0006472000419074056,0.001848952462284766,1.8343195925826128e-07
522.25,3,1167.277520408083,16,0.06666666666666667,1167.2924278154906,-0.0006818116645242586,0.001843117300957742,1.791089472314204e-07
522.25,3,1167.277520408083,17,0.07083333333333333,1167.2933595284535,-0.0007163939384257902,0.0018372174459582561,1.747633273191347e-07
522.25,3,1167.277520408083,18,0.075,1167.2942912414164,-0.0007510358983969835,0.001831457398487751,1.7046890430894625e-07
522.25,3,1167.277520408083,19,0.07916666666666666,1167.2952229543794,-0.0007857263478656212,0.0018258212012441872,1.6622083674472506e-07
522.25,3,1167.277520408083,20,0.08333333333333333,1167.2961546673423,-0.000819813524860094,0.0018186755203448905,1.6141608235558954e-07
522.25,3,1167.277520408083,21,0.0875,1167.2970863803052,-0.0008534513887215663,0.0018104022843793161,1.5619455353208283e-07
522.25,3,1167.277520408083,22,0.09166666666666666,1167.2980180932682,-0.0008872093075877611,0.0018024290427177928,1.5108489550037214e-07
522.25,3,1167.277520408083,23,0.09583333333333333,1167.2989498062313,-0.0009209724293357831,0.0017944800484240432,1.459879755309214e-07
522.25,3,1167.277520408083,24,0.1,1167.2998815191943,-0.0009547409100182886,0.0017865216789365633,1.408841856905502e-07
522.25,3,1167.277520408083,25,0.10416666666666667,1167.3008132321572,-0.0009885324267471399,0.0017786119818286757,1.3579941020593588e-07
522.25,3,1167.277520408083,26,0.10833333333333334,1167.3017449451202,-0.0010220107254700905,0.0017701188117187586,1.305355821742223e-07
522.25,3,1167.277520408083,27,0.1125,1167.302676658083,-0.0010550155549484898,0.0017607426040235523,1.250006178276211e-07
522.25,3,1167.277520408083,28,0.11666666666666667,1167.303608371046,-0.001087654407850665,0.0017506848426867335,1.1925810574574062e-07
522.25,3,1167.277520408083,29,0.12083333333333333,1167.304540084009,-0.0011202795871314186,0.0017405953267040084,1.1350657739644723e-07
522.25,3,1167.277520408083,30,0.125,1167.305471796972,-0.0011529203246263087,0.0017305488624572564,1.077748042661215e-07
522.25,3,1167.277520408083,31,0.12916666666666665,1167.3064035099349,-0.0011855394864930542,0.0017204643255554005,1.0203384321600699e-07
522.25,3,1167.277520408083,32,0.13333333333333333,1167.307335222898,-0.0012183755486799414,0.0017106965230926428,9.637056740576751e-08
522.25,3,1167.277520408083,33,0.1375,1167.308266935861,-0.0012506981181360482,0.0017001786888605757,9.053210188079956e-08
522.25,3,1167.277520408083,34,0.14166666666666666,1167.309198648824,-0.0012819396995334684,0.0016880778955321689,8.432157624537332e-08
522.25,3,1167.277520408083,35,0.14583333333333334,1167.3101303617868,-0.0013131237293844678,0.0016758910071631146,7.809441925031178e-08
522.25,3,1167.277520408083,36,0.15,1167.3110620747498,-0.0013444520547002995,0.0016639199742720621,7.192338660708465e-08
522.25,3,1167.277520408083,37,0.15416666666666667,1167.3119937877127,-0.0013757251835049785,0.0016518677551642343,6.573616413984118e-08
522.25,3,1167.277520408083,38,0.15833333333333333,1167.3129255006756,-0.0014070873177093384,0.001639920281722397,5.9568579080514866e-08
522.25,3,1167.277520408083,39,0.1625,1167.3138572136386,-0.0014382186396854778,0.0016277018837004133,5.3364581484003365e-08
522.25,3,1167.277520408083,40,0.16666666666666666,1167.3147889266015,-0.0014687068481395098,0.001614719402166318,4.704725731658619e-08
522.25,3,1167.277520408083,41,0.17083333333333334,1167.3157206395645,-0.001498549682948954,0.0016009722994463588,4.061744726785434e-08
522.25,3,1167.277520408083,42,0.175,1167.3166523525276,-0.0015281619175583968,0.0015869487885171076,3.414956250104136e-08
522.25,3,1167.277520408083,43,0.17916666666666667,1167.3175840654906,-0.0015578622977995762,0.001573030620103444,2.770313607147908e-08
522.25,3,1167.277520408083,44,0.18333333333333332,1167.3185157784535,-0.0015874883244129565,0.001559040000150616,2.1258073613413665e-08
522.25,3,1167.277520408083,45,0.1875,1167.3194474914164,-0.0016173114420149706,0.0015452389902476094,1.4826402015079454e-08
522.25,3,1167.277520408083,46,0.19166666666666665,1167.3203792043794,-0.0016470623044177904,0.0015313685243302667,8.39564507884136e-09
522.25,3,1167.277520408083,47,0.19583333333333333,1167.3213109173423,-0.0016753637162825166,0.0015160780982593283,1.890639873010018e-09
522.25,3,1167.277520408083,48,0.2,1167.3222426303053,-0.0017029669237982963,0.0015001021101160826,-4.648749922452135e-09
522.25,3,1167.277520408083,49,0.20416666666666666,1167.3231743432682,-0.001730860510683704,0.001484411312094584,-1.1164514762344621e-08
522.25,3,1167.277520408083,50,0.20833333333333334,1167.3241060562311,-0.0017587186423686314,0.0014686905948217753,-1.7673138322185763e-08
522.25,3,1167.277520408083,51,0.2125,1167.3250377691943,-0.0017866212533329483,0.0014529985848536194,-2.4181103151325192e-08
522.25,3,1167.277520408083,52,0.21666666666666667,1167.3259694821572,-0.0018144941149377892,0.0014372855911987691,-3.0680034093036734e-08
522.25,3,1167.277520408083,53,0.22083333333333333,1167.3269011951202,-0.001841696994170322,0.0014210240721199503,-3.714420167225745e-08
522.25,3,1167.277520408083,54,0.225,1167.327832908083,-0.001868027689998595,0.0014040491289824806,-4.3563858595413644e-08
522.25,3,1167.277520408083,55,0.22916666666666666,1167.328764621046,-0.001893778864929632,0.0013865998323269993,-4.995057796562259e-08
522.25,3,1167.277520408083,56,0.23333333333333334,1167.329696334009,-0.0019195771206749446,0.0013691859100454448,-5.633404794896373e-08
522.25,3,1167.277520408083,57,0.2375,1167.330628046972,-0.0019453630114994256,0.0013517723006201895,-6.270248362939735e-08
522.25,3,1167.277520408083,58,0.24166666666666667,1167.3315597599349,-0.0019711737571203036,0.0013343715640835015,-6.906752062601219e-08
522.25,3,1167.277520408083,59,0.24583333333333332,1167.3324914728978,-0.0019973025820682615,0.0013171891993291652,-7.546471568833804e-08
522.25,3,1167.277520408083,60,0.25,1167.333423185861,-0.0020222563611291115,0.0012992014760440228,-8.170942938062646e-08
522.25,3,1167.277520408083,61,0.25416666666666665,1167.334354898824,-0.002045613758010261,0.00128011782045328,-8.775115507243435e-08
522.25,3,1167.277520408083,62,0.2583333333333333,1167.3352866117868,-0.002069095208490173,0.0012611183187658636,-9.379952538696184e-08
522.25,3,1167.277520408083,63,0.2625,1167.3362183247498,-0.002092725371697514,0.001242224509306378,-9.985482539358617e-08
522.25,3,1167.277520408083,64,0.26666666666666666,1167.3371500377127,-0.002116287933557194,0.0012232811474764279,-1.0589291373133805e-07
522.25,3,1167.277520408083,65,0.2708333333333333,1167.3380817506757,-0.0021399772271012162,0.0012044117171546808,-1.1194508614726901e-07
522.25,3,1167.277520408083,66,0.275,1167.3390134636386,-0.002163177390927736,0.001185262320088457,-1.1789657259108639e-07
522.25,3,1167.277520408083,67,0.2791666666666667,1167.3399451766015,-0.002185368688885311,0.0011655323967253355,-1.236517197650191e-07
522.25,3,1167.277520408083,68,0.2833333333333333,1167.3408768895645,-0.0022066380427241683,0.00114527313481797,-1.2922615665418213e-07
522.25,3,1167.277520408083,69,0.2875,1167.3418086025276,-0.002227695851941848,0.0011248898858546763,-1.3474991508665308e-07
522.25,3,1167.277520408083,70,0.2916666666666667,1167.3427403154906,-0.002248865862073046,0.0011045736970481741,-1.4028365315481605e-07
522.25,3,1167.277520408083,71,0.29583333333333334,1167.3436720284535,-0.0022699324839634562,0.0010842063845445562,-1.457819324612923e-07
522.25,3,1167.277520408083,72,0.3,1167.3446037414164,-0.0022913616360898136,0.0010640108361459023,-1.5135561932825903e-07
522.25,3,1167.277520408083,73,0.30416666666666664,1167.3455354543794,-0.00231237100879468,0.0010436155689235213,-1.5681870585050106e-07
522.25,3,1167.277520408083,74,0.30833333333333335,1167.3464671673423,-0.0023312302587898018,0.0010221919058835886,-1.6176433969562721e-07
522.25,3,1167.277520408083,75,0.3125,1167.3473988803053,-0.0023494849133063665,0.0010004779949786963,-1.6655641741364036e-07
522.25,3,1167.277520408083,76,0.31666666666666665,1167.3483305932682,-0.0023681308345994893,0.0009789524884125519,-1.714264794762914e-07
522.25,3,1167.277520408083,77,0.3208333333333333,1167.3492623062311,-0.002386682570238217,0.0009573844237760059,-1.7626121201240654e-07
522.25,3,1167.277520408083,78,0.325,1167.3501940191943,-0.0024053433048659726,0.0009358557002345008,-1.8111425614601254e-07
522.25,3,1167.277520408083,79,0.32916666666666666,1167.3511257321572,-0.002423837721803653,0.0009142640778865203,-1.8590840902990323e-07
522.25,3,1167.277520408083,80,0.3333333333333333,1167.3520574451202,-0.0024413361788979786,0.0008922809124609522,-1.904170828912038e-07
522.25,3,1167.277520408083,81,0.3375,1167.3529891580831,-0.0024576847862658488,0.0008698467422062937,-1.945972902261268e-07
522.25,3,1167.277520408083,82,0.3416666666666667,1167.353920871046,-0.0024734039677171884,0.0008471647732007635,-1.9859077548017312e-07
522.25,3,1167.277520408083,83,0.3458333333333333,1167.354852584009,-0.002489249456538757,0.0008245307951290427,-2.0260571252580427e-07
522.25,3,1167.277520408083,84,0.35,1167.355784296972,-0.002505027327737859,0.0008018794915145974,-2.065851474961245e-07
522.25,3,1167.277520408083,85,0.3541666666666667,1167.3567160099349,-0.0025209387652821613,0.0007792670835850813,-2.1059275489163349e-07
522.25,3,1167.277520408083,86,0.35833333333333334,1167.3576477228978,-0.0025371167260240016,0.0007567391674241625,-2.1466714142029172e-07
522.25,3,1167.277520408083,87,0.3625,1167.358579435861,-0.002551427172314749,0.0007336239481905327,-2.181601520992032e-07
522.25,3,1167.277520408083,88,0.36666666666666664,1167.359511148824,-0.0025640425496102535,0.0007099745079446231,-2.2112520598629167e-07
522.25,3,1167.277520408083,89,0.37083333333333335,1167.3604428617869,-0.002577003694581713,0.0006864335302048876,-2.2417992721116858e-07
522.25,3,1167.277520408083,90,0.375,1167.3613745747498,-0.002590042371278845,0.0006629201998042821,-2.272431103013466e-07
522.25,3,1167.277520408083,91,0.37916666666666665,1167.3623062877127,-0.0026030444489729093,0.0006393899883010155,-2.302817469975226e-07
522.25,3,1167.277520408083,92,0.3833333333333333,1167.3632380006757,-0.0026161525532270805,0.0006158874086257787,-2.3333878803324808e-07
522.25,3,1167.277520408083,93,0.3875,1167.3641697136386,-0.0026285017183859394,0.0005922009604083201,-2.361354853085204e-07
522.25,3,1167.277520408083,94,0.39166666666666666,1167.3651014266015,-0.0026395982472948117,0.0005682100621365041,-2.385125137572138e-07
522.25,3,1167.277520408083,95,0.3958333333333333,1167.3660331395645,-0.002649667228249298,0.0005439700253169906,-2.4054198191464327e-07
522.25,3,1167.277520408083,96,0.4,1167.3669648525276,-0.0026596292193393537,0.0005197017116083421,-2.425209176524208e-07
522.25,3,1167.277520408083,97,0.4041666666666667,1167.3678965654906,-0.0026696781685957966,0.0004954587470510197,-2.445118983123665e-07
522.25,3,1167.277520408083,98,0.4083333333333333,1167.3688282784535,-0.0026796418260109363,0.000471198240087499,-2.4645910631283445e-07
522.25,3,1167.277520408083,99,0.4125,1167.3697599914165,-0.0026900835278604778,0.00044702077059276696,-2.4854988561365906e-07
522.25,3,1167.277520408083,100,0.4166666666666667,1167.3706917043794,-0.0026996030356646592,0.0004226826548150679,-2.5031730877952395e-07
522.25,3,1167.277520408083,101,0.42083333333333334,1167.3716234173423,-0.0027066444949391663,0.0003979105466377192,-2.512414423589847e-07
522.25,3,1167.277520408083,102,0.425,1167.3725551303053,-0.0027133839209227883,0.00037308462718438557,-2.5204899531411035e-07
522.25,3,1167.277520408083,103,0.42916666666666664,1167.3734868432682,-0.0027205017459174053,0.0003483266939372856,-2.5296617024973406e-07
522.25,3,1167.277520408083,104,0.43333333333333335,1167.3744185562311,-0.002727492647224107,0.00032354735873787094,-2.5382325923259397e-07
522.25,3,1167.277520408083,105,0.4375,1167.3753502691943,-0.002734645060947464,0.0002987845072548868,-2.547193614160848e-07
522.25,3,1167.277520408083,106,0.44166666666666665,1167.3762819821573,-0.0027414423807515446,0.0002739842378480663,-2.5548002326779665e-07
522.25,3,1167.277520408083,107,0.4458333333333333,1167.3772136951202,-0.0027470311996173817,0.00024905022204587784,-2.558174910677403e-07
522.25,3,1167.277520408083,108,0.45,1167.3781454080831,-0.002751355788365256,0.0002239773924281354,-2.5571357238270033e-07
522.25,3,1167.277520408083,109,0.45416666666666666,1167.379077121046,-0.0027551466599024833,0.00019884444274622984,-2.5541435797066096e-07
522.25,3,1167.277520408083,110,0.4583333333333333,1167.380008834009,-0.0027591083312935726,0.00017373002384427611,-2.551554936913245e-07
522.25,3,1167.277520408083,111,0.46249999999999997,1167.380940546972,-0.0027629552237108846,0.0001486114520501649,-2.548413816544758e-07
522.25,3,1167.277520408083,112,0.4666666666666667,1167.3818722599349,-0.0027670739939863807,0.00012350336209625553,-2.545991758712845e-07
522.25,3,1167.277520408083,113,0.4708333333333333,1167.3828039728978,-0.0027712279369208753,9.839764662329004e-05,-2.543524805362351e-07
522.25,3,1167.277520408083,114,0.475,1167.3837356858608,-0.002773027425911681,7.31812623820635e-05,-2.533121500663707e-07
522.25,3,1167.277520408083,115,0.4791666666666667,1167.384667398824,-0.00277341474582924,4.789761717106407e-05,-2.517890642440077e-07
522.25,3,1167.277520408083,116,0.48333333333333334,1167.3855991117869,-0.002774280407822353,2.2636615766925108e-05,-2.5040619757611623e-07
522.25,3,1167.277520408083,117,0.4875,1167.3865308247498,-0.002775130178051622,-2.622175406130916e-06,-2.490023115996853e-07
522.25,3,1167.277520408083,118,0.49166666666666664,1167.3874625377127,-0.0027760057625430784,-2.788733818742755e-05,-2.4758787821256804e-07
522.25,3,1167.277520408083,119,0.49583333333333335,1167.3883942506757,-0.0027768990513118313,-5.315060274046178e-05,-2.461621924236472e-07
522.25,3,1167.277520408083,120,0.5,1167.3893259636386,-0.002776835742729739,-7.839933090540736e-05,-2.444170126513425e-07
522.25,3,1167.277520408083,121,0.5041666666666667,1167.3902576766015,-0.002775440082350589,-0.00010362777589117389,-2.422340181622712e-07
522.25,3,1167.277520408083,122,0.5083333333333333,1167.3911893895645,-0.002773088504750283,-0.00012884165984836484,-2.3973294779981455e-07
522.25,3,1167.277520408083,123,0.5125,1167.3921211025274,-0.002770754506037156,-0.00015405793882437887,-2.3721881029228262e-07
522.25,3,1167.277520408083,124,0.5166666666666666,1167.3930528154906,-0.002768446607121926,-0.0001792686921396617,-2.3469870049948006e-07
522.25,3,1167.277520408083,125,0.5208333333333334,1167.3939845284535,-0.0027661227264423895,-0.0002044811408830371,-2.321546104320213e-07
522.25,3,1167.277520408083,126,0.525,1167.3949162414165,-0.0027642751884622363,-0.0002297307651163009,-2.2973371024691039e-07
522.25,3,1167.277520408083,127,0.5291666666666667,1167.3958479543794,-0.0027610204132845553,-0.00025487025788966435,-2.2688344957149027e-07
522.25,3,1167.277520408083,128,0.5333333333333333,1167.3967796673423,-0.002755419727985054,-0.00027982744766644684,-2.233261528716383e-07
522.25,3,1167.277520408083,129,0.5375,1167.3977113803053,-0.0027498543373508932,-0.00030478823748372806,-2.1976342209007174e-07
522.25,3,1167.277520408083,130,0.5416666666666666,1167.3986430932682,-0.0027445600753283456,-0.0003297676669480252,-2.1626316743013596e-07
522.25,3,1167.277520408083,131,0.5458333333333333,1167.3995748062312,-0.0027391513397763325,-0.000354739429559953,-2.127120136915893e-07
522.25,3,1167.277520408083,132,0.55,1167.400506519194,-0.002733912319474765,-0.0003797349982623388,-2.0919013879298121e-07
522.25,3,1167.277520408083,133,0.5541666666666667,1167.4014382321573,-0.0027281430904223056,-0.0004046542091795439,-2.0551110326745197e-07
522.25,3,1167.277520408083,134,0.5583333333333333,1167.4023699451202,-0.0027211182864352625,-0.0004293961653881455,-2.0148358647091346e-07
522.25,3,1167.277520408083,135,0.5625,1167.4033016580831,-0.0027128943626931,-0.0004539678275657517,-1.9712471737466122e-07
522.25,3,1167.277520408083,136,0.5666666666666667,1167.404233371046,-0.0027043181105922214,-0.00047849125133903384,-1.926539757230654e-07
522.25,3,1167.277520408083,137,0.5708333333333333,1167.405165084009,-0.0026959021361569395,-0.000503036182928045,-1.88210785843476e-07
522.25,3,1167.277520408083,138,0.575,1167.406096796972,-0.002687360646982983,-0.0005275558079639701,-1.8372253756957685e-07
522.25,3,1167.277520408083,139,0.5791666666666666,1167.407028509935,-0.002679193146180875,-0.000552154862663247,-1.793022403927955e-07
522.25,3,1167.277520408083,140,0.5833333333333334,1167.4079602228978,-0.0026707267092814096,-0.0005766909065519009,-1.747976391946067e-07
522.25,3,1167.277520408083,141,0.5875,1167.4088919358608,-0.00265980944076288,-0.000600717940131402,-1.6972166034576343e-07
522.25,3,1167.277520408083,142,0.5916666666666667,1167.409823648824,-0.002647980283948259,-0.0006245565263129415,-1.644241269142118e-07
522.25,3,1167.277520408083,143,0.5958333333333333,1167.4107553617869,-0.002636624166092821,-0.0006484925960168957,-1.5921776747010677e-07
522.25,3,1167.277520408083,144,0.6,1167.4116870747498,-0.00262518379632126,-0.0006724086288000796,-1.5397982246135002e-07
522.25,3,1167.277520408083,145,0.6041666666666666,1167.4126187877127,-0.002613828939374029,-0.0006963525892737815,-1.4873794484722266e-07
522.25,3,1167.277520408083,146,0.6083333333333333,1167.4135505006757,-0.0026023687226784976,-0.0007202649797353383,-1.434628090036683e-07
522.25,3,1167.277520408083,147,0.6125,1167.4144822136386,-0.0025898956039167864,-0.0007438971769647928,-1.3798987796440523e-07
522.25,3,1167.277520408083,148,0.6166666666666667,1167.4154139266016,-0.0025761887063216423,-0.0007671871304556147,-1.3227782859019654e-07
522.25,3,1167.277520408083,149,0.6208333333333333,1167.4163456395645,-0.0025617346945805315,-0.0007902705054540381,-1.264165086721786e-07
522.25,3,1167.277520408083,150,0.625,1167.4172773525274,-0.0025473849525894316,-0.0008133846453104099,-1.2055806985138148e-07
522.25,3,1167.277520408083,151,0.6291666666666667,1167.4182090654906,-0.0025329996020665014,-0.0008364807770762093,-1.146839311857648e-07
522.25,3,1167.277520408083,152,0.6333333333333333,1167.4191407784535,-0.002518690108162667,-0.0008596069342055213,-1.0880304359678856e-07
522.25,3,1167.277520408083,153,0.6375,1167.4200724914165,-0.002504719565257358,-0.0008828518039491345,-1.0295134816896452e-07
522.25,3,1167.277520408083,154,0.6416666666666666,1167.4210042043794,-0.0024890860793930357,-0.0009055116143735111,-9.68734595817848e-08
522.25,3,1167.277520408083,155,0.6458333333333334,1167.4219359173424,-0.0024716206583202224,-0.0009275280059940766,-9.054731605686886e-08
522.25,3,1167.277520408083,156,0.65,1167.4228676303053,-0.0024544169011417667,-0.0009496369605366823,-8.424089983355508e-08
522.25,3,1167.277520408083,157,0.6541666666666667,1167.4237993432682,-0.002437344383433364,-0.0009717888736007638,-7.794062222193833e-08
522.25,3,1167.277520408083,158,0.6583333333333333,1167.4247310562312,-0.002420205302622106,-0.0009939213608061302,-7.16145962335057e-08
522.25,3,1167.277520408083,159,0.6625,1167.425662769194,-0.0024031897401192736,-0.0010161057887092722,-6.528658581875042e-08
522.25,3,1167.277520408083,160,0.6666666666666666,1167.4265944821573,-0.0023855591346691194,-0.0010380232461481506,-5.8904388901681455e-08
522.25,3,1167.277520408083,161,0.6708333333333333,1167.4275261951202,-0.002366805422086367,-0.0010594550962220635,-5.243482813506952e-08
522.25,3,1167.277520408083,162,0.675,1167.4284579080831,-0.0023470797241492997,-0.0010804657861079223,-4.589023972013121e-08
522.25,3,1167.277520408083,163,0.6791666666666667,1167.429389621046,-0.002327191609619684,-0.0011014086907316584,-3.932178172327877e-08
522.25,3,1167.277520408083,164,0.6833333333333333,1167.430321334009,-0.0023074100427654906,-0.0011223941078479173,-3.275102449733729e-08
522.25,3,1167.277520408083,165,0.6875,1167.431253046972,-0.0022875368741552622,-0.0011433341757325184,-2.6166723576729063e-08
522.25,3,1167.277520408083,166,0.6916666666666667,1167.432184759935,-0.002268043594617765,-0.0011644742400239297,-1.9567774659818606e-08
522.25,3,1167.277520408083,167,0.6958333333333333,1167.4331164728978,-0.0022479627994961117,-0.0011853058606694736,-1.296112738386913e-08
522.25,3,1167.277520408083,168,0.7,1167.4340481858608,-0.002225793124353914,-0.0012050445333485246,-6.3551506460192435e-09
522.25,3,1167.277520408083,169,0.7041666666666666,1167.434979898824,-0.0022032157472616,-0.0012245710123576668,2.585245521522029e-10
522.25,3,1167.277520408083,170,0.7083333333333334,1167.4359116117869,-0.002180990789800709,-0.0012442801719524952,6.884402155162886e-09
522.25,3,1167.277520408083,171,0.7125,1167.4368433247498,-0.0021586654503358525,-0.0012639350125512375,1.3518506348985305e-08
522.25,3,1167.277520408083,172,0.7166666666666667,1167.4377750377128,-0.002136448428123409,-0.0012836604837903527,2.0173760296451988e-08
522.25,3,1167.277520408083,173,0.7208333333333333,1167.4387067506757,-0.002114027050638584,-0.0013032553767138362,2.682031002736752e-08
522.25,3,1167.277520408083,174,0.725,1167.4396384636386,-0.0020907146408072246,-0.0013222931259754224,3.339914983578051e-08
522.25,3,1167.277520408083,175,0.7291666666666666,1167.4405701766016,-0.00206642801081421,-0.0013407202814680692,3.9901299443445505e-08
522.25,3,1167.277520408083,176,0.7333333333333333,1167.4415018895645,-0.002041669165473131,-0.0013588530505597282,4.637094428872669e-08
522.25,3,1167.277520408083,177,0.7375,1167.4424336025274,-0.0020170325895112148,-0.0013770634669494953,5.286246376860585e-08
522.25,3,1167.277520408083,178,0.7416666666666667,1167.4433653154906,-0.0019923313472049397,-0.001395222312442632,5.934777154620006e-08
522.25,3,1167.277520408083,179,0.7458333333333333,1167.4442970284535,-0.0019677725524965273,-0.0014134912342747864,6.587088996293795e-08
522.25,3,1167.277520408083,180,0.75,1167.4452287414165,-0.0019433326532767763,-0.0014318479594548573,7.242292075451419e-08
522.25,3,1167.277520408083,181,0.7541666666666667,1167.4461604543794,-0.0019173608760994984,-0.0014490610642125855,7.870571582663244e-08
522.25,3,1167.277520408083,182,0.7583333333333333,1167.4470921673424,-0.0018902616021546418,-0.0014654337744828693,8.479146190463949e-08
522.25,3,1167.277520408083,183,0.7625,1167.4480238803053,-0.0018634676841361765,-0.0014820345746479953,9.093992722728702e-08
522.25,3,1167.277520408083,184,0.7666666666666666,1167.4489555932682,-0.0018366978575319174,-0.0014986489320440311,9.709679611802225e-08
522.25,3,1167.277520408083,185,0.7708333333333334,1167.4498873062312,-0.0018099156814095868,-0.0015152632079990069,1.0326564277200666e-07
522.25,3,1167.277520408083,186,0.775,1167.4508190191941,-0.0017831785258739026,-0.0015319142391614702,1.0945404829513431e-07
522.25,3,1167.277520408083,187,0.7791666666666667,1167.4517507321573,-0.0017558893658751221,-0.0015480735088497586,1.154863405425985e-07
522.25,3,1167.277520408083,188,0.7833333333333333,1167.4526824451202,-0.0017277698521472782,-0.0015634933086977724,1.212840386863e-07
522.25,3,1167.277520408083,189,0.7875,1167.4536141580832,-0.0016990129121427563,-0.001578344925213511,1.269019794093377e-07
522.25,3,1167.277520408083,190,0.7916666666666666,1167.454545871046,-0.0016702274786472337,-0.0015931747739418968,1.3251930831679173e-07
522.25,3,1167.277520408083,191,0.7958333333333333,1167.455477584009,-0.001641484799364524,-0.001608034570066297,1.3814934118290043e-07
522.25,3,1167.277520408083,192,0.8,1167.456409296972,-0.001612708442493674,-0.0016228633789316293,1.437753464531193e-07
522.25,3,1167.277520408083,193,0.8041666666666667,1167.457341009935,-0.001584205607800622,-0.0016379858705093358,1.495221462481828e-07
522.25,3,1167.277520408083,194,0.8083333333333333,1167.4582727228978,-0.0015550446889177067,-0.0016524020430822015,1.5499595896133853e-07
522.25,3,1167.277520408083,195,0.8125,1167.4592044358608,-0.0015245176708496406,-0.0016653551293839219,1.5989846827589372e-07
522.25,3,1167.277520408083,196,0.8166666666666667,1167.4601361488237,-0.001493922581711373,-0.0016782367994068884,1.6477717948741156e-07
522.25,3,1167.277520408083,197,0.8208333333333333,1167.461067861787,-0.0014635134975607132,-0.0016913140251759206,1.6973654969719688e-07
522.25,3,1167.277520408083,198,0.825,1167.4619995747498,-0.0014330342959106253,-0.001704316519436702,1.7467140088176104e-07
522.25,3,1167.277520408083,199,0.8291666666666666,1167.4629312877128,-0.0014026371324086084,-0.001717427033172139,1.7965862243708503e-07
522.25,3,1167.277520408083,200,0.8333333333333334,1167.4638630006757,-0.0013720254002344407,-0.001730254141064692,1.8452317574727133e-07
522.25,3,1167.277520408083,201,0.8375,1167.4647947136386,-0.0013408128142730021,-0.001742297448304234,1.8904184131722439e-07
522.25,3,1167.277520408083,202,0.8416666666666667,1167.4657264266016,-0.0013090020007158014,-0.001753557866922289,1.9321615378392407e-07
522.25,3,1167.277520408083,203,0.8458333333333333,1167.4666581395645,-0.0012769763544034922,-0.0017645407242645838,1.9726990238451625e-07
522.25,3,1167.277520408083,204,0.85,1167.4675898525275,-0.0012450335376522944,-0.0017756309819670958,2.013728839797009e-07
522.25,3,1167.277520408083,205,0.8541666666666666,1167.4685215654904,-0.0012130402830923838,-0.001786638433763392,2.0543983234149562e-07
522.25,3,1167.277520408083,206,0.8583333333333333,1167.4694532784536,-0.0011811786746195039,-0.001797865831574399,2.0961797084693963e-07
522.25,3,1167.277520408083,207,0.8624999999999999,1167.4703849914165,-0.0011492644500612542,-0.001809005271159679,2.137562460847674e-07
522.25,3,1167.277520408083,208,0.8666666666666667,1167.4713167043794,-0.0011163616910274893,-0.0018185301558853516,2.1711563299239157e-07
522.25,3,1167.277520408083,209,0.8708333333333333,1167.4722484173424,-0.001082989303684019,-0.0018272901214777568,2.2010708902243958e-07
522.25,3,1167.277520408083,210,0.875,1167.4731801303053,-0.0010498153751923942,-0.0018363732320788209,2.2325677889613258e-07
522.25,3,1167.277520408083,211,0.8791666666666667,1167.4741118432682,-0.0010166220871263515,-0.0018454176045505553,2.2638964263072718e-07
522.25,3,1167.277520408083,212,0.8833333333333333,1167.4750435562312,-0.0009834418562760375,-0.001854505535940497,2.2954727998913052e-07
522.25,3,1167.277520408083,213,0.8875,1167.4759752691941,-0.000950249799705413,-0.0018635612646453119,2.3269035379727046e-07
522.25,3,1167.277520408083,214,0.8916666666666666,1167.476906982157,-0.0009167314746808988,-0.0018719244445190883,2.354823196862222e-07
522.25,3,1167.277520408083,215,0.8958333333333334,1167.4778386951202,-0.0008827913377167542,-0.001879390888274311,2.3781813641499673e-07
522.25,3,1167.277520408083,216,0.9,1167.4787704080832,-0.0008485722375927268,-0.0018862649621768338,2.398541946441154e-07
522.25,3,1167.277520408083,217,0.9041666666666667,1167.479702121046,-0.0008143733255294559,-0.0018931883020250973,2.419161366318703e-07
522.25,3,1167.277520408083,218,0.9083333333333333,1167.480633834009,-0.0007801803020543181,-0.0019001024997780433,2.4397344030167197e-07
522.25,3,1167.277520408083,219,0.9125,1167.481565546972,-0.0007459910735841739,-0.0019070409923824417,2.4604570857182147e-07
522.25,3,1167.277520408083,220,0.9166666666666666,1167.482497259935,-0.000711904333207158,-0.0019142828491959772,2.4827666089028637e-07
522.25,3,1167.277520408083,221,0.9208333333333333,1167.4834289728979,-0.0006774340792367973,-0.001920384245052845,2.499128269790083e-07
522.25,3,1167.277520408083,222,0.9249999999999999,1167.4843606858608,-0.0006424486989769266,-0.0019249589308115026,2.5075114056166315e-07
522.25,3,1167.277520408083,223,0.9291666666666667,1167.4852923988237,-0.0006075046132398674,-0.00192965892029266,2.5165613110581645e-07
522.25,3,1167.277520408083,224,0.9333333333333333,1167.486224111787,-0.0005726120515505859,-0.0019345004539570853,2.5263512310697005e-07
522.25,3,1167.277520408083,225,0.9375,1167.4871558247498,-0.0005376939215455255,-0.0019392765175417685,2.5357975983462513e-07
522.25,3,1167.277520408083,226,0.9416666666666667,1167.4880875377128,-0.0005028010464098268,-0.0019441669581600342,2.545855247476017e-07
522.25,3,1167.277520408083,227,0.9458333333333333,1167.4890192506757,-0.0004678160413189007,-0.0019486109036574442,2.5535813504464053e-07
522.25,3,1167.277520408083,228,0.95,1167.4899509636386,-0.00043263921496617617,-0.0019521412275427408,2.556512398278711e-07
522.25,3,1167.277520408083,229,0.9541666666666666,1167.4908826766016,-0.0003972892153861487,-0.001954840168984926,2.55509135647088e-07
522.25,3,1167.277520408083,230,0.9583333333333334,1167.4918143895645,-0.00036189707900721605,-0.0019573509303189547,2.55268426327163e-07
522.25,3,1167.277520408083,231,0.9625,1167.4927461025275,-0.0003265292725552358,-0.00195996347072875,2.5508096352178593e-07
522.25,3,1167.277520408083,232,0.9666666666666667,1167.4936778154904,-0.00029115183669338663,-0.0019624871468642458,2.548479688928077e-07
522.25,3,1167.277520408083,233,0.9708333333333333,1167.4946095284536,-0.00025579889455833285,-0.001965322381647326,2.547736200922872e-07
522.25,3,1167.277520408083,234,0.975,1167.4955412414165,-0.0002204159165121138,-0.0019677880323544427,2.545104393823117e-07
522.25,3,1167.277520408083,235,0.9791666666666666,1167.4964729543794,-0.00018487740316107244,-0.0019684135600267615,2.533006660749236e-07
522.25,3,1167.277520408083,236,0.9833333333333333,1167.4974046673424,-0.00014929492822272013,-0.001968533143571624,2.5183050712997465e-07
522.25,3,1167.277520408083,237,0.9874999999999999,1167.4983363803053,-0.00011374207836873893,-0.00196898651503075,2.505315038862875e-07
522.25,3,1167.277520408083,238,0.9916666666666667,1167.4992680932683,-7.818532907350446e-05,-0.0019693596225737325,2.4919145817006496e-07
522.25,3,1167.277520408083,239,0.9958333333333333,1167.5001998062312,-4.262095371361739e-05,-0.0019698208806153287,2.4789303603191936e-07
522.25,3,1167.277520408083,240,1.0,1167.5011315191941,-7.064889341936861e-06,-0.001970144098905034,2.465274966407255e-07
522.25,4,1167.777520408083,0,0.0,1167.777520408083,-0.0019166332342048177,0.0013727556840991684,-5.560278723755356e-08
522.25,4,1167.777520408083,1,0.004166666666666667,1167.778452121046,-0.001941800423279763,0.001354889073401644,-6.191420323649701e-08
522.25,4,1167.777520408083,2,0.008333333333333333,1167.779383834009,-0.0019668383350965853,0.0013369194656281656,-6.821011158346284e-08
522.25,4,1167.777520408083,3,0.0125,1167.780315546972,-0.001991957107434814,0.0013190167840192,-7.4500215269462e-08
522.25,4,1167.777520408083,4,0.016666666666666666,1167.7812472599348,-0.0020169944099892707,0.001301058504921404,-8.07721792717757e-08
522.25,4,1167.777520408083,5,0.020833333333333332,1167.782178972898,-0.0020423801306180076,0.0012833246558827953,-8.708690672138313e-08
522.25,4,1167.777520408083,6,0.025,1167.783110685861,-0.0020672380567420263,0.0012652499180716731,-9.331625692872148e-08
522.25,4,1167.777520408083,7,0.029166666666666667,1167.7840423988239,-0.0020901799679557856,0.0012459333757722732,-9.92607973216192e-08
522.25,4,1167.777520408083,8,0.03333333333333333,1167.7849741117868,-0.002112738119178134,0.0012263669836648618,-1.0514028854103753e-07
522.25,4,1167.777520408083,9,0.0375,1167.7859058247498,-0.0021356193675213507,0.0012070117610676423,-1.110554981215152e-07
522.25,4,1167.777520408083,10,0.041666666666666664,1167.7868375377127,-0.0021584065620847003,0.001187597659712537,-1.169453939581983e-07
522.25,4,1167.777520408083,11,0.04583333333333333,1167.7877692506756,-0.0021813110705221307,0.0011682444506006563,-1.2285076557183582e-07
522.25,4,1167.777520408083,12,0.05,1167.7887009636386,-0.002204000708017715,0.0011487771685946384,-1.287019484107126e-07
522.25,4,1167.777520408083,13,0.05416666666666667,1167.7896326766015,-0.002225750520013256,0.001128799754770177,-1.3435243991498893e-07
522.25,4,1167.777520408083,14,0.058333333333333334,1167.7905643895647,-0.002246467029821139,0.0011082627700230365,-1.3978202409565427e-07
522.25,4,1167.777520408083,15,0.0625,1167.7914961025276,-0.002266679951830793,0.0010874516976243519,-1.4509769352624923e-07
522.25,4,1167.777520408083,16,0.06666666666666667,1167.7924278154906,-0.002287023124850982,0.0010667100223330963,-1.504298098111799e-07
522.25,4,1167.777520408083,17,0.07083333333333333,1167.7933595284535,-0.002307283751684072,0.0010459341670653929,-1.5572759478770285e-07
522.25,4,1167.777520408083,18,0.075,1167.7942912414164,-0.0023277200416175906,0.0010252340940693498,-1.6105969656004222e-07
522.25,4,1167.777520408083,19,0.07916666666666666,1167.7952229543794,-0.0023483086565364263,0.001004603262736746,-1.6641808156802512e-07
522.25,4,1167.777520408083,20,0.08333333333333333,1167.7961546673423,-0.00236703073687947,0.0009831339866346392,-1.7129914084470917e-07
522.25,4,1167.777520408083,21,0.0875,1167.7970863803052,-0.0023843596232619563,0.0009610378848397231,-1.7581944299961562e-07
522.25,4,1167.777520408083,22,0.09166666666666666,1167.7980180932682,-0.0024020595984852898,0.0009391083284411728,-1.8042007269372056e-07
522.25,4,1167.777520408083,23,0.09583333333333333,1167.7989498062313,-0.002419786172894144,0.0009171943825687885,-1.8501244590993651e-07
522.25,4,1167.777520408083,24,0.1,1167.7998815191943,-0.002437508012450615,0.0008952709038135081,-1.8959453784586784e-07
522.25,4,1167.777520408083,25,0.10416666666666667,1167.8008132321572,-0.00245529263385445,0.0008733727014409682,-1.9418085818231275e-07
522.25,4,1167.777520408083,26,0.10833333333333334,1167.8017449451202,-0.002472295988528478,0.0008511883643953333,-1.9853062001791328e-07
522.25,4,1167.777520408083,27,0.1125,1167.802676658083,-0.0024881174905610932,0.0008285706335527541,-2.025306737886724e-07
522.25,4,1167.777520408083,28,0.11666666666666667,1167.803608371046,-0.0025030264892019465,0.0008056187109407254,-2.0625620683501019e-07
522.25,4,1167.777520408083,29,0.12083333333333333,1167.804540084009,-0.002517895495238389,0.0007826496821714056,-2.0995601215985512e-07
522.25,4,1167.777520408083,30,0.125,1167.805471796972,-0.0025328164755279567,0.0007597052571592401,-2.1365576417992235e-07
522.25,4,1167.777520408083,31,0.12916666666666665,1167.8064035099349,-0.002547685668268435,0.0007367427709259582,-2.173255773684635e-07
522.25,4,1167.777520408083,32,0.13333333333333333,1167.807335222898,-0.0025630137503893954,0.0007139133626054894,-2.2112407010902596e-07
522.25,4,1167.777520408083,33,0.1375,1167.808266935861,-0.0025772549893693392,0.0006907686393542012,-2.245705422811989e-07
522.25,4,1167.777520408083,34,0.14166666666666666,1167.809198648824,-0.002589204533708672,0.0006669571215733509,-2.2729003848591247e-07
522.25,4,1167.777520408083,35,0.14583333333333334,1167.8101303617868,-0.0026010303217603686,0.0006431087277281965,-2.2995579739013226e-07
522.25,4,1167.777520408083,36,0.15,1167.8110620747498,-0.0026131662929972208,0.0006193527151980479,-2.3270274735708625e-07
522.25,4,1167.777520408083,37,0.15416666666666667,1167.8119937877127,-0.0026251849375982694,0.0005955624237497955,-2.3539781420003757e-07
522.25,4,1167.777520408083,38,0.15833333333333333,1167.8129255006756,-0.002637368276453014,0.0005718079546099576,-2.3813190609288347e-07
522.25,4,1167.777520408083,39,0.1625,1167.8138572136386,-0.002649125128268922,0.0005479610666637703,-2.4071029907144656e-07
522.25,4,1167.777520408083,40,0.16666666666666666,1167.8147889266015,-0.00265968514221606,0.0005238497645287349,-2.428814276964161e-07
522.25,4,1167.777520408083,41,0.17083333333333334,1167.8157206395645,-0.0026690463413276085,0.0004994747771644639,-2.446441744101034e-07
522.25,4,1167.777520408083,42,0.175,1167.8166523525276,-0.002677976167179905,0.0004750031153178526,-2.462504737287352e-07
522.25,4,1167.777520408083,43,0.17916666666666667,1167.8175840654906,-0.0026870705686150875,0.0004505682069375591,-2.4789351367222617e-07
522.25,4,1167.777520408083,44,0.18333333333333332,1167.8185157784535,-0.002696041510661566,0.0004261145526820386,-2.494790116975675e-07
522.25,4,1167.777520408083,45,0.1875,1167.8194474914164,-0.0027053373990632446,0.0004017087586787592,-2.5115784306398036e-07
522.25,4,1167.777520408083,46,0.19166666666666665,1167.8203792043794,-0.0027145141802467146,0.00037728545020541195,-2.5278117652357626e-07
522.25,4,1167.777520408083,47,0.19583333333333333,1167.8213109173423,-0.0027212772232172527,0.000352491236107224,-2.535782955983567e-07
522.25,4,1167.777520408083,48,0.2,1167.8222426303053,-0.002726876219277717,0.0003275171848060658,-2.5396966881103e-07
522.25,4,1167.777520408083,49,0.20416666666666666,1167.8231743432682,-0.0027329593808218954,0.00030261800917568413,-2.5450546765071177e-07
522.25,4,1167.777520408083,50,0.20833333333333334,1167.8241060562311,-0.0027389880236361754,0.0002777132976336768,-2.5500711544744825e-07
522.25,4,1167.777520408083,51,0.2125,1167.8250377691943,-0.0027450767623918917,0.0002528089100049637,-2.5551140188440403e-07
522.25,4,1167.777520408083,52,0.21666666666666667,1167.8259694821572,-0.0027511236490109408,0.00022790301715840938,-2.559850931617189e-07
522.25,4,1167.777520408083,53,0.22083333333333333,1167.8269011951202,-0.002756155926905902,0.0002029059602518542,-2.5610272641284985e-07
522.25,4,1167.777520408083,54,0.225,1167.827832908083,-0.0027598681281843264,0.0001777907830341927,-2.557610888288277e-07
522.25,4,1167.777520408083,55,0.22916666666666666,1167.828764621046,-0.002762702953335881,0.00015259681837405728,-2.551090569645598e-07
522.25,4,1167.777520408083,56,0.23333333333333334,1167.829696334009,-0.0027656061410696936,0.0001274069603986126,-2.5446219892073894e-07
522.25,4,1167.777520408083,57,0.2375,1167.830628046972,-0.0027685003738750894,0.00010222312417082,-2.5379694682382493e-07
522.25,4,1167.777520408083,58,0.24166666666666667,1167.8315597599349,-0.0027714251623843695,7.703709502368669e-05,-2.5312340987998296e-07
522.25,4,1167.777520408083,59,0.24583333333333332,1167.8324914728978,-0.002774792165516698,5.186306113518121e-05,-2.5257756738482985e-07
522.25,4,1167.777520408083,60,0.25,1167.833423185861,-0.002776526831442354,2.664589808975006e-05,-2.5148128519102136e-07
522.25,4,1167.777520408083,61,0.25416666666666665,1167.834354898824,-0.0027760423429375874,1.3687012443690133e-06,-2.4964549161596894e-07
522.25,4,1167.777520408083,62,0.2583333333333333,1167.8352866117868,-0.0027757293887506933,-2.3904579717053296e-05,-2.4784849094679004e-07
522.25,4,1167.777520408083,63,0.2625,1167.8362183247498,-0.0027756265448565442,-4.916956120065849e-05,-2.4610293166017907e-07
522.25,4,1167.777520408083,64,0.26666666666666666,1167.8371500377127,-0.0027754267132494865,-7.443946143247012e-05,-2.443077659300357e-07
522.25,4,1167.777520408083,65,0.2708333333333333,1167.8380817506757,-0.0027753908552937035,-9.97142737507467e-05,-2.4254594650878476e-07
522.25,4,1167.777520408083,66,0.275,1167.8390134636386,-0.0027747273537192248,-0.00012496596040443964,-2.405739828037357e-07
522.25,4,1167.777520408083,67,0.2791666666666667,1167.8399451766015,-0.002772766493681618,-0.0001501720216911225,-2.3818255410177615e-07
522.25,4,1167.777520408083,68,0.2833333333333333,1167.8408768895645,-0.0027696213299998134,-0.0001753355682661027,-2.354085941886395e-07
522.25,4,1167.777520408083,69,0.2875,1167.8418086025276,-0.0027662019431977875,-0.00020049130502260514,-2.3253176848694687e-07
522.25,4,1167.777520408083,70,0.2916666666666667,1167.8427403154906,-0.0027629292623477467,-0.00022565012859611104,-2.296831779294794e-07
522.25,4,1167.777520408083,71,0.29583333333333334,1167.8436720284535,-0.0027595314236360806,-0.00025079815638126345,-2.267820393779696e-07
522.25,4,1167.777520408083,72,0.3,1167.8446037414164,-0.002756565171684682,-0.00027598995340498785,-2.2398600982135185e-07
522.25,4,1167.777520408083,73,0.30416666666666664,1167.8455354543794,-0.0027530983131949234,-0.00030113168850973523,-2.210310388293954e-07
522.25,4,1167.777520408083,74,0.30833333333333335,1167.8464671673423,-0.0027470626472122454,-0.00032602073623622395,-2.1732709981063204e-07
522.25,4,1167.777520408083,75,0.3125,1167.8473988803053,-0.0027403036967126805,-0.0003508395152372615,-2.1340037822794087e-07
522.25,4,1167.777520408083,76,0.31666666666666665,1167.8483305932682,-0.002734013308558976,-0.00037570336606156536,-2.0959036514615518e-07
522.25,4,1167.777520408083,77,0.3208333333333333,1167.8492623062311,-0.0027276127531262323,-0.0004005542838037441,-2.0573357144497061e-07
522.25,4,1167.777520408083,78,0.325,1167.8501940191943,-0.0027213303881490794,-0.00042542756757603986,-2.018882346707465e-07
522.25,4,1167.777520408083,79,0.32916666666666666,1167.8511257321572,-0.002714864935405234,-0.00045026891737451693,-1.9798142133725127e-07
522.25,4,1167.777520408083,80,0.3333333333333333,1167.8520574451202,-0.0027072891009855627,-0.000474930043441684,-1.9377701794502355e-07
522.25,4,1167.777520408083,81,0.3375,1167.8529891580831,-0.0026984323844996497,-0.0004993823265068637,-1.8923296361790123e-07
522.25,4,1167.777520408083,82,0.3416666666666667,1167.853920871046,-0.0026888736442499984,-0.0005237209904911761,-1.84494889223133e-07
522.25,4,1167.777520408083,83,0.3458333333333333,1167.854852584009,-0.0026794541457352858,-0.0005480837768811731,-1.7977556066337942e-07
522.25,4,1167.777520408083,84,0.35,1167.855784296972,-0.002669967954134377,-0.0005724274216007614,-1.7502787111563284e-07
522.25,4,1167.777520408083,85,0.3541666666666667,1167.8567160099349,-0.0026606179072082344,-0.0005968053720165966,-1.702917868367433e-07
522.25,4,1167.777520408083,86,0.35833333333333334,1167.8576477228978,-0.002651545914212136,-0.0006212466457278245,-1.6559900338437551e-07
522.25,4,1167.777520408083,87,0.3625,1167.858579435861,-0.0026405296957531495,-0.0006452406756088647,-1.6047695210572607e-07
522.25,4,1167.777520408083,88,0.36666666666666664,1167.859511148824,-0.002627747831527398,-0.000668829549212305,-1.5496409306897175e-07
522.25,4,1167.777520408083,89,0.37083333333333335,1167.8604428617869,-0.0026153256350579922,-0.0006925014914319762,-1.4951261058213074e-07
522.25,4,1167.777520408083,90,0.375,1167.8613745747498,-0.002602987251635661,-0.000716189511284237,-1.4406537428267056e-07
522.25,4,1167.777520408083,91,0.37916666666666665,1167.8623062877127,-0.0025906057316283796,-0.0007398727735620651,-1.3859061148599923e-07
522.25,4,1167.777520408083,92,0.3833333333333333,1167.8632380006757,-0.0025783292091201473,-0.0007635856902863605,-1.3311902953711719e-07
522.25,4,1167.777520408083,93,0.3875,1167.8641697136386,-0.0025653139700842153,-0.0007870760643561538,-1.2751097993288978e-07
522.25,4,1167.777520408083,94,0.39166666666666666,1167.8651014266015,-0.002551078614436879,-0.0008101998623727641,-1.2168749869383622e-07
522.25,4,1167.777520408083,95,0.3958333333333333,1167.8660331395645,-0.002535843009279224,-0.0008330225211302933,-1.1568608095492666e-07
522.25,4,1167.777520408083,96,0.4,1167.8669648525276,-0.0025205010364147567,-0.0008558155473148046,-1.0965093422284556e-07
522.25,4,1167.777520408083,97,0.4041666666666667,1167.8678965654906,-0.002505247733690327,-0.000878630818293719,-1.0361855851206655e-07
522.25,4,1167.777520408083,98,0.4083333333333333,1167.8688282784535,-0.002489914359070325,-0.0009014187943720738,-9.7562141238907e-08
522.25,4,1167.777520408083,99,0.4125,1167.8697599914165,-0.00247501548627044,-0.0009243713841003818,-9.153888363725908e-08
522.25,4,1167.777520408083,100,0.4166666666666667,1167.8706917043794,-0.002459277939289185,-0.0009470067914612188,-8.541062914449208e-08
522.25,4,1167.777520408083,101,0.42083333333333334,1167.8716234173423,-0.0024412846005406057,-0.0009687917475059443,-7.902451367865046e-08
522.25,4,1167.777520408083,102,0.425,1167.8725551303053,-0.002423015509171631,-0.0009904736573811345,-7.259465530198376e-08
522.25,4,1167.777520408083,103,0.42916666666666664,1167.8734868432682,-0.002405092485519334,-0.0010122841766177584,-6.619118147944729e-08
522.25,4,1167.777520408083,104,0.43333333333333335,1167.8744185562311,-0.0023870546200183604,-0.0010340505850427876,-5.976315352840443e-08
522.25,4,1167.777520408083,105,0.4375,1167.8753502691943,-0.002369152791269998,-0.0010558811461380939,-5.332701338600057e-08
522.25,4,1167.777520408083,106,0.44166666666666665,1167.8762819821573,-0.0023509509758232214,-0.0010775713594944638,-4.686654244362043e-08
522.25,4,1167.777520408083,107,0.4458333333333333,1167.8772136951202,-0.0023317220883261477,-0.001098788761715478,-4.034787812835212e-08
522.25,4,1167.777520408083,108,0.45,1167.8781454080831,-0.0023114198466420255,-0.001119510870691759,-3.377334800485306e-08
522.25,4,1167.777520408083,109,0.45416666666666666,1167.879077121046,-0.0022906631246435486,-0.0011400247887799928,-2.716503221582031e-08
522.25,4,1167.777520408083,110,0.4583333333333333,1167.880008834009,-0.0022700512030416997,-0.0011606058285539428,-2.055148724032046e-08
522.25,4,1167.777520408083,111,0.46249999999999997,1167.880940546972,-0.002249349727146099,-0.001181135601068565,-1.3930189808702305e-08
522.25,4,1167.777520408083,112,0.4666666666666667,1167.8818722599349,-0.0022288608922727948,-0.0012017864006232505,-7.2895026636753284e-09
522.25,4,1167.777520408083,113,0.4708333333333333,1167.8828039728978,-0.0022084005706955144,-0.0012224520095033139,-6.363606428446201e-10
522.25,4,1167.777520408083,114,0.475,1167.8837356858608,-0.0021860799016002177,-0.0012420849291031723,5.969693459938227e-09
522.25,4,1167.777520408083,115,0.4791666666666667,1167.884667398824,-0.0021626426167534922,-0.0012610991080869247,1.255135817464483e-08
522.25,4,1167.777520408083,116,0.48333333333333334,1167.8855991117869,-0.002139583414410706,-0.0012803230298957646,1.9154103657687537e-08
522.25,4,1167.777520408083,117,0.4875,1167.8865308247498,-0.0021165144799259305,-0.0012995377206459202,2.5763792799898983e-08
522.25,4,1167.777520408083,118,0.49166666666666664,1167.8874625377127,-0.002093458812790403,-0.0013187693315147256,3.239237230117901e-08
522.25,4,1167.777520408083,119,0.49583333333333335,1167.8883942506757,-0.0020704181396877363,-0.001338007986032969,3.902911060328719e-08
522.25,4,1167.777520408083,120,0.5,1167.8893259636386,-0.0020466774725074817,-0.0013567827217154309,4.559393995507748e-08
522.25,4,1167.777520408083,121,0.5041666666666667,1167.8902576766015,-0.002021961913456399,-0.001374911169992109,5.205486645041852e-08
522.25,4,1167.777520408083,122,0.5083333333333333,1167.8911893895645,-0.0019965469475857864,-0.0013925759851309942,5.844145692415811e-08
522.25,4,1167.777520408083,123,0.5125,1167.8921211025274,-0.0019711428071632524,-0.0014102509122846379,6.484046970990887e-08
522.25,4,1167.777520408083,124,0.5166666666666666,1167.8930528154906,-0.0019457633852368672,-0.001427934044294929,7.124430406021736e-08
522.25,4,1167.777520408083,125,0.5208333333333334,1167.8939845284535,-0.0019203703759677385,-0.0014456109105032515,7.765722374809409e-08
522.25,4,1167.777520408083,126,0.525,1167.8949162414165,-0.0018952978556595489,-0.0014635411712481036,8.414723647019397e-08
522.25,4,1167.777520408083,127,0.5291666666666667,1167.8958479543794,-0.0018692790183166541,-0.001480722661437215,9.044027671842291e-08
522.25,4,1167.777520408083,128,0.5333333333333333,1167.8967796673423,-0.0018416812780825765,-0.001496656938673232,9.640010138066009e-08
522.25,4,1167.777520408083,129,0.5375,1167.8977113803053,-0.0018141065698089448,-0.001512610564148238,1.0237237574250898e-07
522.25,4,1167.777520408083,130,0.5416666666666666,1167.8986430932682,-0.00178671653863004,-0.0015287065920463483,1.0838892914620907e-07
522.25,4,1167.777520408083,131,0.5458333333333333,1167.8995748062312,-0.0017592483194570389,-0.00154474266329961,1.14396706662923e-07
522.25,4,1167.777520408083,132,0.55,1167.900506519194,-0.0017318844270662118,-0.0015608767717966165,1.2044615922553085e-07
522.25,4,1167.777520408083,133,0.5541666666666667,1167.9014382321573,-0.001704196638757184,-0.001576702955183859,1.263925071896251e-07
522.25,4,1167.777520408083,134,0.5583333333333333,1167.9023699451202,-0.0016757386000124568,-0.001591802277140723,1.320909451191456e-07
522.25,4,1167.777520408083,135,0.5625,1167.9033016580831,-0.0016465459395785954,-0.0016062066341754238,1.375501559564401e-07
522.25,4,1167.777520408083,136,0.5666666666666667,1167.904233371046,-0.0016171356179608119,-0.0016204081953695695,1.4294486734701755e-07
522.25,4,1167.777520408083,137,0.5708333333333333,1167.905165084009,-0.0015878247283363466,-0.0016347016782509727,1.48376392661486e-07
522.25,4,1167.777520408083,138,0.575,1167.906096796972,-0.0015584439616685482,-0.0016489168350200976,1.5378161185386004e-07
522.25,4,1167.777520408083,139,0.5791666666666666,1167.907028509935,-0.0015292676865795844,-0.0016633683781485022,1.5928940024712513e-07
522.25,4,1167.777520408083,140,0.5833333333333334,1167.9079602228978,-0.0014999275084986434,-0.001677631348582893,1.6472585727947346e-07
522.25,4,1167.777520408083,141,0.5875,1167.9088919358608,-0.0014692367028497012,-0.0016903541951744617,1.6953141831943269e-07
522.25,4,1167.777520408083,142,0.5916666666666667,1167.909823648824,-0.0014380425348527353,-0.0017025046493418742,1.7410509109777798e-07
522.25,4,1167.777520408083,143,0.5958333333333333,1167.9107553617869,-0.0014071097183403188,-0.0017149518355139603,1.7880507362485146e-07
522.25,4,1167.777520408083,144,0.6,1167.9116870747498,-0.0013761329354643056,-0.001727344163479641,1.8348468551670235e-07
522.25,4,1167.777520408083,145,0.6041666666666666,1167.9126187877127,-0.001345193646116694,-0.0017397977735729509,1.881994670322549e-07
522.25,4,1167.777520408083,146,0.6083333333333333,1167.9135505006757,-0.0013142053852197159,-0.001752178046793866,1.9288246277712631e-07
522.25,4,1167.777520408083,147,0.6125,1167.9144822136386,-0.0012827246061451567,-0.0017638697476766592,1.972529773697287e-07
522.25,4,1167.777520408083,148,0.6166666666666667,1167.9154139266016,-0.00125064459489838,-0.0017747220452399653,2.0124156400693863e-07
522.25,4,1167.777520408083,149,0.6208333333333333,1167.9163456395645,-0.0012182011522088928,-0.0017850665013484748,2.0499907367712457e-07
522.25,4,1167.777520408083,150,0.625,1167.9172773525274,-0.0011858066055707535,-0.0017954832842731214,2.0879321550887126e-07
522.25,4,1167.777520408083,151,0.6291666666666667,1167.9182090654906,-0.0011534023835392466,-0.001805869834955988,2.1257304899510613e-07
522.25,4,1167.777520408083,152,0.6333333333333333,1167.9191407784535,-0.0011210265697949198,-0.001816314568602327,2.1638715608253156e-07
522.25,4,1167.777520408083,153,0.6375,1167.9200724914165,-0.0010887921392345075,-0.0018270084966120175,2.2032489219515326e-07
522.25,4,1167.777520408083,154,0.6416666666666666,1167.9210042043794,-0.0010558666689665071,-0.001836478599351131,2.2366218059866814e-07
522.25,4,1167.777520408083,155,0.6458333333333334,1167.9219359173424,-0.0010221788380417173,-0.0018446014671101947,2.2633569000004448e-07
522.25,4,1167.777520408083,156,0.65,1167.9228676303053,-0.0009885992666199695,-0.0018529172495856648,2.2910657508598007e-07
522.25,4,1167.777520408083,157,0.6541666666666667,1167.9237993432682,-0.0009550772761821932,-0.0018613272342117286,2.3192459246688123e-07
522.25,4,1167.777520408083,158,0.6583333333333333,1167.9247310562312,-0.0009215238069057815,-0.0018696912101653865,2.3472304109398415e-07
522.25,4,1167.777520408083,159,0.6625,1167.925662769194,-0.0008880138159967893,-0.001878152329113368,2.3757238383045163e-07
522.25,4,1167.777520408083,160,0.6666666666666666,1167.9265944821573,-0.0008542956858538801,-0.001886123303740645,2.401705190805516e-07
522.25,4,1167.777520408083,161,0.6708333333333333,1167.9275261951202,-0.0008201957706926275,-0.001893200405169929,2.4231089750431e-07
522.25,4,1167.777520408083,162,0.675,1167.9284579080831,-0.0007857662886864831,-0.0018995032468642555,2.440527120022869e-07
522.25,4,1167.777520408083,163,0.6791666666666667,1167.929389621046,-0.0007512793360775113,-0.0019056786510428286,2.4572916469931146e-07
522.25,4,1167.777520408083,164,0.6833333333333333,1167.930321334009,-0.0007168319298890672,-0.0019119362656120176,2.4744778236790136e-07
522.25,4,1167.777520408083,165,0.6875,1167.931253046972,-0.0006823587562644559,-0.0019181166162111371,2.4912835290009947e-07
522.25,4,1167.777520408083,166,0.6916666666666667,1167.932184759935,-0.0006479812335263062,-0.0019246259715308002,2.5098172633022257e-07
522.25,4,1167.777520408083,167,0.6958333333333333,1167.9331164728978,-0.0006134550394029555,-0.0019306272712323633,2.5256943247921153e-07
522.25,4,1167.777520408083,168,0.7,1167.9340481858608,-0.0005783966854428674,-0.0019348248990906567,2.5321136360343e-07
522.25,4,1167.777520408083,169,0.7041666666666666,1167.934979898824,-0.0005432334762852648,-0.0019386712313834542,2.536697906569402e-07
522.25,4,1167.777520408083,170,0.7083333333333334,1167.9359116117869,-0.0005081615977924556,-0.0019428206945726629,2.542866131307547e-07
522.25,4,1167.777520408083,171,0.7125,1167.9368433247498,-0.0004730658434980285,-0.0019468821130366203,2.548578868312211e-07
522.25,4,1167.777520408083,172,0.7166666666666667,1167.9377750377128,-0.00043798463136167034,-0.0019510474338566117,2.554829030842677e-07
522.25,4,1167.777520408083,173,0.7208333333333333,1167.9387067506757,-0.00040287351979069046,-0.0019550187325622762,2.5600715686749904e-07
522.25,4,1167.777520408083,174,0.725,1167.9396384636386,-0.000367620802202292,-0.001958153007949395,2.5609410903736716e-07
522.25,4,1167.777520408083,175,0.7291666666666666,1167.9405701766016,-0.00033221456400572824,-0.001960370934127013,2.557026542509991e-07
522.25,4,1167.777520408083,176,0.7333333333333333,1167.9415018895645,-0.0002967324726306758,-0.0019621458437561108,2.550789171850454e-07
522.25,4,1167.777520408083,177,0.7375,1167.9424336025274,-0.0002612686227547911,-0.0019640366136058534,2.5451486465882756e-07
522.25,4,1167.777520408083,178,0.7416666666666667,1167.9433653154906,-0.00022580498123599493,-0.001965858250728724,2.5391666389061084e-07
522.25,4,1167.777520408083,179,0.7458333333333333,1167.9442970284535,-0.0001903442735944545,-0.0019678294118675066,2.5339323720094984e-07
522.25,4,1167.777520408083,180,0.75,1167.9452287414165,-0.0001548899086720346,-0.001969922250371804,2.529323503742691e-07
522.25,4,1167.777520408083,181,0.7541666666666667,1167.9461604543794,-0.00011936613261199741,-0.0019704378668713475,2.5166788497421084e-07
522.25,4,1167.777520408083,182,0.7583333333333333,1167.9470921673424,-8.379007045661077e-05,-0.0019697935332822765,2.4981204784431836e-07
522.25,4,1167.777520408083,183,0.7625,1167.9480238803053,-4.822772540721998e-05,-0.001969463681605227,2.481163379832481e-07
522.25,4,1167.777520408083,184,0.7666666666666666,1167.9489555932682,-1.267062906688371e-05,-0.0019691553350559723,2.46432155201599e-07
522.25,4,1167.777520408083,185,0.7708333333333334,1167.9498873062312,2.289559902488763e-05,-0.0019688410698946827,2.447429139379201e-07
522.25,4,1167.777520408083,186,0.775,1167.9508190191941,5.8462828409560646e-05,-0.001968575555224612,2.4307784100566975e-07
522.25,4,1167.777520408083,187,0.7791666666666667,1167.9517507321573,9.398026269660366e-05,-0.001967682398522515,2.411073716540608e-07
522.25,4,1167.777520408083,188,0.7833333333333333,1167.9526824451202,0.0001294232997442093,-0.001965845347202868,2.386790840238346e-07
522.25,4,1167.777520408083,189,0.7875,1167.9536141580832,0.00016480872702429836,-0.001963283244648599,2.358989188481042e-07
522.25,4,1167.777520408083,190,0.7916666666666666,1167.954545871046,0.00020019494640023685,-0.0019606913714820765,2.331039009718647e-07
522.25,4,1167.777520408083,191,0.7958333333333333,1167.955477584009,0.00023557738727013878,-0.001958142156058941,2.3032980349717988e-07
522.25,4,1167.777520408083,192,0.8,1167.956409296972,0.00027095591604150873,-0.0019555538189191964,2.27538835618366e-07
522.25,4,1167.777520408083,193,0.8041666666666667,1167.957341009935,0.0003064058944907174,-0.0019533138489002404,2.249032665558223e-07
522.25,4,1167.777520408083,194,0.8083333333333333,1167.9582727228978,0.00034168412128435976,-0.0019502361790941208,2.2189062188739794e-07
522.25,4,1167.777520408083,195,0.8125,1167.9592044358608,0.00037660877847790384,-0.0019454218885301179,2.1809513386446523e-07
522.25,4,1167.777520408083,196,0.8166666666666667,1167.9601361488237,0.000411517192793907,-0.0019405222350476732,2.142597207432474e-07
522.25,4,1167.777520408083,197,0.8208333333333333,1167.961067861787,0.0004464703276141656,-0.0019358563078360324,2.105311893196074e-07
522.25,4,1167.777520408083,198,0.825,1167.9619995747498,0.00048140568101322657,-0.001931101478548453,2.0676373526147235e-07
522.25,4,1167.777520408083,199,0.8291666666666666,1167.9629312877128,0.0005163811633399612,-0.0019264659916302983,2.0304375761513287e-07
522.25,4,1167.777520408083,200,0.8333333333333334,1167.9638630006757,0.0005512508062875686,-0.0019215178078307703,1.9919838757252077e-07
522.25,4,1167.777520408083,201,0.8375,1167.9647947136386,0.0005858332095922448,-0.0019157013437681978,1.9500011546603745e-07
522.25,4,1167.777520408083,202,0.8416666666666667,1167.9657264266016,0.0006201273706585201,-0.0019090185157497415,1.9045073337406026e-07
522.25,4,1167.777520408083,203,0.8458333333333333,1167.9666581395645,0.0006543213281836608,-0.0019020271414919145,1.8577651584840752e-07
522.25,4,1167.777520408083,204,0.85,1167.9675898525275,0.0006885541710883105,-0.0018951549575713187,1.8115129934784451e-07
522.25,4,1167.777520408083,205,0.8541666666666666,1167.9685215654904,0.0007227469955098839,-0.0018881972606812122,1.7649670707695638e-07
522.25,4,1167.777520408083,206,0.8583333333333333,1167.9694532784536,0.0007570480682782262,-0.0018814657422693835,1.719226906214233e-07
522.25,4,1167.777520408083,207,0.8624999999999999,1167.9703849914165,0.0007913058734391126,-0.0018746438562813768,1.6731808461001622e-07
522.25,4,1167.777520408083,208,0.8666666666666667,1167.9713167043794,0.0008247861333502213,-0.0018661512497916905,1.6212728579284032e-07
522.25,4,1167.777520408083,209,0.8708333333333333,1167.9722484173424,0.0008578989895446155,-0.001856866566577329,1.5665844382919482e-07
522.25,4,1167.777520408083,210,0.875,1167.9731801303053,0.0008911670048146879,-0.0018479164480500701,1.5131087912129108e-07
522.25,4,1167.777520408083,211,0.8791666666666667,1167.9741118432682,0.0009244131689851802,-0.0018389283623573604,1.45953572460155e-07
522.25,4,1167.777520408083,212,0.8833333333333333,1167.9750435562312,0.0009576903904661747,-0.0018299788691186572,1.4060542689335045e-07
522.25,4,1167.777520408083,213,0.8875,1167.9759752691941,0.0009909462647423528,-0.0018209998390178912,1.3525205325195358e-07
522.25,4,1167.777520408083,214,0.8916666666666666,1167.976906982157,0.0010237959091265664,-0.0018113505386120495,1.2970922172482245e-07
522.25,4,1167.777520408083,215,0.8958333333333334,1167.9778386951202,0.0010561189643625243,-0.0018008335272795724,1.2392143334326206e-07
522.25,4,1167.777520408083,216,0.9,1167.9787704080832,0.0010880944620865528,-0.0017897431720771061,1.1797308089592854e-07
522.25,4,1167.777520408083,217,0.9041666666666667,1167.979702121046,0.0011201010895037905,-0.0017786990648413492,1.120391933814136e-07
522.25,4,1167.777520408083,218,0.9083333333333333,1167.980633834009,0.0011520947286067884,-0.0017676509282520884,1.0611224119720038e-07
522.25,4,1167.777520408083,219,0.9125,1167.981565546972,0.001184108391595248,-0.0017566227369988073,1.0019008155803288e-07
522.25,4,1167.777520408083,220,0.9166666666666666,1167.982497259935,0.001216330178844506,-0.0017458690585016882,9.432841809866015e-08
522.25,4,1167.777520408083,221,0.9208333333333333,1167.9834289728979,0.0012477682552182478,-0.0017340843052629444,8.825568170082322e-08
522.25,4,1167.777520408083,222,0.9249999999999999,1167.9843606858608,0.0012781584075199361,-0.001720918447253676,8.18983305065589e-08
522.25,4,1167.777520408083,223,0.9291666666666667,1167.9852923988237,0.0013086353582752752,-0.0017078654847780966,7.556888141672147e-08
522.25,4,1167.777520408083,224,0.9333333333333333,1167.986224111787,0.0013392066275401365,-0.0016949422888713568,6.927353132605039e-08
522.25,4,1167.777520408083,225,0.9375,1167.9871558247498,0.0013697355262838329,-0.0016819582851662239,6.296635914183105e-08
522.25,4,1167.777520408083,226,0.9416666666666667,1167.9880875377128,0.0014003529486464516,-0.0016690713962815911,5.6676925912552485e-08
522.25,4,1167.777520408083,227,0.9458333333333333,1167.9890192506757,0.0014306202216764117,-0.001655808378874381,5.034779935768892e-08
522.25,4,1167.777520408083,228,0.95,1167.9899509636386,0.0014601733155289666,-0.0016417741010733922,4.392980650099939e-08
522.25,4,1167.777520408083,229,0.9541666666666666,1167.9908826766016,0.0014890754680228263,-0.0016270385031713847,3.743454911851967e-08
522.25,4,1167.777520408083,230,0.9583333333333334,1167.9918143895645,0.0015178324876762995,-0.001612142818994802,3.0923668050905244e-08
522.25,4,1167.777520408083,231,0.9625,1167.9927461025275,0.0015466668471727876,-0.0015973344221210536,2.443132669066639e-08
522.25,4,1167.777520408083,232,0.9666666666666667,1167.9936778154904,0.001575425015757394,-0.001582455314669078,1.7941502091129383e-08
522.25,4,1167.777520408083,233,0.9708333333333333,1167.9946095284536,0.0016044572607011771,-0.0015678198120348949,1.1461111047169724e-08
522.25,4,1167.777520408083,234,0.975,1167.9955412414165,0.0016331652102794692,-0.0015528949171686706,4.981809680523195e-09
522.25,4,1167.777520408083,235,0.9791666666666666,1167.9964729543794,0.0016602623650259559,-0.0015365258786226971,-1.5179915700916204e-09
522.25,4,1167.777520408083,236,0.9833333333333333,1167.9974046673424,0.0016869175369845228,-0.0015197591782172483,-8.018193878428534e-09
522.25,4,1167.777520408083,237,0.9874999999999999,1167.9983363803053,0.001713863822390434,-0.001503255103461147,-1.4505745863171693e-08
522.25,4,1167.777520408083,238,0.9916666666666667,1167.9992680932683,0.0017407377053132403,-0.001486689335837848,-2.0984130427909917e-08
522.25,4,1167.777520408083,239,0.9958333333333333,1168.0001998062312,0.0017676999257426418,-0.0014701856380657597,-2.746589363412998e-08
522.25,4,1167.777520408083,240,1.0,1168.0011315191941,0.0017945264824680812,-0.0014535831279547937,-3.392862123525797e-08
522.25,5,1168.277520408083,0,0.0,1168.277520408083,-0.002766759712277873,0.0001314599666778214,-2.5500359253794184e-07
522.25,5,1168.277520408083,1,0.004166666666666667,1168.278452121046,-0.002768767332097538,0.0001062319191881278,-2.540483059038085e-07
522.25,5,1168.277520408083,2,0.008333333333333333,1168.279383834009,-0.0027705819098976276,8.098836785276733e-05,-2.5301210341570224e-07
522.25,5,1168.277520408083,3,0.0125,1168.280315546972,-0.0027725195564298525,5.575632110934225e-05,-2.5200024111642633e-07
522.25,5,1168.277520408083,4,0.016666666666666666,1168.2812472599348,-0.002774344296478191,3.052151381035847e-05,-2.5093400069899355e-07
522.25,5,1168.277520408083,5,0.020833333333333332,1168.282178972898,-0.0027766395007489636,5.288781000810652e-06,-2.5000211699066087e-07
522.25,5,1168.277520408083,6,0.025,1168.283110685861,-0.0027782210509568602,-1.9947833386507062e-05,-2.4882403455157155e-07
522.25,5,1168.277520408083,7,0.029166666666666667,1168.2840423988239,-0.0027772081463238673,-4.520156937433316e-05,-2.4679409514608055e-07
522.25,5,1168.277520408083,8,0.03333333333333333,1168.2849741117868,-0.002775674520280304,-7.045964067079048e-05,-2.445799306456716e-07
522.25,5,1168.277520408083,9,0.0375,1168.2859058247498,-0.002774580048117591,-9.571349474167826e-05,-2.4248990957732017e-07
522.25,5,1168.277520408083,10,0.041666666666666664,1168.2868375377127,-0.0027733601308926347,-0.0001209666913465715,-2.4034319030218723e-07
522.25,5,1168.277520408083,11,0.04583333333333333,1168.2877692506756,-0.002772284892210502,-0.00014623005688841522,-2.3822148193759877e-07
522.25,5,1168.277520408083,12,0.05,1168.2887009636386,-0.0027709423424320465,-0.00017147657628843982,-2.3600273584792473e-07
522.25,5,1168.277520408083,13,0.05416666666666667,1168.2896326766015,-0.002768419941220766,-0.00019665785673160697,-2.3341060666886613e-07
522.25,5,1168.277520408083,14,0.058333333333333334,1168.2905643895647,-0.0027646016951394584,-0.00022176635757698067,-2.3040960244315024e-07
522.25,5,1168.277520408083,15,0.0625,1168.2914961025276,-0.0027601506069518714,-0.0002468404695926271,-2.2720000497429378e-07
522.25,5,1168.277520408083,16,0.06666666666666667,1168.2924278154906,-0.0027558618353770437,-0.0002719245074773406,-2.2402132847552063e-07
522.25,5,1168.277520408083,17,0.07083333333333333,1168.2933595284535,-0.0027514793687774927,-0.00029699497854060295,-2.2080136908304465e-07
522.25,5,1168.277520408083,18,0.075,1168.2942912414164,-0.002747299061729947,-0.0003220922290317729,-2.176194952917121e-07
522.25,5,1168.277520408083,19,0.07916666666666666,1168.2952229543794,-0.0027432973055872348,-0.00034721002207908496,-2.1446927657439767e-07
522.25,5,1168.277520408083,20,0.08333333333333333,1168.2961546673423,-0.0027371164780175604,-0.00037206805256909527,-2.1070292554357926e-07
522.25,5,1168.277520408083,21,0.0875,1168.2970863803052,-0.0027293082095575277,-0.00039673297772448423,-2.0647212308458158e-07
522.25,5,1168.277520408083,22,0.09166666666666666,1168.2980180932682,-0.0027219330477875783,-0.0004214496417482474,-2.023438467399167e-07
522.25,5,1168.277520408083,23,0.09583333333333333,1168.2989498062313,-0.002714592334087448,-0.0004461672918528082,-1.9820992150821498e-07
522.25,5,1168.277520408083,24,0.1,1168.2998815191943,-0.0027072392038762568,-0.000470889774868375,-1.9405296319130347e-07
522.25,5,1168.277520408083,25,0.10416666666666667,1168.3008132321572,-0.0026999566237879313,-0.0004956231573731876,-1.898973107178286e-07
522.25,5,1168.277520408083,26,0.10833333333333334,1168.3017449451202,-0.0026918226781082687,-0.0005201995569856716,-1.855202580363193e-07
522.25,5,1168.277520408083,27,0.1125,1168.302676658083,-0.002682400498896172,-0.0005445388007669776,-1.8081683091636266e-07
522.25,5,1168.277520408083,28,0.11666666666666667,1168.303608371046,-0.0026719841005126534,-0.0005686948603637936,-1.7586140234457548e-07
522.25,5,1168.277520408083,29,0.12083333333333333,1168.304540084009,-0.00266152176416954,-0.000592844578810054,-1.708750621341595e-07
522.25,5,1168.277520408083,30,0.125,1168.305471796972,-0.002651121342320382,-0.0006170005981166596,-1.6589165774996974e-07
522.25,5,1168.277520408083,31,0.12916666666666665,1168.3064035099349,-0.002640665300917365,-0.0006411455971712909,-1.6088004670067156e-07
522.25,5,1168.277520408083,32,0.13333333333333333,1168.307335222898,-0.0026306764050573867,-0.0006654088090655377,-1.5594423289564724e-07
522.25,5,1168.277520408083,33,0.1375,1168.308266935861,-0.00261958092408988,-0.0006893920213158879,-1.5077461816745748e-07
522.25,5,1168.277520408083,34,0.14166666666666666,1168.309198648824,-0.002606150354815842,-0.000712786238407242,-1.4512828767339263e-07
522.25,5,1168.277520408083,35,0.14583333333333334,1168.3101303617868,-0.002592592862527465,-0.0007361492486565257,-1.3944070503761824e-07
522.25,5,1168.277520408083,36,0.15,1168.3110620747498,-0.0025793534465033156,-0.0007595903672724155,-1.3380249470112966e-07
522.25,5,1168.277520408083,37,0.15416666666666667,1168.3119937877127,-0.002565994336510854,-0.0007830015370377313,-1.2812699933632398e-07
522.25,5,1168.277520408083,38,0.15833333333333333,1168.3129255006756,-0.0025527917154348303,-0.0008064639500403303,-1.2245817338045945e-07
522.25,5,1168.277520408083,39,0.1625,1168.3138572136386,-0.0025391841864038584,-0.0008297932428234317,-1.1671688848189527e-07
522.25,5,1168.277520408083,40,0.16666666666666666,1168.3147889266015,-0.002524435746342003,-0.0008527524476860343,-1.1079191390422384e-07
522.25,5,1168.277520408083,41,0.17083333333333334,1168.3157206395645,-0.002508545663122528,-0.0008753401659108033,-1.0468591404871228e-07
522.25,5,1168.277520408083,42,0.175,1168.3166523525276,-0.0024922431475145617,-0.0008977954706511583,-9.850402763983659e-08
522.25,5,1168.277520408083,43,0.17916666666666667,1168.3175840654906,-0.0024760978142875415,-0.000920301553852934,-9.233396928412035e-08
522.25,5,1168.277520408083,44,0.18333333333333332,1168.3185157784535,-0.002459842795416153,-0.0009427629957263803,-8.613879318891922e-08
522.25,5,1168.277520408083,45,0.1875,1168.3194474914164,-0.0024438750842183644,-0.000965342743919782,-7.99542705503269e-08
522.25,5,1168.277520408083,46,0.19166666666666665,1168.3203792043794,-0.0024278021173333958,-0.0009878790248617389,-7.374649600692921e-08
522.25,5,1168.277520408083,47,0.19583333333333333,1168.3213109173423,-0.002409580581098681,-0.001009548243282625,-6.733766334566431e-08
522.25,5,1168.277520408083,48,0.2,1168.3222426303053,-0.00239032206689471,-0.001030799873062948,-6.08240415512747e-08
522.25,5,1168.277520408083,49,0.20416666666666666,1168.3231743432682,-0.0023714948942734305,-0.0010522251357848915,-5.433589076726539e-08
522.25,5,1168.277520408083,50,0.20833333333333334,1168.3241060562311,-0.0023526219144195623,-0.001073628667567977,-4.783409443928976e-08
522.25,5,1168.277520408083,51,0.2125,1168.3250377691943,-0.0023337940239198354,-0.0010950604452505152,-4.131595294628481e-08
522.25,5,1168.277520408083,52,0.21666666666666667,1168.3259694821572,-0.0023149335045592927,-0.0011164735748577155,-3.478772104986141e-08
522.25,5,1168.277520408083,53,0.22083333333333333,1168.3269011951202,-0.002295230637179486,-0.0011374739194996424,-2.822961668232057e-08
522.25,5,1168.277520408083,54,0.225,1168.327832908083,-0.0022744322259262597,-0.0011579369157934127,-2.1637969276596864e-08
522.25,5,1168.277520408083,55,0.22916666666666666,1168.328764621046,-0.002252905461066742,-0.001178042925919382,-1.502037371802109e-08
522.25,5,1168.277520408083,56,0.23333333333333334,1168.329696334009,-0.0022314335233469583,-0.0011981783168195483,-8.391613467151484e-09
522.25,5,1168.277520408083,57,0.2375,1168.330628046972,-0.0022099605992536124,-0.0012183049369402933,-1.7581874574474593e-09
522.25,5,1168.277520408083,58,0.24166666666666667,1168.3315597599349,-0.0021885083726675214,-0.0012384476154026476,4.891579520264118e-09
522.25,5,1168.277520408083,59,0.24583333333333332,1168.3324914728978,-0.0021673972982869543,-0.001258790948571326,1.1569746196873544e-08
522.25,5,1168.277520408083,60,0.25,1168.333423185861,-0.002145028085294964,-0.0012783931811543529,1.818591233901784e-08
522.25,5,1168.277520408083,61,0.25416666666666665,1168.334354898824,-0.0021209473117382335,-0.0012969888101156358,2.4713038256448565e-08
522.25,5,1168.277520408083,62,0.2583333333333333,1168.3352866117868,-0.002096998179173164,-0.0013156627548406047,3.1258004060441084e-08
522.25,5,1168.277520408083,63,0.2625,1168.3362183247498,-0.0020732135357297544,-0.0013344301195741823,3.781869096036192e-08
522.25,5,1168.277520408083,64,0.26666666666666666,1168.3371500377127,-0.0020493519181953843,-0.001353155144090755,4.438761456341099e-08
522.25,5,1168.277520408083,65,0.2708333333333333,1168.3380817506757,-0.0020256079804260247,-0.0013719615549294313,5.0981761536531646e-08
522.25,5,1168.277520408083,66,0.275,1168.3390134636386,-0.0020014176439502643,-0.001390453363161717,5.751880977407476e-08
522.25,5,1168.277520408083,67,0.2791666666666667,1168.3399451766015,-0.001976302340960679,-0.0014082967253855744,6.392796648315795e-08
522.25,5,1168.277520408083,68,0.2833333333333333,1168.3408768895645,-0.00195034356816949,-0.0014255473124696538,7.022077958954765e-08
522.25,5,1168.277520408083,69,0.2875,1168.3418086025276,-0.0019241875565409968,-0.0014426622424761363,7.649358042625956e-08
522.25,5,1168.277520408083,70,0.2916666666666667,1168.3427403154906,-0.001898138038495149,-0.001459848911488652,8.278927397499427e-08
522.25,5,1168.277520408083,71,0.29583333333333334,1168.3436720284535,-0.0018720053334024217,-0.0014769683180470541,8.907210453940416e-08
522.25,5,1168.277520408083,72,0.3,1168.3446037414164,-0.0018461534824078902,-0.0014943246801192255,9.54365724538332e-08
522.25,5,1168.277520408083,73,0.30416666666666664,1168.3455354543794,-0.0018199752357448867,-0.001511406682351423,1.0172467885156275e-07
522.25,5,1168.277520408083,74,0.30833333333333335,1168.3464671673423,-0.0017921179315321973,-0.0015270836205855344,1.07597948303378e-07
522.25,5,1168.277520408083,75,0.3125,1168.3473988803053,-0.0017637870583760542,-0.0015423655073658858,1.1336039211952251e-07
522.25,5,1168.277520408083,76,0.31666666666666665,1168.3483305932682,-0.0017357633827920068,-0.001557903033172625,1.1920418723671832e-07
522.25,5,1168.277520408083,77,0.3208333333333333,1168.3492623062311,-0.0017076696764837334,-0.0015733787335504537,1.2503443430944762e-07
522.25,5,1168.277520408083,78,0.325,1168.3501940191943,-0.0016796431323269551,-0.0015889270883515743,1.3089972993772321e-07
522.25,5,1168.277520408083,79,0.32916666666666666,1168.3511257321572,-0.0016515100129128667,-0.001604364830104156,1.3673033312378979e-07
522.25,5,1168.277520408083,80,0.3333333333333333,1168.3520574451202,-0.001622717772025946,-0.0016191424428206162,1.4232046964848038e-07
522.25,5,1168.277520408083,81,0.3375,1168.3529891580831,-0.0015931660507790242,-0.0016331577859881267,1.4763133493155575e-07
522.25,5,1168.277520408083,82,0.3416666666666667,1168.353920871046,-0.0015631972554901248,-0.0016467558908073547,1.5279284324202624e-07
522.25,5,1168.277520408083,83,0.3458333333333333,1168.354852584009,-0.0015333097201506826,-0.001660437908311276,1.579912009730616e-07
522.25,5,1168.277520408083,84,0.35,1168.355784296972,-0.0015033903840394815,-0.0016740740970334824,1.631727830316378e-07
522.25,5,1168.277520408083,85,0.3541666666666667,1168.3567160099349,-0.001473540431536262,-0.0016878003259042289,1.6839932870277392e-07
522.25,5,1168.277520408083,86,0.35833333333333334,1168.3576477228978,-0.00144383848200676,-0.0017017054419499896,1.7370748374491493e-07
522.25,5,1168.277520408083,87,0.3625,1168.358579435861,-0.0014131059807778752,-0.0017143565720753268,1.7848094168013142e-07
522.25,5,1168.277520408083,88,0.36666666666666664,1168.359511148824,-0.001381436651668609,-0.0017258694719988713,1.8277087480037343e-07
522.25,5,1168.277520408083,89,0.37083333333333335,1168.3604428617869,-0.0013499576803877918,-0.001737614638471166,1.871636880768711e-07
522.25,5,1168.277520408083,90,0.375,1168.3613745747498,-0.0013185261153531834,-0.0017494114632540664,1.9158168138457438e-07
522.25,5,1168.277520408083,91,0.37916666666666665,1168.3623062877127,-0.0012870668413015739,-0.0017611842980238838,1.9599504361700744e-07
522.25,5,1168.277520408083,92,0.3833333333333333,1168.3632380006757,-0.0012556580427738428,-0.0017730289976280351,2.004445452661816e-07
522.25,5,1168.277520408083,93,0.3875,1168.3641697136386,-0.001223907122031163,-0.0017843579922444664,2.0465515794382786e-07
522.25,5,1168.277520408083,94,0.39166666666666666,1168.3651014266015,-0.0011915901808598817,-0.0017948360749050825,2.0846617068885012e-07
522.25,5,1168.277520408083,95,0.3958333333333333,1168.3660331395645,-0.0011588097872834268,-0.0018046159039178074,2.11951185835457e-07
522.25,5,1168.277520408083,96,0.4,1168.3669648525276,-0.0011259778269086718,-0.0018143233470585352,2.1540441201402827e-07
522.25,5,1168.277520408083,97,0.4041666666666667,1168.3678965654906,-0.001093191083928237,-0.0018240893232633504,2.18887656869333e-07
522.25,5,1168.277520408083,98,0.4083333333333333,1168.3688282784535,-0.0010603702740817373,-0.001833797076537075,2.2234363389629147e-07
522.25,5,1168.277520408083,99,0.4125,1168.3697599914165,-0.0010277191110869776,-0.001843833260339413,2.2596709590020835e-07
522.25,5,1168.277520408083,100,0.4166666666666667,1168.3706917043794,-0.0009947400575343979,-0.0018532359123261254,2.2927565548698522e-07
522.25,5,1168.277520408083,101,0.42083333333333334,1168.3716234173423,-0.0009608766101777827,-0.0018609365012843986,2.3173227552778553e-07
522.25,5,1168.277520408083,102,0.425,1168.3725551303053,-0.0009269041623981157,-0.0018684297154523402,2.340866531492886e-07
522.25,5,1168.277520408083,103,0.42916666666666664,1168.3734868432682,-0.0008930691598890138,-0.001876182667483044,2.3657210068528131e-07
522.25,5,1168.277520408083,104,0.43333333333333335,1168.3744185562311,-0.0008591899003765995,-0.0018838483537919706,2.3901507217690563e-07
522.25,5,1168.277520408083,105,0.4375,1168.3753502691943,-0.0008253518901720408,-0.0018916262564248653,2.4151784229022765e-07
522.25,5,1168.277520408083,106,0.44166666666666665,1168.3762819821573,-0.0007914218433725648,-0.0018991575377243415,2.4389394034482525e-07
522.25,5,1168.277520408083,107,0.4458333333333333,1168.3772136951202,-0.0007571694228610559,-0.0019058502277903594,2.458362443505468e-07
522.25,5,1168.277520408083,108,0.45,1168.3781454080831,-0.0007225813261155762,-0.001911665447978558,2.4732396385229683e-07
522.25,5,1168.277520408083,109,0.45416666666666666,1168.379077121046,-0.0006878495002605955,-0.0019171102964058947,2.4862133654186306e-07
522.25,5,1168.277520408083,110,0.4583333333333333,1168.380008834009,-0.0006531627115588879,-0.0019226738099542106,2.4997946502908794e-07
522.25,5,1168.277520408083,111,0.46249999999999997,1168.380940546972,-0.0006184572250261067,-0.0019281566880313095,2.5129633812626946e-07
522.25,5,1168.277520408083,112,0.4666666666666667,1168.3818722599349,-0.0005837967923925281,-0.0019338304168747742,2.527143133160462e-07
522.25,5,1168.277520408083,113,0.4708333333333333,1168.3828039728978,-0.00054914369690476,-0.001939528784975342,2.5414541028781476e-07
522.25,5,1168.277520408083,114,0.475,1168.3837356858608,-0.0005140722984754245,-0.0019435767348722102,2.5471115657363596e-07
522.25,5,1168.277520408083,115,0.4791666666666667,1168.384667398824,-0.0004787488055638022,-0.0019466348038661844,2.5475868714059957e-07
522.25,5,1168.277520408083,116,0.48333333333333334,1168.3855991117869,-0.00044351048403516074,-0.0019500282409762035,2.549810806166419e-07
522.25,5,1168.277520408083,117,0.4875,1168.3865308247498,-0.0004082735465463786,-0.0019534101720782384,2.551983100072328e-07
522.25,5,1168.277520408083,118,0.49166666666666664,1168.3874625377127,-0.0003730305722365972,-0.001956811020812346,2.554249645874871e-07
522.25,5,1168.277520408083,119,0.49583333333333335,1168.3883942506757,-0.0003377922404098909,-0.0019602241913960943,2.5565783679884073e-07
522.25,5,1168.277520408083,120,0.5,1168.3893259636386,-0.0003024671659292544,-0.0019629603319149132,2.5553961134032623e-07
522.25,5,1168.277520408083,121,0.5041666666666667,1168.3902576766015,-0.0002670213739773021,-0.0019647534065274476,2.5493211287242774e-07
522.25,5,1168.277520408083,122,0.5083333333333333,1168.3911893895645,-0.00023148904264254163,-0.001965869787824095,2.539731345983407e-07
522.25,5,1168.277520408083,123,0.5125,1168.3921211025274,-0.00019595526809715203,-0.0019669989161545894,2.530191560024633e-07
522.25,5,1168.277520408083,124,0.5166666666666666,1168.3930528154906,-0.00016043223077239675,-0.0019681458382975556,2.520755908969592e-07
522.25,5,1168.277520408083,125,0.5208333333333334,1168.3939845284535,-0.00012490492426791387,-0.0019692816290472416,2.5112625032896446e-07
522.25,5,1168.277520408083,126,0.525,1168.3949162414165,-8.93789752339757e-05,-0.001970757968499644,2.503477594933165e-07
522.25,5,1168.277520408083,127,0.5291666666666667,1168.3958479543794,-5.384967260892932e-05,-0.001971228465914099,2.490636107771497e-07
522.25,5,1168.277520408083,128,0.5333333333333333,1168.3967796673423,-1.831277204915016e-05,-0.001970022313736705,2.469356129132204e-07
522.25,5,1168.277520408083,129,0.5375,1168.3977113803053,1.7225092493266794e-05,-0.001968841428164982,2.448205041226288e-07
522.25,5,1168.277520408083,130,0.5416666666666666,1168.3986430932682,5.275880925372615e-05,-0.0019678540379435574,2.4280370926944625e-07
522.25,5,1168.277520408083,131,0.5458333333333333,1168.3995748062312,8.829459968778907e-05,-0.0019667850429995544,2.4074398120579196e-07
522.25,5,1168.277520408083,132,0.55,1168.400506519194,0.00012384459025869537,-0.001965838452531694,2.387428373907032e-07
522.25,5,1168.277520408083,133,0.5541666666666667,1168.4014382321573,0.0001593471947536218,-0.0019645091165487643,2.3655980621699124e-07
522.25,5,1168.277520408083,134,0.5583333333333333,1168.4023699451202,0.00019474237779479133,-0.0019622736736909074,2.3394608142755875e-07
522.25,5,1168.277520408083,135,0.5625,1168.4033016580831,0.00023003341777460672,-0.0019591726957499662,2.309197882696447e-07
522.25,5,1168.277520408083,136,0.5666666666666667,1168.404233371046,0.00026529655723965605,-0.0019558175198724635,2.2777279898831332e-07
522.25,5,1168.277520408083,137,0.5708333333333333,1168.405165084009,0.0003005717703848571,-0.0019525779254439136,2.246810201390901e-07
522.25,5,1168.277520408083,138,0.575,1168.406096796972,0.0003358256087742786,-0.0019492468767696896,2.2154902165043874e-07
522.25,5,1168.277520408083,139,0.5791666666666666,1168.407028509935,0.0003711486892650058,-0.001946188808279819,2.1853465002325414e-07
522.25,5,1168.277520408083,140,0.5833333333333334,1168.4079602228978,0.00040641717018785893,-0.0019429127109728019,2.154263756957374e-07
522.25,5,1168.277520408083,141,0.5875,1168.4088919358608,0.00044124785106810696,-0.0019378498626620754,2.1153546407207248e-07
522.25,5,1168.277520408083,142,0.5916666666666667,1168.409823648824,0.0004759168713741996,-0.0019321222661312096,2.0735412532698677e-07
522.25,5,1168.277520408083,143,0.5958333333333333,1168.4107553617869,0.0005106694065189117,-0.0019267395424525742,2.033233370723752e-07
522.25,5,1168.277520408083,144,0.6,1168.4116870747498,0.0005454032243599157,-0.0019212950498424062,1.992682953735553e-07
522.25,5,1168.277520408083,145,0.6041666666666666,1168.4126187877127,0.0005801666578684621,-0.0019159140594107802,1.9523542722940577e-07
522.25,5,1168.277520408083,146,0.6083333333333333,1168.4135505006757,0.0006148977375574588,-0.0019104551161766496,1.9117546879097289e-07
522.25,5,1168.277520408083,147,0.6125,1168.4144822136386,0.0006493500775762504,-0.0019042502328213832,1.8682449001292065e-07
522.25,5,1168.277520408083,148,0.6166666666666667,1168.4154139266016,0.0006834617460497679,-0.0018971364096079986,1.8212060837715442e-07
522.25,5,1168.277520408083,149,0.6208333333333333,1168.4163456395645,0.0007173679082457494,-0.001889472207558674,1.7720276213738643e-07
522.25,5,1168.277520408083,150,0.625,1168.4172773525274,0.0007513054710220279,-0.0018818850561778,1.723148335918725e-07
522.25,5,1168.277520408083,151,0.6291666666666667,1168.4182090654906,0.0007852218608506998,-0.0018742707470690836,1.674226594619052e-07
522.25,5,1168.277520408083,152,0.6333333333333333,1168.4191407784535,0.0008191717565725144,-0.0018667133101668881,1.6254885275222937e-07
522.25,5,1168.277520408083,153,0.6375,1168.4200724914165,0.0008532499018359229,-0.001859408410620129,1.5776009701253136e-07
522.25,5,1168.277520408083,154,0.6416666666666666,1168.4210042043794,0.0008866954250757067,-0.001850864806952011,1.525630882370837e-07
522.25,5,1168.277520408083,155,0.6458333333333334,1168.4219359173424,0.0009194456208902406,-0.0018409567186202286,1.46915963686122e-07
522.25,5,1168.277520408083,156,0.65,1168.4228676303053,0.000952296074915823,-0.0018312436102665306,1.4133500827085789e-07
522.25,5,1168.277520408083,157,0.6541666666666667,1168.4237993432682,0.0009851919366980792,-0.0018216278999220038,1.357908446774338e-07
522.25,5,1168.277520408083,158,0.6583333333333333,1168.4247310562312,0.0010180681504789765,-0.001811963069973873,1.3022960604487583e-07
522.25,5,1168.277520408083,159,0.6625,1168.425662769194,0.0010510030237568383,-0.0018023910806019977,1.2469696189410652e-07
522.25,5,1168.277520408083,160,0.6666666666666666,1168.4265944821573,0.0010836333972613968,-0.0017923555647485184,1.1904490786741544e-07
522.25,5,1168.277520408083,161,0.6708333333333333,1168.4275261951202,0.0011157101536956246,-0.0017814736101890482,1.131736484199249e-07
522.25,5,1168.277520408083,162,0.675,1168.4284579080831,0.001147306365149091,-0.0017698587912382787,1.0711466576652604e-07
522.25,5,1168.277520408083,163,0.6791666666666667,1168.429389621046,0.001178825852574945,-0.0017581217689281229,1.0102586214581123e-07
522.25,5,1168.277520408083,164,0.6833333333333333,1168.430321334009,0.0012103929238198802,-0.0017464647073274725,9.496334374164209e-08
522.25,5,1168.277520408083,165,0.6875,1168.431253046972,0.0012419068158501926,-0.0017347379152527565,8.889040334851838e-08
522.25,5,1168.277520408083,166,0.6916666666666667,1168.432184759935,0.001273657985767459,-0.0017233015243867792,8.287232757314205e-08
522.25,5,1168.277520408083,167,0.6958333333333333,1168.4331164728978,0.0013050435261431257,-0.001711416339532577,7.67773514732304e-08
522.25,5,1168.277520408083,168,0.7,1168.4340481858608,0.0013351340850057134,-0.0016979357109405454,7.039752564305029e-08
522.25,5,1168.277520408083,169,0.7041666666666666,1168.434979898824,0.0013649733633047097,-0.0016841437658606543,6.3965899395331e-08
522.25,5,1168.277520408083,170,0.7083333333333334,1168.4359116117869,0.0013950288214542644,-0.0016706208055638555,5.758887814887576e-08
522.25,5,1168.277520408083,171,0.7125,1168.4368433247498,0.0014250195255433931,-0.0016570210295526792,5.120323143128808e-08
522.25,5,1168.277520408083,172,0.7166666666666667,1168.4377750377128,0.0014550967927653164,-0.0016435054412129218,4.482849213543663e-08
522.25,5,1168.277520408083,173,0.7208333333333333,1168.4387067506757,0.0014850144146251174,-0.0016298311978484759,3.8446658117937026e-08
522.25,5,1168.277520408083,174,0.725,1168.4396384636386,0.0015142525920398256,-0.001615466641722135,3.200696527544846e-08
522.25,5,1168.277520408083,175,0.7291666666666666,1168.4405701766016,0.00154274571095011,-0.0016003467790989844,2.550798853686476e-08
522.25,5,1168.277520408083,176,0.7333333333333333,1168.4415018895645,0.0015708797836477555,-0.001584860999100627,1.898165789196454e-08
522.25,5,1168.277520408083,177,0.7375,1168.4424336025274,0.0015991089151350972,-0.001569470119905767,1.246934925489812e-08
522.25,5,1168.277520408083,178,0.7416666666666667,1168.4433653154906,0.0016272730522613574,-0.0015540279269226477,5.965573637694849e-09
522.25,5,1168.277520408083,179,0.7458333333333333,1168.4442970284535,0.001655575297087128,-0.0015386984302787137,-5.357916089689668e-10
522.25,5,1168.277520408083,180,0.75,1168.4452287414165,0.0016839870991977655,-0.0015234626877826333,-7.032393252069249e-09
522.25,5,1168.277520408083,181,0.7541666666666667,1168.4461604543794,0.0017109706993279385,-0.0015070192777172412,-1.3500594577970133e-08
522.25,5,1168.277520408083,182,0.7583333333333333,1168.4470921673424,0.0017369048623208235,-0.0014896871547112251,-1.9946326147215306e-08
522.25,5,1168.277520408083,183,0.7625,1168.4480238803053,0.0017631239031417332,-0.0014725957916893921,-2.638903453926359e-08
522.25,5,1168.277520408083,184,0.7666666666666666,1168.4489555932682,0.0017893592148135594,-0.0014555229604356567,-3.282182084847309e-08
522.25,5,1168.277520408083,185,0.7708333333333334,1168.4498873062312,0.0018155957824165134,-0.001438441333350446,-3.9252079071471246e-08
522.25,5,1168.277520408083,186,0.775,1168.4508190191941,0.0018418788564633604,-0.001421395598212169,-4.567824177442128e-08
522.25,5,1168.277520408083,187,0.7791666666666667,1168.4517507321573,0.0018675358229675932,-0.0014039059799426591,-5.203439809645099e-08
522.25,5,1168.277520408083,188,0.7833333333333333,1168.4526824451202,0.0018922515222490172,-0.001385748653359427,-5.828977811748755e-08
522.25,5,1168.277520408083,189,0.7875,1168.4536141580832,0.00191624373514129,-0.0013670785414362846,-6.446443979911033e-08
522.25,5,1168.277520408083,190,0.7916666666666666,1168.454545871046,0.001940208631823932,-0.001348385967525825,-7.062985575273364e-08
522.25,5,1168.277520408083,191,0.7958333333333333,1168.455477584009,0.001964210655041358,-0.0013297268510131942,-7.678516785559046e-08
522.25,5,1168.277520408083,192,0.8,1168.456409296972,0.001988173158032285,-0.0013110405427492334,-8.292699642088123e-08
522.25,5,1168.277520408083,193,0.8041666666666667,1168.457341009935,0.002012515873485334,-0.0012925798199335489,-8.912241160726352e-08
522.25,5,1168.277520408083,194,0.8083333333333333,1168.4582727228978,0.0020359444218718396,-0.0012735766062461577,-9.515729015543335e-08
522.25,5,1168.277520408083,195,0.8125,1168.4592044358608,0.002057479506395071,-0.0012534475192626437,-1.0086962898121566e-07
522.25,5,1168.277520408083,196,0.8166666666666667,1168.4601361488237,0.0020789222882023795,-0.0012332624246449801,-1.0655543192903092e-07
522.25,5,1168.277520408083,197,0.8208333333333333,1168.461067861787,0.00210061779210573,-0.0012132302309831597,-1.1227106038772099e-07
522.25,5,1168.277520408083,198,0.825,1168.4619995747498,0.0021222166560619696,-0.001193140281052179,-1.1795987843201393e-07
522.25,5,1168.277520408083,199,0.8291666666666666,1168.4629312877128,0.0021439573478425253,-0.0011731202145405673,-1.2367038492403582e-07
522.25,5,1168.277520408083,200,0.8333333333333334,1168.4638630006757,0.00216532578134654,-0.0011529174517911681,-1.2928768540814212e-07
522.25,5,1168.277520408083,201,0.8375,1168.4647947136386,0.0021856652803655535,-0.0011322041001645485,-1.346684938613617e-07
522.25,5,1168.277520408083,202,0.8416666666666667,1168.4657264266016,0.0022049767272721587,-0.001110982071081549,-1.3981315571779813e-07
522.25,5,1168.277520408083,203,0.8458333333333333,1168.4666581395645,0.002223923882814851,-0.0010895776374567508,-1.4486546046015567e-07
522.25,5,1168.277520408083,204,0.85,1168.4675898525275,0.0022430118690718827,-0.0010682436068415718,-1.4993735518265097e-07
522.25,5,1168.277520408083,205,0.8541666666666666,1168.4685215654904,0.002261989736297594,-0.0010468647834339993,-1.5496790637600832e-07
522.25,5,1168.277520408083,206,0.8583333333333333,1168.4694532784536,0.002281260687810439,-0.001025603203813513,-1.6006337216300484e-07
522.25,5,1168.277520408083,207,0.8624999999999999,1168.4703849914165,0.0023004146456439725,-0.0010042949075273263,-1.651169228525436e-07
522.25,5,1168.277520408083,208,0.8666666666666667,1168.4713167043794,0.0023174209398899533,-0.0009821105040476031,-1.6959679982357915e-07
522.25,5,1168.277520408083,209,0.8708333333333333,1168.4722484173424,0.0023334098799424386,-0.0009595101686901036,-1.7379852572522683e-07
522.25,5,1168.277520408083,210,0.875,1168.4731801303053,0.002349828591691526,-0.0009370856442390425,-1.7809942050019376e-07
522.25,5,1168.277520408083,211,0.8791666666666667,1168.4741118432682,0.002366195374325148,-0.0009146431903634987,-1.8237214543904818e-07
522.25,5,1168.277520408083,212,0.8833333333333333,1168.4750435562312,0.0023826214975159127,-0.0008922146923153962,-1.866499709881634e-07
522.25,5,1168.277520408083,213,0.8875,1168.4759752691941,0.002399003981209858,-0.0008697742972378077,-1.9090056764710727e-07
522.25,5,1168.277520408083,214,0.8916666666666666,1168.476906982157,0.00241445468641592,-0.0008470272202394008,-1.948664235828961e-07
522.25,5,1168.277520408083,215,0.8958333333333334,1168.4778386951202,0.0024286984564201295,-0.0008238833318911736,-1.9846580785577693e-07
522.25,5,1168.277520408083,216,0.9,1168.4787704080832,0.0024421449528103534,-0.0008004769547264947,-2.0181633967360623e-07
522.25,5,1168.277520408083,217,0.9041666666666667,1168.479702121046,0.0024556580644572953,-0.000777090360675565,-2.051737569396615e-07
522.25,5,1168.277520408083,218,0.9083333333333333,1168.480633834009,0.0024691576893551255,-0.0007537069023304214,-2.085101794587646e-07
522.25,5,1168.277520408083,219,0.9125,1168.481565546972,0.002482690976193491,-0.0007303287961481616,-2.118431693204943e-07
522.25,5,1168.277520408083,220,0.9166666666666666,1168.482497259935,0.0024966371985996358,-0.0007070565815391683,-2.1529078866252727e-07
522.25,5,1168.277520408083,221,0.9208333333333333,1168.4834289728979,0.0025090313590453695,-0.0006833876972443416,-2.182367464895735e-07
522.25,5,1168.277520408083,222,0.9249999999999999,1168.4843606858608,0.0025193478076398442,-0.0006591865685398384,-2.2051599461001986e-07
522.25,5,1168.277520408083,223,0.9291666666666667,1168.4852923988237,0.0025298349748160737,-0.0006350284610031925,-2.228336457723525e-07
522.25,5,1168.277520408083,224,0.9333333333333333,1168.486224111787,0.0025405143217770497,-0.0006109222987412562,-2.251945906247232e-07
522.25,5,1168.277520408083,225,0.9375,1168.4871558247498,0.0025511049073726317,-0.0005867908968595881,-2.275131400143427e-07
522.25,5,1168.277520408083,226,0.9416666666666667,1168.4880875377128,0.002561852697224357,-0.0005626899013291212,-2.2986664403833733e-07
522.25,5,1168.277520408083,227,0.9458333333333333,1168.4890192506757,0.002571986459692584,-0.0005384746697792847,-2.3200395070812811e-07
522.25,5,1168.277520408083,228,0.95,1168.4899509636386,0.0025808637992092835,-0.000514023299838665,-2.337153263748514e-07
522.25,5,1168.277520408083,229,0.9541666666666666,1168.4908826766016,0.0025885974606730464,-0.0004893580260203355,-2.3503790400658712e-07
522.25,5,1168.277520408083,230,0.9583333333333334,1168.4918143895645,0.0025960725900104793,-0.0004646421797798106,-2.362587467248227e-07
522.25,5,1168.277520408083,231,0.9625,1168.4927461025275,0.0026036873650985854,-0.00043995476370516643,-2.3750908333936057e-07
522.25,5,1168.277520408083,232,0.9666666666666667,1168.4936778154904,0.002611178914477765,-0.0004152506984223974,-2.38701395851075e-07
522.25,5,1168.277520408083,233,0.9708333333333333,1168.4946095284536,0.002619103588914965,-0.0003905983201286424,-2.400214522481723e-07
522.25,5,1168.277520408083,234,0.975,1168.4955412414165,0.0026265148641810916,-0.000365884021576739,-2.411551402828408e-07
522.25,5,1168.277520408083,235,0.9791666666666666,1168.4964729543794,0.0026313693453321007,-0.00034085719989339575,-2.414276082104934e-07
522.25,5,1168.277520408083,236,0.9833333333333333,1168.4974046673424,0.002635520981459885,-0.0003157434817537026,-2.414490875011139e-07
522.25,5,1168.277520408083,237,0.9874999999999999,1168.4983363803053,0.002640136219429963,-0.0002906875081730951,-2.4160766577083223e-07
522.25,5,1168.277520408083,238,0.9916666666666667,1168.4992680932683,0.0026446396310178745,-0.0002656199788876152,-2.4171317381712044e-07
522.25,5,1168.277520408083,239,0.9958333333333333,1168.5001998062312,0.0026492670721932855,-0.00024055668350382952,-2.418407087208866e-07
522.25,5,1168.277520408083,240,1.0,1168.5011315191941,0.0026537006273673405,-0.00021548414646169528,-2.418894442570376e-07
522.25,6,1168.777520408083,0,0.0,1168.777520408083,-0.0022361134325497166,-0.001195673756599212,-9.351377949587218e-09
522.25,6,1168.777520408083,1,0.004166666666666667,1168.778452121046,-0.0022139377972397686,-0.001215414225192708,-2.735539745871653e-09
522.25,6,1168.777520408083,2,0.008333333333333333,1168.779383834009,-0.0021916036663630683,-0.001235074787465823,3.891447570126766e-09
522.25,6,1168.777520408083,3,0.0125,1168.780315546972,-0.0021693721364681273,-0.001254785017459988,1.0527473642465857e-08
522.25,6,1168.777520408083,4,0.016666666666666666,1168.7812472599348,-0.0021470537561123003,-0.0012744438571300185,1.7168463568879805e-08
522.25,6,1168.777520408083,5,0.020833333333333332,1168.782178972898,-0.002125088342901256,-0.0012943239418300339,2.385142386051034e-08
522.25,6,1168.777520408083,6,0.025,1168.783110685861,-0.0021025868931392354,-0.001313868909037041,3.049784057056574e-08
522.25,6,1168.777520408083,7,0.029166666666666667,1168.7840423988239,-0.002078133790872893,-0.0013321977768122797,3.6986845365112896e-08
522.25,6,1168.777520408083,8,0.03333333333333333,1168.7849741117868,-0.0020532881839815664,-0.001350283191525883,4.3452082330130394e-08
522.25,6,1168.777520408083,9,0.0375,1168.7859058247498,-0.0020287741508464526,-0.0013685734547598813,4.9953816633448606e-08
522.25,6,1168.777520408083,10,0.041666666666666664,1168.7868375377127,-0.002004167168787666,-0.0013868038298022465,5.645428105335729e-08
522.25,6,1168.777520408083,11,0.04583333333333333,1168.7877692506756,-0.0019796585284721645,-0.0014051102696931962,6.29848804950522e-08
522.25,6,1168.777520408083,12,0.05,1168.7887009636386,-0.0019549663069888786,-0.0014232775672677383,6.948874168253376e-08
522.25,6,1168.777520408083,13,0.05416666666666667,1168.7896326766015,-0.0019294551802268229,-0.001440837379094359,7.585435195105223e-08
522.25,6,1168.777520408083,14,0.058333333333333334,1168.7905643895647,-0.001903045608873629,-0.0014577291511208624,8.206596830903913e-08
522.25,6,1168.777520408083,15,0.0625,1168.7914961025276,-0.0018761962025982803,-0.0014742954990655164,8.8206943042121e-08
522.25,6,1168.777520408083,16,0.06666666666666667,1168.7924278154906,-0.0018494585228091593,-0.0014909461163864987,9.437740607248284e-08
522.25,6,1168.777520408083,17,0.07083333333333333,1168.7933595284535,-0.0018226637156478378,-0.001507542258026477,1.0053505506899714e-07
522.25,6,1168.777520408083,18,0.075,1168.7942912414164,-0.0017959946133873357,-0.0015242541006013678,1.0673966043759388e-07
522.25,6,1168.777520408083,19,0.07916666666666666,1168.7952229543794,-0.0017694394063362975,-0.0015410658909168532,1.1298364191275334e-07
522.25,6,1168.777520408083,20,0.08333333333333333,1168.7961546673423,-0.0017415024956125942,-0.001556651806240886,1.188348263698145e-07
522.25,6,1168.777520408083,21,0.0875,1168.7970863803052,-0.001712532812683074,-0.001571322804519318,1.243944136843905e-07
522.25,6,1168.777520408083,22,0.09166666666666666,1168.7980180932682,-0.0016838376572604625,-0.0015862375708876073,1.3003892527900308e-07
522.25,6,1168.777520408083,23,0.09583333333333333,1168.7989498062313,-0.0016551672581306845,-0.0016011693878285385,1.3569337054119218e-07
522.25,6,1168.777520408083,24,0.1,1168.7998815191943,-0.0016264830763029242,-0.0016160989214066297,1.4135644777127175e-07
522.25,6,1168.777520408083,25,0.10416666666666667,1168.8008132321572,-0.0015978412760113316,-0.001631069962738669,1.4704134848342946e-07
522.25,6,1168.777520408083,26,0.10833333333333334,1168.8017449451202,-0.001568711716275827,-0.0016455208928873473,1.5252600308105582e-07
522.25,6,1168.777520408083,27,0.1125,1168.802676658083,-0.0015388437112541346,-0.001659184852042472,1.5770800967747776e-07
522.25,6,1168.777520408083,28,0.11666666666666667,1168.803608371046,-0.0015084061079526088,-0.001672241242393042,1.6265516356298074e-07
522.25,6,1168.777520408083,29,0.12083333333333333,1168.804540084009,-0.0014779400185424673,-0.0016852713130082345,1.6759702956006937e-07
522.25,6,1168.777520408083,30,0.125,1168.805471796972,-0.0014475142468268775,-0.0016983353600754996,1.7255446800040356e-07
522.25,6,1168.777520408083,31,0.12916666666666665,1168.8064035099349,-0.0014170573482054775,-0.001711364830741022,1.775022644603314e-07
522.25,6,1168.777520408083,32,0.13333333333333333,1168.807335222898,-0.0013868379996157137,-0.0017247036761715003,1.82592560996072e-07
522.25,6,1168.777520408083,33,0.1375,1168.808266935861,-0.0013560558974767224,-0.0017373097886312367,1.8736083507195253e-07
522.25,6,1168.777520408083,34,0.14166666666666666,1168.809198648824,-0.0013240844777517437,-0.001748371038340893,1.9144545611296345e-07
522.25,6,1168.777520408083,35,0.14583333333333334,1168.8101303617868,-0.00129204760255248,-0.0017593488776206834,1.9549768396961993e-07
522.25,6,1168.777520408083,36,0.15,1168.8110620747498,-0.001260174719419879,-0.0017705356436239221,1.9964435167320928e-07
522.25,6,1168.777520408083,37,0.15416666666666667,1168.8119937877127,-0.0012282407301010348,-0.0017816433026955553,2.0375942217336733e-07
522.25,6,1168.777520408083,38,0.15833333333333333,1168.8129255006756,-0.0011963752999488567,-0.001792863320376834,2.0793207513414404e-07
522.25,6,1168.777520408083,39,0.1625,1168.8138572136386,-0.0011643328245787119,-0.0018037923139740222,2.1196728007326318e-07
522.25,6,1168.777520408083,40,0.16666666666666666,1168.8147889266015,-0.0011317865623810953,-0.0018139053040089291,2.1561018554323936e-07
522.25,6,1168.777520408083,41,0.17083333333333334,1168.8157206395645,-0.0010987373188117231,-0.0018232006891924658,2.1886026693881432e-07
522.25,6,1168.777520408083,42,0.175,1168.8166523525276,-0.001065504636626233,-0.0018322020350401338,2.219711240341926e-07
522.25,6,1168.777520408083,43,0.17916666666666667,1168.8175840654906,-0.0010323416901233274,-0.0018413156128806207,2.2513742411983564e-07
522.25,6,1168.777520408083,44,0.18333333333333332,1168.8185157784535,-0.0009991387183649568,-0.0018503439784536278,2.2826354344632982e-07
522.25,6,1168.777520408083,45,0.1875,1168.8194474914164,-0.0009660390224750561,-0.00185959664507083,2.3150564105780526e-07
522.25,6,1168.777520408083,46,0.19166666666666665,1168.8203792043794,-0.0009329015921055196,-0.0018687671822181864,2.3470716747503835e-07
522.25,6,1168.777520408083,47,0.19583333333333333,1168.8213109173423,-0.0008989756118305595,-0.0018762737226173214,2.3706365078274101e-07
522.25,6,1168.777520408083,48,0.2,1168.8222426303053,-0.0008646681314377332,-0.0018829779214534622,2.3901230384753165e-07
522.25,6,1168.777520408083,49,0.20416666666666666,1168.8231743432682,-0.0008305193712176927,-0.0018900158012159541,2.4113275672446816e-07
522.25,6,1168.777520408083,50,0.20833333333333334,1168.8241060562311,-0.0007963568574183209,-0.0018970158868005015,2.4323299752286826e-07
522.25,6,1168.777520408083,51,0.2125,1168.8250377691943,-0.0007622014470521173,-0.0019040583020371125,2.4535815703823566e-07
522.25,6,1168.777520408083,52,0.21666666666666667,1168.8259694821572,-0.0007280392593146025,-0.0019110712941058652,2.474694228084612e-07
522.25,6,1168.777520408083,53,0.22083333333333333,1168.8269011951202,-0.0006936362335947626,-0.0019173779477836394,2.492108672456433e-07
522.25,6,1168.777520408083,54,0.225,1168.827832908083,-0.000658920435191872,-0.0019227652872090975,2.50473221913197e-07
522.25,6,1168.777520408083,55,0.22916666666666666,1168.828764621046,-0.0006239964202592969,-0.0019275415702978394,2.514174785109857e-07
522.25,6,1168.777520408083,56,0.23333333333333334,1168.829696334009,-0.0005890857621124365,-0.0019323657581495467,2.5238604483667934e-07
522.25,6,1168.777520408083,57,0.2375,1168.830628046972,-0.0005541825835694884,-0.0019371829287560948,2.5335161391108807e-07
522.25,6,1168.777520408083,58,0.24166666666666667,1168.8315597599349,-0.0005192797009073197,-0.0019420219287071222,2.5432913534252574e-07
522.25,6,1168.777520408083,59,0.24583333333333332,1168.8324914728978,-0.00048444310350123475,-0.0019471719918792954,2.554693275695613e-07
522.25,6,1168.777520408083,60,0.25,1168.833423185861,-0.0004493635674488519,-0.001951174014327509,2.5600918807368646e-07
522.25,6,1168.777520408083,61,0.25416666666666665,1168.834354898824,-0.00041395207244699554,-0.0019536155187436454,2.557302804152183e-07
522.25,6,1168.777520408083,62,0.2583333333333333,1168.8352866117868,-0.00037856525653446406,-0.001956177709469398,2.555146899161626e-07
522.25,6,1168.777520408083,63,0.2625,1168.8362183247498,-0.000343213500287533,-0.001958887379900131,2.5537655531030994e-07
522.25,6,1168.777520408083,64,0.26666666666666666,1168.8371500377127,-0.0003078440025097322,-0.0019615291160869457,2.552021611203305e-07
522.25,6,1168.777520408083,65,0.2708333333333333,1168.8380817506757,-0.000272485947056643,-0.001964287161983038,2.550877643880893e-07
522.25,6,1168.777520408083,66,0.275,1168.8390134636386,-0.00023709011446770693,-0.0019665994630046054,2.5474477726076866e-07
522.25,6,1168.777520408083,67,0.2791666666666667,1168.8399451766015,-0.00020161286037388636,-0.001967990749567421,2.5392656637516723e-07
522.25,6,1168.777520408083,68,0.2833333333333333,1168.8408768895645,-0.00016606262471180136,-0.0019685410378882996,2.526746439337196e-07
522.25,6,1168.777520408083,69,0.2875,1168.8418086025276,-0.00013049260836050486,-0.00196889675943743,2.513225778872936e-07
522.25,6,1168.777520408083,70,0.2916666666666667,1168.8427403154906,-9.49346226669976e-05,-0.0019693564293878866,2.5002434598050363e-07
522.25,6,1168.777520408083,71,0.29583333333333334,1168.8436720284535,-5.937778943581555e-05,-0.0019697265364599643,2.4868078903223646e-07
522.25,6,1168.777520408083,72,0.3,1168.8446037414164,-2.3808034291031636e-05,-0.001970406277185928,2.4748965411687796e-07
522.25,6,1168.777520408083,73,0.30416666666666664,1168.8455354543794,1.1747710804427761e-05,-0.0019707270392526274,2.46121722436131e-07
522.25,6,1168.777520408083,74,0.30833333333333335,1168.8464671673423,4.7237697388759454e-05,-0.0019692060842295077,2.438427148790043e-07
522.25,6,1168.777520408083,75,0.3125,1168.8473988803053,8.271036997518211e-05,-0.001967166786647901,2.413048468049533e-07
522.25,6,1168.777520408083,76,0.31666666666666665,1168.8483305932682,0.00011819365389774456,-0.0019654632249853487,2.3893461745337174e-07
522.25,6,1168.777520408083,77,0.3208333333333333,1168.8492623062311,0.00015367117199923528,-0.001963680508545536,2.365248603505749e-07
522.25,6,1168.777520408083,78,0.325,1168.8501940191943,0.00018916674828034464,-0.00196198364226831,2.3415450665311333e-07
522.25,6,1168.777520408083,79,0.32916666666666666,1168.8511257321572,0.00022463813002870407,-0.0019601540241675534,2.3172263967828263e-07
522.25,6,1168.777520408083,80,0.3333333333333333,1168.8520574451202,0.0002599817723323595,-0.001957520611970299,2.289173182975338e-07
522.25,6,1168.777520408083,81,0.3375,1168.8529891580831,0.00029517671322916314,-0.0019539596727336773,2.2568216062711627e-07
522.25,6,1168.777520408083,82,0.3416666666666667,1168.853920871046,0.00033029135022028867,-0.0019498904728562762,2.2221028168706767e-07
522.25,6,1168.777520408083,83,0.3458333333333333,1168.854852584009,0.0003654241011061495,-0.0019459222531523217,2.1878493593393708e-07
522.25,6,1168.777520408083,84,0.35,1168.855784296972,0.000400537554355921,-0.001941904835226446,2.1534020310073158e-07
522.25,6,1168.777520408083,85,0.3541666666666667,1168.8567160099349,0.0004356837409539346,-0.0019379873797685297,2.1193638196809937e-07
522.25,6,1168.777520408083,86,0.35833333333333334,1168.8576477228978,0.0004708874185807536,-0.001934273282423008,2.0862007734854036e-07
522.25,6,1168.777520408083,87,0.3625,1168.858579435861,0.0005056831078290098,-0.0019291370650469618,2.0470079713503233e-07
522.25,6,1168.777520408083,88,0.36666666666666664,1168.859511148824,0.0005401096519592848,-0.0019227093500079953,2.0023502173457682e-07
522.25,6,1168.777520408083,89,0.37083333333333335,1168.8604428617869,0.0005746121042037072,-0.0019165447715102201,1.9588123441980484e-07
522.25,6,1168.777520408083,90,0.375,1168.8613745747498,0.0006091277096812518,-0.00191044114827998,1.9155580665064257e-07
522.25,6,1168.777520408083,91,0.37916666666666665,1168.8623062877127,0.0006436414756982483,-0.0019043065192884232,1.872152794140188e-07
522.25,6,1168.777520408083,92,0.3833333333333333,1168.8632380006757,0.0006781849884061708,-0.0018982493327070428,1.8290468941720334e-07
522.25,6,1168.777520408083,93,0.3875,1168.8641697136386,0.0007124998655539995,-0.0018916460383542552,1.7839273941973903e-07
522.25,6,1168.777520408083,94,0.39166666666666666,1168.8651014266015,0.0007464384187614847,-0.0018841408718916393,1.7354541963884212e-07
522.25,6,1168.777520408083,95,0.3958333333333333,1168.8660331395645,0.0007800675018815185,-0.0018758960202828738,1.6842572301880546e-07
522.25,6,1168.777520408083,96,0.4,1168.8669648525276,0.0008136670798513077,-0.0018675728207588923,1.6327647280223936e-07
522.25,6,1168.777520408083,97,0.4041666666666667,1168.8678965654906,0.0008472879291929876,-0.0018593146953926293,1.5815553604937587e-07
522.25,6,1168.777520408083,98,0.4083333333333333,1168.8688282784535,0.0008808794786745861,-0.0018509969986943281,1.5301614558441093e-07
522.25,6,1168.777520408083,99,0.4125,1168.8697599914165,0.0009146527384777557,-0.0018430043629648282,1.4797859144481118e-07
522.25,6,1168.777520408083,100,0.4166666666666667,1168.8706917043794,0.0009480761314485023,-0.0018343845926356692,1.4274895837599322e-07
522.25,6,1168.777520408083,101,0.42083333333333334,1168.8716234173423,0.000980561973157769,-0.00182407816232109,1.3699823894278085e-07
522.25,6,1168.777520408083,102,0.425,1168.8725551303053,0.0010129345311049624,-0.001813565610802279,1.3118622784055902e-07
522.25,6,1168.777520408083,103,0.42916666666666664,1168.8734868432682,0.0010454482952791688,-0.001803311643768704,1.254577241292848e-07
522.25,6,1168.777520408083,104,0.43333333333333335,1168.8744185562311,0.001077913188631627,-0.001792971693676651,1.197061747698591e-07
522.25,6,1168.777520408083,105,0.4375,1168.8753502691943,0.0011104525987809684,-0.0017827348657146183,1.1398022246183655e-07
522.25,6,1168.777520408083,106,0.44166666666666665,1168.8762819821573,0.0011428292879069614,-0.001772270825766444,1.0820429649153681e-07
522.25,6,1168.777520408083,107,0.4458333333333333,1168.8772136951202,0.0011746596009176262,-0.001761029566747667,1.0224747107267472e-07
522.25,6,1168.777520408083,108,0.45,1168.8781454080831,0.0012059168948543504,-0.0017489757447075322,9.610237241456455e-08
522.25,6,1168.777520408083,109,0.45416666666666666,1168.879077121046,0.0012369339025319562,-0.0017365780178064522,8.987895191710808e-08
522.25,6,1168.777520408083,110,0.4583333333333333,1168.880008834009,0.0012680285961122059,-0.0017242899749065586,8.36845978038515e-08
522.25,6,1168.777520408083,111,0.46249999999999997,1168.880940546972,0.0012990615968409033,-0.0017119329976653325,7.748510271221743e-08
522.25,6,1168.777520408083,112,0.4666666666666667,1168.8818722599349,0.0013302401097907207,-0.0016997395979624964,7.131142188529209e-08
522.25,6,1168.777520408083,113,0.4708333333333333,1168.8828039728978,0.0013614363131274794,-0.0016875680115753797,6.514646994435775e-08
522.25,6,1168.777520408083,114,0.475,1168.8837356858608,0.0013913958737565672,-0.0016739691364901707,5.876813171503976e-08
522.25,6,1168.777520408083,115,0.4791666666666667,1168.884667398824,0.001420614676858587,-0.0016595135857737217,5.226509129835569e-08
522.25,6,1168.777520408083,116,0.48333333333333334,1168.8855991117869,0.0014500845784136507,-0.001645348144830626,4.58107335294108e-08
522.25,6,1168.777520408083,117,0.4875,1168.8865308247498,0.0014795426971078653,-0.0016311747923506877,3.936338540906108e-08
522.25,6,1168.777520408083,118,0.49166666666666664,1168.8874625377127,0.0015090230566046595,-0.0016170126640222974,3.291622007672805e-08
522.25,6,1168.777520408083,119,0.49583333333333335,1168.8883942506757,0.0015385114941061193,-0.0016028619226803231,2.6476431164001308e-08
522.25,6,1168.777520408083,120,0.5,1168.8893259636386,0.001567429469352559,-0.0015881659371266839,2.0012052484239383e-08
522.25,6,1168.777520408083,121,0.5041666666666667,1168.8902576766015,0.0015955526160950694,-0.0015727103920250827,1.3512247620064823e-08
522.25,6,1168.777520408083,122,0.5083333333333333,1168.8911893895645,0.0016231052996062893,-0.0015567098869062792,6.988121368636082e-09
522.25,6,1168.777520408083,123,0.5125,1168.8921211025274,0.00165067096721647,-0.0015407181193002099,4.695209553755206e-10
522.25,6,1168.777520408083,124,0.5166666666666666,1168.8930528154906,0.001678245338291081,-0.0015247447203590113,-6.036150750373639e-09
522.25,6,1168.777520408083,125,0.5208333333333334,1168.8939845284535,0.0017058124905776609,-0.0015087610453767804,-1.2537638223052003e-08
522.25,6,1168.777520408083,126,0.525,1168.8949162414165,0.0017336982502762722,-0.001493031680586896,-1.904627001917035e-08
522.25,6,1168.777520408083,127,0.5291666666666667,1168.8958479543794,0.0017606427164256798,-0.0014765515864752319,-2.5505577940208634e-08
522.25,6,1168.777520408083,128,0.5333333333333333,1168.8967796673423,0.0017860195126101306,-0.001458819152667098,-3.188888167391425e-08
522.25,6,1168.777520408083,129,0.5375,1168.8977113803053,0.0018114207776458236,-0.0014411051277729175,-3.826581952524897e-08
522.25,6,1168.777520408083,130,0.5416666666666666,1168.8986430932682,0.0018370005593736337,-0.0014235371964280395,-4.464037638308478e-08
522.25,6,1168.777520408083,131,0.5458333333333333,1168.8995748062312,0.0018625052352937714,-0.001405907397478654,-5.1003737737233373e-08
522.25,6,1168.777520408083,132,0.55,1168.900506519194,0.001888135371628673,-0.0013883621075678593,-5.737484333893937e-08
522.25,6,1168.777520408083,133,0.5541666666666667,1168.9014382321573,0.00191337109434472,-0.0013705542050030542,-6.368816670644516e-08
522.25,6,1168.777520408083,134,0.5583333333333333,1168.9023699451202,0.0019376765803864704,-0.0013521224579396837,-6.988035367211057e-08
522.25,6,1168.777520408083,135,0.5625,1168.9033016580831,0.0019610920956178958,-0.0013330953242213508,-7.5954088272619e-08
522.25,6,1168.777520408083,136,0.5666666666666667,1168.904233371046,0.001984248305253625,-0.0013138921325722157,-8.19881064805469e-08
522.25,6,1168.777520408083,137,0.5708333333333333,1168.905165084009,0.002007521970856779,-0.0012947692793219806,-8.802560390744274e-08
522.25,6,1168.777520408083,138,0.575,1168.906096796972,0.0020306938739217684,-0.0012755883975556742,-9.403464813838472e-08
522.25,6,1168.777520408083,139,0.5791666666666666,1168.907028509935,0.002054173563808623,-0.001256578080128533,-1.0009287589178782e-07
522.25,6,1168.777520408083,140,0.5833333333333334,1168.9079602228978,0.0020774080867819954,-0.0012374313713365292,-1.0609626055207345e-07
522.25,6,1168.777520408083,141,0.5875,1168.9088919358608,0.0020986393905633245,-0.0012171611958830771,-1.1171907531009678e-07
522.25,6,1168.777520408083,142,0.5916666666666667,1168.909823648824,0.0021191263451005777,-0.0011964725041182383,-1.1719365581227865e-07
522.25,6,1168.777520408083,143,0.5958333333333333,1168.9107553617869,0.0021399991488115825,-0.001176001108012,-1.2272858764622803e-07
522.25,6,1168.777520408083,144,0.6,1168.9116870747498,0.0021608000962956265,-0.001155492587668563,-1.2823694496903763e-07
522.25,6,1168.777520408083,145,0.6041666666666666,1168.9126187877127,0.0021816826446105515,-0.0011350173158364328,-1.3375615166558908e-07
522.25,6,1168.777520408083,146,0.6083333333333333,1168.9135505006757,0.0022024680322209438,-0.0011144993930234247,-1.3924011452449073e-07
522.25,6,1168.777520408083,147,0.6125,1168.9144822136386,0.0022223456267348313,-0.0010935579863588028,-1.4450095856976877e-07
522.25,6,1168.777520408083,148,0.6166666666666667,1168.9154139266016,0.0022411162044717447,-0.0010721009767505106,-1.4949038366845462e-07
522.25,6,1168.777520408083,149,0.6208333333333333,1168.9163456395645,0.0022592169334409475,-0.0010503313909138534,-1.5431138803551494e-07
522.25,6,1168.777520408083,150,0.625,1168.9172773525274,0.0022774133846778094,-0.0010286042794234993,-1.591427154172253e-07
522.25,6,1168.777520408083,151,0.6291666666666667,1168.9182090654906,0.002295568572009773,-0.0010068669723500873,-1.6394762172466388e-07
522.25,6,1168.777520408083,152,0.6333333333333333,1168.9191407784535,0.0023138021493912093,-0.0009851562227578671,-1.687634438948121e-07
522.25,6,1168.777520408083,153,0.6375,1168.9200724914165,0.002332368460237925,-0.000963572787660675,-1.736562360520078e-07
522.25,6,1168.777520408083,154,0.6416666666666666,1168.9210042043794,0.0023493005323276988,-0.000941366498918007,-1.780918629097178e-07
522.25,6,1168.777520408083,155,0.6458333333333334,1168.9219359173424,0.002364433487481468,-0.0009184733983909204,-1.8202543557014543e-07
522.25,6,1168.777520408083,156,0.65,1168.9228676303053,0.0023798241896875777,-0.000895677995053528,-1.860151077372097e-07
522.25,6,1168.777520408083,157,0.6541666666666667,1168.9237993432682,0.002395340186409962,-0.0008729335827897149,-1.9002307210706671e-07
522.25,6,1168.777520408083,158,0.6583333333333333,1168.9247310562312,0.002410795398300554,-0.0008501618995066166,-1.9400251282424297e-07
522.25,6,1168.777520408083,159,0.6625,1168.925662769194,0.002426381531016767,-0.0008274316245132809,-1.9800693131880234e-07
522.25,6,1168.777520408083,160,0.6666666666666666,1168.9265944821573,0.002441305630815872,-0.0008045003795114848,-2.0179866770674714e-07
522.25,6,1168.777520408083,161,0.6708333333333333,1168.9275261951202,0.0024550225651930498,-0.0007812009540760994,-2.0521317554039558e-07
522.25,6,1168.777520408083,162,0.675,1168.9284579080831,0.0024676933043846147,-0.0007575834264590063,-2.082996301663274e-07
522.25,6,1168.777520408083,163,0.6791666666666667,1168.929389621046,0.002480192149052507,-0.0007339111395030735,-2.1131846120378947e-07
522.25,6,1168.777520408083,164,0.6833333333333333,1168.930321334009,0.0024928015053740636,-0.0007102759120202574,-2.1435562468455115e-07
522.25,6,1168.777520408083,165,0.6875,1168.931253046972,0.0025053057824041833,-0.000686613957761634,-2.1734482804356047e-07
522.25,6,1168.777520408083,166,0.6916666666666667,1168.932184759935,0.002518259601652019,-0.0006630559205682048,-2.2046294627686995e-07
522.25,6,1168.777520408083,167,0.6958333333333333,1168.9331164728978,0.0025305196391601677,-0.0006393367913979469,-2.2334356717196842e-07
522.25,6,1168.777520408083,168,0.7,1168.9340481858608,0.0025403165480739204,-0.0006150429030662595,-2.254239159388583e-07
522.25,6,1168.777520408083,169,0.7041666666666666,1168.934979898824,0.0025496339077925433,-0.0005906361944323031,-2.2733517700506136e-07
522.25,6,1168.777520408083,170,0.7083333333333334,1168.9359116117869,0.0025593649545298334,-0.0005663274613350424,-2.2936294373835845e-07
522.25,6,1168.777520408083,171,0.7125,1168.9368433247498,0.002568975573256969,-0.0005419921152812479,-2.313354488567806e-07
522.25,6,1168.777520408083,172,0.7166666666666667,1168.9377750377128,0.0025787297760719915,-0.0005176784917838476,-2.3333962670421032e-07
522.25,6,1168.777520408083,173,0.7208333333333333,1168.9387067506757,0.002588216087740077,-0.0004933224126468926,-2.3524021939893093e-07
522.25,6,1168.777520408083,174,0.725,1168.9396384636386,0.002596547834593818,-0.0004687739734964374,-2.3674443160010944e-07
522.25,6,1168.777520408083,175,0.7291666666666666,1168.9405701766016,0.002603615101884943,-0.0004440160533352862,-2.3781734463915613e-07
522.25,6,1168.777520408083,176,0.7333333333333333,1168.9415018895645,0.002610071090174345,-0.00041915555500714814,-2.3867092321232894e-07
522.25,6,1168.777520408083,177,0.7375,1168.9424336025274,0.002616687073927526,-0.0003943207748780326,-2.39561324987773e-07
522.25,6,1168.777520408083,178,0.7416666666666667,1168.9433653154906,0.002623206363590066,-0.0003694785157940398,-2.4040291239868823e-07
522.25,6,1168.777520408083,179,0.7458333333333333,1168.9442970284535,0.0026299345014006805,-0.0003446548251884329,-2.412972136279683e-07
522.25,6,1168.777520408083,180,0.75,1168.9452287414165,0.0026368323960926743,-0.00031984901952825735,-2.4223055482028663e-07
522.25,6,1168.777520408083,181,0.7541666666666667,1168.9461604543794,0.0026415316940235373,-0.0002948203915900074,-2.4242133015846767e-07
522.25,6,1168.777520408083,182,0.7583333333333333,1168.9470921673424,0.0026446141636859368,-0.00026962700228663647,-2.420611567108659e-07
522.25,6,1168.777520408083,183,0.7625,1168.9480238803053,0.002648135055919734,-0.00024447794266220513,-2.418283720044249e-07
522.25,6,1168.777520408083,184,0.7666666666666666,1168.9489555932682,0.0026516854653964614,-0.0002193349687791231,-2.4158863973429675e-07
522.25,6,1168.777520408083,185,0.7708333333333334,1168.9498873062312,0.0026552285912065945,-0.00019418487403070116,-2.4132864432510714e-07
522.25,6,1168.777520408083,186,0.775,1168.9508190191941,0.002658840040184215,-0.00016903945452862912,-2.410740945139425e-07
522.25,6,1168.777520408083,187,0.7791666666666667,1168.9517507321573,0.0026615680629329024,-0.00014386009088034746,-2.4051658779407803e-07
522.25,6,1168.777520408083,188,0.7833333333333333,1168.9526824451202,0.002662967412594891,-0.00011862931501684379,-2.3951177811154963e-07
522.25,6,1168.777520408083,189,0.7875,1168.9536141580832,0.0026633458467735906,-9.335941014686416e-05,-2.3815993497311468e-07
522.25,6,1168.777520408083,190,0.7916666666666666,1168.954545871046,0.002663682766693745,-6.808567193935989e-05,-2.3677690104221714e-07
522.25,6,1168.777520408083,191,0.7958333333333333,1168.955477584009,0.002664078810552097,-4.2819242893736385e-05,-2.3539626360803522e-07
522.25,6,1168.777520408083,192,0.8,1168.956409296972,0.0026644198507445784,-1.7551288192072683e-05,-2.3398084518156273e-07
522.25,6,1168.777520408083,193,0.8041666666666667,1168.957341009935,0.0026652562580776386,7.728696819146288e-06,-2.3270216905891876e-07
522.25,6,1168.777520408083,194,0.8083333333333333,1168.9582727228978,0.0026649017157558165,3.297970142892487e-05,-2.3103778078368802e-07
522.25,6,1168.777520408083,195,0.8125,1168.9592044358608,0.00266207819005042,5.817225592383687e-05,-2.2859392887095654e-07
522.25,6,1168.777520408083,196,0.8166666666666667,1168.9601361488237,0.002659133310976014,8.336279159471716e-05,-2.2609457546504487e-07
522.25,6,1168.777520408083,197,0.8208333333333333,1168.961067861787,0.002656520439747393,0.00010855917906229332,-2.2368112951592729e-07
522.25,6,1168.777520408083,198,0.825,1168.9619995747498,0.0026537812898689774,0.0001337527347052569,-2.2121228687229683e-07
522.25,6,1168.777520408083,199,0.8291666666666666,1168.9629312877128,0.0026512134246614383,0.0001589615649926417,-2.1877408113919637e-07
522.25,6,1168.777520408083,200,0.8333333333333334,1168.9638630006757,0.0026481964943357206,0.00018413005179297075,-2.161914541719717e-07
522.25,6,1168.777520408083,201,0.8375,1168.9647947136386,0.0026439330032824926,0.00020919142559644351,-2.1323358318471296e-07
522.25,6,1168.777520408083,202,0.8416666666666667,1168.9657264266016,0.0026384252108723446,0.00023414460603313282,-2.0990383080180532e-07
522.25,6,1168.777520408083,203,0.8458333333333333,1168.9666581395645,0.0026324745557400006,0.00025906102648275923,-2.0642940273841651e-07
522.25,6,1168.777520408083,204,0.85,1168.9675898525275,0.0026266949571484423,0.0002839917645477957,-2.029876959807874e-07
522.25,6,1168.777520408083,205,0.8541666666666666,1168.9685215654904,0.0026207912124948793,0.0003089037182766438,-1.994965855964684e-07
522.25,6,1168.777520408083,206,0.8583333333333333,1168.9694532784536,0.002615216145270576,0.0003338671379133451,-1.9607283672177234e-07
522.25,6,1168.777520408083,207,0.8624999999999999,1168.9703849914165,0.002609509941592331,0.00035881002398747367,-1.9259841341496645e-07
522.25,6,1168.777520408083,208,0.8666666666666667,1168.9713167043794,0.0026013796093401174,0.0003833879388425946,-1.8848685352029074e-07
522.25,6,1168.777520408083,209,0.8708333333333333,1168.9722484173424,0.0025921000340056763,0.0004077936675354196,-1.8406482946259512e-07
522.25,6,1168.777520408083,210,0.875,1168.9731801303053,0.0025833059845329514,0.00043227207702002565,-1.797513013815204e-07
522.25,6,1168.777520408083,211,0.8791666666666667,1168.9741118432682,0.0025744563699092895,0.00045673933806175595,-1.7540752443734452e-07
522.25,6,1168.777520408083,212,0.8833333333333333,1168.9750435562312,0.002565664163854918,0.0004812241923158711,-1.7105841669128825e-07
522.25,6,1168.777520408083,213,0.8875,1168.9759752691941,0.002556828245899298,0.0005056972281217072,-1.6668495408224667e-07
522.25,6,1168.777520408083,214,0.8916666666666666,1168.976906982157,0.002547009470370455,0.0005299573481367886,-1.620803370374543e-07
522.25,6,1168.777520408083,215,0.8958333333333334,1168.9778386951202,0.0025359180002084802,0.0005539412301526994,-1.571831000918157e-07
522.25,6,1168.777520408083,216,0.9,1168.9787704080832,0.0025239855227814035,0.0005777428934847237,-1.5208635599211362e-07
522.25,6,1168.777520408083,217,0.9041666666666667,1168.979702121046,0.002512121220957281,0.0006015613479454185,-1.469893722266401e-07
522.25,6,1168.777520408083,218,0.9083333333333333,1168.980633834009,0.0025002498096922785,0.0006253711734294573,-1.4187845727180116e-07
522.25,6,1168.777520408083,219,0.9125,1168.981565546972,0.0024884085495266066,0.0006491928898235559,-1.3675621759238705e-07
522.25,6,1168.777520408083,220,0.9166666666666666,1168.982497259935,0.0024769747177394784,0.0006731313797772023,-1.316885230246224e-07
522.25,6,1168.777520408083,221,0.9208333333333333,1168.9834289728979,0.00246401088180451,0.0006966300903623211,-1.2634235909473795e-07
522.25,6,1168.777520408083,222,0.9249999999999999,1168.9843606858608,0.0024489976636119493,0.0007195409237909636,-1.206300097470084e-07
522.25,6,1168.777520408083,223,0.9291666666666667,1168.9852923988237,0.0024341521360258674,0.000742500671036994,-1.1493069128209903e-07
522.25,6,1168.777520408083,224,0.9333333333333333,1168.986224111787,0.002419498773283303,0.0007655126747100509,-1.0925271547482002e-07
522.25,6,1168.777520408083,225,0.9375,1168.9871558247498,0.00240475546374783,0.0007885014491784275,-1.035435384350751e-07
522.25,6,1168.777520408083,226,0.9416666666666667,1168.9880875377128,0.002390157984794386,0.0008115420602650412,-9.783739762645527e-08
522.25,6,1168.777520408083,227,0.9458333333333333,1168.9890192506757,0.0023749952779969206,0.0008343768694240087,-9.2051315888357e-08
522.25,6,1168.777520408083,228,0.95,1168.9899509636386,0.0023586737407842928,0.0008567923777830831,-8.611421811001123e-08
522.25,6,1168.777520408083,229,0.9541666666666666,1168.9908826766016,0.002341298261101537,0.0008788254283742944,-8.004063552175579e-08
522.25,6,1168.777520408083,230,0.9583333333333334,1168.9918143895645,0.0023236825213163496,0.000900773678337177,-7.392339610282821e-08
522.25,6,1168.777520408083,231,0.9625,1168.9927461025275,0.00230619761028153,0.000922766876303072,-6.781101160860975e-08
522.25,6,1168.777520408083,232,0.9666666666666667,1168.9936778154904,0.002288605202059433,0.0009447140960620094,-6.167769154402958e-08
522.25,6,1168.777520408083,233,0.9708333333333333,1168.9946095284536,0.002271384350991905,0.0009668279979917517,-5.5551522537495186e-08
522.25,6,1168.777520408083,234,0.975,1168.9955412414165,0.0022537224299518303,0.0009887448473433669,-4.938786434824703e-08
522.25,6,1168.777520408083,235,0.9791666666666666,1168.9964729543794,0.00223385986481732,0.0010096832715215424,-4.309095354270024e-08
522.25,6,1168.777520408083,236,0.9833333333333333,1168.9974046673424,0.0022133915465927766,0.0010303533913869377,-3.674829729601145e-08
522.25,6,1168.777520408083,237,0.9874999999999999,1168.9983363803053,0.0021933232066395515,0.0010512001398688615,-3.0417053822837604e-08
522.25,6,1168.777520408083,238,0.9916666666666667,1168.9992680932683,0.002173160564695996,0.0010720025448924001,-2.4070926491496142e-08
522.25,6,1168.777520408083,239,0.9958333333333333,1169.0001998062312,0.002153094491637991,0.0010928605242451004,-1.770820076034819e-08
522.25,6,1168.777520408083,240,1.0,1169.0011315191941,0.0021328750336690747,0.001113633623141878,-1.1337950628747113e-08
522.25,7,1169.277520408083,0,0.0,1169.277520408083,-0.0005949468202505702,-0.0019327102185546642,2.526028145053454e-07
522.25,7,1169.277520408083,1,0.004166666666666667,1169.278452121046,-0.0005598827271839184,-0.001936906876014246,2.5324724454406147e-07
522.25,7,1169.277520408083,2,0.008333333333333333,1169.279383834009,-0.000524775421557695,-0.0019409689656507392,2.5382033548565373e-07
522.25,7,1169.277520408083,3,0.0125,1169.280315546972,-0.0004896979859530531,-0.001945116708632708,2.5443849006869656e-07
522.25,7,1169.277520408083,4,0.016666666666666666,1169.2812472599348,-0.0004546040061647612,-0.001949185010970017,2.550154562249922e-07
522.25,7,1169.277520408083,5,0.020833333333333332,1169.282178972898,-0.00041956564197571705,-0.0019535852752409467,2.5576705228062923e-07
522.25,7,1169.277520408083,6,0.025,1169.283110685861,-0.0003844419970297275,-0.0019574821088900593,2.5625534468096525e-07
522.25,7,1169.277520408083,7,0.029166666666666667,1169.2840423988239,-0.0003490039613917379,-0.001959548735240248,2.5578767867915174e-07
522.25,7,1169.277520408083,8,0.03333333333333333,1169.2849741117868,-0.000313501637052066,-0.001961248178516631,2.551269836520143e-07
522.25,7,1169.277520408083,9,0.0375,1169.2859058247498,-0.000278054352198119,-0.001963257184635168,2.54629388685179e-07
522.25,7,1169.277520408083,10,0.041666666666666664,1169.2868375377127,-0.00024259397464095845,-0.0019651775251209695,2.540857765730886e-07
522.25,7,1169.277520408083,11,0.04583333333333333,1169.2877692506756,-0.00020713549855127836,-0.001967201168998458,2.535936865917099e-07
522.25,7,1169.277520408083,12,0.05,1169.2887009636386,-0.00017167070136390208,-0.0019690342349774023,2.5300446412022393e-07
522.25,7,1169.277520408083,13,0.05416666666666667,1169.2896326766015,-0.00013616517358321195,-0.001970027129315404,2.5198586182246475e-07
522.25,7,1169.277520408083,14,0.058333333333333334,1169.2905643895647,-0.00010061638184373651,-0.0019700968245896368,2.5049824433497645e-07
522.25,7,1169.277520408083,15,0.0625,1169.2914961025276,-6.504487668562038e-05,-0.001969715844810298,2.4877962351962654e-07
522.25,7,1169.277520408083,16,0.06666666666666667,1169.2924278154906,-2.9477578000233903e-05,-0.001969450537116882,2.471204234074421e-07
522.25,7,1169.277520408083,17,0.07083333333333333,1169.2933595284535,6.081178707046193e-06,-0.0019691175905371936,2.4542812330194556e-07
522.25,7,1169.277520408083,18,0.075,1169.2942912414164,4.1654727186935625e-05,-0.00196893037581599,2.4380565904594644e-07
522.25,7,1169.277520408083,19,0.07916666666666666,1169.2952229543794,7.723708764741732e-05,-0.0019688716302037686,2.422451774711197e-07
522.25,7,1169.277520408083,20,0.08333333333333333,1169.2961546673423,0.00011269995314581037,-0.0019672454750205384,2.399226102070606e-07
522.25,7,1169.277520408083,21,0.0875,1169.2970863803052,0.00014807482573239017,-0.001964448789283584,2.370305310200857e-07
522.25,7,1169.277520408083,22,0.09166666666666666,1169.2980180932682,0.00018347359612062354,-0.0019619636767583674,2.3428941298101098e-07
522.25,7,1169.277520408083,23,0.09583333333333333,1169.2989498062313,0.0002188699177383494,-0.001959502985442033,2.3156159625853201e-07
522.25,7,1169.277520408083,24,0.1,1169.2998815191943,0.0002542743611292133,-0.0019570340244863408,2.2882748149999763e-07
522.25,7,1169.277520408083,25,0.10416666666666667,1169.3008132321572,0.0002896861793527087,-0.0019546161264502675,2.2611632606800126e-07
522.25,7,1169.277520408083,26,0.10833333333333334,1169.3017449451202,0.000324973744639512,-0.0019515798419575785,2.231256217707357e-07
522.25,7,1169.277520408083,27,0.1125,1169.302676658083,0.0003600738185208574,-0.0019476077429274872,2.1971204539257413e-07
522.25,7,1169.277520408083,28,0.11666666666666667,1169.303608371046,0.0003950286663281391,-0.0019429132841233547,2.1597198227859981e-07
522.25,7,1169.277520408083,29,0.12083333333333333,1169.304540084009,0.00042998004080100916,-0.001938185702563064,2.1221627521836138e-07
522.25,7,1169.277520408083,30,0.125,1169.305471796972,0.0004649332259423196,-0.00193350260195707,2.0848231066815993e-07
522.25,7,1169.277520408083,31,0.12916666666666665,1169.3064035099349,0.000499877185196622,-0.0019287789179987566,2.0473192920527308e-07
522.25,7,1169.277520408083,32,0.13333333333333333,1169.307335222898,0.0005349343147548586,-0.001924398277741029,2.0112107564822293e-07
522.25,7,1169.277520408083,33,0.1375,1169.308266935861,0.00056972360673745,-0.0019192053832982022,1.9717982764215188e-07
522.25,7,1169.277520408083,34,0.14166666666666666,1169.309198648824,0.0006039503192460148,-0.0019122986080141846,1.9253984420282608e-07
522.25,7,1169.277520408083,35,0.14583333333333334,1169.3101303617868,0.000638147658956912,-0.00190529879398421,1.8786213619723703e-07
522.25,7,1169.277520408083,36,0.15,1169.3110620747498,0.0006724186778984189,-0.0018985321719595502,1.8328214875117396e-07
522.25,7,1169.277520408083,37,0.15416666666666667,1169.3119937877127,0.0007066610740120953,-0.001891677759638791,1.7866662601741978e-07
522.25,7,1169.277520408083,38,0.15833333333333333,1169.3129255006756,0.0007409577382046732,-0.0018849393978732166,1.7409397825098396e-07
522.25,7,1169.277520408083,39,0.1625,1169.3138572136386,0.0007751134722657213,-0.001877900552466212,1.694165919686894e-07
522.25,7,1169.277520408083,40,0.16666666666666666,1169.3147889266015,0.0008088793625543673,-0.0018700154479179211,1.644407956147589e-07
522.25,7,1169.277520408083,41,0.17083333333333334,1169.3157206395645,0.0008422533286591335,-0.0018612831325265503,1.5916872187263394e-07
522.25,7,1169.277520408083,42,0.175,1169.3166523525276,0.0008754882602015809,-0.0018522449495468687,1.537896251878569e-07
522.25,7,1169.277520408083,43,0.17916666666666667,1169.3175840654906,0.0009087764416543059,-0.001843323336684448,1.4845395909071707e-07
522.25,7,1169.277520408083,44,0.18333333333333332,1169.3185157784535,0.0009420146175938579,-0.0018343193383634586,1.4309675869763576e-07
522.25,7,1169.277520408083,45,0.1875,1169.3194474914164,0.0009753861115394253,-0.0018255313717628647,1.3780116646607487e-07
522.25,7,1169.277520408083,46,0.19166666666666665,1169.3203792043794,0.001008708724711692,-0.0018166644308847313,1.3248484537039086e-07
522.25,7,1169.277520408083,47,0.19583333333333333,1169.3213109173423,0.00104105884778443,-0.0018061846244958573,1.26708728663119e-07
522.25,7,1169.277520408083,48,0.2,1169.3222426303053,0.0010729409645776706,-0.0017949264817469113,1.2071208270544835e-07
522.25,7,1169.277520408083,49,0.20416666666666666,1169.3231743432682,0.0011050177091762275,-0.0017839921277245803,1.1481082968234547e-07
522.25,7,1169.277520408083,50,0.20833333333333334,1169.3241060562311,0.0011370691704444727,-0.0017730230219373197,1.0890494621602115e-07
522.25,7,1169.277520408083,51,0.2125,1169.3250377691943,0.0011691550964138136,-0.0017620888796164179,1.0300480493089766e-07
522.25,7,1169.277520408083,52,0.21666666666666667,1169.3259694821572,0.0012012185208735073,-0.0017511296002642193,9.710487070640572e-08
522.25,7,1169.277520408083,53,0.22083333333333333,1169.3269011951202,0.0012327989951429782,-0.0017395301827490028,9.107275553583408e-08
522.25,7,1169.277520408083,54,0.225,1169.327832908083,0.0012637504843704833,-0.0017270979288597841,8.486934551241546e-08
522.25,7,1169.277520408083,55,0.22916666666666666,1169.328764621046,0.0012942841109228238,-0.0017141119473424028,7.855300346116457e-08
522.25,7,1169.277520408083,56,0.23333333333333334,1169.329696334009,0.001324852653364529,-0.00170116791159777,7.224827107949049e-08
522.25,7,1169.277520408083,57,0.2375,1169.330628046972,0.0013554090446194224,-0.001688222198179337,6.59532555416972e-08
522.25,7,1169.277520408083,58,0.24166666666666667,1169.3315597599349,0.0013859857031978185,-0.0016752928862791934,5.966173317996736e-08
522.25,7,1169.277520408083,59,0.24583333333333332,1169.3324914728978,0.0014168047726479205,-0.0016626267291906603,5.3406402094861137e-08
522.25,7,1169.277520408083,60,0.25,1169.333423185861,0.0014467280875400902,-0.0016489904133198737,4.703823194884457e-08
522.25,7,1169.277520408083,61,0.25416666666666665,1169.334354898824,0.0014754349248773915,-0.0016340345597237462,4.051291094922682e-08
522.25,7,1169.277520408083,62,0.2583333333333333,1169.3352866117868,0.0015042365967542712,-0.001619180228676016,3.4006134725923776e-08
522.25,7,1169.277520408083,63,0.2625,1169.3362183247498,0.0015331504789644912,-0.0016044523627642545,2.7522599843118512e-08
522.25,7,1169.277520408083,64,0.26666666666666666,1169.3371500377127,0.0015620138415224074,-0.001589665467505862,2.1035542107772972e-08
522.25,7,1169.277520408083,65,0.2708333333333333,1169.3380817506757,0.0015909777957315862,-0.0015749706406430247,1.455653454113116e-08
522.25,7,1169.277520408083,66,0.275,1169.3390134636386,0.001619551796091372,-0.0015599260051904046,8.076920977401114e-09
522.25,7,1169.277520408083,67,0.2791666666666667,1169.3399451766015,0.0016473223347716745,-0.0015441568753102515,1.5872367380573599e-09
522.25,7,1169.277520408083,68,0.2833333333333333,1169.3408768895645,0.001674358094520465,-0.0015277267638419013,-4.909547851015548e-09
522.25,7,1169.277520408083,69,0.2875,1169.3418086025276,0.001701226071765677,-0.0015111423101584942,-1.1402992757378714e-08
522.25,7,1169.277520408083,70,0.2916666666666667,1169.3427403154906,0.0017281826234612288,-0.0014946409789023465,-1.788563355957504e-08
522.25,7,1169.277520408083,71,0.29583333333333334,1169.3436720284535,0.0017550542328562335,-0.0014780735096927768,-2.4357089997744192e-08
522.25,7,1169.277520408083,72,0.3,1169.3446037414164,0.0017822261223380343,-0.0014617305478039507,-3.084348505005786e-08
522.25,7,1169.277520408083,73,0.30416666666666664,1169.3455354543794,0.001809050763776643,-0.0014451269820644952,-3.729816361212974e-08
522.25,7,1169.277520408083,74,0.30833333333333335,1169.3464671673423,0.0018340979115428432,-0.0014271828366831493,-4.3618145869689296e-08
522.25,7,1169.277520408083,75,0.3125,1169.3473988803053,0.001858645555236046,-0.0014088606410433923,-4.9893251222704906e-08
522.25,7,1169.277520408083,76,0.31666666666666665,1169.3483305932682,0.0018835163000810694,-0.0013907836406756224,-5.618322927495884e-08
522.25,7,1169.277520408083,77,0.3208333333333333,1169.3492623062311,0.0019083084107325305,-0.0013726503674046531,-6.245707127589616e-08
522.25,7,1169.277520408083,78,0.325,1169.3501940191943,0.001933194577479962,-0.0013545725039275514,-6.87380269150009e-08
522.25,7,1169.277520408083,79,0.32916666666666666,1169.3511257321572,0.001957938132909124,-0.0013364071986257055,-7.498777656958677e-08
522.25,7,1169.277520408083,80,0.3333333333333333,1169.3520574451202,0.001981832213633709,-0.0013177038530428201,-8.11076445451237e-08
522.25,7,1169.277520408083,81,0.3375,1169.3529891580831,0.0020047449720964664,-0.0012983801719514678,-8.707682474719528e-08
522.25,7,1169.277520408083,82,0.3416666666666667,1169.353920871046,0.0020271207661964226,-0.0012787159271965749,-9.295914391984827e-08
522.25,7,1169.277520408083,83,0.3458333333333333,1169.354852584009,0.002049604861384879,-0.0012591183348891117,-9.884796243667674e-08
522.25,7,1169.277520408083,84,0.35,1169.355784296972,0.0020720283713912347,-0.0012394932385003605,-1.0471230144337975e-07
522.25,7,1169.277520408083,85,0.3541666666666667,1169.3567160099349,0.0020945700990550905,-0.00121992703820412,-1.1059139905971135e-07
522.25,7,1169.277520408083,86,0.35833333333333334,1169.3576477228978,0.002117345690507997,-0.001200485178711446,-1.1650728831509173e-07
522.25,7,1169.277520408083,87,0.3625,1169.358579435861,0.002138482443619566,-0.0011801774153939104,-1.2208321742714674e-07
522.25,7,1169.277520408083,88,0.36666666666666664,1169.359511148824,0.0021581319400152633,-0.001159082583218156,-1.2734765221288806e-07
522.25,7,1169.277520408083,89,0.37083333333333335,1169.3604428617869,0.002178084979205832,-0.0011381478250540383,-1.3266251045912788e-07
522.25,7,1169.277520408083,90,0.375,1169.3613745747498,0.0021981050541178566,-0.0011172521951994968,-1.3797662598722374e-07
522.25,7,1169.277520408083,91,0.37916666666666665,1169.3623062877127,0.0022180946518532167,-0.0010963343180215017,-1.4327555677302445e-07
522.25,7,1169.277520408083,92,0.3833333333333333,1169.3632380006757,0.0022381790528756646,-0.0010754600550356437,-1.4858621813495466e-07
522.25,7,1169.277520408083,93,0.3875,1169.3641697136386,0.0022575806750400993,-0.0010542874196663792,-1.5371556497999677e-07
522.25,7,1169.277520408083,94,0.39166666666666666,1169.3651014266015,0.0022758553906120785,-0.0010326213669166464,-1.5855452345145223e-07
522.25,7,1169.277520408083,95,0.3958333333333333,1169.3660331395645,0.002293205217916486,-0.0010105510867074053,-1.6315255844871352e-07
522.25,7,1169.277520408083,96,0.4,1169.3669648525276,0.002310459480933904,-0.0009884363672209983,-1.6771437770840368e-07
522.25,7,1169.277520408083,97,0.4041666666666667,1169.3678965654906,0.0023277906822480763,-0.0009663600025096778,-1.7227968781208742e-07
522.25,7,1169.277520408083,98,0.4083333333333333,1169.3688282784535,0.0023450441268359793,-0.0009442531997882795,-1.768119841862351e-07
522.25,7,1169.277520408083,99,0.4125,1169.3697599914165,0.002362738191997968,-0.0009223024233253979,-1.814553716611725e-07
522.25,7,1169.277520408083,100,0.4166666666666667,1169.3706917043794,0.00237958292162796,-0.0009000503568813804,-1.8584629336705404e-07
522.25,7,1169.277520408083,101,0.42083333333333334,1169.3716234173423,0.002394145673618501,-0.0008769861487385782,-1.8957950999538322e-07
522.25,7,1169.277520408083,102,0.425,1169.3725551303053,0.002408430552468147,-0.0008538220933765167,-1.9322001424721962e-07
522.25,7,1169.277520408083,103,0.42916666666666664,1169.3734868432682,0.0024230633765126965,-0.0008307837386669633,-1.9694412638498878e-07
522.25,7,1169.277520408083,104,0.43333333333333335,1169.3744185562311,0.0024375790952442613,-0.0008077045642664045,-2.0062132238185758e-07
522.25,7,1169.277520408083,105,0.4375,1169.3753502691943,0.0024522471109838574,-0.0007846668254603171,-2.043307752812501e-07
522.25,7,1169.277520408083,106,0.44166666666666665,1169.3762819821573,0.002466580595781778,-0.0007615369251216241,-2.0792221481273942e-07
522.25,7,1169.277520408083,107,0.4458333333333333,1169.3772136951202,0.0024797773811001435,-0.0007380870157020567,-2.1115010031655239e-07
522.25,7,1169.277520408083,108,0.45,1169.3781454080831,0.0024917842346898924,-0.0007143033858814457,-2.139980888844917e-07
522.25,7,1169.277520408083,109,0.45416666666666666,1169.379077121046,0.0025032890989433636,-0.0006903774274686673,-2.1667674242775547e-07
522.25,7,1169.277520408083,110,0.4583333333333333,1169.380008834009,0.002514954829343739,-0.0006664962982990359,-2.1938886664783065e-07
522.25,7,1169.277520408083,111,0.46249999999999997,1169.380940546972,0.0025265098721609703,-0.0006425931622563559,-2.2205103213657863e-07
522.25,7,1169.277520408083,112,0.4666666666666667,1169.3818722599349,0.002538326942396449,-0.0006187428670119851,-2.24782561820619e-07
522.25,7,1169.277520408083,113,0.4708333333333333,1169.3828039728978,0.002550177825914685,-0.0005949004582049646,-2.2750875514403273e-07
522.25,7,1169.277520408083,114,0.475,1169.3837356858608,0.0025597668325529803,-0.0005705807839835129,-2.294890784130279e-07
522.25,7,1169.277520408083,115,0.4791666666666667,1169.384667398824,0.0025679994100536695,-0.0005459740246651722,-2.3101565454428545e-07
522.25,7,1169.277520408083,116,0.48333333333333334,1169.3855991117869,0.0025766915007642906,-0.0005214643312888889,-2.3267411921707262e-07
522.25,7,1169.277520408083,117,0.4875,1169.3865308247498,0.0025853674183060876,-0.0004969543916079871,-2.3431130836951973e-07
522.25,7,1169.277520408083,118,0.49166666666666664,1169.3874625377127,0.002594070434099276,-0.0004724422674568647,-2.3594188756782545e-07
522.25,7,1169.277520408083,119,0.49583333333333335,1169.3883942506757,0.0026027901381343163,-0.0004479347079505411,-2.375605727531929e-07
522.25,7,1169.277520408083,120,0.5,1169.3893259636386,0.0026105728015486662,-0.00042329143162021744,-2.3885530013643986e-07
522.25,7,1169.277520408083,121,0.5041666666666667,1169.3902576766015,0.002617049875143637,-0.0003984589186801791,-2.397014812643848e-07
522.25,7,1169.277520408083,122,0.5083333333333333,1169.3911893895645,0.002622589901439528,-0.0003734907150176098,-2.402216760732964e-07
522.25,7,1169.277520408083,123,0.5125,1169.3921211025274,0.0026281478428013785,-0.0003485229088041496,-2.407312638336211e-07
522.25,7,1169.277520408083,124,0.5166666666666666,1169.3930528154906,0.0026337294981293954,-0.0003235646160879432,-2.412315301717711e-07
522.25,7,1169.277520408083,125,0.5208333333333334,1169.3939845284535,0.002639296121001971,-0.0002986020915300237,-2.4171010041234274e-07
522.25,7,1169.277520408083,126,0.525,1169.3949162414165,0.002645339140026499,-0.0002736780913810664,-2.4232887115431686e-07
522.25,7,1169.277520408083,127,0.5291666666666667,1169.3958479543794,0.0026499756053731957,-0.00024864089579065173,-2.424683774185377e-07
522.25,7,1169.277520408083,128,0.5333333333333333,1169.3967796673423,0.0026522674458994647,-0.0002234135247528613,-2.418191976346782e-07
522.25,7,1169.277520408083,129,0.5375,1169.3977113803053,0.002654594797830937,-0.00019818831983802235,-2.4116524398737936e-07
522.25,7,1169.277520408083,130,0.5416666666666666,1169.3986430932682,0.0026571924285322466,-0.000172987306160509,-2.405823541275267e-07
522.25,7,1169.277520408083,131,0.5458333333333333,1169.3995748062312,0.0026596760178832727,-0.00014777585406935037,-2.3994506609435446e-07
522.25,7,1169.277520408083,132,0.55,1169.400506519194,0.0026623324173100575,-0.00012256784820072525,-2.3934570763782224e-07
522.25,7,1169.277520408083,133,0.5541666666666667,1169.4014382321573,0.002664448294074234,-9.735118504819744e-05,-2.3855739681889797e-07
522.25,7,1169.277520408083,134,0.5583333333333333,1169.4023699451202,0.0026652849300857397,-7.211048523902241e-05,-2.3734224429044754e-07
522.25,7,1169.277520408083,135,0.5625,1169.4033016580831,0.0026648989624469214,-4.684799419512606e-05,-2.3572011466655756e-07
522.25,7,1169.277520408083,136,0.5666666666666667,1169.404233371046,0.0026641543170177326,-2.157719317938885e-05,-2.3396558905838218e-07
522.25,7,1169.277520408083,137,0.5708333333333333,1169.405165084009,0.00266357270301218,3.689440263041576e-06,-2.322455361616039e-07
522.25,7,1169.277520408083,138,0.575,1169.406096796972,0.0026628607548879876,2.8951085340028763e-05,-2.3046823875976945e-07
522.25,7,1169.277520408083,139,0.5791666666666666,1169.407028509935,0.0026625384157503394,5.423146857444265e-05,-2.2879238719355357e-07
522.25,7,1169.277520408083,140,0.5833333333333334,1169.4079602228978,0.0026619052333189475,7.949738589555103e-05,-2.2700451122695685e-07
522.25,7,1169.277520408083,141,0.5875,1169.4088919358608,0.0026587235857920164,0.00010465105243200703,-2.2442871289487434e-07
522.25,7,1169.277520408083,142,0.5916666666666667,1169.409823648824,0.0026545939668067148,0.0001297637168737476,-2.2155031810913708e-07
522.25,7,1169.277520408083,143,0.5958333333333333,1169.4107553617869,0.0026509560303085663,0.0001548974543870307,-2.1880240480044803e-07
522.25,7,1169.277520408083,144,0.6,1169.4116870747498,0.0026472296940512974,0.00018002469937060395,-2.160128385615407e-07
522.25,7,1169.277520408083,145,0.6041666666666666,1169.4126187877127,0.0026435953789524604,0.00020516586862402372,-2.1322997949915282e-07
522.25,7,1169.277520408083,146,0.6083333333333333,1169.4135505006757,0.002639848582981873,0.00023029285854928123,-2.1039844965969633e-07
522.25,7,1169.277520408083,147,0.6125,1169.4144822136386,0.002635027292323393,0.0002553051500878182,-2.0725318752785034e-07
522.25,7,1169.277520408083,148,0.6166666666666667,1169.4154139266016,0.0026288964131056633,0.00028017707606218167,-2.0372733567766827e-07
522.25,7,1169.277520408083,149,0.6208333333333333,1169.4163456395645,0.002621972457022612,0.0003049645277098592,-1.9996462603285873e-07
522.25,7,1169.277520408083,150,0.625,1169.4172773525274,0.0026151597974161155,0.00032976563891790836,-1.9621573106680305e-07
522.25,7,1169.277520408083,151,0.6291666666666667,1169.4182090654906,0.002608306800787858,0.00035455481015748177,-1.9244246213440177e-07
522.25,7,1169.277520408083,152,0.6333333333333333,1169.4191407784535,0.0026015371519122897,0.00037936135101729183,-1.886717628357281e-07
522.25,7,1169.277520408083,153,0.6375,1169.4200724914165,0.0025951352631858327,0.00040423067405086894,-1.84974342408789e-07
522.25,7,1169.277520408083,154,0.6416666666666666,1169.4210042043794,0.0025869298305957306,0.0004287897397940616,-1.8081997811096486e-07
522.25,7,1169.277520408083,155,0.6458333333333334,1169.4219359173424,0.002576737770705321,0.00045300809037708485,-1.7616437631183264e-07
522.25,7,1169.277520408083,156,0.65,1169.4228676303053,0.0025668296706588497,0.0004772758097648837,-1.7156099476528393e-07
522.25,7,1169.277520408083,157,0.6541666666666667,1169.4237993432682,0.0025570629363776726,0.0005015649147142967,-1.669772567980883e-07
522.25,7,1169.277520408083,158,0.6583333333333333,1169.4247310562312,0.0025472252395933354,0.0005258454735755363,-1.6235931797181272e-07
522.25,7,1169.277520408083,159,0.6625,1169.425662769194,0.002537524049226485,0.0005501572344584427,-1.5775382882274333e-07
522.25,7,1169.277520408083,160,0.6666666666666666,1169.4265944821573,0.002527140444525866,0.0005743050991557666,-1.5299341616379134e-07
522.25,7,1169.277520408083,161,0.6708333333333333,1169.4275261951202,0.0025155109063891273,0.0005981552970445621,-1.4796346648695724e-07
522.25,7,1169.277520408083,162,0.675,1169.4284579080831,0.0025028023351821435,0.0006217469118663339,-1.426982792813436e-07
522.25,7,1169.277520408083,163,0.6791666666666667,1169.429389621046,0.002489914241494468,0.0006452977584511051,-1.3738084661947564e-07
522.25,7,1169.277520408083,164,0.6833333333333333,1169.430321334009,0.002477143304999392,0.0006688734509293964,-1.320735038577656e-07
522.25,7,1169.277520408083,165,0.6875,1169.431253046972,0.00246426890612672,0.0006924192356324951,-1.267340950095913e-07
522.25,7,1169.277520408083,166,0.6916666666666667,1169.432184759935,0.0024518273497444666,0.0007161006043643566,-1.21446287863466e-07
522.25,7,1169.277520408083,167,0.6958333333333333,1169.4331164728978,0.0024387171677667575,0.0007395732120215068,-1.1604078335198092e-07
522.25,7,1169.277520408083,168,0.7,1169.4340481858608,0.0024232301311520018,0.000762307192647935,-1.1025095693526286e-07
522.25,7,1169.277520408083,169,0.7041666666666666,1169.434979898824,0.0024072794981231157,0.0007848980175709742,-1.0437476298405084e-07
522.25,7,1169.277520408083,170,0.7083333333333334,1169.4359116117869,0.0023917293706786358,0.0008076118071426841,-9.854863346314262e-08
522.25,7,1169.277520408083,171,0.7125,1169.4368433247498,0.0023760644713784716,0.0008302884204064924,-9.269081904627936e-08
522.25,7,1169.277520408083,172,0.7166666666666667,1169.4377750377128,0.0023605270621697475,0.000853016801632201,-8.683109210836803e-08
522.25,7,1169.277520408083,173,0.7208333333333333,1169.4387067506757,0.002344749928714597,0.0008756499608632693,-8.093498513952091e-08
522.25,7,1169.277520408083,174,0.725,1169.4396384636386,0.0023279310573605535,0.0008978794575346386,-7.492183080906678e-08
522.25,7,1169.277520408083,175,0.7291666666666666,1169.4405701766016,0.002309972269726339,0.0009196660592794661,-6.878336239248097e-08
522.25,7,1169.277520408083,176,0.7333333333333333,1169.4415018895645,0.0022914613033875007,0.0009412393639499312,-6.257802198022795e-08
522.25,7,1169.277520408083,177,0.7375,1169.4424336025274,0.002273093778756971,0.0009628693104096206,-5.637382720436092e-08
522.25,7,1169.277520408083,178,0.7416666666666667,1169.4433653154906,0.002254647114567515,0.000984459061093963,-5.01557491110725e-08
522.25,7,1169.277520408083,179,0.7458333333333333,1169.4442970284535,0.002236373654137482,0.0010061339467267896,-4.392817349021939e-08
522.25,7,1169.277520408083,180,0.75,1169.4452287414165,0.0022182436464185233,0.0010278758452701923,-3.769429170865825e-08
522.25,7,1169.277520408083,181,0.7541666666666667,1169.4461604543794,0.0021982643982348853,0.0010487423296308472,-3.138635554435206e-08
522.25,7,1169.277520408083,182,0.7583333333333333,1169.4470921673424,0.0021769243983862617,0.00106896555745311,-2.5023473983700926e-08
522.25,7,1169.277520408083,183,0.7625,1169.4480238803053,0.0021559530717964103,0.0010893635036443455,-1.8660173327488112e-08
522.25,7,1169.277520408083,184,0.7666666666666666,1169.4489555932682,0.0021350094701764024,0.001109770852337336,-1.2290236384261261e-08
522.25,7,1169.277520408083,185,0.7708333333333334,1169.4498873062312,0.0021140537629476715,0.0011301800868286829,-5.902177471067022e-09
522.25,7,1169.277520408083,186,0.775,1169.4508190191941,0.0020931534002729627,0.0011506182116844629,4.973927709455716e-10
522.25,7,1169.277520408083,187,0.7791666666666667,1169.4517507321573,0.0020715621569919623,0.001170663069515376,6.877620389389592e-09
522.25,7,1169.277520408083,188,0.7833333333333333,1169.4526824451202,0.002048931509689369,0.0011901168936040564,1.3225221764977536e-08
522.25,7,1169.277520408083,189,0.7875,1169.4536141580832,0.0020255025236470842,0.0012091162903812404,1.954840955063218e-08
522.25,7,1169.277520408083,190,0.7916666666666666,1169.454545871046,0.0020020389700203846,0.0012280988473496184,2.588156019033546e-08
522.25,7,1169.277520408083,191,0.7958333333333333,1169.455477584009,0.0019786264226300506,0.001247103922228716,3.222141040407461e-08
522.25,7,1169.277520408083,192,0.8,1169.456409296972,0.0019551714044153934,0.0012660840694043779,3.85683020315913e-08
522.25,7,1169.277520408083,193,0.8041666666666667,1169.457341009935,0.001932074565287913,0.0012853079385703307,4.497226295933734e-08
522.25,7,1169.277520408083,194,0.8083333333333333,1169.4582727228978,0.0019081165115920858,0.0013039460296069556,5.127404339181485e-08
522.25,7,1169.277520408083,195,0.8125,1169.4592044358608,0.0018823714190382475,0.0013213709538255475,5.7352544586363916e-08
522.25,7,1169.277520408083,196,0.8166666666666667,1169.4601361488237,0.0018565377308233575,0.001338736960950985,6.343000189664869e-08
522.25,7,1169.277520408083,197,0.8208333333333333,1169.461067861787,0.0018309462395251941,0.0013562646128014392,6.954524495205985e-08
522.25,7,1169.277520408083,198,0.825,1169.4619995747498,0.0018052631445560946,0.0013737303151059091,7.565593726203636e-08
522.25,7,1169.277520408083,199,0.8291666666666666,1169.4629312877128,0.0017796935730611224,0.0013912885123022025,8.180175848453178e-08
522.25,7,1169.277520408083,200,0.8333333333333334,1169.4638630006757,0.001753826791087818,0.0014086039851109588,8.788643090094503e-08
522.25,7,1169.277520408083,201,0.8375,1169.4647947136386,0.001727130620665721,0.0014252490789245789,9.378898677623408e-08
522.25,7,1169.277520408083,202,0.8416666666666667,1169.4657264266016,0.0016996076591031491,0.0014412242908468963,9.950966628573762e-08
522.25,7,1169.277520408083,203,0.8458333333333333,1169.4666581395645,0.0016717888415331101,0.0014569623163440898,1.0517045126995124e-07
522.25,7,1169.277520408083,204,0.85,1169.4675898525275,0.0016440841756611361,0.0014727919850578504,1.1086267859128239e-07
522.25,7,1169.277520408083,205,0.8541666666666666,1169.4685215654904,0.0016163045752525904,0.0014885488546022244,1.1653606065609331e-07
522.25,7,1169.277520408083,206,0.8583333333333333,1169.4694532784536,0.0015887218173090347,0.001504499823979185,1.2228724925525716e-07
522.25,7,1169.277520408083,207,0.8624999999999999,1169.4703849914165,0.0015610605219916393,0.0015203733047465372,1.2801641581337315e-07
522.25,7,1169.277520408083,208,0.8666666666666667,1169.4713167043794,0.0015319332822059577,0.0015348266653575158,1.3324418387646488e-07
522.25,7,1169.277520408083,209,0.8708333333333333,1169.4722484173424,0.0015021102516460097,0.001548607477180701,1.382380457610472e-07
522.25,7,1169.277520408083,210,0.875,1169.4731801303053,0.0014725812186852799,0.0015626723881072692,1.4333796493648154e-07
522.25,7,1169.277520408083,211,0.8791666666666667,1169.4741118432682,0.0014430212811944662,0.0015767025962793312,1.484289853189861e-07
522.25,7,1169.277520408083,212,0.8833333333333333,1169.4750435562312,0.0014134875907946029,0.0015907731872082463,1.5354482040825514e-07
522.25,7,1169.277520408083,213,0.8875,1169.4759752691941,0.0013839323728200496,0.0016048142442144854,1.5865210841179166e-07
522.25,7,1169.277520408083,214,0.8916666666666666,1169.476906982157,0.0013538437379986181,0.0016182311094887442,1.6350527918975535e-07
522.25,7,1169.277520408083,215,0.8958333333333334,1169.4778386951202,0.001323064863256061,0.0016308393727276738,1.680262312014923e-07
522.25,7,1169.277520408083,216,0.9,1169.4787704080832,0.0012918296458627675,0.0016429136286176705,1.723302681768185e-07
522.25,7,1169.277520408083,217,0.9041666666666667,1169.479702121046,0.0012606294363911544,0.0016550326590632815,1.7665625554648365e-07
522.25,7,1169.277520408083,218,0.9083333333333333,1169.480633834009,0.0012294321151235243,0.001667141842766686,1.809792269755637e-07
522.25,7,1169.277520408083,219,0.9125,1169.481565546972,0.0011982460757887594,0.0016792742267934437,1.8531820975289607e-07
522.25,7,1169.277520408083,220,0.9166666666666666,1169.482497259935,0.0011672544054193684,0.0016916865450966965,1.89789978080503e-07
522.25,7,1169.277520408083,221,0.9208333333333333,1169.4834289728979,0.0011355340305232071,0.0017030465390070147,1.9378085969373181e-07
522.25,7,1169.277520408083,222,0.9249999999999999,1169.4843606858608,0.0011028364011453813,0.0017129979802844183,1.9712651473987002e-07
522.25,7,1169.277520408083,223,0.9291666666666667,1169.4852923988237,0.0010702180343407294,0.0017230652423443973,2.0052822205687338e-07
522.25,7,1169.277520408083,224,0.9333333333333333,1169.486224111787,0.0010376939431227534,0.0017332624559296115,2.0399122973588947e-07
522.25,7,1169.277520408083,225,0.9375,1169.4871558247498,0.0010051245327887233,0.0017433998194703543,2.0743058476092143e-07
522.25,7,1169.277520408083,226,0.9416666666666667,1169.4880875377128,0.0009726153144110896,0.0017536448639214124,2.109253750579886e-07
522.25,7,1169.277520408083,227,0.9458333333333333,1169.4890192506757,0.0009398775101977022,0.0017634688363311537,2.142152330769405e-07
522.25,7,1169.277520408083,228,0.95,1169.4899509636386,0.0009066686471601853,0.00177243154443856,2.170840449210651e-07
522.25,7,1169.277520408083,229,0.9541666666666666,1169.4908826766016,0.0008730324064362364,0.0017806102148167139,2.1956903026667795e-07
522.25,7,1169.277520408083,230,0.9583333333333334,1169.4918143895645,0.0008392965592125915,0.0017886118766823726,2.219686364612595e-07
522.25,7,1169.277520408083,231,0.9625,1169.4927461025275,0.0008056160839590016,0.0017967090265069477,2.2441646902463955e-07
522.25,7,1169.277520408083,232,0.9666666666666667,1169.4936778154904,0.0007718985980887147,0.00180472102544207,2.2682328323734817e-07
522.25,7,1169.277520408083,233,0.9708333333333333,1169.4946095284536,0.0007383018314170768,0.0018130331667524594,2.293848951042103e-07
522.25,7,1169.277520408083,234,0.975,1169.4955412414165,0.0007045609587570577,0.0018209895314111831,2.3176606693429797e-07
522.25,7,1169.277520408083,235,0.9791666666666666,1169.4964729543794,0.0006700964832082129,0.0018271748403319219,2.332446480460426e-07
522.25,7,1169.277520408083,236,0.9833333333333333,1169.4974046673424,0.0006354318870720749,0.0018328733986997842,2.3447556464617155e-07
522.25,7,1169.277520408083,237,0.9874999999999999,1169.4983363803053,0.0006008999181455108,0.0018388929215448979,2.3587025147533288e-07
522.25,7,1169.277520408083,238,0.9916666666666667,1169.4992680932683,0.0005663392041233651,0.0018448348129963227,2.3722678304877908e-07
522.25,7,1169.277520408083,239,0.9958333333333333,1169.5001998062312,0.0005317984138159648,0.0018508638074858524,2.3862901324668244e-07
522.25,7,1169.277520408083,240,1.0,1169.5011315191941,0.0004972228638123244,0.0018567568865559877,2.39961296151214e-07
522.25,8,1169.777520408083,0,0.0,1169.777520408083,0.0013208726365241904,-0.0017041886744304968,7.340331717779777e-08
522.25,8,1169.777520408083,1,0.004166666666666667,1169.778452121046,0.0013509663686334425,-0.0016907040038305293,6.701718411646976e-08
522.25,8,1169.777520408083,2,0.008333333333333333,1169.779383834009,0.0013809660041709504,-0.0016770985677936352,6.061230919149623e-08
522.25,8,1169.777520408083,3,0.0125,1169.780315546972,0.0014110237266234252,-0.0016635710761449376,5.422879780025649e-08
522.25,8,1169.777520408083,4,0.016666666666666666,1169.7812472599348,0.0014410192493603997,-0.0016499765651981774,4.784213120589877e-08
522.25,8,1169.777520408083,5,0.020833333333333332,1169.782178972898,0.0014712849027885173,-0.0016366557989775006,4.1483423270286964e-08
522.25,8,1169.777520408083,6,0.025,1169.783110685861,0.0015011417817929473,-0.0016229196791614617,3.509265548043117e-08
522.25,8,1169.777520408083,7,0.029166666666666667,1169.7840423988239,0.0015295157999922222,-0.0016076715056578272,2.8570530931836143e-08
522.25,8,1169.777520408083,8,0.03333333333333333,1169.7849741117868,0.0015575931695581198,-0.001592119390756099,2.202584075024826e-08
522.25,8,1169.777520408083,9,0.0375,1169.7859058247498,0.0015859200527037645,-0.001576823922433487,1.5512414610580232e-08
522.25,8,1169.777520408083,10,0.041666666666666664,1169.7868375377127,0.001614173516601597,-0.0015614562884849264,8.99896470743628e-09
522.25,8,1169.777520408083,11,0.04583333333333333,1169.7877692506756,0.0016425224434737438,-0.001546166407032021,2.489118085106495e-09
522.25,8,1169.777520408083,12,0.05,1169.7887009636386,0.0016706972902667653,-0.0015307316123049904,-4.0104776615009555e-09
522.25,8,1169.777520408083,13,0.05416666666666667,1169.7896326766015,0.0016981141895067297,-0.001514651822852066,-1.0494913889746125e-08
522.25,8,1169.777520408083,14,0.058333333333333334,1169.7905643895647,0.0017246971564166711,-0.0014978640086962046,-1.696112189071533e-08
522.25,8,1169.777520408083,15,0.0625,1169.7914961025276,0.001750874094343818,-0.0014807297086295598,-2.341524623369054e-08
522.25,8,1169.777520408083,16,0.06666666666666667,1169.7924278154906,0.0017771565071404833,-0.0014636836118508642,-2.986402463064672e-08
522.25,8,1169.777520408083,17,0.07083333333333333,1169.7933595284535,0.0018033690321483111,-0.0014465911529295795,-3.629652222897518e-08
522.25,8,1169.777520408083,18,0.075,1169.7942912414164,0.001829729368522386,-0.001429600245982439,-4.2737810164865045e-08
522.25,8,1169.777520408083,19,0.07916666666666666,1169.7952229543794,0.001856216880209327,-0.001412700904823793,-4.918365998713638e-08
522.25,8,1169.777520408083,20,0.08333333333333333,1169.7961546673423,0.0018811444844450847,-0.0013946907558136665,-5.547012028774336e-08
522.25,8,1169.777520408083,21,0.0875,1169.7970863803052,0.001904908052715686,-0.0013758504870744516,-6.16356979752256e-08
522.25,8,1169.777520408083,22,0.09166666666666666,1169.7980180932682,0.0019289817981889168,-0.0013572310034709258,-6.782320192601919e-08
522.25,8,1169.777520408083,23,0.09583333333333333,1169.7989498062313,0.0019530766650748255,-0.0013386308163641093,-7.400002311991082e-08
522.25,8,1169.777520408083,24,0.1,1169.7998815191943,0.0019771698317142387,-0.0013200206504671212,-8.017291743948718e-08
522.25,8,1169.777520408083,25,0.10416666666666667,1169.8008132321572,0.002001316368456841,-0.0013014450154413154,-8.6344318981818e-08
522.25,8,1169.777520408083,26,0.10833333333333334,1169.8017449451202,0.002024790082749264,-0.001282467687337741,-9.23952414986994e-08
522.25,8,1169.777520408083,27,0.1125,1169.802676658083,0.0020472458996187333,-0.0012628822659291774,-9.82696478720629e-08
522.25,8,1169.777520408083,28,0.11666666666666667,1169.803608371046,0.00206891548539201,-0.0012428276575578885,-1.0400517002028726e-07
522.25,8,1169.777520408083,29,0.12083333333333333,1169.804540084009,0.002090551400300479,-0.0012227499818690264,-1.0972542630398522e-07
522.25,8,1169.777520408083,30,0.125,1169.805471796972,0.0021122303436957143,-0.0012027045596415124,-1.154390769770754e-07
522.25,8,1169.777520408083,31,0.12916666666666665,1169.8064035099349,0.0021338643985034872,-0.0011826333291469204,-1.211339582466636e-07
522.25,8,1169.777520408083,32,0.13333333333333333,1169.807335222898,0.002155904817141818,-0.0011627639833597363,-1.269065512935185e-07
522.25,8,1169.777520408083,33,0.1375,1169.808266935861,0.0021769833253886526,-0.001142416632810708,-1.324591748527204e-07
522.25,8,1169.777520408083,34,0.14166666666666666,1169.809198648824,0.002196033914103803,-0.0011210592577524945,-1.375579308849619e-07
522.25,8,1169.777520408083,35,0.14583333333333334,1169.8101303617868,0.002214975261131016,-0.001099646509593294,-1.426215653244432e-07
522.25,8,1169.777520408083,36,0.15,1169.8110620747498,0.00223419043699241,-0.00107837259452805,-1.4773195766438966e-07
522.25,8,1169.777520408083,37,0.15416666666666667,1169.8119937877127,0.002253301839946011,-0.001057046759406041,-1.5280680582448322e-07
522.25,8,1169.777520408083,38,0.15833333333333333,1169.8129255006756,0.0022725626699014252,-0.001035781737781063,-1.5790913797637928e-07
522.25,8,1169.777520408083,39,0.1625,1169.8138572136386,0.0022914364507301663,-0.0010143597108017736,-1.628985194508411e-07
522.25,8,1169.777520408083,40,0.16666666666666666,1169.8147889266015,0.0023092254172820573,-0.0009924920140103326,-1.675925308310684e-07
522.25,8,1169.777520408083,41,0.17083333333333334,1169.8157206395645,0.002325927029795952,-0.0009701790408580067,-1.7199126065570992e-07
522.25,8,1169.777520408083,42,0.175,1169.8166523525276,0.002342237869078351,-0.000947704157008822,-1.7627622728351176e-07
522.25,8,1169.777520408083,43,0.17916666666666667,1169.8175840654906,0.00235869785465739,-0.0009252908891810667,-1.8058634910464118e-07
522.25,8,1169.777520408083,44,0.18333333333333332,1169.8185157784535,0.0023750432180320836,-0.0009028398739780154,-1.8484844365380065e-07
522.25,8,1169.777520408083,45,0.1875,1169.8194474914164,0.0023916907441725948,-0.0008804866319169142,-1.8918685413246543e-07
522.25,8,1169.777520408083,46,0.19166666666666665,1169.8203792043794,0.002408227753784355,-0.0008580976758974984,-1.9347846397522412e-07
522.25,8,1169.777520408083,47,0.19583333333333333,1169.8213109173423,0.0024225259240399305,-0.0008349682716448387,-1.971043228917922e-07
522.25,8,1169.777520408083,48,0.2,1169.8222426303053,0.002435744631034647,-0.0008114808858612993,-2.0040079180357879e-07
522.25,8,1169.777520408083,49,0.20416666666666666,1169.8231743432682,0.002449412317804059,-0.0007881424200021934,-2.0381349433026502e-07
522.25,8,1169.777520408083,50,0.20833333333333334,1169.8241060562311,0.0024630285586156064,-0.0007647901097096164,-2.0719630507874973e-07
522.25,8,1169.777520408083,51,0.2125,1169.8250377691943,0.0024767032614639653,-0.0007414473865720054,-2.105830291089204e-07
522.25,8,1169.777520408083,52,0.21666666666666667,1169.8259694821572,0.002490337652178635,-0.0007180967152405171,-2.1394275880747264e-07
522.25,8,1169.777520408083,53,0.22083333333333333,1169.8269011951202,0.0025030112229757905,-0.0006944980618124542,-2.1698642138891534e-07
522.25,8,1169.777520408083,54,0.225,1169.827832908083,0.002514434138258079,-0.0006705771591226141,-2.1962338245096512e-07
522.25,8,1169.777520408083,55,0.22916666666666666,1169.828764621046,0.0025250256507887278,-0.0006464416942691337,-2.2198307310454677e-07
522.25,8,1169.777520408083,56,0.23333333333333334,1169.829696334009,0.0025356825915191427,-0.0006223209722132671,-2.2434846376552406e-07
522.25,8,1169.777520408083,57,0.2375,1169.830628046972,0.002546328898320027,-0.0005982047497840204,-2.2669344487252877e-07
522.25,8,1169.777520408083,58,0.24166666666666667,1169.8315597599349,0.0025570057216798506,-0.000574091145343076,-2.2903328853156293e-07
522.25,8,1169.777520408083,59,0.24583333333333332,1169.8324914728978,0.0025681103625126342,-0.000550058672525839,-2.314968996856123e-07
522.25,8,1169.777520408083,60,0.25,1169.833423185861,0.0025776365477652797,-0.0005257280775472089,-2.3343001301749937e-07
522.25,8,1169.777520408083,61,0.25416666666666665,1169.834354898824,0.00258501700045229,-0.0005009909622930661,-2.346467746991791e-07
522.25,8,1169.777520408083,62,0.2583333333333333,1169.8352866117868,0.0025925635282629893,-0.00047628454277332585,-2.3590067362281787e-07
522.25,8,1169.777520408083,63,0.2625,1169.8362183247498,0.0026003124334512046,-0.00045161913014474844,-2.3720383467636716e-07
522.25,8,1169.777520408083,64,0.26666666666666666,1169.8371500377127,0.002607968261875885,-0.00042693368660470663,-2.384602757479155e-07
522.25,8,1169.777520408083,65,0.2708333333333333,1169.8380817506757,0.0026157854745695857,-0.00040226914770213836,-2.397538112339608e-07
522.25,8,1169.777520408083,66,0.275,1169.8390134636386,0.0026229836588320607,-0.0003775289196430702,-2.408272455810006e-07
522.25,8,1169.777520408083,67,0.2791666666666667,1169.8399451766015,0.002628902709805891,-0.0003526296003293832,-2.414594318045328e-07
522.25,8,1169.777520408083,68,0.2833333333333333,1169.8408768895645,0.002633653305237529,-0.00032758608377992233,-2.4168884286685884e-07
522.25,8,1169.777520408083,69,0.2875,1169.8418086025276,0.002638133961871465,-0.00030250715108229065,-2.4181173714067943e-07
522.25,8,1169.777520408083,70,0.2916666666666667,1169.8427403154906,0.0026427587120424795,-0.0002774482067078075,-2.419660843022924e-07
522.25,8,1169.777520408083,71,0.29583333333333334,1169.8436720284535,0.0026472579784597027,-0.0002523801701876897,-2.420617698505545e-07
522.25,8,1169.777520408083,72,0.3,1169.8446037414164,0.0026521919890498003,-0.0002273371008783174,-2.4228238842447987e-07
522.25,8,1169.777520408083,73,0.30416666666666664,1169.8455354543794,0.002656622436291212,-0.0002022644420289322,-2.4232203361981576e-07
522.25,8,1169.777520408083,74,0.30833333333333335,1169.8464671673423,0.0026584689743106623,-0.0001770353793816374,-2.414993318400977e-07
522.25,8,1169.777520408083,75,0.3125,1169.8473988803053,0.0026595882230887303,-0.00015176145249686543,-2.4042146395482016e-07
522.25,8,1169.777520408083,76,0.31666666666666665,1169.8483305932682,0.002661178502494921,-0.00012651706228458876,-2.394812444204568e-07
522.25,8,1169.777520408083,77,0.3208333333333333,1169.8492623062311,0.0026626573316977297,-0.00010126794353313665,-2.3848673056017546e-07
522.25,8,1169.777520408083,78,0.325,1169.8501940191943,0.0026642582944887863,-7.601558830574613e-05,-2.3751373025487975e-07
522.25,8,1169.777520408083,79,0.32916666666666666,1169.8511257321572,0.002665670883452152,-5.076564283604611e-05,-2.3646372386416847e-07
522.25,8,1169.777520408083,80,0.3333333333333333,1169.8520574451202,0.0026659449950107695,-2.5517449674322582e-05,-2.3503874433266702e-07
522.25,8,1169.777520408083,81,0.3375,1169.8529891580831,0.0026649049592187756,-2.720440850712191e-07,-2.33181518527352e-07
522.25,8,1169.777520408083,82,0.3416666666666667,1169.853920871046,0.0026631447448917144,2.497256942436577e-05,-2.3108080425661372e-07
522.25,8,1169.777520408083,83,0.3458333333333333,1169.854852584009,0.002661527867471928,5.021886575105555e-05,-2.2900741431772317e-07
522.25,8,1169.777520408083,84,0.35,1169.855784296972,0.002659839965814096,7.545697730572749e-05,-2.2689677379000446e-07
522.25,8,1169.777520408083,85,0.3541666666666667,1169.8567160099349,0.0026582955693952846,0.00010070716898453929,-2.2481069408015204e-07
522.25,8,1169.777520408083,86,0.35833333333333334,1169.8576477228978,0.0026570423434564947,0.00012597555613181187,-2.2279358985712764e-07
522.25,8,1169.777520408083,87,0.3625,1169.858579435861,0.0026537540475941204,0.00015111257457734145,-2.2015781774399155e-07
522.25,8,1169.777520408083,88,0.36666666666666664,1169.859511148824,0.002648617790827985,0.00017613115742231742,-2.1695990605692743e-07
522.25,8,1169.777520408083,89,0.37083333333333335,1169.8604428617869,0.0026438581233626753,0.0002011743442308887,-2.1385624299300786e-07
522.25,8,1169.777520408083,90,0.375,1169.8613745747498,0.0026391852340874457,0.0002262201151321054,-2.1076229248897949e-07
522.25,8,1169.777520408083,91,0.37916666666666665,1169.8623062877127,0.00263446875035695,0.00025126803342799114,-2.0763592796961457e-07
522.25,8,1169.777520408083,92,0.3833333333333333,1169.8632380006757,0.0026298638451005643,0.0002763284221205182,-2.0452327447415332e-07
522.25,8,1169.777520408083,93,0.3875,1169.8641697136386,0.0026244697346358434,0.0003012875349577159,-2.011828954544519e-07
522.25,8,1169.777520408083,94,0.39166666666666666,1169.8651014266015,0.00261777200545515,0.0003260803303552144,-1.9747635764939098e-07
522.25,8,1169.777520408083,95,0.3958333333333333,1169.8660331395645,0.0026100049336568276,0.0003507360166559935,-1.9346832178055684e-07
522.25,8,1169.777520408083,96,0.4,1169.8669648525276,0.0026021248990651625,0.000375379540073911,-1.894118353750865e-07
522.25,8,1169.777520408083,97,0.4041666666666667,1169.8678965654906,0.002594338292395007,0.0004000309392609152,-1.853656504504073e-07
522.25,8,1169.777520408083,98,0.4083333333333333,1169.8688282784535,0.0025864650659715585,0.00042466819469405396,-1.812818490542265e-07
522.25,8,1169.777520408083,99,0.4125,1169.8697599914165,0.0025790669955673977,0.00044939796890646036,-1.7729162838730393e-07
522.25,8,1169.777520408083,100,0.4166666666666667,1169.8706917043794,0.0025707526151664255,0.0004739498212043446,-1.730723157077176e-07
522.25,8,1169.777520408083,101,0.42083333333333334,1169.8716234173423,0.002559973852695369,0.0004980254758540208,-1.6826476329778806e-07
522.25,8,1169.777520408083,102,0.425,1169.8725551303053,0.0025488941191740017,0.0005220438598850177,-1.6337105145046558e-07
522.25,8,1169.777520408083,103,0.42916666666666664,1169.8734868432682,0.0025381918854210524,0.0005461334545859096,-1.5855046257338223e-07
522.25,8,1169.777520408083,104,0.43333333333333335,1169.8744185562311,0.0025273639437623,0.0005701980286502717,-1.5368517118560382e-07
522.25,8,1169.777520408083,105,0.4375,1169.8753502691943,0.0025166885260891622,0.0005943038256762185,-1.488327725863289e-07
522.25,8,1169.777520408083,106,0.44166666666666665,1169.8762819821573,0.0025056771162925203,0.0006183198118143936,-1.4390172786109632e-07
522.25,8,1169.777520408083,107,0.4458333333333333,1169.8772136951202,0.002493517520841073,0.0006420356201208316,-1.3873804062656316e-07
522.25,8,1169.777520408083,108,0.45,1169.8781454080831,0.002480157048536222,0.0006654363328184004,-1.3333228276966052e-07
522.25,8,1169.777520408083,109,0.45416666666666666,1169.879077121046,0.0024662885218460343,0.0006887051906378487,-1.2781581015025082e-07
522.25,8,1169.777520408083,110,0.4583333333333333,1169.880008834009,0.002452582118437956,0.0007120168714771307,-1.223143541529187e-07
522.25,8,1169.777520408083,111,0.46249999999999997,1169.880940546972,0.0024387724098063547,0.0007352926186477709,-1.1678424442878669e-07
522.25,8,1169.777520408083,112,0.4666666666666667,1169.8818722599349,0.002425207780261409,0.0007586530753136702,-1.1127220259539798e-07
522.25,8,1169.777520408083,113,0.4708333333333333,1169.8828039728978,0.0024116758365391937,0.0007820236184132756,-1.0575092363684664e-07
522.25,8,1169.777520408083,114,0.475,1169.8837356858608,0.002396008730569899,0.0008046781649431583,-9.992079948787041e-08
522.25,8,1169.777520408083,115,0.4791666666666667,1169.884667398824,0.002379060341187293,0.0008269039669046017,-9.390029631319247e-08
522.25,8,1169.777520408083,116,0.48333333333333334,1169.8855991117869,0.00236254584808013,0.0008492751830775042,-8.792523170698421e-08
522.25,8,1169.777520408083,117,0.4875,1169.8865308247498,0.002346019023964651,0.0008716389223287788,-8.193780519986863e-08
522.25,8,1169.777520408083,118,0.49166666666666664,1169.8874625377127,0.0023295103618716315,0.0008940171104955275,-7.593346631855168e-08
522.25,8,1169.777520408083,119,0.49583333333333335,1169.8883942506757,0.0023130184972424777,0.0009163996839223495,-6.991979926678456e-08
522.25,8,1169.777520408083,120,0.5,1169.8893259636386,0.0022957001864996767,0.000938439646309528,-6.3826205504023e-08
522.25,8,1169.777520408083,121,0.5041666666666667,1169.8902576766015,0.002277230437852403,0.0009600020048059213,-5.762995440421385e-08
522.25,8,1169.777520408083,122,0.5083333333333333,1169.8911893895645,0.0022579343213395215,0.0009812214944123915,-5.135759839272376e-08
522.25,8,1169.777520408083,123,0.5125,1169.8921211025274,0.002238651924100373,0.0010024492153015642,-4.507186288962718e-08
522.25,8,1169.777520408083,124,0.5166666666666666,1169.8930528154906,0.0022193961743600314,0.0010236810857127607,-3.8780928879844746e-08
522.25,8,1169.777520408083,125,0.5208333333333334,1169.8939845284535,0.0022001252334900192,0.0010449089124480143,-3.247606655029499e-08
522.25,8,1169.777520408083,126,0.525,1169.8949162414165,0.002181245807360516,0.0010663338051290368,-2.6161869391758698e-08
522.25,8,1169.777520408083,127,0.5291666666666667,1169.8958479543794,0.002161210884640819,0.001087176701829862,-1.9825060196481458e-08
522.25,8,1169.777520408083,128,0.5333333333333333,1169.8967796673423,0.0021392484816630366,0.0011070505062466024,-1.345881162598382e-08
522.25,8,1169.777520408083,129,0.5375,1169.8977113803053,0.0021173145470278743,0.001126939585547296,-7.081244368341995e-09
522.25,8,1169.777520408083,130,0.5416666666666666,1169.8986430932682,0.0020956049974894257,0.001146938619458168,-6.973275122989519e-10
522.25,8,1169.777520408083,131,0.5458333333333333,1169.8995748062312,0.00207380055235772,0.0011668914720881186,5.700052572059032e-09
522.25,8,1169.777520408083,132,0.55,1169.900506519194,0.002052128272366733,0.0011869235700619225,1.2116285166843063e-08
522.25,8,1169.777520408083,133,0.5541666666666667,1169.9014382321573,0.0020300445882258976,0.00120670605458586,1.8512983865344178e-08
522.25,8,1169.777520408083,134,0.5583333333333333,1169.9023699451202,0.002006984090404647,0.0012259004716440444,2.48540846188731e-08
522.25,8,1169.777520408083,135,0.5625,1169.9033016580831,0.0019829910443950197,0.001244531909526669,3.1138089433672765e-08
522.25,8,1169.777520408083,136,0.5666666666666667,1169.904233371046,0.0019587226358644375,0.0012629996858430032,3.7414883117655424e-08
522.25,8,1169.777520408083,137,0.5708333333333333,1169.905165084009,0.0019345797955566963,0.0012815415709388391,4.3708668575892286e-08
522.25,8,1169.777520408083,138,0.575,1169.906096796972,0.0019103444384181531,0.0013000179093860759,4.999663939710178e-08
522.25,8,1169.777520408083,139,0.5791666666666666,1169.907028509935,0.001886382048742125,0.001318692819843611,5.633894254956376e-08
522.25,8,1169.777520408083,140,0.5833333333333334,1169.9079602228978,0.001862201402929005,0.0013372097117996542,6.265571122398464e-08
522.25,8,1169.777520408083,141,0.5875,1169.9088919358608,0.001836224987569534,0.0013544357750706762,6.869445843475447e-08
522.25,8,1169.777520408083,142,0.5916666666666667,1169.909823648824,0.0018095797909428012,0.0013711822665391947,7.463405242388813e-08
522.25,8,1169.777520408083,143,0.5958333333333333,1169.9107553617869,0.0017832816939365465,0.001388177342139134,8.063687753030703e-08
522.25,8,1169.777520408083,144,0.6,1169.9116870747498,0.0017569236714240696,0.001405125724128141,8.663456376849536e-08
522.25,8,1169.777520408083,145,0.6041666666666666,1169.9126187877127,0.0017306212370530505,0.0014221280583969237,9.265917313925034e-08
522.25,8,1169.777520408083,146,0.6083333333333333,1169.9135505006757,0.0017042482748624316,0.0014390665524005185,9.867128988369862e-08
522.25,8,1169.777520408083,147,0.6125,1169.9144822136386,0.0016771812834961712,0.0014554106348058978,1.0450706155695061e-07
522.25,8,1169.777520408083,148,0.6166666666666667,1169.9154139266016,0.0016492691246937892,0.0014710297815027646,1.1012546994205199e-07
522.25,8,1169.777520408083,149,0.6208333333333333,1169.9163456395645,0.001620844634443285,0.0014862103287140475,1.1561473468995481e-07
522.25,8,1169.777520408083,150,0.625,1169.9172773525274,0.001592490321922016,0.0015014537852153231,1.2113065485071036e-07
522.25,8,1169.777520408083,151,0.6291666666666667,1169.9182090654906,0.001564117145534587,0.001516669214088119,1.2663914431960913e-07
522.25,8,1169.777520408083,152,0.6333333333333333,1169.9191407784535,0.0015357898183635177,0.0015319371754154518,1.321766715115137e-07
522.25,8,1169.777520408083,153,0.6375,1169.9200724914165,0.0015076779247601736,0.0015474259715282975,1.378020296263471e-07
522.25,8,1169.777520408083,154,0.6416666666666666,1169.9210042043794,0.0014785117204681134,0.0015618293515612628,1.4302312889989454e-07
522.25,8,1169.777520408083,155,0.6458333333333334,1169.9219359173424,0.0014481831912983498,0.0015750379968128402,1.477986406959259e-07
522.25,8,1169.777520408083,156,0.65,1169.9228676303053,0.0014180202203702907,0.001588417857414581,1.52643532033401e-07
522.25,8,1169.777520408083,157,0.6541666666666667,1169.9237993432682,0.0013879426857254765,0.0016018805518979748,1.5752269492194065e-07
522.25,8,1169.777520408083,158,0.6583333333333333,1169.9247310562312,0.001357820155519499,0.0016153033121166578,1.6239293915903468e-07
522.25,8,1169.777520408083,159,0.6625,1169.925662769194,0.0013277702028236828,0.0016288140483656946,1.6730648385458844e-07
522.25,8,1169.777520408083,160,0.6666666666666666,1169.9265944821573,0.0012973649588074508,0.0016418793376630997,1.7203112078855707e-07
522.25,8,1169.777520408083,161,0.6708333333333333,1169.9275261951202,0.0012663095431230426,0.0016541327563242643,1.7641027113614028e-07
522.25,8,1169.777520408083,162,0.675,1169.9284579080831,0.0012346918738353084,0.0016656824378448248,1.804887481095493e-07
522.25,8,1169.777520408083,163,0.6791666666666667,1169.929389621046,0.0012029784980926526,0.0016771168039111273,1.8452241284269196e-07
522.25,8,1169.777520408083,164,0.6833333333333333,1169.930321334009,0.0011713292487843005,0.0016886250828751005,1.8858943750040395e-07
522.25,8,1169.777520408083,165,0.6875,1169.931253046972,0.0011396308571672605,0.0017000620715611754,1.926266187847265e-07
522.25,8,1169.777520408083,166,0.6916666666666667,1169.932184759935,0.0011081281134900233,0.0017118051192868593,1.968127602615186e-07
522.25,8,1169.777520408083,167,0.6958333333333333,1169.9331164728978,0.0010763224280177616,0.0017230759444760255,2.007790971479675e-07
522.25,8,1169.777520408083,168,0.7,1169.9340481858608,0.0010434367954370478,0.0017326707309351956,2.0395768150655451e-07
522.25,8,1169.777520408083,169,0.7041666666666666,1169.934979898824,0.0010103396560778137,0.001741939300208764,2.069847731950862e-07
522.25,8,1169.777520408083,170,0.7083333333333334,1169.9359116117869,0.000977425849390808,0.0017514891488962614,2.101455791887374e-07
522.25,8,1169.777520408083,171,0.7125,1169.9368433247498,0.0009444613837084639,0.0017609568668906551,2.1326923845373304e-07
522.25,8,1169.777520408083,172,0.7166666666666667,1169.9377750377128,0.000911543385469618,0.0017705236726968895,2.164461494895354e-07
522.25,8,1169.777520408083,173,0.7208333333333333,1169.9387067506757,0.0008785359184183281,0.00177990601901738,2.1953355000835677e-07
522.25,8,1169.777520408083,174,0.725,1169.9396384636386,0.0008451301083781271,0.0017884941021984995,2.2222553014869776e-07
522.25,8,1169.777520408083,175,0.7291666666666666,1169.9405701766016,0.0008112895852597684,0.0017962123674880198,2.244850688596062e-07
522.25,8,1169.777520408083,176,0.7333333333333333,1169.9415018895645,0.0007772372652248298,0.0018035102979997398,2.265365795200361e-07
522.25,8,1169.777520408083,177,0.7375,1169.9424336025274,0.0007432387636241633,0.0018109183773737671,2.2864442348988023e-07
522.25,8,1169.777520408083,178,0.7416666666666667,1169.9433653154906,0.000709218990929101,0.0018182590331707904,2.307189513734662e-07
522.25,8,1169.777520408083,179,0.7458333333333333,1169.9442970284535,0.0006752485484387791,0.0018257450276924641,2.3286860679900157e-07
522.25,8,1169.777520408083,180,0.75,1169.9452287414165,0.0006413221613641711,0.0018333488556521059,2.350797114118808e-07
522.25,8,1169.777520408083,181,0.7541666666666667,1169.9461604543794,0.0006068378125413769,0.0018394247939745197,2.3650781242648656e-07
522.25,8,1169.777520408083,182,0.7583333333333333,1169.9470921673424,0.0005719419029125629,0.0018443771452030752,2.3735843969159867e-07
522.25,8,1169.777520408083,183,0.7625,1169.9480238803053,0.0005371571304087948,0.001849634142642228,2.383654168110822e-07
522.25,8,1169.777520408083,184,0.7666666666666666,1169.9489555932682,0.0005023841675866291,0.0018549113669896991,2.393840286191136e-07
522.25,8,1169.777520408083,185,0.7708333333333334,1169.9498873062312,0.0004676004466685358,0.001860184221470782,2.4040078320023514e-07
522.25,8,1169.777520408083,186,0.775,1169.9508190191941,0.0004328309027586976,0.001865504852967291,2.4144338452390016e-07
522.25,8,1169.777520408083,187,0.7791666666666667,1169.9517507321573,0.00039791491049059896,0.0018702052233053937,2.421639005587468e-07
522.25,8,1169.777520408083,188,0.7833333333333333,1169.9526824451202,0.000362778198429164,0.0018739730390073322,2.4240252495948663e-07
522.25,8,1169.777520408083,189,0.7875,1169.9536141580832,0.00032747236689865706,0.0018770243024632972,2.422701997692467e-07
522.25,8,1169.777520408083,190,0.7916666666666666,1169.954545871046,0.00029215652179736694,0.0018800466275690497,2.421218886574475e-07
522.25,8,1169.777520408083,191,0.7958333333333333,1169.955477584009,0.00025685758707829856,0.0018831099338898645,2.419959064482594e-07
522.25,8,1169.777520408083,192,0.8,1169.956409296972,0.0002215503484432757,0.0018861345552303665,2.41849746639683e-07
522.25,8,1169.777520408083,193,0.8041666666666667,1169.957341009935,0.00018628164762501687,0.001889510284775192,2.418830040732135e-07
522.25,8,1169.777520408083,194,0.8083333333333333,1169.9582727228978,0.0001509201783164869,0.0018920416940743088,2.4148433308550666e-07
522.25,8,1169.777520408083,195,0.8125,1169.9592044358608,0.00011536394113784558,0.001892823195918194,2.401929934400676e-07
522.25,8,1169.777520408083,196,0.8166666666666667,1169.9601361488237,7.979699706555073e-05,0.00189351883195686,2.388582018500833e-07
522.25,8,1169.777520408083,197,0.8208333333333333,1169.961067861787,4.425906269610434e-05,0.0018944495050324953,2.3764268926670793e-07
522.25,8,1169.777520408083,198,0.825,1169.9619995747498,8.710864243714038e-06,0.0018952906669060326,2.3638065554433894e-07
522.25,8,1169.777520408083,199,0.8291666666666666,1169.9629312877128,-2.6839397812411608e-05,0.0018962545456554327,2.35179922654918e-07
522.25,8,1169.777520408083,200,0.8333333333333334,1169.9638630006757,-6.238362151806656e-05,0.0018968967754334862,2.3381982964618352e-07
522.25,8,1169.777520408083,201,0.8375,1169.9647947136386,-9.791760193537979e-05,0.001896646947915164,2.3202107174571492e-07
522.25,8,1169.777520408083,202,0.8416666666666667,1169.9657264266016,-0.00013343976613807953,0.0018955066445692857,2.2978398946488533e-07
522.25,8,1169.777520408083,203,0.8458333333333333,1169.9666581395645,-0.00016896010808396456,0.001894049622006333,2.2739015187115665e-07
522.25,8,1169.777520408083,204,0.85,1169.9675898525275,-0.00020448133659159187,0.0018927149313469173,2.250562039183802e-07
522.25,8,1169.777520408083,205,0.8541666666666666,1169.9685215654904,-0.00023999009354999852,0.0018912905235150994,2.226810272944039e-07
522.25,8,1169.777520408083,206,0.8583333333333333,1169.9694532784536,-0.00027553417677852636,0.001890103899244281,2.2041466445904686e-07
522.25,8,1169.777520408083,207,0.8624999999999999,1169.9703849914165,-0.00031106412591362106,0.001888822311470477,2.181046540052171e-07
522.25,8,1169.777520408083,208,0.8666666666666667,1169.9713167043794,-0.0003463545425322623,0.0018857881817104694,2.1498339564728346e-07
522.25,8,1169.777520408083,209,0.8708333333333333,1169.9722484173424,-0.000381532602483222,0.0018819232703527174,2.1147698859887878e-07
522.25,8,1169.777520408083,210,0.875,1169.9731801303053,-0.00041675807029381714,0.0018784093184773614,2.0813283941688908e-07
522.25,8,1169.777520408083,211,0.8791666666666667,1169.9741118432682,-0.00045197406681400204,0.0018748549638516936,2.0477200027861068e-07
522.25,8,1169.777520408083,212,0.8833333333333333,1169.9750435562312,-0.0004872082305857998,0.0018713429827233875,2.0142711012185394e-07
522.25,8,1169.777520408083,213,0.8875,1169.9759752691941,-0.0005224308349940727,0.0018677988802320105,1.98069239356816e-07
522.25,8,1169.777520408083,214,0.8916666666666666,1169.976906982157,-0.0005574664036963468,0.0018635380208176597,1.9440780843610984e-07
522.25,8,1169.777520408083,215,0.8958333333333334,1169.9778386951202,-0.0005922591242573689,0.0018583490495137603,1.9035298132625332e-07
522.25,8,1169.777520408083,216,0.9,1169.9787704080832,-0.0006268918025392635,0.0018525469964109393,1.8603929456570988e-07
522.25,8,1169.777520408083,217,0.9041666666666667,1169.979702121046,-0.0006615405285910984,0.0018467950288870052,1.8174671113351566e-07
522.25,8,1169.777520408083,218,0.9083333333333333,1169.980633834009,-0.0006961774465533543,0.001841036622927282,1.7745538514848007e-07
522.25,8,1169.777520408083,219,0.9125,1169.981565546972,-0.0007308279700400495,0.001835301100069642,1.731710852680835e-07
522.25,8,1169.777520408083,220,0.9166666666666666,1169.982497259935,-0.0007655973819227448,0.0018298674104309399,1.6900002293211666e-07
522.25,8,1169.777520408083,221,0.9208333333333333,1169.9834289728979,-0.0007999181714555645,0.0018232996981511983,1.6440851284530019e-07
522.25,8,1169.777520408083,222,0.9249999999999999,1169.9843606858608,-0.0008336398223705131,0.0018152130528627628,1.5925195934236054e-07
522.25,8,1169.777520408083,223,0.9291666666666667,1169.9852923988237,-0.0008674113937017797,0.0018072506936568894,1.5414383217952456e-07
522.25,8,1169.777520408083,224,0.9333333333333333,1169.986224111787,-0.0009012357780530022,0.0017994309516706636,1.4909002976772638e-07
522.25,8,1169.777520408083,225,0.9375,1169.9871558247498,-0.0009350369580294339,0.00179154432868401,1.4401231458132915e-07
522.25,8,1169.777520408083,226,0.9416666666666667,1169.9880875377128,-0.0009688926801532512,0.001783764730230489,1.389711746216909e-07
522.25,8,1169.777520408083,227,0.9458333333333333,1169.9890192506757,-0.0010025309802370512,0.0017755709960930854,1.3380029782911917e-07
522.25,8,1169.777520408083,228,0.95,1169.9899509636386,-0.0010357262505252575,0.0017665276722160506,1.2836295992951832e-07
522.25,8,1169.777520408083,229,0.9541666666666666,1169.9908826766016,-0.0010685170484352959,0.0017567114833842773,1.2268327453319573e-07
522.25,8,1169.777520408083,230,0.9583333333333334,1169.9918143895645,-0.0011012205992605804,0.0017467212298349192,1.1694913381131875e-07
522.25,8,1169.777520408083,231,0.9625,1169.9927461025275,-0.0011339691087822322,0.001736824780889508,1.1125021042246728e-07
522.25,8,1169.777520408083,232,0.9666666666666667,1169.9936778154904,-0.0011666616016215504,0.0017268433199707596,1.0553180238343108e-07
522.25,8,1169.777520408083,233,0.9708333333333333,1169.9946095284536,-0.001199563889784205,0.0017171622903374244,9.988475017311594e-08
522.25,8,1169.777520408083,234,0.975,1169.9955412414165,-0.0012322187288902504,0.0017071251549206081,9.415778187763164e-08
522.25,8,1169.777520408083,235,0.9791666666666666,1169.9964729543794,-0.0012636484272944002,0.0016953144728797567,8.802055135841068e-08
522.25,8,1169.777520408083,236,0.9833333333333333,1169.9974046673424,-0.0012947351969068203,0.0016830072880238943,8.177232879944818e-08
522.25,8,1169.777520408083,237,0.9874999999999999,1169.9983363803053,-0.0013260516133725693,0.0016710325848003982,7.560427291538181e-08
522.25,8,1169.777520408083,238,0.9916666666666667,1169.9992680932683,-0.0013573304906049632,0.0016590035261785257,6.942723479747198e-08
522.25,8,1169.777520408083,239,0.9958333333333333,1170.0001998062312,-0.0013885852604856239,0.0016469395560111558,6.324568920116823e-08
522.25,8,1169.777520408083,240,1.0,1170.0011315191941,-0.0014198578507530805,0.0016349014329913743,5.707434390955227e-08
550.0,0,665.7733537326665,0,0.0,665.7733537326665,0.010269754268757026,-0.021045464581876738,-3.5855595420507395e-05
550.0,0,665.7733537326665,1,0.004166666666666667,665.7743028067406,0.00989842234872996,-0.021151277744844994,-3.626099102925708e-05
550.0,0,665.7733537326665,2,0.008333333333333333,665.7752518808146,0.0095275535484973,-0.021258090226199598,-3.66738480114446e-05
550.0,0,665.7733537326665,3,0.0125,665.7762009548887,0.00915576206527854,-0.021363015975110863,-3.7073478814720385e-05
550.0,0,665.7733537326665,4,0.016666666666666666,665.7771500289628,0.008779508337004022,-0.02145914702722011,-3.741072809511649e-05
550.0,0,665.7733537326665,5,0.020833333333333332,665.7780991030369,0.008398390187425,-0.021545656811735942,-3.7679618069082e-05
550.0,0,665.7733537326665,6,0.025,665.7790481771109,0.008015024691802927,-0.021627762384696166,-3.791728914845637e-05
550.0,0,665.7733537326665,7,0.029166666666666667,665.779997251185,0.007632274775168985,-0.0217110991583521,-3.8163893310220304e-05
550.0,0,665.7733537326665,8,0.03333333333333333,665.780946325259,0.007249237842813867,-0.02179359927046454,-3.8404571121860796e-05
550.0,0,665.7733537326665,9,0.0375,665.7818953993332,0.006866947997533325,-0.02187821387945053,-3.8660747903938555e-05
550.0,0,665.7733537326665,10,0.041666666666666664,665.7828444734072,0.0064846035453715424,-0.02196264774355155,-3.891576111264518e-05
550.0,0,665.7733537326665,11,0.04583333333333333,665.7837935474813,0.006095439267155259,-0.022028688494889332,-3.903758202925488e-05
550.0,0,665.7733537326665,12,0.05,665.7847426215553,0.005702739939429476,-0.022085232548091444,-3.909062085308125e-05
550.0,0,665.7733537326665,13,0.05416666666666667,665.7856916956295,0.005311422936205189,-0.022145486940146165,-3.91706211207252e-05
550.0,0,665.7733537326665,14,0.058333333333333334,665.7866407697035,0.00491998002031836,-0.02220528286682367,-3.9247372153604366e-05
550.0,0,665.7733537326665,15,0.0625,665.7875898437776,0.0045286049112422495,-0.02226566312149454,-3.932837967665347e-05
550.0,0,665.7733537326665,16,0.06666666666666667,665.7885389178516,0.004137091394979006,-0.022325326879737355,-3.9404289539229626e-05
550.0,0,665.7733537326665,17,0.07083333333333333,665.7894879919257,0.003743545431921512,-0.022376603163716,-3.941969182670849e-05
550.0,0,665.7733537326665,18,0.075,665.7904370659998,0.003347514791196032,-0.022417581311197636,-3.9360769458663583e-05
550.0,0,665.7733537326665,19,0.07916666666666666,665.7913861400739,0.002950020624699703,-0.022452534614169194,-3.925832940060986e-05
550.0,0,665.7733537326665,20,0.08333333333333333,665.7923352141479,0.00255273856027699,-0.022488465107307544,-3.9162912273774794e-05
550.0,0,665.7733537326665,21,0.0875,665.793284288222,0.0021554602692100515,-0.022523895124957515,-3.90640605355262e-05
550.0,0,665.7733537326665,22,0.09166666666666666,665.794233362296,0.0017582717473748656,-0.022560478318736848,-3.8973267480275845e-05
550.0,0,665.7733537326665,23,0.09583333333333333,665.7951824363702,0.001361324978539353,-0.02259906685749501,-3.889661556811247e-05
550.0,0,665.7733537326665,24,0.1,665.7961315104443,0.0009624524869196629,-0.022621027063296474,-3.8702825063126465e-05
550.0,0,665.7733537326665,25,0.10416666666666667,665.7970805845183,0.00056200794632298,-0.022629537534979257,-3.841422718844503e-05
550.0,0,665.7733537326665,26,0.10833333333333334,665.7980296585924,0.0001619481106593359,-0.02264138209823516,-3.814908478991698e-05
550.0,0,665.7733537326665,27,0.1125,665.7989787326665,-0.0002380375385607476,-0.022653458055675486,-3.7885665686143125e-05
550.0,0,665.7733537326665,28,0.11666666666666667,665.7999278067406,-0.0006381254761193326,-0.022665561293232533,-3.76221368902454e-05
550.0,0,665.7733537326665,29,0.12083333333333333,665.8008768808146,-0.001038183242593172,-0.022677961155850235,-3.736065930806054e-05
550.0,0,665.7733537326665,30,0.125,665.8018259548887,-0.0014381858894286898,-0.022682931423362272,-3.704917677220407e-05
550.0,0,665.7733537326665,31,0.12916666666666665,665.8027750289627,-0.0018381104724521631,-0.022677369354033767,-3.666682661854761e-05
550.0,0,665.7733537326665,32,0.13333333333333333,665.8037241030369,-0.0022379802024354483,-0.0226644055536794,-3.6234662895227147e-05
550.0,0,665.7733537326665,33,0.1375,665.8046731771109,-0.0026378843622294457,-0.022651737803357237,-3.580434476561788e-05
550.0,0,665.7733537326665,34,0.14166666666666666,665.805622251185,-0.0030376867308084623,-0.022639095219451576,-3.537454679777587e-05
550.0,0,665.7733537326665,35,0.14583333333333334,665.806571325259,-0.0034375665070093967,-0.022626684484913503,-3.4946002639762006e-05
550.0,0,665.7733537326665,36,0.15,665.8075203993332,-0.0038378789819501174,-0.02261759732210084,-3.453827295133243e-05
550.0,0,665.7733537326665,37,0.15416666666666667,665.8084694734072,-0.004236418986150024,-0.02259505326825638,-3.404621501654228e-05
550.0,0,665.7733537326665,38,0.15833333333333333,665.8094185474813,-0.004632787198580662,-0.022555885142169677,-3.344994798881486e-05
550.0,0,665.7733537326665,39,0.1625,665.8103676215553,-0.005029428663586638,-0.022518736093085384,-3.2866301751732454e-05
550.0,0,665.7733537326665,40,0.16666666666666666,665.8113166956294,-0.005426177018148757,-0.0224827423654101,-3.229011264913643e-05
550.0,0,665.7733537326665,41,0.17083333333333334,665.8122657697035,-0.005822921880876505,-0.022446247893655916,-3.1710500969096074e-05
550.0,0,665.7733537326665,42,0.175,665.8132148437776,-0.006219894183257938,-0.02241073427565134,-3.113657550808722e-05
550.0,0,665.7733537326665,43,0.17916666666666667,665.8141639178516,-0.00661530740276607,-0.022369172660254753,-3.0528401779574335e-05
550.0,0,665.7733537326665,44,0.18333333333333332,665.8151129919257,-0.007008081039141788,-0.02231730547644743,-2.986182497471083e-05
550.0,0,665.7733537326665,45,0.1875,665.8160620659997,-0.007398705192930658,-0.022257080462418883,-2.914796983835107e-05
550.0,0,665.7733537326665,46,0.19166666666666665,665.8170111400739,-0.00778918123257986,-0.022196143118657356,-2.8429958369786645e-05
550.0,0,665.7733537326665,47,0.19583333333333333,665.817960214148,-0.008179732664210267,-0.022135785716444326,-2.7715719214148433e-05
550.0,0,665.7733537326665,48,0.2,665.818909288222,-0.008570151762835756,-0.022074971635447648,-2.6999053130723796e-05
550.0,0,665.7733537326665,49,0.20416666666666666,665.8198583622961,-0.008962005791751038,-0.02201786120899416,-2.630070777729543e-05
550.0,0,665.7733537326665,50,0.20833333333333334,665.8208074363702,-0.009350180254027203,-0.021951246242052518,-2.5555605196433984e-05
550.0,0,665.7733537326665,51,0.2125,665.8217565104443,-0.009731261166161844,-0.021866238842866793,-2.4719884875020637e-05
550.0,0,665.7733537326665,52,0.21666666666666667,665.8227055845183,-0.010112290519232237,-0.021781065496605044,-2.3883443902694525e-05
550.0,0,665.7733537326665,53,0.22083333333333333,665.8236546585924,-0.010494100510926477,-0.021698012583883163,-2.3057860921235048e-05
550.0,0,665.7733537326665,54,0.225,665.8246037326664,-0.010875610232183279,-0.02161412089086014,-2.2228165202127045e-05
550.0,0,665.7733537326665,55,0.22916666666666666,665.8255528067406,-0.01125775635263107,-0.021531465210721107,-2.140371375225909e-05
550.0,0,665.7733537326665,56,0.23333333333333334,665.8265018808146,-0.011637580432589889,-0.021444388572571454,-2.0561574741001765e-05
550.0,0,665.7733537326665,57,0.2375,665.8274509548887,-0.012012389533709799,-0.021347677686021825,-1.968046283178439e-05
550.0,0,665.7733537326665,58,0.24166666666666667,665.8284000289627,-0.012382619516511163,-0.021242200029578134,-1.876408262966195e-05
550.0,0,665.7733537326665,59,0.24583333333333332,665.8293491030369,-0.012751903510633477,-0.021134845186823025,-1.784014965124259e-05
550.0,0,665.7733537326665,60,0.25,665.8302981771109,-0.013121662604966888,-0.02102848406721007,-1.6920833159011767e-05
550.0,0,665.7733537326665,61,0.25416666666666665,665.831247251185,-0.013490911463248158,-0.020921308301824072,-1.5999097938132617e-05
550.0,0,665.7733537326665,62,0.2583333333333333,665.832196325259,-0.01386238839035233,-0.0208174544454769,-1.5087672198818058e-05
550.0,0,665.7733537326665,63,0.2625,665.8331453993331,-0.014230178177811657,-0.020708081605612973,-1.4159793002658471e-05
550.0,0,665.7733537326665,64,0.26666666666666666,665.8340944734072,-0.014585720495307016,-0.02058030355087905,-1.3176162907173947e-05
550.0,0,665.7733537326665,65,0.2708333333333333,665.8350435474813,-0.014939400115484938,-0.020449704632938093,-1.2184274262844412e-05
550.0,0,665.7733537326665,66,0.275,665.8359926215553,-0.015294940166984987,-0.020321943444022272,-1.1201659066010695e-05
550.0,0,665.7733537326665,67,0.2791666666666667,665.8369416956294,-0.015649868247203238,-0.02019327780326558,-1.0216800179483932e-05
550.0,0,665.7733537326665,68,0.2833333333333333,665.8378907697034,-0.016005729778717757,-0.02006572595618086,-9.234353360793307e-06
550.0,0,665.7733537326665,69,0.2875,665.8388398437776,-0.016359274069658754,-0.01993538878703037,-8.247269958673975e-06
550.0,0,665.7733537326665,70,0.2916666666666667,665.8397889178517,-0.01670580108232058,-0.01979649929930241,-7.2444061462033325e-06
550.0,0,665.7733537326665,71,0.29583333333333334,665.8407379919257,-0.01704525433744814,-0.019649012894171924,-6.225923876889971e-06
550.0,0,665.7733537326665,72,0.3,665.8416870659998,-0.017382286912312472,-0.019498547247137843,-5.202212259079099e-06
550.0,0,665.7733537326665,73,0.30416666666666664,665.8426361400739,-0.017720242193100495,-0.01934922155266971,-4.181345591978253e-06
550.0,0,665.7733537326665,74,0.30833333333333335,665.843585214148,-0.018057387966008715,-0.019199075194923462,-3.160545427906377e-06
550.0,0,665.7733537326665,75,0.3125,665.844534288222,-0.01839700643199944,-0.019051382958943944,-2.1415268563284796e-06
550.0,0,665.7733537326665,76,0.31666666666666665,665.8454833622961,-0.018734448159483767,-0.01890151719270308,-1.1219505165855993e-06
550.0,0,665.7733537326665,77,0.3208333333333333,665.8464324363702,-0.019055394849560193,-0.01873506046805751,-9.347211726312133e-08
550.0,0,665.7733537326665,78,0.325,665.8473815104443,-0.019370952955444286,-0.018563167518458656,9.374710591641674e-07
550.0,0,665.7733537326665,79,0.32916666666666666,665.8483305845183,-0.019689547756245502,-0.018394346608659195,1.9657606750995413e-06
550.0,0,665.7733537326665,80,0.3333333333333333,665.8492796585924,-0.02000742354424735,-0.018224841026334735,2.993382947029537e-06
550.0,0,665.7733537326665,81,0.3375,665.8502287326664,-0.020326242041887547,-0.018056079512562665,4.021339718266641e-06
550.0,0,665.7733537326665,82,0.3416666666666667,665.8511778067406,-0.02064339063093946,-0.01788594728793763,5.046987545732868e-06
550.0,0,665.7733537326665,83,0.3458333333333333,665.8521268808146,-0.020952094064923973,-0.017708700645222224,6.065476472205696e-06
550.0,0,665.7733537326665,84,0.35,665.8530759548887,-0.021251386730711915,-0.017523543366141436,7.075833625380091e-06
550.0,0,665.7733537326665,85,0.3541666666666667,665.8540250289627,-0.02154620033303383,-0.017334601064198242,8.081932404338457e-06
550.0,0,665.7733537326665,86,0.35833333333333334,665.8549741030369,-0.021842199823769233,-0.017146645288275315,9.088079169964055e-06
550.0,0,665.7733537326665,87,0.3625,665.8559231771109,-0.02213734944806504,-0.016958115563252007,1.0091510522260436e-05
550.0,0,665.7733537326665,88,0.36666666666666664,665.856872251185,-0.02243458124385807,-0.01677102207340587,1.1098076284642758e-05
550.0,0,665.7733537326665,89,0.37083333333333335,665.857821325259,-0.022731996921389053,-0.016584070301324978,1.2103945258114601e-05
550.0,0,665.7733537326665,90,0.375,665.8587703993331,-0.02301051970773002,-0.016383751213551373,1.3074210257515597e-05
550.0,0,665.7733537326665,91,0.37916666666666665,665.8597194734072,-0.02327860766930172,-0.016176035824859,1.4024305184093818e-05
550.0,0,665.7733537326665,92,0.3833333333333333,665.8606685474813,-0.023550534690649612,-0.01597104163578807,1.4980269627615401e-05
550.0,0,665.7733537326665,93,0.3875,665.8616176215553,-0.0238220472822288,-0.015765797507306955,1.5934013535133003e-05
550.0,0,665.7733537326665,94,0.39166666666666666,665.8625666956294,-0.024094159444095344,-0.015560839793544034,1.6888743402324926e-05
550.0,0,665.7733537326665,95,0.3958333333333333,665.8635157697036,-0.024365641195933388,-0.015355538070541661,1.784041658443504e-05
550.0,0,665.7733537326665,96,0.4,665.8644648437776,-0.024628012848422493,-0.015144806808730897,1.876654139570152e-05
550.0,0,665.7733537326665,97,0.4041666666666667,665.8654139178517,-0.02487895898055468,-0.014927274600378779,1.9660751865418962e-05
550.0,0,665.7733537326665,98,0.4083333333333333,665.8663629919257,-0.02512301491669832,-0.014705633408052279,2.0535184640049048e-05
550.0,0,665.7733537326665,99,0.4125,665.8673120659998,-0.02536808453370871,-0.014484572425918298,2.1411174278815177e-05
550.0,0,665.7733537326665,100,0.4166666666666667,665.8682611400739,-0.02561260981512655,-0.014263298275870244,2.228362658344047e-05
550.0,0,665.7733537326665,101,0.42083333333333334,665.869210214148,-0.02585834570454617,-0.014042589124545937,2.3159069219673924e-05
550.0,0,665.7733537326665,102,0.425,665.870159288222,-0.026106726389323293,-0.013823205427831603,2.4042017335944818e-05
550.0,0,665.7733537326665,103,0.42916666666666664,665.8711083622961,-0.02633611504072461,-0.013594358239557132,2.48598537395819e-05
550.0,0,665.7733537326665,104,0.43333333333333335,665.8720574363701,-0.026549180735981708,-0.013357364902108917,2.5621454202661783e-05
550.0,0,665.7733537326665,105,0.4375,665.8730065104443,-0.02676599638522283,-0.013122238044662532,2.6394165912057647e-05
550.0,0,665.7733537326665,106,0.44166666666666665,665.8739555845183,-0.02698320016118691,-0.012887344940216157,2.7166448606965503e-05
550.0,0,665.7733537326665,107,0.4458333333333333,665.8749046585924,-0.027200390219829656,-0.012652360236610852,2.7937683458102894e-05
550.0,0,665.7733537326665,108,0.45,665.8758537326664,-0.027418078924987502,-0.012417607010978842,2.870920255676281e-05
550.0,0,665.7733537326665,109,0.45416666666666666,665.8768028067406,-0.027626839602885627,-0.012179168510779,2.9444619739759892e-05
550.0,0,665.7733537326665,110,0.4583333333333333,665.8777518808146,-0.027822620032768232,-0.011935370456437876,3.012816275437787e-05
550.0,0,665.7733537326665,111,0.46249999999999997,665.8787009548887,-0.028009051864869017,-0.011687713347974289,3.077380406699497e-05
550.0,0,665.7733537326665,112,0.4666666666666667,665.8796500289627,-0.028195709615139595,-0.011440122773726243,3.1418785413484646e-05
550.0,0,665.7733537326665,113,0.4708333333333333,665.8805991030368,-0.02838244726206825,-0.011192644942351788,3.206203769078037e-05
550.0,0,665.7733537326665,114,0.475,665.8815481771109,-0.028569361567295552,-0.010945190027414495,3.2704549138622694e-05
550.0,0,665.7733537326665,115,0.4791666666666667,665.882497251185,-0.028760747879268102,-0.010699236319343103,3.3364423994749325e-05
550.0,0,665.7733537326665,116,0.48333333333333334,665.883446325259,-0.028935348910699377,-0.010447660270778177,3.395115087022553e-05
550.0,0,665.7733537326665,117,0.4875,665.8843953993331,-0.02908790196867888,-0.010188684630449458,3.4442241638856134e-05
550.0,0,665.7733537326665,118,0.49166666666666664,665.8853444734073,-0.02924273555706417,-0.00993046667130939,3.4941257769420266e-05
550.0,0,665.7733537326665,119,0.49583333333333335,665.8862935474813,-0.02939923251225494,-0.00967284016904744,3.54454435667038e-05
550.0,0,665.7733537326665,120,0.5,665.8872426215554,-0.029555025592121684,-0.00941493432900888,3.594497066190028e-05
550.0,0,665.7733537326665,121,0.5041666666666667,665.8881916956294,-0.029712230120404658,-0.009157417592725203,3.644900281086223e-05
550.0,0,665.7733537326665,122,0.5083333333333333,665.8891407697035,-0.02986149366739756,-0.008897810526964233,3.691537882875984e-05
550.0,0,665.7733537326665,123,0.5125,665.8900898437776,-0.029996794310876294,-0.00863451320181866,3.731691076123998e-05
550.0,0,665.7733537326665,124,0.5166666666666666,665.8910389178517,-0.03012053698692079,-0.008368168438482296,3.7664353271437186e-05
550.0,0,665.7733537326665,125,0.5208333333333334,665.8919879919257,-0.030243102991939403,-0.008101487645783258,3.8004602714714425e-05
550.0,0,665.7733537326665,126,0.525,665.8929370659998,-0.030366523753519795,-0.007835083192243079,3.834668874204353e-05
550.0,0,665.7733537326665,127,0.5291666666666667,665.8938861400738,-0.030489206254426946,-0.007568503207116212,3.868347249970296e-05
550.0,0,665.7733537326665,128,0.5333333333333333,665.894835214148,-0.030617196518575637,-0.007302964690440542,3.904301018996492e-05
550.0,0,665.7733537326665,129,0.5375,665.895784288222,-0.030732392891700083,-0.007034912378789465,3.934112787346401e-05
550.0,0,665.7733537326665,130,0.5416666666666666,665.8967333622961,-0.030821042429813747,-0.006761623767541269,3.9513814241873795e-05
550.0,0,665.7733537326665,131,0.5458333333333333,665.8976824363701,-0.030908938425728685,-0.006488177665870888,3.968097056603449e-05
550.0,0,665.7733537326665,132,0.55,665.8986315104443,-0.031000034514826507,-0.0062153878102885985,3.986098482877633e-05
550.0,0,665.7733537326665,133,0.5541666666666667,665.8995805845183,-0.031089898578921766,-0.005942342265551959,4.003324610615994e-05
550.0,0,665.7733537326665,134,0.5583333333333333,665.9005296585924,-0.031181623478384546,-0.005669548214887866,4.021217921329101e-05
550.0,0,665.7733537326665,135,0.5625,665.9014787326664,-0.0312670497674757,-0.005395926483958355,4.035965024841838e-05
550.0,0,665.7733537326665,136,0.5666666666666667,665.9024278067405,-0.03133817285520477,-0.00512039131345322,4.0438227422164706e-05
550.0,0,665.7733537326665,137,0.5708333333333333,665.9033768808146,-0.031396052065843366,-0.004843095510082687,4.0452828397597655e-05
550.0,0,665.7733537326665,138,0.575,665.9043259548887,-0.031450862724191654,-0.00456536903469538,4.045096077340022e-05
550.0,0,665.7733537326665,139,0.5791666666666666,665.9052750289627,-0.03150721211182965,-0.004287873572364261,4.045423644250409e-05
550.0,0,665.7733537326665,140,0.5833333333333334,665.9062241030368,-0.03156225111899786,-0.004010265718884349,4.0449382054107425e-05
550.0,0,665.7733537326665,141,0.5875,665.907173177111,-0.031622408798710824,-0.003733012477550399,4.0465912979244776e-05
550.0,0,665.7733537326665,142,0.5916666666666667,665.908122251185,-0.03167466242008867,-0.0034552020329314493,4.0444090458822197e-05
550.0,0,665.7733537326665,143,0.5958333333333333,665.9090713252591,-0.03169799157010154,-0.003175318192761636,4.028738245795586e-05
550.0,0,665.7733537326665,144,0.6,665.9100203993331,-0.031716238047277454,-0.0028950607392292443,4.010518488267091e-05
550.0,0,665.7733537326665,145,0.6041666666666666,665.9109694734072,-0.031739070849982905,-0.002615148792070158,3.9941970959956963e-05
550.0,0,665.7733537326665,146,0.6083333333333333,665.9119185474813,-0.03176048683187803,-0.0023351443850694906,3.9770154171662416e-05
550.0,0,665.7733537326665,147,0.6125,665.9128676215554,-0.031783702047266355,-0.002055145967401008,3.960409179368674e-05
550.0,0,665.7733537326665,148,0.6166666666666667,665.9138166956294,-0.03180262812211121,-0.0017751186307167289,3.941707440345259e-05
550.0,0,665.7733537326665,149,0.6208333333333333,665.9147657697035,-0.031807609710291514,-0.0014949321247025805,3.9166516094529726e-05
550.0,0,665.7733537326665,150,0.625,665.9157148437776,-0.03179834195454661,-0.0012145951325208807,3.885112031787859e-05
550.0,0,665.7733537326665,151,0.6291666666666667,665.9166639178517,-0.031783877109263184,-0.0009341852533547168,3.851063490134609e-05
550.0,0,665.7733537326665,152,0.6333333333333333,665.9176129919257,-0.03177130606701347,-0.0006538022240458375,3.817638923579513e-05
550.0,0,665.7733537326665,153,0.6375,665.9185620659998,-0.031757328470363874,-0.00037348820936674166,3.7834223347008e-05
550.0,0,665.7733537326665,154,0.6416666666666666,665.9195111400738,-0.03174744476914074,-9.295100816651865e-05,3.7506673861466515e-05
550.0,0,665.7733537326665,155,0.6458333333333334,665.920460214148,-0.031734429109415145,0.00018742164554545485,3.7164155331109485e-05
550.0,0,665.7733537326665,156,0.65,665.921409288222,-0.031692854939978914,0.00046637695626428955,3.670205471810968e-05
550.0,0,665.7733537326665,157,0.6541666666666667,665.9223583622961,-0.031641110319367005,0.0007448368336760434,3.619596781455019e-05
550.0,0,665.7733537326665,158,0.6583333333333333,665.9233074363701,-0.031594743106710795,0.0010235544275604632,3.5709951862344675e-05
550.0,0,665.7733537326665,159,0.6625,665.9242565104443,-0.031547240031674854,0.0013021919281634821,3.521731322794798e-05
550.0,0,665.7733537326665,160,0.6666666666666666,665.9252055845183,-0.031501040565155604,0.001581009097257251,3.472721052700693e-05
550.0,0,665.7733537326665,161,0.6708333333333333,665.9261546585924,-0.03145258322006316,0.001859552951281472,3.422673902425819e-05
550.0,0,665.7733537326665,162,0.675,665.9271037326664,-0.03139127153236884,0.002136676268991771,3.367627212154359e-05
550.0,0,665.7733537326665,163,0.6791666666666667,665.9280528067405,-0.031315412898273616,0.002412181242287402,3.306961592674192e-05
550.0,0,665.7733537326665,164,0.6833333333333333,665.9290018808147,-0.03123233092434259,0.002686894562481816,3.243395091431082e-05
550.0,0,665.7733537326665,165,0.6875,665.9299509548887,-0.031151020947576793,0.0029618137014898725,3.180276983920996e-05
550.0,0,665.7733537326665,166,0.6916666666666667,665.9309000289628,-0.03106863741742086,0.003236521991741493,3.116625664435864e-05
550.0,0,665.7733537326665,167,0.6958333333333333,665.9318491030368,-0.030988868853526946,0.0035117136268370363,3.053594827584998e-05
550.0,0,665.7733537326665,168,0.7,665.932798177111,-0.03090985181486277,0.0037870278298061705,2.9906088162122152e-05
550.0,0,665.7733537326665,169,0.7041666666666666,665.933747251185,-0.030805253396307054,0.004057886694756205,2.919150362549031e-05
550.0,0,665.7733537326665,170,0.7083333333333334,665.9346963252591,-0.03068553639153626,0.0043261222351777635,2.8426014347282716e-05
550.0,0,665.7733537326665,171,0.7125,665.9356453993331,-0.030571045454144102,0.004595265176592439,2.7675485123601174e-05
550.0,0,665.7733537326665,172,0.7166666666666667,665.9365944734072,-0.030456162878491046,0.004864307762751157,2.6922019997800017e-05
550.0,0,665.7733537326665,173,0.7208333333333333,665.9375435474813,-0.03034182801650893,0.005133542058326606,2.616752442056716e-05
550.0,0,665.7733537326665,174,0.725,665.9384926215554,-0.030226963769951286,0.005402623981421353,2.5409895180052217e-05
550.0,0,665.7733537326665,175,0.7291666666666666,665.9394416956294,-0.030101019233406242,0.005669050189056723,2.46209798085634e-05
550.0,0,665.7733537326665,176,0.7333333333333333,665.9403907697035,-0.029960906368093673,0.005932074509863144,2.3792727596358108e-05
550.0,0,665.7733537326665,177,0.7375,665.9413398437775,-0.02981198922171971,0.006192990023515272,2.293931986535058e-05
550.0,0,665.7733537326665,178,0.7416666666666667,665.9422889178517,-0.02966418434592514,0.00645419250781988,2.2086821675542207e-05
550.0,0,665.7733537326665,179,0.7458333333333333,665.9432379919257,-0.029515936690935676,0.006715200922572602,2.123216946991101e-05
550.0,0,665.7733537326665,180,0.75,665.9441870659998,-0.029368813218628952,0.00697659282017311,2.037754572165127e-05
550.0,0,665.7733537326665,181,0.7541666666666667,665.9451361400738,-0.029224952180504922,0.007238990290585088,1.9527519183134226e-05
550.0,0,665.7733537326665,182,0.7583333333333333,665.946085214148,-0.02906040535588437,0.007494970861268842,1.8635275827715974e-05
550.0,0,665.7733537326665,183,0.7625,665.947034288222,-0.028876952240567424,0.007745098022185481,1.7704306680226284e-05
550.0,0,665.7733537326665,184,0.7666666666666666,665.9479833622961,-0.02869748703828851,0.00799646486884482,1.677939500297698e-05
550.0,0,665.7733537326665,185,0.7708333333333334,665.9489324363701,-0.028518666547118543,0.00824799561147757,1.5854412988312996e-05
550.0,0,665.7733537326665,186,0.775,665.9498815104442,-0.028339627500065266,0.00849952968183377,1.4926574625818185e-05
550.0,0,665.7733537326665,187,0.7791666666666667,665.9508305845184,-0.028161266611788496,0.008751300700453976,1.3998079371050189e-05
550.0,0,665.7733537326665,188,0.7833333333333333,665.9517796585924,-0.0279740806543691,0.008999667535456743,1.305765888606757e-05
550.0,0,665.7733537326665,189,0.7875,665.9527287326665,-0.027773740048507793,0.009242963483503551,1.2100345333404648e-05
550.0,0,665.7733537326665,190,0.7916666666666666,665.9536778067405,-0.027563712626384775,0.009482523199658,1.113027088109496e-05
550.0,0,665.7733537326665,191,0.7958333333333333,665.9546268808147,-0.02735371385939789,0.009722120798125322,1.015840777692751e-05
550.0,0,665.7733537326665,192,0.8,665.9555759548887,-0.02714399359374175,0.009961750307300059,9.186133975080075e-06
550.0,0,665.7733537326665,193,0.8041666666666667,665.9565250289628,-0.026934259757806164,0.010201412801973777,8.211899846651085e-06
550.0,0,665.7733537326665,194,0.8083333333333333,665.9574741030368,-0.026728754204350533,0.010443057033102948,7.237213377283187e-06
550.0,0,665.7733537326665,195,0.8125,665.958423177111,-0.026508448867823782,0.010677754711472628,6.257321271752604e-06
550.0,0,665.7733537326665,196,0.8166666666666667,665.959372251185,-0.026267441564360637,0.010902752170346034,5.270743251498185e-06
550.0,0,665.7733537326665,197,0.8208333333333333,665.9603213252591,-0.0260281840287539,0.01112857829489715,4.283157468755556e-06
550.0,0,665.7733537326665,198,0.825,665.9612703993331,-0.025790668007053073,0.01135518505974374,3.2950225461589818e-06
550.0,0,665.7733537326665,199,0.8291666666666666,665.9622194734072,-0.02555238462892061,0.011581474268931765,2.304879549505121e-06
550.0,0,665.7733537326665,200,0.8333333333333334,665.9631685474812,-0.025315360243747875,0.011808453561956271,1.3125928362188526e-06
550.0,0,665.7733537326665,201,0.8375,665.9641176215554,-0.025071969884327954,0.012031844153205976,3.2396372950111647e-07
550.0,0,665.7733537326665,202,0.8416666666666667,665.9650666956294,-0.024817001621906466,0.012248728431863533,-6.570261215169498e-07
550.0,0,665.7733537326665,203,0.8458333333333333,665.9660157697035,-0.024552288257379914,0.012460126809632691,-1.6315837593470839e-06
550.0,0,665.7733537326665,204,0.85,665.9669648437775,-0.02428637355945098,0.012670879952157673,-2.606705756848769e-06
550.0,0,665.7733537326665,205,0.8541666666666666,665.9679139178517,-0.024021309855188522,0.012882054761230057,-3.5830704402227557e-06
550.0,0,665.7733537326665,206,0.8583333333333333,665.9688629919257,-0.023755582131931807,0.01309282333242672,-4.559742107237787e-06
550.0,0,665.7733537326665,207,0.8624999999999999,665.9698120659998,-0.023493820564254485,0.013306257168269928,-5.545384197577093e-06
550.0,0,665.7733537326665,208,0.8666666666666667,665.9707611400738,-0.0232230481611486,0.013513642534102558,-6.514569019796768e-06
550.0,0,665.7733537326665,209,0.8708333333333333,665.971710214148,-0.022932161665609806,0.013707555312998733,-7.4456912889114205e-06
550.0,0,665.7733537326665,210,0.875,665.9726592882221,-0.022640295031963416,0.013900823740665424,-8.376016022129342e-06
550.0,0,665.7733537326665,211,0.8791666666666667,665.9736083622961,-0.022350999922875724,0.014095782576266543,-9.312022846176526e-06
550.0,0,665.7733537326665,212,0.8833333333333333,665.9745574363702,-0.02206073925509041,0.01429010690953914,-1.0247265590782508e-05
550.0,0,665.7733537326665,213,0.8875,665.9755065104442,-0.021771736592084114,0.014485432450437059,-1.1187613863752434e-05
550.0,0,665.7733537326665,214,0.8916666666666666,665.9764555845184,-0.021478726472073297,0.014677543804568758,-1.2115598374680365e-05
550.0,0,665.7733537326665,215,0.8958333333333334,665.9774046585924,-0.021176165458890873,0.014862050669369303,-1.3013233791695104e-05
550.0,0,665.7733537326665,216,0.9,665.9783537326665,-0.020864647067273024,0.015039408688283323,-1.3882181237697347e-05
550.0,0,665.7733537326665,217,0.9041666666666667,665.9793028067405,-0.020550857341225925,0.015214987237531395,-1.4744768363277571e-05
550.0,0,665.7733537326665,218,0.9083333333333333,665.9802518808146,-0.02023817202414211,0.015391412246172999,-1.5611470350907826e-05
550.0,0,665.7733537326665,219,0.9125,665.9812009548887,-0.019924663668689818,0.015567081183247258,-1.6475276766525714e-05
550.0,0,665.7733537326665,220,0.9166666666666666,665.9821500289628,-0.019614115392512878,0.015745591089808542,-1.735443936995271e-05
550.0,0,665.7733537326665,221,0.9208333333333333,665.9830991030368,-0.0192993105361898,0.015920032670165188,-1.8213658451434124e-05
550.0,0,665.7733537326665,222,0.9249999999999999,665.9840481771109,-0.018967269375867953,0.016078063799360852,-1.899009524828236e-05
550.0,0,665.7733537326665,223,0.9291666666666667,665.984997251185,-0.018631789253684722,0.016232836380898532,-1.9750632852627916e-05
550.0,0,665.7733537326665,224,0.9333333333333333,665.9859463252591,-0.018299144931572385,0.016390282769240653,-2.0525316224439325e-05
550.0,0,665.7733537326665,225,0.9375,665.9868953993331,-0.017965679267405697,0.016546927545600842,-2.129646264394768e-05
550.0,0,665.7733537326665,226,0.9416666666666667,665.9878444734072,-0.017633104925582305,0.016704628147484447,-2.2074507959978634e-05
550.0,0,665.7733537326665,227,0.9458333333333333,665.9887935474812,-0.017298476623410563,0.016859933022151417,-2.2839088750463907e-05
550.0,0,665.7733537326665,228,0.95,665.9897426215554,-0.01695664588686602,0.01700697648951776,-2.3556097348406218e-05
550.0,0,665.7733537326665,229,0.9541666666666666,665.9906916956294,-0.016607370898398536,0.017145457811523417,-2.4223604780155895e-05
550.0,0,665.7733537326665,230,0.9583333333333334,665.9916407697035,-0.016255219204109904,0.017280663550410674,-2.487252883384495e-05
550.0,0,665.7733537326665,231,0.9625,665.9925898437775,-0.01590406316248638,0.01741700625884347,-2.5528546069091604e-05
550.0,0,665.7733537326665,232,0.9666666666666667,665.9935389178517,-0.015552292444936144,0.01755247664925638,-2.6179452105895488e-05
550.0,0,665.7733537326665,233,0.9708333333333333,665.9944879919258,-0.015202237390101937,0.017690415052357855,-2.6846694030827014e-05
550.0,0,665.7733537326665,234,0.975,665.9954370659998,-0.014851072782795405,0.017826768075197147,-2.7504238587102003e-05
550.0,0,665.7733537326665,235,0.9791666666666666,665.9963861400739,-0.014487282532921421,0.01794530893996355,-2.8048356018265775e-05
550.0,0,665.7733537326665,236,0.9833333333333333,665.9973352141479,-0.014118611859284496,0.01805698553691728,-2.854894278578414e-05
550.0,0,665.7733537326665,237,0.9874999999999999,665.9982842882221,-0.013752372462865533,0.018172074010307182,-2.9071637249975004e-05
550.0,0,665.7733537326665,238,0.9916666666666667,665.9992333622961,-0.01338569227495445,0.01828648395646818,-2.959021320017022e-05
550.0,0,665.7733537326665,239,0.9958333333333333,666.0001824363702,-0.013019413850801737,0.018401714272992326,-3.0114797118489234e-05
550.0,0,665.7733537326665,240,1.0,666.0011315104442,-0.012652425029305251,0.01851561492001531,-3.0630622897227535e-05
550.0,1,666.2733537326665,0,0.0,666.2733537326665,-0.008488403376481126,-0.02214703207200395,-2.7385589048170504e-05
550.0,1,666.2733537326665,1,0.004166666666666667,666.2743028067406,-0.008878036461348368,-0.022080472710663875,-2.663580412920514e-05
550.0,1,666.2733537326665,2,0.008333333333333333,666.2752518808146,-0.009268132291683042,-0.02201491687569817,-2.5890630316283015e-05
550.0,1,666.2733537326665,3,0.0125,666.2762009548887,-0.009657393540394287,-0.021947445992806323,-2.5136652862817526e-05
550.0,1,666.2733537326665,4,0.016666666666666666,666.2771500289628,-0.01004289236198447,-0.021870975952957058,-2.4340061213974306e-05
550.0,1,666.2733537326665,5,0.020833333333333332,666.2780991030369,-0.010424255161680544,-0.02178465354711404,-2.3496973329675992e-05
550.0,1,666.2733537326665,6,0.025,666.2790481771109,-0.010803740027813827,-0.021693809251294077,-2.2632541007990678e-05
550.0,1,666.2733537326665,7,0.029166666666666667,666.279997251185,-0.011183760310143741,-0.021604223976774074,-2.1774220168695394e-05
550.0,1,666.2733537326665,8,0.03333333333333333,666.280946325259,-0.011563310192716962,-0.021513836873037293,-2.091317547390277e-05
550.0,1,666.2733537326665,9,0.0375,666.2818953993332,-0.011944031680036719,-0.02142548538073555,-2.0059886494959575e-05
550.0,1,666.2733537326665,10,0.041666666666666664,666.2828444734072,-0.012324649813896162,-0.021336971335894104,-1.9206248215192576e-05
550.0,1,666.2733537326665,11,0.04583333333333333,666.2837935474813,-0.012695354028322982,-0.021230646415960466,-1.828461353925374e-05
550.0,1,666.2733537326665,12,0.05,666.2847426215553,-0.013060950072524394,-0.021115118495502547,-1.7327964167617e-05
550.0,1,666.2733537326665,13,0.05416666666666667,666.2856916956295,-0.013428541047044504,-0.021003186716747065,-1.6385450465432845e-05
550.0,1,666.2733537326665,14,0.058333333333333334,666.2866407697035,-0.013795849728107604,-0.020890829730641113,-1.544195578422874e-05
550.0,1,666.2733537326665,15,0.0625,666.2875898437776,-0.014163592620792363,-0.020778975336630683,-1.4499618974850897e-05
550.0,1,666.2733537326665,16,0.06666666666666667,666.2885389178516,-0.014530847574373937,-0.020666481249982157,-1.355609144944965e-05
550.0,1,666.2733537326665,17,0.07083333333333333,666.2894879919257,-0.014892717075407192,-0.02054632041610301,-1.2591530627053216e-05
550.0,1,666.2733537326665,18,0.075,666.2904370659998,-0.015247956191701058,-0.020416737414421873,-1.1601217028682482e-05
550.0,1,666.2733537326665,19,0.07916666666666666,666.2913861400739,-0.015599320429433928,-0.020281632447575547,-1.0595969394712876e-05
550.0,1,666.2733537326665,20,0.08333333333333333,666.2923352141479,-0.015951333912626774,-0.020147412892166355,-9.593459696089567e-06
550.0,1,666.2733537326665,21,0.0875,666.293284288222,-0.016302923534374538,-0.02001278581534877,-8.59130680075939e-06
550.0,1,666.2733537326665,22,0.09166666666666666,666.294233362296,-0.016655410012699486,-0.019879138078575102,-7.590805144313863e-06
550.0,1,666.2733537326665,23,0.09583333333333333,666.2951824363702,-0.017009390231220233,-0.019747232877525063,-6.593607240795133e-06
550.0,1,666.2733537326665,24,0.1,666.2961315104443,-0.017350974316270334,-0.01960097262092226,-5.57424600110795e-06
550.0,1,666.2733537326665,25,0.10416666666666667,666.2970805845183,-0.01768254142474848,-0.019443092879783408,-4.5370696270388265e-06
550.0,1,666.2733537326665,26,0.10833333333333334,666.2980296585924,-0.0180165958642485,-0.019288091510582896,-3.505055251001692e-06
550.0,1,666.2733537326665,27,0.1125,666.2989787326665,-0.01835078517381594,-0.01913331007820817,-2.4744382771287967e-06
550.0,1,666.2733537326665,28,0.11666666666666667,666.2999278067406,-0.018685078963662786,-0.0189785074649734,-1.4435053583703349e-06
550.0,1,666.2733537326665,29,0.12083333333333333,666.3008768808146,-0.019019597405752122,-0.018823959280065094,-4.135690564472232e-07
550.0,1,666.2733537326665,30,0.125,666.3018259548887,-0.01934784546190392,-0.018663383618545224,6.170767635290978e-07
550.0,1,666.2733537326665,31,0.12916666666666665,666.3027750289627,-0.019667193191689372,-0.018494252542501866,1.6489084223771535e-06
550.0,1,666.2733537326665,32,0.13333333333333333,666.3037241030369,-0.019980278513429737,-0.01831910165042925,2.6812622265577086e-06
550.0,1,666.2733537326665,33,0.1375,666.3046731771109,-0.020293640737537748,-0.018144178391379794,3.7130434837517343e-06
550.0,1,666.2733537326665,34,0.14166666666666666,666.305622251185,-0.020606941273020065,-0.0179693173729377,4.743045917141878e-06
550.0,1,666.2733537326665,35,0.14583333333333334,666.306571325259,-0.02092049982947929,-0.017794614062615233,5.7728981940664026e-06
550.0,1,666.2733537326665,36,0.15,666.3075203993332,-0.02123720655111649,-0.01762244976402464,6.80522224843679e-06
550.0,1,666.2733537326665,37,0.15416666666666667,666.3084694734072,-0.021541184653470668,-0.017440041214419166,7.823219938880869e-06
550.0,1,666.2733537326665,38,0.15833333333333333,666.3094185474813,-0.021829447759690986,-0.01724496596978465,8.823698679732877e-06
550.0,1,666.2733537326665,39,0.1625,666.3103676215553,-0.022119627200026536,-0.017051425173932322,9.825264012577583e-06
550.0,1,666.2733537326665,40,0.16666666666666666,666.3113166956294,-0.022410863987312596,-0.01685878339491688,1.0826585236212479e-05
550.0,1,666.2733537326665,41,0.17083333333333334,666.3122657697035,-0.022701676673748915,-0.016665733901253407,1.1826960417400267e-05
550.0,1,666.2733537326665,42,0.175,666.3132148437776,-0.022993495670266043,-0.016473389885186217,1.2828226471442143e-05
550.0,1,666.2733537326665,43,0.17916666666666667,666.3141639178516,-0.023278985804561884,-0.016276762045662363,1.3815358570875863e-05
550.0,1,666.2733537326665,44,0.18333333333333332,666.3151129919257,-0.02355369423302381,-0.01607282009093798,1.4779157478538199e-05
550.0,1,666.2733537326665,45,0.1875,666.3160620659997,-0.023819639517870222,-0.015862941774288843,1.5723615489954933e-05
550.0,1,666.2733537326665,46,0.19166666666666665,666.3170111400739,-0.02408486639997759,-0.01565254305700983,1.6665632157896075e-05
550.0,1,666.2733537326665,47,0.19583333333333333,666.317960214148,-0.02435064154045513,-0.015442586658517343,1.7607080266213322e-05
550.0,1,666.2733537326665,48,0.2,666.318909288222,-0.02461592566912298,-0.015232311856535749,1.854620488694557e-05
550.0,1,666.2733537326665,49,0.20416666666666666,666.3198583622961,-0.024885489520110438,-0.015024471817517789,1.9496460271109574e-05
550.0,1,666.2733537326665,50,0.20833333333333334,666.3208074363702,-0.025144098685349066,-0.014810397090127958,2.0413977337185942e-05
550.0,1,666.2733537326665,51,0.2125,666.3217565104443,-0.02538151974446167,-0.014584239998461876,2.1269283705314283e-05
550.0,1,666.2733537326665,52,0.21666666666666667,666.3227055845183,-0.025618759660923394,-0.014357968775685894,2.2122753565994834e-05
550.0,1,666.2733537326665,53,0.22083333333333333,666.3236546585924,-0.025858413014003826,-0.014133106170010276,2.2981585151203454e-05
550.0,1,666.2733537326665,54,0.225,666.3246037326664,-0.0260971185948786,-0.01390768283058722,2.3836442317319205e-05
550.0,1,666.2733537326665,55,0.22916666666666666,666.3255528067406,-0.026337374971346455,-0.013683004471455231,2.469531821234727e-05
550.0,1,666.2733537326665,56,0.23333333333333334,666.3265018808146,-0.02657204846120599,-0.013455680756296287,2.5533144500640038e-05
550.0,1,666.2733537326665,57,0.2375,666.3274509548887,-0.02679458205089241,-0.01322256896181011,2.6326980694544864e-05
550.0,1,666.2733537326665,58,0.24166666666666667,666.3284000289627,-0.027006040520457155,-0.012984189258934693,2.708037602060853e-05
550.0,1,666.2733537326665,59,0.24583333333333332,666.3293491030369,-0.027215154640168368,-0.012744666886227635,2.782412787812619e-05
550.0,1,666.2733537326665,60,0.25,666.3302981771109,-0.027425489057235363,-0.01250576002198022,2.8570428598922045e-05
550.0,1,666.2733537326665,61,0.25416666666666665,666.331247251185,-0.027634725101985693,-0.012266398325387552,2.931092813140717e-05
550.0,1,666.2733537326665,62,0.2583333333333333,666.332196325259,-0.027848561278536587,-0.012028831090553412,3.006830898706908e-05
550.0,1,666.2733537326665,63,0.2625,666.3331453993331,-0.028054783733671557,-0.011788283245016122,3.079368593368118e-05
550.0,1,666.2733537326665,64,0.26666666666666666,666.3340944734072,-0.02823563251892049,-0.011537766514685478,3.1416064787819355e-05
550.0,1,666.2733537326665,65,0.2708333333333333,666.3350435474813,-0.02841260307286028,-0.01128571559037448,3.20212739598317e-05
550.0,1,666.2733537326665,66,0.275,666.3359926215553,-0.028593463348988563,-0.011035213237280959,3.264023828585133e-05
550.0,1,666.2733537326665,67,0.2791666666666667,666.3369416956294,-0.028773068862405795,-0.010784225251395121,3.3252440129671525e-05
550.0,1,666.2733537326665,68,0.2833333333333333,666.3378907697034,-0.02895436293888697,-0.01053376044403346,3.3870317621880124e-05
550.0,1,666.2733537326665,69,0.2875,666.3388398437776,-0.029131448162644853,-0.010281980209627577,3.446812374833182e-05
550.0,1,666.2733537326665,70,0.2916666666666667,666.3397889178517,-0.029295680903074366,-0.01002611803012657,3.500838328008996e-05
550.0,1,666.2733537326665,71,0.29583333333333334,666.3407379919257,-0.02944696096254995,-0.009766155318542385,3.549052381294445e-05
550.0,1,666.2733537326665,72,0.3,666.3416870659998,-0.02959377471240154,-0.009504758178200682,3.5951453690742e-05
550.0,1,666.2733537326665,73,0.30416666666666664,666.3426361400739,-0.029742294661392953,-0.009243911347524473,3.641792659339549e-05
550.0,1,666.2733537326665,74,0.30833333333333335,666.343585214148,-0.029889468999501175,-0.008982728374173382,3.6876419352737896e-05
550.0,1,666.2733537326665,75,0.3125,666.344534288222,-0.030040709865579756,-0.008722529556620343,3.735169808479272e-05
550.0,1,666.2733537326665,76,0.31666666666666665,666.3454833622961,-0.03018836843375416,-0.00846145571187953,3.780873653650905e-05
550.0,1,666.2733537326665,77,0.3208333333333333,666.3464324363702,-0.030308738090849094,-0.008193643138206393,3.8139159634363605e-05
550.0,1,666.2733537326665,78,0.325,666.3473815104443,-0.03042017666524182,-0.007923615212649797,3.842680224905024e-05
550.0,1,666.2733537326665,79,0.32916666666666666,666.3483305845183,-0.030536652134563056,-0.007654841884690673,3.873549595103732e-05
550.0,1,666.2733537326665,80,0.3333333333333333,666.3492796585924,-0.030651971112492463,-0.0073858063020804925,3.9036898558906376e-05
550.0,1,666.2733537326665,81,0.3375,666.3502287326664,-0.030768676479751976,-0.0071169891225940545,3.934287066734799e-05
550.0,1,666.2733537326665,82,0.3416666666666667,666.3511778067406,-0.0308828816486698,-0.00684774222651512,3.963514781751189e-05
550.0,1,666.2733537326665,83,0.3458333333333333,666.3521268808146,-0.03098428367345824,-0.006576172327418527,3.9865547658676335e-05
550.0,1,666.2733537326665,84,0.35,666.3530759548887,-0.031071417002031407,-0.006302024961036199,4.002715550531908e-05
550.0,1,666.2733537326665,85,0.3541666666666667,666.3540250289627,-0.031151737997697097,-0.006026633809216088,4.015482053603766e-05
550.0,1,666.2733537326665,86,0.35833333333333334,666.3549741030369,-0.031233849520784344,-0.0057515591828244846,4.028881219852666e-05
550.0,1,666.2733537326665,87,0.3625,666.3559231771109,-0.031314790632145664,-0.005476366486840293,4.041528429365574e-05
550.0,1,666.2733537326665,88,0.36666666666666664,666.356872251185,-0.031398624884274834,-0.005201487842119036,4.055322128168413e-05
550.0,1,666.2733537326665,89,0.37083333333333335,666.357821325259,-0.03148273043957792,-0.004926649503948999,4.06903781760153e-05
550.0,1,666.2733537326665,90,0.375,666.3587703993331,-0.03154031234276114,-0.004648688650516354,4.070143643293604e-05
550.0,1,666.2733537326665,91,0.37916666666666665,666.3597194734072,-0.03158323002831705,-0.004368991918440117,4.064178958722052e-05
550.0,1,666.2733537326665,92,0.3833333333333333,666.3606685474813,-0.031631537693317856,-0.0040899333190301335,4.060524413976832e-05
550.0,1,666.2733537326665,93,0.3875,666.3616176215553,-0.03167930027207754,-0.003810841529422624,4.0564093015078766e-05
550.0,1,666.2733537326665,94,0.39166666666666666,666.3625666956294,-0.03172778824012649,-0.003531736495821515,4.052403976378504e-05
550.0,1,666.2733537326665,95,0.3958333333333333,666.3635157697036,-0.03177547750636946,-0.003252610527182798,4.0478272142487827e-05
550.0,1,666.2733537326665,96,0.4,666.3644648437776,-0.03181123667584931,-0.0029728077372254283,4.037590886635367e-05
550.0,1,666.2733537326665,97,0.4041666666666667,666.3654139178517,-0.03183202803178398,-0.0026921624666213038,4.02030869338523e-05
550.0,1,666.2733537326665,98,0.4083333333333333,666.3663629919257,-0.031843780420962316,-0.002411002474390243,3.998683111825625e-05
550.0,1,666.2733537326665,99,0.4125,666.3673120659998,-0.031856842002811005,-0.0021298984782576157,3.9774350090589747e-05
550.0,1,666.2733537326665,100,0.4166666666666667,666.3682611400739,-0.03186928442436057,-0.0018488446808593159,3.955720134177701e-05
550.0,1,666.2733537326665,101,0.42083333333333334,666.369210214148,-0.03188318130387888,-0.0015677532576157795,3.9344128426533e-05
550.0,1,666.2733537326665,102,0.425,666.370159288222,-0.03190033383818238,-0.0012866540788608234,3.9143103342621225e-05
550.0,1,666.2733537326665,103,0.42916666666666664,666.3711083622961,-0.03189415926767434,-0.001005655744494627,3.883843448207894e-05
550.0,1,666.2733537326665,104,0.43333333333333335,666.3720574363701,-0.03186792210209799,-0.0007247338693264079,3.8444285094789546e-05
550.0,1,666.2733537326665,105,0.4375,666.3730065104443,-0.03184628350915061,-0.0004437904340222507,3.8067998135535615e-05
550.0,1,666.2733537326665,106,0.44166666666666665,666.3739555845183,-0.0318251549986947,-0.00016287784797040482,3.769196341809829e-05
550.0,1,666.2733537326665,107,0.4458333333333333,666.3749046585924,-0.03180393889235081,0.00011810371389603055,3.731305251093443e-05
550.0,1,666.2733537326665,108,0.45,666.3758537326664,-0.03178332064267419,0.0003991017280296518,3.6934533280658506e-05
550.0,1,666.2733537326665,109,0.45416666666666666,666.3768028067406,-0.03175238009915584,0.0006794303010082981,3.6512209887654e-05
550.0,1,666.2733537326665,110,0.4583333333333333,666.3777518808146,-0.03170642234385957,0.0009587863205566752,3.602715389714466e-05
550.0,1,666.2733537326665,111,0.46249999999999997,666.3787009548887,-0.03164964321034889,0.0012374406434056092,3.549631783868894e-05
550.0,1,666.2733537326665,112,0.4666666666666667,666.3796500289627,-0.031593102764813155,0.0015161337045185802,3.496419010379316e-05
550.0,1,666.2733537326665,113,0.4708333333333333,666.3805991030368,-0.03153672272572872,0.0017947677537795282,3.443107251505338e-05
550.0,1,666.2733537326665,114,0.475,666.3815481771109,-0.031480504582425024,0.002073455770505836,3.3896217720251376e-05
550.0,1,666.2733537326665,115,0.4791666666666667,666.382497251185,-0.03142916978344086,0.0023527601648213802,3.337695512288207e-05
550.0,1,666.2733537326665,116,0.48333333333333334,666.383446325259,-0.03135951603337467,0.0026297407905134045,3.2789309530932095e-05
550.0,1,666.2733537326665,117,0.4875,666.3843953993331,-0.03126578585546561,0.002903680504940899,3.211241949775952e-05
550.0,1,666.2733537326665,118,0.49166666666666664,666.3853444734073,-0.031174534785729978,0.0031779404134715627,3.144242044899727e-05
550.0,1,666.2733537326665,119,0.49583333333333335,666.3862935474813,-0.03108512661469013,0.0034524024983565915,3.077730237314257e-05
550.0,1,666.2733537326665,120,0.5,666.3872426215554,-0.03099491428988692,0.0037268026635428678,3.0106925389991428e-05
550.0,1,666.2733537326665,121,0.5041666666666667,666.3881916956294,-0.0309061717362214,0.004001466411849995,2.943920767529616e-05
550.0,1,666.2733537326665,122,0.5083333333333333,666.3891407697035,-0.030809241879250368,0.004274566769713012,2.8744080536675644e-05
550.0,1,666.2733537326665,123,0.5125,666.3900898437776,-0.030697899272064514,0.004544929475764241,2.8002185293464942e-05
550.0,1,666.2733537326665,124,0.5166666666666666,666.3910389178517,-0.030574626994681484,0.004813019097481334,2.722134856636858e-05
550.0,1,666.2733537326665,125,0.5208333333333334,666.3919879919257,-0.030450118094219644,0.005080898332862079,2.6434514979417916e-05
550.0,1,666.2733537326665,126,0.525,666.3929370659998,-0.030326534701731373,0.005348904140321812,2.564906393040188e-05
550.0,1,666.2733537326665,127,0.5291666666666667,666.3938861400738,-0.030202205391500613,0.005616749164018315,2.485953727207103e-05
550.0,1,666.2733537326665,128,0.5333333333333333,666.394835214148,-0.03008305160176818,0.005885929381099492,2.408091908983001e-05
550.0,1,666.2733537326665,129,0.5375,666.395784288222,-0.029951419415704266,0.006151894045118361,2.3269375002271295e-05
550.0,1,666.2733537326665,130,0.5416666666666666,666.3967333622961,-0.02979387735806346,0.006411202834051872,2.2391471277658516e-05
550.0,1,666.2733537326665,131,0.5458333333333333,666.3976824363701,-0.029635589893722992,0.006670329251259718,2.150981676311829e-05
550.0,1,666.2733537326665,132,0.55,666.3986315104443,-0.029480445439231895,0.006930237300137669,2.0634417447694057e-05
550.0,1,666.2733537326665,133,0.5541666666666667,666.3995805845183,-0.029324088301681244,0.007189846893703594,1.9754061779714663e-05
550.0,1,666.2733537326665,134,0.5583333333333333,666.4005296585924,-0.029169450159277174,0.007450017117063393,1.8874979639442747e-05
550.0,1,666.2733537326665,135,0.5625,666.4014787326664,-0.029009012740983907,0.007708270289888616,1.7983933925570082e-05
550.0,1,666.2733537326665,136,0.5666666666666667,666.4024278067405,-0.028835376530155214,0.007962197255956588,1.7067677869803923e-05
550.0,1,666.2733537326665,137,0.5708333333333333,666.4033768808146,-0.028649525514529296,0.008212108489419861,1.612816933424148e-05
550.0,1,666.2733537326665,138,0.575,666.4043259548887,-0.02846082495963311,0.008461107711526259,1.5181711865051395e-05
550.0,1,666.2733537326665,139,0.5791666666666666,666.4052750289627,-0.02827356584547147,0.008710552004466575,1.4236425560081984e-05
550.0,1,666.2733537326665,140,0.5833333333333334,666.4062241030368,-0.028085150083688323,0.008959548593682995,1.3288145295011068e-05
550.0,1,666.2733537326665,141,0.5875,666.407173177111,-0.027901181025640376,0.009210362627766427,1.2342275582790391e-05
550.0,1,666.2733537326665,142,0.5916666666666667,666.408122251185,-0.027710337161816465,0.0094583780663962,1.1388321253378573e-05
550.0,1,666.2733537326665,143,0.5958333333333333,666.4090713252591,-0.027494306647197382,0.009696180070601744,1.0408936632040113e-05
550.0,1,666.2733537326665,144,0.6,666.4100203993331,-0.027273841947506056,0.009932194698198516,9.423749317783377e-06
550.0,1,666.2733537326665,145,0.6041666666666666,666.4109694734072,-0.02705738440526702,0.010169814996118976,8.441042531331966e-06
550.0,1,666.2733537326665,146,0.6083333333333333,666.4119185474813,-0.026839700793084665,0.010406927528532305,7.4557924157984945e-06
550.0,1,666.2733537326665,147,0.6125,666.4128676215554,-0.026623480714003986,0.010644775768222004,6.468874268824254e-06
550.0,1,666.2733537326665,148,0.6166666666666667,666.4138166956294,-0.026403759135298743,0.010880882213418864,5.480650358822235e-06
550.0,1,666.2733537326665,149,0.6208333333333333,666.4147657697035,-0.02617259955083453,0.01111137934291247,4.490781904047352e-06
550.0,1,666.2733537326665,150,0.625,666.4157148437776,-0.025929762613614328,0.011336134911484365,3.4995334626840796e-06
550.0,1,666.2733537326665,151,0.6291666666666667,666.4166639178517,-0.025682651630612015,0.011558811011455236,2.5067290584057616e-06
550.0,1,666.2733537326665,152,0.6333333333333333,666.4176129919257,-0.0254370981565061,0.011782244690882631,1.512678507907535e-06
550.0,1,666.2733537326665,153,0.6375,666.4185620659998,-0.025190462271384863,0.012005043086504495,5.184264560619353e-07
550.0,1,666.2733537326665,154,0.6416666666666666,666.4195111400738,-0.024946957886292167,0.012229708434085492,-4.807334095147729e-07
550.0,1,666.2733537326665,155,0.6458333333333334,666.420460214148,-0.024701052376684223,0.012452950583742833,-1.4785687201467848e-06
550.0,1,666.2733537326665,156,0.65,666.421409288222,-0.02443318416589727,0.012663283092573212,-2.4544123257351033e-06
550.0,1,666.2733537326665,157,0.6541666666666667,666.4223583622961,-0.02415748732908086,0.01286902624272897,-3.423222108116879e-06
550.0,1,666.2733537326665,158,0.6583333333333333,666.4233074363701,-0.023885934306677715,0.013077193156189836,-4.397451206396875e-06
550.0,1,666.2733537326665,159,0.6625,666.4242565104443,-0.023613527416564754,0.013284827178864395,-5.371583774574935e-06
550.0,1,666.2733537326665,160,0.6666666666666666,666.4252055845183,-0.02334202668910628,0.013493144367492145,-6.349432099608818e-06
550.0,1,666.2733537326665,161,0.6708333333333333,666.4261546585924,-0.023068924404142713,0.013700309125094812,-7.324457580318143e-06
550.0,1,666.2733537326665,162,0.675,666.4271037326664,-0.02278659190929642,0.013901024188478325,-8.27973620355031e-06
550.0,1,666.2733537326665,163,0.6791666666666667,666.4280528067405,-0.02249382598133531,0.014094433698364058,-9.21227780570455e-06
550.0,1,666.2733537326665,164,0.6833333333333333,666.4290018808147,-0.022195870190664893,0.014284225982599257,-1.0134115653821933e-05
550.0,1,666.2733537326665,165,0.6875,666.4299509548887,-0.021899177753824765,0.01447491509996352,-1.1059917347227242e-05
550.0,1,666.2733537326665,166,0.6916666666666667,666.4309000289628,-0.021601791619200457,0.014664990352727126,-1.1983769243191376e-05
550.0,1,666.2733537326665,167,0.6958333333333333,666.4318491030368,-0.02130612002127096,0.014856536161816548,-1.2915281177829481e-05
550.0,1,666.2733537326665,168,0.7,666.432798177111,-0.02101095467641895,0.015048491194429116,-1.3849484257031732e-05
550.0,1,666.2733537326665,169,0.7041666666666666,666.433747251185,-0.020698788352250537,0.015226283665584267,-1.47222776695664e-05
550.0,1,666.2733537326665,170,0.7083333333333334,666.4346963252591,-0.02037656755062843,0.015395715196660125,-1.5559114440983817e-05
550.0,1,666.2733537326665,171,0.7125,666.4356453993331,-0.020057824091054968,0.015568039373545967,-1.6409441569092185e-05
550.0,1,666.2733537326665,172,0.7166666666666667,666.4365944734072,-0.019738847186113025,0.015740120358254343,-1.7259205680505178e-05
550.0,1,666.2733537326665,173,0.7208333333333333,666.4375435474813,-0.019420153371660535,0.015912583262852113,-1.8112212025836892e-05
550.0,1,666.2733537326665,174,0.725,666.4384926215554,-0.01910115808479502,0.016084703866241768,-1.8963988776069862e-05
550.0,1,666.2733537326665,175,0.7291666666666666,666.4394416956294,-0.01877540651304269,0.016250096230351035,-1.9780824817323695e-05
550.0,1,666.2733537326665,176,0.7333333333333333,666.4403907697035,-0.018441025113242516,0.016406884570093937,-2.055262744820934e-05
550.0,1,666.2733537326665,177,0.7375,666.4413398437775,-0.018101278934564376,0.01655833276599987,-2.12966799738626e-05
550.0,1,666.2733537326665,178,0.7416666666666667,666.4422889178517,-0.017762193268404197,0.01671047246161674,-2.2045130101287755e-05
550.0,1,666.2733537326665,179,0.7458333333333333,666.4432379919257,-0.017422911080001265,0.01686227119704247,-2.2791796543782057e-05
550.0,1,666.2733537326665,180,0.75,666.4441870659998,-0.01708421858847094,0.017014845690614004,-2.354391642316491e-05
550.0,1,666.2733537326665,181,0.7541666666666667,666.4451361400738,-0.016747326989014568,0.01716958308480035,-2.4309595052333963e-05
550.0,1,666.2733537326665,182,0.7583333333333333,666.446085214148,-0.01639905009800021,0.017310572353129397,-2.4993200202469294e-05
550.0,1,666.2733537326665,183,0.7625,666.447034288222,-0.016040358974694004,0.017439007110783118,-2.5601814944851813e-05
550.0,1,666.2733537326665,184,0.7666666666666666,666.4479833622961,-0.01568386309511709,0.017570097480316408,-2.622684284431403e-05
550.0,1,666.2733537326665,185,0.7708333333333334,666.4489324363701,-0.015327752561903248,0.01770158720103702,-2.6854538461830473e-05
550.0,1,666.2733537326665,186,0.775,666.4498815104442,-0.014971461773730554,0.01783298951653868,-2.748247375899716e-05
550.0,1,666.2733537326665,187,0.7791666666666667,666.4508305845184,-0.014615522042612383,0.017964864430889252,-2.8113816417832827e-05
550.0,1,666.2733537326665,188,0.7833333333333333,666.4517796585924,-0.014255283065854692,0.018090327755569565,-2.8703781146229894e-05
550.0,1,666.2733537326665,189,0.7875,666.4527287326665,-0.013888636845472532,0.01820624250951536,-2.923185773083651e-05
550.0,1,666.2733537326665,190,0.7916666666666666,666.4536778067405,-0.013517277438253554,0.018315128977266178,-2.971438673950855e-05
550.0,1,666.2733537326665,191,0.7958333333333333,666.4546268808147,-0.013145909475001792,0.018424058296256384,-3.019756176898617e-05
550.0,1,666.2733537326665,192,0.8,666.4555759548887,-0.012774740080113737,0.018533127585320407,-3.068170988860787e-05
550.0,1,666.2733537326665,193,0.8041666666666667,666.4565250289628,-0.012403532089453375,0.018642218377484004,-3.116639938114976e-05
550.0,1,666.2733537326665,194,0.8083333333333333,666.4574741030368,-0.012034087709622686,0.018754664601882996,-3.167437299154965e-05
550.0,1,666.2733537326665,195,0.8125,666.458423177111,-0.01165847636281355,0.018855353888542873,-3.210201201118409e-05
550.0,1,666.2733537326665,196,0.8166666666666667,666.459372251185,-0.011274226026800591,0.018939613085523367,-3.2417193397449956e-05
550.0,1,666.2733537326665,197,0.8208333333333333,666.4603213252591,-0.010890700369612183,0.01902527181242245,-3.2742146665031065e-05
550.0,1,666.2733537326665,198,0.825,666.4612703993331,-0.01050793163737037,0.019112284774395263,-3.307650519370982e-05
550.0,1,666.2733537326665,199,0.8291666666666666,666.4622194734072,-0.010124807105159015,0.0191987226312534,-3.340714582858282e-05
550.0,1,666.2733537326665,200,0.8333333333333334,666.4631685474812,-0.009742124162593483,0.01928624220188741,-3.374552879218859e-05
550.0,1,666.2733537326665,201,0.8375,666.4641176215554,-0.009357291845857905,0.01936821090592429,-3.404505618903465e-05
550.0,1,666.2733537326665,202,0.8416666666666667,666.4650666956294,-0.008968535619637832,0.019440107494368343,-3.427393029494037e-05
550.0,1,666.2733537326665,203,0.8458333333333333,666.4660157697035,-0.008576487957412272,0.019503526787021594,-3.444329523716134e-05
550.0,1,666.2733537326665,204,0.85,666.4669648437775,-0.00818400855140149,0.019565926677151263,-3.4605563675436315e-05
550.0,1,666.2733537326665,205,0.8541666666666666,666.4679139178517,-0.007791864604905932,0.019629019655401873,-3.477277502848119e-05
550.0,1,666.2733537326665,206,0.8583333333333333,666.4688629919257,-0.007399523621796051,0.01969150861920504,-3.49358070485176e-05
550.0,1,666.2733537326665,207,0.8624999999999999,666.4698120659998,-0.007008159134729119,0.0197578002769242,-3.512569254928456e-05
550.0,1,666.2733537326665,208,0.8666666666666667,666.4707611400738,-0.006614568264252044,0.01981544988215121,-3.525477600146159e-05
550.0,1,666.2733537326665,209,0.8708333333333333,666.471710214148,-0.006215984885342904,0.01985383792766499,-3.524818726688468e-05
550.0,1,666.2733537326665,210,0.875,666.4726592882221,-0.005817148744185953,0.019891299926425566,-3.523506230444561e-05
550.0,1,666.2733537326665,211,0.8791666666666667,666.4736083622961,-0.005418978106849268,0.01993119944811881,-3.523915801629525e-05
550.0,1,666.2733537326665,212,0.8833333333333333,666.4745574363702,-0.0050205574111113795,0.01997018390025994,-3.523679681334542e-05
550.0,1,666.2733537326665,213,0.8875,666.4755065104442,-0.004622315932106902,0.020010503818512444,-3.524367116340024e-05
550.0,1,666.2733537326665,214,0.8916666666666666,666.4764555845184,-0.00422352436710641,0.020046549082325008,-3.522103260860799e-05
550.0,1,666.2733537326665,215,0.8958333333333334,666.4774046585924,-0.0038233756877695444,0.020072458613147257,-3.512833524272202e-05
550.0,1,666.2733537326665,216,0.9,666.4783537326665,-0.0034219699870539425,0.02008885991825215,-3.49699207880118e-05
550.0,1,666.2733537326665,217,0.9041666666666667,666.4793028067405,-0.0030202177576205895,0.020102878269911327,-3.479494085859321e-05
550.0,1,666.2733537326665,218,0.9083333333333333,666.4802518808146,-0.002618649824631453,0.020118039927382245,-3.46279085330572e-05
550.0,1,666.2733537326665,219,0.9125,666.4812009548887,-0.00221704968575281,0.020132247555077563,-3.4454469110698663e-05
550.0,1,666.2733537326665,220,0.9166666666666666,666.4821500289628,-0.0018154632321356675,0.020149985192151543,-3.4304368876010814e-05
550.0,1,666.2733537326665,221,0.9208333333333333,666.4830991030368,-0.001413842845045247,0.02016265071416586,-3.4120631963950346e-05
550.0,1,666.2733537326665,222,0.9249999999999999,666.4840481771109,-0.0010120319700626078,0.02015484719482974,-3.380110001028973e-05
550.0,1,666.2733537326665,223,0.9291666666666667,666.484997251185,-0.0006101699364100637,0.020142974069293718,-3.3454502409495376e-05
550.0,1,666.2733537326665,224,0.9333333333333333,666.4859463252591,-0.00020836132302092867,0.020134447900929612,-3.313014783590167e-05
550.0,1,666.2733537326665,225,0.9375,666.4868953993331,0.00019343985202611378,0.020124929937247727,-3.279924236934972e-05
550.0,1,666.2733537326665,226,0.9416666666666667,666.4878444734072,0.000595405458025203,0.020116641431229536,-3.247586710638743e-05
550.0,1,666.2733537326665,227,0.9458333333333333,666.4887935474812,0.0009970234524833248,0.02010555047614684,-3.213513907628766e-05
550.0,1,666.2733537326665,228,0.95,666.4897426215554,0.001397540552413524,0.02008475230131094,-3.173404159417548e-05
550.0,1,666.2733537326665,229,0.9541666666666666,666.4906916956294,0.0017969017604062873,0.0200539157156552,-3.127060260397929e-05
550.0,1,666.2733537326665,230,0.9583333333333334,666.4916407697035,0.002195844307406107,0.02001922920515335,-3.078315109881696e-05
550.0,1,666.2733537326665,231,0.9625,666.4925898437775,0.002594934388416732,0.019985877718858,-3.030401582426819e-05
550.0,1,666.2733537326665,232,0.9666666666666667,666.4935389178517,0.0029937904271763816,0.019951563748724588,-2.9819451327024002e-05
550.0,1,666.2733537326665,233,0.9708333333333333,666.4944879919258,0.0033933273659114025,0.019919963041281227,-2.935010056447625e-05
550.0,1,666.2733537326665,234,0.975,666.4954370659998,0.0037924306033552176,0.01988660682883823,-2.887087617355008e-05
550.0,1,666.2733537326665,235,0.9791666666666666,666.4963861400739,0.004186809311555996,0.01983353904317488,-2.8280203390319398e-05
550.0,1,666.2733537326665,236,0.9833333333333333,666.4973352141479,0.004579379638675189,0.01977286977032334,-2.7646544072803147e-05
550.0,1,666.2733537326665,237,0.9874999999999999,666.4982842882221,0.004972844240336839,0.019715980853583805,-2.703437928992467e-05
550.0,1,666.2733537326665,238,0.9916666666666667,666.4992333622961,0.005366096067005352,0.019658357165384017,-2.6418320518536073e-05
550.0,1,666.2733537326665,239,0.9958333333333333,666.5001824363702,0.005759711953560174,0.019601569615698092,-2.580617695861722e-05
550.0,1,666.2733537326665,240,1.0,666.5011315104442,0.006152785854273856,0.019543403112884807,-2.5187431580637545e-05
550.0,2,666.7733537326665,0,0.0,666.7733537326665,-0.024610173111439534,-0.015324716169011855,1.8330900583555327e-05
550.0,2,666.7733537326665,1,0.004166666666666667,666.7743028067406,-0.024870001817352026,-0.015110081467095615,1.9258083300178967e-05
550.0,2,666.7733537326665,2,0.008333333333333333,666.7752518808146,-0.025131045150271446,-0.014896073194164309,2.018798118914524e-05
550.0,2,666.7733537326665,3,0.0125,666.7762009548887,-0.025389809363727596,-0.014680849058016887,2.110948311593413e-05
550.0,2,666.7733537326665,4,0.016666666666666666,666.7771500289628,-0.02563798487738213,-0.014459841347954236,2.199740696485054e-05
550.0,2,666.7733537326665,5,0.020833333333333332,666.7780991030369,-0.025874537198212606,-0.014232499452255208,2.2848388850789345e-05
550.0,2,666.7733537326665,6,0.025,666.7790481771109,-0.0261057674105734,-0.014002239844271337,2.368175168709677e-05
550.0,2,666.7733537326665,7,0.029166666666666667,666.779997251185,-0.02633848987928656,-0.013772787529550707,2.4518297835270042e-05
550.0,2,666.7733537326665,8,0.03333333333333333,666.780946325259,-0.02657015661528241,-0.013542874183265897,2.534944558347614e-05
550.0,2,666.7733537326665,9,0.0375,666.7818953993332,-0.02680448552111513,-0.013314140598591585,2.618907081723128e-05
550.0,2,666.7733537326665,10,0.041666666666666664,666.7828444734072,-0.02703860315404787,-0.013085321088689386,2.7026443511052562e-05
550.0,2,666.7733537326665,11,0.04583333333333333,666.7837935474813,-0.027249737174658565,-0.012846056304970856,2.7778341369567207e-05
550.0,2,666.7733537326665,12,0.05,666.7847426215553,-0.027449005548933664,-0.012601387801235167,2.8485318065910255e-05
550.0,2,666.7733537326665,13,0.05416666666666667,666.7856916956295,-0.027652909700673012,-0.012358831340479581,2.9207623421069152e-05
550.0,2,666.7733537326665,14,0.058333333333333334,666.7866407697035,-0.027856228992107497,-0.01211604458624697,2.992599815440799e-05
550.0,2,666.7733537326665,15,0.0625,666.7875898437776,-0.028060319633218565,-0.011873488073823057,3.064624507116123e-05
550.0,2,666.7733537326665,16,0.06666666666666667,666.7885389178516,-0.02826348012693129,-0.011630611553262988,3.136093319617995e-05
550.0,2,666.7733537326665,17,0.07083333333333333,666.7894879919257,-0.028455855648130572,-0.011383704704362875,3.202975801236632e-05
550.0,2,666.7733537326665,18,0.075,666.7904370659998,-0.028634950513037386,-0.01113184339253735,3.264235455700595e-05
550.0,2,666.7733537326665,19,0.07916666666666666,666.7913861400739,-0.028806263907480874,-0.01087707129508325,3.3221260051665016e-05
550.0,2,666.7733537326665,20,0.08333333333333333,666.7923352141479,-0.028978847866930234,-0.010622754520455744,3.3803708864843656e-05
550.0,2,666.7733537326665,21,0.0875,666.793284288222,-0.029150745858064604,-0.010368279769139064,3.438117619443984e-05
550.0,2,666.7733537326665,22,0.09166666666666666,666.794233362296,-0.029324193982009444,-0.010114234882270454,3.4963877954814505e-05
550.0,2,666.7733537326665,23,0.09583333333333333,666.7951824363702,-0.029500322079606435,-0.009860998252225358,3.5556655783080674e-05
550.0,2,666.7733537326665,24,0.1,666.7961315104443,-0.029654360026895307,-0.009601158926601558,3.6049908064842924e-05
550.0,2,666.7733537326665,25,0.10416666666666667,666.7970805845183,-0.029790527660802396,-0.009335967241357455,3.6462219885394544e-05
550.0,2,666.7733537326665,26,0.10833333333333334,666.7980296585924,-0.02993112461054599,-0.009072098329579283,3.6892249799546166e-05
550.0,2,666.7733537326665,27,0.1125,666.7989787326665,-0.03007201597004844,-0.008808353382552286,3.732159802708543e-05
550.0,2,666.7733537326665,28,0.11666666666666667,666.7999278067406,-0.030212973049021753,-0.008544547926816606,3.7749563759957e-05
550.0,2,666.7733537326665,29,0.12083333333333333,666.8008768808146,-0.03035432560662122,-0.008280857355953053,3.8177401462335385e-05
550.0,2,666.7733537326665,30,0.125,666.8018259548887,-0.030485550211059028,-0.008014835612668757,3.855654655741189e-05
550.0,2,666.7733537326665,31,0.12916666666666665,666.8027750289627,-0.030602384702930772,-0.007745501607050069,3.886725526752376e-05
550.0,2,666.7733537326665,32,0.13333333333333333,666.8037241030369,-0.030709084138255096,-0.007473834662338116,3.91291211412323e-05
550.0,2,666.7733537326665,33,0.1375,666.8046731771109,-0.030816199271470966,-0.007202239456123412,3.939093338437529e-05
550.0,2,666.7733537326665,34,0.14166666666666666,666.805622251185,-0.030923317307156542,-0.006930720565333542,3.965067438223492e-05
550.0,2,666.7733537326665,35,0.14583333333333334,666.806571325259,-0.031030776688908312,-0.006659224029852995,3.991005509782289e-05
550.0,2,666.7733537326665,36,0.15,666.8075203993332,-0.031142921791705677,-0.006388502634971636,4.018946018103385e-05
550.0,2,666.7733537326665,37,0.15416666666666667,666.8084694734072,-0.031236159234474436,-0.00611466803860267,4.037796028706254e-05
550.0,2,666.7733537326665,38,0.15833333333333333,666.8094185474813,-0.0313060324138483,-0.00583697359762326,4.0454528954880245e-05
550.0,2,666.7733537326665,39,0.1625,666.8103676215553,-0.031378741916682266,-0.0055597409114220295,4.054234612363645e-05
550.0,2,666.7733537326665,40,0.16666666666666666,666.8113166956294,-0.031453062011575585,-0.005282805870850639,4.0635674460828624e-05
550.0,2,666.7733537326665,41,0.17083333333333334,666.8122657697035,-0.03152669638803532,-0.005005713081165354,4.0723668716231657e-05
550.0,2,666.7733537326665,42,0.175,666.8132148437776,-0.03160173701283632,-0.004728781128104112,4.0816155782589414e-05
550.0,2,666.7733537326665,43,0.17916666666666667,666.8141639178516,-0.03166806239921895,-0.0044509622351443625,4.086585554053397e-05
550.0,2,666.7733537326665,44,0.18333333333333332,666.8151129919257,-0.03171951664538619,-0.004171617829849036,4.0843989794999754e-05
550.0,2,666.7733537326665,45,0.1875,666.8160620659997,-0.031758879549881616,-0.0038910391892522595,4.07635159447736e-05
550.0,2,666.7733537326665,46,0.19166666666666665,666.8170111400739,-0.031797222257196084,-0.0036103318055420953,4.0676083927057796e-05
550.0,2,666.7733537326665,47,0.19583333333333333,666.817960214148,-0.031836381962842955,-0.0033297595708616477,4.0590452588402976e-05
550.0,2,666.7733537326665,48,0.2,666.818909288222,-0.031874876190474154,-0.0030491298855900547,4.049960084841419e-05
550.0,2,666.7733537326665,49,0.20416666666666666,666.8198583622961,-0.031918881979250496,-0.002768723875143859,4.043159142415896e-05
550.0,2,666.7733537326665,50,0.20833333333333334,666.8208074363702,-0.03194878245420465,-0.0024877434618470256,4.029751544560123e-05
550.0,2,666.7733537326665,51,0.2125,666.8217565104443,-0.03195137749990328,-0.0022056328633557145,4.003747942571577e-05
550.0,2,666.7733537326665,52,0.21666666666666667,666.8227055845183,-0.03195372461733247,-0.0019235035674024115,3.9774129632726194e-05
550.0,2,666.7733537326665,53,0.22083333333333333,666.8236546585924,-0.031959206814436966,-0.001641529304957874,3.9522940859719085e-05
550.0,2,666.7733537326665,54,0.225,666.8246037326664,-0.031963451483914204,-0.0013594880243708632,3.926392237965905e-05
550.0,2,666.7733537326665,55,0.22916666666666666,666.8255528067406,-0.03196957663996051,-0.0010774158598344592,3.901084504787669e-05
550.0,2,666.7733537326665,56,0.23333333333333334,666.8265018808146,-0.03196896246499213,-0.0007954846817317155,3.872671525841554e-05
550.0,2,666.7733537326665,57,0.2375,666.8274509548887,-0.031953657272921335,-0.0005138307279440055,3.8377328814343296e-05
550.0,2,666.7733537326665,58,0.24166666666666667,666.8284000289627,-0.03192494925729997,-0.00023244020415900962,3.796827559439083e-05
550.0,2,666.7733537326665,59,0.24583333333333332,666.8293491030369,-0.03189337992963625,4.8917018087905664e-05,3.754467159185789e-05
550.0,2,666.7733537326665,60,0.25,666.8302981771109,-0.031863317621612035,0.00033027472294484394,3.7125553747512086e-05
550.0,2,666.7733537326665,61,0.25416666666666665,666.831247251185,-0.031831983411330624,0.0006115511680183577,3.6699149487636735e-05
550.0,2,666.7733537326665,62,0.2583333333333333,666.832196325259,-0.0318058818843537,0.0008932576772294626,3.629122732002688e-05
550.0,2,666.7733537326665,63,0.2625,666.8331453993331,-0.031771110577912445,0.0011742609331643295,3.5846940704910075e-05
550.0,2,666.7733537326665,64,0.26666666666666666,666.8340944734072,-0.03170741491199643,0.0014529494777496376,3.5286203333605176e-05
550.0,2,666.7733537326665,65,0.2708333333333333,666.8350435474813,-0.031639284795070236,0.0017312923761708572,3.470577955438611e-05
550.0,2,666.7733537326665,66,0.275,666.8359926215553,-0.031575602442139174,0.002009973253436186,3.414095956005667e-05
550.0,2,666.7733537326665,67,0.2791666666666667,666.8369416956294,-0.031510496807824105,0.002288533708620892,3.356846360755869e-05
550.0,2,666.7733537326665,68,0.2833333333333333,666.8378907697034,-0.0314471978823059,0.002567362389316373,3.300013672135469e-05
550.0,2,666.7733537326665,69,0.2875,666.8388398437776,-0.031379385994181816,0.0028455316882099947,3.241398454833834e-05
550.0,2,666.7733537326665,70,0.2916666666666667,666.8397889178517,-0.03129773562277509,0.0031217400091738587,3.1777119823148925e-05
550.0,2,666.7733537326665,71,0.29583333333333334,666.8407379919257,-0.03120214188831295,0.003395960088204541,3.1089314354087215e-05
550.0,2,666.7733537326665,72,0.3,666.8416870659998,-0.03110172155768954,0.003669511139218349,3.0382403276157353e-05
550.0,2,666.7733537326665,73,0.30416666666666664,666.8426361400739,-0.03100314699451077,0.003943315871282704,2.9680017895156803e-05
550.0,2,666.7733537326665,74,0.30833333333333335,666.843585214148,-0.03090319974505201,0.004216840856578612,2.897149862020063e-05
550.0,2,666.7733537326665,75,0.3125,666.844534288222,-0.03080737362527059,0.004491236900258306,2.8273036025368464e-05
550.0,2,666.7733537326665,76,0.31666666666666665,666.8454833622961,-0.030707910200625858,0.004764872086038013,2.756182231902162e-05
550.0,2,666.7733537326665,77,0.3208333333333333,666.8464324363702,-0.030580676424834134,0.005032771188323233,2.6766188479613987e-05
550.0,2,666.7733537326665,78,0.325,666.8473815104443,-0.030444343129256743,0.005298800521047285,2.5941544642151902e-05
550.0,2,666.7733537326665,79,0.32916666666666666,666.8483305845183,-0.030313141967172594,0.0055658792836285565,2.5130305049868302e-05
550.0,2,666.7733537326665,80,0.3333333333333333,666.8492796585924,-0.03018078386391219,0.005832695954186361,2.4313931425079547e-05
550.0,2,666.7733537326665,81,0.3375,666.8502287326664,-0.030049732466563926,0.0060999050791296985,2.3498366895539115e-05
550.0,2,666.7733537326665,82,0.3416666666666667,666.8511778067406,-0.0299162944213332,0.00636643570803637,2.2675545378746642e-05
550.0,2,666.7733537326665,83,0.3458333333333333,666.8521268808146,-0.02977053149441811,0.006629591743847348,2.1822091193522598e-05
550.0,2,666.7733537326665,84,0.35,666.8530759548887,-0.02961103810675929,0.006888976400746417,2.0934923273091108e-05
550.0,2,666.7733537326665,85,0.3541666666666667,666.8540250289627,-0.029444976978999816,0.007146570934899215,2.00305823062839e-05
550.0,2,666.7733537326665,86,0.35833333333333334,666.8549741030369,-0.029280633281609292,0.007404644343795862,1.9128363912800983e-05
550.0,2,666.7733537326665,87,0.3625,666.8559231771109,-0.029115241786767297,0.007662332386790322,1.8222915075359453e-05
550.0,2,666.7733537326665,88,0.36666666666666664,666.856872251185,-0.028952458693075,0.007920954963084242,1.7319510103320364e-05
550.0,2,666.7733537326665,89,0.37083333333333335,666.857821325259,-0.028789929274110806,0.00817965634531809,1.641480067776382e-05
550.0,2,666.7733537326665,90,0.375,666.8587703993331,-0.02860328054307861,0.008429988017813307,1.547026025615725e-05
550.0,2,666.7733537326665,91,0.37916666666666665,666.8597194734072,-0.028403287979014022,0.008675699776958437,1.4502918803329248e-05
550.0,2,666.7733537326665,92,0.3833333333333333,666.8606685474813,-0.028208198549384694,0.008923108991648183,1.3541710270659907e-05
550.0,2,666.7733537326665,93,0.3875,666.8616176215553,-0.028012639355387472,0.009170320992782267,1.2578484457829273e-05
550.0,2,666.7733537326665,94,0.39166666666666666,666.8625666956294,-0.02781765713189707,0.009417842334964146,1.1613369688244048e-05
550.0,2,666.7733537326665,95,0.3958333333333333,666.8635157697036,-0.027622009731591807,0.009665051999580818,1.0646428280116098e-05
550.0,2,666.7733537326665,96,0.4,666.8644648437776,-0.02741612367639128,0.009907903776889397,9.670382101459985e-06
550.0,2,666.7733537326665,97,0.4041666666666667,666.8654139178517,-0.027197396889328047,0.010145282290356498,8.683513709573235e-06
550.0,2,666.7733537326665,98,0.4083333333333333,666.8663629919257,-0.0269709103442716,0.010379360230113589,7.689498647968603e-06
550.0,2,666.7733537326665,99,0.4125,666.8673120659998,-0.026745531978138597,0.010613931386218068,6.694586337261098e-06
550.0,2,666.7733537326665,100,0.4166666666666667,666.8682611400739,-0.026519693774641667,0.010848206745768318,5.698956398869635e-06
550.0,2,666.7733537326665,101,0.42083333333333334,666.869210214148,-0.026295002990298976,0.011083111359761746,4.7011565397818055e-06
550.0,2,666.7733537326665,102,0.425,666.870159288222,-0.026072944846393043,0.011319362186851435,3.7013148064491593e-06
550.0,2,666.7733537326665,103,0.42916666666666664,666.8711083622961,-0.02583206059735963,0.011545930227752176,2.704711734674477e-06
550.0,2,666.7733537326665,104,0.43333333333333335,666.8720574363701,-0.025574976444459222,0.011764179005545106,1.7107233252730531e-06
550.0,2,666.7733537326665,105,0.4375,666.8730065104443,-0.025321602489424378,0.01198433819522583,7.144909220127166e-07
550.0,2,666.7733537326665,106,0.44166666666666665,666.8739555845183,-0.025068667848056163,0.01220468215320168,-2.827000845518987e-07
550.0,2,666.7733537326665,107,0.4458333333333333,666.8749046585924,-0.02481560427235357,0.012425046352519174,-1.2820841332704596e-06
550.0,2,666.7733537326665,108,0.45,666.8758537326664,-0.02456301149479851,0.012645670015651346,-2.283072215221767e-06
550.0,2,666.7733537326665,109,0.45416666666666666,666.8768028067406,-0.024302611260292022,0.012861498854191678,-3.2748133338574256e-06
550.0,2,666.7733537326665,110,0.4583333333333333,666.8777518808146,-0.024030853217979018,0.013070354378586025,-4.252439115799705e-06
550.0,2,666.7733537326665,111,0.46249999999999997,666.8787009548887,-0.023750912939403148,0.01327418515538582,-5.220119526891187e-06
550.0,2,666.7733537326665,112,0.4666666666666667,666.8796500289627,-0.02347113358450461,0.013478145694631944,-6.189443316843215e-06
550.0,2,666.7733537326665,113,0.4708333333333333,666.8805991030368,-0.023191533392025596,0.01368212394672864,-7.159134286917536e-06
550.0,2,666.7733537326665,114,0.475,666.8815481771109,-0.02291201919921988,0.013886212951192604,-8.130656701468515e-06
550.0,2,666.7733537326665,115,0.4791666666666667,666.882497251185,-0.02263594667581911,0.014092814536046484,-9.112223398597757e-06
550.0,2,666.7733537326665,116,0.48333333333333334,666.883446325259,-0.022346972430238293,0.014289981203578576,-1.0061170663981696e-05
550.0,2,666.7733537326665,117,0.4875,666.8843953993331,-0.022041031188994052,0.014474759056461868,-1.0966895222362276e-05
550.0,2,666.7733537326665,118,0.49166666666666664,666.8853444734073,-0.02173683283907004,0.014660819739359295,-1.1878170181291131e-05
550.0,2,666.7733537326665,119,0.49583333333333335,666.8862935474813,-0.021433959272430074,0.01484780406896817,-1.2793372875490171e-05
550.0,2,666.7733537326665,120,0.5,666.8872426215554,-0.021130485369945766,0.01503440681415994,-1.3708498495665672e-05
550.0,2,666.7733537326665,121,0.5041666666666667,666.8881916956294,-0.020827982113972066,0.015221829626902128,-1.4628217833654804e-05
550.0,2,666.7733537326665,122,0.5083333333333333,666.8891407697035,-0.02052015154709233,0.01540460644823025,-1.5527156501879753e-05
550.0,2,666.7733537326665,123,0.5125,666.8900898437776,-0.020202933750530276,0.0155792187713486,-1.638891961813472e-05
550.0,2,666.7733537326665,124,0.5166666666666666,666.8910389178517,-0.019877955355837997,0.015747070504628206,-1.7219879952554167e-05
550.0,2,666.7733537326665,125,0.5208333333333334,666.8919879919257,-0.019552151478562225,0.015914242161891655,-1.8048583429433326e-05
550.0,2,666.7733537326665,126,0.525,666.8929370659998,-0.019226990985867387,0.01608189737977023,-1.887989333652298e-05
550.0,2,666.7733537326665,127,0.5291666666666667,666.8938861400738,-0.018901360778284193,0.01624911461065046,-1.9709736413800996e-05
550.0,2,666.7733537326665,128,0.5333333333333333,666.894835214148,-0.01857880601336247,0.016419551053695212,-2.0558094656034084e-05
550.0,2,666.7733537326665,129,0.5375,666.895784288222,-0.01824883284871346,0.01658222873198108,-2.1364320899486655e-05
550.0,2,666.7733537326665,130,0.5416666666666666,666.8967333622961,-0.017903439716932413,0.016728814107422805,-2.2082356042552608e-05
550.0,2,666.7733537326665,131,0.5458333333333333,666.8976824363701,-0.017557597644229768,0.016874946581179537,-2.2798491618881615e-05
550.0,2,666.7733537326665,132,0.55,666.8986315104443,-0.017213648837506677,0.017023011224309215,-2.3525702555664428e-05
550.0,2,666.7733537326665,133,0.5541666666666667,666.8995805845183,-0.016868966841605923,0.017170332868249018,-2.4249439481092785e-05
550.0,2,666.7733537326665,134,0.5583333333333333,666.9005296585924,-0.016525208261035717,0.017318819856246285,-2.4980897491819952e-05
550.0,2,666.7733537326665,135,0.5625,666.9014787326664,-0.01617835557911942,0.017463354631230894,-2.5688456744894258e-05
550.0,2,666.7733537326665,136,0.5666666666666667,666.9024278067405,-0.015824432668514497,0.017598927609985823,-2.6341249983494355e-05
550.0,2,666.7733537326665,137,0.5708333333333333,666.9033768808146,-0.015463981372845857,0.017726203185891725,-2.6943220642217278e-05
550.0,2,666.7733537326665,138,0.575,666.9043259548887,-0.01510198669297137,0.017851563972564342,-2.753385855070083e-05
550.0,2,666.7733537326665,139,0.5791666666666666,666.9052750289627,-0.014740786217507747,0.017977879907799532,-2.813067387896997e-05
550.0,2,666.7733537326665,140,0.5833333333333334,666.9062241030368,-0.0143790239097455,0.018103354836067134,-2.8722392246660347e-05
550.0,2,666.7733537326665,141,0.5875,666.907173177111,-0.014019340939295738,0.01823214214207388,-2.933653519810935e-05
550.0,2,666.7733537326665,142,0.5916666666666667,666.908122251185,-0.013656433201775259,0.018355816835879096,-2.9917109261631283e-05
550.0,2,666.7733537326665,143,0.5958333333333333,666.9090713252591,-0.013281679477598845,0.018460795339570717,-3.0373886354575533e-05
550.0,2,666.7733537326665,144,0.6,666.9100203993331,-0.012904833244164795,0.018562494218466702,-3.080916267243701e-05
550.0,2,666.7733537326665,145,0.6041666666666666,666.9109694734072,-0.012529889310435142,0.018667154212150518,-3.126431473344513e-05
550.0,2,666.7733537326665,146,0.6083333333333333,666.9119185474813,-0.012154377113067062,0.018770894795762286,-3.1713585405510654e-05
550.0,2,666.7733537326665,147,0.6125,666.9128676215554,-0.01177943413834767,0.01887583855715525,-3.217149094461547e-05
550.0,2,666.7733537326665,148,0.6166666666666667,666.9138166956294,-0.011403113753313139,0.01897791866093194,-3.2609750917716624e-05
550.0,2,666.7733537326665,149,0.6208333333333333,666.9147657697035,-0.011022228065503596,0.019070713428503232,-3.298388172970491e-05
550.0,2,666.7733537326665,150,0.625,666.9157148437776,-0.010636698550666452,0.019154025394728488,-3.32924170977008e-05
550.0,2,666.7733537326665,151,0.6291666666666667,666.9166639178517,-0.01024945155407352,0.019233886095674602,-3.3577173951151295e-05
550.0,2,666.7733537326665,152,0.6333333333333333,666.9176129919257,-0.009862830575861861,0.0193150042681869,-3.387078888083805e-05
550.0,2,666.7733537326665,153,0.6375,666.9185620659998,-0.009475865590430056,0.019395159320367845,-3.4157744419678405e-05
550.0,2,666.7733537326665,154,0.6416666666666666,666.9195111400738,-0.009089871298234927,0.019478124391985156,-3.4464714582489434e-05
550.0,2,666.7733537326665,155,0.6458333333333334,666.920460214148,-0.008703124604018364,0.019558938574245156,-3.475662294429469e-05
550.0,2,666.7733537326665,156,0.65,666.921409288222,-0.008309412552455752,0.01962018718057711,-3.491037046538751e-05
550.0,2,666.7733537326665,157,0.6541666666666667,666.9223583622961,-0.007913208312801923,0.019674474176112268,-3.5014963150580525e-05
550.0,2,666.7733537326665,158,0.6583333333333333,666.9233074363701,-0.0075183291007101085,0.019732445279489,-3.514565309325956e-05
550.0,2,666.7733537326665,159,0.6625,666.9242565104443,-0.007123204974504535,0.01978962985264662,-3.5270843576246704e-05
550.0,2,666.7733537326665,160,0.6666666666666666,666.9252055845183,-0.006728241949948766,0.019847745545297165,-3.540263315745984e-05
550.0,2,666.7733537326665,161,0.6708333333333333,666.9261546585924,-0.006332947913705866,0.019904260628510244,-3.552320869564745e-05
550.0,2,666.7733537326665,162,0.675,666.9271037326664,-0.005935585659776774,0.01995171158891432,-3.557996766610563e-05
550.0,2,666.7733537326665,163,0.6791666666666667,666.9280528067405,-0.00553590086162973,0.019988915910286464,-3.556455712450375e-05
550.0,2,666.7733537326665,164,0.6833333333333333,666.9290018808147,-0.005135047429346067,0.020021040364309555,-3.55133260115566e-05
550.0,2,666.7733537326665,165,0.6875,666.9299509548887,-0.0047344648027467014,0.020054414610267916,-3.5470878756337734e-05
550.0,2,666.7733537326665,166,0.6916666666666667,666.9309000289628,-0.004333835388794203,0.020087003495219153,-3.5423075589081e-05
550.0,2,666.7733537326665,167,0.6958333333333333,666.9318491030368,-0.003933360825246162,0.020121495178994912,-3.538828974826567e-05
550.0,2,666.7733537326665,168,0.7,666.932798177111,-0.003532952487883414,0.020156524467438288,-3.535721425674729e-05
550.0,2,666.7733537326665,169,0.7041666666666666,666.933747251185,-0.0031306557950212233,0.02017301113483839,-3.5198648826604014e-05
550.0,2,666.7733537326665,170,0.7083333333333334,666.9346963252591,-0.0027272300792146116,0.020178545967646698,-3.496472729116241e-05
550.0,2,666.7733537326665,171,0.7125,666.9356453993331,-0.0023241942870070548,0.020187871629700496,-3.475684535509042e-05
550.0,2,666.7733537326665,172,0.7166666666666667,666.9365944734072,-0.0019211735081641316,0.02019690253810971,-3.454702088796012e-05
550.0,2,666.7733537326665,173,0.7208333333333333,666.9375435474813,-0.001518061404204527,0.020206362436973994,-3.4339768963822885e-05
550.0,2,666.7733537326665,174,0.725,666.9384926215554,-0.0011149924648460646,0.020215418449464815,-3.4129925131624524e-05
550.0,2,666.7733537326665,175,0.7291666666666666,666.9394416956294,-0.0007120974188722376,0.02021619996545828,-3.3865752223325135e-05
550.0,2,666.7733537326665,176,0.7333333333333333,666.9403907697035,-0.00030943260003038936,0.020206416683102222,-3.353225542639146e-05
550.0,2,666.7733537326665,177,0.7375,666.9413398437775,9.309639508663991e-05,0.02019007879283771,-3.3155711740798036e-05
550.0,2,666.7733537326665,178,0.7416666666666667,666.9422889178517,0.0004956705735654962,0.020174575418988188,-3.278451842710206e-05
550.0,2,666.7733537326665,179,0.7458333333333333,666.9432379919257,0.0008981178497241811,0.020158713897404857,-3.241138722978422e-05
550.0,2,666.7733537326665,180,0.75,666.9441870659998,0.0013007383145989546,0.02014372606015102,-3.204339605196385e-05
550.0,2,666.7733537326665,181,0.7541666666666667,666.9451361400738,0.0017037144429761764,0.02013123526741775,-3.169064866728849e-05
550.0,2,666.7733537326665,182,0.7583333333333333,666.946085214148,0.002104373309180398,0.020102852550077672,-3.1240896729928965e-05
550.0,2,666.7733537326665,183,0.7625,666.947034288222,0.0025029306968606373,0.020059953625957378,-3.070250869313177e-05
550.0,2,666.7733537326665,184,0.7666666666666666,666.9479833622961,0.002901938851735044,0.020020122869173256,-3.018283949827083e-05
550.0,2,666.7733537326665,185,0.7708333333333334,666.9489324363701,0.0033009697896846904,0.019980775505314147,-2.9666353390367154e-05
550.0,2,666.7733537326665,186,0.775,666.9498815104442,0.003700073691343211,0.019941283855615752,-2.9148562666958706e-05
550.0,2,666.7733537326665,187,0.7791666666666667,666.9508305845184,0.004099290022662598,0.01990232235283932,-2.8633853696738117e-05
550.0,2,666.7733537326665,188,0.7833333333333333,666.9517796585924,0.004496603749621915,0.019856355445611776,-2.808056008221385e-05
550.0,2,666.7733537326665,189,0.7875,666.9527287326665,0.0048910908867990585,0.01979996555438949,-2.7469875036744277e-05
550.0,2,666.7733537326665,190,0.7916666666666666,666.9536778067405,0.005283497601673903,0.019735914105749094,-2.6817063300644255e-05
550.0,2,666.7733537326665,191,0.7958333333333333,666.9546268808147,0.005675947051342248,0.01967189385133952,-2.6164318462722863e-05
550.0,2,666.7733537326665,192,0.8,666.9555759548887,0.006068353183832406,0.019608069501652548,-2.5513270171194977e-05
550.0,2,666.7733537326665,193,0.8041666666666667,666.9565250289628,0.006460808488286934,0.019544246618878967,-2.4862044212435057e-05
550.0,2,666.7733537326665,194,0.8083333333333333,666.9574741030368,0.006854649044480724,0.01948387646103782,-2.4227410347856982e-05
550.0,2,666.7733537326665,195,0.8125,666.958423177111,0.007243613491533247,0.019411383754953562,-2.3534978174166082e-05
550.0,2,666.7733537326665,196,0.8166666666666667,666.959372251185,0.0076257830642507025,0.019321947660407537,-2.2761703202884907e-05
550.0,2,666.7733537326665,197,0.8208333333333333,666.9603213252591,0.008008540447466845,0.019233950246116613,-2.199542416959167e-05
550.0,2,666.7733537326665,198,0.825,666.9612703993331,0.008391821091313721,0.019147367197318313,-2.1236357432507747e-05
550.0,2,666.7733537326665,199,0.8291666666666666,666.9622194734072,0.008774907470976112,0.01906016977088326,-2.0474213644307138e-05
550.0,2,666.7733537326665,200,0.8333333333333334,666.9631685474812,0.009158545141621845,0.018974037243391865,-1.971655447601888e-05
550.0,2,666.7733537326665,201,0.8375,666.9641176215554,0.009539258181131148,0.018882486851610935,-1.893794693331664e-05
550.0,2,666.7733537326665,202,0.8416666666666667,666.9650666956294,0.009914689221767447,0.018781105753757826,-1.81210869549529e-05
550.0,2,666.7733537326665,203,0.8458333333333333,666.9660157697035,0.010285671815487838,0.018671466901024274,-1.7272280149045008e-05
550.0,2,666.7733537326665,204,0.85,666.9669648437775,0.010656148579857347,0.018560820419861394,-1.641960078168883e-05
550.0,2,666.7733537326665,205,0.8541666666666666,666.9679139178517,0.011026935283669725,0.018450876352265104,-1.5570432708768825e-05
550.0,2,666.7733537326665,206,0.8583333333333333,666.9688629919257,0.011397374735870916,0.01834035955960846,-1.4719606418129681e-05
550.0,2,666.7733537326665,207,0.8624999999999999,666.9698120659998,0.011770211580584458,0.018233337226693264,-1.3879180190389931e-05
550.0,2,666.7733537326665,208,0.8666666666666667,666.9707611400738,0.01213759230604772,0.018118350903430683,-1.3016022965593171e-05
550.0,2,666.7733537326665,209,0.8708333333333333,666.971710214148,0.012492844787700796,0.01798561331472438,-1.2101728914581908e-05
550.0,2,666.7733537326665,210,0.875,666.9726592882221,0.01284752459363067,0.01785201715600834,-1.1185308179804162e-05
550.0,2,666.7733537326665,211,0.8791666666666667,666.9736083622961,0.013203711311333128,0.01772068070027803,-1.0276154611520856e-05
550.0,2,666.7733537326665,212,0.8833333333333333,666.9745574363702,0.01355933231920181,0.017588495840354268,-9.364902017833118e-06
550.0,2,666.7733537326665,213,0.8875,666.9755065104442,0.013915931278013991,0.017457475207098394,-8.456158952517588e-06
550.0,2,666.7733537326665,214,0.8916666666666666,666.9764555845184,0.014269380267458448,0.017322737241036976,-7.541515360607758e-06
550.0,2,666.7733537326665,215,0.8958333333333334,666.9774046585924,0.014615409619730286,0.017179170828522706,-6.611865386672958e-06
550.0,2,666.7733537326665,216,0.9,666.9783537326665,0.01495447651031134,0.017027342073479113,-5.668439022036167e-06
550.0,2,666.7733537326665,217,0.9041666666666667,666.9793028067405,0.01529182461189982,0.01687343052900828,-4.721756381120111e-06
550.0,2,666.7733537326665,218,0.9083333333333333,666.9802518808146,0.01562998266473188,0.01672052572394448,-3.7777196632467967e-06
550.0,2,666.7733537326665,219,0.9125,666.9812009548887,0.015967366617863188,0.01656683110030258,-2.8337376857732707e-06
550.0,2,666.7733537326665,220,0.9166666666666666,666.9821500289628,0.016307698720667736,0.01641601425996843,-1.891492739902046e-06
550.0,2,666.7733537326665,221,0.9208333333333333,666.9830991030368,0.016643793412350946,0.016261044170134784,-9.481383127933706e-07
550.0,2,666.7733537326665,222,0.9249999999999999,666.9840481771109,0.016962854103569798,0.016089313729589595,1.892693255386196e-09
550.0,2,666.7733537326665,223,0.9291666666666667,666.984997251185,0.017278539219047415,0.015914245917259793,9.526941851337453e-07
550.0,2,666.7733537326665,224,0.9333333333333333,666.9859463252591,0.017596990940524283,0.015741927374659462,1.9013004949175652e-06
550.0,2,666.7733537326665,225,0.9375,666.9868953993331,0.017914603479079003,0.015568803325793476,2.8493035534198828e-06
550.0,2,666.7733537326665,226,0.9416666666666667,666.9878444734072,0.0182333840490635,0.01539661571152164,3.797694775988305e-06
550.0,2,666.7733537326665,227,0.9458333333333333,666.9887935474812,0.018549524211381434,0.015222282650574062,4.742816491605296e-06
550.0,2,666.7733537326665,228,0.95,666.9897426215554,0.01885660904756857,0.015040481321958083,5.679460336658184e-06
550.0,2,666.7733537326665,229,0.9541666666666666,666.9906916956294,0.019154330083109298,0.01485097618875049,6.6071049126244105e-06
550.0,2,666.7733537326665,230,0.9583333333333334,666.9916407697035,0.019448482169729712,0.014658508285495331,7.530878815116475e-06
550.0,2,666.7733537326665,231,0.9625,666.9925898437775,0.01974387356720043,0.014467066768012422,8.454688788320023e-06
550.0,2,666.7733537326665,232,0.9666666666666667,666.9935389178517,0.020038268435797695,0.014274937979636818,9.37562708301437e-06
550.0,2,666.7733537326665,233,0.9708333333333333,666.9944879919258,0.020335488870576023,0.014084737434963905,1.0301088154526868e-05
550.0,2,666.7733537326665,234,0.975,666.9954370659998,0.02063087594807065,0.013893279132978739,1.1222041788182376e-05
550.0,2,666.7733537326665,235,0.9791666666666666,666.9963861400739,0.02090588201588292,0.013687698826783062,1.2103691672772269e-05
550.0,2,666.7733537326665,236,0.9833333333333333,666.9973352141479,0.02117304029130111,0.013476667594543329,1.2969510583085012e-05
550.0,2,666.7733537326665,237,0.9874999999999999,666.9982842882221,0.021444097099387178,0.013268349245096083,1.3841404776234537e-05
550.0,2,666.7733537326665,238,0.9916666666666667,666.9992333622961,0.021714363758431176,0.013059519136714673,1.4710376339838854e-05
550.0,2,666.7733537326665,239,0.9958333333333333,667.0001824363702,0.021985630053473933,0.012851222225718823,1.5581211377509607e-05
550.0,2,666.7733537326665,240,1.0,667.0011315104442,0.022255295773079616,0.012642022440254069,1.644635526009699e-05
550.0,3,667.2733537326665,0,0.0,667.2733537326665,-0.031947849794737554,-0.0031268623554150045,4.066604075860262e-05
550.0,3,667.2733537326665,1,0.004166666666666667,667.2743028067406,-0.03197826544547062,-0.002844922651931828,4.053525134671819e-05
550.0,3,667.2733537326665,2,0.008333333333333333,667.2752518808146,-0.03201018983129601,-0.002562993822740329,4.040901259754948e-05
550.0,3,667.2733537326665,3,0.0125,667.2762009548887,-0.03203924938428546,-0.0022810117482047437,4.0267795608572926e-05
550.0,3,667.2733537326665,4,0.016666666666666666,667.2771500289628,-0.032054882428879564,-0.001998672443324813,4.0064032055208214e-05
550.0,3,667.2733537326665,5,0.020833333333333332,667.2780991030369,-0.032055776226869705,-0.0017159524999073898,3.979185459259679e-05
550.0,3,667.2733537326665,6,0.025,667.2790481771109,-0.032049902954577686,-0.0014330439768787543,3.948702771826261e-05
550.0,3,667.2733537326665,7,0.029166666666666667,667.279997251185,-0.03204591791379312,-0.0011501795881210138,3.91885022622647e-05
550.0,3,667.2733537326665,8,0.03333333333333333,667.280946325259,-0.03204069100012475,-0.0008673737895827619,3.888262455311413e-05
550.0,3,667.2733537326665,9,0.0375,667.2818953993332,-0.03203861032736835,-0.000584434266514884,3.858777698053829e-05
550.0,3,667.2733537326665,10,0.041666666666666664,667.2828444734072,-0.032036286475935184,-0.00030151162783061824,3.828976998781186e-05
550.0,3,667.2733537326665,11,0.04583333333333333,667.2837935474813,-0.032006577608140054,-1.9531982055132066e-05,3.787376890040802e-05
550.0,3,667.2733537326665,12,0.05,667.2847426215553,-0.03196271736326729,0.0002619698344188278,3.7395712713130894e-05
550.0,3,667.2733537326665,13,0.05416666666666667,667.2856916956295,-0.03192437972099224,0.0005436573846214343,3.693889215666013e-05
550.0,3,667.2733537326665,14,0.058333333333333334,667.2866407697035,-0.03188537527803041,0.0008252919324224297,3.6477284657962156e-05
550.0,3,667.2733537326665,15,0.0625,667.2875898437776,-0.03184718900903733,0.0011070562210130132,3.601638265459993e-05
550.0,3,667.2733537326665,16,0.06666666666666667,667.2885389178516,-0.031807980775510204,0.0013886986020699272,3.554953048533994e-05
550.0,3,667.2733537326665,17,0.07083333333333333,667.2894879919257,-0.0317566552734946,0.0016691887605251319,3.503370808654646e-05
550.0,3,667.2733537326665,18,0.075,667.2904370659998,-0.0316904064831892,0.0019482522534273545,3.445815863267974e-05
550.0,3,667.2733537326665,19,0.07916666666666666,667.2913861400739,-0.03161540305616073,0.0022264859167423485,3.3846662085315596e-05
550.0,3,667.2733537326665,20,0.08333333333333333,667.2923352141479,-0.03154181210224325,0.0025048712823455732,3.3238401428609926e-05
550.0,3,667.2733537326665,21,0.0875,667.293284288222,-0.031467533270464386,0.002783103168755309,3.2626041314666277e-05
550.0,3,667.2733537326665,22,0.09166666666666666,667.294233362296,-0.031394870816424406,0.003061622451897343,3.2016840133601996e-05
550.0,3,667.2733537326665,23,0.09583333333333333,667.2951824363702,-0.03132505831624167,0.003340585665516748,3.1415261509101866e-05
550.0,3,667.2733537326665,24,0.1,667.2961315104443,-0.03123180465038492,0.0036158412203782454,3.0732082303354226e-05
550.0,3,667.2733537326665,25,0.10416666666666667,667.2970805845183,-0.03111957630106178,0.0038881059651525943,2.99824465340328e-05
550.0,3,667.2733537326665,26,0.10833333333333334,667.2980296585924,-0.031012043203398346,0.0041611144276075054,2.9246712557031694e-05
550.0,3,667.2733537326665,27,0.1125,667.2989787326665,-0.030904852287220907,0.004434142918553372,2.8510419352074414e-05
550.0,3,667.2733537326665,28,0.11666666666666667,667.2999278067406,-0.030797664158207724,0.004707247870335393,2.7771470735326813e-05
550.0,3,667.2733537326665,29,0.12083333333333333,667.3008768808146,-0.030690892726665257,0.004980421759560308,2.7031894452558704e-05
550.0,3,667.2733537326665,30,0.125,667.3018259548887,-0.030573959059064182,0.00525132876768761,2.626159246159475e-05
550.0,3,667.2733537326665,31,0.12916666666666665,667.3027750289627,-0.030442581736769853,0.005519013863994858,2.544853335861821e-05
550.0,3,667.2733537326665,32,0.13333333333333333,667.3037241030369,-0.030301028073962108,0.005784429033692795,2.4604823886568364e-05
550.0,3,667.2733537326665,33,0.1375,667.3046731771109,-0.03015987146028074,0.006049956791511508,2.37601080310643e-05
550.0,3,667.2733537326665,34,0.14166666666666666,667.305622251185,-0.03001878171996135,0.006315423598192743,2.2914407785891122e-05
550.0,3,667.2733537326665,35,0.14583333333333334,667.306571325259,-0.02987798707260165,0.006581012630211177,2.2067101065836005e-05
550.0,3,667.2733537326665,36,0.15,667.3075203993332,-0.029741640623369286,0.006847897933302447,2.122750800475585e-05
550.0,3,667.2733537326665,37,0.15416666666666667,667.3084694734072,-0.029587356958628287,0.007109540373266111,2.0347422328794183e-05
550.0,3,667.2733537326665,38,0.15833333333333333,667.3094185474813,-0.029410896573998133,0.007364714365829113,1.941771730271847e-05
550.0,3,667.2733537326665,39,0.1625,667.3103676215553,-0.02923712038677105,0.0076206785258676035,1.8491966689861883e-05
550.0,3,667.2733537326665,40,0.16666666666666666,667.3113166956294,-0.0290648987889261,0.00787706262165607,1.7568142354349268e-05
550.0,3,667.2733537326665,41,0.17083333333333334,667.3122657697035,-0.0288919892486356,0.008133293263575755,1.6640589921155114e-05
550.0,3,667.2733537326665,42,0.175,667.3132148437776,-0.028720354370314373,0.008389971323022603,1.5713233422580225e-05
550.0,3,667.2733537326665,43,0.17916666666666667,667.3141639178516,-0.0285409111788806,0.008643786139539218,1.4773382850014102e-05
550.0,3,667.2733537326665,44,0.18333333333333332,667.3151129919257,-0.02834813310685471,0.008892724480006983,1.3813388702600775e-05
550.0,3,667.2733537326665,45,0.1875,667.3160620659997,-0.028144516334543925,0.009137692245479138,1.283686448092626e-05
550.0,3,667.2733537326665,46,0.19166666666666665,667.3170111400739,-0.027939964205560386,0.00938234505653939,1.1857155881384264e-05
550.0,3,667.2733537326665,47,0.19583333333333333,667.317960214148,-0.027736187910279445,0.0096272239680521,1.0877526507243775e-05
550.0,3,667.2733537326665,48,0.2,667.318909288222,-0.027531823745723927,0.00987187584411729,9.895613864180666e-06
550.0,3,667.2733537326665,49,0.20416666666666666,667.3198583622961,-0.027332115141697793,0.010118613652164267,8.914363206468776e-06
550.0,3,667.2733537326665,50,0.20833333333333334,667.3208074363702,-0.027120489968795593,0.010360014564046185,7.925694807288403e-06
550.0,3,667.2733537326665,51,0.2125,667.3217565104443,-0.026885781038313464,0.010591099200315073,6.924088361542933e-06
550.0,3,667.2733537326665,52,0.21666666666666667,667.3227055845183,-0.026650855187148548,0.01082209695087297,5.920842174752771e-06
550.0,3,667.2733537326665,53,0.22083333333333333,667.3236546585924,-0.026418600710086927,0.011054258485560523,4.917800862303311e-06
550.0,3,667.2733537326665,54,0.225,667.3246037326664,-0.0261852867227305,0.011285965389031495,3.9126025827147585e-06
550.0,3,667.2733537326665,55,0.22916666666666666,667.3255528067406,-0.025953471323824705,0.011518471419090917,2.9052857446218047e-06
550.0,3,667.2733537326665,56,0.23333333333333334,667.3265018808146,-0.02571631027261327,0.011748088606105813,1.8994082492309788e-06
550.0,3,667.2733537326665,57,0.2375,667.3274509548887,-0.025467471968469896,0.011971433320125362,8.980446546373804e-07
550.0,3,667.2733537326665,58,0.24166666666666667,667.3284000289627,-0.02520799025062518,0.01218904771145055,-9.907354109225115e-08
550.0,3,667.2733537326665,59,0.24583333333333332,667.3293491030369,-0.024946217121768692,0.01240545749049834,-1.096555851085141e-06
550.0,3,667.2733537326665,60,0.25,667.3302981771109,-0.024685665016894055,0.01262248770139939,-2.0955296881921535e-06
550.0,3,667.2733537326665,61,0.25416666666666665,667.331247251185,-0.02442414988929627,0.012838928199730433,-3.094471829085273e-06
550.0,3,667.2733537326665,62,0.2583333333333333,667.332196325259,-0.024166515977773542,0.013057873062915802,-4.101221951618475e-06
550.0,3,667.2733537326665,63,0.2625,667.3331453993331,-0.023902443372191124,0.013272676116621501,-5.098469230844796e-06
550.0,3,667.2733537326665,64,0.26666666666666666,667.3340944734072,-0.02361686398003922,0.013473687021491688,-6.0613238497698304e-06
550.0,3,667.2733537326665,65,0.2708333333333333,667.3350435474813,-0.023327980703472088,0.01367259173782179,-7.019894373359614e-06
550.0,3,667.2733537326665,66,0.275,667.3359926215553,-0.023042420362844526,0.013873603154050354,-7.984778661043799e-06
550.0,3,667.2733537326665,67,0.2791666666666667,667.3369416956294,-0.022755806858879544,0.014073930434240068,-8.948882477484123e-06
550.0,3,667.2733537326665,68,0.2833333333333333,667.3378907697034,-0.022470433187077386,0.014275220288635959,-9.917880130772311e-06
550.0,3,667.2733537326665,69,0.2875,667.3388398437776,-0.022181953291192564,0.014474114328651604,-1.0878492493077837e-05
550.0,3,667.2733537326665,70,0.2916666666666667,667.3397889178517,-0.021883898889277605,0.014665712865226553,-1.1811909280272835e-05
550.0,3,667.2733537326665,71,0.29583333333333334,667.3407379919257,-0.02157621154548906,0.014849953299864183,-1.2717657030848555e-05
550.0,3,667.2733537326665,72,0.3,667.3416870659998,-0.02126517413493374,0.015031662782768301,-1.3614604000878555e-05
550.0,3,667.2733537326665,73,0.30416666666666664,667.3426361400739,-0.020955419547645057,0.015214338325849598,-1.4516098621577562e-05
550.0,3,667.2733537326665,74,0.30833333333333335,667.343585214148,-0.02064478670475288,0.015396220751111443,-1.541461180969872e-05
550.0,3,667.2733537326665,75,0.3125,667.344534288222,-0.020336764072523193,0.015580509870230705,-1.6325957652679264e-05
550.0,3,667.2733537326665,76,0.31666666666666665,667.3454833622961,-0.020026430866830636,0.015762681336402656,-1.7227717535572906e-05
550.0,3,667.2733537326665,77,0.3208333333333333,667.3464324363702,-0.019698396834257604,0.015928744560236213,-1.8051172587699036e-05
550.0,3,667.2733537326665,78,0.325,667.3473815104443,-0.019364556313857705,0.016089539263815365,-1.8849497290101495e-05
550.0,3,667.2733537326665,79,0.32916666666666666,667.3483305845183,-0.019033997647440633,0.016253303797124825,-1.9663033699545715e-05
550.0,3,667.2733537326665,80,0.3333333333333333,667.3492796585924,-0.018702720545022127,0.016416378029148575,-2.0473692901835337e-05
550.0,3,667.2733537326665,81,0.3375,667.3502287326664,-0.018372173637534676,0.016580310496424503,-2.129016747941696e-05
550.0,3,667.2733537326665,82,0.3416666666666667,667.3511778067406,-0.01804026062042661,0.01674270665688126,-2.2098399131823283e-05
550.0,3,667.2733537326665,83,0.3458333333333333,667.3521268808146,-0.01770118584931958,0.01689727591071131,-2.2862592725598464e-05
550.0,3,667.2733537326665,84,0.35,667.3530759548887,-0.017354147527250195,0.017043121360610387,-2.357745099324961e-05
550.0,3,667.2733537326665,85,0.3541666666666667,667.3540250289627,-0.017003289775352034,0.017184806793503093,-2.426909132067649e-05
550.0,3,667.2733537326665,86,0.35833333333333334,667.3549741030369,-0.01665342167326412,0.01732758885652728,-2.4967568094281642e-05
550.0,3,667.2733537326665,87,0.3625,667.3559231771109,-0.01630302728945475,0.017469625151583363,-2.5661742242753463e-05
550.0,3,667.2733537326665,88,0.36666666666666664,667.356872251185,-0.015953963408956384,0.017613497543151842,-2.6368180554605347e-05
550.0,3,667.2733537326665,89,0.37083333333333335,667.357821325259,-0.015605038920906538,0.017757538513517645,-2.7076163840530996e-05
550.0,3,667.2733537326665,90,0.375,667.3587703993331,-0.015243584800529534,0.01788482521801279,-2.7678670478335586e-05
550.0,3,667.2733537326665,91,0.37916666666666665,667.3597194734072,-0.014875191530713712,0.018002853676390766,-2.8223018022029108e-05
550.0,3,667.2733537326665,92,0.3833333333333333,667.3606685474813,-0.014509350998465226,0.018124287927849758,-2.878925964376274e-05
550.0,3,667.2733537326665,93,0.3875,667.3616176215553,-0.01414329504018242,0.018245367765898798,-2.935348784025218e-05
550.0,3,667.2733537326665,94,0.39166666666666666,667.3625666956294,-0.013777447125562246,0.018366937533970742,-2.992160476848627e-05
550.0,3,667.2733537326665,95,0.3958333333333333,667.3635157697036,-0.013411321366728821,0.018487979094564132,-3.048642387142559e-05
550.0,3,667.2733537326665,96,0.4,667.3644648437776,-0.01304055105577761,0.018601248821005254,-3.099917185035416e-05
550.0,3,667.2733537326665,97,0.4041666666666667,667.3654139178517,-0.01266396694408977,0.018704772853306132,-3.144643921304183e-05
550.0,3,667.2733537326665,98,0.4083333333333333,667.3663629919257,-0.012283865809573465,0.018802416763958208,-3.1854259148421665e-05
550.0,3,667.2733537326665,99,0.4125,667.3673120659998,-0.011904248582294158,0.018900918299880515,-3.226814253994657e-05
550.0,3,667.2733537326665,100,0.4166666666666667,667.3682611400739,-0.011524506736976695,0.018998989064871026,-3.2679117593874766e-05
550.0,3,667.2733537326665,101,0.42083333333333334,667.369210214148,-0.011145166761711397,0.019098045199370958,-3.309729266157101e-05
550.0,3,667.2733537326665,102,0.425,667.370159288222,-0.010766830034438709,0.019199281127007427,-3.353094233033478e-05
550.0,3,667.2733537326665,103,0.42916666666666664,667.3711083622961,-0.010381360189501575,0.019284871939439646,-3.3855256225742785e-05
550.0,3,667.2733537326665,104,0.43333333333333335,667.3720574363701,-0.009989742566351174,0.019357012940000064,-3.4085521123577365e-05
550.0,3,667.2733537326665,105,0.4375,667.3730065104443,-0.009599530352299872,0.019432242212934103,-3.433753147026046e-05
550.0,3,667.2733537326665,106,0.44166666666666665,667.3739555845183,-0.009209519283828163,0.01950780307737478,-3.4591952507919226e-05
550.0,3,667.2733537326665,107,0.4458333333333333,667.3749046585924,-0.00881938660765557,0.019583327510365817,-3.4846300430152725e-05
550.0,3,667.2733537326665,108,0.45,667.3758537326664,-0.008429417815733649,0.019659257579243746,-3.510362372502397e-05
550.0,3,667.2733537326665,109,0.45416666666666666,667.3768028067406,-0.008037143834479087,0.01972805891050954,-3.531047838380547e-05
550.0,3,667.2733537326665,110,0.4583333333333333,667.3777518808146,-0.007641517696051639,0.019786500051125862,-3.544389966586004e-05
550.0,3,667.2733537326665,111,0.46249999999999997,667.3787009548887,-0.0072434798184527124,0.019837483314364877,-3.552443202611667e-05
550.0,3,667.2733537326665,112,0.4666666666666667,667.3796500289627,-0.006845463340716865,0.019888638638716614,-3.5606202834769764e-05
550.0,3,667.2733537326665,113,0.4708333333333333,667.3805991030368,-0.006447577073912953,0.019939881711649496,-3.568868630948926e-05
550.0,3,667.2733537326665,114,0.475,667.3815481771109,-0.006049667597803021,0.019991250423126203,-3.577206220367363e-05
550.0,3,667.2733537326665,115,0.4791666666666667,667.382497251185,-0.00565243748852763,0.02004608046663151,-3.5879825300599514e-05
550.0,3,667.2733537326665,116,0.48333333333333334,667.383446325259,-0.005252671098913732,0.020087907106304898,-3.5896141952429097e-05
550.0,3,667.2733537326665,117,0.4875,667.3843953993331,-0.004849554076873623,0.020112652096814114,-3.579225332081618e-05
550.0,3,667.2733537326665,118,0.49166666666666664,667.3853444734073,-0.004446773218517408,0.020139162768215018,-3.570075586589797e-05
550.0,3,667.2733537326665,119,0.49583333333333335,667.3862935474813,-0.004044290816060145,0.02016697195709619,-3.561845748616323e-05
550.0,3,667.2733537326665,120,0.5,667.3872426215554,-0.0036416421038901825,0.02019422307487964,-3.553211950628335e-05
550.0,3,667.2733537326665,121,0.5041666666666667,667.3881916956294,-0.0032390916568579156,0.020222543386232472,-3.545310524802109e-05
550.0,3,667.2733537326665,122,0.5083333333333333,667.3891407697035,-0.002836123882423726,0.02024487658631421,-3.533320714173145e-05
550.0,3,667.2733537326665,123,0.5125,667.3900898437776,-0.002432402677438376,0.02025668700437515,-3.514142852055956e-05
550.0,3,667.2733537326665,124,0.5166666666666666,667.3910389178517,-0.0020280685252133594,0.02025979923162885,-3.4890237086109086e-05
550.0,3,667.2733537326665,125,0.5208333333333334,667.3919879919257,-0.001623636430113647,0.020262018273429883,-3.463281510088103e-05
550.0,3,667.2733537326665,126,0.525,667.3929370659998,-0.0012193197052657336,0.020264895646938896,-3.438005118102984e-05
550.0,3,667.2733537326665,127,0.5291666666666667,667.3938861400738,-0.0008149901103574957,0.020267223232102383,-3.412357461570455e-05
550.0,3,667.2733537326665,128,0.5333333333333333,667.394835214148,-0.0004104502466018188,0.020273435119153933,-3.3892203448707385e-05
550.0,3,667.2733537326665,129,0.5375,667.395784288222,-6.413059535151223e-06,0.0202702664975511,-3.360007393372934e-05
550.0,3,667.2733537326665,130,0.5416666666666666,667.3967333622961,0.0003966092159839041,0.02024763680479095,-3.3181854081029254e-05
550.0,3,667.2733537326665,131,0.5458333333333333,667.3976824363701,0.0007996150661859556,0.020224454526433792,-3.275998914279568e-05
550.0,3,667.2733537326665,132,0.55,667.3986315104443,0.0012027088073209833,0.020203626197999508,-3.235348750847873e-05
550.0,3,667.2733537326665,133,0.5541666666666667,667.3995805845183,0.001605772870282205,0.020181890621857497,-3.1941023533287066e-05
550.0,3,667.2733537326665,134,0.5583333333333333,667.4005296585924,0.002009067400884353,0.020161486822226724,-3.1536532287180476e-05
550.0,3,667.2733537326665,135,0.5625,667.4014787326664,0.0024115495083240034,0.02013658131591901,-3.110514055613736e-05
550.0,3,667.2733537326665,136,0.5666666666666667,667.4024278067405,0.0028122349233882763,0.020101453769058773,-3.061252544108972e-05
550.0,3,667.2733537326665,137,0.5708333333333333,667.4033768808146,0.0032112447561296036,0.02005688232876895,-3.006344304380581e-05
550.0,3,667.2733537326665,138,0.575,667.4043259548887,0.003609897786431052,0.020010117135595768,-2.9501110960775166e-05
550.0,3,667.2733537326665,139,0.5791666666666666,667.4052750289627,0.004008709045998345,0.019964456291935773,-2.8945595357826147e-05
550.0,3,667.2733537326665,140,0.5833333333333334,667.4062241030368,0.004407269683875814,0.019917880003335366,-2.8385069793924702e-05
550.0,3,667.2733537326665,141,0.5875,667.407173177111,0.004806924788526373,0.01987485307568932,-2.7843499302650228e-05
550.0,3,667.2733537326665,142,0.5916666666666667,667.408122251185,0.005204898420097903,0.019826326727946573,-2.72725640825499e-05
550.0,3,667.2733537326665,143,0.5958333333333333,667.4090713252591,0.005596773180522933,0.019757690019677848,-2.6593992702030774e-05
550.0,3,667.2733537326665,144,0.6,667.4100203993331,0.005987589976423891,0.01968552009085512,-2.5896537411829543e-05
550.0,3,667.2733537326665,145,0.6041666666666666,667.4109694734072,0.006379351234797521,0.019616545462141397,-2.521643279853467e-05
550.0,3,667.2733537326665,146,0.6083333333333333,667.4119185474813,0.0067708008635308185,0.019546587523634466,-2.4531248821882396e-05
550.0,3,667.2733537326665,147,0.6125,667.4128676215554,0.0071628004863409445,0.019477846824013743,-2.3851640886747852e-05
550.0,3,667.2733537326665,148,0.6166666666666667,667.4138166956294,0.007553509202267897,0.019406199912841357,-2.315895582738701e-05
550.0,3,667.2733537326665,149,0.6208333333333333,667.4147657697035,0.007940115530066398,0.01932509591003682,-2.2422960086387904e-05
550.0,3,667.2733537326665,150,0.625,667.4157148437776,0.008322523592140174,0.019234355911616548,-2.1643007527657723e-05
550.0,3,667.2733537326665,151,0.6291666666666667,667.4166639178517,0.008703426675778843,0.01914009977878068,-2.084699469779264e-05
550.0,3,667.2733537326665,152,0.6333333333333333,667.4176129919257,0.009084877722262215,0.019047124769581134,-2.005712365520544e-05
550.0,3,667.2733537326665,153,0.6375,667.4185620659998,0.009465799504013144,0.018953224629665925,-1.926404624104e-05
550.0,3,667.2733537326665,154,0.6416666666666666,667.4195111400738,0.009848291726028094,0.018862009663132038,-1.8480877139565055e-05
550.0,3,667.2733537326665,155,0.6458333333333334,667.420460214148,0.010229583482909177,0.018768725231370978,-1.769038222874145e-05
550.0,3,667.2733537326665,156,0.65,667.421409288222,0.01060008992006064,0.018656629472551634,-1.6830913063112273e-05
550.0,3,667.2733537326665,157,0.6541666666666667,667.4223583622961,0.010966770479274142,0.01853783544913311,-1.5947050600306648e-05
550.0,3,667.2733537326665,158,0.6583333333333333,667.4233074363701,0.011335470531958202,0.01842258856622169,-1.5076671924761808e-05
550.0,3,667.2733537326665,159,0.6625,667.4242565104443,0.011703708147893767,0.018306599432086793,-1.4204165743207968e-05
550.0,3,667.2733537326665,160,0.6666666666666666,667.4252055845183,0.01207259862507519,0.01819143765747329,-1.333380254389964e-05
550.0,3,667.2733537326665,161,0.6708333333333333,667.4261546585924,0.012440410894455405,0.018074832033626035,-1.246022333372824e-05
550.0,3,667.2733537326665,162,0.675,667.4271037326664,0.012802278929715485,0.017949976367599586,-1.1565208322817057e-05
550.0,3,667.2733537326665,163,0.6791666666666667,667.4280528067405,0.013157424976684436,0.01781581485074273,-1.0646179793619664e-05
550.0,3,667.2733537326665,164,0.6833333333333333,667.4290018808147,0.013509255215533924,0.01767703672964907,-9.71538884423902e-06
550.0,3,667.2733537326665,165,0.6875,667.4299509548887,0.013861914507552128,0.017539387342729845,-8.787957399263983e-06
550.0,3,667.2733537326665,166,0.6916666666666667,667.4309000289628,0.014213953137010536,0.01740107976700008,-7.86035330623022e-06
550.0,3,667.2733537326665,167,0.6958333333333333,667.4318491030368,0.014567461710399736,0.017264384075114624,-6.935248346937706e-06
550.0,3,667.2733537326665,168,0.7,667.432798177111,0.014921361622466883,0.017128146521647823,-6.0113897238334404e-06
550.0,3,667.2733537326665,169,0.7041666666666666,667.433747251185,0.015261219831557989,0.016976018922275012,-5.0652104848114175e-06
550.0,3,667.2733537326665,170,0.7083333333333334,667.4346963252591,0.01559279692960819,0.016814502018857595,-4.106093841457893e-06
550.0,3,667.2733537326665,171,0.7125,667.4356453993331,0.015927240963637432,0.016656234660146874,-3.1523395730000167e-06
550.0,3,667.2733537326665,172,0.7166666666666667,667.4365944734072,0.016261424566291403,0.016497732616221283,-2.199307282434581e-06
550.0,3,667.2733537326665,173,0.7208333333333333,667.4375435474813,0.016596044155680195,0.016339544303374372,-1.2462194913779881e-06
550.0,3,667.2733537326665,174,0.725,667.4384926215554,0.01693028829049208,0.016181043509732523,-2.9408684398929366e-07
550.0,3,667.2733537326665,175,0.7291666666666666,667.4394416956294,0.017257431522618695,0.01601585965941085,6.580048036189274e-07
550.0,3,667.2733537326665,176,0.7333333333333333,667.4403907697035,0.017575514450410657,0.015842158251847722,1.6100525935911485e-06
550.0,3,667.2733537326665,177,0.7375,667.4413398437775,0.017887987903071296,0.015663175231070973,2.5617540475601815e-06
550.0,3,667.2733537326665,178,0.7416666666666667,667.4422889178517,0.018201197760584927,0.015484853015406643,3.5127945615305083e-06
550.0,3,667.2733537326665,179,0.7458333333333333,667.4432379919257,0.018514004798015123,0.015306291616273983,4.461915714499803e-06
550.0,3,667.2733537326665,180,0.75,667.4441870659998,0.01882768421298244,0.015128369923016844,5.411545138652576e-06
550.0,3,667.2733537326665,181,0.7541666666666667,667.4451361400738,0.019143740582293258,0.014952330640178611,6.362959314250641e-06
550.0,3,667.2733537326665,182,0.7583333333333333,667.446085214148,0.01944457183536914,0.014764290713414152,7.296181193338602e-06
550.0,3,667.2733537326665,183,0.7625,667.447034288222,0.019731511495376924,0.014565285293773114,8.21267359718727e-06
550.0,3,667.2733537326665,184,0.7666666666666666,667.4479833622961,0.020021392554203956,0.01436859484251477,9.1315050645939e-06
550.0,3,667.2733537326665,185,0.7708333333333334,667.4489324363701,0.020311697089998873,0.014172288393224892,1.0049404369387031e-05
550.0,3,667.2733537326665,186,0.775,667.4498815104442,0.02060194099891632,0.013975835367633286,1.0966941888206062e-05
550.0,3,667.2733537326665,187,0.7791666666666667,667.4508305845184,0.020892721562949617,0.013779768428949391,1.1884342730288157e-05
550.0,3,667.2733537326665,188,0.7833333333333333,667.4517796585924,0.021176065158053068,0.013578766227376941,1.2785049992615688e-05
550.0,3,667.2733537326665,189,0.7875,667.4527287326665,0.02144836029150247,0.01337042822056757,1.3661396108448666e-05
550.0,3,667.2733537326665,190,0.7916666666666666,667.4536778067405,0.021712542168012456,0.013156705734990535,1.4519430729864115e-05
550.0,3,667.2733537326665,191,0.7958333333333333,667.4546268808147,0.021976784533069046,0.01294299102150547,1.5376587460652352e-05
550.0,3,667.2733537326665,192,0.8,667.4555759548887,0.022241156490884758,0.012729453770995117,1.6232141486877617e-05
550.0,3,667.2733537326665,193,0.8041666666666667,667.4565250289628,0.02250556913199755,0.012515897335340961,1.7086876000849274e-05
550.0,3,667.2733537326665,194,0.8083333333333333,667.4574741030368,0.02277399474490377,0.01230458027025992,1.795190269854901e-05
550.0,3,667.2733537326665,195,0.8125,667.458423177111,0.023028285584267123,0.012085386520553248,1.8775009267506754e-05
550.0,3,667.2733537326665,196,0.8166666666666667,667.459372251185,0.02326284425335259,0.011855179281585101,1.9540031378264647e-05
550.0,3,667.2733537326665,197,0.8208333333333333,667.4603213252591,0.02349908724487092,0.011625902827864137,2.0308530842879463e-05
550.0,3,667.2733537326665,198,0.825,667.4612703993331,0.023736940865308538,0.011397563325269183,2.108001540980267e-05
550.0,3,667.2733537326665,199,0.8291666666666666,667.4622194734072,0.02397412201659706,0.011168803444160004,2.184843075751876e-05
550.0,3,667.2733537326665,200,0.8333333333333334,667.4631685474812,0.024212645942748058,0.010940685597128245,2.261999007341893e-05
550.0,3,667.2733537326665,201,0.8375,667.4641176215554,0.024444238978824456,0.010709349601659299,2.3365981871001667e-05
550.0,3,667.2733537326665,202,0.8416666666666667,667.4650666956294,0.024663288092838246,0.01047216977154407,2.406689058477471e-05
550.0,3,667.2733537326665,203,0.8458333333333333,667.4660157697035,0.024871805112364902,0.010230092449308609,2.4729551394837e-05
550.0,3,667.2733537326665,204,0.85,667.4669648437775,0.025079067082944516,0.009987402481659562,2.5386397919067224e-05
550.0,3,667.2733537326665,205,0.8541666666666666,667.4679139178517,0.025287169437554963,0.009745157149619503,2.6044299246331836e-05
550.0,3,667.2733537326665,206,0.8583333333333333,667.4688629919257,0.02549451028911416,0.009502588210397607,2.6697786532283028e-05
550.0,3,667.2733537326665,207,0.8624999999999999,667.4698120659998,0.02570671955612512,0.009261878045523107,2.7368860384240605e-05
550.0,3,667.2733537326665,208,0.8666666666666667,667.4707611400738,0.025907814980926498,0.0090169190835448,2.7994578826912463e-05
550.0,3,667.2733537326665,209,0.8708333333333333,667.471710214148,0.026084179711232527,0.008762481805296197,2.8521294154399396e-05
550.0,3,667.2733537326665,210,0.875,667.4726592882221,0.02625935984084269,0.008507580516807807,2.9041627907089427e-05
550.0,3,667.2733537326665,211,0.8791666666666667,667.4736083622961,0.026437657369262447,0.008253900693378079,2.9572382424520054e-05
550.0,3,667.2733537326665,212,0.8833333333333333,667.4745574363702,0.02661478433865066,0.007999762162762377,3.0096814678124953e-05
550.0,3,667.2733537326665,213,0.8875,667.4755065104442,0.026793683946459805,0.007746171094080036,3.062703537368758e-05
550.0,3,667.2733537326665,214,0.8916666666666666,667.4764555845184,0.02696690089770468,0.007490843135906602,3.113125842899355e-05
550.0,3,667.2733537326665,215,0.8958333333333334,667.4774046585924,0.027126681559183064,0.007231368103053323,3.1576507431188326e-05
550.0,3,667.2733537326665,216,0.9,667.4783537326665,0.0272738888732527,0.006968024526675342,3.196632913065418e-05
550.0,3,667.2733537326665,217,0.9041666666666667,667.4793028067405,0.027417957256525124,0.0067036912724992405,3.2340943940500456e-05
550.0,3,667.2733537326665,218,0.9083333333333333,667.4802518808146,0.02756352595803596,0.006439844907950224,3.272000005819123e-05
550.0,3,667.2733537326665,219,0.9125,667.4812009548887,0.027707805771511673,0.006175673646904478,3.309147204083609e-05
550.0,3,667.2733537326665,220,0.9166666666666666,667.4821500289628,0.02785688387231617,0.005912633553247723,3.348247476204766e-05
550.0,3,667.2733537326665,221,0.9208333333333333,667.4830991030368,0.02799903443381998,0.005647949700381893,3.3840689118689054e-05
550.0,3,667.2733537326665,222,0.9249999999999999,667.4840481771109,0.028113312325824407,0.0053766125407672585,3.407268378788608e-05
550.0,3,667.2733537326665,223,0.9291666666666667,667.484997251185,0.028222053745651912,0.005103943960160809,3.427798945503118e-05
550.0,3,667.2733537326665,224,0.9333333333333333,667.4859463252591,0.028335344249866973,0.00483237784414869,3.450156726461896e-05
550.0,3,667.2733537326665,225,0.9375,667.4868953993331,0.02844727835648799,0.004560500467012537,3.471707318092102e-05
550.0,3,667.2733537326665,226,0.9416666666666667,667.4878444734072,0.028560947666957708,0.004288906232427076,3.49384733524583e-05
550.0,3,667.2733537326665,227,0.9458333333333333,667.4887935474812,0.028670670616543173,0.004016648514757179,3.513992798783282e-05
550.0,3,667.2733537326665,228,0.95,667.4897426215554,0.028766774065429292,0.003742026625232453,3.527751153077717e-05
550.0,3,667.2733537326665,229,0.9541666666666666,667.4906916956294,0.02884882610802239,0.0034649781300019953,3.53492073170147e-05
550.0,3,667.2733537326665,230,0.9583333333333334,667.4916407697035,0.028925502983789486,0.003186983698557024,3.5394379644315585e-05
550.0,3,667.2733537326665,231,0.9625,667.4925898437775,0.029004044224196973,0.002909315642655278,3.54459378609107e-05
550.0,3,667.2733537326665,232,0.9666666666666667,667.4935389178517,0.029081202611066812,0.0026314975888235633,3.5489167054350054e-05
550.0,3,667.2733537326665,233,0.9708333333333333,667.4944879919258,0.029162264553747225,0.002354088279560991,3.554790852204066e-05
550.0,3,667.2733537326665,234,0.975,667.4954370659998,0.02924077793739078,0.002076407195731226,3.559306570986081e-05
550.0,3,667.2733537326665,235,0.9791666666666666,667.4963861400739,0.02929092391529315,0.0017956003067231999,3.550805464656991e-05
550.0,3,667.2733537326665,236,0.9833333333333333,667.4973352141479,0.029330136699967816,0.0015135790937407345,3.537151661371297e-05
550.0,3,667.2733537326665,237,0.9874999999999999,667.4982842882221,0.029374784871979625,0.001232165162534736,3.52573913455182e-05
550.0,3,667.2733537326665,238,0.9916666666666667,667.4992333622961,0.029418362841478495,0.000950659179117521,3.51363433879042e-05
550.0,3,667.2733537326665,239,0.9958333333333333,667.5001824363702,0.0294632004447604,0.0006691766279194491,3.501858114546787e-05
550.0,3,667.2733537326665,240,1.0,667.5011315104442,0.02950598057208181,0.0003876164721663563,3.4889710538246923e-05
550.0,4,667.7733537326665,0,0.0,667.7733537326665,-0.027656147246732807,0.009838516611430655,1.0136870402290432e-05
550.0,4,667.7733537326665,1,0.004166666666666667,667.7743028067406,-0.027444135081938194,0.010080911222705597,9.142303330444094e-06
550.0,4,667.7733537326665,2,0.008333333333333333,667.7752518808146,-0.02723335509172177,0.010323917913219176,8.146112246307507e-06
550.0,4,667.7733537326665,3,0.0125,667.7762009548887,-0.027020207878164504,0.010565788892488128,7.1480136402713075e-06
550.0,4,667.7733537326665,4,0.016666666666666666,667.7771500289628,-0.026795876590666578,0.010802425302126014,6.145420594406139e-06
550.0,4,667.7733537326665,5,0.020833333333333332,667.7780991030369,-0.02655927749590768,0.01103330604093039,5.1383058265519455e-06
550.0,4,667.7733537326665,6,0.025,667.7790481771109,-0.02631703441144124,0.011261555561856252,4.12821048633563e-06
550.0,4,667.7733537326665,7,0.029166666666666667,667.779997251185,-0.026076358912631728,0.01149054616657801,3.117043580195382e-06
550.0,4,667.7733537326665,8,0.03333333333333333,667.780946325259,-0.02583472573109102,0.011718977863953787,2.105445760743638e-06
550.0,4,667.7733537326665,9,0.0375,667.7818953993332,-0.025595530878413278,0.011948813447470903,1.0901944714385425e-06
550.0,4,667.7733537326665,10,0.041666666666666664,667.7828444734072,-0.025356152924404,0.012178535221211888,7.379660010279933e-08
550.0,4,667.7733537326665,11,0.04583333333333333,667.7837935474813,-0.025095365431547126,0.012396217136111273,-9.271131450425976e-07
550.0,4,667.7733537326665,12,0.05,667.7847426215553,-0.024823506999256246,0.012607685462072407,-1.920641700046432e-06
550.0,4,667.7733537326665,13,0.05416666666666667,667.7856916956295,-0.02455597049621995,0.012821578580129084,-2.918732372988295e-06
550.0,4,667.7733537326665,14,0.058333333333333334,667.7866407697035,-0.02428793766299685,0.013035153979224771,-3.917223362506305e-06
550.0,4,667.7733537326665,15,0.0625,667.7875898437776,-0.024020459350186013,0.013249171988775808,-4.918779972595616e-06
550.0,4,667.7733537326665,16,0.06666666666666667,667.7885389178516,-0.023752254536601153,0.013462669861706507,-5.919761594244401e-06
550.0,4,667.7733537326665,17,0.07083333333333333,667.7894879919257,-0.023475191824448946,0.01367024024564303,-6.904570232712151e-06
550.0,4,667.7733537326665,18,0.075,667.7904370659998,-0.02318722915001738,0.013870506093648064,-7.868978997004098e-06
550.0,4,667.7733537326665,19,0.07916666666666666,667.7913861400739,-0.02289286741601605,0.014066493369814428,-8.8218774719262e-06
550.0,4,667.7733537326665,20,0.08333333333333333,667.7923352141479,-0.02259952306150238,0.014263185533560107,-9.778046808805655e-06
550.0,4,667.7733537326665,21,0.0875,667.793284288222,-0.02230574953129661,0.014459469225690174,-1.0733118089092226e-05
550.0,4,667.7733537326665,22,0.09166666666666666,667.794233362296,-0.02201304530389197,0.014656652725113748,-1.1693250448485177e-05
550.0,4,667.7733537326665,23,0.09583333333333333,667.7951824363702,-0.021722278994119416,0.014855371184193339,-1.266074572416677e-05
550.0,4,667.7733537326665,24,0.1,667.7961315104443,-0.021415619334043335,0.015041417866098918,-1.3576357033660605e-05
550.0,4,667.7733537326665,25,0.10416666666666667,667.7970805845183,-0.02109608699086024,0.01521721655824581,-1.4450115972026757e-05
550.0,4,667.7733537326665,26,0.10833333333333334,667.7980296585924,-0.020779739065798587,0.015395555845244943,-1.5335324325949894e-05
550.0,4,667.7733537326665,27,0.1125,667.7989787326665,-0.020463651769624877,0.015574052379182777,-1.622172859197234e-05
550.0,4,667.7733537326665,28,0.11666666666666667,667.7999278067406,-0.020147502445360604,0.01575261236366768,-1.710988537158809e-05
550.0,4,667.7733537326665,29,0.12083333333333333,667.8008768808146,-0.019831633090628374,0.015931400180985777,-1.799985830473509e-05
550.0,4,667.7733537326665,30,0.125,667.8018259548887,-0.01950942540285785,0.016104154884793997,-1.8859613254104375e-05
550.0,4,667.7733537326665,31,0.12916666666666665,667.8027750289627,-0.01917821289982504,0.016268338418792445,-1.96759973312361e-05
550.0,4,667.7733537326665,32,0.13333333333333333,667.8037241030369,-0.01884065876718248,0.016426485814710505,-2.0461958196546572e-05
550.0,4,667.7733537326665,33,0.1375,667.8046731771109,-0.01850333194046031,0.01658488840125755,-2.1250044431044318e-05
550.0,4,667.7733537326665,34,0.14166666666666666,667.805622251185,-0.01816610989307235,0.01674326832987099,-2.2038139260507783e-05
550.0,4,667.7733537326665,35,0.14583333333333334,667.806571325259,-0.01782902467924153,0.01690186958143324,-2.282841127905441e-05
550.0,4,667.7733537326665,36,0.15,667.8075203993332,-0.01749445778401844,0.017063359006589687,-2.363636122846254e-05
550.0,4,667.7733537326665,37,0.15416666666666667,667.8084694734072,-0.017149748370055406,0.017213189145691213,-2.4376088230453984e-05
550.0,4,667.7733537326665,38,0.15833333333333333,667.8094185474813,-0.016792488926599507,0.01734861671428039,-2.5031308375248288e-05
550.0,4,667.7733537326665,39,0.1625,667.8103676215553,-0.016436745092176196,0.01748579659204568,-2.56973846942911e-05
550.0,4,667.7733537326665,40,0.16666666666666666,667.8113166956294,-0.016081909740975838,0.017623959491772638,-2.636957748309066e-05
550.0,4,667.7733537326665,41,0.17083333333333334,667.8122657697035,-0.01572664502236291,0.017761713736972645,-2.70400768029294e-05
550.0,4,667.7733537326665,42,0.175,667.8132148437776,-0.015372038422578902,0.017900358049730527,-2.771671673873313e-05
550.0,4,667.7733537326665,43,0.17916666666666667,667.8141639178516,-0.015013502848464555,0.018033450632446015,-2.8357922759396688e-05
550.0,4,667.7733537326665,44,0.18333333333333332,667.8151129919257,-0.014648249776012125,0.01815707800646333,-2.8938373728457876e-05
550.0,4,667.7733537326665,45,0.1875,667.8160620659997,-0.014277546408871388,0.018273011856843026,-2.946940074309517e-05
550.0,4,667.7733537326665,46,0.19166666666666665,667.8170111400739,-0.01390634958659255,0.018388304609343306,-2.999669864080132e-05
550.0,4,667.7733537326665,47,0.19583333333333333,667.817960214148,-0.013535591295874871,0.01850410014367752,-3.052737757169274e-05
550.0,4,667.7733537326665,48,0.2,667.818909288222,-0.013164547146018044,0.018619468881242128,-3.105557710567999e-05
550.0,4,667.7733537326665,49,0.20416666666666666,667.8198583622961,-0.012795525833098686,0.018738454342964502,-3.160886802376934e-05
550.0,4,667.7733537326665,50,0.20833333333333334,667.8208074363702,-0.012421323331340385,0.01884818191078164,-3.209908640902905e-05
550.0,4,667.7733537326665,51,0.2125,667.8217565104443,-0.012037067273525466,0.01893999592184751,-3.246689757704582e-05
550.0,4,667.7733537326665,52,0.21666666666666667,667.8227055845183,-0.011652710256745859,0.019031653396442843,-3.283384562390664e-05
550.0,4,667.7733537326665,53,0.22083333333333333,667.8236546585924,-0.011269542786471517,0.01912536094300003,-3.321498053899137e-05
550.0,4,667.7733537326665,54,0.225,667.8246037326664,-0.01088589764589313,0.019218261037932297,-3.359081485777249e-05
550.0,4,667.7733537326665,55,0.22916666666666666,667.8255528067406,-0.01050279685238244,0.019312430595606674,-3.39757942804077e-05
550.0,4,667.7733537326665,56,0.23333333333333334,667.8265018808146,-0.010117786288237136,0.01940204069330717,-3.432876277234157e-05
550.0,4,667.7733537326665,57,0.2375,667.8274509548887,-0.009728574296996863,0.019481727298181144,-3.461184883391675e-05
550.0,4,667.7733537326665,58,0.24166666666666667,667.8284000289627,-0.009335547768874908,0.01955236724553294,-3.483116453594263e-05
550.0,4,667.7733537326665,59,0.24583333333333332,667.8293491030369,-0.008941675863515446,0.019621083972908935,-3.503700042584459e-05
550.0,4,667.7733537326665,60,0.25,667.8302981771109,-0.00854827236773518,0.0196908079304254,-3.5250032202025554e-05
550.0,4,667.7733537326665,61,0.25416666666666665,667.831247251185,-0.00815458352365904,0.019759655243227814,-3.54569343564309e-05
550.0,4,667.7733537326665,62,0.2583333333333333,667.832196325259,-0.007761937557228221,0.019832139828973007,-3.5689806790005405e-05
550.0,4,667.7733537326665,63,0.2625,667.8331453993331,-0.0073675490841981885,0.019898595201339662,-3.587988004947452e-05
550.0,4,667.7733537326665,64,0.26666666666666666,667.8340944734072,-0.006967306955738356,0.01994495438611184,-3.592701173772962e-05
550.0,4,667.7733537326665,65,0.2708333333333333,667.8350435474813,-0.006566155810872811,0.019988239406436237,-3.595227274011524e-05
550.0,4,667.7733537326665,66,0.275,667.8359926215553,-0.006165929981167421,0.020034611253412903,-3.5999544926355374e-05
550.0,4,667.7733537326665,67,0.2791666666666667,667.8369416956294,-0.00576542471605652,0.020079991289542246,-3.6039785532048546e-05
550.0,4,667.7733537326665,68,0.2833333333333333,667.8378907697034,-0.0053651164314989985,0.02012666785340113,-3.6089130392699553e-05
550.0,4,667.7733537326665,69,0.2875,667.8388398437776,-0.004964301351737893,0.020170108982669813,-3.611581064391283e-05
550.0,4,667.7733537326665,70,0.2916666666666667,667.8397889178517,-0.004561849999577215,0.020203655422803314,-3.6073048943509806e-05
550.0,4,667.7733537326665,71,0.29583333333333334,667.8407379919257,-0.004157769616251686,0.02022724411375687,-3.596040203401997e-05
550.0,4,667.7733537326665,72,0.3,667.8416870659998,-0.0037530994784871915,0.020247394322604296,-3.582354695177177e-05
550.0,4,667.7733537326665,73,0.30416666666666664,667.8426361400739,-0.003348657810699102,0.02026885860208059,-3.569591873549125e-05
550.0,4,667.7733537326665,74,0.30833333333333335,667.843585214148,-0.0029441703073316726,0.020289315827063267,-3.5561436822714306e-05
550.0,4,667.7733537326665,75,0.3125,667.844534288222,-0.002539777472917606,0.0203128061782456,-3.544742070456312e-05
550.0,4,667.7733537326665,76,0.31666666666666665,667.8454833622961,-0.002135289875722105,0.020333614914141446,-3.5315246758e-05
550.0,4,667.7733537326665,77,0.3208333333333333,667.8464324363702,-0.001729981130875318,0.02033400857270176,-3.504475218196462e-05
550.0,4,667.7733537326665,78,0.325,667.8473815104443,-0.0013243900963938494,0.02032771988891602,-3.472891824548737e-05
550.0,4,667.7733537326665,79,0.32916666666666666,667.8483305845183,-0.0009189654569322526,0.020325203728679797,-3.443865147614339e-05
550.0,4,667.7733537326665,80,0.3333333333333333,667.8492796585924,-0.0005135381902264172,0.020321828665190406,-3.414263384804746e-05
550.0,4,667.7733537326665,81,0.3375,667.8502287326664,-0.00010798193728619757,0.020319455477391214,-3.385283937348389e-05
550.0,4,667.7733537326665,82,0.3416666666666667,667.8511778067406,0.0002973911734266351,0.02031526486668128,-3.355150459416187e-05
550.0,4,667.7733537326665,83,0.3458333333333333,667.8521268808146,0.0007019956584687817,0.020301737269331162,-3.319048534358511e-05
550.0,4,667.7733537326665,84,0.35,667.8530759548887,0.001105729247275594,0.020277824302669414,-3.2763156962686024e-05
550.0,4,667.7733537326665,85,0.3541666666666667,667.8540250289627,0.001509065531164887,0.020248953489229306,-3.2304093931362445e-05
550.0,4,667.7733537326665,86,0.35833333333333334,667.8549741030369,0.0019125204198598626,0.02022138245123879,-3.1853276892605586e-05
550.0,4,667.7733537326665,87,0.3625,667.8559231771109,0.0023157758344282647,0.020192988199887553,-3.139774461134719e-05
550.0,4,667.7733537326665,88,0.36666666666666664,667.856872251185,0.002719493999251426,0.02016663491318903,-3.0953999558454995e-05
550.0,4,667.7733537326665,89,0.37083333333333335,667.857821325259,0.0031232392389887367,0.020140469146518333,-3.051138981560599e-05
550.0,4,667.7733537326665,90,0.375,667.8587703993331,0.003523070373620237,0.020095492541973545,-2.9958611445349823e-05
550.0,4,667.7733537326665,91,0.37916666666666665,667.8597194734072,0.003920751403005188,0.020040116373828187,-2.934490706210706e-05
550.0,4,667.7733537326665,92,0.3833333333333333,667.8606685474813,0.0043192233434004735,0.01998856612531952,-2.8753675231240476e-05
550.0,4,667.7733537326665,93,0.3875,667.8616176215553,0.004717571921944531,0.01993663773224265,-2.816050465191208e-05
550.0,4,667.7733537326665,94,0.39166666666666666,667.8625666956294,0.00511616392996253,0.019885196170756472,-2.756949654264014e-05
550.0,4,667.7733537326665,95,0.3958333333333333,667.8635157697036,0.005514536963319047,0.019833208280037564,-2.6975877614114317e-05
550.0,4,667.7733537326665,96,0.4,667.8644648437776,0.005910143822054677,0.01977296325034132,-2.6339412450425497e-05
550.0,4,667.7733537326665,97,0.4041666666666667,667.8654139178517,0.006302278204280976,0.019702381980774567,-2.5649406181595656e-05
550.0,4,667.7733537326665,98,0.4083333333333333,667.8663629919257,0.006692326941386761,0.019625566673280425,-2.49271320191441e-05
550.0,4,667.7733537326665,99,0.4125,667.8673120659998,0.007082703208361827,0.019549648429687903,-2.4209486822507783e-05
550.0,4,667.7733537326665,100,0.4166666666666667,667.8682611400739,0.007472819145573268,0.019473328730686898,-2.3490638998640734e-05
550.0,4,667.7733537326665,101,0.42083333333333334,667.869210214148,0.007863435925709619,0.01939797576849885,-2.277588350401668e-05
550.0,4,667.7733537326665,102,0.425,667.870159288222,0.008255066332519639,0.01932480411674007,-2.207087802417365e-05
550.0,4,667.7733537326665,103,0.42916666666666664,667.8711083622961,0.00863933892194957,0.01923594515165892,-2.1297230628629536e-05
550.0,4,667.7733537326665,104,0.43333333333333335,667.8720574363701,0.009017300100805177,0.0191335966565267,-2.0464586885509584e-05
550.0,4,667.7733537326665,105,0.4375,667.8730065104443,0.009396715442947791,0.019034343032165852,-1.964573465880938e-05
550.0,4,667.7733537326665,106,0.44166666666666665,667.8739555845183,0.009776245643418939,0.018935441588804048,-1.8828998523571092e-05
550.0,4,667.7733537326665,107,0.4458333333333333,667.8749046585924,0.010155844604429125,0.01883646185030209,-1.8011469002262354e-05
550.0,4,667.7733537326665,108,0.45,667.8758537326664,0.01053565144798459,0.018737880383366573,-1.7195784518838944e-05
550.0,4,667.7733537326665,109,0.45416666666666666,667.8768028067406,0.010911333056554668,0.01863252915854224,-1.6357033335824992e-05
550.0,4,667.7733537326665,110,0.4583333333333333,667.8777518808146,0.01128102863154474,0.018517350809498765,-1.548474809967256e-05
550.0,4,667.7733537326665,111,0.46249999999999997,667.8787009548887,0.011646419350610596,0.018395107722087703,-1.458852519138304e-05
550.0,4,667.7733537326665,112,0.4666666666666667,667.8796500289627,0.0120119368124261,0.01827301328703342,-1.3692944192402502e-05
550.0,4,667.7733537326665,113,0.4708333333333333,667.8805991030368,0.012377422696318226,0.01815104418983181,-1.2798937816625777e-05
550.0,4,667.7733537326665,114,0.475,667.8815481771109,0.012743032487479607,0.01802916763310239,-1.1905158273963074e-05
550.0,4,667.7733537326665,115,0.4791666666666667,667.882497251185,0.013110992687717963,0.017910384155113226,-1.101907215914404e-05
550.0,4,667.7733537326665,116,0.48333333333333334,667.883446325259,0.01347008616826442,0.017779956244481792,-1.0105996139050608e-05
550.0,4,667.7733537326665,117,0.4875,667.8843953993331,0.013817551566076409,0.017634229577893953,-9.157336554750415e-06
550.0,4,667.7733537326665,118,0.49166666666666664,667.8853444734073,0.014166227180735335,0.017490080206089793,-8.212862049382207e-06
550.0,4,667.7733537326665,119,0.49583333333333335,667.8862935474813,0.014515750566248209,0.01734711110747424,-7.272064470583247e-06
550.0,4,667.7733537326665,120,0.5,667.8872426215554,0.014864940727869428,0.017203619585580344,-6.330115936289462e-06
550.0,4,667.7733537326665,121,0.5041666666666667,667.8881916956294,0.015214950275065373,0.01706104123603624,-5.3899317307031826e-06
550.0,4,667.7733537326665,122,0.5083333333333333,667.8891407697035,0.015560261746840328,0.016913402436696007,-4.444679427752556e-06
550.0,4,667.7733537326665,123,0.5125,667.8900898437776,0.01589734094211206,0.016756870765914703,-3.490021997052726e-06
550.0,4,667.7733537326665,124,0.5166666666666666,667.8910389178517,0.016227617182734386,0.016593002935868986,-2.527900875476383e-06
550.0,4,667.7733537326665,125,0.5208333333333334,667.8919879919257,0.016557223142392153,0.016428367455758673,-1.5653429558566878e-06
550.0,4,667.7733537326665,126,0.525,667.8929370659998,0.01688728810824904,0.01626431554822269,-6.047529922987406e-07
550.0,4,667.7733537326665,127,0.5291666666666667,667.8938861400738,0.017216902231886766,0.016099810807791187,3.55386025357796e-07
550.0,4,667.7733537326665,128,0.5333333333333333,667.894835214148,0.01754994190343772,0.01593837936396267,1.3157053665521915e-06
550.0,4,667.7733537326665,129,0.5375,667.895784288222,0.01787469238523732,0.015769505388828757,2.2731626364236436e-06
550.0,4,667.7733537326665,130,0.5416666666666666,667.8967333622961,0.018182279020644388,0.015585188830155942,3.225543355928522e-06
550.0,4,667.7733537326665,131,0.5458333333333333,667.8976824363701,0.018489388442636197,0.015400428781793355,4.177001258009023e-06
550.0,4,667.7733537326665,132,0.55,667.8986315104443,0.018798544982167917,0.015217550492950673,5.127764616575758e-06
550.0,4,667.7733537326665,133,0.5541666666666667,667.8995805845183,0.019106915774360096,0.01503394515429903,6.077579643253105e-06
550.0,4,667.7733537326665,134,0.5583333333333333,667.9005296585924,0.019416593941620507,0.01485133226744901,7.02827660058085e-06
550.0,4,667.7733537326665,135,0.5625,667.9014787326664,0.01972182504410239,0.014665378215988562,7.971713291069233e-06
550.0,4,667.7733537326665,136,0.5666666666666667,667.9024278067405,0.020017006067113947,0.014471824371154098,8.900177405704501e-06
550.0,4,667.7733537326665,137,0.5708333333333333,667.9033768808146,0.02030290363095864,0.014271266390460596,9.81450073499715e-06
550.0,4,667.7733537326665,138,0.575,667.9043259548887,0.02058667174391308,0.014069068806100702,1.0724964388514343e-05
550.0,4,667.7733537326665,139,0.5791666666666666,667.9052750289627,0.020871494430702003,0.013867705429482567,1.1635539137372571e-05
550.0,4,667.7733537326665,140,0.5833333333333334,667.9062241030368,0.021155346529672624,0.013665699879614029,1.2542962983534762e-05
550.0,4,667.7733537326665,141,0.5875,667.907173177111,0.021443059371608238,0.013466132725344375,1.3458355607262508e-05
550.0,4,667.7733537326665,142,0.5916666666666667,667.908122251185,0.021724784919170778,0.013262770885075943,1.4358689933537746e-05
550.0,4,667.7733537326665,143,0.5958333333333333,667.9090713252591,0.021984682121192915,0.013045527965074737,1.520718879691703e-05
550.0,4,667.7733537326665,144,0.6,667.9100203993331,0.022240755514565124,0.012825840937889552,1.6045597571752728e-05
550.0,4,667.7733537326665,145,0.6041666666666666,667.9109694734072,0.02250027651780875,0.012608369176565784,1.689058130495237e-05
550.0,4,667.7733537326665,146,0.6083333333333333,667.9119185474813,0.022758719103864428,0.012390224050749542,1.7731684468959735e-05
550.0,4,667.7733537326665,147,0.6125,667.9128676215554,0.023018632236366878,0.01217284630896932,1.857609841160478e-05
550.0,4,667.7733537326665,148,0.6166666666666667,667.9138166956294,0.02327505231359134,0.01195362740065144,1.940843128185414e-05
550.0,4,667.7733537326665,149,0.6208333333333333,667.9147657697035,0.02352019351885321,0.01172838095174791,2.0205113503729497e-05
550.0,4,667.7733537326665,150,0.625,667.9157148437776,0.023753844887152868,0.011497009796461613,2.096528714801617e-05
550.0,4,667.7733537326665,151,0.6291666666666667,667.9166639178517,0.023983327934955556,0.011263393958083926,2.1711389120819794e-05
550.0,4,667.7733537326665,152,0.6333333333333333,667.9176129919257,0.02421432923327759,0.011030596043640734,2.2460615044782097e-05
550.0,4,667.7733537326665,153,0.6375,667.9185620659998,0.024444126459413282,0.010797262606447946,2.3204031776914135e-05
550.0,4,667.7733537326665,154,0.6416666666666666,667.9195111400738,0.02467744549520474,0.010565469234773108,2.3958844796421904e-05
550.0,4,667.7733537326665,155,0.6458333333333334,667.920460214148,0.024908045614989025,0.010332479311307742,2.4702305918826273e-05
550.0,4,667.7733537326665,156,0.65,667.921409288222,0.025114110999567816,0.01008859399202277,2.5355517370952416e-05
550.0,4,667.7733537326665,157,0.6541666666666667,667.9223583622961,0.025311452851046544,0.009840823522970296,2.5975582544899107e-05
550.0,4,667.7733537326665,158,0.6583333333333333,667.9233074363701,0.025513408809361315,0.009595113115710827,2.661065149081819e-05
550.0,4,667.7733537326665,159,0.6625,667.9242565104443,0.025714366189536927,0.009348987773890557,2.7240317599646076e-05
550.0,4,667.7733537326665,160,0.6666666666666666,667.9252055845183,0.02591655002015831,0.009103269200097769,2.7873491511600723e-05
550.0,4,667.7733537326665,161,0.6708333333333333,667.9261546585924,0.026116643797426186,0.008856815860582415,2.8496460116884998e-05
550.0,4,667.7733537326665,162,0.675,667.9271037326664,0.02630497885876668,0.008606078095819007,2.907030385108334e-05
550.0,4,667.7733537326665,163,0.6791666666666667,667.9280528067405,0.026480054350037863,0.008350521043902258,2.9588821957325786e-05
550.0,4,667.7733537326665,164,0.6833333333333333,667.9290018808147,0.026648572092837258,0.008092567160771795,3.0079080377502754e-05
550.0,4,667.7733537326665,165,0.6875,667.9299509548887,0.026818707791406562,0.00783519174755631,3.057412184698013e-05
550.0,4,667.7733537326665,166,0.6916666666666667,667.9309000289628,0.026987789348119674,0.0075775354904047375,3.106271139729117e-05
550.0,4,667.7733537326665,167,0.6958333333333333,667.9318491030368,0.027159411761705984,0.007320587355038195,3.156061247661202e-05
550.0,4,667.7733537326665,168,0.7,667.932798177111,0.027331726710986062,0.007063848933721416,3.205969177833246e-05
550.0,4,667.7733537326665,169,0.7041666666666666,667.933747251185,0.02747932176588835,0.006799935253495911,3.2449846999606066e-05
550.0,4,667.7733537326665,170,0.7083333333333334,667.9346963252591,0.02761232485734667,0.006531775663585015,3.277486845459866e-05
550.0,4,667.7733537326665,171,0.7125,667.9356453993331,0.02775037876018017,0.006265085169592838,3.311984278152062e-05
550.0,4,667.7733537326665,172,0.7166666666666667,667.9365944734072,0.027888023819316612,0.005998310355695547,3.346103409321864e-05
550.0,4,667.7733537326665,173,0.7208333333333333,667.9375435474813,0.02802628773291196,0.005731612320274704,3.380322215118407e-05
550.0,4,667.7733537326665,174,0.725,667.9384926215554,0.02816398355556531,0.005464813697452833,3.4140863980664784e-05
550.0,4,667.7733537326665,175,0.7291666666666666,667.9394416956294,0.028290300943413334,0.005195486021209063,3.442534423686589e-05
550.0,4,667.7733537326665,176,0.7333333333333333,667.9403907697035,0.028402124036178526,0.0049229426052008135,3.464257494496032e-05
550.0,4,667.7733537326665,177,0.7375,667.9413398437775,0.028504974099750283,0.004648403372626569,3.4817357434283664e-05
550.0,4,667.7733537326665,178,0.7416666666666667,667.9422889178517,0.028608974494725443,0.004374099525544962,3.499529619391029e-05
550.0,4,667.7733537326665,179,0.7458333333333333,667.9432379919257,0.02871244860418391,0.004099766554180207,3.5168760097751985e-05
550.0,4,667.7733537326665,180,0.75,667.9441870659998,0.028817164913864633,0.003825595832036003,3.5345865921601724e-05
550.0,4,667.7733537326665,181,0.7541666666666667,667.9451361400738,0.028925378746437486,0.0035519802179478414,3.553687047211669e-05
550.0,4,667.7733537326665,182,0.7583333333333333,667.946085214148,0.029011179935300037,0.003274846197280918,3.562366821255916e-05
550.0,4,667.7733537326665,183,0.7625,667.947034288222,0.029076521636988102,0.002994489493606208,3.561508460346188e-05
550.0,4,667.7733537326665,184,0.7666666666666666,667.9479833622961,0.02914618967988668,0.0027148095062814064,3.5624100811275055e-05
550.0,4,667.7733537326665,185,0.7708333333333334,667.9489324363701,0.029216522458075947,0.0024352682452526515,3.563406211188608e-05
550.0,4,667.7733537326665,186,0.775,667.9498815104442,0.029286684394193543,0.0021556325925968637,3.564105947256996e-05
550.0,4,667.7733537326665,187,0.7791666666666667,667.9508305845184,0.02935760570929323,0.0018760908756585524,3.564937934209293e-05
550.0,4,667.7733537326665,188,0.7833333333333333,667.9517796585924,0.02941834714003954,0.0015955849503622125,3.560972847101962e-05
550.0,4,667.7733537326665,189,0.7875,667.9527287326665,0.029463974009139637,0.0013136444715825162,3.549986336477986e-05
550.0,4,667.7733537326665,190,0.7916666666666666,667.9536778067405,0.029498513430260127,0.0010306536412438853,3.5337888775409345e-05
550.0,4,667.7733537326665,191,0.7958333333333333,667.9546268808147,0.0295331081781023,0.0007476442053538209,3.517393017164434e-05
550.0,4,667.7733537326665,192,0.8,667.9555759548887,0.02956795706053781,0.0004647260157062948,3.50091299888082e-05
550.0,4,667.7733537326665,193,0.8041666666666667,667.9565250289628,0.029602822622672064,0.0001817755075100295,3.4842143981230404e-05
550.0,4,667.7733537326665,194,0.8083333333333333,667.9574741030368,0.02964281215290688,-0.00010100097239422006,3.4695246528576876e-05
550.0,4,667.7733537326665,195,0.8125,667.958423177111,0.029664735213048955,-0.00038438268393940165,3.4467728386862294e-05
550.0,4,667.7733537326665,196,0.8166666666666667,667.959372251185,0.029661428374698234,-0.0006686234054478046,3.412842299193003e-05
550.0,4,667.7733537326665,197,0.8208333333333333,667.9603213252591,0.02966026740187337,-0.0009527984666179029,3.37962228700384e-05
550.0,4,667.7733537326665,198,0.825,667.9612703993331,0.029661197221731595,-0.0012368723759346527,3.347105150938416e-05
550.0,4,667.7733537326665,199,0.8291666666666666,667.9622194734072,0.02966122999748154,-0.0015210123119026194,3.313964325896006e-05
550.0,4,667.7733537326665,200,0.8333333333333334,667.9631685474812,0.029662890872571533,-0.0018051814108559164,3.281275458354686e-05
550.0,4,667.7733537326665,201,0.8375,667.9641176215554,0.029656227727959283,-0.0020891219643436945,3.2449752266386045e-05
550.0,4,667.7733537326665,202,0.8416666666666667,667.9650666956294,0.02963449101217923,-0.0023726648579939086,3.202306849474378e-05
550.0,4,667.7733537326665,203,0.8458333333333333,667.9660157697035,0.029600115541023996,-0.002655866717548741,3.154268294360103e-05
550.0,4,667.7733537326665,204,0.85,667.9669648437775,0.02956420979999162,-0.0029390515951785287,3.105374412749133e-05
550.0,4,667.7733537326665,205,0.8541666666666666,667.9679139178517,0.02952935773900285,-0.0032222198619204726,3.05672036642603e-05
550.0,4,667.7733537326665,206,0.8583333333333333,667.9688629919257,0.029493617702933968,-0.003505338591298552,3.007502728970624e-05
550.0,4,667.7733537326665,207,0.8624999999999999,667.9698120659998,0.02946337712491627,-0.003788944912402823,2.9601070051238437e-05
550.0,4,667.7733537326665,208,0.8666666666666667,667.9707611400738,0.029420563745387197,-0.004071441540499037,2.9078312416689478e-05
550.0,4,667.7733537326665,209,0.8708333333333333,667.971710214148,0.029349761311715013,-0.004351488923415404,2.8449488616074225e-05
550.0,4,667.7733537326665,210,0.875,667.9726592882221,0.029277609958897922,-0.004631427224453763,2.7813475828976687e-05
550.0,4,667.7733537326665,211,0.8791666666666667,667.9736083622961,0.029209008902064557,-0.004911652409286919,2.7188698031399797e-05
550.0,4,667.7733537326665,212,0.8833333333333333,667.9745574363702,0.029139074736415742,-0.005191769903763578,2.6556786540424105e-05
550.0,4,667.7733537326665,213,0.8875,667.9755065104442,0.029071037356419215,-0.005472170771865249,2.592892533192586e-05
550.0,4,667.7733537326665,214,0.8916666666666666,667.9764555845184,0.028996934712461002,-0.005751648578928008,2.527935456802928e-05
550.0,4,667.7733537326665,215,0.8958333333333334,667.9774046585924,0.028908461668868284,-0.006028977432875513,2.4581009248503236e-05
550.0,4,667.7733537326665,216,0.9,667.9783537326665,0.02880655907963665,-0.006304286582780327,2.3837087239117178e-05
550.0,4,667.7733537326665,217,0.9041666666666667,667.9793028067405,0.028701284339185947,-0.0065791110594625,2.3080005356912687e-05
550.0,4,667.7733537326665,218,0.9083333333333333,667.9802518808146,0.028597633133639028,-0.0068541559124128335,2.232635045358996e-05
550.0,4,667.7733537326665,219,0.9125,667.9812009548887,0.028492665803921163,-0.0071289353572098115,2.1566980436921072e-05
550.0,4,667.7733537326665,220,0.9166666666666666,667.9821500289628,0.028392532310947897,-0.007404766680357531,2.0818399550084976e-05
550.0,4,667.7733537326665,221,0.9208333333333333,667.9830991030368,0.028285405295179707,-0.007679086767129733,2.0049134612682265e-05
550.0,4,667.7733537326665,222,0.9249999999999999,667.9840481771109,0.028150117274651606,-0.007947361139203383,1.920251373637358e-05
550.0,4,667.7733537326665,223,0.9291666666666667,667.984997251185,0.02800922743237824,-0.008214442743755601,1.8338887552652538e-05
550.0,4,667.7733537326665,224,0.9333333333333333,667.9859463252591,0.027872947621589792,-0.00848249741567968,1.7485818181110698e-05
550.0,4,667.7733537326665,225,0.9375,667.9868953993331,0.027735307865460895,-0.008750247716532121,1.6627304601186564e-05
550.0,4,667.7733537326665,226,0.9416666666666667,667.9878444734072,0.027599312054920805,-0.009018481464060877,1.5769990665464692e-05
550.0,4,667.7733537326665,227,0.9458333333333333,667.9887935474812,0.027459561446043685,-0.009285631697330331,1.4903406420100678e-05
550.0,4,667.7733537326665,228,0.95,667.9897426215554,0.027306791742162214,-0.009549103557480352,1.4008738199094517e-05
550.0,4,667.7733537326665,229,0.9541666666666666,667.9906916956294,0.027140604790618535,-0.009808771458252093,1.308540296349623e-05
550.0,4,667.7733537326665,230,0.9583333333333334,667.9916407697035,0.026969271150824585,-0.010066998801309417,1.2149790959728681e-05
550.0,4,667.7733537326665,231,0.9625,667.9925898437775,0.02679972134090533,-0.010325727134586538,1.1215995557658483e-05
550.0,4,667.7733537326665,232,0.9666666666666667,667.9935389178517,0.026628925861950932,-0.010584008776180471,1.0278895196826471e-05
550.0,4,667.7733537326665,233,0.9708333333333333,667.9944879919258,0.02646163460488602,-0.010843563493905162,9.344070529637968e-06
550.0,4,667.7733537326665,234,0.975,667.9954370659998,0.026292050012127758,-0.011102290510918416,8.404725939401273e-06
550.0,4,667.7733537326665,235,0.9791666666666666,667.9963861400739,0.026096865446754654,-0.011351891356249083,7.4321970870938545e-06
550.0,4,667.7733537326665,236,0.9833333333333333,667.9973352141479,0.025891806451631447,-0.011597982727286401,6.4458034277626515e-06
550.0,4,667.7733537326665,237,0.9874999999999999,667.9982842882221,0.02569165965115673,-0.011845815913229914,5.4638903914975e-06
550.0,4,667.7733537326665,238,0.9916666666666667,667.9992333622961,0.025490568840371233,-0.012093283724242966,4.479496204196652e-06
550.0,4,667.7733537326665,239,0.9958333333333333,668.0001824363702,0.025290518086939922,-0.012341250839429744,3.493331647574713e-06
550.0,4,667.7733537326665,240,1.0,668.0011315104442,0.02508873577824523,-0.01258843444057322,2.505226584988508e-06
550.0,5,668.2733537326665,0,0.0,668.2733537326665,-0.013293325225221543,0.018643438462837347,-3.114538729208059e-05
550.0,5,668.2733537326665,1,0.004166666666666667,668.2743028067406,-0.012917975837639891,0.01875381932414964,-3.164084261277559e-05
550.0,5,668.2733537326665,2,0.008333333333333333,668.2752518808146,-0.012543111777910124,0.018865207079461935,-3.214366580427682e-05
550.0,5,668.2733537326665,3,0.0125,668.2762009548887,-0.012167281315275027,0.01897469307008332,-3.263352936843283e-05
550.0,5,668.2733537326665,4,0.016666666666666666,668.2771500289628,-0.011786776288480339,0.01907530326788003,-3.3062140109563894e-05
550.0,5,668.2733537326665,5,0.020833333333333332,668.2780991030369,-0.011401160106817524,0.01916617521530671,-3.342341565017619e-05
550.0,5,668.2733537326665,6,0.025,668.2790481771109,-0.011013179625365981,0.019252582889032116,-3.375391222266778e-05
550.0,5,668.2733537326665,7,0.029166666666666667,668.279997251185,-0.010625847110712188,0.019340238859921054,-3.409325016708013e-05
550.0,5,668.2733537326665,8,0.03333333333333333,668.280946325259,-0.010238207550661231,0.01942704510671653,-3.442669647357201e-05
550.0,5,668.2733537326665,9,0.0375,668.2818953993332,-0.009851365677108228,0.019515999050668427,-3.477561431512085e-05
550.0,5,668.2733537326665,10,0.041666666666666664,668.2828444734072,-0.009464470137778559,0.019604782808887347,-3.5123485507864986e-05
550.0,5,668.2733537326665,11,0.04583333333333333,668.2837935474813,-0.0090703269404254,0.01967493717568471,-3.5339067587046686e-05
550.0,5,668.2733537326665,12,0.05,668.2847426215553,-0.00867242667825296,0.01973547082048363,-3.548632708014439e-05
550.0,5,668.2733537326665,13,0.05416666666666667,668.2856916956295,-0.008275995350899694,0.019799763344943534,-3.566038667374114e-05
550.0,5,668.2733537326665,14,0.058333333333333334,668.2866407697035,-0.007879428276996083,0.019863592114995672,-3.5831219364123664e-05
550.0,5,668.2733537326665,15,0.0625,668.2875898437776,-0.007482939220988416,0.019928010681816377,-3.600632974721006e-05
550.0,5,668.2733537326665,16,0.06666666666666667,668.2885389178516,-0.007086297752036693,0.019991705373171888,-3.617635705954023e-05
550.0,5,668.2733537326665,17,0.07083333333333333,668.2894879919257,-0.006687451018639957,0.020046914763316825,-3.628598866458202e-05
550.0,5,668.2733537326665,18,0.075,668.2904370659998,-0.006285902254355215,0.02009168490381558,-3.632127129777383e-05
550.0,5,668.2733537326665,19,0.07916666666666666,668.2913861400739,-0.005882760305136976,0.020130339073995262,-3.631296456736877e-05
550.0,5,668.2733537326665,20,0.08333333333333333,668.2923352141479,-0.005479850955733694,0.020169985592079265,-3.631170881491918e-05
550.0,5,668.2733537326665,21,0.0875,668.293284288222,-0.005076936696468862,0.020209122798329565,-3.6306972756750124e-05
550.0,5,668.2733537326665,22,0.09166666666666666,668.294233362296,-0.004674133593870493,0.020249432711409176,-3.631038634624677e-05
550.0,5,668.2733537326665,23,0.09583333333333333,668.2951824363702,-0.004271611840381293,0.02029178730674075,-3.6328111231458575e-05
550.0,5,668.2733537326665,24,0.1,668.2961315104443,-0.003866847421606745,0.020317269435789622,-3.6227895733938e-05
550.0,5,668.2733537326665,25,0.10416666666666667,668.2970805845183,-0.0034602539332465876,0.020329101172277625,-3.6032204268080156e-05
550.0,5,668.2733537326665,26,0.10833333333333334,668.2980296585924,-0.003054108672191159,0.020344316846471124,-3.586013552735686e-05
550.0,5,668.2733537326665,27,0.1125,668.2989787326665,-0.002648042715744913,0.020359767616579563,-3.568979130786074e-05
550.0,5,668.2733537326665,28,0.11666666666666667,668.2999278067406,-0.0022418731378171545,0.02037524536029517,-3.5519362008766364e-05
550.0,5,668.2733537326665,29,0.12083333333333333,668.3008768808146,-0.0018357392325420825,0.0203910241714018,-3.535099960176425e-05
550.0,5,668.2733537326665,30,0.125,668.3018259548887,-0.0014295338768035204,0.020399267595925703,-3.5132051626163626e-05
550.0,5,668.2733537326665,31,0.12916666666666665,668.3027750289627,-0.001023227099016869,0.020396816785706807,-3.484133017956467e-05
550.0,5,668.2733537326665,32,0.13333333333333333,668.3037241030369,-0.0006168489474361234,0.020386842495090433,-3.450009999009181e-05
550.0,5,668.2733537326665,33,0.1375,668.3046731771109,-0.00021044078750795278,0.020377169445574456,-3.4160749118165006e-05
550.0,5,668.2733537326665,34,0.14166666666666666,668.305622251185,0.00019586345403935858,0.020367521155071885,-3.382188880985088e-05
550.0,5,668.2733537326665,35,0.14583333333333334,668.306571325259,0.0006022425281321644,0.020358109145249537,-3.3484319220707566e-05
550.0,5,668.2733537326665,36,0.15,668.3075203993332,0.001009005002792001,0.020352080987722013,-3.316799699867281e-05
550.0,5,668.2733537326665,37,0.15416666666666667,668.3084694734072,0.0014141970954047092,0.020332373656995237,-3.2765703001869976e-05
550.0,5,668.2733537326665,38,0.15833333333333333,668.3094185474813,0.001817466929694512,0.02029576451886976,-3.2257148711778826e-05
550.0,5,668.2733537326665,39,0.1625,668.3103676215553,0.0022209798989521537,0.020261208181643686,-3.1761458392038814e-05
550.0,5,668.2733537326665,40,0.16666666666666666,668.3113166956294,0.0026245817909990145,0.020227826395998946,-3.1273349024497296e-05
550.0,5,668.2733537326665,41,0.17083333333333334,668.3122657697035,0.0030281886840089387,0.020193935541796038,-3.0781761139254186e-05
550.0,5,668.2733537326665,42,0.175,668.3132148437776,0.0034320098434938635,0.0201610422067285,-3.0295991109446982e-05
550.0,5,668.2733537326665,43,0.17916666666666667,668.3141639178516,0.003834350989473695,0.020121997676324704,-2.9775060774056227e-05
550.0,5,668.2733537326665,44,0.18333333333333332,668.3151129919257,0.004234186670663508,0.020072468516800494,-2.9194159754834312e-05
550.0,5,668.2733537326665,45,0.1875,668.3160620659997,0.004631980578255371,0.02001443240571215,-2.8564681345172945e-05
550.0,5,668.2733537326665,46,0.19166666666666665,668.3170111400739,0.005029636096701431,0.01995567125475383,-2.7930932265683788e-05
550.0,5,668.2733537326665,47,0.19583333333333333,668.317960214148,0.005427358380576396,0.019897500081723668,-2.7301021563191437e-05
550.0,5,668.2733537326665,48,0.2,668.318909288222,0.005824953973786588,0.01983886386434619,-2.6668600300761166e-05
550.0,5,668.2733537326665,49,0.20416666666666666,668.3198583622961,0.006223944554148865,0.019784000399212905,-2.605515025301931e-05
550.0,5,668.2733537326665,50,0.20833333333333334,668.3208074363702,0.006619358411357013,0.019719455660692883,-2.5393238940005347e-05
550.0,5,668.2733537326665,51,0.2125,668.3217565104443,0.007007878006705527,0.019636176362548347,-2.4637421044631216e-05
550.0,5,668.2733537326665,52,0.21666666666666667,668.3227055845183,0.007396348029662638,0.01955272814247604,-2.3880842106778252e-05
550.0,5,668.2733537326665,53,0.22083333333333333,668.3236546585924,0.0077855750154017045,0.019471439315170987,-2.3135481749502003e-05
550.0,5,668.2733537326665,54,0.225,668.3246037326664,0.008174511204685708,0.01938929629450191,-2.2385852020951855e-05
550.0,5,668.2733537326665,55,0.22916666666666666,668.3255528067406,0.008564073250539277,0.019308413966444945,-2.1641699834945388e-05
550.0,5,668.2733537326665,56,0.23333333333333334,668.3265018808146,0.008951350014535488,0.01922302163193949,-2.0878964735816948e-05
550.0,5,668.2733537326665,57,0.2375,668.3274509548887,0.009333693785808048,0.019127803665819013,-2.007533386984198e-05
550.0,5,668.2733537326665,58,0.24166666666666667,668.3284000289627,0.009711534488432887,0.019023648170935034,-1.923469702566239e-05
550.0,5,668.2733537326665,59,0.24583333333333332,668.3293491030369,0.010088445995223877,0.018917579080381598,-1.838613069515956e-05
550.0,5,668.2733537326665,60,0.25,668.3302981771109,0.010465823259683042,0.018812522753616945,-1.7542360797055215e-05
550.0,5,668.2733537326665,61,0.25416666666666665,668.331247251185,0.010842696200340339,0.01870663568335289,-1.669599337522816e-05
550.0,5,668.2733537326665,62,0.2583333333333333,668.332196325259,0.011221774476286337,0.01860413606911488,-1.5860619558422107e-05
550.0,5,668.2733537326665,63,0.2625,668.3331453993331,0.011597198109082121,0.018496000098333222,-1.500760244238344e-05
550.0,5,668.2733537326665,64,0.26666666666666666,668.3340944734072,0.011960490330795964,0.018369078431904086,-1.4094927915513333e-05
550.0,5,668.2733537326665,65,0.2708333333333333,668.3350435474813,0.01232193793315958,0.018239277779840836,-1.317339075199638e-05
550.0,5,668.2733537326665,66,0.275,668.3359926215553,0.012685227228348611,0.01811237286257551,-1.2261713765871897e-05
550.0,5,668.2733537326665,67,0.2791666666666667,668.3369416956294,0.013047909914241422,0.017984544573646816,-1.1347592232110476e-05
550.0,5,668.2733537326665,68,0.2833333333333333,668.3378907697034,0.013411523535721013,0.01785785632554332,-1.0436128096830121e-05
550.0,5,668.2733537326665,69,0.2875,668.3388398437776,0.01377282624209384,0.017728316933410756,-9.519382001806638e-06
550.0,5,668.2733537326665,70,0.2916666666666667,668.3397889178517,0.014127137229096427,0.017590029557527347,-8.584920754017541e-06
550.0,5,668.2733537326665,71,0.29583333333333334,668.3407379919257,0.01447440871810884,0.017442959390677266,-7.632914813827725e-06
550.0,5,668.2733537326665,72,0.3,668.3416870659998,0.01481927285982114,0.017292847152636,-6.675015161079919e-06
550.0,5,668.2733537326665,73,0.30416666666666664,668.3426361400739,0.015165054344302537,0.01714389870162359,-5.720206295371624e-06
550.0,5,668.2733537326665,74,0.30833333333333335,668.343585214148,0.015510028401801957,0.01699411188901296,-4.765268074015351e-06
550.0,5,668.2733537326665,75,0.3125,668.344534288222,0.015857468646311584,0.016846831875851592,-3.8126728436005745e-06
550.0,5,668.2733537326665,76,0.31666666666666665,668.3454833622961,0.016202727563771408,0.016697320985908433,-2.8590036168472685e-06
550.0,5,668.2733537326665,77,0.3208333333333333,668.3464324363702,0.01653150849708401,0.016530834065230787,-1.8925805668285995e-06
550.0,5,668.2733537326665,78,0.325,668.3473815104443,0.01685490725632221,0.016358785413820225,-9.224297590438671e-07
550.0,5,668.2733537326665,79,0.32916666666666666,668.3483305845183,0.017181338512852678,0.016189879358810503,4.4357159925662254e-08
550.0,5,668.2733537326665,80,0.3333333333333333,668.3492796585924,0.017507050115032508,0.01602027185451261,1.0106372490419135e-06
550.0,5,668.2733537326665,81,0.3375,668.3502287326664,0.01783370981721059,0.01585142983550983,1.9770778766159402e-06
550.0,5,668.2733537326665,82,0.3416666666666667,668.3511778067406,0.018158691226591143,0.015681178811944724,2.941535938697995e-06
550.0,5,668.2733537326665,83,0.3458333333333333,668.3521268808146,0.018475196806763246,0.01550362363205884,3.900511586045492e-06
550.0,5,668.2733537326665,84,0.35,668.3530759548887,0.01878227648447198,0.015317963364337673,4.8532247946617685e-06
550.0,5,668.2733537326665,85,0.3541666666666667,668.3540250289627,0.019084874977781247,0.015128429402294122,5.802575826193378e-06
550.0,5,668.2733537326665,86,0.35833333333333334,668.3549741030369,0.019388659677262023,0.014939904890649804,6.751736057436998e-06
550.0,5,668.2733537326665,87,0.3625,668.3559231771109,0.0196915927479207,0.014750792453749207,7.698319635730232e-06
550.0,5,668.2733537326665,88,0.36666666666666664,668.356872251185,0.01999661118433301,0.014563150672496238,8.647680855414315e-06
550.0,5,668.2733537326665,89,0.37083333333333335,668.357821325259,0.020301800801009934,0.014375644648041329,9.59628797072309e-06
550.0,5,668.2733537326665,90,0.375,668.3587703993331,0.020588021570450643,0.014174416873640808,1.0512470884386442e-05
550.0,5,668.2733537326665,91,0.37916666666666665,668.3597194734072,0.02086376818123077,0.013965598516748218,1.1410238814059805e-05
550.0,5,668.2733537326665,92,0.3833333333333333,668.3606685474813,0.021143367933517666,0.013759572672815462,1.2313218699778135e-05
550.0,5,668.2733537326665,93,0.3875,668.3616176215553,0.02142254931348065,0.01355328888683696,1.321402454913367e-05
550.0,5,668.2733537326665,94,0.39166666666666666,668.3625666956294,0.021702338936837966,0.013347303140987461,1.4115748650698564e-05
550.0,5,668.2733537326665,95,0.3958333333333333,668.3635157697036,0.02198149054262988,0.013140961118721749,1.5014481389518217e-05
550.0,5,668.2733537326665,96,0.4,668.3644648437776,0.022251452739372405,0.01292901854350244,1.5888884589922157e-05
550.0,5,668.2733537326665,97,0.4041666666666667,668.3654139178517,0.022509919657253796,0.012710078996237849,1.673297471949702e-05
550.0,5,668.2733537326665,98,0.4083333333333333,668.3663629919257,0.022761467591453467,0.01248692013770851,1.755827848138962e-05
550.0,5,668.2733537326665,99,0.4125,668.3673120659998,0.02301403296235852,0.012264356957712752,1.8384979196110177e-05
550.0,5,668.2733537326665,100,0.4166666666666667,668.3682611400739,0.02326605123247113,0.012041574091173915,1.920818573088048e-05
550.0,5,668.2733537326665,101,0.42083333333333334,668.369210214148,0.023519285023305185,0.011819372126139076,2.0034216562753053e-05
550.0,5,668.2733537326665,102,0.425,668.370159288222,0.02377516236596319,0.011598526257577443,2.086735740039981e-05
550.0,5,668.2733537326665,103,0.42916666666666664,668.3711083622961,0.024011902722481493,0.011367920252887917,2.1637605673876693e-05
550.0,5,668.2733537326665,104,0.43333333333333335,668.3720574363701,0.02423220316759852,0.011128916819102106,2.2353542963281626e-05
550.0,5,668.2733537326665,105,0.4375,668.3730065104443,0.024456280312709928,0.010891837428629423,2.308012228335095e-05
550.0,5,668.2733537326665,106,0.44166666666666665,668.3739555845183,0.024680745281177544,0.010654997443016932,2.380618623659015e-05
550.0,5,668.2733537326665,107,0.4458333333333333,668.3749046585924,0.024905201893953205,0.010418066123559073,2.4531215915254733e-05
550.0,5,668.2733537326665,108,0.45,668.3758537326664,0.025130161564769413,0.010181373937046951,2.525645529161507e-05
550.0,5,668.2733537326665,109,0.45416666666666666,668.3768028067406,0.02534608009839654,0.009940855120387754,2.5946310029597283e-05
550.0,5,668.2733537326665,110,0.4583333333333333,668.3777518808146,0.025548891122052057,0.009694786855458042,2.6585480028051024e-05
550.0,5,668.2733537326665,111,0.46249999999999997,668.3787009548887,0.025742288770545452,0.009444734351696085,2.718769391053019e-05
550.0,5,668.2733537326665,112,0.4666666666666667,668.3796500289627,0.025935913480555045,0.009194750648254526,2.7789196965727234e-05
550.0,5,668.2733537326665,113,0.4708333333333333,668.3805991030368,0.02612961814531445,0.008944882137701572,2.8388919538336266e-05
550.0,5,668.2733537326665,114,0.475,668.3815481771109,0.026323500324842326,0.008695037927907488,2.898785826421033e-05
550.0,5,668.2733537326665,115,0.4791666666666667,668.382497251185,0.026521874728158663,0.008446744669070928,2.96036713078394e-05
550.0,5,668.2733537326665,116,0.48333333333333334,668.383446325259,0.026703283476696878,0.008192606592988448,3.0147596210073554e-05
550.0,5,668.2733537326665,117,0.4875,668.3843953993331,0.026862426347525527,0.007930783211069251,3.059762141560818e-05
550.0,5,668.2733537326665,118,0.49166666666666664,668.3853444734073,0.027023874083141986,0.007669747487650996,3.1055359815017936e-05
550.0,5,668.2733537326665,119,0.49583333333333335,668.3862935474813,0.027186998790610036,0.007409324712959062,3.151808191373136e-05
550.0,5,668.2733537326665,120,0.5,668.3872426215554,0.027349415774537075,0.007148613468547495,3.1976182522554965e-05
550.0,5,668.2733537326665,121,0.5041666666666667,668.3881916956294,0.02751326511849236,0.006888309924498905,3.2438678884717644e-05
550.0,5,668.2733537326665,122,0.5083333333333333,668.3891407697035,0.027669047091051852,0.006625811182845819,3.286383681487217e-05
550.0,5,668.2733537326665,123,0.5125,668.3900898437776,0.02781068365860112,0.006359448363787474,3.322490982078401e-05
550.0,5,668.2733537326665,124,0.5166666666666666,668.3910389178517,0.02794065529059199,0.006089906500598924,3.353270399750048e-05
550.0,5,668.2733537326665,125,0.5208333333333334,668.3919879919257,0.028069440088338407,0.00582001491646612,3.383335148821126e-05
550.0,5,668.2733537326665,126,0.525,668.3929370659998,0.028199086301494238,0.005550409975403506,3.413571960405983e-05
550.0,5,668.2733537326665,127,0.5291666666666667,668.3938861400738,0.02832798764512827,0.00528062147577279,3.443279634640457e-05
550.0,5,668.2733537326665,128,0.5333333333333333,668.394835214148,0.028462236699214116,0.0050119271077994874,3.475217937849464e-05
550.0,5,668.2733537326665,129,0.5375,668.395784288222,0.028583515851280567,0.004740575506144044,3.501070386122544e-05
550.0,5,668.2733537326665,130,0.5416666666666666,668.3967333622961,0.028677924915589275,0.004463698289612554,3.514519991214309e-05
550.0,5,668.2733537326665,131,0.5458333333333333,668.3976824363701,0.0287715752438976,0.004186655964253445,3.5274173565125774e-05
550.0,5,668.2733537326665,132,0.55,668.3986315104443,0.028868463186574992,0.003910305123207196,3.5415771108216416e-05
550.0,5,668.2733537326665,133,0.5541666666666667,668.3995805845183,0.028964104441119888,0.0036336849639010036,3.554963493578707e-05
550.0,5,668.2733537326665,134,0.5583333333333333,668.4005296585924,0.02906164045180421,0.0033573361329763507,3.569007698707741e-05
550.0,5,668.2733537326665,135,0.5625,668.4014787326664,0.02915275991307905,0.003080092345515057,3.5799132691727046e-05
550.0,5,668.2733537326665,136,0.5666666666666667,668.4024278067405,0.029229346234172393,0.0028007870939709897,3.5839712044619806e-05
550.0,5,668.2733537326665,137,0.5708333333333333,668.4033768808146,0.02929253619545646,0.0025195928194681238,3.5816966335642355e-05
550.0,5,668.2733537326665,138,0.575,668.4043259548887,0.029352626467327544,0.0022379384218890563,3.577787843466993e-05
550.0,5,668.2733537326665,139,0.5791666666666666,668.4052750289627,0.029414270457773454,0.0019565299661222155,3.574378099752998e-05
550.0,5,668.2733537326665,140,0.5833333333333334,668.4062241030368,0.029474590209348273,0.001674997460781873,3.570157126998667e-05
550.0,5,668.2733537326665,141,0.5875,668.407173177111,0.02954007906821649,0.0013938637399691428,3.568038518026531e-05
550.0,5,668.2733537326665,142,0.5916666666666667,668.408122251185,0.029597525618485877,0.0011120996328423385,3.562098668367669e-05
550.0,5,668.2733537326665,143,0.5958333333333333,668.4090713252591,0.02962563548761731,0.0008280014666751329,3.542778945081352e-05
550.0,5,668.2733537326665,144,0.6,668.4100203993331,0.029648596059322362,0.0005434841726634884,3.5209267468386125e-05
550.0,5,668.2733537326665,145,0.6041666666666666,668.4109694734072,0.029676208822339387,0.0002593540874994576,3.500948854071907e-05
550.0,5,668.2733537326665,146,0.6083333333333333,668.4119185474813,0.029702382598997518,-2.488110415846388e-05,3.480109212377961e-05
550.0,5,668.2733537326665,147,0.6125,668.4128676215554,0.02973039409376342,-0.00030909578389213584,3.4598365379463776e-05
550.0,5,668.2733537326665,148,0.6166666666666667,668.4138166956294,0.02975402511799684,-0.0005933742735072744,3.437467384446478e-05
550.0,5,668.2733537326665,149,0.6208333333333333,668.4147657697035,0.02976344863737667,-0.0008779256871452466,3.408768376975524e-05
550.0,5,668.2733537326665,150,0.625,668.4157148437776,0.029758424969741164,-0.0011627423915041653,3.373641026223242e-05
550.0,5,668.2733537326665,151,0.6291666666666667,668.4166639178517,0.029748143048693637,-0.0014476737840371482,3.336025270964239e-05
550.0,5,668.2733537326665,152,0.6333333333333333,668.4176129919257,0.029739776664622276,-0.0017325631252085457,3.2990165280149777e-05
550.0,5,668.2733537326665,153,0.6375,668.4185620659998,0.029729986403642317,-0.0020173936649017206,3.261216944059358e-05
550.0,5,668.2733537326665,154,0.6416666666666666,668.4195111400738,0.029724338617811583,-0.002302417655487026,3.224848790999917e-05
550.0,5,668.2733537326665,155,0.6458333333333334,668.420460214148,0.029715478289217598,-0.0025872982351534584,3.186977564736794e-05
550.0,5,668.2733537326665,156,0.65,668.421409288222,0.02967759663174684,-0.0028709653859170484,3.1372541551937765e-05
550.0,5,668.2733537326665,157,0.6541666666666667,668.4223583622961,0.029629387424961386,-0.0031542102775962994,3.0831682390641975e-05
550.0,5,668.2733537326665,158,0.6583333333333333,668.4233074363701,0.029586644995447626,-0.0034376744307636512,3.031062299430848e-05
550.0,5,668.2733537326665,159,0.6625,668.4242565104443,0.02954274506237409,-0.003721065876483482,2.9782906322954332e-05
550.0,5,668.2733537326665,160,0.6666666666666666,668.4252055845183,0.029500181647717207,-0.004004630595605399,2.9257629278502602e-05
550.0,5,668.2733537326665,161,0.6708333333333333,668.4261546585924,0.029455306304997774,-0.004287934060107149,2.872196449613518e-05
550.0,5,668.2733537326665,162,0.675,668.4271037326664,0.029397301316426667,-0.004569890941214411,2.8136620762605215e-05
550.0,5,668.2733537326665,163,0.6791666666666667,668.4280528067405,0.02932451053059938,-0.004850320566885512,2.7495719382133148e-05
550.0,5,668.2733537326665,164,0.6833333333333333,668.4290018808147,0.029244398712263222,-0.005130006008781306,2.6826158529299568e-05
550.0,5,668.2733537326665,165,0.6875,668.4299509548887,0.029166082294455324,-0.005409885599940032,2.6160902198455917e-05
550.0,5,668.2733537326665,166,0.6916666666666667,668.4309000289628,0.029086676983475064,-0.0056895605077418795,2.549031848958504e-05
550.0,5,668.2733537326665,167,0.6958333333333333,668.4318491030368,0.029009922747778905,-0.005969703453310728,2.4825682596652945e-05
550.0,5,668.2733537326665,168,0.7,668.432798177111,0.028933901586013965,-0.006249959686078743,2.4161280731067713e-05
550.0,5,668.2733537326665,169,0.7041666666666666,668.433747251185,0.02883183359351838,-0.006525893229180711,2.3413500833035317e-05
550.0,5,668.2733537326665,170,0.7083333333333334,668.4346963252591,0.028714382482067882,-0.006799283672366541,2.2615610320629423e-05
550.0,5,668.2733537326665,171,0.7125,668.4356453993331,0.02860225561447059,-0.007073554872350942,2.1832328211396104e-05
550.0,5,668.2733537326665,172,0.7166666666666667,668.4365944734072,0.028489726612280154,-0.0073477265249676975,2.104605939364393e-05
550.0,5,668.2733537326665,173,0.7208333333333333,668.4375435474813,0.028377764224841052,-0.007622090378147161,2.0258652812435732e-05
550.0,5,668.2733537326665,174,0.725,668.4384926215554,0.028265256792835074,-0.007896302381150168,1.9468069893189652e-05
550.0,5,668.2733537326665,175,0.7291666666666666,668.4394416956294,0.028141405287104838,-0.00816789279312018,1.8646780097895858e-05
550.0,5,668.2733537326665,176,0.7333333333333333,668.4403907697035,0.028003113558303584,-0.008436139984427455,1.778708078596964e-05
550.0,5,668.2733537326665,177,0.7375,668.4413398437775,0.027855880575636677,-0.00870232224044354,1.690285289248953e-05
550.0,5,668.2733537326665,178,0.7416666666666667,668.4422889178517,0.02770977670567344,-0.008968785927746194,1.6019367747421592e-05
550.0,5,668.2733537326665,179,0.7458333333333333,668.4432379919257,0.02756322234818986,-0.009235056830966487,1.5133714597258373e-05
550.0,5,668.2733537326665,180,0.75,668.4441870659998,0.027417810064140395,-0.009501706554786006,1.4247896074298502e-05
550.0,5,668.2733537326665,181,0.7541666666666667,668.4451361400738,0.027275694707032075,-0.009769342505392412,1.3366249681209271e-05
550.0,5,668.2733537326665,182,0.7583333333333333,668.446085214148,0.027112472043776276,-0.010030623142823172,1.244419097424438e-05
550.0,5,668.2733537326665,183,0.7625,668.447034288222,0.026929973136028896,-0.010286111483181185,1.1485074599187028e-05
550.0,5,668.2733537326665,184,0.7666666666666666,668.4479833622961,0.026751546510333967,-0.010542828507173911,1.0531588178655764e-05
550.0,5,668.2733537326665,185,0.7708333333333334,668.4489324363701,0.02657377472699431,-0.010799705979451261,9.577911609252102e-06
550.0,5,668.2733537326665,186,0.775,668.4498815104442,0.026395785542212374,-0.011056590235959363,8.62130863981869e-06
550.0,5,668.2733537326665,187,0.7791666666666667,668.4508305845184,0.026218490426580313,-0.01131371043319025,7.663908936133513e-06
550.0,5,668.2733537326665,188,0.7833333333333333,668.4517796585924,0.026032139564237562,-0.011567426623277978,6.695502275884228e-06
550.0,5,668.2733537326665,189,0.7875,668.4527287326665,0.025832342161443943,-0.011816091662922376,5.711661644797104e-06
550.0,5,668.2733537326665,190,0.7916666666666666,668.4536778067405,0.025622683697399718,-0.012061050283234469,4.716159275454385e-06
550.0,5,668.2733537326665,191,0.7958333333333333,668.4546268808147,0.02541305453642908,-0.012306046901956264,3.7187880261507984e-06
550.0,5,668.2733537326665,192,0.8,668.4555759548887,0.02520370786844668,-0.012551073535138475,2.7209295033957665e-06
550.0,5,668.2733537326665,193,0.8041666666666667,668.4565250289628,0.024994347655757147,-0.012796133497115844,1.7210321627393047e-06
550.0,5,668.2733537326665,194,0.8083333333333333,668.4574741030368,0.02478928356242811,-0.013043160472431373,7.19981367068141e-07
550.0,5,668.2733537326665,195,0.8125,668.458423177111,0.024569079294457126,-0.013283245079294903,-2.841330263727488e-07
550.0,5,668.2733537326665,196,0.8166666666666667,668.459372251185,0.024327720120297464,-0.013513646043442542,-1.2919044137466397e-06
550.0,5,668.2733537326665,197,0.8208333333333333,668.4603213252591,0.024088154121011864,-0.013744876660762014,-2.301011825112609e-06
550.0,5,668.2733537326665,198,0.825,668.4612703993331,0.023850366516040725,-0.013976885363445279,-3.3109767551993685e-06
550.0,5,668.2733537326665,199,0.8291666666666666,668.4622194734072,0.02361179697937976,-0.014208578649107136,-4.322919755317431e-06
550.0,5,668.2733537326665,200,0.8333333333333334,668.4631685474812,0.023374521475438535,-0.014440965821904258,-5.337303361579799e-06
550.0,5,668.2733537326665,201,0.8375,668.4641176215554,0.023130697391107204,-0.014669740940967428,-6.346858701738293e-06
550.0,5,668.2733537326665,202,0.8416666666666667,668.4650666956294,0.02287500001784956,-0.014891988030147175,-7.346633793871535e-06
550.0,5,668.2733537326665,203,0.8458333333333333,668.4660157697035,0.02260935243680248,-0.015108754611954624,-8.338217681408454e-06
550.0,5,668.2733537326665,204,0.85,668.4669648437775,0.0223424797599536,-0.015324877548098838,-9.330214384856983e-06
550.0,5,668.2733537326665,205,0.8541666666666666,668.4679139178517,0.022076474532436215,-0.015541420543774996,-1.0323647671739207e-05
550.0,5,668.2733537326665,206,0.8583333333333333,668.4688629919257,0.021809791668947497,-0.015757557693602278,-1.1317308796655701e-05
550.0,5,668.2733537326665,207,0.8624999999999999,668.4698120659998,0.02154715484771423,-0.015976356884449185,-1.2320902192463719e-05
550.0,5,668.2733537326665,208,0.8666666666666667,668.4707611400738,0.021275268064126586,-0.016189076613910544,-1.3305927686701902e-05
550.0,5,668.2733537326665,209,0.8708333333333333,668.471710214148,0.02098276919305488,-0.01638827833093961,-1.4248188777183924e-05
550.0,5,668.2733537326665,210,0.875,668.4726592882221,0.02068926948762791,-0.016586835822350123,-1.5189485266359082e-05
550.0,5,668.2733537326665,211,0.8791666666666667,668.4736083622961,0.020398404541559757,-0.016787088738581486,-1.613710926129783e-05
550.0,5,668.2733537326665,212,0.8833333333333333,668.4745574363702,0.020106550331743533,-0.01698670511265601,-1.7083799789621282e-05
550.0,5,668.2733537326665,213,0.8875,668.4755065104442,0.0198159939644977,-0.01718733283972877,-1.803604205323258e-05
550.0,5,668.2733537326665,214,0.8916666666666666,668.4764555845184,0.019521302383452507,-0.01738471274256046,-1.8974706446613195e-05
550.0,5,668.2733537326665,215,0.8958333333333334,668.4774046585924,0.019216779056624257,-0.017574427010375586,-1.988015624476787e-05
550.0,5,668.2733537326665,216,0.9,668.4783537326665,0.01890307372514686,-0.017756965287814414,-2.0754358115958276e-05
550.0,5,668.2733537326665,217,0.9041666666666667,668.4793028067405,0.018587043689052965,-0.01793771988301594,-2.162161072839419e-05
550.0,5,668.2733537326665,218,0.9083333333333333,668.4802518808146,0.01827214388620336,-0.018119322623979358,-2.2493326513847247e-05
550.0,5,668.2733537326665,219,0.9125,668.4812009548887,0.017956400643477866,-0.01830016687427316,-2.336191620617846e-05
550.0,5,668.2733537326665,220,0.9166666666666666,668.4821500289628,0.017643691148194057,-0.01848386036909311,-2.424695052643453e-05
550.0,5,668.2733537326665,221,0.9208333333333333,668.4830991030368,0.01732658830098778,-0.018663444446649396,-2.5110438453419776e-05
550.0,5,668.2733537326665,222,0.9249999999999999,668.4840481771109,0.01699175314013034,-0.018826505525356026,-2.5884825585004387e-05
550.0,5,668.2733537326665,223,0.9291666666666667,668.484997251185,0.016653382329985224,-0.01898628776323143,-2.6642101950025025e-05
550.0,5,668.2733537326665,224,0.9333333333333333,668.4859463252591,0.01631792853338946,-0.019148761459188268,-2.7414597346733193e-05
550.0,5,668.2733537326665,225,0.9375,668.4868953993331,0.015981628981342325,-0.0193104272391735,-2.818327932900242e-05
550.0,5,668.2733537326665,226,0.9416666666666667,668.4878444734072,0.015646254248927752,-0.01947316310048392,-2.895936120501771e-05
550.0,5,668.2733537326665,227,0.9458333333333333,668.4887935474812,0.015308750009842281,-0.019633471637066812,-2.9720980395244338e-05
550.0,5,668.2733537326665,228,0.95,668.4897426215554,0.014963793533639566,-0.019785425365882858,-3.04315845709662e-05
550.0,5,668.2733537326665,229,0.9541666666666666,668.4906916956294,0.014611162961268773,-0.01992875233317188,-3.108931229794908e-05
550.0,5,668.2733537326665,230,0.9583333333333334,668.4916407697035,0.014255572242760367,-0.02006878451375698,-3.1727220796247343e-05
550.0,5,668.2733537326665,231,0.9625,668.4925898437775,0.013901006163996619,-0.020209960140510127,-3.237269506711078e-05
550.0,5,668.2733537326665,232,0.9666666666666667,668.4935389178517,0.013545805798736247,-0.02035025793920054,-3.301274923389586e-05
550.0,5,668.2733537326665,233,0.9708333333333333,668.4944879919258,0.0131923763407251,-0.02049303865794048,-3.3670142372732515e-05
550.0,5,668.2733537326665,234,0.975,668.4954370659998,0.012837786883887026,-0.02063420370104516,-3.431710934860577e-05
550.0,5,668.2733537326665,235,0.9791666666666666,668.4963861400739,0.01247012495591624,-0.02075738681329904,-3.4843274086996614e-05
550.0,5,668.2733537326665,236,0.9833333333333333,668.4973352141479,0.012097411520555965,-0.020873642226092833,-3.532309409032646e-05
550.0,5,668.2733537326665,237,0.9874999999999999,668.4982842882221,0.011727214552795998,-0.02099334073924722,-3.5826458256379436e-05
550.0,5,668.2733537326665,238,0.9916666666666667,668.4992333622961,0.011356559947719426,-0.02111235286318624,-3.632544047498443e-05
550.0,5,668.2733537326665,239,0.9958333333333333,668.5001824363702,0.010986327811409617,-0.021232199171650614,-3.683084213448679e-05
550.0,5,668.2733537326665,240,1.0,668.5011315104442,0.010615352046378833,-0.021350695292883658,-3.7326901950467575e-05
550.0,6,668.7733537326665,0,0.0,668.7733537326665,0.005740707513783301,0.019911436025200072,-2.7041661046254567e-05
550.0,6,668.7733537326665,1,0.004166666666666667,668.7743028067406,0.006137603504751099,0.019846959829179514,-2.637549215255249e-05
550.0,6,668.7733537326665,2,0.008333333333333333,668.7752518808146,0.006534952629056641,0.019783506366084086,-2.571411778128604e-05
550.0,6,668.7733537326665,3,0.0125,668.7762009548887,0.006931486303577281,0.019718101358008288,-2.504356811568507e-05
550.0,6,668.7733537326665,4,0.016666666666666666,668.7771500289628,0.007324350157447859,0.019643527052646038,-2.432872884721148e-05
550.0,6,668.7733537326665,5,0.020833333333333332,668.7780991030369,0.007713179333397049,0.019558914712310298,-2.356555945455419e-05
550.0,6,668.7733537326665,6,0.025,668.7790481771109,0.008100177403407413,0.019469695463058857,-2.2780200853630012e-05
550.0,6,668.7733537326665,7,0.029166666666666667,668.779997251185,0.008487697978355496,0.019381758884164667,-2.2001176087234656e-05
550.0,6,668.7733537326665,8,0.03333333333333333,668.780946325259,0.00887475444154463,0.01929300466330273,-2.121925157324998e-05
550.0,6,668.7733537326665,9,0.0375,668.7818953993332,0.00926296606574073,0.019206325685518413,-2.0445484883673924e-05
550.0,6,668.7733537326665,10,0.041666666666666664,668.7828444734072,0.00965107409209905,0.01911947827709194,-1.9671313150707888e-05
550.0,6,668.7733537326665,11,0.04583333333333333,668.7837935474813,0.010029411559166593,0.01901446561148038,-1.882551188274843e-05
550.0,6,668.7733537326665,12,0.05,668.7847426215553,0.010402715366343534,0.01890006725027841,-1.794281563136794e-05
550.0,6,668.7733537326665,13,0.05416666666666667,668.7856916956295,0.010777984849325253,0.018789336301273173,-1.7074975136082928e-05
550.0,6,668.7733537326665,14,0.058333333333333334,668.7866407697035,0.011152974403326113,0.018678170857418585,-1.6206049274471866e-05
550.0,6,668.7733537326665,15,0.0625,668.7875898437776,0.011528397363306823,0.01856752029362027,-1.5338392243523196e-05
550.0,6,668.7733537326665,16,0.06666666666666667,668.7885389178516,0.011903334616845588,0.01845621526518728,-1.4469387793064548e-05
550.0,6,668.7733537326665,17,0.07083333333333333,668.7894879919257,0.012272925040546402,0.018337075187456267,-1.357765225983612e-05
550.0,6,668.7733537326665,18,0.075,668.7904370659998,0.012635938040193192,0.01820831427799277,-1.2658102668630706e-05
550.0,6,668.7733537326665,19,0.07916666666666666,668.7913861400739,0.012995109622910502,0.018073918498747916,-1.1722421119879938e-05
550.0,6,668.7733537326665,20,0.08333333333333333,668.7923352141479,0.01335492522598549,0.01794042615674268,-1.0789660513094743e-05
550.0,6,668.7733537326665,21,0.0875,668.793284288222,0.013714317749880007,0.017806517511455976,-9.857151857546151e-06
550.0,6,668.7733537326665,22,0.09166666666666666,668.794233362296,0.014074603423947835,0.017673608617969228,-8.926509380597832e-06
550.0,6,668.7733537326665,23,0.09583333333333333,668.7951824363702,0.014436371693045728,0.017542474347345786,-7.999546404848755e-06
550.0,6,668.7733537326665,24,0.1,668.7961315104443,0.014785787202908575,0.017396664615812327,-7.047139738838665e-06
550.0,6,668.7733537326665,25,0.10416666666666667,668.7970805845183,0.015125222897350288,0.01723897829527942,-6.074265555921355e-06
550.0,6,668.7733537326665,26,0.10833333333333334,668.7980296585924,0.015467136666343861,0.01708423408266804,-5.107205391527158e-06
550.0,6,668.7733537326665,27,0.1125,668.7989787326665,0.015809182850724118,0.016929713406324074,-4.141583585339264e-06
550.0,6,668.7733537326665,28,0.11666666666666667,668.7999278067406,0.016151336959876635,0.01677517341630923,-3.1756413112917937e-06
550.0,6,668.7733537326665,29,0.12083333333333333,668.8008768808146,0.016493714890358745,0.01662089350925398,-2.210749715601246e-06
550.0,6,668.7733537326665,30,0.125,668.8018259548887,0.016829811947877305,0.016460432108325925,-1.2437207305872387e-06
550.0,6,668.7733537326665,31,0.12916666666666665,668.8027750289627,0.017157006835302503,0.016291209281257876,-2.7349211237405243e-07
550.0,6,668.7733537326665,32,0.13333333333333333,668.8037241030369,0.01747794676084337,0.016115830483598156,6.986694726002492e-07
550.0,6,668.7733537326665,33,0.1375,668.8046731771109,0.0177991633830589,0.015940684392483872,1.6702054959268724e-06
550.0,6,668.7733537326665,34,0.14166666666666666,668.805622251185,0.0181203169408379,0.015765601451447155,2.6399533345810015e-06
550.0,6,668.7733537326665,35,0.14583333333333334,668.806571325259,0.018441728876941055,0.015590679881513848,3.6095106775151676e-06
550.0,6,668.7733537326665,36,0.15,668.8075203993332,0.01876628514502824,0.015418351981908749,4.5809269539151804e-06
550.0,6,668.7733537326665,37,0.15416666666666667,668.8084694734072,0.019078078596805326,0.015235518792094664,5.54045495269099e-06
550.0,6,668.7733537326665,38,0.15833333333333333,668.8094185474813,0.019374122394991856,0.015039702242022118,6.485480072943471e-06
550.0,6,668.7733537326665,39,0.1625,668.8103676215553,0.019672086861779937,0.014845458598398711,7.4312224988074055e-06
550.0,6,668.7733537326665,40,0.16666666666666666,668.8113166956294,0.019971108762026357,0.014652135036543773,8.376499611579993e-06
550.0,6,668.7733537326665,41,0.17083333333333334,668.8122657697035,0.02026970815627404,0.01445839523729005,9.320924899043015e-06
550.0,6,668.7733537326665,42,0.175,668.8132148437776,0.020569320229369418,0.01426538129870524,1.0266073085647526e-05
550.0,6,668.7733537326665,43,0.17916666666666667,668.8141639178516,0.02086255621421476,0.014067954939617267,1.1198074560736117e-05
550.0,6,668.7733537326665,44,0.18333333333333332,668.8151129919257,0.021144949903085873,0.013863008723122532,1.210846394018455e-05
550.0,6,668.7733537326665,45,0.1875,668.8160620659997,0.021418551595589395,0.013651973322430244,1.3000944998583933e-05
550.0,6,668.7733537326665,46,0.19166666666666665,668.8170111400739,0.02169143278208299,0.013440404346785392,1.3891097817627861e-05
550.0,6,668.7733537326665,47,0.19583333333333333,668.817960214148,0.021964863109198804,0.01322928843251425,1.4780566541241411e-05
550.0,6,668.7733537326665,48,0.2,668.818909288222,0.022237800709472306,0.013017845886322788,1.566778105033074e-05
550.0,6,668.7733537326665,49,0.20416666666666666,668.8198583622961,0.022515028461820855,0.012808899678194303,1.6565486111481985e-05
550.0,6,668.7733537326665,50,0.20833333333333334,668.8208074363702,0.02278122312205888,0.012593531175407785,1.7431910236364868e-05
550.0,6,668.7733537326665,51,0.2125,668.8217565104443,0.023026100929715597,0.012365730359367449,1.8239012399910047e-05
550.0,6,668.7733537326665,52,0.21666666666666667,668.8227055845183,0.023270796849439862,0.01213781233879526,1.9044288166515636e-05
550.0,6,668.7733537326665,53,0.22083333333333333,668.8236546585924,0.023517918432906144,0.011911342398636735,1.9854564692480927e-05
550.0,6,668.7733537326665,54,0.225,668.8246037326664,0.023764087464428974,0.011684296103039598,2.0660985604166738e-05
550.0,6,668.7733537326665,55,0.22916666666666666,668.8255528067406,0.024011824753716545,0.011458021115005568,2.147124860160806e-05
550.0,6,668.7733537326665,56,0.23333333333333334,668.8265018808146,0.02425391315581306,0.011229005463586282,2.2261001771024082e-05
550.0,6,668.7733537326665,57,0.2375,668.8274509548887,0.02448374242595134,0.010994005260830043,2.3008038850914433e-05
550.0,6,668.7733537326665,58,0.24166666666666667,668.8284000289627,0.024702423733526564,0.010753575763965904,2.3715911637619502e-05
550.0,6,668.7733537326665,59,0.24583333333333332,668.8293491030369,0.024918747294083467,0.01051196996640098,2.4414400694612846e-05
550.0,6,668.7733537326665,60,0.25,668.8302981771109,0.02513629758506639,0.010270997392306894,2.511526154287834e-05
550.0,6,668.7733537326665,61,0.25416666666666665,668.831247251185,0.02535274294338666,0.010029555733573094,2.5810416670418256e-05
550.0,6,668.7733537326665,62,0.2583333333333333,668.832196325259,0.025573812268158566,0.009789964888376508,2.652193132851461e-05
550.0,6,668.7733537326665,63,0.2625,668.8331453993331,0.02578718039067225,0.00954728061324312,2.7202056126314044e-05
550.0,6,668.7733537326665,64,0.26666666666666666,668.8340944734072,0.025974945798857264,0.009294275895644178,2.7781529864557718e-05
550.0,6,668.7733537326665,65,0.2708333333333333,668.8350435474813,0.02615879963434207,0.009039683684771314,2.8344171827077267e-05
550.0,6,668.7733537326665,66,0.275,668.8359926215553,0.026346576360290377,0.008786693746124728,2.8920162004893317e-05
550.0,6,668.7733537326665,67,0.2791666666666667,668.8369416956294,0.026533086062174357,0.008533200653392707,2.9489471412819085e-05
550.0,6,668.7733537326665,68,0.2833333333333333,668.8378907697034,0.026721310247115163,0.008280254807491267,3.0064332388238172e-05
550.0,6,668.7733537326665,69,0.2875,668.8388398437776,0.026905260739498008,0.008025933357153521,3.061931985255985e-05
550.0,6,668.7733537326665,70,0.2916666666666667,668.8397889178517,0.027076187162906024,0.007767353429365606,3.11175432968098e-05
550.0,6,668.7733537326665,71,0.29583333333333334,668.8407379919257,0.027234039397894635,0.007504512286129203,3.1558648474218786e-05
550.0,6,668.7733537326665,72,0.3,668.8416870659998,0.027387390482269732,0.007240183152592393,3.197889370331908e-05
550.0,6,668.7733537326665,73,0.30416666666666664,668.8426361400739,0.027542460499771375,0.006976424705804315,3.2404491864428646e-05
550.0,6,668.7733537326665,74,0.30833333333333335,668.843585214148,0.027696173983915703,0.006712315504181561,3.282217363142547e-05
550.0,6,668.7733537326665,75,0.3125,668.844534288222,0.027853984842504797,0.006449233490502863,3.3256283741242255e-05
550.0,6,668.7733537326665,76,0.31666666666666665,668.8454833622961,0.028008147001029462,0.006185228478457109,3.367222186490013e-05
550.0,6,668.7733537326665,77,0.3208333333333333,668.8464324363702,0.02813470521514407,0.005914165546223654,3.3963178716941053e-05
550.0,6,668.7733537326665,78,0.325,668.8473815104443,0.028252233875653402,0.005640783791335575,3.421187834758415e-05
550.0,6,668.7733537326665,79,0.32916666666666666,668.8483305845183,0.0283748573797272,0.005368715743024171,3.448127199556794e-05
550.0,6,668.7733537326665,80,0.3333333333333333,668.8492796585924,0.028496308347227217,0.005096371897222987,3.4743386264521564e-05
550.0,6,668.7733537326665,81,0.3375,668.8502287326664,0.028619172820477864,0.004824262458615671,3.500999814749048e-05
550.0,6,668.7733537326665,82,0.3416666666666667,668.8511778067406,0.028739490403120155,0.004551694168780053,3.5262927081298295e-05
550.0,6,668.7733537326665,83,0.3458333333333333,668.8521268808146,0.02884679456341454,0.004276656706926723,3.5454361160057233e-05
550.0,6,668.7733537326665,84,0.35,668.8530759548887,0.028939658239982992,0.003998890811411602,3.557771733349975e-05
550.0,6,668.7733537326665,85,0.3541666666666667,668.8540250289627,0.0290256439824613,0.0037198119937368935,3.5667518817197695e-05
550.0,6,668.7733537326665,86,0.35833333333333334,668.8549741030369,0.029113436814146403,0.0034410677478632586,3.576347522534617e-05
550.0,6,668.7733537326665,87,0.3625,668.8559231771109,0.029200047432158146,0.0031621947296702727,3.585192822703752e-05
550.0,6,668.7733537326665,88,0.36666666666666664,668.856872251185,0.029289578863880644,0.0028836620654727084,3.595161576187033e-05
550.0,6,668.7733537326665,89,0.37083333333333335,668.857821325259,0.029379354802745956,0.0026051686329874157,3.605031842595888e-05
550.0,6,668.7733537326665,90,0.375,668.8587703993331,0.029442242117471054,0.0023232944226451663,3.602399907157145e-05
550.0,6,668.7733537326665,91,0.37916666666666665,668.8597194734072,0.029490272147441394,0.0020395424092081774,3.5927578874219863e-05
550.0,6,668.7733537326665,92,0.3833333333333333,668.8606685474813,0.02954376785222074,0.001756481311647283,3.585397887465322e-05
550.0,6,668.7733537326665,93,0.3875,668.8616176215553,0.029596707425733008,0.0014733819996265289,3.5775722116552435e-05
550.0,6,668.7733537326665,94,0.39166666666666666,668.8625666956294,0.029650391910774263,0.0011902754667333225,3.5698517472722566e-05
550.0,6,668.7733537326665,95,0.3958333333333333,668.8635157697036,0.029703258948039633,0.000907140916649731,3.561553790864972e-05
550.0,6,668.7733537326665,96,0.4,668.8644648437776,0.029743967443847837,0.0006232211897308622,3.547611438673205e-05
550.0,6,668.7733537326665,97,0.4041666666666667,668.8654139178517,0.029769487503363876,0.00033832732671567294,3.526672952661959e-05
550.0,6,668.7733537326665,98,0.4083333333333333,668.8663629919257,0.02978586523061273,5.2841173384434025e-05,3.5014317347698434e-05
550.0,6,668.7733537326665,99,0.4125,668.8673120659998,0.029803566403860813,-0.00023257810512616441,3.476554350453174e-05
550.0,6,668.7733537326665,100,0.4166666666666667,668.8682611400739,0.02982064068380832,-0.0005179513876707289,3.451207227492374e-05
550.0,6,668.7733537326665,101,0.42083333333333334,668.869210214148,0.02983918592634763,-0.0008033512934010437,3.426253211662295e-05
550.0,6,668.7733537326665,102,0.425,668.870159288222,0.029861004263611178,-0.001088733456997509,3.4024713543285166e-05
550.0,6,668.7733537326665,103,0.42916666666666664,668.8711083622961,0.0298591244442002,-0.0013741979261377739,3.368401522372583e-05
550.0,6,668.7733537326665,104,0.43333333333333335,668.8720574363701,0.02983687808906985,-0.0016597435240907129,3.325454206125048e-05
550.0,6,668.7733537326665,105,0.4375,668.8730065104443,0.029819306306964864,-0.0019452746811567103,3.284271287893047e-05
550.0,6,668.7733537326665,106,0.44166666666666665,668.8739555845183,0.02980224914196329,-0.0022307701832746623,3.243103889711715e-05
550.0,6,668.7733537326665,107,0.4458333333333333,668.8749046585924,0.029785109616865355,-0.0025163368244994367,3.201644201131586e-05
550.0,6,668.7733537326665,108,0.45,668.8758537326664,0.02976857860217401,-0.00280191551956389,3.160215030049157e-05
550.0,6,668.7733537326665,109,0.45416666666666666,668.8768028067406,0.029741502640524546,-0.00308689305439226,3.114419241744231e-05
550.0,6,668.7733537326665,110,0.4583333333333333,668.8777518808146,0.02969914681015827,-0.0033710009814062717,3.062397264802449e-05
550.0,6,668.7733537326665,111,0.46249999999999997,668.8787009548887,0.029645825217856775,-0.003654483809376617,3.0058467438539508e-05
550.0,6,668.7733537326665,112,0.4666666666666667,668.8796500289627,0.029592745236399893,-0.003938003980872912,2.9491583768156772e-05
550.0,6,668.7733537326665,113,0.4708333333333333,668.8805991030368,0.029539826844812718,-0.004221463200825695,2.8923636697395785e-05
550.0,6,668.7733537326665,114,0.475,668.8815481771109,0.0294870724600733,-0.004504975595896344,2.8353865301718314e-05
550.0,6,668.7733537326665,115,0.4791666666666667,668.882497251185,0.029439254129810525,-0.004789071594195764,2.779927092997398e-05
550.0,6,668.7733537326665,116,0.48333333333333334,668.883446325259,0.02937278468039766,-0.005070951013701237,2.7177041746427513e-05
550.0,6,668.7733537326665,117,0.4875,668.8843953993331,0.02928182851690289,-0.005349933754990771,2.6466659791336577e-05
550.0,6,668.7733537326665,118,0.49166666666666664,668.8853444734073,0.02919340061930795,-0.005629222777803562,2.576299818071911e-05
550.0,6,668.7733537326665,119,0.49583333333333335,668.8862935474813,0.029106845347267762,-0.00590870209175267,2.50640589664837e-05
550.0,6,668.7733537326665,120,0.5,668.8872426215554,0.029019475113610322,-0.006188125477450482,2.4359825395605923e-05
550.0,6,668.7733537326665,121,0.5041666666666667,668.8881916956294,0.028933608138439888,-0.00646780605893532,2.3658116800317644e-05
550.0,6,668.7733537326665,122,0.5083333333333333,668.8891407697035,0.028839358944332063,-0.006745955573756004,2.2929269090028516e-05
550.0,6,668.7733537326665,123,0.5125,668.8900898437776,0.028730404667907144,-0.007021433751427287,2.2154336880120295e-05
550.0,6,668.7733537326665,124,0.5166666666666666,668.8910389178517,0.028609335857930202,-0.00729470398193627,2.1341187776000364e-05
550.0,6,668.7733537326665,125,0.5208333333333334,668.8919879919257,0.0284870126039138,-0.007567771022979077,2.052205006408717e-05
550.0,6,668.7733537326665,126,0.525,668.8929370659998,0.028365627527815136,-0.007840958782189855,1.970416575679192e-05
550.0,6,668.7733537326665,127,0.5291666666666667,668.8938861400738,0.02824348538676576,-0.008113989733644968,1.888218951540221e-05
550.0,6,668.7733537326665,128,0.5333333333333333,668.894835214148,0.02812659085623898,-0.0083883287814542,1.8070594582045876e-05
550.0,6,668.7733537326665,129,0.5375,668.895784288222,0.027996958761395,-0.008659496427611714,1.7226891035207075e-05
550.0,6,668.7733537326665,130,0.5416666666666666,668.8967333622961,0.027840924539767633,-0.008924111339222641,1.6318706147047406e-05
550.0,6,668.7733537326665,131,0.5458333333333333,668.8976824363701,0.027684137303527652,-0.009188548658779477,1.5406765654839163e-05
550.0,6,668.7733537326665,132,0.55,668.8986315104443,0.027530552796047457,-0.009453754561944706,1.4500781944486036e-05
550.0,6,668.7733537326665,133,0.5541666666666667,668.8995805845183,0.0273757325999572,-0.009718667000527013,1.358985608043753e-05
550.0,6,668.7733537326665,134,0.5583333333333333,668.9005296585924,0.027222675439051845,-0.00998413817416782,1.2679981655515027e-05
550.0,6,668.7733537326665,135,0.5625,668.9014787326664,0.02706366817250599,-0.010247697848939303,1.1758580008342202e-05
550.0,6,668.7733537326665,136,0.5666666666666667,668.9024278067405,0.02689115724332906,-0.01050695641159477,1.081310438981984e-05
550.0,6,668.7733537326665,137,0.5708333333333333,668.9033768808146,0.02670621127529072,-0.010762242321473197,9.845530756616821e-06
550.0,6,668.7733537326665,138,0.575,668.9043259548887,0.02651836902248819,-0.011016627838968793,8.871221840918062e-06
550.0,6,668.7733537326665,139,0.5791666666666666,668.9052750289627,0.026331991488869003,-0.011271452245572184,7.897875556353057e-06
550.0,6,668.7733537326665,140,0.5833333333333334,668.9062241030368,0.02614443752373317,-0.01152583278587928,6.92160416061582e-06
550.0,6,668.7733537326665,141,0.5875,668.907173177111,0.025961404448795394,-0.011782015427199475,5.947101374218305e-06
550.0,6,668.7733537326665,142,0.5916666666666667,668.908122251185,0.025771328067471448,-0.012035401924094588,4.965281241453624e-06
550.0,6,668.7733537326665,143,0.5958333333333333,668.9090713252591,0.02555553207680354,-0.012278617594952261,3.961085737981095e-06
550.0,6,668.7733537326665,144,0.6,668.9100203993331,0.025335213848391807,-0.012520055702535443,2.9515700153719635e-06
550.0,6,668.7733537326665,145,0.6041666666666666,668.9109694734072,0.025118988676802633,-0.012763092736836998,1.9439801767259975e-06
550.0,6,668.7733537326665,146,0.6083333333333333,668.9119185474813,0.02490150989744786,-0.013005623263234654,9.339346542770069e-07
550.0,6,668.7733537326665,147,0.6125,668.9128676215554,0.024685536714737635,-0.01324889348025096,-7.808324207321663e-08
550.0,6,668.7733537326665,148,0.6166666666666667,668.9138166956294,0.024465962492804073,-0.01349041280246552,-1.0909113374532219e-06
550.0,6,668.7733537326665,149,0.6208333333333333,668.9147657697035,0.02423465279420356,-0.01372630723951469,-2.1036443604317052e-06
550.0,6,668.7733537326665,150,0.625,668.9157148437776,0.02399141963446601,-0.013956471710545407,-3.115978938660412e-06
550.0,6,668.7733537326665,151,0.6291666666666667,668.9166639178517,0.023743831584640024,-0.01418456547201885,-4.12926855615491e-06
550.0,6,668.7733537326665,152,0.6333333333333333,668.9176129919257,0.023497830339052367,-0.014413413324400642,-5.144109237130657e-06
550.0,6,668.7733537326665,153,0.6375,668.9185620659998,0.023250725183291524,-0.014641627130981346,-6.15900446336706e-06
550.0,6,668.7733537326665,154,0.6416666666666666,668.9195111400738,0.0230068132626481,-0.014871704072498248,-7.179487084719131e-06
550.0,6,668.7733537326665,155,0.6458333333333334,668.920460214148,0.022760420934918018,-0.015100342241192402,-8.19819962932044e-06
550.0,6,668.7733537326665,156,0.65,668.921409288222,0.022491543117821894,-0.015316045741714617,-9.190610352961882e-06
550.0,6,668.7733537326665,157,0.6541666666666667,668.9223583622961,0.022214655570515943,-0.01552715399770605,-1.0174497844432337e-05
550.0,6,668.7733537326665,158,0.6583333333333333,668.9233074363701,0.02194201167819135,-0.015740691243560936,-1.1164683387875677e-05
550.0,6,668.7733537326665,159,0.6625,668.9242565104443,0.021668491502832468,-0.01595369286089423,-1.215464248474144e-05
550.0,6,668.7733537326665,160,0.6666666666666666,668.9252055845183,0.021395907947847945,-0.01616738559038416,-1.3148640011537054e-05
550.0,6,668.7733537326665,161,0.6708333333333333,668.9261546585924,0.021121672098341798,-0.016379914112524478,-1.4139434669592225e-05
550.0,6,668.7733537326665,162,0.675,668.9271037326664,0.0208379358213009,-0.01658594191324845,-1.5108146268756989e-05
550.0,6,668.7733537326665,163,0.6791666666666667,668.9280528067405,0.020543506728781902,-0.016784638099616802,-1.6051574890212623e-05
550.0,6,668.7733537326665,164,0.6833333333333333,668.9290018808147,0.020243772271939728,-0.016979713343488655,-1.6983099523159868e-05
550.0,6,668.7733537326665,165,0.6875,668.9299509548887,0.019945329261544745,-0.01717568620263881,-1.791894936048456e-05
550.0,6,668.7733537326665,166,0.6916666666666667,668.9309000289628,0.01964617597850266,-0.017371043510714893,-1.8852680953997405e-05
550.0,6,668.7733537326665,167,0.6958333333333333,668.9318491030368,0.01934877776364848,-0.01756787447863618,-1.979465149422622e-05
550.0,6,668.7733537326665,168,0.7,668.932798177111,0.019051880374012647,-0.017765101434144583,-2.073944444023281e-05
550.0,6,668.7733537326665,169,0.7041666666666666,668.933747251185,0.018737517048179487,-0.017948081613489205,-2.161755450993716e-05
550.0,6,668.7733537326665,170,0.7083333333333334,668.9346963252591,0.018412829679854567,-0.01812265546879902,-2.245663074048083e-05
550.0,6,668.7733537326665,171,0.7125,668.9356453993331,0.01809171520298787,-0.018300139340335333,-2.3310330781589096e-05
550.0,6,668.7733537326665,172,0.7166666666666667,668.9365944734072,0.01777035889900176,-0.01847737669215934,-2.4163410794836697e-05
550.0,6,668.7733537326665,173,0.7208333333333333,668.9375435474813,0.01744929961381831,-0.018655003466987802,-2.5019957734731886e-05
550.0,6,668.7733537326665,174,0.725,668.9384926215554,0.01712792683034125,-0.018832282419374343,-2.587516944171309e-05
550.0,6,668.7733537326665,175,0.7291666666666666,668.9394416956294,0.01679957143871649,-0.019002757528597515,-2.6692701909808364e-05
550.0,6,668.7733537326665,176,0.7333333333333333,668.9403907697035,0.016462328277851306,-0.01916456244658775,-2.746185689156214e-05
550.0,6,668.7733537326665,177,0.7375,668.9413398437775,0.016119575418023068,-0.019321000952016998,-2.8201283917819972e-05
550.0,6,668.7733537326665,178,0.7416666666666667,668.9422889178517,0.015777501154552887,-0.019478134186639646,-2.8945406322038056e-05
550.0,6,668.7733537326665,179,0.7458333333333333,668.9432379919257,0.01543522367006155,-0.01963492431387918,-2.96876509512515e-05
550.0,6,668.7733537326665,180,0.75,668.9441870659998,0.015093553699982647,-0.019792494196679153,-3.043568669945255e-05
550.0,6,668.7733537326665,181,0.7541666666666667,668.9451361400738,0.0147537288743366,-0.019952228886427795,-3.1198092386261695e-05
550.0,6,668.7733537326665,182,0.7583333333333333,668.946085214148,0.014402145086790566,-0.02009809219516588,-3.187285085023154e-05
550.0,6,668.7733537326665,183,0.7625,668.947034288222,0.01403981153948687,-0.02023129569596476,-3.246757238562502e-05
550.0,6,668.7733537326665,184,0.7666666666666666,668.9479833622961,0.013679744818489116,-0.020367177770957423,-3.307981892964762e-05
550.0,6,668.7733537326665,185,0.7708333333333334,668.9489324363701,0.013320074089750677,-0.02050346060578278,-3.3694914184916366e-05
550.0,6,668.7733537326665,186,0.775,668.9498815104442,0.012960221187053702,-0.020639658880839785,-3.431027069076267e-05
550.0,6,668.7733537326665,187,0.7791666666666667,668.9508305845184,0.012600732244008976,-0.020776335080155733,-3.492926964703918e-05
550.0,6,668.7733537326665,188,0.7833333333333333,668.9517796585924,0.012236770538166223,-0.020906512730084585,-3.550407696683971e-05
550.0,6,668.7733537326665,189,0.7875,668.9527287326665,0.011866160355660958,-0.021027037618862883,-3.6012958838577215e-05
550.0,6,668.7733537326665,190,0.7916666666666666,668.9536778067405,0.011490673035300583,-0.021140477112898005,-3.647346073327778e-05
550.0,6,668.7733537326665,191,0.7958333333333333,668.9546268808147,0.01111517768148938,-0.021253959829348718,-3.693465040031556e-05
550.0,6,668.7733537326665,192,0.8,668.9555759548887,0.010739885850107125,-0.021367583139227646,-3.739689353125073e-05
550.0,6,668.7733537326665,193,0.8041666666666667,668.9565250289628,0.010364555211274397,-0.021481228185423286,-3.7859713867930593e-05
550.0,6,668.7733537326665,194,0.8083333333333333,668.9574741030368,0.009991055421094411,-0.021598250790579594,-3.834717157245034e-05
550.0,6,668.7733537326665,195,0.8125,668.958423177111,0.009611122167758395,-0.021703380231147863,-3.874923962284337e-05
550.0,6,668.7733537326665,196,0.8166666666666667,668.959372251185,0.00922218366908351,-0.02179190143334896,-3.9031861862828893e-05
550.0,6,668.7733537326665,197,0.8208333333333333,668.9603213252591,0.00883400109625707,-0.02188183755740853,-3.932487221844913e-05
550.0,6,668.7733537326665,198,0.825,668.9612703993331,0.008446605941604159,-0.02197314103008175,-3.9627874029989726e-05
550.0,6,668.7733537326665,199,0.8291666666666666,668.9622194734072,0.008058842048255925,-0.0220638648515482,-3.992694231225068e-05
550.0,6,668.7733537326665,200,0.8333333333333334,668.9631685474812,0.007671543384914433,-0.022155686178914353,-4.023426175299742e-05
550.0,6,668.7733537326665,201,0.8375,668.9641176215554,0.007281975602258495,-0.022241872164994587,-4.0500212264072166e-05
550.0,6,668.7733537326665,202,0.8416666666666667,668.9650666956294,0.00688827331018889,-0.022317850710865877,-4.069106344364377e-05
550.0,6,668.7733537326665,203,0.8458333333333333,668.9660157697035,0.0064911109987095955,-0.02238525891580412,-4.081881502530673e-05
550.0,6,668.7733537326665,204,0.85,668.9669648437775,0.0060934965078134505,-0.02245163722637257,-4.0939053113750196e-05
550.0,6,668.7733537326665,205,0.8541666666666666,668.9679139178517,0.0056962321538881235,-0.02251871559347177,-4.106453957703593e-05
550.0,6,668.7733537326665,206,0.8583333333333333,668.9688629919257,0.005298759522531201,-0.022585183315725847,-4.118560570556492e-05
550.0,6,668.7733537326665,207,0.8624999999999999,668.9698120659998,0.004902330788385612,-0.02265549348386486,-4.13351187531382e-05
550.0,6,668.7733537326665,208,0.8666666666666667,668.9707611400738,0.004503514326509246,-0.022717040428848746,-4.1420021420594404e-05
550.0,6,668.7733537326665,209,0.8708333333333333,668.971710214148,0.004099350217728102,-0.022759074088982114,-4.136088077402706e-05
550.0,6,668.7733537326665,210,0.875,668.9726592882221,0.003694916238982386,-0.022800170038428748,-4.129481037859485e-05
550.0,6,668.7733537326665,211,0.8791666666666667,668.9736083622961,0.003291193191165093,-0.022843734274371655,-4.1247023646900356e-05
550.0,6,668.7733537326665,212,0.8833333333333333,668.9745574363702,0.0028872031768843055,-0.022886371879228658,-4.1192389289337726e-05
550.0,6,668.7733537326665,213,0.8875,668.9755065104442,0.0024834151472737753,-0.022930366740007584,-4.114760096562597e-05
550.0,6,668.7733537326665,214,0.8916666666666666,668.9764555845184,0.002079004909000556,-0.02297001641543486,-4.107138067112499e-05
550.0,6,668.7733537326665,215,0.8958333333333334,668.9774046585924,0.0016730671458234118,-0.022999373948160318,-4.092061356275074e-05
550.0,6,668.7733537326665,216,0.9,668.9783537326665,0.001265715310006126,-0.02301909398280603,-4.070004561038209e-05
550.0,6,668.7733537326665,217,0.9041666666666667,668.9793028067405,0.0008579774380540442,-0.023036400206767775,-4.0461898489761485e-05
550.0,6,668.7733537326665,218,0.9083333333333333,668.9802518808146,0.0004504431992918546,-0.02305486445430655,-4.023219068793913e-05
550.0,6,668.7733537326665,219,0.9125,668.9812009548887,4.286243404273762e-05,-0.02307236162733007,-3.999567783390311e-05
550.0,6,668.7733537326665,220,0.9166666666666666,668.9821500289628,-0.0003646526630087571,-0.02309343706773528,-3.978397594689289e-05
550.0,6,668.7733537326665,221,0.9208333333333333,668.9830991030368,-0.000772276681965094,-0.02310935724767407,-3.953643335528096e-05
550.0,6,668.7733537326665,222,0.9249999999999999,668.9840481771109,-0.0011803942466265618,-0.023104498228515433,-3.914436793953677e-05
550.0,6,668.7733537326665,223,0.9291666666666667,668.984997251185,-0.0015886233722750404,-0.023095508474247472,-3.872350152835043e-05
550.0,6,668.7733537326665,224,0.9333333333333333,668.9859463252591,-0.001996749093610572,-0.02308991578555865,-3.832630462451635e-05
550.0,6,668.7733537326665,225,0.9375,668.9868953993331,-0.002404881732945728,-0.02308331598743988,-3.7922134450827696e-05
550.0,6,668.7733537326665,226,0.9416666666666667,668.9878444734072,-0.002813163277667744,-0.023077967511925482,-3.752600928407068e-05
550.0,6,668.7733537326665,227,0.9458333333333333,668.9887935474812,-0.0032211327959117005,-0.023069767409214622,-3.7111350131815784e-05
550.0,6,668.7733537326665,228,0.95,668.9897426215554,-0.0036281268363851354,-0.02305169507085232,-3.663225322421256e-05
550.0,6,668.7733537326665,229,0.9541666666666666,668.9906916956294,-0.004034095448333447,-0.023023423636028766,-3.6086672946854145e-05
550.0,6,668.7733537326665,230,0.9583333333333334,668.9916407697035,-0.004439695936883038,-0.022991242575705634,-3.551549674606103e-05
550.0,6,668.7733537326665,231,0.9625,668.9925898437775,-0.004845426408021112,-0.02296041731133698,-3.4953180544294964e-05
550.0,6,668.7733537326665,232,0.9666666666666667,668.9935389178517,-0.00525093359455103,-0.022928613518653093,-3.438505457802549e-05
550.0,6,668.7733537326665,233,0.9708333333333333,668.9944879919258,-0.00565709148198183,-0.0228995684367119,-3.3833194868200426e-05
550.0,6,668.7733537326665,234,0.975,668.9954370659998,-0.006062834405051065,-0.022868734825204746,-3.327075256526739e-05
550.0,6,668.7733537326665,235,0.9791666666666666,668.9963861400739,-0.006464072561697188,-0.0228178507846018,-3.2589081813485615e-05
550.0,6,668.7733537326665,236,0.9833333333333333,668.9973352141479,-0.006863587355329568,-0.022759234960205595,-3.186142046581783e-05
550.0,6,668.7733537326665,237,0.9874999999999999,668.9982842882221,-0.007263954048214157,-0.022704464384963916,-3.115674192275442e-05
550.0,6,668.7733537326665,238,0.9916666666666667,668.9992333622961,-0.007664115600372194,-0.022648946009912276,-3.0447880505027327e-05
550.0,6,668.7733537326665,239,0.9958333333333333,669.0001824363702,-0.008064634358800272,-0.022594279755000515,-2.9743226407289824e-05
550.0,6,668.7733537326665,240,1.0,669.0011315104442,-0.008464623296362918,-0.02253820896855459,-2.9031463068671326e-05
550.0,7,669.2733537326665,0,0.0,669.2733537326665,0.022230486569263245,0.013111682874975987,1.545902165105255e-05
550.0,7,669.2733537326665,1,0.004166666666666667,669.2743028067406,0.02249794890968132,0.012895765397650916,1.6335103378643863e-05
550.0,7,669.2733537326665,2,0.008333333333333333,669.2752518808146,0.022766639997576256,0.012680496655093139,1.7213755079818345e-05
550.0,7,669.2733537326665,3,0.0125,669.2762009548887,0.02303302677844431,0.012463970122871733,1.8084261734242717e-05
550.0,7,669.2733537326665,4,0.016666666666666666,669.2771500289628,0.02328872578051466,0.012241471905462185,1.892247568812576e-05
550.0,7,669.2733537326665,5,0.020833333333333332,669.2780991030369,0.023532727898650175,0.012012452972655314,1.9725256064943448e-05
550.0,7,669.2733537326665,6,0.025,669.2790481771109,0.023771382515401996,0.011780435192953163,2.0511122619875852e-05
550.0,7,669.2733537326665,7,0.029166666666666667,669.279997251185,0.024011535986335965,0.01154924699998561,2.1299951320108986e-05
550.0,7,669.2733537326665,8,0.03333333333333333,669.280946325259,0.024250628361109212,0.011317584052522818,2.2083485397202472e-05
550.0,7,669.2733537326665,9,0.0375,669.2818953993332,0.02449239514948026,0.011087135453233175,2.287516091416716e-05
550.0,7,669.2733537326665,10,0.041666666666666664,669.2828444734072,0.024733927303592564,0.01085658787244823,2.366450948439284e-05
550.0,7,669.2733537326665,11,0.04583333333333333,669.2837935474813,0.02495228850024865,0.010615253852847239,2.437084612860398e-05
550.0,7,669.2733537326665,12,0.05,669.2847426215553,0.02515869111036438,0.010368341429169186,2.5033530833209934e-05
550.0,7,669.2733537326665,13,0.05416666666666667,669.2856916956295,0.025369765308651437,0.010123609138447509,2.571100989442645e-05
550.0,7,669.2733537326665,14,0.058333333333333334,669.2866407697035,0.02558024707632442,0.009878637582502032,2.6384578986797786e-05
550.0,7,669.2733537326665,15,0.0625,669.2875898437776,0.025791514784443102,0.009633908347071595,2.7059963192718353e-05
550.0,7,669.2733537326665,16,0.06666666666666667,669.2885389178516,0.026001837106923675,0.009388844597889192,2.772981488887307e-05
550.0,7,669.2733537326665,17,0.07083333333333333,669.2894879919257,0.026201232877355474,0.009139588593979906,2.8354573477993507e-05
550.0,7,669.2733537326665,18,0.075,669.2904370659998,0.026387219385766582,0.008885196302241542,2.8924236758378398e-05
550.0,7,669.2733537326665,19,0.07916666666666666,669.2913861400739,0.026565368135519088,0.008627793962369748,2.9460932478776007e-05
550.0,7,669.2733537326665,20,0.08333333333333333,669.2923352141479,0.026744795957306142,0.008370862556786894,3.0001013641890466e-05
550.0,7,669.2733537326665,21,0.0875,669.293284288222,0.026923532501817497,0.008113766168217925,3.0536131431996654e-05
550.0,7,669.2733537326665,22,0.09166666666666666,669.294233362296,0.027103829864533593,0.007857116559096313,3.107631760379579e-05
550.0,7,669.2733537326665,23,0.09583333333333333,669.2951824363702,0.027286808830726903,0.007601300460010782,3.1626237393273874e-05
550.0,7,669.2733537326665,24,0.1,669.2961315104443,0.027447454812438116,0.007338603903097498,3.207814768035342e-05
550.0,7,669.2733537326665,25,0.10416666666666667,669.2970805845183,0.027590044205991836,0.007070333169990803,3.245037465818696e-05
550.0,7,669.2733537326665,26,0.10833333333333334,669.2980296585924,0.02773711127923892,0.006803440802645041,3.283996673862021e-05
550.0,7,669.2733537326665,27,0.1125,669.2989787326665,0.027884472447162818,0.006536675948422715,3.322879557980251e-05
550.0,7,669.2733537326665,28,0.11666666666666667,669.2999278067406,0.028031906625661157,0.006269851422825472,3.361623358373225e-05
550.0,7,669.2733537326665,29,0.12083333333333333,669.3008768808146,0.028179740458000063,0.006003146739615134,3.40034764913244e-05
550.0,7,669.2733537326665,30,0.125,669.3018259548887,0.02831728148579885,0.0057339841938536,3.434237306960221e-05
550.0,7,669.2733537326665,31,0.12916666666666665,669.3027750289627,0.02844024888895298,0.005461341526927757,3.461356765515056e-05
550.0,7,669.2733537326665,32,0.13333333333333333,669.3037241030369,0.0285529865619262,0.005186256049451705,3.4836576982897444e-05
550.0,7,669.2733537326665,33,0.1375,669.3046731771109,0.02866614329706907,0.004911246381396208,3.505945325590407e-05
550.0,7,669.2733537326665,34,0.14166666666666666,669.305622251185,0.028779302338149605,0.004636314044988724,3.52802041282862e-05
550.0,7,669.2733537326665,35,0.14583333333333334,669.306571325259,0.028892805540736,0.004361406862196713,3.550052373454931e-05
550.0,7,669.2733537326665,36,0.15,669.3075203993332,0.029011025053293855,0.004087318647083668,3.574045513886675e-05
550.0,7,669.2733537326665,37,0.15416666666666667,669.3084694734072,0.0291100808947068,0.0038099176884584256,3.589029334880839e-05
550.0,7,669.2733537326665,38,0.15833333333333333,669.3094185474813,0.02918547767914504,0.0035284137656173492,3.592930975811985e-05
550.0,7,669.2733537326665,39,0.1625,669.3103676215553,0.029263751041013614,0.0032474017192902606,3.597939890148671e-05
550.0,7,669.2733537326665,40,0.16666666666666666,669.3113166956294,0.02934365273435655,0.0029667044880316335,3.603485185671126e-05
550.0,7,669.2733537326665,41,0.17083333333333334,669.3122657697035,0.02942286363187207,0.0026858418784509045,3.608496752105564e-05
550.0,7,669.2733537326665,42,0.175,669.3132148437776,0.029503505792943505,0.002405154449018179,3.61394903357855e-05
550.0,7,669.2733537326665,43,0.17916666666666667,669.3141639178516,0.029575267027043224,0.002123492393701199,3.615131716292681e-05
550.0,7,669.2733537326665,44,0.18333333333333332,669.3151129919257,0.029631923693742252,0.0018401606701398247,3.609199857732233e-05
550.0,7,669.2733537326665,45,0.1875,669.3160620659997,0.029676351260096497,0.0015554833606057318,3.597463836666968e-05
550.0,7,669.2733537326665,46,0.19166666666666665,669.3170111400739,0.029719747742745294,0.001270667622506029,3.585031482136886e-05
550.0,7,669.2733537326665,47,0.19583333333333333,669.317960214148,0.02976396911126741,0.0009859950685180972,3.5727684565940533e-05
550.0,7,669.2733537326665,48,0.2,669.318909288222,0.029807517621977735,0.0007012591502139749,3.5599805741128334e-05
550.0,7,669.2733537326665,49,0.20416666666666666,669.3198583622961,0.02985663061547026,0.00041679256947352615,3.549438229798702e-05
550.0,7,669.2733537326665,50,0.20833333333333334,669.3208074363702,0.02989140951386605,0.00013163005393831742,3.532325574555603e-05
550.0,7,669.2733537326665,51,0.2125,669.3217565104443,0.02989848311217501,-0.00015489608699092067,3.5027112741473026e-05
550.0,7,669.2733537326665,52,0.21666666666666667,669.3227055845183,0.02990531114167621,-0.0004414429382364045,3.472762463553139e-05
550.0,7,669.2733537326665,53,0.22083333333333333,669.3236546585924,0.02991531932686391,-0.0007278073859039222,3.444011553739393e-05
550.0,7,669.2733537326665,54,0.225,669.3246037326664,0.029924072315138567,-0.001014249824828011,3.4144758238833784e-05
550.0,7,669.2733537326665,55,0.22916666666666666,669.3255528067406,0.029934745104488156,-0.0013007087856145069,3.385524892526293e-05
550.0,7,669.2733537326665,56,0.23333333333333334,669.3265018808146,0.029938534021211174,-0.0015870775077940738,3.353470712607585e-05
550.0,7,669.2733537326665,57,0.2375,669.3274509548887,0.029927360038839945,-0.001873280540619868,3.314921041619514e-05
550.0,7,669.2733537326665,58,0.24166666666666667,669.3284000289627,0.029902601531213217,-0.002159322614936653,3.27045924154126e-05
550.0,7,669.2733537326665,59,0.24583333333333332,669.3293491030369,0.029874947045727324,-0.0024453534886167286,3.224549870055932e-05
550.0,7,669.2733537326665,60,0.25,669.3302981771109,0.029848817225295372,-0.0027313729252212925,3.1790746466987024e-05
550.0,7,669.2733537326665,61,0.25416666666666665,669.331247251185,0.029821399424153856,-0.003017320194927168,3.1328707770312114e-05
550.0,7,669.2733537326665,62,0.2583333333333333,669.332196325259,0.02979927673066029,-0.0033036609862443114,3.08847698883171e-05
550.0,7,669.2733537326665,63,0.2625,669.3331453993331,0.029768314583090913,-0.0035893544849376416,3.0404658599283937e-05
550.0,7,669.2733537326665,64,0.26666666666666666,669.3340944734072,0.029707949790430253,-0.003872926426749298,2.9809224472699264e-05
550.0,7,669.2733537326665,65,0.2708333333333333,669.3350435474813,0.02964308409996073,-0.004156183031639439,2.919423884047793e-05
550.0,7,669.2733537326665,66,0.275,669.3359926215553,0.02958274083158157,-0.004439747635203776,2.8594610257143458e-05
550.0,7,669.2733537326665,67,0.2791666666666667,669.3369416956294,0.02952094887569697,-0.00472320103389758,2.7987286562690625e-05
550.0,7,669.2733537326665,68,0.2833333333333333,669.3378907697034,0.02946100658757745,-0.005006914004617451,2.7384005683800965e-05
550.0,7,669.2733537326665,69,0.2875,669.3388398437776,0.029396444252335226,-0.005289989368812575,2.6762961131352273e-05
550.0,7,669.2733537326665,70,0.2916666666666667,669.3397889178517,0.0293177506365592,-0.0055711761859265395,2.6091644756019253e-05
550.0,7,669.2733537326665,71,0.29583333333333334,669.3407379919257,0.029224891416429394,-0.0058504572705511725,2.5370082648898467e-05
550.0,7,669.2733537326665,72,0.3,669.3416870659998,0.029127139010971644,-0.0061290993973546854,2.4629637861799422e-05
550.0,7,669.2733537326665,73,0.30416666666666664,669.3426361400739,0.02903125738318043,-0.0064079835547317865,2.3893532093005005e-05
550.0,7,669.2733537326665,74,0.30833333333333335,669.343585214148,0.02893398321680715,-0.006686595590400146,2.315131798174014e-05
550.0,7,669.2733537326665,75,0.3125,669.344534288222,0.02884088819018698,-0.006966055857312073,2.2418774931952217e-05
550.0,7,669.2733537326665,76,0.31666666666666665,669.3454833622961,0.028744059754019575,-0.007244766580816893,2.16735530506686e-05
550.0,7,669.2733537326665,77,0.3208333333333333,669.3464324363702,0.02861894787273513,-0.0075178720665955686,2.08455676491121e-05
550.0,7,669.2733537326665,78,0.325,669.3473815104443,0.028484576030307206,-0.007789152289709798,1.998908335664613e-05
550.0,7,669.2733537326665,79,0.32916666666666666,669.3483305845183,0.028355433604624083,-0.008061458065280578,1.9145621640561317e-05
550.0,7,669.2733537326665,80,0.3333333333333333,669.3492796585924,0.02822510987704747,-0.008333506105196417,1.8297023097718668e-05
550.0,7,669.2733537326665,81,0.3375,669.3502287326664,0.02809612865674894,-0.00860594497576157,1.7449069083019414e-05
550.0,7,669.2733537326665,82,0.3416666666666667,669.3511778067406,0.027964698272911714,-0.008877709503608973,1.6593946355984112e-05
550.0,7,669.2733537326665,83,0.3458333333333333,669.3521268808146,0.02782065076857403,-0.009146130712951143,1.5708982981929618e-05
550.0,7,669.2733537326665,84,0.35,669.3530759548887,0.027662616990885104,-0.00941083377433093,1.4791354420687302e-05
550.0,7,669.2733537326665,85,0.3541666666666667,669.3540250289627,0.02749791171039776,-0.009673777135507905,1.385705476840509e-05
550.0,7,669.2733537326665,86,0.35833333333333334,669.3549741030369,0.02733495059815641,-0.009937191378869666,1.2924650705248619e-05
550.0,7,669.2733537326665,87,0.3625,669.3559231771109,0.02717092421287947,-0.010200224106777823,1.1989062947066298e-05
550.0,7,669.2733537326665,88,0.36666666666666664,669.356872251185,0.02700954878047364,-0.010464181167544972,1.1055153953857267e-05
550.0,7,669.2733537326665,89,0.37083333333333335,669.357821325259,0.026848402926307597,-0.010728206466806466,1.0119803348555897e-05
550.0,7,669.2733537326665,90,0.375,669.3587703993331,0.026662640631528303,-0.01098392209012928,9.147023702197728e-06
550.0,7,669.2733537326665,91,0.37916666666666665,669.3597194734072,0.026463268646229797,-0.011235054339404704,8.152751464737842e-06
550.0,7,669.2733537326665,92,0.3833333333333333,669.3606685474813,0.026268903582855763,-0.011487872573765795,7.164041830115979e-06
550.0,7,669.2733537326665,93,0.3875,669.3616176215553,0.026074056082497903,-0.011740493149667054,6.1733074908750965e-06
550.0,7,669.2733537326665,94,0.39166666666666666,669.3625666956294,0.02587980606340546,-0.011993426236316804,5.1805182363004564e-06
550.0,7,669.2733537326665,95,0.3958333333333333,669.3635157697036,0.025684870456565746,-0.012246045678159703,4.185925802643737e-06
550.0,7,669.2733537326665,96,0.4,669.3644648437776,0.025479427580761462,-0.012494300925804667,3.1834794202653233e-06
550.0,7,669.2733537326665,97,0.4041666666666667,669.3654139178517,0.025260865541759814,-0.01273709928780408,2.171835485546699e-06
550.0,7,669.2733537326665,98,0.4083333333333333,669.3663629919257,0.0250344021790073,-0.012976618031689474,1.1540140810777305e-06
550.0,7,669.2733537326665,99,0.4125,669.3673120659998,0.024809066937137976,-0.013216626957214069,1.3507379960568414e-07
550.0,7,669.2733537326665,100,0.4166666666666667,669.3682611400739,0.024583262585972966,-0.013456340253152623,-8.845535958162652e-07
550.0,7,669.2733537326665,101,0.42083333333333334,669.369210214148,0.024358627444579947,-0.013696680756544368,-1.9066218852978843e-06
550.0,7,669.2733537326665,102,0.425,669.370159288222,0.024136658536041578,-0.013938354193803501,-2.9312277845093925e-06
550.0,7,669.2733537326665,103,0.42916666666666664,669.3711083622961,0.023895427668378672,-0.01417034086956966,-3.949497207801557e-06
550.0,7,669.2733537326665,104,0.43333333333333335,669.3720574363701,0.023637633872655574,-0.014394011015843883,-4.962504018425284e-06
550.0,7,669.2733537326665,105,0.4375,669.3730065104443,0.023383638283898056,-0.014619593423183452,-5.978441119719999e-06
550.0,7,669.2733537326665,106,0.44166666666666665,669.3739555845183,0.023130089565146204,-0.014845358605795509,-6.995452637995013e-06
550.0,7,669.2733537326665,107,0.4458333333333333,669.3749046585924,0.02287641432347309,-0.015071147828853005,-8.014740540683906e-06
550.0,7,669.2733537326665,108,0.45,669.3758537326664,0.022623221855239035,-0.015297197335906797,-9.035783070653889e-06
550.0,7,669.2733537326665,109,0.45416666666666666,669.3768028067406,0.022361995640488293,-0.015518417251187794,-1.0045933134853041e-05
550.0,7,669.2733537326665,110,0.4583333333333333,669.3777518808146,0.022089125224664143,-0.015732639186745948,-1.1039605603330064e-05
550.0,7,669.2733537326665,111,0.46249999999999997,669.3787009548887,0.02180789771640426,-0.015941837322323068,-1.2021691026471026e-05
550.0,7,669.2733537326665,112,0.4666666666666667,669.3796500289627,0.02152683477291787,-0.01615116541231073,-1.3005523013185258e-05
550.0,7,669.2733537326665,113,0.4708333333333333,669.3805991030368,0.021245953813117516,-0.01636051017222398,-1.3989779090493538e-05
550.0,7,669.2733537326665,114,0.475,669.3815481771109,0.02096516119705395,-0.016569965968929658,-1.4975962971321591e-05
550.0,7,669.2733537326665,115,0.4791666666666667,669.382497251185,0.020687878217889963,-0.016781930739820317,-1.59731012804661e-05
550.0,7,669.2733537326665,116,0.48333333333333334,669.383446325259,0.02039735153049074,-0.016984411267680303,-1.6934226287434636e-05
550.0,7,669.2733537326665,117,0.4875,669.3843953993331,0.020089424808300466,-0.01717445006661026,-1.784769634045939e-05
550.0,7,669.2733537326665,118,0.49166666666666664,669.3853444734073,0.019783288668720794,-0.017365779354564806,-1.8767240626633634e-05
550.0,7,669.2733537326665,119,0.49583333333333335,669.3862935474813,0.019478509716815057,-0.017558034807309116,-1.9691088445029565e-05
550.0,7,669.2733537326665,120,0.5,669.3872426215554,0.0191731175418799,-0.01774990899829114,-2.0614785268481353e-05
550.0,7,669.2733537326665,121,0.5041666666666667,669.3881916956294,0.01886872656480691,-0.017942611370583075,-2.154345275005615e-05
550.0,7,669.2733537326665,122,0.5083333333333333,669.3891407697035,0.018558835231989205,-0.018130617235452357,-2.2449514054456098e-05
550.0,7,669.2733537326665,123,0.5125,669.3900898437776,0.018239279172895854,-0.018310393275520122,-2.3315267068735744e-05
550.0,7,669.2733537326665,124,0.5166666666666666,669.3910389178517,0.01791176360377875,-0.018483380514270443,-2.4147756676579004e-05
550.0,7,669.2733537326665,125,0.5208333333333334,669.3919879919257,0.017583402563482686,-0.01865568551100221,-2.497778701747811e-05
550.0,7,669.2733537326665,126,0.525,669.3929370659998,0.017255700123432128,-0.01882847521364919,-2.5810641032558817e-05
550.0,7,669.2733537326665,127,0.5291666666666667,669.3938861400738,0.016927516102791588,-0.019000825209262343,-2.664190901099818e-05
550.0,7,669.2733537326665,128,0.5333333333333333,669.394835214148,0.016602486377932695,-0.019176404622763744,-2.749292865279041e-05
550.0,7,669.2733537326665,129,0.5375,669.395784288222,0.016269804547137903,-0.01934415571277093,-2.8298724719561695e-05
550.0,7,669.2733537326665,130,0.5416666666666666,669.3967333622961,0.01592124025863677,-0.019495693888304768,-2.9010001014212323e-05
550.0,7,669.2733537326665,131,0.5458333333333333,669.3976824363701,0.01557221520051847,-0.019646777196114195,-2.9719243449650323e-05
550.0,7,669.2733537326665,132,0.55,669.3986315104443,0.015225139139216678,-0.01979980600232219,-3.0440357007176632e-05
550.0,7,669.2733537326665,133,0.5541666666666667,669.3995805845183,0.014877308602724253,-0.019952086684924684,-3.1157743439019907e-05
550.0,7,669.2733537326665,134,0.5583333333333333,669.4005296585924,0.014530436214565751,-0.02010554788686657,-3.188339642549286e-05
550.0,7,669.2733537326665,135,0.5625,669.4014787326664,0.014180352390480547,-0.020255004149964746,-3.2583452298034424e-05
550.0,7,669.2733537326665,136,0.5666666666666667,669.4024278067405,0.013822946000889789,-0.02039539782266884,-3.3224966826994867e-05
550.0,7,669.2733537326665,137,0.5708333333333333,669.4033768808146,0.013458801850187444,-0.02052743036444604,-3.3812351236351785e-05
550.0,7,669.2733537326665,138,0.575,669.4043259548887,0.013093067202434144,-0.02065753551289121,-3.43876762149508e-05
550.0,7,669.2733537326665,139,0.5791666666666666,669.4052750289627,0.012728150804810481,-0.020788601933285446,-3.496958616264017e-05
550.0,7,669.2733537326665,140,0.5833333333333334,669.4062241030368,0.012362653811103214,-0.020918821460254127,-3.5546093757487656e-05
550.0,7,669.2733537326665,141,0.5875,669.407173177111,0.011999307627560003,-0.021052375023701428,-3.614637113679336e-05
550.0,7,669.2733537326665,142,0.5916666666666667,669.408122251185,0.011632606398400754,-0.02118075164760053,-3.6710866723899424e-05
550.0,7,669.2733537326665,143,0.5958333333333333,669.4090713252591,0.011253612353382646,-0.021290244276557468,-3.71437147024388e-05
550.0,7,669.2733537326665,144,0.6,669.4100203993331,0.010872447733196212,-0.021396425211755214,-3.755370951851601e-05
550.0,7,669.2733537326665,145,0.6041666666666666,669.4109694734072,0.010493256131475325,-0.02150559566485283,-3.798484293006041e-05
550.0,7,669.2733537326665,146,0.6083333333333333,669.4119185474813,0.010113474487205202,-0.02161383706165293,-3.8409727605939506e-05
550.0,7,669.2733537326665,147,0.6125,669.4128676215554,0.009734290601504015,-0.021723299963435444,-3.884382490812211e-05
550.0,7,669.2733537326665,148,0.6166666666666667,669.4138166956294,0.009353661764521851,-0.021829855883697704,-3.925698809844012e-05
550.0,7,669.2733537326665,149,0.6208333333333333,669.4147657697035,0.008968253562131035,-0.021926999788533044,-3.960189023878943e-05
550.0,7,669.2733537326665,150,0.625,669.4157148437776,0.008577997376081479,-0.022014559606440682,-3.9877175653337434e-05
550.0,7,669.2733537326665,151,0.6291666666666667,669.4166639178517,0.008185951294296612,-0.022098635607547608,-4.01272610478674e-05
550.0,7,669.2733537326665,152,0.6333333333333333,669.4176129919257,0.0077945577587427905,-0.022183980787689683,-4.038674455492743e-05
550.0,7,669.2733537326665,153,0.6375,669.4185620659998,0.007402802067179764,-0.02226835330936041,-4.063918522673795e-05
550.0,7,669.2733537326665,154,0.6416666666666666,669.4195111400738,0.007012069901261691,-0.02235556330942569,-4.091282683258672e-05
550.0,7,669.2733537326665,155,0.6458333333333334,669.420460214148,0.006620538401841974,-0.022440583657732438,-4.117039860805444e-05
550.0,7,669.2733537326665,156,0.65,669.421409288222,0.006221652808601702,-0.022505796518439015,-4.1281307267781016e-05
550.0,7,669.2733537326665,157,0.6541666666666667,669.4223583622961,0.0058201370293648426,-0.022563963073323694,-4.134005232749689e-05
550.0,7,669.2733537326665,158,0.6583333333333333,669.4233074363701,0.005420019541600643,-0.022625858387450203,-4.14265035952462e-05
550.0,7,669.2733537326665,159,0.6625,669.4242565104443,0.005019641991936386,-0.022686956439638795,-4.1507119520105524e-05
550.0,7,669.2733537326665,160,0.6666666666666666,669.4252055845183,0.004619442529152805,-0.022749001919622116,-4.159477775691286e-05
550.0,7,669.2733537326665,161,0.6708333333333333,669.4261546585924,0.004218882668337842,-0.02280942022440959,-4.167049955671049e-05
550.0,7,669.2733537326665,162,0.675,669.4271037326664,0.0038160870814947967,-0.022860634555405965,-4.1678324342298045e-05
550.0,7,669.2733537326665,163,0.6791666666666667,669.4280528067405,0.00341078500654718,-0.02290146581116308,-4.160952353533525e-05
550.0,7,669.2733537326665,164,0.6833333333333333,669.4290018808147,0.0030042244259994976,-0.02293715571678645,-4.150273961537423e-05
550.0,7,669.2733537326665,165,0.6875,669.4299509548887,0.002597956643362159,-0.022974110497379626,-4.140527722548512e-05
550.0,7,669.2733537326665,166,0.6916666666666667,669.4309000289628,0.002191630096767585,-0.02301026972266123,-4.130213727357735e-05
550.0,7,669.2733537326665,167,0.6958333333333333,669.4318491030368,0.0017854883404293037,-0.02304835619944727,-4.121281762486477e-05
550.0,7,669.2733537326665,168,0.7,669.432798177111,0.001379420669940372,-0.023086978458697945,-4.112737983803545e-05
550.0,7,669.2733537326665,169,0.7041666666666666,669.433747251185,0.000971165025312491,-0.02310678960387433,-4.0906431941125314e-05
550.0,7,669.2733537326665,170,0.7083333333333334,669.4346963252591,0.0005616034279629859,-0.023115492296140783,-4.0605401998403785e-05
550.0,7,669.2733537326665,171,0.7125,669.4356453993331,0.00015249310153527394,-0.023128040021862868,-4.0332049669485795e-05
550.0,7,669.2733537326665,172,0.7166666666666667,669.4365944734072,-0.00025660622327310675,-0.02314028769467472,-4.0056628442647684e-05
550.0,7,669.2733537326665,173,0.7208333333333333,669.4375435474813,-0.000665791834181051,-0.02315297355196351,-3.978397043431401e-05
550.0,7,669.2733537326665,174,0.725,669.4384926215554,-0.0010749394801655972,-0.023165247793709674,-3.950854410552226e-05
550.0,7,669.2733537326665,175,0.7291666666666666,669.4394416956294,-0.0014840318809565527,-0.02316910862601134,-3.917520479768663e-05
550.0,7,669.2733537326665,176,0.7333333333333333,669.4403907697035,-0.0018930455570702056,-0.023162239800916126,-3.876804917096408e-05
550.0,7,669.2733537326665,177,0.7375,669.4413398437775,-0.0023020175248929793,-0.02314872017686981,-3.8315098980016445e-05
550.0,7,669.2733537326665,178,0.7416666666666667,669.4422889178517,-0.002711023006073981,-0.02313604753091778,-3.7867840920537246e-05
550.0,7,669.2733537326665,179,0.7458333333333333,669.4432379919257,-0.0031199050138837323,-0.023123010560402522,-3.74185077752839e-05
550.0,7,669.2733537326665,180,0.75,669.4441870659998,-0.0035289497368393816,-0.023110861175746747,-3.697466160959109e-05
550.0,7,669.2733537326665,181,0.7541666666666667,669.4451361400738,-0.003938318026085035,-0.023101245093793042,-3.654705090307063e-05
550.0,7,669.2733537326665,182,0.7583333333333333,669.446085214148,-0.004345567918532007,-0.023075474475435225,-3.6015909605250604e-05
550.0,7,669.2733537326665,183,0.7625,669.447034288222,-0.004750898479467696,-0.0230349498864996,-3.539017679305716e-05
550.0,7,669.2733537326665,184,0.7666666666666666,669.4479833622961,-0.0051566413689498256,-0.02299754379890468,-3.4784414782630197e-05
550.0,7,669.2733537326665,185,0.7708333333333334,669.4489324363701,-0.005562400187258807,-0.02296062846982643,-3.418203695634195e-05
550.0,7,669.2733537326665,186,0.775,669.4498815104442,-0.005968235237788635,-0.022923567754200215,-3.357827820530028e-05
550.0,7,669.2733537326665,187,0.7791666666666667,669.4508305845184,-0.006374176595301729,-0.02288704631293253,-3.297780847123224e-05
550.0,7,669.2733537326665,188,0.7833333333333333,669.4517796585924,-0.006778289212259575,-0.022843393777921446,-3.233600518668981e-05
550.0,7,669.2733537326665,189,0.7875,669.4527287326665,-0.007179686156195297,-0.02278913488473543,-3.1632740860005266e-05
550.0,7,669.2733537326665,190,0.7916666666666666,669.4536778067405,-0.0075790849119945596,-0.022727082533560938,-3.088437273292226e-05
550.0,7,669.2733537326665,191,0.7958333333333333,669.4546268808147,-0.007978526594497826,-0.022665062285325787,-3.013607134089258e-05
550.0,7,669.2733537326665,192,0.8,669.4555759548887,-0.00837792136840414,-0.02260324039220351,-2.9389556173285245e-05
550.0,7,669.2733537326665,193,0.8041666666666667,669.4565250289628,-0.008777366048781625,-0.02254142054206331,-2.86428474434076e-05
550.0,7,669.2733537326665,194,0.8083333333333333,669.4574741030368,-0.009178165740521061,-0.022483117331129784,-2.791397456419298e-05
550.0,7,669.2733537326665,195,0.8125,669.458423177111,-0.009574195335747389,-0.022412467298327774,-2.7122916882029863e-05
550.0,7,669.2733537326665,196,0.8166666666666667,669.459372251185,-0.009963578553928697,-0.02232456053292727,-2.6244883510087324e-05
550.0,7,669.2733537326665,197,0.8208333333333333,669.4603213252591,-0.010353537153343166,-0.02223811919723356,-2.5374357977461037e-05
550.0,7,669.2733537326665,198,0.825,669.4612703993331,-0.010744006092895273,-0.02215311823008476,-2.4511561455798896e-05
550.0,7,669.2733537326665,199,0.8291666666666666,669.4622194734072,-0.011134286857699183,-0.022067491864341846,-2.3645445231030664e-05
550.0,7,669.2733537326665,200,0.8333333333333334,669.4631685474812,-0.011525111206515663,-0.02198295063312178,-2.2784159737832114e-05
550.0,7,669.2733537326665,201,0.8375,669.4641176215554,-0.01191304876451738,-0.02189288819263549,-2.1900163944509366e-05
550.0,7,669.2733537326665,202,0.8416666666666667,669.4650666956294,-0.012295771787801597,-0.021792804779778414,-2.0974707639084675e-05
550.0,7,669.2733537326665,203,0.8458333333333333,669.4660157697035,-0.012674101064812971,-0.021684300156033762,-2.0014596000667386e-05
550.0,7,669.2733537326665,204,0.85,669.4669648437775,-0.013051931870483532,-0.021574768378340776,-1.9050266753551108e-05
550.0,7,669.2733537326665,205,0.8541666666666666,669.4679139178517,-0.013430066854065061,-0.021465952285986106,-1.808969322040479e-05
550.0,7,669.2733537326665,206,0.8583333333333333,669.4688629919257,-0.013807857732026215,-0.021356551745329813,-1.7127279087455285e-05
550.0,7,669.2733537326665,207,0.8624999999999999,669.4698120659998,-0.014188032824860987,-0.021250722081453035,-1.61762606093774e-05
550.0,7,669.2733537326665,208,0.8666666666666667,669.4707611400738,-0.014562789786100365,-0.021136765754207223,-1.5200261581127056e-05
550.0,7,669.2733537326665,209,0.8708333333333333,669.471710214148,-0.014925499155412789,-0.021004689138586722,-1.4168087263863974e-05
550.0,7,669.2733537326665,210,0.875,669.4726592882221,-0.0152876399478098,-0.020871736267578343,-1.313353692467721e-05
550.0,7,669.2733537326665,211,0.8791666666666667,669.4736083622961,-0.015651277301791233,-0.020741090279383388,-1.2106903484487874e-05
550.0,7,669.2733537326665,212,0.8833333333333333,669.4745574363702,-0.016014353000139127,-0.020609578199102023,-1.1077921612888761e-05
550.0,7,669.2733537326665,213,0.8875,669.4755065104442,-0.01637840268827214,-0.020479254335367077,-1.005171410899311e-05
550.0,7,669.2733537326665,214,0.8916666666666666,669.4764555845184,-0.016739315295163433,-0.020345137207413724,-9.018758978515364e-06
550.0,7,669.2733537326665,215,0.8958333333333334,669.4774046585924,-0.017092834259940327,-0.020202005259116765,-7.968760802134451e-06
550.0,7,669.2733537326665,216,0.9,669.4783537326665,-0.0174394057483359,-0.020050425299601157,-6.90306599269794e-06
550.0,7,669.2733537326665,217,0.9041666666666667,669.4793028067405,-0.017784262375285475,-0.019896715406039205,-5.833616624799538e-06
550.0,7,669.2733537326665,218,0.9083333333333333,669.4802518808146,-0.018129926861273817,-0.019744034924979368,-4.7670610852297965e-06
550.0,7,669.2733537326665,219,0.9125,669.4812009548887,-0.018474816265785978,-0.019590545283917776,-3.7004173939346094e-06
550.0,7,669.2733537326665,220,0.9166666666666666,669.4821500289628,-0.018822661340193482,-0.019440006720603923,-2.6359880176601706e-06
550.0,7,669.2733537326665,221,0.9208333333333333,669.4830991030368,-0.01916627296126081,-0.019285223700777027,-1.569760125455673e-06
550.0,7,669.2733537326665,222,0.9249999999999999,669.4840481771109,-0.019492841873964165,-0.01911328702896629,-4.940400110082245e-07
550.0,7,669.2733537326665,223,0.9291666666666667,669.484997251185,-0.01981603342461321,-0.018937934467519502,5.830135133486693e-07
550.0,7,669.2733537326665,224,0.9333333333333333,669.4859463252591,-0.020141993439890964,-0.01876539615252329,1.657397751225805e-06
550.0,7,669.2733537326665,225,0.9375,669.4868953993331,-0.020467114022802182,-0.018592033656768626,2.7313005079190725e-06
550.0,7,669.2733537326665,226,0.9416666666666667,669.4878444734072,-0.0207934031649343,-0.01841962841010809,3.8055132896940817e-06
550.0,7,669.2733537326665,227,0.9458333333333333,669.4887935474812,-0.02111705130474939,-0.01824503008321856,4.8766374893202004e-06
550.0,7,669.2733537326665,228,0.95,669.4897426215554,-0.02143163425564827,-0.018062790635502386,5.939969627957639e-06
550.0,7,669.2733537326665,229,0.9541666666666666,669.4906916956294,-0.02173682265489988,-0.01787265187678535,6.994985247625466e-06
550.0,7,669.2733537326665,230,0.9583333333333334,669.4916407697035,-0.022038427742248776,-0.017679472705066524,8.046395682759336e-06
550.0,7,669.2733537326665,231,0.9625,669.4925898437775,-0.02234127755421196,-0.017487346972218692,9.09773985238532e-06
550.0,7,669.2733537326665,232,0.9666666666666667,669.4935389178517,-0.022643123656336413,-0.017294513977426065,1.0146195145157745e-05
550.0,7,669.2733537326665,233,0.9708333333333333,669.4944879919258,-0.02294781735363995,-0.017103666545319862,1.1199201153378592e-05
550.0,7,669.2733537326665,234,0.975,669.4954370659998,-0.02325068151621939,-0.016911536716920715,1.224770443813389e-05
550.0,7,669.2733537326665,235,0.9791666666666666,669.4963861400739,-0.023533065432886975,-0.01670490680515519,1.3256864198184456e-05
550.0,7,669.2733537326665,236,0.9833333333333333,669.4973352141479,-0.023807562128136523,-0.0164926792044935,1.425017218067611e-05
550.0,7,669.2733537326665,237,0.9874999999999999,669.4982842882221,-0.024085977452116155,-0.016283237750827798,1.5249542644643928e-05
550.0,7,669.2733537326665,238,0.9916666666666667,669.4992333622961,-0.02436359956747914,-0.016073271195577752,1.624595677132482e-05
550.0,7,669.2733537326665,239,0.9958333333333333,669.5001824363702,-0.02464222379015029,-0.01586385103393513,1.7244302189883203e-05
550.0,7,669.2733537326665,240,1.0,669.5011315104442,-0.024919243333309096,-0.015653505437320435,1.8236835416599667e-05
550.0,8,669.7733537326665,0,0.0,669.7733537326665,0.029880395751659065,0.0007807759202554982,3.576639467568867e-05
550.0,8,669.7733537326665,1,0.004166666666666667,669.7743028067406,0.02991574774759291,0.0004946445155700556,3.5598705749580474e-05
550.0,8,669.7733537326665,2,0.008333333333333333,669.7752518808146,0.029952642062528345,0.00020853642582448995,3.543549818253223e-05
550.0,8,669.7733537326665,3,0.0125,669.7762009548887,0.029986609997554047,-7.764901734069737e-05,3.52572731132821e-05
550.0,8,669.7733537326665,4,0.016666666666666666,669.7771500289628,0.030006894907371295,-0.0003643052756849505,3.501668103178032e-05
550.0,8,669.7733537326665,5,0.020833333333333332,669.7780991030369,0.030012231144588043,-0.00065146439307437,3.470819483184418e-05
550.0,8,669.7733537326665,6,0.025,669.7790481771109,0.030010721690285656,-0.0009388676878990865,3.43673359080198e-05
550.0,8,669.7733537326665,7,0.029166666666666667,669.779997251185,0.030011121774147404,-0.0012262114869687863,3.4032611933179295e-05
550.0,8,669.7733537326665,8,0.03333333333333333,669.780946325259,0.030010264804044083,-0.0015135057189795919,3.3690535738508146e-05
550.0,8,669.7733537326665,9,0.0375,669.7818953993332,0.030012591049305225,-0.0018009103865369081,3.33592482364099e-05
550.0,8,669.7733537326665,10,0.041666666666666664,669.7828444734072,0.030014637936758883,-0.0020882990778909216,3.302461130571949e-05
550.0,8,669.7733537326665,11,0.04583333333333333,669.7837935474813,0.029988858841842315,-0.0023749468332795783,3.257291571371464e-05
550.0,8,669.7733537326665,12,0.05,669.7847426215553,0.029948710110575656,-0.0026612215761937616,3.205964977855627e-05
550.0,8,669.7733537326665,13,0.05416666666666667,669.7856916956295,0.02991417566271631,-0.0029476412524347215,3.1567359358283756e-05
550.0,8,669.7733537326665,14,0.058333333333333334,669.7866407697035,0.029878960091845905,-0.00323401219953585,3.107022634490975e-05
550.0,8,669.7733537326665,15,0.0625,669.7875898437776,0.029844586052096653,-0.0035205091282792945,3.057372271331306e-05
550.0,8,669.7733537326665,16,0.06666666666666667,669.7885389178516,0.02980916418785835,-0.003806889652273573,3.0071211954081467e-05
550.0,8,669.7733537326665,17,0.07083333333333333,669.7894879919257,0.02976136332838533,-0.004092191015187849,2.9519955794333697e-05
550.0,8,669.7733537326665,18,0.075,669.7904370659998,0.02969838777936221,-0.004376161839718105,2.8909532473385544e-05
550.0,8,669.7733537326665,19,0.07916666666666666,669.7913861400739,0.029626540059187797,-0.004659361788524499,2.8263572992337958e-05
550.0,8,669.7733537326665,20,0.08333333333333333,669.7923352141479,0.02955612314567324,-0.004942704067788343,2.7620692115958678e-05
550.0,8,669.7733537326665,21,0.0875,669.793284288222,0.029485008319619633,-0.005225896465836249,2.697368839036663e-05
550.0,8,669.7733537326665,22,0.09166666666666666,669.794233362296,0.029415531879239298,-0.005509366745507282,2.6329659692835442e-05
550.0,8,669.7733537326665,23,0.09583333333333333,669.7951824363702,0.029348922854385805,-0.005793260351159904,2.5692927394404612e-05
550.0,8,669.7733537326665,24,0.1,669.7961315104443,0.02925844715507097,-0.006073573093587864,2.4975695285879137e-05
550.0,8,669.7733537326665,25,0.10416666666666667,669.7970805845183,0.029148666926321388,-0.0063509999930240375,2.4192926597827626e-05
550.0,8,669.7733537326665,26,0.10833333333333334,669.7980296585924,0.0290436706505728,-0.006629145752045964,2.342376221408189e-05
550.0,8,669.7733537326665,27,0.1125,669.7989787326665,0.028939019393193644,-0.0069073084854408585,2.265394643796618e-05
550.0,8,669.7733537326665,28,0.11666666666666667,669.7999278067406,0.028834377893537433,-0.007185550112282616,2.1881401531899387e-05
550.0,8,669.7733537326665,29,0.12083333333333333,669.8008768808146,0.028730160799402153,-0.007463858515669927,2.1108133416994356e-05
550.0,8,669.7733537326665,30,0.125,669.8018259548887,0.028615538490938293,-0.0077399339895673595,2.0304585493990266e-05
550.0,8,669.7733537326665,31,0.12916666666666665,669.8027750289627,0.028486188676340216,-0.00801284905211258,1.9459112879342197e-05
550.0,8,669.7733537326665,32,0.13333333333333333,669.8037241030369,0.02834650483209873,-0.008283546522174513,1.8583670745439654e-05
550.0,8,669.7733537326665,33,0.1375,669.8046731771109,0.028207223968195857,-0.008554354674447429,1.770711191831914e-05
550.0,8,669.7733537326665,34,0.14166666666666666,669.805622251185,0.028068010048043268,-0.008825100633596032,1.682950668967311e-05
550.0,8,669.7733537326665,35,0.14583333333333334,669.806571325259,0.027929095943264707,-0.00909596773811772,1.595018561791844e-05
550.0,8,669.7733537326665,36,0.15,669.8075203993332,0.027794687211935537,-0.00936810744715132,1.5078067464338597e-05
550.0,8,669.7733537326665,37,0.15416666666666667,669.8084694734072,0.027641974834147296,-0.009635061255280455,1.416686949732819e-05
550.0,8,669.7733537326665,38,0.15833333333333333,669.8094185474813,0.0274666556770811,-0.00989562380174901,1.3207860233324424e-05
550.0,8,669.7733537326665,39,0.1625,669.8103676215553,0.027294079409087152,-0.010156969136283382,1.2252515778313387e-05
550.0,8,669.7733537326665,40,0.16666666666666666,669.8113166956294,0.027123086240190383,-0.010418727927929741,1.1298904864975037e-05
550.0,8,669.7733537326665,41,0.17083333333333334,669.8122657697035,0.026951394975044233,-0.010680337311970977,1.0341538339247058e-05
550.0,8,669.7733537326665,42,0.175,669.8132148437776,0.026781010302026717,-0.01094239293642722,9.384168254560482e-06
550.0,8,669.7733537326665,43,0.17916666666666667,669.8141639178516,0.02660261298587845,-0.011201587698610977,8.415032636502718e-06
550.0,8,669.7733537326665,44,0.18333333333333332,669.8151129919257,0.02641057932002969,-0.011455927029371524,7.427100872314842e-06
550.0,8,669.7733537326665,45,0.1875,669.8160620659997,0.026207512333020613,-0.011706330886461374,6.4237885785882424e-06
550.0,8,669.7733537326665,46,0.19166666666666665,669.8170111400739,0.026003494271732572,-0.011956423259434613,5.417318544556498e-06
550.0,8,669.7733537326665,47,0.19583333333333333,669.817960214148,0.025800264524025777,-0.012206738283024737,4.410789110601381e-06
550.0,8,669.7733537326665,48,0.2,669.818909288222,0.025596436701922725,-0.01245682818178602,3.401978252882501e-06
550.0,8,669.7733537326665,49,0.20416666666666666,669.8198583622961,0.025397341578927934,-0.01270898851375934,2.393100528170762e-06
550.0,8,669.7733537326665,50,0.20833333333333334,669.8208074363702,0.025186052896736578,-0.012955816669823594,1.378392227504121e-06
550.0,8,669.7733537326665,51,0.2125,669.8217565104443,0.024951180896595693,-0.013192353899521803,3.5389572440873317e-07
550.0,8,669.7733537326665,52,0.21666666666666667,669.8227055845183,0.024716092709134045,-0.013428806959425325,-6.722794909066234e-07
550.0,8,669.7733537326665,53,0.22083333333333333,669.8236546585924,0.024483733392770924,-0.01366642019140953,-1.69867417755617e-06
550.0,8,669.7733537326665,54,0.225,669.8246037326664,0.024250292144373315,-0.013903580351708088,-2.7271524077388086e-06
550.0,8,669.7733537326665,55,0.22916666666666666,669.8255528067406,0.024018391772525294,-0.014141544110270802,-3.7580824200818588e-06
550.0,8,669.7733537326665,56,0.23333333333333334,669.8265018808146,0.02378099266137517,-0.014376601312999487,-4.786668192707508e-06
550.0,8,669.7733537326665,57,0.2375,669.8274509548887,0.02353161509223488,-0.014605365115212546,-5.80872173722122e-06
550.0,8,669.7733537326665,58,0.24166666666666667,669.8284000289627,0.023271370362599027,-0.014828406145290924,-6.824720572343951e-06
550.0,8,669.7733537326665,59,0.24583333333333332,669.8293491030369,0.023008789558376472,-0.01505024607298635,-7.840755950918972e-06
550.0,8,669.7733537326665,60,0.25,669.8302981771109,0.02274745331652825,-0.015272704215516556,-8.858542839017486e-06
550.0,8,669.7733537326665,61,0.25416666666666665,669.831247251185,0.02248513445828618,-0.01549457322222654,-9.87616261444105e-06
550.0,8,669.7733537326665,62,0.2583333333333333,669.832196325259,0.022226774840533207,-0.015718943373445097,-1.0902491492744458e-05
550.0,8,669.7733537326665,63,0.2625,669.8331453993331,0.021961800765711664,-0.015939147885410565,-1.1917903650138004e-05
550.0,8,669.7733537326665,64,0.26666666666666666,669.8340944734072,0.021674794714439352,-0.016145519825610473,-1.2894184903800217e-05
550.0,8,669.7733537326665,65,0.2708333333333333,669.8350435474813,0.02138440814552167,-0.016349781965021463,-1.3865513776184708e-05
550.0,8,669.7733537326665,66,0.275,669.8359926215553,0.02109742594846925,-0.01655615684045072,-1.4843941967696562e-05
550.0,8,669.7733537326665,67,0.2791666666666667,669.8369416956294,0.020809363940185933,-0.016761844763652143,-1.582140355461292e-05
550.0,8,669.7733537326665,68,0.2833333333333333,669.8378907697034,0.020522581501236137,-0.016968505315263692,-1.6804190402185548e-05
550.0,8,669.7733537326665,69,0.2875,669.8388398437776,0.020232594235980915,-0.01717274525839712,-1.777771448516896e-05
550.0,8,669.7733537326665,70,0.2916666666666667,669.8397889178517,0.01993275052930752,-0.017369630441200802,-1.8721325012297995e-05
550.0,8,669.7733537326665,71,0.29583333333333334,669.8407379919257,0.019623033343349628,-0.017559129963511465,-1.9634655804615493e-05
550.0,8,669.7733537326665,72,0.3,669.8416870659998,0.01930988892145772,-0.0177460937727741,-2.053834031128876e-05
550.0,8,669.7733537326665,73,0.30416666666666664,669.8426361400739,0.018998056841260984,-0.017934025186638346,-2.1446963036941237e-05
550.0,8,669.7733537326665,74,0.30833333333333335,669.843585214148,0.018685325055514884,-0.01812116116262098,-2.2352363405279006e-05
550.0,8,669.7733537326665,75,0.3125,669.844534288222,0.01837526737852187,-0.01831071039901002,-2.3271524813481154e-05
550.0,8,669.7733537326665,76,0.31666666666666665,669.8454833622961,0.018062817484273422,-0.018498113526084273,-2.418025782100691e-05
550.0,8,669.7733537326665,77,0.3208333333333333,669.8464324363702,0.01773216662926237,-0.018669302744733652,-2.5004548300932357e-05
550.0,8,669.7733537326665,78,0.325,669.8473815104443,0.017395548312560977,-0.018835191399386973,-2.5801742733188686e-05
550.0,8,669.7733537326665,79,0.32916666666666666,669.8483305845183,0.017062304606759976,-0.019004069190894413,-2.6615331650875913e-05
550.0,8,669.7733537326665,80,0.3333333333333333,669.8492796585924,0.016728320726493353,-0.019172250795582994,-2.742581004966659e-05
550.0,8,669.7733537326665,81,0.3375,669.8502287326664,0.016395095313714303,-0.019341302881051042,-2.8242525222702544e-05
550.0,8,669.7733537326665,82,0.3416666666666667,669.8511778067406,0.01606045376050766,-0.019508798125641727,-2.905037540051684e-05
550.0,8,669.7733537326665,83,0.3458333333333333,669.8521268808146,0.015718404618393193,-0.01966837734935454,-2.9810939317633638e-05
550.0,8,669.7733537326665,84,0.35,669.8530759548887,0.015368149063281135,-0.019819166334509707,-3.05187364466184e-05
550.0,8,669.7733537326665,85,0.3541666666666667,669.8540250289627,0.01501396610814099,-0.019965772235317196,-3.12017501019846e-05
550.0,8,669.7733537326665,86,0.35833333333333334,669.8549741030369,0.014660800972139844,-0.020113480654449536,-3.189205826603273e-05
550.0,8,669.7733537326665,87,0.3625,669.8559231771109,0.014307092954394996,-0.020260438788406304,-3.2577806919083746e-05
550.0,8,669.7733537326665,88,0.36666666666666664,669.856872251185,0.013954757140512995,-0.02040924360941969,-3.327657323609531e-05
550.0,8,669.7733537326665,89,0.37083333333333335,669.857821325259,0.013602552813013683,-0.020558202114125866,-3.397688070596178e-05
550.0,8,669.7733537326665,90,0.375,669.8587703993331,0.013237387536605066,-0.020690249931518107,-3.456480539068466e-05
550.0,8,669.7733537326665,91,0.37916666666666665,669.8597194734072,0.012865047044403164,-0.02081295648694162,-3.509078618435657e-05
550.0,8,669.7733537326665,92,0.3833333333333333,669.8606685474813,0.012495346475822641,-0.020939099517641606,-3.5640096513491986e-05
550.0,8,669.7733537326665,93,0.3875,669.8616176215553,0.012125421448612386,-0.021064883048833336,-3.618726091395539e-05
550.0,8,669.7733537326665,94,0.39166666666666666,669.8625666956294,0.011755717343496485,-0.021191166369829203,-3.673858629353532e-05
550.0,8,669.7733537326665,95,0.3958333333333333,669.8635157697036,0.011385721814266078,-0.021316912460987426,-3.728639428573101e-05
550.0,8,669.7733537326665,96,0.4,669.8644648437776,0.01101088417728413,-0.021434780423060195,-3.7778679612471324e-05
550.0,8,669.7733537326665,97,0.4041666666666667,669.8654139178517,0.010630002570655817,-0.021542797664795096,-3.820134774537709e-05
550.0,8,669.7733537326665,98,0.4083333333333333,669.8663629919257,0.010245472886950702,-0.021644884343198067,-3.858216860262078e-05
550.0,8,669.7733537326665,99,0.4125,669.8673120659998,0.009861445804416651,-0.021747835791366153,-3.896942681485219e-05
550.0,8,669.7733537326665,100,0.4166666666666667,669.8682611400739,0.00947728667099645,-0.021850352437360034,-3.935362118869654e-05
550.0,8,669.7733537326665,101,0.42083333333333334,669.869210214148,0.00909354855178389,-0.02195386309781586,-3.974544351987072e-05
550.0,8,669.7733537326665,102,0.425,669.870159288222,0.00871085344554468,-0.022059563806173424,-4.015359549986689e-05
550.0,8,669.7733537326665,103,0.42916666666666664,669.8711083622961,0.00832068969418077,-0.022149434883833898,-4.0445642438502146e-05
550.0,8,669.7733537326665,104,0.43333333333333335,669.8720574363701,0.007924092055346143,-0.022225703171685655,-4.063785710513459e-05
550.0,8,669.7733537326665,105,0.4375,669.8730065104443,0.007528965606989835,-0.022305094943337905,-4.085316642994664e-05
550.0,8,669.7733537326665,106,0.44166666666666665,669.8739555845183,0.007134047798880889,-0.022384820373088327,-4.1071034741600676e-05
550.0,8,669.7733537326665,107,0.4458333333333333,669.8749046585924,0.006739007045944212,-0.02246451229005248,-4.128885009870093e-05
550.0,8,669.7733537326665,108,0.45,669.8758537326664,0.006344138786803784,-0.02254461508905911,-4.15098362459129e-05
550.0,8,669.7733537326665,109,0.45416666666666666,669.8768028067406,0.0059468206409297114,-0.022617479675756152,-4.1677115381720374e-05
550.0,8,669.7733537326665,110,0.4583333333333333,669.8777518808146,0.0055459468793287985,-0.022679845740141636,-4.176639613834902e-05
550.0,8,669.7733537326665,111,0.46249999999999997,669.8787009548887,0.005142520049916788,-0.022734669242828184,-4.179961412609881e-05
550.0,8,669.7733537326665,112,0.4666666666666667,669.8796500289627,0.004739117508829272,-0.02278966679901667,-4.183414987486797e-05
550.0,8,669.7733537326665,113,0.4708333333333333,669.8805991030368,0.004335848347492141,-0.022844752578199772,-4.186944999326839e-05
550.0,8,669.7733537326665,114,0.475,669.8815481771109,0.003932557584929778,-0.02289996563693333,-4.190570499545314e-05
550.0,8,669.7733537326665,115,0.4791666666666667,669.882497251185,0.0035300047395980068,-0.022958676505173754,-4.196778893998603e-05
550.0,8,669.7733537326665,116,0.48333333333333334,669.883446325259,0.0031246868684203432,-0.023004201340630137,-4.1932717505214874e-05
550.0,8,669.7733537326665,117,0.4875,669.8843953993331,0.002715719237991419,-0.023032412950109854,-4.1769991407955865e-05
550.0,8,669.7733537326665,118,0.49166666666666664,669.8853444734073,0.0023071186633467165,-0.023062414396337837,-4.162043335955034e-05
550.0,8,669.7733537326665,119,0.49583333333333335,669.8862935474813,0.0018988399596999643,-0.023093730770632672,-4.1480641167765523e-05
550.0,8,669.7733537326665,120,0.5,669.8872426215554,0.0014903845326060098,-0.023124482965381426,-4.1336575779820495e-05
550.0,8,669.7733537326665,121,0.5041666666666667,669.8881916956294,0.0010820447426854768,-0.023156321570832004,-4.1200314830169223e-05
550.0,8,669.7733537326665,122,0.5083333333333333,669.8891407697035,0.0006731928075297753,-0.023182073607874595,-4.102050182430443e-05
550.0,8,669.7733537326665,123,0.5125,669.8900898437776,0.0002634214150474275,-0.023197139944884933,-4.07641933881186e-05
550.0,8,669.7733537326665,124,0.5166666666666666,669.8910389178517,-0.0001470988801478143,-0.023203386656087458,-4.0444751868157436e-05
550.0,8,669.7733537326665,125,0.5208333333333334,669.8919879919257,-0.0005577314561594232,-0.0232087281975488,-4.011869729891106e-05
550.0,8,669.7733537326665,126,0.525,669.8929370659998,-0.0009682373620431554,-0.023214736595928313,-3.9797586969491816e-05
550.0,8,669.7733537326665,127,0.5291666666666667,669.8938861400738,-0.0013787642870721091,-0.02322018746491023,-3.947253343212447e-05
550.0,8,669.7733537326665,128,0.5333333333333333,669.894835214148,-0.0017894472890847759,-0.023229577892126766,-3.917418855871789e-05
550.0,8,669.7733537326665,129,0.5375,669.895784288222,-0.0021997575910581405,-0.023229436600752502,-3.881109251280583e-05
550.0,8,669.7733537326665,130,0.5416666666666666,669.8967333622961,-0.00260932348811514,-0.023209529974952785,-3.8313678590602036e-05
550.0,8,669.7733537326665,131,0.5458333333333333,669.8976824363701,-0.0030188807846540985,-0.023189062331824436,-3.781238383201393e-05
550.0,8,669.7733537326665,132,0.55,669.8986315104443,-0.0034284926244384888,-0.023170984862859127,-3.732744857043501e-05
550.0,8,669.7733537326665,133,0.5541666666666667,669.8995805845183,-0.0038380876269577097,-0.023151986192359555,-3.6836162554396624e-05
550.0,8,669.7733537326665,134,0.5583333333333333,669.9005296585924,-0.00424789709025408,-0.02313434282677341,-3.635339505358294e-05
550.0,8,669.7733537326665,135,0.5625,669.9014787326664,-0.004656947461749606,-0.02311211822012879,-3.5841872725122175e-05
550.0,8,669.7733537326665,136,0.5666666666666667,669.9024278067405,-0.005064323764597127,-0.023079495892164927,-3.526493799621169e-05
550.0,8,669.7733537326665,137,0.5708333333333333,669.9033768808146,-0.005470138738926394,-0.023037274564178367,-3.462771282889484e-05
550.0,8,669.7733537326665,138,0.575,669.9043259548887,-0.0058756239942523835,-0.02299282428117503,-3.397634457075082e-05
550.0,8,669.7733537326665,139,0.5791666666666666,669.9052750289627,-0.006281253490243853,-0.02294949593976826,-3.3332238954511646e-05
550.0,8,669.7733537326665,140,0.5833333333333334,669.9062241030368,-0.006686642161803675,-0.022905236510269603,-3.26827651814018e-05
550.0,8,669.7733537326665,141,0.5875,669.907173177111,-0.007093088941062572,-0.02286458818133763,-3.205359330969456e-05
550.0,8,669.7733537326665,142,0.5916666666666667,669.908122251185,-0.0074979097565254565,-0.022818341669061517,-3.139293548785553e-05
550.0,8,669.7733537326665,143,0.5958333333333333,669.9090713252591,-0.007896837010996596,-0.022751629033585467,-3.061691826963742e-05
550.0,8,669.7733537326665,144,0.6,669.9100203993331,-0.008294742595036443,-0.0226813207363725,-2.982065180776368e-05
550.0,8,669.7733537326665,145,0.6041666666666666,669.9109694734072,-0.008693559658913502,-0.022614264100035093,-2.9042961193012374e-05
550.0,8,669.7733537326665,146,0.6083333333333333,669.9119185474813,-0.00909207495136451,-0.022546206801556782,-2.8259812115676548e-05
550.0,8,669.7733537326665,147,0.6125,669.9128676215554,-0.009491130419718354,-0.02247938953971104,-2.748265991929433e-05
550.0,8,669.7733537326665,148,0.6166666666666667,669.9138166956294,-0.009888918774670085,-0.022409611867663434,-2.6691399945414246e-05
550.0,8,669.7733537326665,149,0.6208333333333333,669.9147657697035,-0.010282683401267216,-0.02233020051365564,-2.585346335693553e-05
550.0,8,669.7733537326665,150,0.625,669.9157148437776,-0.010672329169241795,-0.022240972051575617,-2.4968139590273472e-05
550.0,8,669.7733537326665,151,0.6291666666666667,669.9166639178517,-0.0110604993578756,-0.022148161470639742,-2.4065492644010856e-05
550.0,8,669.7733537326665,152,0.6333333333333333,669.9176129919257,-0.011449206856589629,-0.022056656163020126,-2.3169438979544258e-05
550.0,8,669.7733537326665,153,0.6375,669.9185620659998,-0.01183739060735075,-0.021964206932257747,-2.226987664027698e-05
550.0,8,669.7733537326665,154,0.6416666666666666,669.9195111400738,-0.012227129584261379,-0.021874498188464292,-2.138107127162151e-05
550.0,8,669.7733537326665,155,0.6458333333333334,669.920460214148,-0.012615682169295395,-0.021782681358812665,-2.0484288763557823e-05
550.0,8,669.7733537326665,156,0.65,669.921409288222,-0.01299356611769604,-0.02167167908900575,-1.951253107900202e-05
550.0,8,669.7733537326665,157,0.6541666666666667,669.9223583622961,-0.013367665828852968,-0.02155384526888615,-1.8514237317342907e-05
550.0,8,669.7733537326665,158,0.6583333333333333,669.9233074363701,-0.013743763057289625,-0.021439629323947867,-1.7530557666283675e-05
550.0,8,669.7733537326665,159,0.6625,669.9242565104443,-0.014119402191971305,-0.021324656446600462,-1.6544521348538928e-05
550.0,8,669.7733537326665,160,0.6666666666666666,669.9252055845183,-0.014495690790115801,-0.021210527447216552,-1.556082845382505e-05
550.0,8,669.7733537326665,161,0.6708333333333333,669.9261546585924,-0.014870907914266504,-0.021094926036216703,-1.4573536368177489e-05
550.0,8,669.7733537326665,162,0.675,669.9271037326664,-0.015240219287049645,-0.020970908524587162,-1.3562565496452582e-05
550.0,8,669.7733537326665,163,0.6791666666666667,669.9280528067405,-0.01560284533659737,-0.020837388550717505,-1.2525033959162837e-05
550.0,8,669.7733537326665,164,0.6833333333333333,669.9290018808147,-0.015962172379296247,-0.02069915207497044,-1.1474461285423415e-05
550.0,8,669.7733537326665,165,0.6875,669.9299509548887,-0.016322324924021765,-0.02056206918059932,-1.0427552046881104e-05
550.0,8,669.7733537326665,166,0.6916666666666667,669.9309000289628,-0.01668185636698499,-0.020424312024060066,-9.380334863353953e-06
550.0,8,669.7733537326665,167,0.6958333333333333,669.9318491030368,-0.017042858311051446,-0.02028820580087726,-8.33595340494988e-06
550.0,8,669.7733537326665,168,0.7,669.932798177111,-0.017404256478755577,-0.020152574556843956,-7.29293222974404e-06
550.0,8,669.7733537326665,169,0.7041666666666666,669.933747251185,-0.017751638123614685,-0.020000698693821307,-6.224128616968173e-06
550.0,8,669.7733537326665,170,0.7083333333333334,669.9346963252591,-0.018090752642351434,-0.019839222782721502,-5.1403344450809e-06
550.0,8,669.7733537326665,171,0.7125,669.9356453993331,-0.01843272949878618,-0.019681069523592835,-4.0626140431140455e-06
550.0,8,669.7733537326665,172,0.7166666666666667,669.9365944734072,-0.018774446350677335,-0.019522676682690313,-2.9855855056591683e-06
550.0,8,669.7733537326665,173,0.7208333333333333,669.9375435474813,-0.019116599177256072,-0.019364603937219452,-1.9085132140309242e-06
550.0,8,669.7733537326665,174,0.725,669.9384926215554,-0.01945837701118461,-0.01920621225981269,-8.323625721970223e-07
550.0,8,669.7733537326665,175,0.7291666666666666,669.9394416956294,-0.019793059642063557,-0.019040991642372766,2.447535505749246e-07
550.0,8,669.7733537326665,176,0.7333333333333333,669.9403907697035,-0.020118674078602516,-0.01886705307719958,1.3231069508594694e-06
550.0,8,669.7733537326665,177,0.7375,669.9413398437775,-0.020438667203464204,-0.018687701744737422,2.4019091836656173e-06
550.0,8,669.7733537326665,178,0.7416666666666667,669.9422889178517,-0.02075939935067836,-0.018509028287394372,3.47996143043747e-06
550.0,8,669.7733537326665,179,0.7458333333333333,669.9432379919257,-0.021079724901791143,-0.018330107914341517,4.556063905807507e-06
550.0,8,669.7733537326665,180,0.75,669.9441870659998,-0.02140092902515049,-0.018151845803649144,5.632652111628524e-06
550.0,8,669.7733537326665,181,0.7541666666666667,669.9451361400738,-0.02172453003765154,-0.0179755234330085,6.710892985541201e-06
550.0,8,669.7733537326665,182,0.7583333333333333,669.946085214148,-0.022032856891514043,-0.017786897965873974,7.771789296572627e-06
550.0,8,669.7733537326665,183,0.7625,669.947034288222,-0.02232724294297579,-0.017587026965951116,8.81672761032385e-06
550.0,8,669.7733537326665,184,0.7666666666666666,669.9479833622961,-0.02262458107752929,-0.017389530121747248,9.863833124683252e-06
550.0,8,669.7733537326665,185,0.7708333333333334,669.9489324363701,-0.022922345018487267,-0.017192427631699973,1.09099455206758e-05
550.0,8,669.7733537326665,186,0.775,669.9498815104442,-0.02322004725193499,-0.016995174143872718,1.19557432638532e-05
550.0,8,669.7733537326665,187,0.7791666666666667,669.9508305845184,-0.023518287884646917,-0.016798316448300182,1.3001384137569115e-05
550.0,8,669.7733537326665,188,0.7833333333333333,669.9517796585924,-0.02380907385461654,-0.016596403671492326,1.4030231407778794e-05
550.0,8,669.7733537326665,189,0.7875,669.9527287326665,-0.024088762092046197,-0.016386961296036808,1.5034526501762492e-05
550.0,8,669.7733537326665,190,0.7916666666666666,669.9536778067405,-0.02436028309613087,-0.016171980217314204,1.6020321485260968e-05
550.0,8,669.7733537326665,191,0.7958333333333333,669.9546268808147,-0.024631866203826916,-0.015957007839162145,1.70052470221795e-05
550.0,8,669.7733537326665,192,0.8,669.9555759548887,-0.024903577576617708,-0.015742216503279168,1.7988496209327508e-05
550.0,8,669.7733537326665,193,0.8041666666666667,669.9565250289628,-0.0251753314885196,-0.01552740637010447,1.8970940060753354e-05
550.0,8,669.7733537326665,194,0.8083333333333333,669.9574741030368,-0.02545114451418235,-0.015314911982251597,1.996404245232992e-05
550.0,8,669.7733537326665,195,0.8125,669.958423177111,-0.02571273192474659,-0.015094312971982457,2.091406778345793e-05
550.0,8,669.7733537326665,196,0.8166666666666667,669.959372251185,-0.025954446073523357,-0.014862373738831518,2.1804359755419977e-05
550.0,8,669.7733537326665,197,0.8208333333333333,669.9603213252591,-0.026197856694154097,-0.014631392945469519,2.2698250578548015e-05
550.0,8,669.7733537326665,198,0.825,669.9612703993331,-0.026442891074652336,-0.014401377407692872,2.3595220658873674e-05
550.0,8,669.7733537326665,199,0.8291666666666666,669.9622194734072,-0.02668724702304208,-0.014170928738625832,2.448906295214305e-05
550.0,8,669.7733537326665,200,0.8333333333333334,669.9631685474812,-0.02693295229532396,-0.013941140439543816,2.5386184277821396e-05
550.0,8,669.7733537326665,201,0.8375,669.9641176215554,-0.02717169666952665,-0.013708043143982397,2.6256859652185327e-05
550.0,8,669.7733537326665,202,0.8416666666666667,669.9650666956294,-0.027397814833471163,-0.013468923709278746,2.7080784624271335e-05
550.0,8,669.7733537326665,203,0.8458333333333333,669.9660157697035,-0.027613298399392756,-0.013224741449083257,2.7864930479666166e-05
550.0,8,669.7733537326665,204,0.85,669.9669648437775,-0.027827515174746492,-0.01297992606282106,2.8643070805680397e-05
550.0,8,669.7733537326665,205,0.8541666666666666,669.9679139178517,-0.028042579492756847,-0.0127355696055141,2.94223215847989e-05
550.0,8,669.7733537326665,206,0.8583333333333333,669.9688629919257,-0.028256873527789685,-0.01249087777037967,3.0196997327537498e-05
550.0,8,669.7733537326665,207,0.8624999999999999,669.9698120659998,-0.02847610635108086,-0.01224811966411775,3.099023937641357e-05
550.0,8,669.7733537326665,208,0.8666666666666667,669.9707611400738,-0.028684128523953734,-0.012000966474669071,3.173605415823918e-05
550.0,8,669.7733537326665,209,0.8708333333333333,669.971710214148,-0.028867167348280827,-0.011743994073097475,3.2378144555817736e-05
550.0,8,669.7733537326665,210,0.875,669.9726592882221,-0.02904900792944919,-0.011486540658303224,3.301359124887108e-05
550.0,8,669.7733537326665,211,0.8791666666666667,669.9736083622961,-0.029233999867200513,-0.011230352654835116,3.366000723288379e-05
550.0,8,669.7733537326665,212,0.8833333333333333,669.9745574363702,-0.029417808982275872,-0.010973689519311604,3.4299845690530386e-05
550.0,8,669.7733537326665,213,0.8875,669.9755065104442,-0.029603399237599283,-0.01071759352233423,3.494579545022034e-05
550.0,8,669.7733537326665,214,0.8916666666666666,669.9764555845184,-0.029783281974561194,-0.010459698542099868,3.5564555103921746e-05
550.0,8,669.7733537326665,215,0.8958333333333334,669.9774046585924,-0.02994963882258118,-0.01019749955715154,3.6121453820852576e-05
550.0,8,669.7733537326665,216,0.9,669.9783537326665,-0.030103287805267148,-0.009931269514089833,3.6619984514360284e-05
550.0,8,669.7733537326665,217,0.9041666666666667,669.9793028067405,-0.030253763752250567,-0.009664007624588706,3.710255105544029e-05
550.0,8,669.7733537326665,218,0.9083333333333333,669.9802518808146,-0.03040575504053482,-0.009397253066232122,3.758984212351702e-05
550.0,8,669.7733537326665,219,0.9125,669.9812009548887,-0.03055643281205064,-0.00913015733115037,3.806912351129096e-05
550.0,8,669.7733537326665,220,0.9166666666666666,669.9821500289628,-0.030712014608209003,-0.00886425312369023,3.8569414183824095e-05
550.0,8,669.7733537326665,221,0.9208333333333333,669.9830991030368,-0.030860569660850577,-0.00859663075123452,3.9034927854313936e-05
550.0,8,669.7733537326665,222,0.9249999999999999,669.9840481771109,-0.03098076285527636,-0.00832203201938314,3.936594600385818e-05
550.0,8,669.7733537326665,223,0.9291666666666667,669.984997251185,-0.031095314726888076,-0.00804603652058931,3.96685593806907e-05
550.0,8,669.7733537326665,224,0.9333333333333333,669.9859463252591,-0.031214502031836695,-0.007771196585236475,3.9990757859425655e-05
550.0,8,669.7733537326665,225,0.9375,669.9868953993331,-0.03133231571943353,-0.007496030276369263,4.030445905599885e-05
550.0,8,669.7733537326665,226,0.9416666666666667,669.9878444734072,-0.03145183404643722,-0.007221162018905857,4.062429058689074e-05
550.0,8,669.7733537326665,227,0.9458333333333333,669.9887935474812,-0.03156746761510114,-0.00694559589939766,4.092344314661608e-05
550.0,8,669.7733537326665,228,0.95,669.9897426215554,-0.03166963104562148,-0.006667539791519915,4.1156054175927006e-05
550.0,8,669.7733537326665,229,0.9541666666666666,669.9906916956294,-0.03175782627487062,-0.0063869157314887124,4.131967630113919e-05
550.0,8,669.7733537326665,230,0.9583333333333334,669.9916407697035,-0.03184069775859804,-0.006105290088001573,4.145564793306412e-05
550.0,8,669.7733537326665,231,0.9625,669.9925898437775,-0.03192541893189892,-0.005824010247012546,4.1598332297512834e-05
550.0,8,669.7733537326665,232,0.9666666666666667,669.9935389178517,-0.032008627443374134,-0.0055425642220279505,4.173166535086115e-05
550.0,8,669.7733537326665,233,0.9708333333333333,669.9944879919258,-0.032096130677888544,-0.005261573275807007,4.1883302332683735e-05
550.0,8,669.7733537326665,234,0.975,669.9954370659998,-0.03218087993155617,-0.004980285134008333,4.201967548439761e-05
550.0,8,669.7733537326665,235,0.9791666666666666,669.9963861400739,-0.032234763307186165,-0.004695550158844735,4.200677102358043e-05
550.0,8,669.7733537326665,236,0.9833333333333333,669.9973352141479,-0.03227659211694434,-0.004409467775869858,4.1934195191847395e-05
550.0,8,669.7733537326665,237,0.9874999999999999,669.9982842882221,-0.03232447283009005,-0.004124061846646966,4.1888258277797935e-05
550.0,8,669.7733537326665,238,0.9916666666666667,669.9992333622961,-0.032371658704366,-0.0038385782133797037,4.183679753106256e-05
550.0,8,669.7733537326665,239,0.9958333333333333,670.0001824363702,-0.032418128715720605,-0.003553014559581926,4.1779711325061524e-05
550.0,8,669.7733537326665,240,1.0,670.0011315104442,-0.032465058444366895,-0.0032675023131010033,4.172260724011472e-05
