Q,anchor_index,anchor_s,phase_index,stroke_phase,antipodal_cosine,antipodal_residual,antipodal_amplitude_ratio,full_return_cosine,full_return_residual,full_return_amplitude_ratio,pair_midpoint_drift,tangent_signed_return_P,tangent_signed_return_2P
522.25,0,1165.3302981858608,0,0.0,0.9999903247982884,0.004522907109254628,0.9953671267487794,0.9999611213199299,0.006435518813931362,0.9977498364422072,0.0033936154175622187,-0.9999909153924529,0.9999634509795865
522.25,0,1165.3302981858608,1,0.004166666666666667,0.9999906279152905,0.004582750102373509,0.9951888036859831,0.9999616031954186,0.006472449929296962,0.9973592735419872,0.003450571802850289,-0.9999910046789452,0.9999637742068328
522.25,0,1165.3302981858608,2,0.008333333333333333,0.9999909210291938,0.0047513856091223996,0.994817904600044,0.9999621589060719,0.006572431608660883,0.9967324340501116,0.0035907308997532366,-0.999991104680058,0.9999641412417456
522.25,0,1165.3302981858608,3,0.0125,0.9999912505333469,0.004757671528058029,0.9947438991034296,0.9999627991145935,0.006611165772049045,0.9963990332723528,0.003608752370210644,-0.9999912030225337,0.9999645269107887
522.25,0,1165.3302981858608,4,0.016666666666666666,0.9999915373681927,0.0041976743511334905,0.9957294286964997,0.9999634021452016,0.006417807067116738,0.996974543596474,0.0031947185345159875,-0.9999906722534762,0.9999637022839237
522.25,0,1165.3302981858608,5,0.020833333333333332,0.999991729318913,0.003949461171893125,0.996179089542183,0.9999638704549807,0.006187223493162354,0.9979274116886712,0.0030148246045893696,-0.9999904677781041,0.9999628072266169
522.25,0,1165.3302981858608,6,0.025,0.9999919487415018,0.004123602860155583,0.995777396692941,0.9999642088390757,0.006082024369471179,0.9984520681394936,0.0031566920453038015,-0.9999905657721438,0.9999618987053576
522.25,0,1165.3302981858608,7,0.029166666666666667,0.999992178995142,0.004211132889282085,0.9955573045249403,0.9999645269196217,0.006110252395297991,0.9980720045547827,0.0032333242221150656,-0.9999906860591314,0.9999623447518248
522.25,0,1165.3302981858608,8,0.03333333333333333,0.9999924052749062,0.004311285564654029,0.9953221286490572,0.9999649291141263,0.006190331255194046,0.9974539573913449,0.0033205833229619534,-0.9999908183048074,0.999962839982109
522.25,0,1165.3302981858608,9,0.0375,0.9999926616228338,0.004368694269279674,0.9951646026810669,0.9999653987073264,0.006232382907627707,0.997091690086027,0.003375479829444766,-0.9999909365517312,0.9999633298899052
522.25,0,1165.3302981858608,10,0.041666666666666664,0.9999929178228728,0.004164203617641934,0.9954806570314023,0.9999659222041801,0.006184508273413892,0.9971160863750641,0.0032273763804942777,-0.9999906544563409,0.9999630616606904
522.25,0,1165.3302981858608,11,0.04583333333333333,0.9999931187928466,0.0038716545001523267,0.9959810362779196,0.9999663988871189,0.006026668116285844,0.9976704597876136,0.0030090048624375424,-0.9999903467422872,0.9999622427909118
522.25,0,1165.3302981858608,12,0.05,0.9999932724035465,0.0037211620213711953,0.9962336399174663,0.9999667171178026,0.005884344964250643,0.9983626353521914,0.0028993342608445885,-0.9999900534844743,0.9999610504747287
522.25,0,1165.3302981858608,13,0.05416666666666667,0.9999934370856566,0.0038053243664703624,0.9960285395545537,0.999966943197883,0.005838952617999297,0.9985611744988497,0.002972163846681659,-0.9999902056765237,0.9999606641965527
522.25,0,1165.3302981858608,14,0.058333333333333334,0.9999936281050298,0.0038950173016191257,0.9958136982025197,0.9999671995297807,0.00584951960253091,0.9983182891120584,0.00304983536496789,-0.9999903715188238,0.9999608940891676
522.25,0,1165.3302981858608,15,0.0625,0.9999938129626205,0.0040076226436157195,0.9955659548963521,0.9999675227310452,0.005912364641611651,0.9977758776856558,0.00314632820819691,-0.9999905487330202,0.9999615690780761
522.25,0,1165.3302981858608,16,0.06666666666666667,0.9999940120969805,0.004184823004649134,0.99521046082521,0.9999679155504683,0.005996553085121542,0.9972202270218355,0.0032945357818137317,-0.9999907466446032,0.9999623296156164
522.25,0,1165.3302981858608,17,0.07083333333333333,0.9999942221924989,0.003808862751443618,0.995830262880531,0.9999683427406121,0.005914052248600367,0.9974269352814488,0.0030061977214141536,-0.9999902415874267,0.9999617105427153
522.25,0,1165.3302981858608,18,0.075,0.9999943539409579,0.003317445468210585,0.996731383654296,0.9999686710260418,0.00572078739785031,0.9983289863065145,0.00262399327870323,-0.9999893698187552,0.9999601450343127
522.25,0,1165.3302981858608,19,0.07916666666666666,0.999994472808639,0.0033975035162805123,0.9965373198074857,0.9999688869065496,0.005611055051747363,0.9991391425622124,0.0026923172442324225,-0.9999895542749961,0.9999584261075395
522.25,0,1165.3302981858608,20,0.08333333333333333,0.9999946178718959,0.0035514759675260646,0.9962043449902978,0.9999690254362186,0.0056000717579322,0.9991214640705622,0.0028196783883186935,-0.9999897547148018,0.9999582656541273
522.25,0,1165.3302981858608,21,0.0875,0.9999947566002368,0.0036299628279827375,0.996024626574754,0.9999692209579936,0.005647458851026726,0.998507939883231,0.0028879345378754993,-0.9999899674507123,0.9999590796181261
522.25,0,1165.3302981858608,22,0.09166666666666666,0.9999949105528374,0.0037520282169760974,0.9957690743605688,0.999969480519056,0.005698111422061736,0.9980275843397226,0.0029914474125217567,-0.9999902017987621,0.9999599834194869
522.25,0,1165.3302981858608,23,0.09583333333333334,0.999995083117891,0.0036604249280422535,0.9958897495732544,0.9999698017087264,0.005696933553420407,0.9978777162102457,0.0029245543352428498,-0.9999899903717573,0.9999600218052399
522.25,0,1165.3302981858608,24,0.1,0.9999952280544023,0.003374672335601692,0.9963688796048095,0.9999701303308964,0.005609947281823308,0.9982116906640996,0.0027013297777559336,-0.999989512800575,0.9999593439173828
522.25,0,1165.3302981858608,25,0.10416666666666667,0.9999953283085541,0.0031417999225871475,0.9967805193925324,0.9999703514060049,0.005495293034856928,0.9989520571369226,0.002518843026546339,-0.9999889811061822,0.9999573188501717
522.25,0,1165.3302981858608,26,0.10833333333333334,0.9999954180872512,0.003146265208346942,0.9967442931190987,0.9999704472465799,0.005453298394587058,0.9993907343223952,0.0025259607733135077,-0.9999889582396597,0.9999562101530592
522.25,0,1165.3302981858608,27,0.1125,0.9999955325118745,0.003267905594090267,0.9964814977609331,0.9999705309390493,0.005450044567647621,0.9993162283554013,0.002627301317135049,-0.9999892069563835,0.9999558717079488
522.25,0,1165.3302981858608,28,0.11666666666666667,0.9999956524434913,0.0033454417828653743,0.9963069730865772,0.9999706711142221,0.005472188324491469,0.9988906809201524,0.0026937051717688966,-0.9999894787866707,0.9999569206713604
522.25,0,1165.3302981858608,29,0.12083333333333333,0.9999957710722317,0.0035531269703146773,0.9959106099653938,0.999970869503519,0.005534717584172812,0.9982679228750616,0.002865712334776464,-0.9999897675877257,0.9999580413800452
522.25,0,1165.3302981858608,30,0.125,0.9999959143763736,0.0034678152717331767,0.9960229066782585,0.9999711338802731,0.005541746613684363,0.9980809627181566,0.002801381012055062,-0.9999897415301684,0.9999585512274574
522.25,0,1165.3302981858608,31,0.12916666666666668,0.9999960203023618,0.0028790452069917126,0.9970685815036426,0.9999713532600835,0.005420578306640445,0.9987875161384027,0.002328638121324131,-0.9999882545404886,0.9999562406310226
522.25,0,1165.3302981858608,32,0.13333333333333333,0.9999960818030331,0.0027428275500686267,0.9973184831032065,0.9999714707712571,0.005344464171649458,0.9997389995391947,0.002220379615532854,-0.9999879757929018,0.9999537477037912
522.25,0,1165.3302981858608,33,0.1375,0.9999961670990546,0.0029362170870531642,0.9969101083708904,0.9999714892412848,0.005340345680320028,1.0001306493644497,0.0023787170409975563,-0.999988259058548,0.999951919081963
522.25,0,1165.3302981858608,34,0.14166666666666666,0.9999962548995173,0.0030215117291239905,0.9967237701532324,0.9999715134474972,0.0053426684228301885,0.9996607788551691,0.0024500247788907734,-0.9999885676532788,0.9999531070069463
522.25,0,1165.3302981858608,35,0.14583333333333334,0.9999963452614393,0.0031461998805404766,0.9964724311043887,0.999971605092229,0.005368266173277909,0.9990802209875408,0.0025537293809378306,-0.999988897110541,0.9999543832936771
522.25,0,1165.3302981858608,36,0.15,0.9999964569688043,0.003177746789283988,0.9963857454929879,0.9999717554788328,0.005384172722676645,0.9987802395034439,0.0025819954350712153,-0.9999890126356015,0.9999552552947678
522.25,0,1165.3302981858608,37,0.15416666666666667,0.9999965637761877,0.0029470477578021448,0.996765210012068,0.9999719458968651,0.005354340453257968,0.9988916727034374,0.0023966844402998283,-0.9999883541470087,0.9999546331831024
522.25,0,1165.3302981858608,38,0.15833333333333333,0.9999966357722052,0.0026704905077597936,0.9972588353629991,0.9999720841231583,0.0052940516485868215,0.9995287107771945,0.0021730193088225704,-0.9999876232008656,0.9999523845143555
522.25,0,1165.3302981858608,39,0.1625,0.99999668427273,0.002570969873310035,0.9974365117514061,0.9999720897969577,0.005284461384229071,1.0001751124862932,0.0020927247618211264,-0.9999871227968283,0.999949969246566
522.25,0,1165.3302981858608,40,0.16666666666666666,0.9999967465318536,0.0026821611043949863,0.997196608663675,0.9999720368229823,0.0052922059538013065,1.0002975945337909,0.0021838209889129996,-0.9999874642813819,0.9999490810053698
522.25,0,1165.3302981858608,41,0.17083333333333334,0.9999968240313715,0.002769563925336216,0.9970063083371723,0.9999720195777558,0.005289653573367594,1.000005036331484,0.0022557398511986694,-0.9999878320730827,0.9999499552309191
522.25,0,1165.3302981858608,42,0.175,0.9999968974864561,0.0029202464642258787,0.9967113741120777,0.9999720588071839,0.0053012938829234465,0.99943002465435,0.0023796221672433525,-0.9999882147812413,0.9999514381731127
522.25,0,1165.3302981858608,43,0.17916666666666667,0.9999969867924177,0.003061589529751765,0.9964397924462216,0.9999721642672137,0.005328024110122554,0.9989497201126627,0.0024961766355795535,-0.9999886202367275,0.9999530186977614
522.25,0,1165.3302981858608,44,0.18333333333333332,0.999997075698573,0.002596322462983664,0.9972409840407351,0.9999722849885689,0.005286390086735957,0.9993206498709988,0.002117420168791506,-0.9999872046310451,0.9999510146571077
522.25,0,1165.3302981858608,45,0.1875,0.9999971132333162,0.0022155068550649896,0.9979911930745966,0.9999723153567968,0.0052650815209302464,1.0002700039564203,0.001806631667856382,-0.9999858114966422,0.9999477953843783
522.25,0,1165.3302981858608,46,0.19166666666666668,0.9999971547230209,0.0023503661968195116,0.9976879596812679,0.9999722457579242,0.00531487846130381,1.0009941788168017,0.0019158759185560368,-0.9999861770317059,0.9999443046253408
522.25,0,1165.3302981858608,47,0.19583333333333333,0.9999972108809352,0.0024819971863245475,0.9974067513248558,0.9999721241508182,0.005312120229646964,1.0008283305641936,0.0020225682214973888,-0.999986576325359,0.999944789817282
522.25,0,1165.3302981858608,48,0.2,0.999997263782542,0.002576377093880983,0.997210503961662,0.9999720619447124,0.005287646220561799,1.0002056803692467,0.0020991594832752035,-0.9999869939815579,0.9999463962403182
522.25,0,1165.3302981858608,49,0.20416666666666666,0.9999973316741068,0.0026902040061666417,0.9969816844528,0.9999720576611105,0.0052884475775961115,0.9997749049250381,0.00219170125301838,-0.999987437649896,0.9999481143655218
522.25,0,1165.3302981858608,50,0.20833333333333334,0.9999974099574594,0.0025615228985886485,0.9971856772311337,0.9999721106572009,0.00528547970920103,0.9996936019509808,0.002086533471463786,-0.9999868547926649,0.9999478286258303
522.25,0,1165.3302981858608,51,0.2125,0.999997466268264,0.002284915065988403,0.9976844452154876,0.9999721584084349,0.0052772273386148365,1.0001227839854894,0.0018604470189775176,-0.9999859691065799,0.9999461649392745
522.25,0,1165.3302981858608,52,0.21666666666666667,0.9999974944034435,0.0021019823200034847,0.9980460275722673,0.9999720937220871,0.005318210578887583,1.0008688200539264,0.0017102520808562913,-0.9999849762033735,0.9999424792167447
522.25,0,1165.3302981858608,53,0.22083333333333333,0.9999975220277546,0.002147674464170388,0.9979359566794731,0.9999719240436254,0.005368241923002219,1.001219008584376,0.001745932661581136,-0.999985152915885,0.9999408551431651
522.25,0,1165.3302981858608,54,0.225,0.9999975682952159,0.002260057349772965,0.9976891629564094,0.9999717569378997,0.005368954939335339,1.0010800565820233,0.0018357533575952803,-0.9999855933921952,0.9999406796315546
522.25,0,1165.3302981858608,55,0.22916666666666666,0.9999976161787857,0.0023507444426125053,0.9974962714289146,0.9999716454919158,0.005342221374550155,1.000608175652753,0.0019080446833548742,-0.9999860642121863,0.9999424837748732
522.25,0,1165.3302981858608,56,0.23333333333333334,0.999997667600742,0.002564874117127171,0.9970900681324018,0.9999715922828634,0.00532989043820334,0.9999945324368876,0.002080660193503368,-0.9999865723348264,0.9999444478339633
522.25,0,1165.3302981858608,57,0.2375,0.9999977364256598,0.0023754970912193783,0.9974035960283759,0.9999715979572827,0.005329437063714224,0.9999586070571745,0.0019256773752655773,-0.9999860743273071,0.9999444214257631
522.25,0,1165.3302981858608,58,0.24166666666666667,0.9999977702328338,0.0018564460131136225,0.9984413258848583,0.9999715437670218,0.005361603611797493,1.0007626142622557,0.001503282242589577,-0.9999836026992557,0.9999406688234063
522.25,0,1165.3302981858608,59,0.24583333333333332,0.999997782148976,0.0018309022925716864,0.9984949095207679,0.999971388923657,0.005478902349638142,1.001679106862941,0.0014804677768699736,-0.9999836141311382,0.999936520672915
522.25,0,1165.3302981858608,60,0.25,0.9999978138416981,0.0019968615755659234,0.9981037461661512,0.9999711395368598,0.005539707833999095,1.0019138726799162,0.0016122580643146611,-0.9999840567708013,0.9999344975353084
522.25,0,1165.3302981858608,61,0.25416666666666665,0.999997845013773,0.002073306123368005,0.9979315767586694,0.9999709134702185,0.005479199575711106,1.001368507223257,0.0016717534458076785,-0.9999845351119575,0.999936300731189
522.25,0,1165.3302981858608,62,0.25833333333333336,0.9999978820554908,0.0022012224086208404,0.9976671536357987,0.9999707524143506,0.0054393239423413415,1.000823344595919,0.0017727189882688207,-0.9999850627940683,0.999938313706388
522.25,0,1165.3302981858608,63,0.2625,0.9999979360667923,0.0021941770757247987,0.9976573307623208,0.9999706539019924,0.005432562861672896,1.000577481413271,0.0017648672491926145,-0.9999850254467377,0.9999392349508777
522.25,0,1165.3302981858608,64,0.26666666666666666,0.9999979823401611,0.0019634894302653803,0.9980847358268198,0.9999705884452614,0.005450529341019244,1.0007706527689415,0.0015771048145646759,-0.9999840891429544,0.9999384464256879
522.25,0,1165.3302981858608,65,0.2708333333333333,0.9999980015668803,0.0017439153988345205,0.9985568741825437,0.999970449662582,0.005533665927717942,1.0014647340628249,0.0013983192131821855,-0.9999829668310001,0.9999346452730551
522.25,0,1165.3302981858608,66,0.275,0.9999980074687572,0.0017038990507561088,0.9986512857649068,0.999970171230882,0.005648263337282851,1.0020388254774322,0.0013635874032289909,-0.9999824647898043,0.9999315661330169
522.25,0,1165.3302981858608,67,0.2791666666666667,0.9999980281637533,0.0018082285332711955,0.9983901744815983,0.9999698468420435,0.005684369352721105,1.0020801238716333,0.001444230128897643,-0.9999829207516283,0.9999301378383225
522.25,0,1165.3302981858608,68,0.2833333333333333,0.9999980586700247,0.0018809291519018036,0.9982146598493313,0.9999695667555414,0.005650451591872565,1.0017303134040358,0.0014994669969550312,-0.9999834411537022,0.9999318332469977
522.25,0,1165.3302981858608,69,0.2875,0.9999980866436715,0.002046355138513115,0.9978695646155212,0.9999693448007884,0.005593089143510938,1.001120865638896,0.001628536045811306,-0.999983991190872,0.9999339079112785
522.25,0,1165.3302981858608,70,0.2916666666666667,0.9999981318079219,0.0021149708540608115,0.997720095477662,0.9999691984023822,0.005573984916567683,1.0007320034440819,0.0016802820727973163,-0.9999845733983345,0.9999361228784717
522.25,0,1165.3302981858608,71,0.29583333333333334,0.9999981683209699,0.0016515088571167121,0.9986623852001711,0.9999690468446452,0.005632916595905264,1.0012470662842556,0.0013094368527095308,-0.9999822393961141,0.9999326507205967
522.25,0,1165.3302981858608,72,0.3,0.9999981653382766,0.001461015395060654,0.9992258259592789,0.9999687889759544,0.005801075180665651,1.00221220819333,0.0011556235009974542,-0.9999809403791241,0.9999285054299729
522.25,0,1165.3302981858608,73,0.30416666666666664,0.9999981737693088,0.0015767131461255318,0.9988519252636832,0.9999684147915872,0.005961992916960274,1.0028183162541888,0.0012438979673464444,-0.9999813338585646,0.999923995420506
522.25,0,1165.3302981858608,74,0.30833333333333335,0.9999981906551465,0.001662990000915482,0.9986180650256943,0.9999680001724865,0.0059279915117458875,1.0025096812821894,0.0013087168430863812,-0.9999818093943819,0.9999254575431501
522.25,0,1165.3302981858608,75,0.3125,0.999998206505814,0.0017544229148338782,0.9983984680155065,0.9999676558117165,0.0058412821419441974,1.0018866907550228,0.0013774518607832177,-0.9999823233283365,0.999927342609371
522.25,0,1165.3302981858608,76,0.31666666666666665,0.9999982382681257,0.0018338685586893912,0.9982119931869238,0.9999673768886049,0.005808875735396466,1.0014977590867995,0.0014365408720339499,-0.9999828758896689,0.9999293936145794
522.25,0,1165.3302981858608,77,0.32083333333333336,0.9999982757160951,0.001691964191763607,0.9984921899352964,0.9999671596400889,0.005825239260567271,1.0014796668763213,0.001322245368906222,-0.9999820681558145,0.9999288648689635
522.25,0,1165.3302981858608,78,0.325,0.9999982913903132,0.0014867614314423832,0.9989986524586331,0.999966916824751,0.0059212298812995525,1.0019908767284718,0.0011588134114476245,-0.9999810828890838,0.9999266761259118
522.25,0,1165.3302981858608,79,0.32916666666666666,0.9999982847309145,0.0014007530844658644,0.9992976222849214,0.9999665249006349,0.006093832735834342,1.0027091507881685,0.001088586008551648,-0.9999799362891983,0.9999227147160339
522.25,0,1165.3302981858608,80,0.3333333333333333,0.9999982829275418,0.0014493505783533763,0.9991245462087746,0.9999660224900444,0.006192447899447245,1.0029604063194444,0.0011229603908383481,-0.9999803118796822,0.9999211974264425
522.25,0,1165.3302981858608,81,0.3375,0.9999982974074865,0.0015194888073147435,0.9988994656596232,0.9999655350658797,0.006183477173793035,1.0027498977337281,0.001173813692330503,-0.9999807442289431,0.9999213079159649
522.25,0,1165.3302981858608,82,0.3416666666666667,0.9999983112497677,0.001603222693330294,0.9986730446673747,0.9999651121860951,0.006111677173584484,1.0022227707453784,0.001235007126240839,-0.999981222673628,0.9999230124115565
522.25,0,1165.3302981858608,83,0.3458333333333333,0.9999983328360036,0.0017703588952170592,0.9982885675421689,0.9999647626782364,0.006046714740680194,1.0016295065159362,0.0013600988061047467,-0.9999817907962028,0.9999250928571458
522.25,0,1165.3302981858608,84,0.35,0.9999983671978544,0.001531035243383198,0.9988080095529343,0.9999644706212817,0.006086560031850339,1.0017432927935388,0.001172869259659914,-0.9999809737905122,0.9999244761796098
522.25,0,1165.3302981858608,85,0.3541666666666667,0.9999983627453092,0.0012893818381869832,0.9997752993012953,0.9999640830815839,0.0062704802877280325,1.0026119052258682,0.0009845504792564397,-0.9999788802330646,0.9999213418579042
522.25,0,1165.3302981858608,86,0.35833333333333334,0.9999983478411677,0.0013078888152394683,0.9996582560666252,0.999963565129808,0.006511357415919361,1.0034594181845387,0.0009951409787872817,-0.9999791216801576,0.9999176151922337
522.25,0,1165.3302981858608,87,0.3625,0.9999983509885342,0.0013751853721903253,0.9993043630689137,0.9999629348142125,0.006575625456573621,1.0035201319191156,0.0010426568020480897,-0.9999794230716014,0.999916496462357
522.25,0,1165.3302981858608,88,0.36666666666666664,0.9999983517852179,0.0014232246433304723,0.9991316375325435,0.9999623513155401,0.006471219176273878,1.0029122100023087,0.001075464977694452,-0.999979779564682,0.9999176657076507
522.25,0,1165.3302981858608,89,0.37083333333333335,0.999998362088979,0.0015100409170351668,0.9988672278084335,0.9999618447031571,0.006404364313771094,1.002394808380536,0.0011373648984679759,-0.9999802377717526,0.9999192553020855
522.25,0,1165.3302981858608,90,0.375,0.9999983882370138,0.001474345806630438,0.9989404355725764,0.9999614189049847,0.006401677562044869,1.0021935106313213,0.0011068648656081426,-0.9999801612178144,0.9999198853524682
522.25,0,1165.3302981858608,91,0.37916666666666665,0.999998401954222,0.001332371619871892,0.9994049147298059,0.9999610184610729,0.006480909616190747,1.0024609800805566,0.0009968407719070948,-0.9999796382982653,0.9999195990141003
522.25,0,1165.3302981858608,92,0.38333333333333336,0.9999983883212423,0.0012742853639393778,0.9998442915357201,0.9999604929932843,0.006673915110886621,1.0031781631319308,0.0009498118281930913,-0.9999787945232457,0.9999169946191978
522.25,0,1165.3302981858608,93,0.3875,0.9999983660403267,0.0012823763748888255,0.9998548932593699,0.9999597860398561,0.0068456377994103226,1.0036533271686343,0.000952115230286756,-0.9999785358821577,0.9999151443964319
522.25,0,1165.3302981858608,94,0.39166666666666666,0.9999983612406587,0.0013126739602071116,0.9995893442089349,0.9999590367005613,0.006886912258316633,1.0036027392575444,0.0009708196405482804,-0.9999787239286854,0.999914050335564
522.25,0,1165.3302981858608,95,0.3958333333333333,0.9999983633752599,0.0013441570230393438,0.9994168457219811,0.9999583517372944,0.006833378777308075,1.0031821687599494,0.0009903614035951195,-0.999979021684571,0.999914956241551
522.25,0,1165.3302981858608,96,0.4,0.999998364573643,0.00145110285764488,0.9990306514795564,0.999957742692146,0.0067425209326155535,1.0025347776468774,0.0010653335281380447,-0.9999793881337788,0.9999161456978684
522.25,0,1165.3302981858608,97,0.4041666666666667,0.9999983866993508,0.0014389382187623362,0.9990441690028008,0.9999572360147359,0.0067293349866444935,1.0022475507652135,0.0010526136240920343,-0.9999796502687787,0.9999172456232766
522.25,0,1165.3302981858608,98,0.4083333333333333,0.9999983887679139,0.0012703967853346073,1.000073158813767,0.9999566873860968,0.006886583810769345,1.002872082693346,0.0009256946877771778,-0.9999786381486496,0.9999160063982878
522.25,0,1165.3302981858608,99,0.4125,0.999998353530796,0.001319048517084151,1.0004323432398707,0.9999559847034986,0.007159445699970314,1.0038132284715844,0.0009570587372776684,-0.999978224291791,0.9999143756176915
522.25,0,1165.3302981858608,100,0.4166666666666667,0.9999983363969477,0.0012899535193083142,1.0000274605378396,0.9999551146905069,0.0073431149794629235,1.0042602848493918,0.0009318625144107529,-0.9999782114790449,0.9999127332536694
522.25,0,1165.3302981858608,101,0.42083333333333334,0.9999983239283137,0.0013002459848302783,0.9998293220996304,0.9999542176513253,0.007281535208627234,1.0038121872328596,0.0009353637374312256,-0.999978310164952,0.9999128197378313
522.25,0,1165.3302981858608,102,0.425,0.9999983127005841,0.001331552076318555,0.9995860044070407,0.9999534193639592,0.007185658643487085,1.0031841499758127,0.000954026686353255,-0.9999784887499217,0.999913229181716
522.25,0,1165.3302981858608,103,0.42916666666666664,0.9999983216107458,0.0013509372626878651,0.9994585886824738,0.9999527155308318,0.007158755751060587,1.0028194655020197,0.0009640790119958601,-0.9999786917272171,0.9999138178967016
522.25,0,1165.3302981858608,104,0.43333333333333335,0.9999983318499346,0.0012989094452634732,0.999805002534103,0.9999520901511856,0.007208204127850271,1.0028495982466152,0.0009232037501748793,-0.999978768332252,0.9999143693539349
522.25,0,1165.3302981858608,105,0.4375,0.9999983135939753,0.001316701568451282,1.000307608928379,0.9999513955632241,0.007376350992692175,1.0034135769593269,0.0009318210282626531,-0.9999786007282717,0.9999143354171438
522.25,0,1165.3302981858608,106,0.44166666666666665,0.9999982718920373,0.0013672077325873327,1.000531458935882,0.9999504683945512,0.00759817906140323,1.0040581954410739,0.0009631908482452315,-0.9999783308337925,0.9999139266483682
522.25,0,1165.3302981858608,107,0.44583333333333336,0.9999982411514263,0.001344221837436887,1.0003101572990116,0.9999494065930881,0.007702940534336943,1.0041902356574963,0.0009426939673861652,-0.999978213768039,0.999913189863457
522.25,0,1165.3302981858608,108,0.45,0.9999982275254181,0.0013334991476030601,1.0001072009405225,0.9999483859032826,0.007690064617460353,1.0038865620648691,0.0009310245595613435,-0.9999781827191692,0.9999127684914833
522.25,0,1165.3302981858608,109,0.45416666666666666,0.999998210948921,0.00134272693527459,0.999833493182104,0.9999474600229709,0.007609754232647529,1.0032821682769741,0.0009334945324371569,-0.9999782170753974,0.9999125952237672
522.25,0,1165.3302981858608,110,0.4583333333333333,0.9999982097297795,0.0013822437420916444,0.9995095537590887,0.9999466543784155,0.007550302437512669,1.002709825269709,0.0009570359765242964,-0.9999783564114775,0.9999128436623873
522.25,0,1165.3302981858608,111,0.4625,0.9999982161982512,0.0013448090833237188,1.0002223297557866,0.999945905772027,0.007644002900723252,1.0029494395816125,0.0009271327390854013,-0.9999787429487396,0.9999137669580987
522.25,0,1165.3302981858608,112,0.4666666666666667,0.9999981684696759,0.0015464552881588162,1.001058855917932,0.9999449927466347,0.007894657695445175,1.0038332434682629,0.0010612352259861046,-0.9999790747138212,0.9999148618882306
522.25,0,1165.3302981858608,113,0.4708333333333333,0.9999981194214137,0.0014853737982870644,1.0008074905561402,0.9999438769873272,0.008152997447675444,1.0045598756499508,0.0010143953516037355,-0.9999787520288219,0.9999154476971152
522.25,0,1165.3302981858608,114,0.475,0.9999980894211185,0.0014267087469883232,1.0004999633516132,0.9999426208708315,0.0081913736913894,1.004418840952374,0.000969745892436874,-0.9999785153682711,0.999914843172231
522.25,0,1165.3302981858608,115,0.4791666666666667,0.9999980551912668,0.0014118382664686216,1.0003114281677894,0.99994146566319,0.00809376381360295,1.0037419870794069,0.0009553350390221172,-0.999978341416372,0.9999138513328979
522.25,0,1165.3302981858608,116,0.48333333333333334,0.9999980379618891,0.0014014068636585418,1.0000616961514905,0.9999404311695845,0.008046656949710407,1.003223939730167,0.000944160196051124,-0.9999782657538197,0.9999132473177244
522.25,0,1165.3302981858608,117,0.4875,0.9999980382806775,0.0014090422239092261,1.0002176504872453,0.9999395267802043,0.008067200819585445,1.0030400045388774,0.0009452075184395036,-0.9999787392533259,0.9999139269702432
522.25,0,1165.3302981858608,118,0.49166666666666664,0.9999980152727125,0.00149450713556164,1.0007056917738826,0.9999386386754039,0.008183224816540501,1.0033535094725599,0.0009980565013388602,-0.9999793269601385,0.9999153002962005
522.25,0,1165.3302981858608,119,0.49583333333333335,0.9999979547453958,0.001626650584081402,1.0010967205211867,0.9999375242079909,0.00840162808363455,1.0040360565150266,0.001081189341482062,-0.9999796403541429,0.9999173585895281
522.25,0,1165.3302981858608,120,0.5,0.9999978887149354,0.0016230717728471034,1.0010233411754197,0.9999361544323684,0.00856404507401095,1.0043679477476268,0.001073668250443102,-0.9999794329073026,0.9999178370629427
522.25,0,1165.3302981858608,121,0.5041666666666667,0.9999978482532385,0.0015630831051596287,1.0007638133052699,0.999934764942712,0.008601424922095355,1.0041920834742808,0.001029157774372371,-0.9999790750585593,0.999917451338111
522.25,0,1165.3302981858608,122,0.5083333333333333,0.9999978122562233,0.00153410571893144,1.0005759034970263,0.9999334973873041,0.008555387914727857,1.0036652610926529,0.0010055726544427517,-0.9999788030743515,0.9999160924720811
522.25,0,1165.3302981858608,123,0.5125,0.999997778997092,0.001494739083819217,1.0001627526064978,0.9999323672372072,0.008485145834970294,1.0029591108795286,0.000975644774730261,-0.9999786216335653,0.9999150878918714
522.25,0,1165.3302981858608,124,0.5166666666666667,0.9999977757541239,0.0015137599101131254,1.00036673695422,0.9999314043773402,0.008508131182650269,1.0027580461390218,0.000983903120699495,-0.999979018433728,0.9999153589820445
522.25,0,1165.3302981858608,125,0.5208333333333334,0.9999977270022085,0.0018091252356399134,1.0014151711453865,0.9999303378011846,0.008690676930112294,1.0034311038966723,0.0011706264602167318,-0.9999808271843689,0.9999186932109112
522.25,0,1165.3302981858608,126,0.525,0.9999976353541441,0.001893154760591519,1.0015628814603446,0.9999290376317975,0.008949736429797133,1.0042837560071902,0.0012192109756329489,-0.9999807997575637,0.9999215265545671
522.25,0,1165.3302981858608,127,0.5291666666666667,0.9999975742031946,0.0017583732500336647,1.0011548601400355,0.9999274956045893,0.009090104792079542,1.0045104592654313,0.0011270923518127772,-0.9999803009729629,0.9999228563840727
522.25,0,1165.3302981858608,128,0.5333333333333333,0.9999975135069705,0.0017198053797518897,1.0009712843203749,0.9999259879610951,0.009033489629255285,1.0039043974578497,0.0010974952081917596,-0.9999798722801237,0.9999209161864662
522.25,0,1165.3302981858608,129,0.5375,0.9999974596318731,0.001669497842144469,1.0007028927643982,0.9999246604394616,0.008975989886148929,1.003239195514467,0.0010609264873291976,-0.9999795276071681,0.9999192996803729
522.25,0,1165.3302981858608,130,0.5416666666666666,0.9999974373419653,0.001663976877456616,1.0006423301467986,0.9999235145265816,0.008975520029752474,1.0028588332825255,0.001053125072237572,-0.9999796409434891,0.9999186969357297
522.25,0,1165.3302981858608,131,0.5458333333333333,0.99999740753429,0.001769224821149969,1.0010375454891394,0.9999224964519435,0.00903859986873843,1.002900083577607,0.0011151685461390866,-0.9999807089229148,0.9999201744094136
522.25,0,1165.3302981858608,132,0.55,0.9999973294369265,0.0019540555171538073,1.0015162549864272,0.9999213405558957,0.009198903943744445,1.0034587602910685,0.0012264140471604484,-0.9999815215934256,0.9999234861557603
522.25,0,1165.3302981858608,133,0.5541666666666667,0.9999972206835162,0.0020330365499687214,1.0016469101502044,0.9999198330436109,0.009379925477791628,1.0039617423446647,0.0012704271959570307,-0.9999818495098804,0.9999260970298524
522.25,0,1165.3302981858608,134,0.5583333333333333,0.9999971360459813,0.0019548241840082847,1.0013847114755763,0.9999181950255022,0.009460182013004605,1.0039296257594417,0.0012163511469963132,-0.9999813143914706,0.9999265884134676
522.25,0,1165.3302981858608,135,0.5625,0.9999970733141877,0.0019065611668761353,1.001190912053139,0.9999166897704455,0.009453507635589439,1.0034871902318059,0.0011815345432812532,-0.9999808534089868,0.9999250114914658
522.25,0,1165.3302981858608,136,0.5666666666666667,0.9999970048135683,0.0018332446069529423,1.0008554686976594,0.9999153753193312,0.009404124503743573,1.0027654147477372,0.001131867767365175,-0.9999804375294596,0.9999231484643493
522.25,0,1165.3302981858608,137,0.5708333333333333,0.9999969697066257,0.0017959442058589478,1.0006248916329583,0.9999143059175,0.009386095765371633,1.0021955423923719,0.0011049344667462906,-0.9999800829815905,0.9999215203509596
522.25,0,1165.3302981858608,138,0.575,0.9999969285287851,0.0020453164803421126,1.0014923218039864,0.9999133041640024,0.009478136986114691,1.0025089454641702,0.0012537636836266798,-0.9999822205933493,0.9999250861606573
522.25,0,1165.3302981858608,139,0.5791666666666667,0.9999967983403506,0.0023428006909869486,1.0021410112654936,0.9999120587036665,0.009668984737089784,1.0033367655720462,0.0014305536168461612,-0.9999835423615226,0.9999292371691938
522.25,0,1165.3302981858608,140,0.5833333333333334,0.9999966842605121,0.0022140683249036526,1.0017828039805485,0.9999105311352168,0.009844910494968854,1.0038685804126537,0.001346625413012953,-0.9999829511261547,0.9999329962625845
522.25,0,1165.3302981858608,141,0.5875,0.9999965929128267,0.002132377778597209,1.0015110761439459,0.9999088974143854,0.009856891484726809,1.003486381265177,0.001292194688820129,-0.999982422868224,0.9999315135994485
522.25,0,1165.3302981858608,142,0.5916666666666667,0.9999964966892528,0.0020805474171887253,1.001285637201972,0.9999075070922805,0.009806420986952676,1.0027141511005782,0.0012565820649313659,-0.9999819304151141,0.9999293912432279
522.25,0,1165.3302981858608,143,0.5958333333333333,0.9999964359303459,0.002030112900831215,1.0010562951256663,0.9999063623213492,0.009795406506521014,1.0021529099086668,0.0012223257268984334,-0.999981484959782,0.9999274460223859
522.25,0,1165.3302981858608,144,0.6,0.9999963961093757,0.0021030670266924682,1.0012806660666722,0.9999054669602456,0.009819745613031611,1.0019484549137654,0.0012624756051051746,-0.9999824979124038,0.9999285586921429
522.25,0,1165.3302981858608,145,0.6041666666666666,0.9999963080560147,0.002291348798482115,1.0017669731541632,0.9999045955660584,0.009897573844755958,1.0022643216572782,0.0013712999269634403,-0.9999835675225919,0.9999311560375859
522.25,0,1165.3302981858608,146,0.6083333333333333,0.999996160949631,0.0024491585034774905,1.0020803038439938,0.9999033827092734,0.010032171421657278,1.0028421911290941,0.0014611172627773832,-0.9999844904553865,0.9999353358922822
522.25,0,1165.3302981858608,147,0.6125,0.9999960186427014,0.002410852179987846,1.0019153946848325,0.9999018942119552,0.01012597083835527,1.0029809922012964,0.0014338547525163268,-0.9999840701031525,0.999936388911305
522.25,0,1165.3302981858608,148,0.6166666666666667,0.9999959196306819,0.00233441407264616,1.0016561368708277,0.9999005015166419,0.010147562852951724,1.0026397269257787,0.0013844650686406948,-0.9999835450569206,0.9999359570711545
522.25,0,1165.3302981858608,149,0.6208333333333333,0.9999958223909824,0.0022778009423582383,1.0014228222028363,0.9998993756269491,0.01012719086468991,1.0019695852658113,0.0013475278818062268,-0.9999830543880122,0.9999338730720081
522.25,0,1165.3302981858608,150,0.625,0.9999957414823287,0.002180374857086309,1.0009960047600266,0.9998985398684547,0.010107832291958047,1.0011908466137815,0.0012871376147586472,-0.9999826280065965,0.9999320337774594
522.25,0,1165.3302981858608,151,0.6291666666666667,0.9999957042978822,0.0022940012048985434,1.0013914666292523,0.9998979830631749,0.010127992727947566,1.0010582525126597,0.001351400035605687,-0.9999835589230853,0.9999329721238388
522.25,0,1165.3302981858608,152,0.6333333333333333,0.999995569724897,0.002692505579343113,1.0023774079719254,0.999897269595407,0.010208547470069352,1.0017243844389438,0.0015826086351291167,-0.9999860602225517,0.9999373253959687
522.25,0,1165.3302981858608,153,0.6375,0.9999953920518824,0.0026966695292693047,1.002310954094489,0.9998962805809002,0.01032801080312064,1.0024314078554055,0.0015813282771399654,-0.9999856647441251,0.9999412235427262
522.25,0,1165.3302981858608,154,0.6416666666666667,0.999995267647538,0.002558955019103185,1.0019075503449073,0.9998950517070008,0.010383190860256016,1.0023956318441256,0.0014973556570747487,-0.9999851415153092,0.9999423242198506
522.25,0,1165.3302981858608,155,0.6458333333333334,0.9999951399302491,0.0025125142634367824,1.001705957521265,0.999894033706886,0.010358301370797973,1.0016312101977354,0.0014676081104503297,-0.9999846424966575,0.9999402410382101
522.25,0,1165.3302981858608,156,0.65,0.9999950363375747,0.0024396757133457346,1.001406948198382,0.999893344562909,0.010347666064052035,1.000915624583692,0.0014230394034837925,-0.9999841977484457,0.9999383633623743
522.25,0,1165.3302981858608,157,0.6541666666666667,0.9999949843365816,0.0024506056170716887,1.0014079801487075,0.9998929880949721,0.010350894029804894,1.0005082945031902,0.001427701378826483,-0.9999844798587624,0.9999379799241077
522.25,0,1165.3302981858608,158,0.6583333333333333,0.9999949062746994,0.0025991033090372517,1.0018246401295106,0.9998928320622008,0.010359638575566269,1.0005554742371268,0.0015124832709118253,-0.999985530746654,0.9999392326702742
522.25,0,1165.3302981858608,159,0.6625,0.9999947492876381,0.0027876884948326622,1.002247745468192,0.9998924762742954,0.010397349830080964,1.0010787470579745,0.0016202264905075296,-0.9999864215959524,0.9999430920808838
522.25,0,1165.3302981858608,160,0.6666666666666666,0.9999945603816487,0.002826907491873486,1.002261671665367,0.9998917300355983,0.010453087790173553,1.0014132219616385,0.0016410818576705552,-0.9999866223475125,0.9999453928273887
522.25,0,1165.3302981858608,161,0.6708333333333333,0.9999944233648795,0.0027369305953925845,1.0019585286596848,0.9998909641289011,0.010477255275746914,1.0012148937484706,0.001587328617099969,-0.9999861414879531,0.9999461593864606
522.25,0,1165.3302981858608,162,0.675,0.999994315330793,0.0026852203196047254,1.0017483807085648,0.999890487295344,0.01047453702935077,1.0006377667984303,0.0015563791493759488,-0.9999857057282107,0.9999443444945023
522.25,0,1165.3302981858608,163,0.6791666666666667,0.9999942053250807,0.002586735409073938,1.0013399495981452,0.9998903342736573,0.010472924975454639,0.9998187266017282,0.0014989873681770854,-0.9999852919984589,0.9999426112519287
522.25,0,1165.3302981858608,164,0.6833333333333333,0.9999941604357225,0.0025686988058333214,1.0012325496845162,0.9998905642662287,0.010473029498722204,0.9992950672274133,0.0014885834173038034,-0.9999849670415846,0.9999410937840729
522.25,0,1165.3302981858608,165,0.6875,0.999994074753401,0.0028845476720418166,1.0021911811129196,0.9998908390526902,0.010450378773220284,0.9996854875630596,0.001671534394823431,-0.9999871911961009,0.9999448432112147
522.25,0,1165.3302981858608,166,0.6916666666666667,0.9999938684795098,0.003085165774585226,1.0026059875118063,0.9998908463520056,0.010452582241967752,1.000453619700575,0.0017874520531247031,-0.9999879308389613,0.9999483405432682
522.25,0,1165.3302981858608,167,0.6958333333333333,0.9999937138783953,0.002937409531167888,1.0021667249116024,0.9998905660966223,0.010475926260933646,1.000789186111972,0.001701655201649188,-0.9999874856506699,0.9999514019269274
522.25,0,1165.3302981858608,168,0.7,0.9999935848371503,0.002869369338206375,1.0019087183245752,0.9998903165974296,0.010474092985354736,1.0002155404778401,0.0016626904491859663,-0.9999870755352989,0.999949708954065
522.25,0,1165.3302981858608,169,0.7041666666666667,0.999993460753783,0.0028047476752552447,1.0016306675026028,0.9998904368815771,0.010475712029469644,0.9994044533634326,0.0016263042425196412,-0.9999866846342264,0.9999480873089652
522.25,0,1165.3302981858608,170,0.7083333333333334,0.9999934006000054,0.00276049301715836,1.0014299575999932,0.9998908958383207,0.01047695605785244,0.9988495591346664,0.0016021374327993985,-0.9999863861681103,0.9999466805153475
522.25,0,1165.3302981858608,171,0.7125,0.9999933577700956,0.0028448775204781944,1.0017050420229328,0.9998916548338165,0.010450507674034732,0.9986832644270801,0.0016528843383221675,-0.9999872353714012,0.9999476502501962
522.25,0,1165.3302981858608,172,0.7166666666666667,0.9999932380155051,0.003016874039362706,1.0021654708632473,0.9998923942562983,0.010395010115277947,0.999051197802289,0.0017546038224013258,-0.9999880105109461,0.9999498635507098
522.25,0,1165.3302981858608,173,0.7208333333333333,0.9999930484656707,0.003125074006163547,1.0023754016341728,0.9998927414066704,0.01036132350364304,0.999556382337027,0.0018193321783760374,-0.9999886404653467,0.9999527474768474
522.25,0,1165.3302981858608,174,0.725,0.9999928900804562,0.0030594882208180353,1.0021238406473283,0.9998928915202919,0.010353869335781493,0.9995661802990143,0.0017831978239101537,-0.9999882665075974,0.9999534146210028
522.25,0,1165.3302981858608,175,0.7291666666666666,0.9999927926013099,0.0029896857473313615,1.0018622894344196,0.9998932374406168,0.010350736650011065,0.9991340841862296,0.0017450224559282749,-0.9999879097495226,0.9999528523953224
522.25,0,1165.3302981858608,176,0.7333333333333333,0.9999926958165997,0.0029195411414168326,1.001562980230082,0.9998938996167835,0.01036235378707423,0.9984024467740727,0.0017071805278441959,-0.9999875680439616,0.9999514371426502
522.25,0,1165.3302981858608,177,0.7375,0.9999926420432711,0.002833168193855713,1.0011572940489473,0.9998948955861873,0.010384712415754963,0.9976625940436645,0.0016602559422966316,-0.9999872587082898,0.9999501454924057
522.25,0,1165.3302981858608,178,0.7416666666666667,0.9999926280870141,0.002979844386148077,1.001737925784189,0.9998961151337005,0.010322295891262608,0.9976938933735344,0.0017499968587644367,-0.9999881898100731,0.9999513819315629
522.25,0,1165.3302981858608,179,0.7458333333333333,0.9999924711562208,0.003298019380505154,1.0025910614305267,0.9998971153499969,0.010204546186146558,0.9984212206329788,0.001940736569489298,-0.9999895969280427,0.9999541627836603
522.25,0,1165.3302981858608,180,0.75,0.9999923013739869,0.003230562922899618,1.0023427990960794,0.9998978353774169,0.010129807887821817,0.9990534200509444,0.0019047049950013408,-0.9999892637499775,0.9999567063081803
522.25,0,1165.3302981858608,181,0.7541666666666667,0.9999921981150189,0.0031175845839002494,1.0019602173071305,0.9998983810696976,0.010113153929235947,0.9988543416116177,0.0018421129460766343,-0.9999889464229426,0.9999568450445323
522.25,0,1165.3302981858608,182,0.7583333333333333,0.9999920925774972,0.0030654387391432164,1.0017274716999165,0.9998991940630111,0.010133157384934283,0.9980653132851877,0.001815944351133434,-0.9999886418916853,0.9999555882884816
522.25,0,1165.3302981858608,183,0.7625,0.9999920343502193,0.002995107510028724,1.0014187699852826,0.9999003008935955,0.010151186499179397,0.9974157498963981,0.0017793495340638803,-0.9999883635218121,0.9999544317311081
522.25,0,1165.3302981858608,184,0.7666666666666667,0.9999920333630045,0.0030128244830787184,1.0014914024471018,0.9999016897173043,0.010125219587276864,0.9971024075084817,0.0017952886779206492,-0.9999886635011588,0.9999544651524369
522.25,0,1165.3302981858608,185,0.7708333333333334,0.9999919850864528,0.003139920858485891,1.0019223698299555,0.9999031775382952,0.01002669176763008,0.9972788395375191,0.001876651406584663,-0.9999892594163917,0.9999554022395362
522.25,0,1165.3302981858608,186,0.775,0.9999918472770221,0.0032788607573480343,1.0022821754729094,0.9999043857302636,0.009894754997202368,0.9978612018673174,0.0019653419966783278,-0.9999897935382778,0.9999576650228088
522.25,0,1165.3302981858608,187,0.7791666666666667,0.9999916964935548,0.0032704481375844694,1.002189789445237,0.9999052552024131,0.0098224941819591,0.9981379967366406,0.00196603186399693,-0.9999897918322783,0.9999587407175906
522.25,0,1165.3302981858608,188,0.7833333333333333,0.9999916159759136,0.00318373445356112,1.0018737352141218,0.9999061488050142,0.009800595644810025,0.9979042522605325,0.0019198735844878664,-0.999989526600976,0.9999589747313928
522.25,0,1165.3302981858608,189,0.7875,0.9999915602337573,0.003128999040585406,1.0016450557773442,0.9999072820640235,0.009813589099851073,0.9973244296984494,0.0018933149533348836,-0.9999892830862435,0.9999579647784165
522.25,0,1165.3302981858608,190,0.7916666666666666,0.9999915141320901,0.003032360285189751,1.0011917994056758,0.9999086542074006,0.009864161232180207,0.996554440411786,0.001841740078050155,-0.9999890581319878,0.999957026153614
522.25,0,1165.3302981858608,191,0.7958333333333333,0.9999915434216884,0.0030414150639736692,1.0012606626244833,0.9999102820354046,0.009840768526251143,0.9962326100238927,0.001854381013471935,-0.9999891146899291,0.9999566735168719
522.25,0,1165.3302981858608,192,0.8,0.9999914914096296,0.0033252452407616594,1.0022602895869195,0.9999118146370747,0.009659189966989742,0.9968066534942216,0.0020348922194063264,-0.9999902796592811,0.9999586272675781
522.25,0,1165.3302981858608,193,0.8041666666666667,0.9999913382131932,0.0034137119271571404,1.0024490831117556,0.9999130760828567,0.00947417907953586,0.9976210678593782,0.002096288460715442,-0.9999904530334579,0.9999604375610568
522.25,0,1165.3302981858608,194,0.8083333333333333,0.99999125675274,0.0032730462000566045,1.0019867150332786,0.9999140769342436,0.009391245455854942,0.9978703118037474,0.002017004925914591,-0.9999902266873474,0.9999616237222549
522.25,0,1165.3302981858608,195,0.8125,0.9999911917253159,0.003214398965108178,1.0017474352861035,0.9999151380453488,0.009413579768241222,0.9972637286439147,0.0019884828225440595,-0.9999900188703064,0.9999607610329198
522.25,0,1165.3302981858608,196,0.8166666666666667,0.999991143981034,0.003145299046723472,1.0014411048977179,0.9999164378065788,0.009460804892225038,0.9965577034149928,0.001953754787307106,-0.9999898286774206,0.9999599666091141
522.25,0,1165.3302981858608,197,0.8208333333333333,0.9999911647790396,0.0031125143404211477,1.0013066344297696,0.9999179418920423,0.009462314942462927,0.9961401808177436,0.0019416738192462907,-0.9999897793343969,0.9999594757125158
522.25,0,1165.3302981858608,198,0.825,0.9999911836374307,0.003187484170644703,1.0016406773049373,0.9999195842128534,0.009374823269328598,0.9961416711484596,0.001996975817713792,-0.9999901766930219,0.9999599223902088
522.25,0,1165.3302981858608,199,0.8291666666666667,0.9999911184082371,0.0033239310669687314,1.0020839701416515,0.999921093055759,0.009190727350831849,0.9966699939661323,0.002091027836830734,-0.9999905364353452,0.9999611233244223
522.25,0,1165.3302981858608,200,0.8333333333333334,0.9999909986823237,0.0033803952403495467,1.002205053742603,0.9999222492090297,0.009037814313559928,0.9971997827387744,0.0021350769951209514,-0.9999907519007623,0.9999622899092903
522.25,0,1165.3302981858608,201,0.8375,0.99999092554585,0.0033010432545424544,1.0019109866347193,0.9999232703850517,0.008980240409646532,0.9972055493632669,0.002093483653765149,-0.9999905789763666,0.9999626063952061
522.25,0,1165.3302981858608,202,0.8416666666666667,0.99999090332077,0.0032388710326245055,1.0016708976948714,0.9999244167238601,0.00898382785562066,0.9968031538838841,0.0020628612331897293,-0.999990423226596,0.9999622048859377
522.25,0,1165.3302981858608,203,0.8458333333333333,0.999990879048088,0.003161267611387221,1.0013219859130098,0.9999257348244208,0.009044094225974937,0.9961265236968396,0.0020226268226508763,-0.9999902789761318,0.9999615960702082
522.25,0,1165.3302981858608,204,0.85,0.9999909089999297,0.0030977327983368924,1.0010054461381874,0.9999272399442382,0.009092420453890552,0.995557290590117,0.0019913920402028526,-0.9999901522652269,0.9999610558470482
522.25,0,1165.3302981858608,205,0.8541666666666666,0.9999909454481793,0.0032588229966224944,1.0017709683153737,0.999928784385135,0.008937336096743074,0.9958466685118823,0.0021045627533504323,-0.9999906667653478,0.9999618396650556
522.25,0,1165.3302981858608,206,0.8583333333333333,0.9999908448825412,0.003490841526770891,1.0024651026370708,0.9999300984807623,0.008679804226217547,0.9967075880958879,0.0022641059601242555,-0.9999911130209306,0.9999629559318004
522.25,0,1165.3302981858608,207,0.8625,0.9999907632650604,0.003383907396000796,1.0021065535076197,0.9999311710783428,0.008508078819434675,0.9973356953709036,0.0022038731703876583,-0.9999909734286706,0.9999639722157657
522.25,0,1165.3302981858608,208,0.8666666666666667,0.9999907299249673,0.0032936645736042474,1.0017781871046259,0.9999321335361797,0.008494821480340458,0.9970731365501386,0.0021544235566307523,-0.9999908509322092,0.9999637806916164
522.25,0,1165.3302981858608,209,0.8708333333333333,0.9999906953804949,0.0032365678485616334,1.0015313765561527,0.9999332572059852,0.008565311419539163,0.996367316420806,0.0021268071172773012,-0.9999907393725136,0.9999633048516511
522.25,0,1165.3302981858608,210,0.875,0.9999907114403934,0.0031746229145031063,1.001257515037021,0.9999345236764703,0.00860632769220848,0.9958629385425384,0.0020960166863694734,-0.9999906433476814,0.9999628901652927
522.25,0,1165.3302981858608,211,0.8791666666666667,0.9999907638005254,0.003201271375458824,1.0014236502219551,0.9999359197954986,0.00856116028707675,0.995716434247297,0.00212370545120805,-0.9999907957598347,0.9999630088006589
522.25,0,1165.3302981858608,212,0.8833333333333333,0.9999907588230329,0.0033174207567141646,1.0018801274958864,0.9999372937178611,0.00839063247816594,0.9960841774423177,0.002210895906716559,-0.9999909922683362,0.9999634104342223
522.25,0,1165.3302981858608,213,0.8875,0.99999067868366,0.0034230057602675622,1.0021913146070802,0.9999384083746301,0.008176662526614184,0.9967597925555645,0.002291253495527042,-0.9999911644289398,0.9999641449897755
522.25,0,1165.3302981858608,214,0.8916666666666667,0.9999906031157056,0.0033840091532405486,1.0020292000859827,0.9999392997080295,0.008069432414221986,0.9970326335086602,0.002274973500228998,-0.9999911206619604,0.9999643871014052
522.25,0,1165.3302981858608,215,0.8958333333333334,0.9999905869232337,0.0033046877493750843,1.0017381149139999,0.999940208795955,0.008053434782350353,0.9968216884744421,0.0022315047897274198,-0.9999910406654299,0.9999643819757749
522.25,0,1165.3302981858608,216,0.9,0.9999905815416734,0.003246741430213482,1.0014997115898419,0.999941242706496,0.008104112092216263,0.9962867537464907,0.0022025368773017783,-0.9999909747776593,0.9999640894595613
522.25,0,1165.3302981858608,217,0.9041666666666667,0.9999905930497562,0.003155441486171134,1.001049231280995,0.9999423961554306,0.008199617542626943,0.9956208773715868,0.0021509866536803908,-0.9999909275157646,0.9999638708557574
522.25,0,1165.3302981858608,218,0.9083333333333333,0.9999906588131399,0.0031986279917535763,1.0013350891828459,0.9999436551447668,0.008143245754422934,0.9955449247218426,0.0021908519215834157,-0.9999909942627099,0.9999639024103419
522.25,0,1165.3302981858608,219,0.9125,0.9999906269393375,0.0034762585060589993,1.0023313800548312,0.9999447768889382,0.007879155413846387,0.9963032309208153,0.0023916433260315474,-0.999991255206992,0.9999643538866893
522.25,0,1165.3302981858608,220,0.9166666666666666,0.9999905364459168,0.0034888578950040407,1.0023302016656657,0.9999456989965461,0.007637646726379248,0.9971640020881292,0.0024103332682188085,-0.9999912390795266,0.9999647090161917
522.25,0,1165.3302981858608,221,0.9208333333333333,0.9999905067057595,0.0033598963529081487,1.0018968582377514,0.9999464489417494,0.0075570697691938514,0.9973358047875204,0.002330958999856199,-0.9999911895818808,0.9999648542681561
522.25,0,1165.3302981858608,222,0.925,0.9999904810506187,0.0033062131795508895,1.001681955262091,0.9999472554137931,0.007621171574413364,0.9967379248599415,0.0023038234886765207,-0.9999911531585699,0.9999646804490985
522.25,0,1165.3302981858608,223,0.9291666666666667,0.9999904775852407,0.003235330758442775,1.001375689078211,0.9999481795231877,0.007697443979231769,0.9961523988625077,0.0022647200516177812,-0.9999911356503333,0.9999645821221453
522.25,0,1165.3302981858608,224,0.9333333333333333,0.9999905262097126,0.003219082392703431,1.001334088446106,0.9999492055461929,0.007703191830238743,0.9958744784202097,0.002263723330828943,-0.9999911415260779,0.9999645522965764
522.25,0,1165.3302981858608,225,0.9375,0.9999905551585588,0.0033071103819713467,1.0017290077518795,0.9999502726533096,0.0075890023970244785,0.9960414836668591,0.0023360473919772917,-0.9999911791980228,0.9999646119414787
522.25,0,1165.3302981858608,226,0.9416666666666667,0.9999905095811873,0.003437714159974546,1.0021598677755341,0.9999511996613242,0.007365500266055751,0.9967037643021555,0.0024384913532897244,-0.9999911889746259,0.999964675580037
522.25,0,1165.3302981858608,227,0.9458333333333333,0.9999904298010934,0.003464030255561908,1.0022066701606696,0.9999518945857626,0.007207197107315117,0.9972331047608827,0.0024670690325052018,-0.9999911899058701,0.9999647020690511
522.25,0,1165.3302981858608,228,0.95,0.9999903951673866,0.003378597403304704,1.001904497734374,0.9999525244440434,0.007163933972993126,0.9972301851753269,0.0024159561415828456,-0.99999118244819,0.9999646759117089
522.25,0,1165.3302981858608,229,0.9541666666666667,0.9999903916383212,0.0033222929077029815,1.0016921600628699,0.9999532318893621,0.007194560391082097,0.9968446585668375,0.0023856020994619098,-0.999991194611881,0.9999646991830453
522.25,0,1165.3302981858608,230,0.9583333333333334,0.9999903862093067,0.003235158254381607,1.001306584080694,0.9999540294883704,0.007292694487070914,0.996208979229386,0.0023331819465164266,-0.99999121751836,0.9999647633560828
522.25,0,1165.3302981858608,231,0.9625,0.999990431255615,0.0031948557210055113,1.0011305635069474,0.9999549299274385,0.007341381446851511,0.9958073209261811,0.002314295397199349,-0.9999912523054302,0.9999648754156837
522.25,0,1165.3302981858608,232,0.9666666666666667,0.9999904518451562,0.003411883697838515,1.002047977506751,0.9999558016508513,0.007143478544810904,0.9963105335427408,0.002481718555695697,-0.9999911140343125,0.9999646812794425
522.25,0,1165.3302981858608,233,0.9708333333333333,0.9999903652454311,0.0035930181527338107,1.0025626001814654,0.9999565102149153,0.006875774877343938,0.9972518123760443,0.0026233311752405907,-0.9999910419960697,0.9999644197991526
522.25,0,1165.3302981858608,234,0.975,0.9999903117223045,0.00346250002919533,1.0021473689468696,0.99995705993569,0.006731553634100176,0.9978234473306359,0.0025371436236984015,-0.999991063259709,0.9999640984846515
522.25,0,1165.3302981858608,235,0.9791666666666666,0.9999902846169433,0.0033877383830815716,1.0018786791277141,0.9999575689194073,0.006753340956383158,0.9974825880935104,0.0024916795331081966,-0.9999911053010059,0.9999642246879775
522.25,0,1165.3302981858608,236,0.9833333333333333,0.9999902591725297,0.0033245950867662024,1.0016212629735337,0.9999581779248115,0.006842831408936511,0.9968419301797955,0.0024548196239747083,-0.999991158170513,0.9999644088576138
522.25,0,1165.3302981858608,237,0.9875,0.9999902788088731,0.003272231901255781,1.0014054944459478,0.9999588661959651,0.006890493958260841,0.9964439236551916,0.002425785396007408,-0.99999122217197,0.9999646381634643
522.25,0,1165.3302981858608,238,0.9916666666666667,0.9999903144193115,0.0033261853816763014,1.0016614651096034,0.9999596204627277,0.006840746210295988,0.9964240731218006,0.0024754341241530623,-0.9999910984846913,0.9999645336233807
522.25,0,1165.3302981858608,239,0.9958333333333333,0.999990291930081,0.003461867106947041,1.0021360448945662,0.9999603278752255,0.006662562123348888,0.9969329659327139,0.002585815450755022,-0.9999909545004582,0.9999641828351984
522.25,1,1165.8302981858608,0,0.0,0.9999929122903195,0.0033386362210761217,0.9971549061059739,0.9999717413072098,0.0053965149443606815,1.001315174384963,0.0027081712065612053,-0.9999850498698623,0.9999384922082278
522.25,1,1165.8302981858608,1,0.004166666666666667,0.9999930110607875,0.0034058699361064725,0.9969678117860699,0.9999715917758553,0.005371350675417168,1.000941928001517,0.0027600865536456303,-0.9999855361423564,0.9999403499829671
522.25,1,1165.8302981858608,2,0.008333333333333333,0.9999931078147382,0.0035687736209831494,0.9965870572897251,0.9999714997535563,0.005343541090338778,1.00032620180388,0.002889821296490246,-0.9999860431663062,0.9999422991083167
522.25,1,1165.8302981858608,3,0.0125,0.9999932379729964,0.0035936069465354313,0.9964984228108342,0.9999714763664526,0.005340752207149879,0.9999989130652689,0.002907607731573543,-0.9999865149810884,0.9999442227909081
522.25,1,1165.8302981858608,4,0.016666666666666666,0.9999933410187696,0.003139768069258469,0.9974736937268422,0.9999714305587016,0.005360932928508679,1.000583549065692,0.0025375296648679295,-0.9999840628956029,0.9999404441351688
522.25,1,1165.8302981858608,5,0.020833333333333332,0.9999933739151798,0.0029652723684227386,0.9979204478701755,0.9999712834052444,0.005469786488701106,1.0015516897745727,0.0023928672439243147,-0.9999830591726883,0.9999363680764144
522.25,1,1165.8302981858608,6,0.025,0.9999934322062094,0.0031104510821451867,0.9975102585578123,0.9999710334288272,0.005581776395845599,1.0020949043167517,0.0025057701438636246,-0.9999834838458419,0.9999322301833513
522.25,1,1165.8302981858608,7,0.029166666666666667,0.999993503351965,0.003194891754249826,0.9972794750330154,0.9999707654775732,0.0055432391335344675,1.0017295119218304,0.0025697769436863306,-0.9999839708912116,0.9999340572941248
522.25,1,1165.8302981858608,8,0.03333333333333333,0.9999935757941609,0.003292391202802786,0.9970326513548822,0.9999705666586467,0.005482610592900163,1.0011192825368882,0.002644414261933793,-0.9999844877497992,0.9999360133018329
522.25,1,1165.8302981858608,9,0.0375,0.9999936787507929,0.0033571493719929844,0.9968587545007676,0.9999704270082305,0.005464604235720721,1.000760441996846,0.0026926673798595086,-0.9999849455072811,0.9999379087615405
522.25,1,1165.8302981858608,10,0.041666666666666664,0.9999937874317489,0.0032036510931406303,0.9971576981503617,0.9999703382530621,0.005474448948014272,1.0007849780010805,0.00256570131122536,-0.9999840171668438,0.9999371355109066
522.25,1,1165.8302981858608,11,0.04583333333333333,0.9999938528282514,0.002987220917357023,0.9976463613998539,0.9999702136893127,0.005539469052935486,1.0013421188089142,0.0023880814216872114,-0.9999829563604792,0.9999344607160663
522.25,1,1165.8302981858608,12,0.05,0.999993879415536,0.002889348478368265,0.9978914121703675,0.9999699503553326,0.005668809896021263,1.002044550111124,0.0023050674649490836,-0.9999819012891354,0.9999304345744557
522.25,1,1165.8302981858608,13,0.05416666666666667,0.9999939193238787,0.0029645176652369188,0.9976755994949791,0.9999696022670677,0.0057388690488885,1.0022550785554447,0.002359956296838759,-0.9999823559009805,0.9999289830817479
522.25,1,1165.8302981858608,14,0.058333333333333334,0.9999939875636938,0.003046861903749294,0.997445550543092,0.9999692790331822,0.005723252532925613,1.0020193207458663,0.0024204213808024506,-0.9999828518714547,0.9999295228304149
522.25,1,1165.8302981858608,15,0.0625,0.9999940543936278,0.0031507123571902643,0.9971821276212609,0.9999690171748896,0.005663284636385792,1.001477574554468,0.0024980327715023714,-0.9999833811600511,0.9999314979248679
522.25,1,1165.8302981858608,16,0.06666666666666667,0.9999941397724686,0.003312405265457407,0.9968076534089078,0.9999688244104459,0.005620988035950583,1.0009168590200794,0.0026214017597679896,-0.9999839717083392,0.999933733633804
522.25,1,1165.8302981858608,17,0.07083333333333333,0.9999942413406381,0.0030213489269134614,0.9974072472668969,0.9999686691034246,0.005652850132032133,1.001117618170295,0.0023861501681523866,-0.9999827145372826,0.9999323364641957
522.25,1,1165.8302981858608,18,0.075,0.9999942690983412,0.0026798368182076094,0.9982981390458164,0.9999684185253892,0.005798126652547085,1.0020203869940165,0.0021112700280111513,-0.9999804395038143,0.9999284247768193
522.25,1,1165.8302981858608,19,0.07916666666666666,0.9999942866927017,0.0027450086243081978,0.9980930104022551,0.9999680536840361,0.005996348203641014,1.0028359803732319,0.00215668955553747,-0.9999808187783815,0.9999240032904728
522.25,1,1165.8302981858608,20,0.08333333333333333,0.9999943346271579,0.002866293988616804,0.9977441027732566,0.9999676061736429,0.006030682760660681,1.002823713273335,0.002245897202322773,-0.9999812529218959,0.9999233386936429
522.25,1,1165.8302981858608,21,0.0875,0.9999943794161917,0.002938134530471665,0.997548595140106,0.9999672137318985,0.005934594100951424,1.0022084376211633,0.0022963458442748336,-0.9999817293782921,0.9999250555756574
522.25,1,1165.8302981858608,22,0.09166666666666666,0.9999944447252902,0.003046497744236936,0.9972739217697898,0.9999668880590485,0.005881409145987017,1.001721412133477,0.0023752030578588963,-0.9999822784211384,0.9999270776893122
522.25,1,1165.8302981858608,23,0.09583333333333334,0.9999945351135224,0.002987762102458216,0.9973721607442789,0.9999666307677971,0.005880918998035962,1.0015607152032184,0.002323627039372082,-0.9999819609766548,0.9999274564923368
522.25,1,1165.8302981858608,24,0.1,0.9999945996973036,0.0027846886217667986,0.9978324652457494,0.9999663846011588,0.005948596785832052,1.0018835085448958,0.0021598638131233978,-0.9999811044142963,0.999926442483705
522.25,1,1165.8302981858608,25,0.10416666666666667,0.9999946170889992,0.0026363114124608633,0.9982311215405792,0.9999660181725889,0.00611578109671939,1.002619175204186,0.002038626240583283,-0.999979995840224,0.999922651496377
522.25,1,1165.8302981858608,26,0.10833333333333334,0.999994624800803,0.00265152008886939,0.9981821100471335,0.9999655043148213,0.006257600123782347,1.0030582067354639,0.0020439097198113967,-0.9999798476880959,0.9999203561799148
522.25,1,1165.8302981858608,27,0.1125,0.999994664337625,0.0027462897513736485,0.9979015093872081,0.9999649697941788,0.006281800581476379,1.0029813412624455,0.002110293592611779,-0.9999802237754857,0.9999193822817508
522.25,1,1165.8302981858608,28,0.11666666666666667,0.9999947140245956,0.002814183381922954,0.9977075619847202,0.9999644972316497,0.006223990630490219,1.00254702062175,0.0021559094375812955,-0.9999806830908127,0.9999209949713361
522.25,1,1165.8302981858608,29,0.12083333333333333,0.9999947660313652,0.002985605499075509,0.9972907806676727,0.9999640928941006,0.006142201971306441,1.0019094933010366,0.002280693955597173,-0.9999812054817526,0.9999228731525704
522.25,1,1165.8302981858608,30,0.125,0.9999948530671053,0.002931258170386889,0.9973784207595507,0.9999637706262758,0.006138235330099686,1.0017035736817475,0.0022326542943708594,-0.9999812912714255,0.9999239650672987
522.25,1,1165.8302981858608,31,0.12916666666666668,0.9999948972996869,0.0025248955973414446,0.9984060254744981,0.9999633932846544,0.0062824439631277845,1.00239556134479,0.001916875012951261,-0.9999792973918492,0.9999210996045098
522.25,1,1165.8302981858608,32,0.13333333333333333,0.9999948870355,0.0024564635229211494,0.9986435307260878,0.9999628833566121,0.006532172412387434,1.0033380850577809,0.0018581807943961529,-0.9999788126465228,0.9999177930886164
522.25,1,1165.8302981858608,33,0.1375,0.9999949102745418,0.0025849283269571977,0.9982171365344868,0.9999622387317422,0.0066833153859635714,1.0037232933972946,0.0019480958316724745,-0.9999790399482906,0.9999151846923261
522.25,1,1165.8302981858608,34,0.14166666666666666,0.9999949396865252,0.002653400860366488,0.9980118854883303,0.9999615928294047,0.006606398068411306,1.003241768767296,0.001992609513376285,-0.9999793583917149,0.9999161885775406
522.25,1,1165.8302981858608,35,0.14583333333333334,0.9999949756109706,0.0027537240903841445,0.9977404224628812,0.9999610314932829,0.006515546791358939,1.0026431799001172,0.0020608999390140785,-0.9999797558095626,0.9999175185328736
522.25,1,1165.8302981858608,36,0.15,0.9999950448598924,0.0027878068165864333,0.9976293161282468,0.9999605487397759,0.006491364428229862,1.0023207327110322,0.0020793698171934893,-0.999979994206399,0.9999186423398716
522.25,1,1165.8302981858608,37,0.15416666666666667,0.9999951116916261,0.0026310605908416358,0.9979850128125674,0.9999601219221055,0.00653968482393189,1.002406856018201,0.001955616060850591,-0.9999795774704329,0.9999186250980766
522.25,1,1165.8302981858608,38,0.15833333333333333,0.9999951320822629,0.002460631336488711,0.9984605397066769,0.9999596200742025,0.006703133332464452,1.0030219304683095,0.001822029542767951,-0.999978903541794,0.9999169482651137
522.25,1,1165.8302981858608,39,0.1625,0.9999951204325125,0.002414228959336284,0.9986233133113758,0.9999589220587503,0.006908328751970803,1.0036528520488648,0.001780522951498942,-0.9999783469346083,0.9999149089881024
522.25,1,1165.8302981858608,40,0.16666666666666666,0.9999951308640016,0.002491618541441394,0.9983648573415231,0.9999581282508485,0.0069937566980463614,1.0037597076918132,0.0018301908516381816,-0.9999784803349437,0.9999136959710161
522.25,1,1165.8302981858608,41,0.17083333333333334,0.9999951671619366,0.0025577864183133976,0.9981526848676775,0.9999573790127544,0.006966876166583478,1.0034458820578274,0.0018713957307093573,-0.9999787061962603,0.9999139433946237
522.25,1,1165.8302981858608,42,0.175,0.999995200310754,0.0026732987151862975,0.9978358490806514,0.999956708819117,0.006879052612141961,1.0028431791211423,0.001948563235641093,-0.9999789930897506,0.9999148014125272
522.25,1,1165.8302981858608,43,0.17916666666666667,0.999995261793458,0.002788222525030369,0.9975388905037026,0.9999561391031537,0.0068240639416457,1.00232954250853,0.0020249034141079513,-0.999979367271899,0.999916018126684
522.25,1,1165.8302981858608,44,0.18333333333333332,0.9999953266285778,0.002468768978738015,0.9983153262512846,0.9999555931900256,0.006924885685875059,1.0026671570552173,0.0017859265549189905,-0.9999788537646364,0.9999156359129834
522.25,1,1165.8302981858608,45,0.1875,0.9999953113793317,0.002267301964964309,0.9990496208686754,0.9999548995251137,0.007177465278036241,1.003588561598238,0.0016332122390186738,-0.9999782638233228,0.9999145991266688
522.25,1,1165.8302981858608,46,0.19166666666666668,0.9999953039974313,0.0023464957577483264,0.9987279828284366,0.9999540365144591,0.007424041922852029,1.0042878119285177,0.0016826970481282227,-0.9999781858186764,0.99991310018366
522.25,1,1165.8302981858608,47,0.19583333333333333,0.9999953230232526,0.0024329036187165456,0.9984251383779071,0.9999530769204525,0.007434553746384444,1.0040949148481413,0.0017370623443296591,-0.9999782088118364,0.9999126949583838
522.25,1,1165.8302981858608,48,0.2,0.9999953392017359,0.0025040773133054566,0.9982073876025933,0.9999522083444082,0.007326714146040851,1.003437920308471,0.001780430380147833,-0.9999782968901286,0.9999127375735638
522.25,1,1165.8302981858608,49,0.20416666666666666,0.9999953839829647,0.0025911225138954418,0.9979537253235512,0.9999514332885646,0.007277186310210672,1.0029678252304373,0.001834838249825098,-0.9999784741864727,0.9999131400401735
522.25,1,1165.8302981858608,50,0.20833333333333334,0.9999954507709915,0.0025098443590624206,0.9981308667511511,0.9999507559455594,0.0072988593606256496,1.002842873043762,0.0017700330641195517,-0.9999786529677255,0.9999137524283311
522.25,1,1165.8302981858608,51,0.2125,0.999995481971404,0.0023431052585931728,0.9986066124334463,0.9999500702440984,0.0074244843631422535,1.003228084102813,0.001645365481483006,-0.9999787128349396,0.9999142234813254
522.25,1,1165.8302981858608,52,0.21666666666666667,0.9999954645603083,0.0022555721605899545,0.9989496772559382,0.9999491795377715,0.007650614794053,1.0039350330253705,0.0015766993408857213,-0.9999785157995411,0.9999142854962388
522.25,1,1165.8302981858608,53,0.22083333333333333,0.9999954476321002,0.0022911099018727435,0.99882017101924,0.9999480902715006,0.007803467979887616,1.0042480818886854,0.0015941387927808828,-0.9999783446847409,0.9999137777717697
522.25,1,1165.8302981858608,54,0.225,0.9999954673161191,0.0023633866034948603,0.9985499024835848,0.9999469960487887,0.007825776526782215,1.0040676396761001,0.0016369474276891499,-0.9999782215145937,0.9999132049433259
522.25,1,1165.8302981858608,55,0.22916666666666666,0.9999954926964171,0.0024288566169063043,0.9983328297556597,0.9999459990854174,0.007763454337102663,1.0035476563657626,0.001674941227109674,-0.9999781832546472,0.9999127432021233
522.25,1,1165.8302981858608,56,0.23333333333333334,0.9999955277447916,0.0025844364210871537,0.9979012198823756,0.9999451103049324,0.0076827404654129725,1.0028799161994733,0.001774811218600044,-0.9999782532341482,0.999912713985704
522.25,1,1165.8302981858608,57,0.2375,0.9999956000306723,0.0024591439643040563,0.9981864719400672,0.9999443378524011,0.007715725336077443,1.0027861385582877,0.0016816273115618941,-0.9999785750803761,0.9999133217321373
522.25,1,1165.8302981858608,58,0.24166666666666667,0.9999956065828276,0.002170691427604931,0.9992022136644116,0.9999434489594388,0.00792319954596404,1.0035350961601242,0.0014776380004956032,-0.9999793118500929,0.9999149364492133
522.25,1,1165.8302981858608,59,0.24583333333333332,0.9999955711643687,0.002172723578744572,0.99923623229007,0.9999423589034574,0.00820201882012936,1.004398871914122,0.0014718876404876953,-0.9999790978008019,0.9999160005374212
522.25,1,1165.8302981858608,60,0.25,0.9999955774446285,0.0022623152757435304,0.9988212729166563,0.999941073269123,0.008328794104080349,1.0045805323623367,0.0015252159180878947,-0.9999787771976707,0.9999161414118998
522.25,1,1165.8302981858608,61,0.25416666666666665,0.9999955848791223,0.002315508574029533,0.9986251088274386,0.999939830174522,0.008248707731125125,1.0039757227816228,0.0015539413562915881,-0.9999785315188467,0.9999148729211972
522.25,1,1165.8302981858608,62,0.25833333333333336,0.9999956068829613,0.002404394858427996,0.9983352508059492,0.9999387195111796,0.008180666693363729,1.003365170636856,0.00160650974289279,-0.999978394534233,0.9999140314752909
522.25,1,1165.8302981858608,63,0.2625,0.9999956676622905,0.0024051352294506365,0.9982971359328191,0.9999377441576306,0.008178633293397748,1.0030491446252237,0.0016000732627474035,-0.9999786195484878,0.9999140379508639
522.25,1,1165.8302981858608,64,0.26666666666666666,0.9999957153557869,0.0022658253616321075,0.9986975265884592,0.9999368460209268,0.008255865952758481,1.0031690844667078,0.001500771459882667,-0.9999793759484008,0.9999152715946366
522.25,1,1165.8302981858608,65,0.2708333333333333,0.9999957074440705,0.002158043459653499,0.9991464355505114,0.9999357975546485,0.00844756553696504,1.0037911929080823,0.0014227606814754465,-0.9999798129727419,0.9999175579524886
522.25,1,1165.8302981858608,66,0.275,0.9999956723123251,0.002152451730438553,0.9992188167334247,0.999934449242122,0.008644946935452653,1.0042952270951184,0.001412332938910128,-0.9999798776341021,0.9999189804576164
522.25,1,1165.8302981858608,67,0.2791666666666667,0.9999956714153612,0.0022132909092006108,0.9989327920407561,0.999933001482217,0.008720544280727624,1.0042634839758033,0.0014454419912914903,-0.9999794569997171,0.9999190287888352
522.25,1,1165.8302981858608,68,0.2833333333333333,0.9999956946771529,0.002260963701631878,0.9987306582515045,0.9999316563033447,0.00869869303464894,1.0038346325386405,0.0014699227189370488,-0.9999791389063473,0.9999176593551549
522.25,1,1165.8302981858608,69,0.2875,0.999995715068214,0.0023735456029089037,0.9983589143505033,0.9999304508389362,0.00862926424517135,1.003140331950151,0.0015365701435180162,-0.9999788783352382,0.9999163518436244
522.25,1,1165.8302981858608,70,0.2916666666666667,0.9999957773132568,0.002425077827622066,0.9981804900990731,0.999929430785021,0.008608222977848998,1.0026615603388007,0.0015634739296738797,-0.9999786837995253,0.9999153015632342
522.25,1,1165.8302981858608,71,0.29583333333333334,0.9999958229923162,0.002141639872947445,0.999095295673103,0.9999284161820446,0.008736672775676569,1.0030856571449223,0.0013747828598033125,-0.9999805453370386,0.9999186214182331
522.25,1,1165.8302981858608,72,0.3,0.9999957795481212,0.0020704965081949508,0.9996353633406994,0.9999271726134862,0.008979889662482752,1.003960454389765,0.0013230189138327074,-0.999981366936237,0.9999219128542594
522.25,1,1165.8302981858608,73,0.30416666666666664,0.9999957642405888,0.00212789726467323,0.9992358463457519,0.9999256732318259,0.009181232700021174,1.0044752027518589,0.001353346343083526,-0.9999808193906513,0.9999248435245415
522.25,1,1165.8302981858608,74,0.30833333333333335,0.9999957710430996,0.002180521917959783,0.9989751267041589,0.9999240936499418,0.009173782747275127,1.0040709287023253,0.0013806743706371073,-0.9999803634780975,0.9999230407123323
522.25,1,1165.8302981858608,75,0.3125,0.9999957778404579,0.0022431224836882923,0.9987284546693594,0.9999227002838946,0.009103838997558112,1.0033464327623267,0.0014144015574426606,-0.9999799564707715,0.9999211925776201
522.25,1,1165.8302981858608,76,0.31666666666666665,0.9999958251483201,0.0022981964640107003,0.9985132481541512,0.9999214882181431,0.009086561753223048,1.0028515673145961,0.0014433565453460607,-0.999979602706648,0.9999195476815402
522.25,1,1165.8302981858608,77,0.32083333333333336,0.9999958893454348,0.0022079257267347855,0.9987644103976901,0.999920454424619,0.00912384865392479,1.0027237558432616,0.0013812084413619397,-0.9999806801914912,0.999920970204857
522.25,1,1165.8302981858608,78,0.325,0.9999959036824864,0.002093476494067174,0.9992435464604766,0.9999193913889567,0.009245031194977464,1.0031233293909836,0.001304280345503174,-0.9999816349891305,0.9999236247968625
522.25,1,1165.8302981858608,79,0.32916666666666666,0.9999958659438166,0.0020618150660438195,0.9995163284609172,0.9999179980932899,0.009430237212525392,1.0037293217442576,0.0012791429886630352,-0.9999824322283772,0.9999274459657941
522.25,1,1165.8302981858608,80,0.3333333333333333,0.9999958420671983,0.002095696563035219,0.9993161107227088,0.9999163679007173,0.009543305296990589,1.0038657543623952,0.0012947551978057575,-0.9999818974496437,0.9999280214736836
522.25,1,1165.8302981858608,81,0.3375,0.9999958605428226,0.0021399046066409183,0.9990626373495662,0.999914810986832,0.00956127847194306,1.0035359949633655,0.0013168272454792565,-0.999981393106116,0.999927281472268
522.25,1,1165.8302981858608,82,0.3416666666666667,0.9999958801600056,0.0021980593281899804,0.9988077082693076,0.9999134557931841,0.009523347381798183,1.0028852346803836,0.001347654176078964,-0.9999809298841694,0.9999252468381891
522.25,1,1165.8302981858608,83,0.3458333333333333,0.9999959217140391,0.0023171796410473267,0.9983944038071452,0.999912329369396,0.009487267657299108,1.002164665348245,0.001415894893053852,-0.9999805566102625,0.9999235580677138
522.25,1,1165.8302981858608,84,0.35,0.9999959978337832,0.0021504929324783085,0.9988848655758404,0.9999113968957539,0.009534459951782571,1.0021484783914334,0.0013095828822713752,-0.9999817506131867,0.9999251018738607
522.25,1,1165.8302981858608,85,0.3541666666666667,0.9999959803089254,0.002008771634984696,0.9998241037356604,0.9999102791564213,0.009688674208447332,1.0028851089983124,0.001218868950757608,-0.9999841516131255,0.9999295063028475
522.25,1,1165.8302981858608,86,0.35833333333333334,0.9999959389284633,0.0020279877005947213,0.9996786086955294,0.9999088910627302,0.009877127380575135,1.0035979275848397,0.0012259171732270791,-0.9999835654054082,0.999933373260805
522.25,1,1165.8302981858608,87,0.3625,0.9999959448564475,0.002074435402050065,0.9992957770140865,0.9999072821779452,0.009944512685383392,1.0035207572753782,0.0012495347113714314,-0.9999830115319331,0.9999339192335412
522.25,1,1165.8302981858608,88,0.36666666666666664,0.9999959480252905,0.002112533216127631,0.9990939630340419,0.9999058554613638,0.009898222199561992,1.0027717347990432,0.0012684013864792708,-0.9999824895998123,0.9999316954921437
522.25,1,1165.8302981858608,89,0.37083333333333335,0.9999959775894951,0.002177751563945284,0.9988005576687974,0.999904689615128,0.009875887924408756,1.002110775441009,0.0013037343902810284,-0.9999820389751204,0.9999297429359564
522.25,1,1165.8302981858608,90,0.375,0.9999960491053203,0.002149024077306135,0.9988453206162994,0.9999037969744861,0.009887164954947302,1.0017640277635136,0.0012829923345466679,-0.999982501036304,0.99992968543206
522.25,1,1165.8302981858608,91,0.37916666666666665,0.9999960926695932,0.002041019227828191,0.9992813284037281,0.999903042145315,0.009936268723392299,1.0018841946379446,0.0012151576530386222,-0.9999836429842192,0.9999313216259278
522.25,1,1165.8302981858608,92,0.38333333333333336,0.9999960712858963,0.0019941017584890674,0.9996910884734287,0.9999020538475355,0.010046981833390445,1.0024508515472577,0.001183809991046807,-0.9999845797789861,0.9999355368593897
522.25,1,1165.8302981858608,93,0.3875,0.9999960314959647,0.002005623944824286,0.9996713487097802,0.9999006983514266,0.010155385753931082,1.0027717228123147,0.001187267383207687,-0.999984656260737,0.9999377280113979
522.25,1,1165.8302981858608,94,0.39166666666666666,0.9999960378030633,0.002038829064289805,0.9993762910384398,0.9998993285719141,0.010195640646184998,1.0025645322100825,0.0012037393947104047,-0.9999841166410877,0.999938261195232
522.25,1,1165.8302981858608,95,0.3958333333333333,0.9999960639975921,0.0020680209908228333,0.9991748591222857,0.9998982106972837,0.010186198572318905,1.0019866835955,0.0012181426602754844,-0.9999836319584459,0.9999362121831975
522.25,1,1165.8302981858608,96,0.4,0.9999960909202513,0.0021630826624843614,0.9987599227570989,0.9998973741922123,0.010164825075608267,1.0011821659914817,0.001271671260478249,-0.9999831833752325,0.9999342983441671
522.25,1,1165.8302981858608,97,0.4041666666666667,0.9999961706867819,0.00214837951690212,0.9987468123268953,0.9998968801580249,0.010168194600169034,1.0007383342206777,0.0012608188734138453,-0.9999830828519644,0.9999331309294277
522.25,1,1165.8302981858608,98,0.4083333333333333,0.9999962049609602,0.0019562542453578826,0.9997474779166885,0.9998963803693475,0.010214850221165578,1.0012037283096973,0.0011459231528011503,-0.9999856151492856,0.9999374574314671
522.25,1,1165.8302981858608,99,0.4125,0.9999961541537798,0.0019617939961356023,1.0000746951440544,0.9998956126495238,0.01031243628074442,1.0019814550149322,0.0011468524350816255,-0.9999862120976388,0.9999414467842531
522.25,1,1165.8302981858608,100,0.4166666666666667,0.9999961499202172,0.001978603643910115,0.9996400846472298,0.999894556978961,0.010392056484712822,1.0022617979012076,0.0011544522442378683,-0.9999856853358836,0.9999444820848391
522.25,1,1165.8302981858608,101,0.42083333333333334,0.9999961599289405,0.0020031423635696417,0.9994127902203676,0.9998935542748955,0.010382708543731432,1.001647598413773,0.001166965195159843,-0.9999852001811188,0.9999424626410743
522.25,1,1165.8302981858608,102,0.425,0.9999961762328593,0.0020477230255379637,0.9991408299154584,0.9998928994990477,0.010366618095356368,1.000856297633497,0.0011915296432685393,-0.9999847455896602,0.9999405570112307
522.25,1,1165.8302981858608,103,0.42916666666666664,0.999996241048098,0.0020667897323090752,0.9989879217190368,0.9998925745527009,0.010367263275485351,1.000330830779217,0.0012015262288370555,-0.9999845201655346,0.9999391481576898
522.25,1,1165.8302981858608,104,0.43333333333333335,0.9999963107782732,0.0019818524153690964,0.999309560250061,0.9998925352258264,0.010367510375077419,1.0002025021417305,0.001151238399982271,-0.9999855524654966,0.9999403605242673
522.25,1,1165.8302981858608,105,0.4375,0.999996319865456,0.0019244627194819532,0.9997835872804443,0.9998924490181428,0.010379524254268621,1.0006060906181309,0.001116949008937972,-0.999986472446859,0.9999432623554738
522.25,1,1165.8302981858608,106,0.44166666666666665,0.9999962818553749,0.0019283266645269146,0.9999755421229947,0.9998919635311304,0.01042228309167398,1.0010846355227754,0.001118224288220788,-0.9999871132450531,0.9999465019952392
522.25,1,1165.8302981858608,107,0.44583333333333336,0.9999962720443907,0.0019405927637630852,0.9997245572412825,0.9998913109167769,0.010451743801584354,1.0010492877337431,0.0011245651392603046,-0.9999866506078808,0.999947274181032
522.25,1,1165.8302981858608,108,0.45,0.9999963024575307,0.0019557460780082773,0.9994953487402565,0.9998908776127732,0.010454283389835,1.000582702978699,0.001132917305740854,-0.9999862140111481,0.9999463527227349
522.25,1,1165.8302981858608,109,0.45416666666666666,0.9999963295753836,0.0019985603792085464,0.9991955625901932,0.9998907706608882,0.010452043962765617,0.9998217709797097,0.0011577405386002351,-0.9999857968865992,0.9999446147389869
522.25,1,1165.8302981858608,110,0.4583333333333333,0.999996390694361,0.002066966974918116,0.9988490989924311,0.999891028441345,0.010458350094930936,0.9990997696906189,0.0011977973971371918,-0.9999854173562572,0.9999430192150371
522.25,1,1165.8302981858608,111,0.4625,0.9999964687596387,0.0019069903119036354,0.999541036581388,0.9998915083149875,0.01043159746554082,0.9991921480548689,0.0011054890770371359,-0.9999867984072199,0.9999450230653626
522.25,1,1165.8302981858608,112,0.4666666666666667,0.9999964421752023,0.0019020900940233943,1.000346822714141,0.9998917653656031,0.010403726808596483,0.9999238789911874,0.0011028856582782232,-0.999988356140232,0.999948509713432
522.25,1,1165.8302981858608,113,0.4708333333333333,0.9999964182747038,0.0018931167757575773,1.0000658176363468,0.9998917403347595,0.010410677889105288,1.0004952228778867,0.00109788336600451,-0.9999879296875089,0.9999517028262571
522.25,1,1165.8302981858608,114,0.475,0.9999964350465111,0.0018975134668599446,0.9997331873448873,0.9998915708637485,0.01041390102230901,1.00020101991035,0.0011009741860970143,-0.9999875258167397,0.999951469346668
522.25,1,1165.8302981858608,115,0.4791666666666667,0.9999964473966864,0.0019152443928271612,0.9995193698848854,0.9998917196143484,0.010414989087449934,0.9993811070742095,0.0011122549241496537,-0.9999871375444922,0.999949864537152
522.25,1,1165.8302981858608,116,0.48333333333333334,0.9999964937878361,0.0019464313763699163,0.9992487718401836,0.9998922048121351,0.010421350385360855,0.9987284539695175,0.0011317340979729177,-0.999986778380798,0.9999483698869923
522.25,1,1165.8302981858608,117,0.4875,0.9999965729273499,0.0019011209515433754,0.9993883229615188,0.9998930227778663,0.010403348945538578,0.9984184806470985,0.001106936798108481,-0.9999872722772019,0.9999486291920678
522.25,1,1165.8302981858608,118,0.49166666666666664,0.9999966124238281,0.0018433598427610965,0.9998557926929885,0.9998939562917597,0.010344641082725084,0.9986095694567446,0.0010748122494135177,-0.9999880478530202,0.9999500447010712
522.25,1,1165.8302981858608,119,0.49583333333333335,0.999996591318734,0.0018527525525532823,1.0002191624948717,0.9998945879999215,0.01028403086842469,0.9991644930838962,0.0010817186783416482,-0.9999887420295801,0.9999530149364967
522.25,1,1165.8302981858608,120,0.5,0.9999965663920577,0.0018548847952945574,1.000118241382497,0.9998948922684153,0.0102620099339027,0.999365949609034,0.0010845011602583377,-0.9999886506623514,0.9999542353512779
522.25,1,1165.8302981858608,121,0.5041666666666667,0.9999965874091068,0.0018508751186360345,0.999837853617598,0.9998952736002883,0.010254847972661369,0.9990671048196675,0.0010839594399306895,-0.9999883000008388,0.9999543694795385
522.25,1,1165.8302981858608,122,0.5083333333333333,0.9999966183225253,0.001857340506471471,0.999631187244437,0.9998959516126662,0.010260726559142565,0.9984300863312434,0.0010899365289115262,-0.9999879722611027,0.9999530137045871
522.25,1,1165.8302981858608,123,0.5125,0.9999966557561212,0.0019140285799020545,0.9992012413606985,0.9998969290579063,0.010290473706341702,0.9976266035391598,0.0011258954921332532,-0.9999876699303214,0.9999517546834705
522.25,1,1165.8302981858608,124,0.5166666666666667,0.9999967393645794,0.0018556319660827018,0.9993956412247155,0.999898224128573,0.010262854626479245,0.99733870774991,0.0010942945995816831,-0.9999879080991878,0.9999516022123409
522.25,1,1165.8302981858608,125,0.5208333333333334,0.9999967571311984,0.001825673831917777,1.0004248641420266,0.9998994211779361,0.010136105658149666,0.9979227196530588,0.0010791789228343084,-0.9999894962646741,0.9999542855039305
522.25,1,1165.8302981858608,126,0.525,0.9999967178394586,0.0018523236390213063,1.0005459379946107,0.9999003436604113,0.010026214971347223,0.9986827376563576,0.0010973670288267562,-0.9999895804245797,0.9999567586705628
522.25,1,1165.8302981858608,127,0.5291666666666667,0.9999967258532911,0.0018114429777164054,1.0001198318517954,0.9999009998070263,0.009984980434640234,0.9988177277652549,0.0010756798279198268,-0.9999892708801719,0.9999580953317833
522.25,1,1165.8302981858608,128,0.5333333333333333,0.9999967378143498,0.001807049828339431,0.9999194620457709,0.9999017805340054,0.009998239548550426,0.9981333215208391,0.0010759994889793757,-0.9999889798169422,0.9999568948519518
522.25,1,1165.8302981858608,129,0.5375,0.9999967615307949,0.0018177843968220472,0.9996371027106555,0.9999028632146452,0.010025650959513448,0.9974044401531335,0.00108568960285592,-0.9999887117050886,0.9999557822799094
522.25,1,1165.8302981858608,130,0.5416666666666666,0.9999968266556062,0.0018071140425836279,0.9995704015565843,0.9999042209223812,0.010018663251553575,0.9969730912436943,0.0010828266711215692,-0.9999887108257164,0.9999552267604737
522.25,1,1165.8302981858608,131,0.5458333333333333,0.9999968824663469,0.0017658951479376016,0.9999587207561941,0.9999057625019411,0.0099414306495959,0.9969730904250637,0.0010616152717101749,-0.9999892846308425,0.9999558733233623
522.25,1,1165.8302981858608,132,0.55,0.9999968817921465,0.0017908334495451695,1.0004216974139066,0.9999071555693361,0.009798142251352176,0.9974894095860448,0.0010800130970852649,-0.9999898011348458,0.9999577440820333
522.25,1,1165.8302981858608,133,0.5541666666666667,0.999996849569671,0.001814383037245418,1.0005322241675614,0.9999081630437576,0.009692980268148221,0.997944394393126,0.0010976377577504896,-0.9999900517748564,0.9999593072355989
522.25,1,1165.8302981858608,134,0.5583333333333333,0.9999968490656053,0.0017843517133848627,1.0002568471028166,0.9999090619189749,0.009654578039072258,0.9978701329844403,0.0010829994387303327,-0.9999897988901281,0.9999597732216456
522.25,1,1165.8302981858608,135,0.5625,0.9999968752626367,0.001768131217773535,1.000055690776461,0.9999101442793883,0.009656212387643227,0.9974006812812808,0.0010769402953132844,-0.9999895673181849,0.9999590574532199
522.25,1,1165.8302981858608,136,0.5666666666666667,0.9999968968895387,0.0017731837450670996,0.9997134393869012,0.999911452496649,0.009701365935080806,0.996668044286256,0.0010841876484390574,-0.9999893483214265,0.9999581451607397
522.25,1,1165.8302981858608,137,0.5708333333333333,0.9999969538470348,0.001783101815092598,0.9994838009446027,0.9999130165858617,0.00972663969527594,0.9961025368488186,0.0010946938045371915,-0.9999891467568853,0.9999573000696382
522.25,1,1165.8302981858608,138,0.575,0.9999970041452142,0.0017485546705396056,1.0003510283679349,0.9999146341380077,0.009580262204437095,0.9964241902002705,0.0010777154071744174,-0.9999900607302888,0.9999587462265093
522.25,1,1165.8302981858608,139,0.5791666666666667,0.9999969696135199,0.0018747661562766936,1.0009847236433693,0.9999160001720159,0.009368874230237549,0.9972555714550401,0.0011597914094545764,-0.9999906518323581,0.9999604880435048
522.25,1,1165.8302981858608,140,0.5833333333333334,0.9999969544236278,0.0017989207043842608,1.0006175072545842,0.9999170935641547,0.00923868838445598,0.997790145580846,0.0011169179483829644,-0.9999904364210442,0.9999621077631863
522.25,1,1165.8302981858608,141,0.5875,0.9999969628903673,0.0017594666654155964,1.000342442893313,0.9999180932951702,0.009232728053518064,0.9974199853449658,0.0010966758649519908,-0.9999902412997307,0.9999616069189793
522.25,1,1165.8302981858608,142,0.5916666666666667,0.9999969688908421,0.001742888206895995,1.0001144632133567,0.9999193111278357,0.009285821661955677,0.996677444148862,0.0010908910883036759,-0.9999900576698614,0.9999608403581564
522.25,1,1165.8302981858608,143,0.5958333333333333,0.9999970065903828,0.0017318934413774099,0.9998900488411488,0.9999207242701783,0.009310160355088384,0.9961592810275157,0.001088759426242906,-0.9999898887634667,0.9999601309226228
522.25,1,1165.8302981858608,144,0.6,0.9999970610319656,0.0017165657616395062,1.0001235390186523,0.9999223129214866,0.009256266524521193,0.9960099655266978,0.001083914128824966,-0.999990199107388,0.9999604238210668
522.25,1,1165.8302981858608,145,0.6041666666666666,0.9999970758217945,0.0017639493562813919,1.0006122979940402,0.9999238782689808,0.009092878948776853,0.9963846038775359,0.0011186245768632047,-0.9999905440098037,0.9999612124682039
522.25,1,1165.8302981858608,146,0.6083333333333333,0.9999970458892082,0.0018378420412540125,1.0009208083614058,0.9999251331551623,0.008906986668438671,0.9970151766623031,0.0011702972155145876,-0.9999908599723082,0.999962544069324
522.25,1,1165.8302981858608,147,0.6125,0.9999970227270737,0.0018059825843399443,1.0007543415093971,0.9999261479045538,0.008818320610243693,0.9972071290091395,0.0011547773606051812,-0.9999907429385869,0.999962921973446
522.25,1,1165.8302981858608,148,0.6166666666666667,0.999997033850009,0.0017583967996882275,1.0005017426175682,0.9999272115462688,0.008804127223420255,0.9969307760298167,0.0011291831147000296,-0.9999905938153252,0.9999628460778912
522.25,1,1165.8302981858608,149,0.6208333333333333,0.9999970467366693,0.001729616678269328,1.0002768437958485,0.9999284374388825,0.008847667235973595,0.9963408760413477,0.0011157494572052189,-0.999990457500807,0.9999622700576195
522.25,1,1165.8302981858608,150,0.625,0.9999970711983402,0.0017141408394313927,0.9998623346047006,0.9999298240424914,0.00892471067020853,0.9956562459651255,0.0011110671533528275,-0.9999903432058069,0.9999617804455675
522.25,1,1165.8302981858608,151,0.6291666666666667,0.9999971245227423,0.0017069281624808935,1.0002761779677383,0.9999313452865213,0.008846504838875856,0.9956262900526276,0.0011116293841578863,-0.9999905573618515,0.9999619709594194
522.25,1,1165.8302981858608,152,0.6333333333333333,0.9999971121227478,0.0019213222107326887,1.0012685615272336,0.9999327020462735,0.008592643479299857,0.9963909939959263,0.001256821641329998,-0.9999911715466834,0.999963007974417
522.25,1,1165.8302981858608,153,0.6375,0.9999970735338831,0.0019113091239558644,1.0012062467501421,0.9999338262634991,0.008373884902911004,0.9971937895830875,0.0012555383590572278,-0.9999910822658582,0.9999639213093594
522.25,1,1165.8302981858608,154,0.6416666666666667,0.9999970702881674,0.0018061155599512903,1.000815614775572,0.9999347527099588,0.008307898513243936,0.9972563552564241,0.001191528345727123,-0.9999909662021306,0.9999642022585313
522.25,1,1165.8302981858608,155,0.6458333333333334,0.9999970654875171,0.0017695794557558858,1.0006277311272642,0.9999357679268651,0.008367725574216259,0.9966036760227263,0.0011727330879237434,-0.9999908615570784,0.9999637547220199
522.25,1,1165.8302981858608,156,0.65,0.9999970752875496,0.0017276457251612584,1.0003466072517355,0.9999369317130601,0.008429397156246469,0.9960112261060146,0.001150359995346155,-0.9999907784331966,0.9999633921777236
522.25,1,1165.8302981858608,157,0.6541666666666667,0.999997114204991,0.0017189790832985374,1.0003718063311906,0.9999382311507083,0.008420023146535954,0.995736277233015,0.0011500786065398536,-0.9999908217623332,0.9999633044171139
522.25,1,1165.8302981858608,158,0.6583333333333333,0.999997136387113,0.0017865739594411468,1.0008105562604395,0.9999395793452371,0.00829298679338418,0.9959209131312596,0.0012009062193044687,-0.999991001281474,0.9999635143947837
522.25,1,1165.8302981858608,159,0.6625,0.999997113735542,0.0019145685472703256,1.0012492274875258,0.9999407495459641,0.008070076923176206,0.9965777315399307,0.0012926472216768735,-0.9999911471470097,0.9999641344536618
522.25,1,1165.8302981858608,160,0.6666666666666666,0.9999970744716163,0.0019341684634923467,1.001277907996353,0.9999416473752413,0.007921007464486216,0.9970412769276605,0.0013115193886922927,-0.9999911831715242,0.9999645047301075
522.25,1,1165.8302981858608,161,0.6708333333333333,0.9999970635924661,0.0018525805854127295,1.0009961352580772,0.9999424838899059,0.007880312336315615,0.9969768755983364,0.0012616861506390062,-0.9999911091902347,0.9999646186343106
522.25,1,1165.8302981858608,162,0.675,0.9999970673152017,0.0018058896243196374,1.000810950120989,0.9999434207397875,0.007910351414159748,0.9965433967998814,0.0012354624677851933,-0.999991056479585,0.9999643791056196
522.25,1,1165.8302981858608,163,0.6791666666666667,0.9999970689393087,0.0017386420953833354,1.0004286146888584,0.9999444672013654,0.008004200937712142,0.9958769451530933,0.0011951177787408148,-0.9999910148668723,0.9999641836794123
522.25,1,1165.8302981858608,164,0.6833333333333333,0.9999971017457452,0.0017206131738288898,1.0003529237739797,0.9999456438087848,0.008029281498972706,0.9955125870906352,0.0011884117030456695,-0.9999909893882055,0.9999640423544037
522.25,1,1165.8302981858608,165,0.6875,0.9999971122890452,0.0019453459298220484,1.0013400483553905,0.9999467772199658,0.007811073941184028,0.9960604872508632,0.0013497201702945018,-0.9999911841995005,0.9999643850785886
522.25,1,1165.8302981858608,166,0.6916666666666667,0.9999970634303985,0.0021240766434614984,1.0017764781409213,0.999947719134444,0.00753993472164086,0.9969813200033126,0.0014799175368406217,-0.9999912504341324,0.9999646689978686
522.25,1,1165.8302981858608,167,0.6958333333333333,0.9999970392312133,0.0019724068264517385,1.0013644720325963,0.9999484682590806,0.007399052800703926,0.9974676976768959,0.0013798548281700254,-0.9999912067300889,0.9999648866889459
522.25,1,1165.8302981858608,168,0.7,0.9999970261378497,0.0019023228690421108,1.0011364025961116,0.9999491807355723,0.007428628028993925,0.9970495387949396,0.0013365092382207912,-0.9999911832012088,0.999964764544875
522.25,1,1165.8302981858608,169,0.7041666666666667,0.999997014063049,0.0018388014300387819,1.000889501730808,0.9999500130973775,0.007515835570130353,0.9964005977369456,0.0012976325226715126,-0.9999911713812913,0.9999646892347238
522.25,1,1165.8302981858608,170,0.7083333333333334,0.9999970293963548,0.0017979527730586176,1.0007241838644871,0.9999509446828073,0.007552502361891495,0.9960116215558054,0.001274554320355585,-0.9999911698661743,0.999964656197758
522.25,1,1165.8302981858608,171,0.7125,0.9999970502403212,0.0018669351408515838,1.001035609746019,0.9999519537345449,0.007484906591092096,0.9960134717795229,0.0013293651903723309,-0.999991180706791,0.9999646878174074
522.25,1,1165.8302981858608,172,0.7166666666666667,0.9999970349688414,0.0020328088685413904,1.0015290980707277,0.9999528977122345,0.007285866575844793,0.9965471093981515,0.001453567652385878,-0.9999911740030767,0.9999646767619986
522.25,1,1165.8302981858608,173,0.7208333333333333,0.9999969878755945,0.00213915887603217,1.0017701139510478,0.9999536176315048,0.007090683972157509,0.9972126112808728,0.0015356929252355602,-0.9999911561581123,0.9999646327997288
522.25,1,1165.8302981858608,174,0.725,0.9999969531999453,0.0020615063471774975,1.0015523407900353,0.9999542048258888,0.007016574195235174,0.9973814859511296,0.0014857652365794058,-0.9999911614967607,0.9999645786903488
522.25,1,1165.8302981858608,175,0.7291666666666666,0.999996943027492,0.0019842390677768536,1.0013277080491054,0.9999548310276658,0.007025254119341457,0.9971109386602176,0.0014358241988774738,-0.9999911793719001,0.9999646029815757
522.25,1,1165.8302981858608,176,0.7333333333333333,0.9999969312699273,0.001906879070014617,1.0010658936440815,0.9999555457260476,0.007102692499264678,0.9965435422037661,0.001385634113057683,-0.9999912080230537,0.9999646901561429
522.25,1,1165.8302981858608,177,0.7375,0.9999969353201875,0.0018191296310801422,1.000699606607576,0.999956353803545,0.0071973508844225785,0.9959693149005782,0.0013276006703538466,-0.9999912556432611,0.9999648538200495
522.25,1,1165.8302981858608,178,0.7416666666666667,0.9999969536156954,0.0019791514209679686,1.0013204613777291,0.9999572089615788,0.007083369719691847,0.99616460168463,0.0014503627399972676,-0.9999911436379575,0.9999647236867727
522.25,1,1165.8302981858608,179,0.7458333333333333,0.9999969107192542,0.002350851879063182,1.002210259807466,0.9999579296518156,0.006813958231216535,0.9970514323417595,0.0017292540994546008,-0.9999909566923736,0.9999643909724468
522.25,1,1165.8302981858608,180,0.75,0.9999968609078831,0.0022659128799313566,1.001999634534932,0.9999584949568232,0.006621407892344935,0.9978398836893064,0.0016726062272528345,-0.9999909908358732,0.9999639610654386
522.25,1,1165.8302981858608,181,0.7541666666666667,0.9999968364261941,0.002129253643184656,1.0016567579761324,0.999958951872501,0.006594169801562033,0.9977956017018551,0.0015773299550952279,-0.99999103861642,0.9999639230187546
522.25,1,1165.8302981858608,182,0.7583333333333333,0.9999968089466481,0.002064259754894542,1.001464026111154,0.9999594810961476,0.006675170103663872,0.9971617935123119,0.0015349118418553674,-0.9999910973424897,0.999964130343473
522.25,1,1165.8302981858608,183,0.7625,0.99999679828605,0.0019790074376932203,1.0011963397366566,0.9999600930562262,0.006744009251386271,0.9966664175594089,0.0014771831970402146,-0.9999911745452313,0.999964412519437
522.25,1,1165.8302981858608,184,0.7666666666666667,0.9999968083279188,0.002012305025585326,1.0013105930013504,0.999960783454174,0.006733786906739692,0.9965053742982248,0.0015077838498368296,-0.9999911023071479,0.9999644227812547
522.25,1,1165.8302981858608,185,0.7708333333333334,0.9999967970048318,0.0021883786323820646,1.0017826052293457,0.9999614801638859,0.006599687809244215,0.996831308137192,0.0016456524744758703,-0.9999909420884485,0.9999641957366194
522.25,1,1165.8302981858608,186,0.775,0.999996747882025,0.0023727348536027666,1.0021830973371546,0.9999620344484232,0.0063992489290401544,0.9975596421779334,0.001790201007097874,-0.9999907524729419,0.9999634831154458
522.25,1,1165.8302981858608,187,0.7791666666666667,0.999996691285715,0.00236146986687734,1.0021319818403736,0.9999624246073308,0.006294463605701173,0.9979796886480088,0.0017873593114726678,-0.9999907454941116,0.999963086874082
522.25,1,1165.8302981858608,188,0.7833333333333333,0.9999966604765324,0.002249826320868287,1.001857634489809,0.999962797140003,0.006280104790448205,0.9978870788375573,0.0017082957613874738,-0.9999908349738837,0.9999629633956986
522.25,1,1165.8302981858608,189,0.7875,0.9999966373057723,0.0021808065283396728,1.0016706628198748,0.9999632386804758,0.006327002785094362,0.9974460130594643,0.0016613827711065995,-0.999990942790868,0.9999633674220234
522.25,1,1165.8302981858608,190,0.7916666666666666,0.9999966156160679,0.0020435444211522463,1.0012591187483935,0.9999637507338348,0.006430239854538125,0.9968116862556731,0.0015622477708784168,-0.9999910652062864,0.9999638312666387
522.25,1,1165.8302981858608,191,0.7958333333333333,0.999996621651723,0.002077076700057156,1.0013690761128635,0.9999643413627679,0.006433016352036281,0.9966218472052898,0.0015933283710197774,-0.9999910482301303,0.9999640369182766
522.25,1,1165.8302981858608,192,0.8,0.999996593177305,0.0025108836171869025,1.0024102765188632,0.9999648732419056,0.006222044623118423,0.9973250702771898,0.001932033537923153,-0.9999904071451245,0.9999630428197244
522.25,1,1165.8302981858608,193,0.8041666666666667,0.999996521754875,0.002637901189295497,1.0026417781748573,0.9999652767171673,0.0060189773391784865,0.998266649806848,0.0020352841426909333,-0.9999902934391182,0.9999619514113929
522.25,1,1165.8302981858608,194,0.8083333333333333,0.9999964767326689,0.002446422315898176,1.002221350000712,0.9999655568021338,0.005947096463481046,0.99864093095635,0.0018924881721954113,-0.9999904144459668,0.9999611630733019
522.25,1,1165.8302981858608,195,0.8125,0.9999964359133907,0.0023680841060779215,1.002023800049866,0.9999658425024764,0.00598840252601656,0.9981558813098067,0.0018369823673883988,-0.9999905540210331,0.9999616924082728
522.25,1,1165.8302981858608,196,0.8166666666666667,0.9999963997483369,0.0022680634878751546,1.0017587401894779,0.9999662080569578,0.006062899734929558,0.9975670179806835,0.0017645099730002483,-0.9999907099118853,0.9999622888128628
522.25,1,1165.8302981858608,197,0.8208333333333333,0.9999963891094275,0.0022345306114296922,1.0016640573997606,0.9999666412298466,0.006092304972512932,0.9972623869976968,0.0017435125393202677,-0.9999907597540576,0.9999626946351003
522.25,1,1165.8302981858608,198,0.825,0.9999963757213376,0.0023866361354965295,1.00203763916906,0.9999671184583386,0.0060284203619913905,0.9973727030754282,0.0018674021655330148,-0.9999904321342593,0.9999623834151619
522.25,1,1165.8302981858608,199,0.8291666666666667,0.9999963256571824,0.0026167181547301567,1.0025222591728473,0.9999675294228718,0.005870133897986562,0.9980080143775809,0.002052514161590454,-0.9999900692360264,0.9999612499376218
522.25,1,1165.8302981858608,200,0.8333333333333334,0.9999962504641384,0.0027105674884939945,1.0026860119346543,0.9999677835548652,0.0057564018735025545,0.9986446393238687,0.0021309090354364032,-0.999989827090816,0.9999600565867333
522.25,1,1165.8302981858608,201,0.8375,0.9999961920552881,0.0026001411254596113,1.0024331023861166,0.9999679700310513,0.005727657938826344,0.9987548850526389,0.0020485914355386093,-0.999989999324759,0.9999596173790314
522.25,1,1165.8302981858608,202,0.8416666666666667,0.9999961525068075,0.0025167387165135236,1.0022325086556065,0.9999681975162836,0.005744740175641453,0.9984522668803532,0.001987385755530236,-0.99999019019276,0.9999600859850545
522.25,1,1165.8302981858608,203,0.8458333333333333,0.9999961098533584,0.002394799880593481,1.0019227468587726,0.9999684886281615,0.005812456776297177,0.9978699688183328,0.001895689035630847,-0.9999903924579793,0.9999608672356024
522.25,1,1165.8302981858608,204,0.85,0.9999960882834007,0.0022933512116868862,1.0016431462625703,0.9999688524323044,0.005879074716088455,0.9973895776174774,0.0018199213609574984,-0.9999906113186093,0.9999617176503178
522.25,1,1165.8302981858608,205,0.8541666666666666,0.9999960677631969,0.002629672878694629,1.0024455094104843,0.9999692285568633,0.005768373370680078,0.9977651942918616,0.0020914619462461606,-0.9999898147871717,0.9999605795001353
522.25,1,1165.8302981858608,206,0.8583333333333333,0.999995985396535,0.003009877975332974,1.0031814642979506,0.9999695002728274,0.005597202873830203,0.9987132116812542,0.0023982449824645506,-0.9999890638555301,0.9999587963907657
522.25,1,1165.8302981858608,207,0.8625,0.9999959085482893,0.002859818085368835,1.0028631602602485,0.9999696609943033,0.005522902240447079,0.9994284144479162,0.0022822823765352735,-0.999989268832871,0.9999568701776393
522.25,1,1165.8302981858608,208,0.8666666666666667,0.9999958503599266,0.002729628105838761,1.0025728380097383,0.9999697665861321,0.005524024123095181,0.9992500317825216,0.0021820184147543263,-0.9999894956528471,0.9999571831602001
522.25,1,1165.8302981858608,209,0.8708333333333333,0.9999957892218652,0.0026453875650089757,1.0023638551365663,0.9999699383946573,0.005568869089451988,0.9986220181478775,0.0021185262274887096,-0.9999897349772173,0.9999581082923159
522.25,1,1165.8302981858608,210,0.875,0.9999957487989576,0.0025503743209589966,1.0021250934565824,0.9999701717746018,0.005609694832941374,0.9981902853794649,0.002046279925806456,-0.9999899916061842,0.999959105783885
522.25,1,1165.8302981858608,211,0.8791666666666667,0.9999957233038533,0.002640410404255763,1.002324372663233,0.9999704634869969,0.005596678594760751,0.9981116245415708,0.0021223673738427055,-0.9999896238959302,0.9999588922634621
522.25,1,1165.8302981858608,212,0.8833333333333333,0.9999956695511794,0.0028785264784313043,1.002816607792891,0.9999707457855868,0.005505784187752369,0.9985453962011993,0.0023173781422277987,-0.9999890846734614,0.99995785000054
522.25,1,1165.8302981858608,213,0.8875,0.9999955779401706,0.003069424579913756,1.0031670768424565,0.9999709064144743,0.0054171917789433924,0.9992897755307497,0.0024741516486242207,-0.9999884943498965,0.9999556145317765
522.25,1,1165.8302981858608,214,0.8916666666666667,0.9999954853797602,0.003021836905803593,1.003043343911111,0.9999709592970923,0.005395218614760423,0.9996321465891124,0.0024385332601118115,-0.9999886168415355,0.9999546694797067
522.25,1,1165.8302981858608,215,0.8958333333333334,0.9999954186130459,0.0029075901311608155,1.0027869406937413,0.9999710177739586,0.005395750771349569,0.9994865090973745,0.002349028055842657,-0.9999888933337954,0.9999546145004876
522.25,1,1165.8302981858608,216,0.9,0.9999953547996462,0.002823224493811587,1.0025822508668918,0.9999711354043559,0.005417984630948728,0.9990105644028936,0.002283762359114606,-0.9999891882175318,0.9999557584892442
522.25,1,1165.8302981858608,217,0.9041666666666667,0.9999952972690332,0.002653031535302518,1.0021637541599573,0.9999713129510056,0.005474759718996779,0.9983975501212633,0.002149125267079615,-0.9999895062187684,0.9999570000157255
522.25,1,1165.8302981858608,218,0.9083333333333333,0.9999952652497728,0.002792615136707225,1.0024785347013456,0.999971546401568,0.005457438916561654,0.998370329409274,0.0022650882646203935,-0.9999891484182958,0.9999569082066209
522.25,1,1165.8302981858608,219,0.9125,0.9999951817334367,0.003310187145348693,1.003510182086572,0.9999717141588694,0.005349978595583506,0.9991800443831104,0.002687302491937499,-0.9999875106271277,0.9999543909162817
522.25,1,1165.8302981858608,220,0.9166666666666666,0.9999950650510476,0.0033469348084003755,1.0035466381200475,0.9999717811362716,0.005312567611649762,1.000094989008854,0.002718614296888952,-0.9999875493696164,0.9999516418514408
522.25,1,1165.8302981858608,221,0.9208333333333333,0.999994976917957,0.003155412212345954,1.0031461452955839,0.9999717586935728,0.005319101463366837,1.0003210979799124,0.002564312483525279,-0.9999878607736263,0.9999503678824181
522.25,1,1165.8302981858608,222,0.925,0.9999948881920389,0.0030806689870083066,1.00296369103661,0.9999717648999671,0.005316131670860497,0.9997713051536781,0.002505207007232399,-0.999988192228834,0.9999516477371021
522.25,1,1165.8302981858608,223,0.9291666666666667,0.999994808838523,0.0029653896197878757,1.002687782834363,0.999971835687482,0.005335033728398949,0.9992279241489933,0.002413281792309649,-0.9999885523133325,0.9999530480641967
522.25,1,1165.8302981858608,224,0.9333333333333333,0.9999947560670176,0.0029674899827591967,1.0026726823725263,0.9999719656214131,0.005343002609883523,0.9989872876837875,0.0024167903654799166,-0.9999884922557819,0.999953629940717
522.25,1,1165.8302981858608,225,0.9375,0.9999946907578326,0.00317575564645145,1.0030954853184617,0.9999721238022321,0.005310880037082405,0.9991888388497787,0.00258788902141775,-0.9999877810012809,0.999952967100535
522.25,1,1165.8302981858608,226,0.9416666666666667,0.9999945810224103,0.0034250064846523473,1.0035592783547242,0.9999722085367303,0.0052723465494749905,0.9998888752622463,0.002791674975433737,-0.9999869748707623,0.9999501378406772
522.25,1,1165.8302981858608,227,0.9458333333333333,0.9999944483115696,0.003486384336853017,1.0036406889510108,0.9999721632762083,0.005286093708323412,1.0004606836837644,0.0028417924289788838,-0.9999866401072792,0.9999479177216243
522.25,1,1165.8302981858608,228,0.95,0.9999943382996634,0.0033641038340039213,1.003368860656749,0.9999720806426061,0.005295615665694151,1.0004985043178793,0.0027421104851771015,-0.9999870025604696,0.9999469581393489
522.25,1,1165.8302981858608,229,0.9541666666666667,0.9999942437895896,0.00328776556888555,1.0031841284001088,0.9999720442892802,0.005288346808301515,1.0001476696293423,0.0026801001828760497,-0.9999874009811834,0.9999483229937162
522.25,1,1165.8302981858608,230,0.9583333333333334,0.9999941456528104,0.0031360577507020377,1.0028255255513139,0.9999720645331787,0.00529539037569484,0.9995403331886484,0.0025570388711210626,-0.9999878148239372,0.9999499297666646
522.25,1,1165.8302981858608,231,0.9625,0.9999940762730555,0.003079672625361447,1.0026721545692732,0.9999721528761175,0.005310267893689927,0.9991615059533252,0.0025116962095423118,-0.9999882452822442,0.999951609156682
522.25,1,1165.8302981858608,232,0.9666666666666667,0.9999939900232642,0.00353858160714467,1.0036153025400771,0.9999722300001803,0.005274310357606987,0.9996890780153795,0.0028857774563384453,-0.9999862919260365,0.9999486299319306
522.25,1,1165.8302981858608,233,0.9708333333333333,0.9999938328527468,0.0038468623304792004,1.0041634760964673,0.9999722092163601,0.005292303009028724,1.0006600564927393,0.0031357465428772466,-0.9999852517016057,0.9999451614267809
522.25,1,1165.8302981858608,234,0.975,0.9999936926983812,0.003662493258995227,1.0037771665528084,0.9999720886146495,0.005358130322511254,1.001264284198796,0.00298347698101133,-0.9999856337088442,0.9999414407869482
522.25,1,1165.8302981858608,235,0.9791666666666666,0.9999935662086479,0.0035580263752619063,1.0035349249001322,0.999971941983769,0.0053395951252768565,1.0009525802567412,0.002896797345958166,-0.9999860615135507,0.9999428826380654
522.25,1,1165.8302981858608,236,0.9833333333333333,0.9999934377254541,0.003464131832040205,1.0033033206077242,0.9999718625675459,0.005309725777517718,1.0003339927333887,0.0028191963806760514,-0.9999865088002039,0.9999446032964245
522.25,1,1165.8302981858608,237,0.9875,0.9999933369873513,0.003388316424925188,1.0031089254812435,0.9999718402870039,0.005306674891877898,0.9999534083243895,0.0027564782551062587,-0.9999869752363718,0.9999464072796046
522.25,1,1165.8302981858608,238,0.9916666666666667,0.9999932450643574,0.0035305561988715328,1.0033850527702806,0.9999718690628526,0.005303991768458065,0.9999472458875617,0.0028708642569852862,-0.9999861334001969,0.9999456738725013
522.25,1,1165.8302981858608,239,0.9958333333333333,0.9999931100565085,0.0037955825857330567,1.0038847940616769,0.9999718715921138,0.005314083699832682,1.0004714513523705,0.0030840598108732536,-0.9999851781095657,0.9999434210261564
522.25,2,1166.3302981858608,0,0.0,0.9999863444361684,0.003831575167769798,0.9985689499922641,0.9999452231940577,0.007973070325398348,1.0042025132276615,0.0026313278835421046,-0.9999783334985428,0.9999139276828236
522.25,2,1166.3302981858608,1,0.004166666666666667,0.999986346584296,0.003876666407191607,0.9983429733018885,0.9999441457176841,0.007935085446671056,1.0037785231040692,0.0026503496195031282,-0.9999782464493172,0.9999132753101162
522.25,2,1166.3302981858608,2,0.008333333333333333,0.9999863507956686,0.003976405211497541,0.9979224363923369,0.999943177208064,0.007850512669555335,1.003105796644485,0.002706956757241792,-0.9999782242257581,0.999912880169479
522.25,2,1166.3302981858608,3,0.0125,0.9999864291612971,0.004002182895648962,0.997790356521196,0.9999423477759265,0.00783143793736367,1.0027164007589926,0.0027130671094673163,-0.9999782822201101,0.9999127746344687
522.25,2,1166.3302981858608,4,0.016666666666666666,0.9999864607850151,0.003788469014390654,0.9987254353177254,0.99994147714183,0.007984610500832505,1.0032398856786362,0.0025567450627593915,-0.9999792597208759,0.9999147742958551
522.25,2,1166.3302981858608,5,0.020833333333333332,0.9999863537623682,0.003744181854920271,0.9991370472056343,0.9999403999240464,0.008256752891460245,1.0041497128890433,0.002514809899837799,-0.9999795015391736,0.9999164271370435
522.25,2,1166.3302981858608,6,0.025,0.9999863033557378,0.0038156800764154297,0.9986872546850294,0.99993910764517,0.008460718584145566,1.0046350249164266,0.0025503575211407335,-0.9999791019049589,0.9999176741628932
522.25,2,1166.3302981858608,7,0.029166666666666667,0.9999862858851152,0.003869387278727085,0.9984150281570837,0.9999377743126959,0.00842834780795973,1.004206912572825,0.0025742143149994345,-0.9999788147851136,0.9999162509967853
522.25,2,1166.3302981858608,8,0.03333333333333333,0.9999862773044739,0.003934748289468432,0.9981258185503444,0.9999365864450899,0.008343371030274776,1.003527203106053,0.0026060753793421005,-0.9999785927039864,0.9999150806288712
522.25,2,1166.3302981858608,9,0.0375,0.9999863418101399,0.003981793127328118,0.9979062366524811,0.9999355312606658,0.008321085500820911,1.0030941300412028,0.0026258509819544642,-0.9999784818770058,0.9999142497413674
522.25,2,1166.3302981858608,10,0.041666666666666664,0.9999864272489591,0.003907760248922923,0.9981589463945618,0.9999345954693944,0.008367342938342305,1.0030404706978933,0.0025658776900255678,-0.999979319326454,0.9999155528685911
522.25,2,1166.3302981858608,11,0.04583333333333333,0.999986425158231,0.0038144439995225973,0.998604439498623,0.9999335915508452,0.008519280448449865,1.0035190484612384,0.0024932711564819,-0.9999799532427692,0.9999176556727578
522.25,2,1166.3302981858608,12,0.05,0.9999863425341596,0.0037905749234819763,0.9988082321735576,0.9999322865902783,0.00873314197350194,1.00414499020952,0.002466020978512734,-0.9999803663080489,0.9999201566404743
522.25,2,1166.3302981858608,13,0.05416666666666667,0.9999862950393941,0.003841807489754527,0.9985487871380269,0.9999307962280902,0.008849410578124932,1.0042773757538765,0.002487645489996486,-0.9999799172164691,0.9999203041777729
522.25,2,1166.3302981858608,14,0.058333333333333334,0.9999863187339096,0.0038956907864251466,0.9982722384316808,0.9999293697693579,0.008856186154827802,1.0039581049256772,0.0025111127183588895,-0.9999795288718973,0.9999194223146439
522.25,2,1166.3302981858608,15,0.0625,0.9999863468308307,0.003966686531995816,0.9979617541433702,0.99992809546696,0.008798851381552147,1.003326869267763,0.0025459439155910476,-0.9999791947211991,0.9999178358998122
522.25,2,1166.3302981858608,16,0.06666666666666667,0.9999864263273917,0.004075628243954342,0.9975384365328134,0.9999269975868214,0.008749915470771478,1.0026714743103005,0.002605276288751013,-0.999978962508278,0.9999166467096666
522.25,2,1166.3302981858608,17,0.07083333333333333,0.999986552363077,0.0039087125360382086,0.9980884949043338,0.999926008474156,0.008822160789630008,1.0027748684668596,0.0024882187277949783,-0.9999801727999714,0.9999184903274605
522.25,2,1166.3302981858608,18,0.075,0.9999865127735139,0.003749145319861756,0.9989339177563198,0.9999248162275789,0.009031671293511115,1.0035807004675987,0.0023761116365948456,-0.9999819558667579,0.9999222082256605
522.25,2,1166.3302981858608,19,0.07916666666666666,0.999986455414728,0.0037965719672488907,0.9986822440868933,0.9999233728600928,0.009264166028736807,1.0042983624565889,0.002395131613332564,-0.9999813951131165,0.9999253818840328
522.25,2,1166.3302981858608,20,0.08333333333333333,0.9999864779504503,0.003872480366538837,0.9982844546642775,0.9999217525579941,0.009325650678008673,1.0041851106765203,0.002432216036253155,-0.9999808878068964,0.9999252746467836
522.25,2,1166.3302981858608,21,0.0875,0.9999865010790849,0.003927330744970663,0.998039764282721,0.9999202891161614,0.009256678397263006,1.003463067276181,0.0024564856451222477,-0.999980425269239,0.999923222686131
522.25,2,1166.3302981858608,22,0.09166666666666666,0.9999865820250972,0.004004434206314811,0.9977145774342997,0.9999190168696408,0.00922359370669891,1.0028648285154684,0.002494932543511546,-0.9999800472778679,0.9999214953523955
522.25,2,1166.3302981858608,23,0.09583333333333334,0.9999867334025194,0.003972160505392867,0.9977613045138294,0.9999179458889799,0.009241040334789443,1.0025890755928335,0.00246543043428994,-0.9999806448916597,0.9999218369166064
522.25,2,1166.3302981858608,24,0.1,0.9999868305676487,0.0038529051584411346,0.998171117039909,0.9999169405325659,0.009324812742523341,1.0027942375458632,0.0023821777982768496,-0.9999817280651577,0.9999237184718933
522.25,2,1166.3302981858608,25,0.10416666666666667,0.9999868198897476,0.003778410126762953,0.9985203606024549,0.9999156778159146,0.009493137311159281,1.0034110912990284,0.0023267022212175724,-0.9999825703459874,0.9999277008041507
522.25,2,1166.3302981858608,26,0.10833333333333334,0.9999867928647893,0.0038019833634892653,0.9984213991678402,0.9999140902985073,0.009635172450523526,1.00372916170534,0.002331782880513078,-0.9999824922413573,0.9999294393036514
522.25,2,1166.3302981858608,27,0.1125,0.9999868529932624,0.003869779679638224,0.9980896477426914,0.9999124953642291,0.009680076056748851,1.0035275168608382,0.002364186040065456,-0.9999819512644382,0.9999296036632047
522.25,2,1166.3302981858608,28,0.11666666666666667,0.9999869472136892,0.003921911865998492,0.9978442531555843,0.9999111026518003,0.009658027913658086,1.0029643039354936,0.0023874369533052973,-0.9999814770211325,0.9999275394569391
522.25,2,1166.3302981858608,29,0.12083333333333333,0.9999870560203606,0.0040491659865570665,0.9973759708611066,0.9999099331933272,0.009616090566466205,1.0021944866278758,0.00245688133454995,-0.9999810593393047,0.9999256902506135
522.25,2,1166.3302981858608,30,0.125,0.9999872613265686,0.004011950997762903,0.9974121654951953,0.9999090268681984,0.009627455735178954,1.0018537044316929,0.0024266527007881186,-0.9999812433513596,0.9999251175248616
522.25,2,1166.3302981858608,31,0.12916666666666668,0.9999873686033275,0.003732494777884639,0.9983887620446108,0.9999080414162655,0.009739192737800295,1.002408541127907,0.002250135810311201,-0.9999838285407583,0.999929615710473
522.25,2,1166.3302981858608,32,0.13333333333333333,0.9999873466816623,0.003697317779862662,0.9985749349175007,0.9999067863628053,0.009917258381618593,1.0032110382057355,0.002221127953342387,-0.9999841735996429,0.9999336943694185
522.25,2,1166.3302981858608,33,0.1375,0.9999874158571127,0.0037944472643806396,0.9980972324401627,0.999905260406817,0.01003395125934586,1.003453027053639,0.0022716765825152333,-0.9999835998444282,0.9999363058236116
522.25,2,1166.3302981858608,34,0.14166666666666666,0.9999875099024818,0.0038504764329510533,0.9978408048862675,0.9999038045731391,0.010008783288024467,1.0028255840674098,0.0022981347056398403,-0.9999830766656148,0.9999340900241225
522.25,2,1166.3302981858608,35,0.14583333333333334,0.9999876287220699,0.003931625694565717,0.9975185522307699,0.9999026362530179,0.009975989986023706,1.0020790998835807,0.0023401064717149594,-0.9999826018409085,0.999932056103734
522.25,2,1166.3302981858608,36,0.15,0.9999878385428067,0.003957410651891738,0.9973578607162878,0.9999017421319598,0.00997734477026477,1.0016073219473116,0.00234948860905877,-0.9999825101405965,0.9999308432594279
522.25,2,1166.3302981858608,37,0.15416666666666667,0.9999880501320456,0.00383187925850565,0.9976645826759987,0.9999010681350257,0.0100060016510755,1.0015428262494566,0.0022693726557819986,-0.999983665871314,0.9999322601514278
522.25,2,1166.3302981858608,38,0.15833333333333333,0.9999881547571428,0.0036976312511605492,0.9980901470216226,0.9999002914438656,0.010085307009921708,1.0020045371137323,0.002184262907618619,-0.9999846581827236,0.9999357236456602
522.25,2,1166.3302981858608,39,0.1625,0.9999881888404563,0.0036647477403213176,0.9982020417797404,0.9998991190622621,0.01019523261186134,1.0024777957701285,0.0021592422542599725,-0.9999852282252337,0.9999390320353443
522.25,2,1166.3302981858608,40,0.16666666666666666,0.9999882855103893,0.0037331687737767448,0.997894098317918,0.9998978093708952,0.010252900596682189,1.002424358509492,0.0021942289260349726,-0.9999846949230664,0.9999398226090903
522.25,2,1166.3302981858608,41,0.17083333333333334,0.9999884524269989,0.003788495173128556,0.9976341908543405,0.9998967093653659,0.010256116587958157,1.0019499705018278,0.002222005727305638,-0.9999842022367906,0.9999385076261752
522.25,2,1166.3302981858608,42,0.175,0.9999886193804433,0.0038879624314471875,0.9972703510620243,0.9998959034456213,0.0102372269578131,1.0011875787766387,0.002276357782589079,-0.9999837364658986,0.9999365383370141
522.25,2,1166.3302981858608,43,0.17916666666666667,0.9999888601494936,0.003983639442060969,0.996929142204156,0.999895438992092,0.01023200674714668,1.0005158229821975,0.0023290007470248104,-0.9999833154397079,0.9999347382212009
522.25,2,1166.3302981858608,44,0.18333333333333332,0.9999891144133765,0.003691151354372438,0.9976622037397865,0.9998951308326224,0.010252322919176276,1.000694479011797,0.002154795939933645,-0.999985165826138,0.9999376073021038
522.25,2,1166.3302981858608,45,0.1875,0.9999891875156761,0.0034898000153238875,0.9983483463361427,0.9998945771833669,0.010318706570952494,1.0014522603174059,0.002033908822923399,-0.9999867367401405,0.9999416642460986
522.25,2,1166.3302981858608,46,0.19166666666666668,0.9999892868163175,0.003571596075866397,0.9979805867369504,0.9998937408659911,0.010403063011616975,1.001984286963541,0.0020781255411174973,-0.9999862211931762,0.9999453759493527
522.25,2,1166.3302981858608,47,0.19583333333333333,0.9999894536252495,0.003653850078515582,0.9976345614675505,0.9998928017406267,0.010417022253874936,1.0016238062738754,0.002123142865252484,-0.9999857396567186,0.9999446017740077
522.25,2,1166.3302981858608,48,0.2,0.9999896200821347,0.003719650737070418,0.9973744114177712,0.9998921928473382,0.010398528964255326,1.000803175772055,0.0021593385559130034,-0.9999852789213659,0.9999426819183297
522.25,2,1166.3302981858608,49,0.20416666666666666,0.999989855475292,0.0037965051827356946,0.9970822842049385,0.9998919126626806,0.0103972242199869,1.0001728488212651,0.0022025531330538617,-0.9999848518316506,0.9999408883332415
522.25,2,1166.3302981858608,50,0.20833333333333334,0.999990142135817,0.0037041552824204262,0.9972243080853491,0.9998919606723381,0.010394480972274448,0.9998913076167615,0.002148001049039231,-0.9999855822863524,0.9999414838540474
522.25,2,1166.3302981858608,51,0.2125,0.9999903540802209,0.0035190345636946325,0.9976627709956005,0.9998920974030797,0.010387965232259698,1.0001202197547512,0.002039714824383976,-0.9999865235875974,0.9999434524858732
522.25,2,1166.3302981858608,52,0.21666666666666667,0.9999904669027218,0.0034070955591440637,0.9979648078836928,0.9998919044269763,0.010407534534501434,1.0006653919561548,0.001973801215066954,-0.9999873600922362,0.9999470854022624
522.25,2,1166.3302981858608,53,0.22083333333333333,0.9999905870144984,0.003441989468984607,0.997795926774733,0.9998914142696914,0.010436300604926216,1.000813566286052,0.0019932196585934745,-0.9999871357503132,0.9999483309885705
522.25,2,1166.3302981858608,54,0.225,0.9999907877532853,0.003516451578413614,0.9974918870289275,0.9998910453025012,0.010443470663072234,1.000472115943084,0.002036076319480632,-0.9999867004625866,0.9999482671266959
522.25,2,1166.3302981858608,55,0.22916666666666666,0.9999910026728163,0.003578770258280389,0.9972432576785462,0.9998910029189788,0.010441138803589425,0.9997985223715614,0.0020726631644479698,-0.9999862903865119,0.9999465642839169
522.25,2,1166.3302981858608,56,0.23333333333333334,0.9999912383041692,0.0037352603963216736,0.9967832159076657,0.9998912950082897,0.010450865758518372,0.9989849765459503,0.0021646812977015955,-0.999985916827846,0.9999449998882275
522.25,2,1166.3302981858608,57,0.2375,0.9999915462774479,0.0035819227353469,0.9970458249468953,0.9998919199725276,0.010433625340479181,0.9987513042620331,0.0020773881741361533,-0.9999864280611155,0.9999452384943447
522.25,2,1166.3302981858608,58,0.24166666666666667,0.9999917274723183,0.0031959356332300665,0.9980314092816557,0.9998924196249414,0.010382071985520082,0.9993566761898477,0.001854688848184387,-0.9999884377706415,0.9999486698068742
522.25,2,1166.3302981858608,59,0.24583333333333332,0.9999918331590152,0.003179052865743021,0.998032392592033,0.9998926462507446,0.010361293993533935,1.0000729992516015,0.0018458512708626508,-0.9999883489208383,0.9999518037757459
522.25,2,1166.3302981858608,60,0.25,0.9999920190227326,0.003299531664738189,0.9975921103278161,0.9998926276422786,0.010362339735595803,1.0001070355355244,0.0019171760569466588,-0.9999879508587779,0.9999531254733152
522.25,2,1166.3302981858608,61,0.25416666666666665,0.9999922079998703,0.00335464126745242,0.9973722403239447,0.9998928099684926,0.010363017135442359,0.9993644122622583,0.0019513823841022632,-0.9999875718492859,0.9999515626580988
522.25,2,1166.3302981858608,62,0.25833333333333336,0.9999924226284926,0.003450227538499799,0.9970626403539281,0.9998933395933617,0.010373290459686754,0.9986262809348458,0.002009929842607815,-0.9999872244582241,0.9999501199703577
522.25,2,1166.3302981858608,63,0.2625,0.9999927014965473,0.003431590559272724,0.9970120291808018,0.9998941978748023,0.01036529121435823,0.9981920439812115,0.002002471614373489,-0.9999873193135824,0.9999495871701561
522.25,2,1166.3302981858608,64,0.26666666666666666,0.9999929539573399,0.003230510504170653,0.9973994713807746,0.9998952672272073,0.010312846112388929,0.9982004026138407,0.001888466189173311,-0.9999880837572036,0.9999504604200249
522.25,2,1166.3302981858608,65,0.2708333333333333,0.9999931132772761,0.003041183525029772,0.9978288400028488,0.9998961650207658,0.010230843571489545,0.9987083425398164,0.001780765297372495,-0.9999887608581358,0.9999531190592112
522.25,2,1166.3302981858608,66,0.275,0.9999932302248311,0.0030037499937237548,0.9978796309280534,0.9998966681040385,0.010185464851374795,0.9990928424628602,0.001761831133970403,-0.9999890088391301,0.9999550195407294
522.25,2,1166.3302981858608,67,0.2791666666666667,0.9999934013600379,0.003087905334070096,0.9975794878879982,0.999897114109192,0.010170610322855536,0.9989465335214274,0.0018146231796139437,-0.9999886680932071,0.9999556325552428
522.25,2,1166.3302981858608,68,0.2833333333333333,0.999993607317421,0.0031406522951230925,0.99736868281357,0.9998978128103606,0.01017073649689979,0.9984158092186532,0.0018496917953916261,-0.999988355339175,0.9999545030575198
522.25,2,1166.3302981858608,69,0.2875,0.9999938057240282,0.00327694255600963,0.9969898681346937,0.9998987983300021,0.010198460626248799,0.9976333241288454,0.0019349572631437281,-0.9999880572339924,0.9999532653719387
522.25,2,1166.3302981858608,70,0.2916666666666667,0.9999940594446777,0.003322098741758572,0.996812650398643,0.9999001109128628,0.010206171617913871,0.997079450241581,0.001967163348137035,-0.9999877768612176,0.9999520949399641
522.25,2,1166.3302981858608,71,0.29583333333333334,0.9999942835153801,0.0028822027194045086,0.9977263512869462,0.9999014750503764,0.01009129988712761,0.9974304800301794,0.0017113275134166858,-0.9999891986245321,0.9999544214723627
522.25,2,1166.3302981858608,72,0.3,0.9999943837179674,0.0026730075097883862,0.9982529869022383,0.9999025729475411,0.00994990491395196,0.9982274754192715,0.0015911528436575789,-0.9999898719391821,0.9999568383571334
522.25,2,1166.3302981858608,73,0.30416666666666664,0.9999945212323766,0.0027928785938435663,0.9978475945158098,0.9999033868680085,0.009874577258326899,0.9986635598426905,0.0016667446016377055,-0.9999895719498916,0.9999591007356495
522.25,2,1166.3302981858608,74,0.30833333333333335,0.9999946848942536,0.002869776424831641,0.9975860881869468,0.9999041623989587,0.009873098808632269,0.9981902100904405,0.0017175560026786967,-0.9999892973507972,0.999958118747903
522.25,2,1166.3302981858608,75,0.3125,0.9999948450862789,0.0029498202202818736,0.9973402543231241,0.9999052294322701,0.009905787370964148,0.997413222927783,0.0017711303994994954,-0.9999890354546003,0.999957034004691
522.25,2,1166.3302981858608,76,0.31666666666666665,0.999995049615029,0.0030114719931404184,0.997134057840384,0.9999065538894687,0.009916229513673555,0.9968788694649121,0.001814381990105874,-0.9999887876530851,0.9999560029380028
522.25,2,1166.3302981858608,77,0.32083333333333336,0.9999952668003977,0.0028508347244835656,0.9973979795825774,0.9999081064272592,0.009862990445618862,0.9967234512884752,0.0017236870034501824,-0.9999893104132249,0.9999565690541399
522.25,2,1166.3302981858608,78,0.325,0.9999954207755416,0.0026124950316507457,0.9978828480431801,0.9999096320610245,0.009725718864115926,0.9970983395083047,0.001585020629294465,-0.9999898156633943,0.9999578556998523
522.25,2,1166.3302981858608,79,0.32916666666666666,0.9999955142334659,0.002488320107649126,0.99815455550412,0.9999108014778831,0.009587032252049023,0.9976733703841778,0.001514720013134327,-0.9999902838836096,0.9999598337812828
522.25,2,1166.3302981858608,80,0.3333333333333333,0.9999956213630273,0.0025433212600697256,0.9979576526453448,0.9999117395836181,0.00952517517218019,0.997780409942789,0.001553493091849685,-0.9999900523887909,0.9999602808073598
522.25,2,1166.3302981858608,81,0.3375,0.9999957695510406,0.0026163009411351123,0.9977158688898411,0.9999127822893706,0.009514040591519906,0.9974344235931389,0.0016038730368503123,-0.9999898278510193,0.9999600552769011
522.25,2,1166.3302981858608,82,0.3416666666666667,0.9999959140206267,0.002698883760875758,0.9974741576502714,0.9999140452101384,0.009546847702848919,0.9967840088514076,0.00166100886912493,-0.9999896152331217,0.9999591706385392
522.25,2,1166.3302981858608,83,0.3458333333333333,0.9999960745228401,0.0028642297637907457,0.9970790846221028,0.9999155300697329,0.009601310588181297,0.9960793636687356,0.0017702118608462181,-0.9999894291129104,0.9999583888735489
522.25,2,1166.3302981858608,84,0.35,0.9999962610477051,0.0025772137674395716,0.9975932964890292,0.9999171791902532,0.009513190531614294,0.9960883162033823,0.001599485734877926,-0.9999898757182073,0.9999588996076381
522.25,2,1166.3302981858608,85,0.3541666666666667,0.9999963550546176,0.0021701756910220815,0.9985418027657829,0.9999186316580742,0.009292900582061418,0.9968458437857112,0.0013521797354819618,-0.9999908286381549,0.9999605695647064
522.25,2,1166.3302981858608,86,0.35833333333333334,0.9999964258582925,0.00220202485361734,0.9984045413987732,0.999919823621589,0.009116892193775721,0.9975774133224401,0.0013771983965434537,-0.9999906292523099,0.9999620785516891
522.25,2,1166.3302981858608,87,0.3625,0.9999965355363748,0.0023219064766984068,0.9980388688221422,0.9999208140925986,0.009069719589859391,0.9975234920804178,0.001457876236671417,-0.9999904413030485,0.9999623635846128
522.25,2,1166.3302981858608,88,0.36666666666666664,0.9999966388559439,0.002380627766852513,0.9978546283310818,0.9999219531654813,0.009117893691304939,0.9968146078152721,0.001501064531301216,-0.9999902644048978,0.9999616252998771
522.25,2,1166.3302981858608,89,0.37083333333333335,0.9999967595265893,0.0024832325964211466,0.9975838381272085,0.9999232859143549,0.009161385731711224,0.9962078663273929,0.0015727274935446978,-0.9999901104797149,0.999960976728774
522.25,2,1166.3302981858608,90,0.375,0.9999969078433009,0.002416855728827937,0.9976579442612605,0.9999248004513689,0.00913914917689815,0.9959278279073587,0.0015376506298958798,-0.9999902300940202,0.9999608998275251
522.25,2,1166.3302981858608,91,0.37916666666666665,0.9999970282295974,0.002177954288918105,0.9981193666361537,0.999926373635568,0.009009753613274482,0.9961216942475388,0.0013918479225122162,-0.9999905591568875,0.9999613339133834
522.25,2,1166.3302981858608,92,0.38333333333333336,0.9999970956006163,0.0019907514079872783,0.9985459322129249,0.9999277224458236,0.00880620249613972,0.9967580976029888,0.0012776303982430493,-0.9999908480913404,0.9999625525417505
522.25,2,1166.3302981858608,93,0.3875,0.9999971475877943,0.0019791629100477633,0.9985418331293632,0.9999287640876566,0.008678861546958521,0.9971450516694098,0.0012755304233756598,-0.9999908858185749,0.9999632115787449
522.25,2,1166.3302981858608,94,0.39166666666666666,0.9999972300374651,0.00206607948475271,0.9982701816439351,0.9999297654649127,0.008643540290135868,0.9970122873796827,0.0013372801246402586,-0.9999907433448367,0.9999634035431612
522.25,2,1166.3302981858608,95,0.3958333333333333,0.9999973223206176,0.0021201084202493417,0.9980954121159825,0.9999309070167508,0.008669333907235887,0.9965232954211626,0.0013784483346373352,-0.999990621360118,0.9999628853811114
522.25,2,1166.3302981858608,96,0.4,0.9999974108995039,0.0022850791708705926,0.997708072179742,0.9999321931637394,0.00875066023499247,0.9958211843099959,0.001492813951630158,-0.9999905128961928,0.9999624202453681
522.25,2,1166.3302981858608,97,0.4041666666666667,0.999997529407441,0.0022480969742692406,0.9977295396567272,0.999933646480099,0.008750136135846015,0.9954908766776391,0.0014757620860536766,-0.999990483036273,0.9999621344280288
522.25,2,1166.3302981858608,98,0.4083333333333333,0.9999976137129937,0.0017771955732888097,0.9987580816420796,0.9999350329159107,0.008527892842478341,0.9960686045750834,0.001171987927186381,-0.9999910326480724,0.9999630582761476
522.25,2,1166.3302981858608,99,0.4125,0.9999976421050092,0.0016613517877382784,0.9991035232043675,0.9999361937456849,0.008273919071113068,0.996954467625559,0.001100301103745546,-0.999991171154688,0.9999639009059375
522.25,2,1166.3302981858608,100,0.4166666666666667,0.9999976969423279,0.0017766411068178278,0.9986944085983258,0.999937128331334,0.008149337268617397,0.9973426116169516,0.0011816506343565155,-0.9999910614683155,0.9999645443969882
522.25,2,1166.3302981858608,101,0.42083333333333334,0.9999977574998048,0.001837728103483522,0.9984946495254178,0.9999380494605282,0.008181688993427381,0.9968459261130062,0.001227751539574919,-0.9999909705099576,0.9999641518767953
522.25,2,1166.3302981858608,102,0.425,0.9999978186996705,0.0019269061563863712,0.9982512894801447,0.999939122721329,0.008257400615730043,0.9961842433426034,0.0012933599145632311,-0.9999908932794237,0.9999638136001396
522.25,2,1166.3302981858608,103,0.42916666666666664,0.9999979037791156,0.001960357801381876,0.998132634666027,0.9999403238649438,0.008279193045190154,0.995797088481357,0.0013221092921601523,-0.999990855660945,0.9999635761820231
522.25,2,1166.3302981858608,104,0.43333333333333335,0.9999979873889002,0.0017766238079699357,0.9984886720861242,0.9999416170828496,0.008196484369789946,0.9958135482377397,0.0012038693869875561,-0.9999910075211248,0.9999637562444095
522.25,2,1166.3302981858608,105,0.4375,0.9999980347124597,0.001573354541158628,0.9989904028718561,0.9999428185661795,0.007989223994301476,0.9963606317307523,0.0010709252655607274,-0.9999911373413343,0.9999641548566874
522.25,2,1166.3302981858608,106,0.44166666666666665,0.9999980549790126,0.001503572111520311,0.9992056977243898,0.999943747892455,0.007799744132651751,0.9969766507656874,0.0010278355386080576,-0.9999912264111219,0.9999645990084167
522.25,2,1166.3302981858608,107,0.44583333333333336,0.9999980881803491,0.0015591033924393027,0.9989817107267678,0.9999445376331755,0.007728995781527777,0.9970801434279054,0.0010703860296720471,-0.9999911654604519,0.9999646877017245
522.25,2,1166.3302981858608,108,0.45,0.9999981396249902,0.0016128129904718356,0.9987835366736274,0.9999453874175861,0.007738060410334278,0.996760168815242,0.0011121638567034573,-0.999991118707776,0.9999645912313869
522.25,2,1166.3302981858608,109,0.45416666666666666,0.9999981867816866,0.0017082687032042017,0.9985145199649735,0.9999463451843971,0.007815230338633053,0.9961542453966377,0.0011834508195727922,-0.9999910827951849,0.9999644190449021
522.25,2,1166.3302981858608,110,0.4583333333333333,0.9999982479108411,0.001836209346223443,0.9982018516089414,0.9999474214901033,0.007894772300850292,0.9955939653445839,0.0012781693877918772,-0.9999910645345157,0.9999643172372542
522.25,2,1166.3302981858608,111,0.4625,0.9999983141664303,0.0015036363952433671,0.9989281103540991,0.9999485415485568,0.007753010002347425,0.9958490190148587,0.0010514667057118557,-0.99999114712965,0.9999644470449691
522.25,2,1166.3302981858608,112,0.4666666666666667,0.999998328421383,0.001304053407178948,0.9997592937630139,0.9999494956022359,0.007472673246104418,0.9967383014144757,0.0009157692016543781,-0.999991242846238,0.9999646593833087
522.25,2,1166.3302981858608,113,0.4708333333333333,0.9999983425395066,0.001334224017780737,0.999504757248514,0.9999502628347909,0.007277378271015272,0.9974642292705076,0.000940714110921016,-0.9999912110417333,0.9999647858627377
522.25,2,1166.3302981858608,114,0.475,0.9999983737413499,0.0013946446957665835,0.9992018504310644,0.9999509136365058,0.007257491523905289,0.9973258938469082,0.0009873662546069008,-0.9999911941640911,0.9999647726297137
522.25,2,1166.3302981858608,115,0.4791666666666667,0.9999984011244276,0.0014429663624140904,0.9990173480133652,0.9999516593151531,0.007342361398041411,0.9966679354429967,0.001025990411655784,-0.9999911880465343,0.9999647202705569
522.25,2,1166.3302981858608,116,0.48333333333333334,0.9999984418500958,0.0015183554254545207,0.9987782454792774,0.999952503158402,0.007403924233239196,0.9961806571490628,0.0010843804407910539,-0.9999911985073645,0.9999647343775666
522.25,2,1166.3302981858608,117,0.4875,0.9999984948299094,0.0014339312956396773,0.9989507984905767,0.9999534399849159,0.007378267292308813,0.996038175693744,0.0010286109255795905,-0.9999911897998097,0.9999647409918246
522.25,2,1166.3302981858608,118,0.49166666666666664,0.9999985284820885,0.001274290053430114,0.9994482510610405,0.9999543737828265,0.007221145660060056,0.9963956774326395,0.0009179483962223334,-0.9999911666063073,0.9999647084792639
522.25,2,1166.3302981858608,119,0.49583333333333335,0.9999985344527366,0.0012159994513392255,0.9998381031235065,0.9999551275096126,0.007003893089701482,0.997112040491334,0.0008794020920375824,-0.9999911198357593,0.9999645582239859
522.25,2,1166.3302981858608,120,0.5,0.9999985376951799,0.0012207376101253794,0.9997638265642483,0.9999556964373136,0.00689257065662228,0.9974717519977494,0.0008862063926393011,-0.9999911214399335,0.9999644585702131
522.25,2,1166.3302981858608,121,0.5041666666666667,0.9999985590839766,0.0012489421821397343,0.9995123879834513,0.9999562548637239,0.006878458763065086,0.9973321514238659,0.0009101909900517147,-0.9999911450164424,0.9999644304195142
522.25,2,1166.3302981858608,122,0.5083333333333333,0.9999985832004483,0.001279926412529726,0.9993347705021293,0.9999568952316523,0.0069326508984229596,0.9968562651151776,0.0009365185868076766,-0.9999911844718039,0.9999645608301728
522.25,2,1166.3302981858608,123,0.5125,0.9999986086088793,0.0014001002084236102,0.9989339004790304,0.9999576170139762,0.007040877077150061,0.9962147392505283,0.0010287525823138271,-0.9999912400206655,0.9999647563044626
522.25,2,1166.3302981858608,124,0.5166666666666667,0.9999986515838026,0.0013049353927790672,0.9991584033154949,0.9999584272113246,0.007018167534711749,0.9960879131991307,0.000962781058219363,-0.999991207299074,0.9999647964176748
522.25,2,1166.3302981858608,125,0.5208333333333334,0.9999986661649203,0.0011648646851812072,1.0002148471272632,0.9999591565558683,0.006773965506567674,0.996829068366326,0.0008626816566809628,-0.9999909241377912,0.9999643694550912
522.25,2,1166.3302981858608,126,0.525,0.9999986565191237,0.001186960152320525,1.0003617105824825,0.9999597367963037,0.00654344650332057,0.9977426416337332,0.0008820653410332492,-0.9999908988729297,0.9999638543810406
522.25,2,1166.3302981858608,127,0.5291666666666667,0.9999986651088164,0.0011556755741010164,0.999962722012919,0.9999601742335879,0.006463149415963272,0.9980288185555174,0.0008617191831735236,-0.9999909523491916,0.9999635430635178
522.25,2,1166.3302981858608,128,0.5333333333333333,0.9999986742045551,0.0011610341177287968,0.9997892863132448,0.9999606287250224,0.006520475242938979,0.9974949743706697,0.0008687968158666911,-0.9999910213122527,0.9999637910852733
522.25,2,1166.3302981858608,129,0.5375,0.9999986870219634,0.0011923475110995124,0.9995338154355522,0.9999611719449568,0.006603019969917424,0.9969154235100487,0.0008955220850430336,-0.9999911075522843,0.9999641092524404
522.25,2,1166.3302981858608,130,0.5416666666666666,0.9999987155106466,0.0011885273377581296,0.9994939501391673,0.999961794095358,0.006625653209585446,0.9966311886349873,0.0008959665054987852,-0.9999911136011146,0.9999642883858848
522.25,2,1166.3302981858608,131,0.5458333333333333,0.999998739244839,0.0011246996527491658,0.9999084164985752,0.9999624597117532,0.006538781760589953,0.9967754740443291,0.0008508808835518566,-0.9999909315769299,0.9999641222682574
522.25,2,1166.3302981858608,132,0.55,0.9999987394578883,0.001157279975494032,1.0003969538951771,0.9999630383333012,0.006345479062962189,0.9974328653533195,0.000878387602193716,-0.9999907200288455,0.9999634179895837
522.25,2,1166.3302981858608,133,0.5541666666666667,0.999998726186853,0.001189882722283638,1.0005330734427234,0.9999634371266832,0.006206013164698689,0.9980261971802262,0.0009058927944286934,-0.9999906053824906,0.9999627743235957
522.25,2,1166.3302981858608,134,0.5583333333333333,0.9999987247881298,0.001146857643841747,1.000283132417045,0.9999637679209371,0.006169556065481794,0.9980879796059472,0.0008757790780318328,-0.9999907045322676,0.9999625085036176
522.25,2,1166.3302981858608,135,0.5625,0.9999987332613207,0.0011280314762738817,1.0001069294189782,0.9999641483853506,0.006195521628872946,0.9977517668617841,0.0008640879128554715,-0.9999908226115053,0.9999628509492016
522.25,2,1166.3302981858608,136,0.5666666666666667,0.9999987390987423,0.0011327425481571047,0.999789288006382,0.9999645968795907,0.00628320486855516,0.997149005750384,0.0008705485401100857,-0.9999909515567531,0.9999633402882937
522.25,2,1166.3302981858608,137,0.5708333333333333,0.9999987584619469,0.0011525737309777014,0.9995832217509981,0.9999651274542188,0.006348567421808591,0.9967093748783453,0.0008887483721093531,-0.9999910943168916,0.9999638864656514
522.25,2,1166.3302981858608,138,0.575,0.999998774509263,0.0011565511259535362,1.0004736518249457,0.9999656614132814,0.0061968209176103,0.9971537404203914,0.0008945376075880328,-0.999990509253658,0.9999630184591131
522.25,2,1166.3302981858608,139,0.5791666666666667,0.9999987555178372,0.0013729162121279876,1.001132380825301,0.9999660768998265,0.005976600225223236,0.9981061617963787,0.0010647196743934708,-0.99999009681471,0.9999618551251983
522.25,2,1166.3302981858608,140,0.5833333333333334,0.9999987436156645,0.0012521131363421375,1.0007894926343859,0.9999663658990258,0.005865475082998277,0.9987600249851355,0.0009734115314148427,-0.9999902267496569,0.9999605953704435
522.25,2,1166.3302981858608,141,0.5875,0.9999987405446598,0.001184915687237446,1.0005378620778203,0.9999666003938054,0.005875116413069152,0.998506175374917,0.0009235297464096731,-0.9999903779153342,0.9999609519136587
522.25,2,1166.3302981858608,142,0.5916666666666667,0.9999987357814291,0.001148774458359867,1.0003331147980754,0.9999669088213815,0.005945857307039496,0.9978752346034928,0.0008977896196998395,-0.9999905405288486,0.9999615741130007
522.25,2,1166.3302981858608,143,0.5958333333333333,0.9999987434789074,0.0011247271467302196,1.0001303163767772,0.9999672846826864,0.0059948700612889585,0.9974642192198283,0.0008814319036350099,-0.9999907168450469,0.9999622529651118
522.25,2,1166.3302981858608,144,0.6,0.9999987576885971,0.0011472107100500616,1.0003842120639552,0.999967722323976,0.00596831217039444,0.9974175362340968,0.0009014766440310827,-0.9999904177978894,0.9999620206545663
522.25,2,1166.3302981858608,145,0.6041666666666666,0.9999987549035485,0.0012826380790696957,1.0008948996218128,0.9999681411309463,0.005838225235808199,0.9978922103442478,0.0010103458651747879,-0.9999900396552731,0.9999611956345199
522.25,2,1166.3302981858608,146,0.6083333333333333,0.9999987325477717,0.0014212364858528167,1.0012275064911766,0.9999684208986657,0.005703369781374197,0.9986230111427619,0.0011219120122139,-0.9999896289186805,0.9999596334123486
522.25,2,1166.3302981858608,147,0.6125,0.9999987122167849,0.0013694119144999032,1.0010845681808387,0.9999685899221263,0.005656874839596442,0.9989141518304983,0.00108319663539055,-0.9999897640800451,0.9999590626400452
522.25,2,1166.3302981858608,148,0.6166666666666667,0.9999987057980724,0.0012876057306577121,1.0008532731701059,0.9999687698093135,0.00565985435985028,0.9987329025601123,0.0010205916543213449,-0.9999899616199752,0.9999591342737665
522.25,2,1166.3302981858608,149,0.6208333333333333,0.9999986995626754,0.0012292461532673075,1.0006492238926608,0.999969011446499,0.005705546703788651,0.998232518774629,0.0009764758371616479,-0.9999901729571815,0.9999599502071912
522.25,2,1166.3302981858608,150,0.625,0.9999986977971492,0.001155226162789979,1.0002543733757192,0.9999693168189967,0.00578739512749247,0.9976317944254794,0.0009198221756099004,-0.9999904066404517,0.9999608590938175
522.25,2,1166.3302981858608,151,0.6291666666666667,0.9999987084632429,0.0012354871556751787,1.0006856430056006,0.999969677897176,0.005745949472624395,0.9976815196113243,0.0009858671111136986,-0.9999900277828524,0.9999605621689871
522.25,2,1166.3302981858608,152,0.6333333333333333,0.9999986895278917,0.0016593380886695684,1.0017002282644694,0.9999699634684202,0.005578847913064204,0.9985266062015877,0.00132645401407989,-0.9999888234494542,0.9999587069079575
522.25,2,1166.3302981858608,153,0.6375,0.9999986579637803,0.0016493313552053159,1.001661656791502,0.9999701419141146,0.0054801398998079245,0.9994105084005667,0.0013203719801514844,-0.9999889715833002,0.9999566672592054
522.25,2,1166.3302981858608,154,0.6416666666666667,0.9999986415986688,0.0014803503703145183,1.0012915987484365,0.9999702263384244,0.005465672607304002,0.9995530686788965,0.0011867967330290365,-0.9999892044986459,0.9999559824162726
522.25,2,1166.3302981858608,155,0.6458333333333334,0.9999986237564781,0.001416890971213783,1.001124319879259,0.9999703463518151,0.005493633806937832,0.9989744852070671,0.001137738348893867,-0.9999894516024191,0.9999569360958771
522.25,2,1166.3302981858608,156,0.65,0.999998612054779,0.0013263979699790836,1.0008622148483481,0.9999705321047199,0.005538060666235368,0.9984505519044837,0.0010668802050089639,-0.9999897249713482,0.9999579990736948
522.25,2,1166.3302981858608,157,0.6541666666666667,0.9999986136842062,0.0013394387451336415,1.0009034926860392,0.9999707809469708,0.005547273490741652,0.9982390327956575,0.0010791762458142232,-0.9999896089446302,0.9999583028158571
522.25,2,1166.3302981858608,158,0.6583333333333333,0.9999986070586963,0.0015218602931965984,1.0013596872731731,0.999971054292928,0.00548604366363814,0.9984839144942186,0.0012279788362769951,-0.9999890596391872,0.9999577828051852
522.25,2,1166.3302981858608,159,0.6625,0.9999985782427501,0.0017535496858854674,1.0018199962217123,0.9999712439565959,0.005392037751041826,0.9992027755595703,0.0014165658479890376,-0.9999884388363913,0.9999554544824286
522.25,2,1166.3302981858608,160,0.6666666666666666,0.9999985402346423,0.0017911370117376316,1.0018717289330779,0.9999713009348139,0.005360525519064904,0.9997310763417573,0.0014483284588443978,-0.9999882610219208,0.9999538900632484
522.25,2,1166.3302981858608,161,0.6708333333333333,0.9999985152604173,0.001666812090605338,1.0016097259268328,0.9999713254919819,0.005358289400189377,0.9997288971843354,0.0013490713997721534,-0.9999885431314574,0.9999531779172528
522.25,2,1166.3302981858608,162,0.675,0.9999984968716834,0.0015943975409350101,1.0014425509499743,0.9999713988061997,0.005367633796676788,0.9993516660022154,0.0012917994390835475,-0.9999888563058804,0.9999543926418271
522.25,2,1166.3302981858608,163,0.6791666666666667,0.999998476767067,0.0014504162344151498,1.0010780550318255,0.9999715280479755,0.005410422588553724,0.9987353013779166,0.0011765510794186998,-0.9999891823034822,0.9999556625971805
522.25,2,1166.3302981858608,164,0.6833333333333333,0.9999984723289087,0.0014296035181658345,1.0010164849100736,0.9999717273872344,0.005434144801971354,0.9984154737097792,0.001161041673218741,-0.9999894708380745,0.9999568839986918
522.25,2,1166.3302981858608,165,0.6875,0.9999984559098292,0.0018924872081389416,1.0020206642031182,0.9999719087738894,0.0053463174829846485,0.9990086262834668,0.0015382737907519081,-0.9999877879432245,0.9999542620847197
522.25,2,1166.3302981858608,166,0.6916666666666667,0.9999984070407076,0.002159268558319531,1.0024807702189968,0.9999719924878762,0.005292234581459198,0.9999783323803364,0.0017559312544414127,-0.9999871299992522,0.9999514607733112
522.25,2,1166.3302981858608,167,0.6958333333333333,0.9999983701783367,0.0019510720383969955,1.0020887391571414,0.999971973796405,0.005306498785870664,1.000515359894561,0.0015870775118007729,-0.999987444437744,0.9999486745156168
522.25,2,1166.3302981858608,168,0.7,0.9999983383164026,0.0018504243408712948,1.0018792043926228,0.9999719347307358,0.005298643095767074,1.0001438830895553,0.0015058361497103166,-0.9999877939258421,0.9999500226215883
522.25,2,1166.3302981858608,169,0.7041666666666667,0.9999983060404877,0.0017474890453733553,1.0016504586245387,0.9999719622091788,0.005305280788148415,0.9995348846757929,0.0014228482292497797,-0.9999881602181901,0.9999514426745941
522.25,2,1166.3302981858608,170,0.7083333333333334,0.9999982885974089,0.0016834417187003975,1.0014995065331262,0.9999720485838256,0.005318563014010482,0.9991809384734658,0.0013714924456570392,-0.9999884701154187,0.9999527808381856
522.25,2,1166.3302981858608,171,0.7125,0.9999982738922127,0.0018405540044019162,1.0018245922897224,0.999972184736338,0.005303258731854079,0.9992138002244578,0.0015001955818635044,-0.999987736064043,0.9999520948155245
522.25,2,1166.3302981858608,172,0.7166666666666667,0.9999982374949422,0.0021179699891769564,1.0023365218136655,0.9999722887618849,0.0052664531314241545,0.9997796103879625,0.0017266055947406376,-0.9999869302039545,0.9999499891204058
522.25,2,1166.3302981858608,173,0.7208333333333333,0.9999981809380314,0.0022782282704096354,1.0026000172948395,0.9999722647356352,0.005277482745485585,1.0004829478326094,0.00185705460463952,-0.9999861625951897,0.9999469262926277
522.25,2,1166.3302981858608,174,0.725,0.9999981303163004,0.002179144051420007,1.0024024635099043,0.9999721623954295,0.00529866542637773,1.000690538841237,0.0017759492978786527,-0.9999865413726913,0.9999459223532433
522.25,2,1166.3302981858608,175,0.7291666666666666,0.9999980933860534,0.0020758065637534458,1.002194375079465,0.9999720840529476,0.0052932855725959385,1.0004538164717884,0.0016914893478495831,-0.9999869424445446,0.9999464629194555
522.25,2,1166.3302981858608,176,0.7333333333333333,0.999998054391796,0.001959940710272269,1.0019490826929998,0.9999720622512287,0.005285968475428321,0.9999138172204549,0.0015970696537658845,-0.999987360749407,0.9999480803122194
522.25,2,1166.3302981858608,177,0.7375,0.9999980245086492,0.001802228320022218,1.001596603545878,0.9999721032538537,0.005301038917051985,0.9993610279048109,0.001468707850967932,-0.9999878118864771,0.9999498378710369
522.25,2,1166.3302981858608,178,0.7416666666666667,0.9999980032413077,0.002115900305550507,1.00222971605804,0.999972181125237,0.00528287574064009,0.9995760525440653,0.0017241221264936394,-0.9999866845539354,0.999948480097719
522.25,2,1166.3302981858608,179,0.7458333333333333,0.9999979409954592,0.0026412797317880926,1.0031409660093822,0.9999721772593576,0.005285994310543238,1.000487968444173,0.002151113986570182,-0.999984726424416,0.9999450138633126
522.25,2,1166.3302981858608,180,0.75,0.9999978722707124,0.0025438357741422207,1.0029516841319337,0.9999720738044713,0.005364429197434534,1.0013054044431275,0.0020700540612252362,-0.9999851209119563,0.9999412019107689
522.25,2,1166.3302981858608,181,0.7541666666666667,0.9999978187795147,0.0023706641771123376,1.002625977081526,0.9999718978184099,0.005378940076206172,1.001289891843675,0.0019276179380801899,-0.9999855452297207,0.9999408121584451
522.25,2,1166.3302981858608,182,0.7583333333333333,0.9999977616777228,0.002287822992370462,1.002450783373523,0.9999717710145563,0.005334658770391357,1.0006778804202814,0.0018590861274848383,-0.9999859912617572,0.9999425181517471
522.25,2,1166.3302981858608,183,0.7625,0.9999977150338445,0.0021666730597206807,1.0021976408063737,0.9999717047099995,0.005321195335220549,1.000199169807542,0.001759666122630559,-0.9999864761309871,0.9999443889880348
522.25,2,1166.3302981858608,184,0.7666666666666667,0.9999976822516308,0.0022383530356528463,1.002323249774932,0.9999716990039426,0.0053199871428937185,1.0000503436778714,0.0018167992222856996,-0.9999860763341903,0.9999445336893433
522.25,2,1166.3302981858608,185,0.7708333333333334,0.9999976331243099,0.002510759717890584,1.002810027311621,0.9999717043876523,0.005326419913039729,1.0003877318864636,0.002036239155865005,-0.9999851508842631,0.9999432654105259
522.25,2,1166.3302981858608,186,0.775,0.9999975542918369,0.0027656652951981147,1.0032311138666115,0.9999716098914356,0.005388109482329341,1.0011334558839264,0.0022404033746464685,-0.9999840800513541,0.9999393403333773
522.25,2,1166.3302981858608,187,0.7791666666666667,0.9999974674993284,0.002763967326971341,1.003201062863637,0.9999713943167283,0.0054630626139930555,1.0015756647694107,0.0022361102179436617,-0.9999840112278751,0.9999371413213768
522.25,2,1166.3302981858608,188,0.7833333333333333,0.9999973982333912,0.0026305749895782263,1.002943092548815,0.9999711644426961,0.005473815816967377,1.0015025509279158,0.00212541672478689,-0.9999844666030816,0.999936407179569
522.25,2,1166.3302981858608,189,0.7875,0.9999973329862607,0.0025486773360208974,1.002771056486209,0.9999709880912075,0.005439550938842157,1.0010746558305124,0.0020567820618902955,-0.9999849679996445,0.9999383148912981
522.25,2,1166.3302981858608,190,0.7916666666666666,0.9999972673608305,0.0023543739448956508,1.0023736571502357,0.9999708695686383,0.005406525733038377,1.0004475195173976,0.0018980066497729263,-0.9999855026924641,0.9999403662751754
522.25,2,1166.3302981858608,191,0.7958333333333333,0.9999972228933119,0.002424412789582909,1.0024933591969316,0.9999708195601066,0.005405031560617583,1.0002605229655275,0.0019523017869884744,-0.9999854750270161,0.9999413297165461
522.25,2,1166.3302981858608,192,0.8,0.9999971486007732,0.003022109881585986,1.003550806037384,0.9999707267284558,0.005453816398068574,1.000970889193998,0.0024300356035241175,-0.9999829223864488,0.9999374561337541
522.25,2,1166.3302981858608,193,0.8041666666666667,0.9999970358692161,0.003189636322503538,1.0038045109815386,0.9999705303182108,0.0055963845658493945,1.001925335310316,0.0025600199847602284,-0.9999824194695253,0.9999332090206836
522.25,2,1166.3302981858608,194,0.8083333333333333,0.9999969424952105,0.002969943365951828,1.0034007966140752,0.9999702285384571,0.0056960899997634705,1.00231527869292,0.0023790376677495,-0.9999828559858875,0.9999300633006434
522.25,2,1166.3302981858608,195,0.8125,0.9999968503275992,0.0028834919372944944,1.003219168515894,0.9999699296238701,0.0056357470621136605,1.0018408889560688,0.0023056295523627745,-0.9999833468879307,0.9999318914999491
522.25,2,1166.3302981858608,196,0.8166666666666667,0.9999967598293699,0.002762963866498672,1.0029687966026526,0.9999696998896574,0.005575692896175405,1.0012563883182026,0.0022055422520641365,-0.9999838834483792,0.999933913492861
522.25,2,1166.3302981858608,197,0.8208333333333333,0.9999966904623503,0.0027307781546183547,1.0028843043089632,0.9999695336398742,0.0055604663141655625,1.000951703822066,0.0021762204387498806,-0.999984096351406,0.9999353444569772
522.25,2,1166.3302981858608,198,0.825,0.9999966169908037,0.0029509041548232175,1.0032687239225424,0.9999694118067296,0.005581096364121645,1.0010592964711769,0.0023474150619877785,-0.9999831664364296,0.999934602021281
522.25,2,1166.3302981858608,199,0.8291666666666667,0.9999965068558847,0.003251683818367189,1.0037701651419872,0.9999692325482066,0.005674743283434597,1.0016957238232571,0.0025812185132834827,-0.9999820577800609,0.9999313452605669
522.25,2,1166.3302981858608,200,0.8333333333333334,0.999996369302603,0.003378999572260478,1.003954192974495,0.9999689054591924,0.005816148967256608,1.0023407426324222,0.002675974262629096,-0.9999812705232625,0.99992779293778
522.25,2,1166.3302981858608,201,0.8375,0.9999962443276135,0.0032620272498499418,1.0037177466750717,0.9999685101849579,0.005874318542570407,1.00245980930769,0.002577122323647058,-0.9999817131885629,0.9999263068710572
522.25,2,1166.3302981858608,202,0.8416666666666667,0.9999961348227148,0.003173916411634283,1.0035300275591847,0.9999681517947522,0.005846118383982957,1.0021605584441753,0.0025016569443129908,-0.9999822162545515,0.9999274060429267
522.25,2,1166.3302981858608,203,0.8458333333333333,0.9999960194224927,0.003031501468679105,1.0032330524329114,0.9999678552819685,0.005777850308376388,1.0015753279982915,0.0023842040412344703,-0.9999827552691976,0.9999294043195246
522.25,2,1166.3302981858608,204,0.85,0.9999959230307596,0.0029071476462072536,1.0029622740787076,0.9999676352309359,0.005740582826634177,1.001086445634104,0.0022815926964076944,-0.9999833461881563,0.9999316239253256
522.25,2,1166.3302981858608,205,0.8541666666666666,0.999995825384342,0.003357108534657935,1.003774234396791,0.9999674308717784,0.005798710705413313,1.001454296254679,0.0026284889789685724,-0.9999815889353798,0.9999292741816678
522.25,2,1166.3302981858608,206,0.8583333333333333,0.9999956585146286,0.003814940785154771,1.0045296125291998,0.9999671175976009,0.005979833040981818,1.002401253796678,0.002978722917345577,-0.9999798616757224,0.9999253955902025
522.25,2,1166.3302981858608,207,0.8625,0.9999954928691347,0.003661501706422056,1.004227814798122,0.9999666825894483,0.006178044291885323,1.0031196600341794,0.0028503208128210326,-0.9999802098033995,0.9999210695881429
522.25,2,1166.3302981858608,208,0.8666666666666667,0.9999953437334613,0.003525338831255032,1.0039503278995046,0.9999661822130405,0.006175402608159404,1.0029430198668603,0.002736319468821463,-0.9999806347019066,0.9999214143132251
522.25,2,1166.3302981858608,209,0.8708333333333333,0.9999951873336835,0.0034399380466439105,1.003754183562311,0.9999657508682398,0.006075338175571758,1.0023094783926652,0.002662665104032071,-0.9999811050732414,0.9999230898130771
522.25,2,1166.3302981858608,210,0.875,0.9999950509054234,0.003337250766659281,1.0035242092998005,0.9999653873709995,0.006029359430619506,1.0018675438867277,0.0025762363813358626,-0.9999816368383823,0.9999250228197859
522.25,2,1166.3302981858608,211,0.8791666666666667,0.9999949288876167,0.0034642421334108485,1.0037298235377288,0.9999650922914886,0.006039841561157656,1.0017747252463511,0.0026669366717698498,-0.9999811339743037,0.9999250261599837
522.25,2,1166.3302981858608,212,0.8833333333333333,0.9999947698803934,0.0037617415515849052,1.0042328397200648,0.9999647880646495,0.006133175686489971,1.0021951201088817,0.0028873274446626304,-0.9999802888008016,0.9999236035386324
522.25,2,1166.3302981858608,213,0.8875,0.9999945601791239,0.0039960251555421706,1.0045993453432085,0.999964336559723,0.006320789011532527,1.0029331503202523,0.0030570857865429442,-0.9999792247698501,0.9999200590992736
522.25,2,1166.3302981858608,214,0.8916666666666667,0.9999943436681474,0.003961380968503287,1.0044903076032847,0.9999637477238729,0.0064490475834277335,1.0032728065595808,0.0030202880560071493,-0.9999793069786244,0.9999182487584356
522.25,2,1166.3302981858608,215,0.8958333333333334,0.9999941541798111,0.0038485374499494024,1.004243488736691,0.9999631584736934,0.006457202009760785,1.0031206672428248,0.00292438306431529,-0.9999796590640746,0.9999177824462359
522.25,2,1166.3302981858608,216,0.9,0.9999939638654766,0.003767368382367773,1.0040472359128305,0.9999626384436381,0.006388673140030983,1.0026316603634797,0.002853469613106442,-0.9999800805053976,0.9999192254349369
522.25,2,1166.3302981858608,217,0.9041666666666667,0.999993777221604,0.0035785005710617674,1.0036350796054114,0.9999621929179106,0.006308903174291623,1.001999623139591,0.0027021163814417008,-0.9999805883599008,0.9999210275112298
522.25,2,1166.3302981858608,218,0.9083333333333333,0.9999936207132188,0.003762940826010239,1.003952543484876,0.9999618217768869,0.006330575454297432,1.0019502513621075,0.0028323589841142876,-0.999980299294735,0.9999213305660254
522.25,2,1166.3302981858608,219,0.9125,0.9999933899915948,0.004361551406302564,1.0049950703707464,0.9999613619553273,0.0065107681801449095,1.0027431768713972,0.00327132787066787,-0.9999785241055356,0.9999188600680439
522.25,2,1166.3302981858608,220,0.9166666666666666,0.9999931072473892,0.004422072550755469,1.0050450176940842,0.9999607613075046,0.006772138987069046,1.0036462662253083,0.0033038907808862904,-0.9999784098137472,0.9999158449265397
522.25,2,1166.3302981858608,221,0.9208333333333333,0.9999928575440559,0.00423233307222552,1.0046519853541132,0.9999600284411303,0.006884737823915466,1.0038618896490332,0.0031497997181586693,-0.9999785966197998,0.9999141862846352
522.25,2,1166.3302981858608,222,0.925,0.9999926009658994,0.0041681228650554515,1.0044763906576242,0.9999593271262006,0.006788512681828773,1.0032951816811009,0.0030904813043574676,-0.9999788575941716,0.9999149483612939
522.25,2,1166.3302981858608,223,0.9291666666666667,0.9999923521128233,0.004055960125633827,1.0042047794592917,0.9999587117070928,0.0067083360809571625,1.0027290224679946,0.002996517773017324,-0.9999792225510098,0.9999161347264605
522.25,2,1166.3302981858608,224,0.9333333333333333,0.9999921374822036,0.00407453911109253,1.0041895371361445,0.9999581806121192,0.006696298328941505,1.002461135665333,0.002999491116561644,-0.9999793353061018,0.9999169341114156
522.25,2,1166.3302981858608,225,0.9375,0.9999918995394171,0.004323696412546056,1.00461366789852,0.9999576911775905,0.006765119265347671,1.002633355706332,0.0031710939309599045,-0.999979048255989,0.9999170759613073
522.25,2,1166.3302981858608,226,0.9416666666666667,0.9999915875807561,0.0046119712000209185,1.005083995138726,0.9999570885430996,0.006954551901410624,1.0033083666297395,0.00336895023998104,-0.9999784328725979,0.9999154865135715
522.25,2,1166.3302981858608,227,0.9458333333333333,0.9999912319598138,0.004698948892990867,1.0051732470758414,0.9999562793488179,0.007151509202649844,1.0038606925374651,0.003418096935489181,-0.9999780754082855,0.9999139931925844
522.25,2,1166.3302981858608,228,0.95,0.9999909041225286,0.004589409489488624,1.0049042314897034,0.9999554015241566,0.0072170732578736305,1.003877394681203,0.0033244098830538856,-0.9999781372606009,0.9999128985577725
522.25,2,1166.3302981858608,229,0.9541666666666667,0.9999905941834099,0.004526354707240558,1.004719024269679,0.9999545873326116,0.007177264016821865,1.0034991751300466,0.003265365667508174,-0.9999783163334298,0.9999132365140998
522.25,2,1166.3302981858608,230,0.9583333333333334,0.999990272073452,0.004380230535698631,1.004358876844633,0.9999538589882433,0.007086144933542559,1.0028580702101444,0.0031476804190309774,-0.9999785584333958,0.9999139082793075
522.25,2,1166.3302981858608,231,0.9625,0.9999899919271915,0.004334490547162531,1.004199230709904,0.9999532405690966,0.007051885783010625,1.0024401051318366,0.003102891007211327,-0.9999788694150883,0.9999148611704218
522.25,2,1166.3302981858608,232,0.9666666666666667,0.9999896772842455,0.00484333863243091,1.0051386809084093,0.9999526022802415,0.007188725380252752,1.0029301248323026,0.003452938256137386,-0.9999784893970072,0.9999146653722605
522.25,2,1166.3302981858608,233,0.9708333333333333,0.9999892333252255,0.0051828807547560415,1.0056899201282663,0.9999517940439357,0.007460510549212101,1.0038684650038374,0.003678569179797755,-0.999978187901891,0.9999141136695443
522.25,2,1166.3302981858608,234,0.975,0.9999888098948715,0.005016776148878628,1.005301394918163,0.9999508057165372,0.007682234971806412,1.0044422216291158,0.0035442600528406074,-0.9999780335837889,0.9999132115015233
522.25,2,1166.3302981858608,235,0.9791666666666666,0.9999884023324538,0.004929872054214568,1.0050538094245773,0.9999497604830786,0.007654668474845792,1.0040961310872822,0.003467379003078918,-0.9999780030583787,0.9999127858080362
522.25,2,1166.3302981858608,236,0.9833333333333333,0.9999879830645229,0.0048533750492167444,1.0048154229004809,0.999948825631778,0.0075535756476108025,1.0034358940692323,0.00339902942256053,-0.9999780382697423,0.9999126208860243
522.25,2,1166.3302981858608,237,0.9875,0.9999876079047355,0.004792379490156381,1.0046095107310369,0.9999479915447179,0.007518067261664479,1.003008891720281,0.0033423250338242604,-0.9999781414792765,0.9999127276134709
522.25,2,1166.3302981858608,238,0.9916666666666667,0.9999872435846658,0.0049566077357090866,1.004872244915369,0.999947250822158,0.007556066115691308,1.0029522986747275,0.003442330302032529,-0.9999784693185134,0.9999135369728969
522.25,2,1166.3302981858608,239,0.9958333333333333,0.9999867914385603,0.005244662448676078,1.0053618993255204,0.999946461918947,0.007706408412954355,1.0034266737562239,0.003626247443031806,-0.9999786154161753,0.9999142843096939
522.25,3,1166.8302981858608,0,0.0,0.9999729890385336,0.005725844191570493,0.9966073818902053,0.999890910754169,0.010446849944744182,1.0003080510518343,0.0033160707739923402,-0.9999871638340847,0.9999500838994861
522.25,3,1166.8302981858608,1,0.004166666666666667,0.9999735171294734,0.005766754791562974,0.9963263276065443,0.999890933695879,0.010445179207787678,0.9997336957158787,0.003341345161839442,-0.999986770833292,0.9999484544804805
522.25,3,1166.8302981858608,2,0.008333333333333333,0.9999740577257346,0.005879805004110321,0.9958540740241818,0.9998912856677005,0.010454595755112322,0.9989195624379035,0.003409859013936171,-0.9999863962850465,0.9999468936307236
522.25,3,1166.8302981858608,3,0.0125,0.999974742987816,0.0058852318919864095,0.9956782567605003,0.9998920045023679,0.010453793264701586,0.9983972681070865,0.0034168342542437394,-0.9999860852519614,0.9999454927335348
522.25,3,1166.8302981858608,4,0.016666666666666666,0.999975342703555,0.005529100103916724,0.996566771557704,0.9998927399557659,0.010392138182231982,0.9987870054783139,0.0032133885724323903,-0.9999880645306001,0.999948815113212
522.25,3,1166.8302981858608,5,0.020833333333333332,0.9999756983192346,0.005389310459159265,0.9969247640752736,0.9998931980563549,0.010339227144788736,0.9995580914551307,0.0031349383897932253,-0.9999887414578374,0.9999519231873508
522.25,3,1166.8302981858608,6,0.025,0.9999761649471871,0.005498003478759123,0.9964305847064014,0.9998933820449601,0.010325824001062649,0.999903187735597,0.0032012336439328154,-0.9999883504174633,0.999954677180327
522.25,3,1166.8302981858608,7,0.029166666666666667,0.9999766938131467,0.00555568682002113,0.9961191844381294,0.9998936116866002,0.010324941878212129,0.9993427445336261,0.003239135445456013,-0.9999879902358121,0.9999531929640942
522.25,3,1166.8302981858608,8,0.03333333333333333,0.9999772394893535,0.005624945038878674,0.9957946618364308,0.9998941986196971,0.010337500736501493,0.9985432181510143,0.0032851056493137915,-0.9999876466019171,0.9999517705834623
522.25,3,1166.8302981858608,9,0.0375,0.9999779034418879,0.005660943697173272,0.9955489874140491,0.9998950955806548,0.010339623937364944,0.9980001944210279,0.003312656211333909,-0.9999873768344393,0.9999505226617404
522.25,3,1166.8302981858608,10,0.041666666666666664,0.9999785929930026,0.005509136846603887,0.9957795483303441,0.9998962598705504,0.010298818392000048,0.9978455781280987,0.003230591328445241,-0.9999881107922923,0.9999513524248334
522.25,3,1166.8302981858608,11,0.04583333333333333,0.9999791384002554,0.005302478343836017,0.9961980798680299,0.9998973824349215,0.010207710677405241,0.998223964660782,0.003115723241475341,-0.9999887849556648,0.9999532532683246
522.25,3,1166.8302981858608,12,0.05,0.9999795602549982,0.005200637365733535,0.9963714772070628,0.9998981165481874,0.010132819759075751,0.9987432804664775,0.003061944215807949,-0.9999893413952838,0.9999557684903724
522.25,3,1166.8302981858608,13,0.05416666666666667,0.9999800350126142,0.0052576956653556115,0.9960888476235692,0.9998986597247813,0.010104283453425022,0.99877084058083,0.0031021170017543234,-0.9999890197010296,0.9999563552082318
522.25,3,1166.8302981858608,14,0.058333333333333334,0.9999806085035582,0.005315477729830995,0.9957986144304125,0.9998993830420434,0.01009782705220915,0.998358612725142,0.0031437202835889197,-0.9999887133042007,0.99995589037762
522.25,3,1166.8302981858608,15,0.0625,0.9999811794086035,0.005393564580202765,0.9954780965977534,0.9999003952746066,0.010118005267195194,0.997649222239178,0.003198685758226527,-0.9999884204627895,0.999954677599802
522.25,3,1166.8302981858608,16,0.06666666666666667,0.9999818088077702,0.005521718282572177,0.9950527358400129,0.9999017028650811,0.010150080873294094,0.9969298274837332,0.0032847568898479135,-0.9999881563958771,0.9999535752719326
522.25,3,1166.8302981858608,17,0.07083333333333333,0.999982484217687,0.005216597078395933,0.9956057414907826,0.9999031905813599,0.01006947349466621,0.9969762679023846,0.0031127376624854003,-0.9999889322029741,0.9999545932178802
522.25,3,1166.8302981858608,18,0.075,0.9999829321156725,0.004839715469626872,0.996441209798236,0.9999044471395315,0.009907439743405909,0.9977201670828363,0.00289613766865818,-0.9999901389374147,0.9999569473348354
522.25,3,1166.8302981858608,19,0.07916666666666666,0.9999833514860479,0.004894745014108029,0.9961836426672906,0.9999054292546293,0.009792589479477226,0.9983739390467046,0.0029371706693222524,-0.9999898573108742,0.9999591005798487
522.25,3,1166.8302981858608,20,0.08333333333333333,0.9999838597826488,0.005003764458166379,0.9957904373378869,0.9999062444719383,0.009765966853594817,0.9982023209722537,0.003011591571230958,-0.9999895902361231,0.9999592438001933
522.25,3,1166.8302981858608,21,0.0875,0.9999843568299196,0.005057250499390595,0.995552822613288,0.9999072965501081,0.009797470858635525,0.9974391865670907,0.0030539744260235694,-0.9999893350950863,0.9999581886119596
522.25,3,1166.8302981858608,22,0.09166666666666666,0.999984905663374,0.005144224738439714,0.9952429149611346,0.9999085991126679,0.00982306961061296,0.9968137560355728,0.0031177250464558344,-0.999989103790454,0.9999572253409137
522.25,3,1166.8302981858608,23,0.09583333333333334,0.999985514192716,0.0050518049082245295,0.9953131062887041,0.9999101379053824,0.009794132384204192,0.9965236693490671,0.003073205801505181,-0.9999893454280332,0.999957238759607
522.25,3,1166.8302981858608,24,0.1,0.9999860438522158,0.004801597542875673,0.9957430843121194,0.9999117446654966,0.009677192335175017,0.9967211165598169,0.0029318276027349064,-0.9999898374728207,0.9999580005434567
522.25,3,1166.8302981858608,25,0.10416666666666667,0.9999864455424738,0.004600899636582947,0.9961053043826548,0.9999130771590117,0.009513603872859995,0.9973254716306437,0.0028192655316417944,-0.9999902787007484,0.9999598629587688
522.25,3,1166.8302981858608,26,0.10833333333333334,0.9999868199716492,0.004596272728832692,0.9960214952914773,0.9999140872289725,0.00941971695550514,0.9976285605323325,0.0028264703791569747,-0.9999902825065312,0.9999607585559617
522.25,3,1166.8302981858608,27,0.1125,0.9999872681064041,0.004685030436613851,0.9957155337581383,0.9999151067022465,0.00939275979564969,0.9974222698173045,0.0028917965775525933,-0.9999900652236419,0.9999609606231182
522.25,3,1166.8302981858608,28,0.11666666666666667,0.9999877324208106,0.004736440527385775,0.995500938328023,0.9999163290738199,0.00941174844785441,0.9968710535646902,0.002935213912590365,-0.9999898682657329,0.99996013972748
522.25,3,1166.8302981858608,29,0.12083333333333333,0.9999881926643738,0.004902340887335873,0.9950673337699928,0.9999177514656592,0.009474654933353576,0.9961290536885244,0.003051117842960815,-0.9999896883075429,0.9999593846705271
522.25,3,1166.8302981858608,30,0.125,0.9999887195117243,0.004807453343523934,0.9951473760671116,0.9999193846512394,0.009452537826157657,0.9958287977913375,0.0030051853428218578,-0.9999897259569946,0.9999590872797938
522.25,3,1166.8302981858608,31,0.12916666666666668,0.99998914014622,0.004273828808591928,0.9961587901425855,0.9999209143975291,0.009247026649910405,0.9964224388590449,0.002682743707250278,-0.9999906544839524,0.9999606429102283
522.25,3,1166.8302981858608,32,0.13333333333333333,0.9999894374849986,0.004143201292337175,0.996372394829791,0.9999221854385326,0.009032074632918363,0.9972599985074129,0.0026109773549561877,-0.9999908002000543,0.9999620796031793
522.25,3,1166.8302981858608,33,0.1375,0.9999897985962393,0.004301672040503016,0.9959332162132118,0.9999232124996763,0.008934461835660365,0.9975383446566747,0.0027215730473552826,-0.9999906194534322,0.9999630334154659
522.25,3,1166.8302981858608,34,0.14166666666666666,0.999990164382628,0.004363548158767332,0.9957184819081886,0.999924281389598,0.008963789465454786,0.9969611812591825,0.002772434592073283,-0.999990456514571,0.9999623516380362
522.25,3,1166.8302981858608,35,0.14583333333333334,0.9999905334626276,0.004461401032407925,0.9954414501295702,0.999925550543724,0.009021741708243956,0.9962805622822307,0.0028473296017844053,-0.9999903100941343,0.999961734342317
522.25,3,1166.8302981858608,36,0.15,0.9999909537515635,0.004470022636370636,0.9953343696198738,0.9999269874614778,0.009028084554779067,0.9958867228463308,0.0028660200835398837,-0.9999902695432366,0.99996135046897
522.25,3,1166.8302981858608,37,0.15416666666666667,0.99999135580855,0.004236863005042663,0.9956949062018701,0.9999285352378162,0.008936722358488101,0.9959093887035965,0.002729024602934937,-0.9999905721796918,0.9999616930163195
522.25,3,1166.8302981858608,38,0.15833333333333333,0.9999916646242337,0.003963790813840952,0.996166437703401,0.9999299540802312,0.008737455017543307,0.9964572975318885,0.0025643549094862346,-0.9999908436372956,0.9999625927466191
522.25,3,1166.8302981858608,39,0.1625,0.9999919120378674,0.0038577887395134162,0.9963204154109013,0.999931049664736,0.008569188965814245,0.9970108199065385,0.0025064141372115037,-0.9999910081136812,0.9999634757734188
522.25,3,1166.8302981858608,40,0.16666666666666666,0.9999921903756682,0.003949297747251156,0.9960612750281089,0.9999320145588516,0.008507216329458786,0.9970420859008258,0.0025769327527835045,-0.9999908779884976,0.9999637073321659
522.25,3,1166.8302981858608,41,0.17083333333333334,0.9999925012958542,0.004014929322298249,0.9958562411847854,0.9999330800481729,0.008514616160634534,0.9966651730040049,0.0026315000290372107,-0.9999907642974178,0.999963417481725
522.25,3,1166.8302981858608,42,0.175,0.9999927975465485,0.004142068317178622,0.9955480049128542,0.9999342881717473,0.00858417768530628,0.9960137565678004,0.0027276794509514266,-0.9999906617763145,0.9999629770741622
522.25,3,1166.8302981858608,43,0.17916666666666667,0.9999931249217476,0.004257154634808356,0.9952681367579188,0.9999356520889587,0.008641685760438571,0.9954646420609039,0.002817185706514591,-0.9999905760870672,0.9999626029735169
522.25,3,1166.8302981858608,44,0.18333333333333332,0.999993444583385,0.003786878507033886,0.9960618570759353,0.9999370462813704,0.008481972658802853,0.9957685123238469,0.002517770906119855,-0.9999909274967606,0.999963140447546
522.25,3,1166.8302981858608,45,0.1875,0.9999936434126978,0.003391946111883684,0.996796166496594,0.9999382315941641,0.008210378252549668,0.9966463859750853,0.0022651075350443536,-0.9999912404561904,0.9999639111249168
522.25,3,1166.8302981858608,46,0.19166666666666668,0.9999938479678232,0.0035167247897538016,0.9964804765381329,0.9999391966906109,0.00802914663492671,0.9972965884956575,0.002358350909007289,-0.9999911416659663,0.9999645937831253
522.25,3,1166.8302981858608,47,0.19583333333333333,0.9999940803558562,0.0036332151986487333,0.9961913322910304,0.9999400540041139,0.008017539901072505,0.9970597679435496,0.002447159278962041,-0.9999910595459086,0.9999644698853413
522.25,3,1166.8302981858608,48,0.2,0.9999943013220598,0.0037120715090468515,0.9959878965967663,0.9999410456092579,0.008096171025509778,0.9963750520682704,0.0025118083023601004,-0.99999098823516,0.9999641558347259
522.25,3,1166.8302981858608,49,0.20416666666666666,0.9999945484249504,0.0038068531414886973,0.995756811229852,0.9999421579768144,0.008144164020397863,0.9958887812825836,0.002588172445247723,-0.9999909321545286,0.9999639021635749
522.25,3,1166.8302981858608,50,0.20833333333333334,0.9999948107791979,0.0036571009393425416,0.9959621231284257,0.9999433814912619,0.00810268204008261,0.995758016477091,0.0024981668367714,-0.9999910216102481,0.9999639747805987
522.25,3,1166.8302981858608,51,0.2125,0.9999950226695937,0.0033572321192568825,0.9964584020250821,0.9999445845553797,0.007930860891025552,0.9961387348006944,0.0023037798187391986,-0.9999911350511443,0.9999642061093186
522.25,3,1166.8302981858608,52,0.21666666666666667,0.9999951747767979,0.0031499687483004784,0.996812247782658,0.99994555691445,0.007712535803385224,0.9968300016853974,0.0021708679568163305,-0.9999912264028751,0.9999646107078352
522.25,3,1166.8302981858608,53,0.22083333333333333,0.9999953230832817,0.0031864439053833835,0.9966959211112989,0.9999463253773924,0.007604406297401346,0.9971222708373908,0.002205329192682039,-0.9999912026159812,0.9999647314155024
522.25,3,1166.8302981858608,54,0.225,0.9999955031674611,0.0032901065661810713,0.9964487847276495,0.9999471022151198,0.007590987310693611,0.9969304494207446,0.002286922834819637,-0.9999911616702064,0.9999647266427869
522.25,3,1166.8302981858608,55,0.22916666666666666,0.999995681811475,0.0033688351552075974,0.996257106598429,0.9999479839992995,0.007646439546726397,0.9964141174861106,0.002352191214489535,-0.999991134816913,0.999964590971856
522.25,3,1166.8302981858608,56,0.23333333333333334,0.9999958620602888,0.0035729364753151398,0.9958545739506103,0.9999489676317189,0.007748679780504018,0.9957639538762056,0.0025064313684426635,-0.9999911260124317,0.9999645274043976
522.25,3,1166.8302981858608,57,0.2375,0.9999960679246092,0.0033568620268411395,0.9961767864753113,0.9999500465199763,0.007697611175523794,0.9956964515538248,0.002365724248515444,-0.9999911441828145,0.9999645395963812
522.25,3,1166.8302981858608,58,0.24166666666666667,0.9999962076924319,0.002771921830552363,0.9972141670800555,0.9999510084544185,0.007434147388184974,0.9964635734659978,0.0019618571148020745,-0.9999912053876752,0.9999646656924703
522.25,3,1166.8302981858608,59,0.24583333333333332,0.9999963072238425,0.002728960881640907,0.9972635040000213,0.9999517923818404,0.007194493835671567,0.9973377274964282,0.0019391290069709695,-0.9999911972818095,0.9999646998183112
522.25,3,1166.8302981858608,60,0.25,0.9999964373440945,0.0029087890397128547,0.9968748980509807,0.9999524164704048,0.00711651733232916,0.997528612383029,0.0020751153729383757,-0.9999911860918369,0.9999647048445776
522.25,3,1166.8302981858608,61,0.25416666666666665,0.9999965633962031,0.002980011483861993,0.9967057688351795,0.9999530825198464,0.007182695030379973,0.9969472632655876,0.002134795358532058,-0.9999911881816056,0.9999646853542673
522.25,3,1166.8302981858608,62,0.25833333333333336,0.9999966951349071,0.0031046792870554397,0.9964470507342823,0.9999538518663942,0.007262699846782174,0.996373681378032,0.002233700750343081,-0.9999912089500508,0.9999647408707524
522.25,3,1166.8302981858608,63,0.2625,0.999996849400108,0.0030789414129524465,0.9964484197395596,0.9999547130669336,0.007273207218288475,0.9961055515378713,0.0022248025468671064,-0.9999912064305995,0.9999647714088499
522.25,3,1166.8302981858608,64,0.26666666666666666,0.9999969871148915,0.0028068958359728897,0.9968853051754054,0.9999556142615199,0.00716460964940083,0.9962796754958739,0.002036754742955924,-0.9999911637678307,0.9999647475454033
522.25,3,1166.8302981858608,65,0.2708333333333333,0.9999970809929963,0.0025325021344027765,0.9973597893885807,0.9999563955898915,0.0069477906345963274,0.9969493048488349,0.001844827214129068,-0.9999910930950304,0.9999645132902849
522.25,3,1166.8302981858608,66,0.275,0.9999971534377681,0.002469126581329584,0.9974537210917213,0.9999569675812232,0.006796113039647337,0.99749122957697,0.0018053702064640793,-0.9999910621566585,0.9999643155437924
522.25,3,1166.8302981858608,67,0.2791666666666667,0.9999972451480088,0.0025870556855142426,0.9971975028408172,0.9999574756482822,0.006756683407586944,0.9975017022989863,0.001898649835843896,-0.9999910931542506,0.9999642046313092
522.25,3,1166.8302981858608,68,0.2833333333333333,0.9999973478876358,0.0026598062307881926,0.9970303687267876,0.9999580488492597,0.006788573186797345,0.9971287992739851,0.0019595405088134272,-0.9999911438872129,0.9999643634295934
522.25,3,1166.8302981858608,69,0.2875,0.9999974442604798,0.002835332077057939,0.9966938591638184,0.9999587002355113,0.006886972765396161,0.9965044344830578,0.0020972676686941334,-0.9999912053308976,0.9999645823977167
522.25,3,1166.8302981858608,70,0.2916666666666667,0.9999975601873035,0.0028950929082814133,0.9965586768826638,0.9999594464768299,0.006939568084847148,0.9961077385121369,0.0021501842102635347,-0.9999912786878997,0.9999648497579591
522.25,3,1166.8302981858608,71,0.29583333333333334,0.9999976613527642,0.002332656637703041,0.997512054102633,0.9999601763012586,0.006751286276886701,0.9966126909733756,0.0017389978234021814,-0.999990955915922,0.9999643657254831
522.25,3,1166.8302981858608,72,0.3,0.9999977099077125,0.0020360878698849685,0.9980754231461574,0.9999607639072798,0.006497706179170384,0.9975599437700022,0.001523070757582686,-0.9999907871008221,0.9999637787160485
522.25,3,1166.8302981858608,73,0.30416666666666664,0.999997771580092,0.0022055647963084694,0.9977065035079307,0.9999612049474693,0.006365645161181458,0.9981435245094817,0.0016551603498018398,-0.99999084718879,0.9999631253048635
522.25,3,1166.8302981858608,74,0.30833333333333335,0.9999978418193602,0.0023108116766191737,0.9974806068055094,0.9999616000016759,0.006386683230215182,0.9978161488951539,0.0017399721288589127,-0.9999909285796358,0.9999633850765484
522.25,3,1166.8302981858608,75,0.3125,0.9999979089082073,0.002414566955752249,0.9972691200477226,0.9999620824863578,0.006472626699715641,0.9971834962779935,0.0018244930837087153,-0.999991020921249,0.999963727243168
522.25,3,1166.8302981858608,76,0.31666666666666665,0.9999979922197129,0.002497262883363926,0.9970961099553552,0.9999626397289229,0.00652117680964337,0.9967909133960523,0.0018937299558977826,-0.9999911245917589,0.9999641156940026
522.25,3,1166.8302981858608,77,0.32083333333333336,0.9999980791768711,0.002308988978543338,0.997391656052533,0.999963261371115,0.006477504360303823,0.9967742239915458,0.0017570833871087775,-0.9999909235208044,0.9999639364235104
522.25,3,1166.8302981858608,78,0.325,0.9999981395151751,0.0020138283039390754,0.9979069475855741,0.9999638472611824,0.0063126035679759085,0.9972847336595508,0.0015374190819108604,-0.9999906955569725,0.9999633841467938
522.25,3,1166.8302981858608,79,0.32916666666666666,0.9999981745052704,0.0018529047635272382,0.9982084161173286,0.999964268011906,0.006144113835371871,0.9979929264117202,0.0014187415893284273,-0.9999904467001655,0.9999624417913601
522.25,3,1166.8302981858608,80,0.3333333333333333,0.9999982139005218,0.001926177367143852,0.9980402570405547,0.9999645740430415,0.006082234986583146,0.998230870252274,0.0014790779973418715,-0.9999905575127198,0.9999621404168892
522.25,3,1166.8302981858608,81,0.3375,0.9999982690046066,0.002024902710486366,0.9978255605192868,0.9999649008618575,0.0060891277428111856,0.9980128007740539,0.0015594313176094455,-0.9999906818488784,0.999962251963323
522.25,3,1166.8302981858608,82,0.3416666666666667,0.999998321825245,0.002131114710524608,0.9976097515980703,0.9999652962317056,0.006153875197013156,0.9974866067462168,0.0016462649099302272,-0.9999908173621618,0.9999627667466273
522.25,3,1166.8302981858608,83,0.3458333333333333,0.9999983806000692,0.002332765624772266,0.9972388907225685,0.9999657634680095,0.006249019504206336,0.9969019402828497,0.0018078109132767912,-0.9999909746887086,0.9999633710935465
522.25,3,1166.8302981858608,84,0.35,0.9999984496177095,0.0020075851579927405,0.997775361283343,0.9999662816182671,0.006176626402776993,0.997027013849634,0.001560500037064314,-0.9999906462121304,0.9999630248923935
522.25,3,1166.8302981858608,85,0.3541666666666667,0.9999984804249002,0.001518173697665893,0.9987475667061464,0.9999667054628375,0.00595867891024443,0.9978991668619966,0.0011831879307749626,-0.9999898782348218,0.9999617915350534
522.25,3,1166.8302981858608,86,0.35833333333333334,0.9999985011744836,0.0015599496480732905,0.9986337330255293,0.9999670086405554,0.005812143607462035,0.9987440630934963,0.0012185666442287696,-0.9999900226230682,0.9999604155926682
522.25,3,1166.8302981858608,87,0.3625,0.9999985376476362,0.0017112548240841624,0.9982891307524854,0.9999672152806319,0.005788269879100313,0.9988012418317392,0.0013398835338886243,-0.9999901800209507,0.9999601242732628
522.25,3,1166.8302981858608,88,0.36666666666666664,0.9999985711890489,0.0017859327266751136,0.9981251937148949,0.9999674699892563,0.0058442552062262666,0.998198647267425,0.0014018570105287147,-0.9999903492878314,0.9999607717370725
522.25,3,1166.8302981858608,89,0.37083333333333335,0.9999986118491471,0.0019119240318807291,0.9978728009414621,0.9999677939656588,0.005905271784929599,0.997693425272389,0.0015046517264934891,-0.9999905411329618,0.9999615121853201
522.25,3,1166.8302981858608,90,0.375,0.9999986642749925,0.0018480215615546065,0.9979627325368263,0.9999681850372939,0.005909496025714307,0.9975101997848435,0.0014581023973504448,-0.9999904109093296,0.9999616307603361
522.25,3,1166.8302981858608,91,0.37916666666666665,0.9999987050932487,0.0015853061665638897,0.9984402617299345,0.9999685941141938,0.005816948241656436,0.9977973976344684,0.0012537849348847358,-0.9999900187264334,0.9999611734139969
522.25,3,1166.8302981858608,92,0.38333333333333336,0.9999987231826,0.0013780828413971042,0.9988850091974137,0.999968901008287,0.0056732144151593,0.9985270405145301,0.0010921252740362763,-0.9999895776706103,0.9999594962482583
522.25,3,1166.8302981858608,93,0.3875,0.999998734372028,0.0013682518770404234,0.9988992559096019,0.999969068307741,0.005605763736459257,0.9990076078003202,0.0010863671047754392,-0.9999895058108795,0.9999584818108906
522.25,3,1166.8302981858608,94,0.39166666666666666,0.9999987587662669,0.001470778411365722,0.9986430134026999,0.999969209907948,0.005596961565841604,0.9989652546385491,0.001169952401173936,-0.9999897097707213,0.9999580896195562
522.25,3,1166.8302981858608,95,0.3958333333333333,0.9999987876429427,0.0015382772478340404,0.9984819809897199,0.9999694060121446,0.005624107695283604,0.9985611527206689,0.001226057638616229,-0.9999899375527644,0.9999589702145668
522.25,3,1166.8302981858608,96,0.4,0.9999988150673262,0.0017259657084863495,0.998107575507038,0.999969660953082,0.005698139972740841,0.9979382385201883,0.0013785880929120288,-0.9999901790809979,0.9999599086438945
522.25,3,1166.8302981858608,97,0.4041666666666667,0.9999988563411925,0.001696862213391961,0.9981385722123386,0.9999699883006867,0.005718819443597747,0.9976817933618013,0.0013581816771669048,-0.9999902736330005,0.9999605743102237
522.25,3,1166.8302981858608,98,0.4083333333333333,0.9999988824939602,0.001206188076896182,0.9991788945258011,0.9999702841685284,0.005577407299683276,0.9983330482089852,0.0009671286369928945,-0.9999890115802654,0.9999586082304196
522.25,3,1166.8302981858608,99,0.4125,0.999998883033331,0.0011057484862576211,0.9995402944893607,0.9999704755353834,0.005456545075225102,0.9992939534566524,0.0008878076919113967,-0.9999886504341298,0.9999564998933881
522.25,3,1166.8302981858608,100,0.4166666666666667,0.9999988958497613,0.0012129157667525481,0.9991436114771507,0.99997055939018,0.005428633586843805,0.9997573211168899,0.0009750452117419825,-0.9999888888876783,0.9999546848619819
522.25,3,1166.8302981858608,101,0.42083333333333334,0.9999989114638799,0.0012786784578672943,0.9989550958424392,0.9999706327760555,0.0054397496548034135,0.9993314052890562,0.0010293193068474516,-0.9999891530782561,0.9999557049013696
522.25,3,1166.8302981858608,102,0.425,0.9999989275471788,0.0013747593806031724,0.998722136619442,0.9999707753428806,0.005479666538403916,0.9987342219457365,0.0011083179672019188,-0.9999894339446803,0.9999567950879961
522.25,3,1166.8302981858608,103,0.42916666666666664,0.9999989555849303,0.0014182279270120452,0.9986103140203956,0.9999709793328261,0.005503841772607289,0.9984065011834532,0.001145097818442296,-0.9999896004770329,0.9999576809101665
522.25,3,1166.8302981858608,104,0.43333333333333335,0.999998983551764,0.001242910611145066,0.9989725405320173,0.9999712300776253,0.005470799500091211,0.9984781625966983,0.0010049446348526002,-0.9999890244829888,0.9999571331607305
522.25,3,1166.8302981858608,105,0.4375,0.9999989939140307,0.001067308577287055,0.9994842613910774,0.999971438614632,0.005383699080431614,0.9990808112227294,0.0008639004057260154,-0.9999883930891125,0.9999553276147717
522.25,3,1166.8302981858608,106,0.44166666666666665,0.9999989907164843,0.0010250092603879366,0.9997124287299987,0.9999715125379924,0.005340147973436301,0.9997562297264768,0.000830348132958288,-0.9999878803654436,0.9999530853769
522.25,3,1166.8302981858608,107,0.44583333333333336,0.9999989940426333,0.0010637609428607287,0.9994988669603322,0.999971514721783,0.005337470180217652,0.999918642358085,0.0008623919676339234,-0.9999881793494552,0.9999523192106249
522.25,3,1166.8302981858608,108,0.45,0.9999990069590721,0.0011102458259026598,0.9993079893754782,0.9999715465552043,0.005339839072115824,0.9996523874717784,0.0009008096297685599,-0.9999884990142592,0.9999529268078153
522.25,3,1166.8302981858608,109,0.45416666666666666,0.9999990179087028,0.0011989233101810258,0.9990461738531697,0.9999716348447131,0.00536432866984144,0.9990939025235751,0.0009736928788965858,-0.9999888324077213,0.999954222199208
522.25,3,1166.8302981858608,110,0.4583333333333333,0.9999990367149721,0.0013269511290199408,0.998737851758187,0.9999717887566703,0.005406281287715849,0.9985750683731378,0.0010787987817403803,-0.9999891891745861,0.9999556168512194
522.25,3,1166.8302981858608,111,0.4625,0.9999990589457816,0.0010406717722307689,0.9994673311275832,0.9999719712662071,0.005354266848206912,0.9988697475752548,0.0008467304827974775,-0.9999880975861624,0.9999541600124812
522.25,3,1166.8302981858608,112,0.4666666666666667,0.9999990529489254,0.0009974992341861219,1.0003097371411878,0.9999720676679651,0.005286946695733532,0.9998026676392371,0.0008119292391787404,-0.9999866870342922,0.9999513153824742
522.25,3,1166.8302981858608,113,0.4708333333333333,0.9999990467218711,0.0009774589441269171,1.0000655439033124,0.9999720635223182,0.005301097505266762,1.0005749028989006,0.0007957111281362356,-0.9999870156385673,0.9999482210661996
522.25,3,1166.8302981858608,114,0.475,0.9999990501382874,0.0009881383437825805,0.999769567447435,0.9999719938953209,0.005303020965735241,1.0004816342596545,0.0008045468778882155,-0.9999873704935012,0.9999483005842323
522.25,3,1166.8302981858608,115,0.4791666666666667,0.9999990514424925,0.0010157328816511409,0.9995922697953722,0.9999719782801414,0.005294456299496371,0.9998618218763495,0.0008272865520459145,-0.9999877417851974,0.9999497347911744
522.25,3,1166.8302981858608,116,0.48333333333333334,0.9999990608008954,0.0010704295138752084,0.9993573683859045,0.9999720220368865,0.005305995105195512,0.9994075106230911,0.0008721819918923234,-0.9999881395487157,0.9999512812541139
522.25,3,1166.8302981858608,117,0.4875,0.999999077962639,0.001015828358080812,0.9995313455124274,0.9999721256061272,0.005303229527053202,0.9992933458995781,0.0008279764095839862,-0.999987695977764,0.9999511849773319
522.25,3,1166.8302981858608,118,0.49166666666666664,0.9999990839120123,0.0009574197453209194,1.0000336035868587,0.9999722333660296,0.005274315876751347,0.9996782585531159,0.0007804491490617946,-0.9999868953919282,0.9999498670302481
522.25,3,1166.8302981858608,119,0.49583333333333335,0.9999990729400163,0.0010104170396849673,1.000433412958452,0.9999722367888132,0.005277729437444121,1.000427219708543,0.0008234694824151821,-0.9999859973643677,0.9999465205792727
522.25,3,1166.8302981858608,120,0.5,0.9999990599871875,0.001004056242944229,1.000369164844763,0.9999721278002549,0.005311365697541798,1.0008230357253092,0.0008179879376049394,-0.9999860575471674,0.9999448691768122
522.25,3,1166.8302981858608,121,0.5041666666666667,0.9999990584182049,0.0009742721752518964,1.000123494332087,0.9999720124814823,0.005314492871045424,1.0007162496628805,0.0007934409596958344,-0.9999864592077086,0.9999445098064017
522.25,3,1166.8302981858608,122,0.5083333333333333,0.9999990587028552,0.0009708309603016094,0.9999506938125058,0.999971950653671,0.005299522732340249,1.0002668533681767,0.0007904468458582448,-0.9999868913008954,0.9999461758889701
522.25,3,1166.8302981858608,123,0.5125,0.99999905998389,0.00101960915562786,0.9995538108266561,0.9999719447877322,0.005302636640405452,0.9996458175228666,0.0008300872271377448,-0.9999873519056252,0.9999479644176746
522.25,3,1166.8302981858608,124,0.5166666666666667,0.9999990734079696,0.0009752944843198233,0.9997781808589605,0.9999720035897143,0.005301361338148344,0.9995352966786132,0.0007938557033766338,-0.9999870946031174,0.9999483402342058
522.25,3,1166.8302981858608,125,0.5208333333333334,0.9999990678879328,0.0011338224340058309,1.0008411170966174,0.9999720142474522,0.005294314535817174,1.0002967428230147,0.0009223697820632816,-0.9999847983488412,0.9999448351087761
522.25,3,1166.8302981858608,126,0.525,0.9999990453651452,0.0012056518383173254,1.0009994607734511,0.9999719269345587,0.005369848329048601,1.0012354507754202,0.000979889699729094,-0.999984591412154,0.9999410002677389
522.25,3,1166.8302981858608,127,0.5291666666666667,0.999999035202961,0.0010718720973993988,1.000607000366295,0.9999717414492403,0.0054273561367681605,1.001548892656731,0.0008702764813259877,-0.9999850090708933,0.9999386718922217
522.25,3,1166.8302981858608,128,0.5333333333333333,0.999999025277865,0.0010350820143539394,1.0004398073715648,0.9999715673819444,0.005382345686315323,1.001036917989202,0.0008396838677305491,-0.9999854622481763,0.9999403972858101
522.25,3,1166.8302981858608,129,0.5375,0.9999990179432101,0.0009999873883957818,1.0001893219338045,0.999971458770753,0.005352861551776955,1.0004731885501592,0.0008106060745650369,-0.9999859534639942,0.999942284336375
522.25,3,1166.8302981858608,130,0.5416666666666666,0.9999990222914323,0.0009944839506999617,1.0001502762011987,0.9999714115848367,0.005348686742824842,1.0002001963723226,0.0008055424275217922,-0.9999860174210258,0.9999433525369317
522.25,3,1166.8302981858608,131,0.5458333333333333,0.9999990234856042,0.0010662893289931084,1.000566656236121,0.9999714032866132,0.005353413016175282,1.0003531043081946,0.0008629278802140835,-0.9999851052369996,0.9999425545970745
522.25,3,1166.8302981858608,132,0.55,0.9999990065052431,0.001248158228570448,1.0010630193406451,0.9999713343813595,0.005402627471867717,1.001023049410825,0.0010088731604238242,-0.9999840451969733,0.9999391500977262
522.25,3,1166.8302981858608,133,0.5541666666666667,0.9999989784921419,0.0013239406247416504,1.0012101216290317,0.9999711287578171,0.005496052213020641,1.0016355868830955,0.001068573208998595,-0.9999834458370148,0.9999359806249971
522.25,3,1166.8302981858608,134,0.5583333333333333,0.999998959264736,0.0012281421789638023,1.0009675237113533,0.9999708685449875,0.005531894919836682,1.0017163771377737,0.0009897677329387025,-0.9999838978641566,0.9999346489055868
522.25,3,1166.8302981858608,135,0.5625,0.9999989477522566,0.001169890864838084,1.0007958003695385,0.9999706475818646,0.005506552255745985,1.0013936143243072,0.0009414818065212709,-0.999984400084039,0.9999360614151852
522.25,3,1166.8302981858608,136,0.5666666666666667,0.9999989338911344,0.001087514087789574,1.0004829792294845,0.9999704829819159,0.005462167593278246,1.0007981481718375,0.0008740810213949522,-0.9999849274304897,0.9999380701996609
522.25,3,1166.8302981858608,137,0.5708333333333333,0.9999989313195912,0.0010522603112425948,1.0002777844882471,0.9999703907143962,0.0054473996757368765,1.0003602857871488,0.0008447141343928848,-0.9999854870186801,0.999940218814245
522.25,3,1166.8302981858608,138,0.575,0.9999989260827988,0.001325915451652488,1.0011704157465657,0.9999703067274236,0.005478966724244902,1.0008075601325657,0.0010627823095119926,-0.9999834038338774,0.9999372068425131
522.25,3,1166.8302981858608,139,0.5791666666666667,0.9999988899062017,0.0016737569937136136,1.001840916669144,0.999970124550012,0.005606938191245809,1.0017692479775298,0.0013390373794705073,-0.9999818630593689,0.9999330893066973
522.25,3,1166.8302981858608,140,0.5833333333333334,0.9999988589927152,0.001508188467013119,1.0015068748993483,0.999969831237093,0.005755837308254185,1.0024364780797212,0.0012040023931231424,-0.9999822813837574,0.9999285982601389
522.25,3,1166.8302981858608,141,0.5875,0.9999988354620482,0.001399667131686367,1.0012613753500808,0.9999694870286339,0.005737126333713975,1.0021940810544334,0.0011150982229123337,-0.9999827648882438,0.9999296283096667
522.25,3,1166.8302981858608,142,0.5916666666666667,0.9999988098075904,0.0013246207493104731,1.0010630415999875,0.9999692082585141,0.005658481484089149,1.0015675671904736,0.0010533191135280386,-0.999983281288673,0.9999315539158742
522.25,3,1166.8302981858608,143,0.5958333333333333,0.9999987954184164,0.0012555760171643368,1.0008627989381023,0.9999689925829373,0.005628075743430333,1.0011563848374505,0.0009965878162203302,-0.9999838367202428,0.9999336464461142
522.25,3,1166.8302981858608,144,0.6,0.9999987872008496,0.0013551217061131824,1.0011173661657318,0.9999688388161908,0.005636639454087369,1.0011056355265382,0.001073551235490417,-0.9999830806787758,0.9999332294135009
522.25,3,1166.8302981858608,145,0.6041666666666666,0.9999987621629394,0.001603136769838969,1.0016336402446597,0.9999686710647561,0.005707112327002258,1.001577463732049,0.0012672779763950258,-0.999982058932759,0.999931152245877
522.25,3,1166.8302981858608,146,0.6083333333333333,0.9999987168865984,0.0017983215922124068,1.0019772256997657,0.9999683690347352,0.005856539123401358,1.0023127245893446,0.0014180658091544444,-0.9999808732803254,0.9999269747897963
522.25,3,1166.8302981858608,147,0.6125,0.9999986723215251,0.0017391825544172152,1.0018440239027333,0.9999679537752448,0.005953785934476328,1.0026116455299292,0.0013679021042275338,-0.9999811635809224,0.999925239887539
522.25,3,1166.8302981858608,148,0.6166666666666667,0.9999986411358571,0.001632717197011778,1.0016180354782587,0.9999675457777237,0.00595060789699139,1.0024342602430991,0.0012809042698422124,-0.9999816301190153,0.9999251683979895
522.25,3,1166.8302981858608,149,0.6208333333333333,0.9999986094205485,0.0015478657785678064,1.00141897000141,0.9999671989772939,0.005887479545534172,1.0019313478904701,0.001211416693885332,-0.9999821427478532,0.9999270437507228
522.25,3,1166.8302981858608,150,0.625,0.9999985818322895,0.0013947479867763317,1.0010273235328477,0.9999669194727872,0.005826969790018747,1.0013222963622772,0.0010891141841427778,-0.9999827286920054,0.9999292282220561
522.25,3,1166.8302981858608,151,0.6291666666666667,0.9999985674974459,0.0015794108380930941,1.001458483909414,0.9999667027425885,0.005849973933696482,1.0013610497400276,0.0012303329069763128,-0.9999820232172897,0.9999288939548844
522.25,3,1166.8302981858608,152,0.6333333333333333,0.9999985196559974,0.0021336724180186736,1.0024818754433922,0.9999664057345881,0.006000917485002872,1.0022009778175567,0.0016574555412492238,-0.9999795694761289,0.9999253051400194
522.25,3,1166.8302981858608,153,0.6375,0.9999984559962877,0.0021329119357328926,1.0024546691668743,0.9999659876500772,0.006225401520006468,1.0030848308749614,0.0016516942614648858,-0.9999797516596777,0.9999211573919451
522.25,3,1166.8302981858608,154,0.6416666666666667,0.9999984082525385,0.0019424412184631213,1.002090884781055,0.9999654589210429,0.006303710108531746,1.0032288280456474,0.0014994837792069204,-0.9999801214711523,0.9999195343099163
522.25,3,1166.8302981858608,155,0.6458333333333334,0.9999983575967862,0.0018712225988356138,1.0019301116739956,0.999964965821808,0.006206731028665242,1.0026452587162547,0.0014402266351910954,-0.999980543825693,0.999921000314988
522.25,3,1166.8302981858608,156,0.65,0.9999983130122878,0.0017558281591743758,1.0016722939653213,0.999964546273052,0.0061381455214868244,1.0021108671727874,0.0013475511223028974,-0.9999810594167221,0.9999228530274872
522.25,3,1166.8302981858608,157,0.6541666666666667,0.9999982838864223,0.0017839103297082257,1.001713907892,0.999964202031335,0.006129449894321678,1.0018844594273848,0.0013651864256413097,-0.9999810015603224,0.9999236464087844
522.25,3,1166.8302981858608,158,0.6583333333333333,0.9999982439689358,0.0020276606443680022,1.0021727881000264,0.9999638895239918,0.006191753877801291,1.002112880381521,0.0015470182327734082,-0.9999803113405046,0.9999232880058148
522.25,3,1166.8302981858608,159,0.6625,0.9999981747567527,0.0023033758489153346,1.0026417833970664,0.999963473521303,0.006363408672469592,1.0028205815437694,0.0017514925276525134,-0.9999793066188706,0.9999200173398405
522.25,3,1166.8302981858608,160,0.6666666666666666,0.9999980916284653,0.0023567366227849698,1.0027039654189762,0.9999628849445592,0.006533474808151991,1.0033436820112174,0.0017857485924719719,-0.9999789303371178,0.9999176245077666
522.25,3,1166.8302981858608,161,0.6708333333333333,0.9999980235031457,0.002228331644827307,1.0024479774761768,0.9999622476333867,0.0065798091069536185,1.0033347388267533,0.0016824863297306765,-0.9999792125590858,0.9999162177769997
522.25,3,1166.8302981858608,162,0.675,0.9999979625016228,0.002154344390279458,1.0022845839274703,0.999961666976316,0.006531117442338437,1.0029446168891742,0.0016210522692739343,-0.9999796059154277,0.9999175348377383
522.25,3,1166.8302981858608,163,0.6791666666666667,0.9999978977577777,0.0019872152971201038,1.001923716407244,0.9999611568274122,0.006442301272655988,1.0023092537949925,0.0014904421160723542,-0.9999800525829882,0.9999190745324105
522.25,3,1166.8302981858608,164,0.6833333333333333,0.9999978534384766,0.0019686390073780234,1.0018612914135607,0.9999607413252787,0.006417639624420894,1.0019653453758128,0.0014717334751057356,-0.99998049691188,0.9999207203857737
522.25,3,1166.8302981858608,165,0.6875,0.9999977912386411,0.002512080704376578,1.0028683023669918,0.9999603014968445,0.006550449929357703,1.0025369953438252,0.0018713475519093862,-0.9999789272828149,0.999918563563998
522.25,3,1166.8302981858608,166,0.6916666666666667,0.9999976804746716,0.0028062684419764184,1.0033389252546694,0.9999597214649015,0.006808093467859335,1.0034908678412362,0.0020823292324092524,-0.9999782271184504,0.9999160612137026
522.25,3,1166.8302981858608,167,0.6958333333333333,0.9999975843951239,0.002600438839293852,1.0029528093980147,0.9999589882339515,0.007002830682685254,1.0040150963833445,0.0019217617012307483,-0.9999783291783513,0.9999133890906501
522.25,3,1166.8302981858608,168,0.7,0.9999974933873838,0.002504045902874836,1.0027473612765043,0.9999582153333374,0.006952548191274477,1.0036269397300392,0.0018433014689597327,-0.9999785490385764,0.9999139778538316
522.25,3,1166.8302981858608,169,0.7041666666666667,0.99999739960429,0.0024026895168789875,1.0025221185697588,0.9999575330846239,0.00685101694858494,1.0029943652563624,0.0017620626597635452,-0.9999788350982483,0.9999148365795087
522.25,3,1166.8302981858608,170,0.7083333333333334,0.999997326626466,0.002340113466848983,1.0023704077989375,0.9999569354850781,0.006816687401089524,1.002612186538721,0.0017098472666500163,-0.9999791404907735,0.9999158589533681
522.25,3,1166.8302981858608,171,0.7125,0.9999972566017342,0.0025223268843240624,1.002693884252493,0.9999564131372349,0.0068550810472075814,1.0026131714098667,0.0018360568029190142,-0.9999789486803348,0.9999161111813757
522.25,3,1166.8302981858608,172,0.7166666666666667,0.9999971502771248,0.002825258881400474,1.003209010995815,0.9999558404957377,0.007007242912300426,1.0031488899810157,0.0020482947315008386,-0.9999785472074378,0.9999154218035895
522.25,3,1166.8302981858608,173,0.7208333333333333,0.9999970085592579,0.0030039702792664168,1.0034794945072587,0.9999550598705831,0.007227710784261937,1.0038283160882122,0.002168572289530297,-0.999978030008048,0.999914050365953
522.25,3,1166.8302981858608,174,0.725,0.999996873110776,0.0029169560883007227,1.0032861755563482,0.9999541435836256,0.007339987400503459,1.0040128821926189,0.0020966712852727,-0.9999780431501379,0.9999130469620298
522.25,3,1166.8302981858608,175,0.7291666666666666,0.9999967576200982,0.0028223478124298922,1.0030782606974231,0.9999532559749303,0.007330827595513216,1.0037479621511673,0.002020087789172239,-0.9999781318827315,0.9999127877628925
522.25,3,1166.8302981858608,176,0.7333333333333333,0.9999966360635189,0.0027138004851944755,1.0028327157298351,0.999952454639148,0.00725008298446972,1.0031731785829805,0.001934530561209834,-0.9999782853856195,0.9999130987351759
522.25,3,1166.8302981858608,177,0.7375,0.9999965280688146,0.0025558187800941907,1.0024770462016954,0.9999517572420142,0.007180635234497302,1.0025797276849935,0.0018148106748609835,-0.9999785521337724,0.9999138673167379
522.25,3,1166.8302981858608,178,0.7416666666666667,0.9999964332516086,0.0028935835148709323,1.0031051702755194,0.9999511229614796,0.007256309121400654,1.0027523002628058,0.002046276040400331,-0.9999785516797769,0.9999142539885387
522.25,3,1166.8302981858608,179,0.7458333333333333,0.9999962629425049,0.003432576745759085,1.0040194425802966,0.999950344207085,0.007497127279510146,1.0036263620485921,0.0024167131982987347,-0.9999783761096646,0.9999143216404194
522.25,3,1166.8302981858608,180,0.75,0.9999960769482925,0.0033523585981345594,1.003832329177127,0.9999493827028869,0.0077648557719350005,1.0044088394354906,0.002349200137097661,-0.9999781732186275,0.9999138275621269
522.25,3,1166.8302981858608,181,0.7541666666666667,0.9999959153382207,0.0031942931606292256,1.0035043836712387,0.9999482812108234,0.007821093151698598,1.004357170621312,0.0022281549237015367,-0.9999780501129701,0.9999132653021185
522.25,3,1166.8302981858608,182,0.7583333333333333,0.9999957437264609,0.0031258747953302026,1.00332662576912,0.9999472608836174,0.007717835522035303,1.0037017684044205,0.002170874065855041,-0.9999779922973304,0.999912731501981
522.25,3,1166.8302981858608,183,0.7625,0.9999955889449759,0.003016979118596299,1.003067748995764,0.9999463478117113,0.007659908608934563,1.003174349963605,0.0020863464573151894,-0.9999780458888587,0.999912640096272
522.25,3,1166.8302981858608,184,0.7666666666666667,0.9999954584411904,0.003097659344670312,1.0031843607857642,0.9999455489626234,0.007671666286573854,1.0029721284396604,0.002133080620926736,-0.9999783444815663,0.9999132050204581
522.25,3,1166.8302981858608,185,0.7708333333333334,0.9999952939032549,0.0033756487691656446,1.003664285588389,0.9999447733370753,0.007778499590173147,1.0032545020874355,0.0023143124671383274,-0.9999787162656626,0.9999141495872667
522.25,3,1166.8302981858608,186,0.775,0.9999950672659481,0.0036374855397484354,1.0040822921074095,0.9999438032052361,0.007997624507026914,1.003948762998423,0.0024822344647707543,-0.9999787729362766,0.9999152186325467
522.25,3,1166.8302981858608,187,0.7791666666666667,0.9999948204566855,0.003652629633382624,1.0040485340670795,0.9999425899231731,0.00817278000967089,1.004341803873625,0.0024807508532216542,-0.9999786042067812,0.9999153439893886
522.25,3,1166.8302981858608,188,0.7833333333333333,0.9999946051455094,0.00353843630821332,1.0037822526841944,0.999941340980125,0.008216269935392694,1.004215678419345,0.002391962013364386,-0.9999783419753603,0.9999148949845375
522.25,3,1166.8302981858608,189,0.7875,0.9999943952364134,0.00347292150171644,1.0035999280469723,0.9999401962786901,0.008168679246731059,1.003728237088046,0.002337125584389406,-0.9999781821508806,0.9999139681328738
522.25,3,1166.8302981858608,190,0.7916666666666666,0.9999941813466658,0.0033003954861267446,1.0031906744808397,0.9999391701498358,0.008088428876413905,1.0030354816380957,0.0022115649182344456,-0.9999781083323843,0.9999133793139761
522.25,3,1166.8302981858608,191,0.7958333333333333,0.9999940102098241,0.0033762356332262297,1.0032945590267668,0.9999382924025596,0.008096663087917821,1.0027782369817355,0.0022527752120517315,-0.9999783379488191,0.9999135219558901
522.25,3,1166.8302981858608,192,0.8,0.9999937731062359,0.003949997745224059,1.0043396825737654,0.9999373314926926,0.008276183386893675,1.0034196578701002,0.0026236971540153434,-0.9999796482166549,0.9999160504365894
522.25,3,1166.8302981858608,193,0.8041666666666667,0.999993448887082,0.004124093345290244,1.0045836979735956,0.9999361529409773,0.0085487871730177,1.0043070070543711,0.0027261631235687054,-0.9999797110093357,0.9999181237791791
522.25,3,1166.8302981858608,194,0.8083333333333333,0.9999931632958655,0.003933905238167632,1.0041653390049192,0.9999347480844445,0.00871305235787134,1.0046293743209724,0.0025878721881656156,-0.9999792754637257,0.9999192584990563
522.25,3,1166.8302981858608,195,0.8125,0.9999928771543894,0.003867985836837864,1.0039672872398497,0.999933348694326,0.008657201651622566,1.0040817448664636,0.002532830199442602,-0.9999789278695393,0.9999176196364401
522.25,3,1166.8302981858608,196,0.8166666666666667,0.9999925920021092,0.003771181051046383,1.003698406718898,0.9999321066165212,0.008585672292349321,1.003417808870597,0.002458637407395902,-0.9999786634789029,0.9999163022194966
522.25,3,1166.8302981858608,197,0.8208333333333333,0.9999923530251643,0.0037514682428470463,1.003591576622919,0.9999310167368498,0.008576499653093842,1.0030289510452632,0.002435370414332185,-0.9999787031563621,0.9999157014290434
522.25,3,1166.8302981858608,198,0.825,0.9999921035380184,0.003959507894690972,1.0039527510851685,0.9999300417823904,0.008636607182362258,1.003048683812302,0.0025594062754280143,-0.999979641804383,0.9999170856990206
522.25,3,1166.8302981858608,199,0.8291666666666667,0.9999917680766218,0.004244182329160906,1.0044327632026575,0.9999289524462541,0.008803032306793752,1.0035970853680642,0.002731092131372769,-0.9999803276804635,0.9999197656155896
522.25,3,1166.8302981858608,200,0.8333333333333334,0.9999913660360525,0.00437540236369991,1.0045953633454852,0.9999275356383237,0.009003379513883884,1.0041552138336127,0.002802514315091033,-0.9999806535627384,0.9999221623229347
522.25,3,1166.8302981858608,201,0.8375,0.9999909912311206,0.004284761264911782,1.0043338449115229,0.9999259718339264,0.009096522988814523,1.0041846799940144,0.002731929664458765,-0.9999801624519722,0.9999224472462345
522.25,3,1166.8302981858608,202,0.8416666666666667,0.9999906522139183,0.004217907651596529,1.004117736169461,0.999924509146413,0.009090994479962547,1.0037902615370442,0.002677536756669905,-0.9999797472081657,0.9999211706590068
522.25,3,1166.8302981858608,203,0.8458333333333333,0.9999902986767568,0.004105952014881039,1.0037907181294132,0.9999232124797659,0.009032752190774497,1.0031043180786565,0.002595789560633493,-0.9999793836051277,0.999919492652985
522.25,3,1166.8302981858608,204,0.85,0.9999899914873135,0.004008212107344159,1.0034866800727094,0.9999221227813652,0.009001056764876916,1.0025099582677361,0.0025241245480841046,-0.9999790983653617,0.999918116099483
522.25,3,1166.8302981858608,205,0.8541666666666666,0.9999896832891163,0.004401058396193247,1.0042641251514306,0.999921102203134,0.009095260824512294,1.002770158317392,0.0027603422906487826,-0.999980857880471,0.9999210048722691
522.25,3,1166.8302981858608,206,0.8583333333333333,0.9999892068898983,0.004812859359578037,1.004986477381588,0.9999198485182489,0.009308066613716071,1.0036090453917608,0.0030056926034000915,-0.999982297452168,0.9999248882313244
522.25,3,1166.8302981858608,207,0.8625,0.9999887344971955,0.004692518466662602,1.004648538718015,0.999918329110446,0.009514591174723525,1.0042177519222912,0.002917649009168134,-0.9999817148059219,0.9999283272878765
522.25,3,1166.8302981858608,208,0.8666666666666667,0.9999883046098869,0.004586574607358665,1.0043317289291995,0.9999166795610681,0.009539527678462728,1.0039276007223084,0.0028398914412338405,-0.9999811980219641,0.9999273059598399
522.25,3,1166.8302981858608,209,0.8708333333333333,0.9999878595527628,0.00452631558571362,1.004094247744168,0.9999152346711215,0.009475781754937915,1.0031753803891894,0.002791747891224407,-0.9999807233112172,0.9999252334315362
522.25,3,1166.8302981858608,210,0.875,0.9999874686756841,0.0044497250481993125,1.0038201153239612,0.999913999410544,0.009455149761692353,1.0026109184150283,0.0027345049322233324,-0.9999803111505444,0.9999233978255817
522.25,3,1166.8302981858608,211,0.8791666666666667,0.9999871197301706,0.004556997014032304,1.0039793208228973,0.9999129803533208,0.009480178698401199,1.0023921647938856,0.0027904998659914098,-0.9999811942205071,0.9999242851739298
522.25,3,1166.8302981858608,212,0.8833333333333333,0.9999866840502981,0.004806831765221197,1.0044347093515067,0.9999119885776685,0.009570996288287007,1.0026842208608675,0.0029328060484843333,-0.9999822666296941,0.9999266513649898
522.25,3,1166.8302981858608,213,0.8875,0.9999861274738501,0.005010924839780118,1.0047519516043844,0.9999106815892888,0.009732364394517669,1.0032920504240246,0.0030458112395763594,-0.9999831546160816,0.9999307504901254
522.25,3,1166.8302981858608,214,0.8916666666666667,0.9999855610920357,0.004992891383663956,1.0045909647345914,0.9999090834377984,0.009849611697903403,1.0034986333974942,0.003023565202825655,-0.9999828376426718,0.9999319924485707
522.25,3,1166.8302981858608,215,0.8958333333333334,0.9999850721213721,0.004908020411973874,1.0042895928479392,0.9999075406329139,0.009878970870056248,1.0032098856470668,0.0029617152400805142,-0.9999823008030213,0.9999317297600088
522.25,3,1166.8302981858608,216,0.9,0.9999845910250112,0.004850071687904932,1.0040366238596712,0.9999062318632864,0.009853427332971851,1.0025810039516811,0.0029173558578810695,-0.9999818114944626,0.9999296329477666
522.25,3,1166.8302981858608,217,0.9041666666666667,0.9999841306423064,0.004712088898766096,1.0035657122662984,0.9999051769570728,0.009820995899704725,1.0018066642484842,0.002826223043118429,-0.9999813900182154,0.9999277929883051
522.25,3,1166.8302981858608,218,0.9083333333333333,0.9999837589448284,0.004849714827891076,1.00382274118829,0.9999043789110775,0.009844789788581717,1.001613082899824,0.002900604368631143,-0.9999821047707518,0.9999282843919598
522.25,3,1166.8302981858608,219,0.9125,0.9999832146820429,0.005315922748576277,1.004801903412894,0.9999034333614257,0.009955506043052632,1.0022589665750006,0.0031699568713898685,-0.9999846846774307,0.9999327626693445
522.25,3,1166.8302981858608,220,0.9166666666666666,0.9999825551709888,0.005370291020242897,1.0047854064609718,0.9999022132552442,0.010114727424145544,1.0030116592398135,0.0031923449399389255,-0.9999845077428744,0.999936772327961
522.25,3,1166.8302981858608,221,0.9208333333333333,0.999981996505795,0.005226250883637378,1.0043245165343946,0.9999007444721618,0.01019629598797964,1.0030737238278353,0.0030974751797126295,-0.999983951045426,0.9999383524587641
522.25,3,1166.8302981858608,222,0.925,0.9999814392789148,0.0051812248956595,1.004078819459847,0.9998994390814634,0.010164640578181497,1.0023519244312487,0.0030627932211158304,-0.9999834289417906,0.9999361652749696
522.25,3,1166.8302981858608,223,0.9291666666666667,0.9999809214804154,0.005101925491072354,1.0037355781923527,0.9998984371822989,0.010143412617476685,1.0016299078226838,0.003009025448813506,-0.9999829643435248,0.9999341942573617
522.25,3,1166.8302981858608,224,0.9333333333333333,0.9999805091449571,0.005110874982943809,1.0036481638901886,0.9998977343181146,0.01014848209326467,1.0012057837203427,0.0030080588957362322,-0.9999831457620214,0.9999335573452626
522.25,3,1166.8302981858608,225,0.9375,0.9999800615348822,0.005281804685637744,1.003997758544886,0.9998972260396536,0.010174402231517509,1.001221054191465,0.0031023929067888153,-0.9999842742125115,0.999934920193261
522.25,3,1166.8302981858608,226,0.9416666666666667,0.9999794584767615,0.005489217068147951,1.004389160051939,0.9998965397701045,0.010245189396866977,1.0017357672860996,0.003217390056897495,-0.9999852256791472,0.999938784558837
522.25,3,1166.8302981858608,227,0.9458333333333333,0.9999787778652411,0.005553602675716389,1.0043961251784606,0.9998954581222661,0.010333957769775132,1.0021231206398726,0.003248298851562607,-0.9999855454697043,0.9999414656189443
522.25,3,1166.8302981858608,228,0.95,0.9999781944320125,0.0054729476669302885,1.0040449449350137,0.9998943230376145,0.010374015055227424,1.0019734591068552,0.00319504453443376,-0.9999850250820985,0.9999422621312484
522.25,3,1166.8302981858608,229,0.9541666666666667,0.9999776844875921,0.005424247920953405,1.0037773027715051,0.9998934535086137,0.010371496687386673,1.001430400839314,0.003161616370341807,-0.9999845530310387,0.9999405148496243
522.25,3,1166.8302981858608,230,0.9583333333333334,0.9999771764985692,0.005325457366060287,1.0033333493740608,0.9998928975555244,0.010358514405938444,1.0006269296980028,0.0031003717467627204,-0.9999841063614094,0.9999386397361785
522.25,3,1166.8302981858608,231,0.9625,0.9999767983186564,0.005288216022818762,1.0030914097321988,0.9998927066152284,0.010358311435809259,1.0000496230404743,0.0030758512983196694,-0.9999836901606031,0.9999368777671819
522.25,3,1166.8302981858608,232,0.9666666666666667,0.9999763740457948,0.005601496492573197,1.0039450298059984,0.999892578721952,0.010367880079498857,1.000378666440633,0.003254826683284212,-0.999985968244369,0.9999406437246643
522.25,3,1166.8302981858608,233,0.9708333333333333,0.9999756934843164,0.005827137008780344,1.0044026856995811,0.9998921782537132,0.010415541928117925,1.0011511742358623,0.0033820757433271204,-0.9999869991991248,0.9999444791511019
522.25,3,1166.8302981858608,234,0.975,0.9999751011507175,0.005706293207053538,1.0039225608238271,0.9998914966388947,0.010474340824870303,1.0015559355322716,0.003308300467491985,-0.9999865041044143,0.9999480405117456
522.25,3,1166.8302981858608,235,0.9791666666666666,0.9999745860346833,0.005640366816537817,1.0035841077885095,0.9998908201281343,0.010474883023275459,1.0010430041553886,0.003267690441490946,-0.9999860496871443,0.9999463733198789
522.25,3,1166.8302981858608,236,0.9833333333333333,0.9999740877095198,0.0055847943181718054,1.0032542209030788,0.999890513556071,0.010464753608130059,1.000221956360144,0.003234381280238431,-0.9999856150780693,0.9999445715888403
522.25,3,1166.8302981858608,237,0.9875,0.9999737249812746,0.005535631673529104,1.0029601567898891,0.999890540449603,0.010465406890779794,0.9996389609595094,0.0032057416738997574,-0.9999852025326572,0.9999428510313304
522.25,3,1166.8302981858608,238,0.9916666666666667,0.9999734249428428,0.005610238787156999,1.0031353593692196,0.9998908762160043,0.010453982474212264,0.9994309813604583,0.0032492887512397535,-0.9999861342627955,0.999943895859895
522.25,3,1166.8302981858608,239,0.9958333333333333,0.999972985595938,0.0057645187790147205,1.0035319773957105,0.9998912197979205,0.01043122987621842,0.9997536243732024,0.003338877866474498,-0.9999870111621676,0.9999461751991273
522.25,4,1167.3302981858608,0,0.0,0.9999873989352984,0.005005686984822765,0.9950212183915835,0.9999491577967006,0.007421645108355286,0.9970925880163604,0.003508685528511053,-0.9999911855080634,0.9999647858761342
522.25,4,1167.3302981858608,1,0.004166666666666667,0.9999878352214515,0.005057879754677593,0.9948331083903535,0.999949958626987,0.0074551827420529584,0.9966772658947622,0.003560754087009184,-0.9999911715232178,0.9999647018614143
522.25,4,1167.3302981858608,2,0.008333333333333333,0.9999882571700109,0.005216459675097484,0.9944532460815562,0.9999508565400029,0.007554078575023803,0.9960276883123033,0.003689203598533206,-0.9999911683460488,0.9999646611374895
522.25,4,1167.3302981858608,3,0.0125,0.9999887248734313,0.005215597847430397,0.9943718344907272,0.9999518635661762,0.007585275249362507,0.9956733765591699,0.0037056006965348214,-0.9999911753569352,0.9999646625212879
522.25,4,1167.3302981858608,4,0.016666666666666666,0.9999891353368912,0.004661322278023663,0.9953496281856642,0.9999528213157031,0.007370140539028539,0.9962280665460593,0.0033260920464939056,-0.9999911702695776,0.9999646814000933
522.25,4,1167.3302981858608,5,0.020833333333333332,0.9999894224022162,0.004413085726687884,0.9957903814029001,0.9999536042123065,0.0071022239612342115,0.9971593984755209,0.0031614671735415716,-0.9999911645172693,0.9999646441407773
522.25,4,1167.3302981858608,6,0.025,0.9999897435466958,0.004579469015734158,0.9953813816004597,0.9999542194276585,0.006965562757374991,0.9976623844590639,0.00329324980111087,-0.9999911589593007,0.9999645610567524
522.25,4,1167.3302981858608,7,0.029166666666666667,0.9999900772376348,0.004660176653645625,0.995154880125949,0.9999548094998418,0.00699633875342127,0.9972620630414423,0.0033647246882077186,-0.9999911738814528,0.9999645929025607
522.25,4,1167.3302981858608,8,0.03333333333333333,0.9999904043383545,0.004753489823750295,0.9949139058460358,0.9999555064856158,0.0070855427947929695,0.9966258580297346,0.003446432253399941,-0.9999912003777172,0.9999646713754036
522.25,4,1167.3302981858608,9,0.0375,0.9999907677569925,0.004803619975064134,0.9947521060387284,0.9999562879695622,0.00712605121996471,0.996247026514231,0.003497552793129012,-0.999991230545084,0.999964778982719
522.25,4,1167.3302981858608,10,0.041666666666666664,0.9999911289357729,0.004594625875038811,0.9950645421347347,0.999957134880285,0.007063899061314168,0.9962563203814682,0.003359314362613392,-0.9999911612305525,0.9999647275733292
522.25,4,1167.3302981858608,11,0.04583333333333333,0.9999914187562989,0.004298822721215398,0.9955604348012599,0.9999579200574545,0.0068724523004252604,0.9967955046211247,0.0031552834989138716,-0.9999910739724316,0.9999644989764556
522.25,4,1167.3302981858608,12,0.05,0.9999916477464649,0.004144410716356126,0.9958078534014488,0.9999585045556209,0.006685893905738816,0.9974710599937959,0.0030530464060123997,-0.9999909834588744,0.9999641495834376
522.25,4,1167.3302981858608,13,0.05416666666666667,0.9999918891139759,0.004223706844512832,0.9955985988884871,0.999958973057656,0.006617234360199832,0.9976528788690894,0.003122643664660084,-0.9999910274378498,0.9999640098181983
522.25,4,1167.3302981858608,14,0.058333333333333334,0.9999921619180476,0.0043075686070835305,0.9953809609762708,0.9999594786464996,0.006627473936887373,0.9973948729245579,0.0031963278491042315,-0.9999910840001064,0.9999640888066699
522.25,4,1167.3302981858608,15,0.0625,0.9999924252451883,0.004414372616821379,0.9951308807418368,0.9999600656588087,0.006704069171466995,0.9968394330684538,0.0032881388172495913,-0.9999911513967767,0.9999643313554593
522.25,4,1167.3302981858608,16,0.06666666666666667,0.9999927043404353,0.004584900383873312,0.9947742536954213,0.999960736245938,0.0067996928297991465,0.9962726946296334,0.0034287009385087254,-0.9999912379700451,0.9999646517529394
522.25,4,1167.3302981858608,17,0.07083333333333333,0.9999929947073668,0.0042028355236558195,0.99539356463962,0.9999614453020549,0.006694074196627537,0.996468960261601,0.0031548021972638354,-0.9999910221559106,0.9999643924938149
522.25,4,1167.3302981858608,18,0.075,0.999993187688701,0.003703122568576843,0.9962918170778738,0.9999620304698396,0.006439392668114358,0.9973591065323683,0.0027891111790051566,-0.9999906551918518,0.9999637343242405
522.25,4,1167.3302981858608,19,0.07916666666666666,0.9999933640251144,0.0037801141237802927,0.9960952560370124,0.9999624771955621,0.006263024726532606,0.9981563071043902,0.0028559310160077593,-0.9999907285604838,0.9999629699566507
522.25,4,1167.3302981858608,20,0.08333333333333333,0.9999935705825206,0.003930749444445019,0.9957613035848135,0.999962829774646,0.00623935166488164,0.9981259374617895,0.0029791084777747562,-0.9999908158561768,0.9999628990658163
522.25,4,1167.3302981858608,21,0.0875,0.9999937680856756,0.004004995052246425,0.9955807504349689,0.9999632500328318,0.006314893441795766,0.9975019116747654,0.003045487162682126,-0.9999909143130832,0.9999632651218552
522.25,4,1167.3302981858608,22,0.09166666666666666,0.9999939820963745,0.0041224489828761,0.9953254824903686,0.9999637449261616,0.006382038503936102,0.9970126419949497,0.0031455364779343787,-0.9999910318152713,0.9999637088177273
522.25,4,1167.3302981858608,23,0.09583333333333334,0.9999942163511828,0.004024037688485161,0.9954476354100409,0.9999643103164505,0.00637569156459844,0.9968553652894451,0.0030808714363164623,-0.9999909229770273,0.9999637263127898
522.25,4,1167.3302981858608,24,0.1,0.9999944162044054,0.0037296470053481976,0.9959274880259382,0.9999648812571658,0.006252956736813374,0.9971823187139269,0.002864578266234136,-0.9999906791599474,0.9999633816746905
522.25,4,1167.3302981858608,25,0.10416666666666667,0.9999945621222289,0.0034880121555307866,0.9963383621693294,0.9999653227287122,0.006071042959027191,0.9979139399338678,0.0026866789291606834,-0.9999904015502002,0.9999623280230916
522.25,4,1167.3302981858608,26,0.10833333333333334,0.9999946946318494,0.003488627935471741,0.996301392573885,0.9999656157482482,0.0059799862841317915,0.998342440012596,0.002694473894159722,-0.9999903894998341,0.9999617476369324
522.25,4,1167.3302981858608,27,0.1125,0.9999948547229665,0.0036082765691864927,0.9960393694032414,0.9999658940897068,0.005968649738696933,0.9982585761963981,0.002794508318192148,-0.999990520030894,0.9999615686114504
522.25,4,1167.3302981858608,28,0.11666666666666667,0.9999950197567533,0.0036823412059213785,0.9958662259157641,0.9999662367756988,0.0060109961757296,0.9978257021616935,0.002860005327913974,-0.9999906698285597,0.9999621400926468
522.25,4,1167.3302981858608,29,0.12083333333333333,0.9999951818320258,0.0038880859461079523,0.9954717414815247,0.9999666446053336,0.006106805504076786,0.9971975759798186,0.003028924645020968,-0.9999908344304973,0.9999627727392929
522.25,4,1167.3302981858608,30,0.125,0.9999953705395644,0.003795803244846166,0.9955873698337024,0.9999671254014109,0.006112939344033651,0.9970066254050253,0.0029657750239809725,-0.9999908171891244,0.9999630618627087
522.25,4,1167.3302981858608,31,0.12916666666666668,0.9999955152037402,0.0031885859648501814,0.996634522864117,0.9999675518872836,0.005922912222048856,0.997707911838798,0.0024978163830045017,-0.9999899556344315,0.9999617222714724
522.25,4,1167.3302981858608,32,0.13333333333333333,0.999995608475503,0.003043139359291825,0.9968842187694895,0.9999678608361866,0.005748777800714953,0.9986523449991557,0.002389204065742694,-0.9999897963649663,0.999960269070484
522.25,4,1167.3302981858608,33,0.1375,0.9999957275399423,0.003240164467791733,0.9964774048045443,0.9999680567795635,0.005692817050556464,0.9990361406257359,0.00254930298959212,-0.9999899597933283,0.9999592074317605
522.25,4,1167.3302981858608,34,0.14166666666666666,0.9999958485867446,0.00332385573909134,0.9962929489970426,0.9999682589055542,0.005725325383960738,0.9985600033291445,0.0026211272417230595,-0.9999901431329592,0.9999599101763823
522.25,4,1167.3302981858608,35,0.14583333333333334,0.9999959711660098,0.0034474732341582518,0.9960439284952657,0.9999685353808011,0.005789547862785408,0.997975078130306,0.00272515820214035,-0.9999903434343318,0.9999606831624187
522.25,4,1167.3302981858608,36,0.15,0.9999961161953211,0.0034746915116482422,0.9959610157395927,0.9999688757132014,0.00581721799851073,0.9976721218994521,0.002753336609088748,-0.9999904113007633,0.999961212996925
522.25,4,1167.3302981858608,37,0.15416666666666667,0.9999962545208058,0.0032329957600484966,0.9963442281883591,0.9999692579399946,0.005762656978214493,0.9977815473359133,0.002567687258463275,-0.9999899945409747,0.9999608151918252
522.25,4,1167.3302981858608,38,0.15833333333333333,0.9999963534577688,0.0029420090349866644,0.9968399083417074,0.9999695801454372,0.005628257246236966,0.998415403946408,0.002341198692912551,-0.9999895353187047,0.9999593920214574
522.25,4,1167.3302981858608,39,0.1625,0.9999964260340257,0.0028340042654603774,0.9970186043582332,0.9999697562812452,0.005539803583428051,0.999056286022048,0.0022591652747165148,-0.9999892240086014,0.9999578749688386
522.25,4,1167.3302981858608,40,0.16666666666666666,0.9999965128608918,0.002947094926780289,0.9967808260692435,0.999969868655191,0.005520288923746627,0.999172990479039,0.0023532683009345108,-0.9999894414343203,0.9999573235643777
522.25,4,1167.3302981858608,41,0.17083333333333334,0.9999966151655597,0.003034119835925539,0.9965937486325374,0.9999700198393787,0.0055328263920078,0.9988763306347157,0.0024270013834509665,-0.9999896787365281,0.9999578967384211
522.25,4,1167.3302981858608,42,0.175,0.9999967121388118,0.0031859550303081252,0.9963021246133902,0.9999702309820969,0.0055872843112956035,0.9982992300158131,0.002553311422525726,-0.9999899279636357,0.9999588637533763
522.25,4,1167.3302981858608,43,0.17916666666666667,0.9999968249053841,0.0033266090397609405,0.9960351462866261,0.9999705112991925,0.0056456240352700665,0.9978186038788839,0.0026713006050469875,-0.9999901949080824,0.9999599052373862
522.25,4,1167.3302981858608,44,0.18333333333333332,0.9999969361762696,0.0028407616376652247,0.9968407824212966,0.9999708056640877,0.005553122244003651,0.9981889748170181,0.0022850396928481022,-0.999989235261305,0.9999585400793042
522.25,4,1167.3302981858608,45,0.1875,0.9999969925893212,0.0024316042705395126,0.9975923825208977,0.999971003136007,0.005419482979806708,0.9991355701174861,0.0019584793175884273,-0.9999883050884846,0.9999563678944868
522.25,4,1167.3302981858608,46,0.19166666666666668,0.9999970525463447,0.0025740700177488843,0.9972913311068282,0.9999710955355836,0.0053772579160198015,0.9998555211255186,0.00207540176805739,-0.9999885555948808,0.9999540228391485
522.25,4,1167.3302981858608,47,0.19583333333333333,0.9999971270420898,0.0027103776183470076,0.997013409267393,0.999971133718281,0.005377326370568771,0.9996858564077153,0.0021877780335185946,-0.9999888300205118,0.9999543766823157
522.25,4,1167.3302981858608,48,0.2,0.9999971975046572,0.0028059948128968063,0.996820368862853,0.9999712344829703,0.005404280237115339,0.9990615682029746,0.002267863000233887,-0.9999891179243046,0.9999554917557563
522.25,4,1167.3302981858608,49,0.20416666666666666,0.9999972825482241,0.002920789624299904,0.9965959377327734,0.9999713943495661,0.005435495900452828,0.9986305423840256,0.0023638136890818387,-0.9999894248050067,0.9999566867678834
522.25,4,1167.3302981858608,50,0.20833333333333334,0.999997377401716,0.002782523134089262,0.9968051544219266,0.9999716119624199,0.005425896022324521,0.9985502997086614,0.002254787994651147,-0.9999889961584497,0.9999564504741374
522.25,4,1167.3302981858608,51,0.2125,0.9999974489417437,0.0024869125191472937,0.9973078203897173,0.9999718227788171,0.005357016786179517,0.9989803020785107,0.0020173009365304258,-0.9999883570236879,0.9999552325780439
522.25,4,1167.3302981858608,52,0.21666666666666667,0.9999974915028839,0.002285957466882266,0.9976715704848538,0.9999719187978685,0.0053027438444918605,0.9997247518038708,0.0018556059516897044,-0.9999876543874189,0.9999525843250512
522.25,4,1167.3302981858608,53,0.22083333333333333,0.9999975331221661,0.002332703014654276,0.997563857534489,0.9999719096025984,0.0053002814388161575,1.0000719192287382,0.001894650799787413,-0.999987791036068,0.9999514476140957
522.25,4,1167.3302981858608,54,0.225,0.9999975929343092,0.002450635705743533,0.9973208470890315,0.9999719040495038,0.005300786130001254,0.9999309637447501,0.001991630452292459,-0.9999881160274099,0.9999513603154122
522.25,4,1167.3302981858608,55,0.22916666666666666,0.9999976537084895,0.0025437813917875045,0.9971319938328176,0.9999719545546619,0.005309594768099535,0.9994591188144958,0.002068818680923503,-0.9999884617510332,0.999952701035776
522.25,4,1167.3302981858608,56,0.23333333333333334,0.9999977172949438,0.0027650325227605893,0.9967303802445355,0.9999720627493626,0.005348109043975327,0.9988473750044294,0.0022507065935908005,-0.9999888329648222,0.9999541500281474
522.25,4,1167.3302981858608,57,0.2375,0.9999977972642746,0.0025627488403185527,0.9970497130196253,0.9999722287044251,0.005336201906078669,0.9988143012338435,0.002087574168114895,-0.9999884360560772,0.999954081571675
522.25,4,1167.3302981858608,58,0.24166666666666667,0.9999978423996855,0.0019959772048053267,0.9980906310874692,0.9999723346338233,0.005266674665615162,0.9996192894346,0.0016264600784562835,-0.9999865388637914,0.9999511754675476
522.25,4,1167.3302981858608,59,0.24583333333333332,0.9999978658299455,0.001963580805401712,0.9981461958764337,0.9999723430358399,0.0052725654808189045,1.0005349075604766,0.001600054272849279,-0.9999865654426496,0.9999479969773881
522.25,4,1167.3302981858608,60,0.25,0.9999979081416368,0.002146914959818225,0.9977586812828927,0.9999722606309056,0.005294727070814304,1.0007681150227072,0.001749346691130356,-0.9999869222108366,0.9999464836532767
522.25,4,1167.3302981858608,61,0.25416666666666665,0.9999979495384659,0.0022273539969132816,0.99759016824829,0.9999722028689783,0.005274656961388606,1.000223075233533,0.0018150733250003504,-0.9999873022009957,0.9999479466736578
522.25,4,1167.3302981858608,62,0.25833333333333336,0.9999979960189762,0.0023618026029526367,0.997329941103174,0.9999722081035416,0.00527665936039007,0.9996799294646517,0.0019250255304775188,-0.9999877146422701,0.9999495468413644
522.25,4,1167.3302981858608,63,0.2625,0.9999980580634195,0.0023510739053366372,0.9973256617433784,0.9999722733136694,0.005280623246917045,0.9994374861538453,0.0019166511119153699,-0.999987659459764,0.9999502362063405
522.25,4,1167.3302981858608,64,0.26666666666666666,0.9999981121898764,0.002099151930742092,0.9977581287562567,0.9999723694386191,0.005262821636538624,0.9996347393511814,0.0017113162340144572,-0.999986860066166,0.9999495038301597
522.25,4,1167.3302981858608,65,0.2708333333333333,0.9999981404652963,0.001850034789502927,0.99823345643393,0.9999723962018913,0.005259148513581837,1.0003312541752138,0.0015077591962790514,-0.9999859452877747,0.9999463306658045
522.25,4,1167.3302981858608,66,0.275,0.9999981560869995,0.0018000822447148998,0.9983302359602652,0.9999722935174746,0.005302461984238112,1.0009055418542798,0.001466285032116844,-0.999985552351329,0.9999438009204515
522.25,4,1167.3302981858608,67,0.2791666666666667,0.9999981852250718,0.0019171814360610464,0.9980727064415705,0.9999721495464008,0.0053196416279296145,1.0009471753853634,0.0015608019480342714,-0.9999859564031406,0.9999426986553672
522.25,4,1167.3302981858608,68,0.2833333333333333,0.9999982230872643,0.0019958139393503405,0.9979015532482151,0.9999720490330667,0.00530382884024475,1.0005995768406195,0.0016240486974064858,-0.9999864020758925,0.9999441992997231
522.25,4,1167.3302981858608,69,0.2875,0.9999982583015163,0.0021733993090713756,0.9975608580665106,0.9999720033543321,0.005291187179340692,0.9999943256786955,0.0017679971914156606,-0.9999868657212043,0.9999459914357094
522.25,4,1167.3302981858608,70,0.2916666666666667,0.9999983086206389,0.002243995242798135,0.9974171663857534,0.999972027120533,0.005296078344223885,0.9996113121861905,0.001824879871720392,-0.999987348966868,0.9999478695384867
522.25,4,1167.3302981858608,71,0.29583333333333334,0.9999983506477018,0.0017289137432394568,0.9983643942635515,0.9999720461125408,0.005287961056075755,1.0001314994272716,0.0014051350170744357,-0.9999852169532557,0.9999446399125936
522.25,4,1167.3302981858608,72,0.3,0.9999983568001664,0.0014887112985137103,0.9989300003832546,0.9999719698289639,0.005351090863804359,1.0010997126355614,0.0012086972967195607,-0.999984047880609,0.9999408307413189
522.25,4,1167.3302981858608,73,0.30416666666666664,0.9999983730851975,0.001632802146707109,0.9985594210413452,0.9999717907450604,0.0054465428166425535,1.001707690040335,0.0013240780012632625,-0.9999844579950583,0.9999367310808316
522.25,4,1167.3302981858608,74,0.30833333333333335,0.9999983966971064,0.0017322885169737778,0.9983295567532823,0.9999715776367015,0.0054225073226319585,1.0014018750366702,0.001403215498614936,-0.9999849217401043,0.9999382418487976
522.25,4,1167.3302981858608,75,0.3125,0.9999984191826764,0.0018337879346144428,0.9981139427545741,0.9999714294908292,0.005373776530929127,1.0007838552432966,0.001484010030873783,-0.9999854087814627,0.9999401009934165
522.25,4,1167.3302981858608,76,0.31666666666666665,0.999998455274352,0.001919912498463758,0.9979326735210973,0.9999713405038229,0.005360968551043436,1.0004013034817354,0.0015522842373861295,-0.9999859190777095,0.9999420612413883
522.25,4,1167.3302981858608,77,0.32083333333333336,0.9999984960568237,0.001758842796106385,0.9982185635180888,0.999971306659246,0.005363739290318512,1.0003908720107082,0.0014206233471821875,-0.9999850383445033,0.9999413323034745
522.25,4,1167.3302981858608,78,0.325,0.9999985174318816,0.0015136176507072458,0.9987292169866437,0.9999712506761409,0.0054002126611066275,1.000909241962422,0.0012209757659940748,-0.9999840190496365,0.9999389699457526
522.25,4,1167.3302981858608,79,0.32916666666666666,0.9999985193192464,0.0013966792080334057,0.9990308999388667,0.9999710664085895,0.0055012571179539884,1.0016324523534235,0.0011248662635410505,-0.9999828837522244,0.9999348457946005
522.25,4,1167.3302981858608,80,0.3333333333333333,0.9999985253640751,0.0014573989482620801,0.9988610201748472,0.999970788800657,0.005566851897933726,1.001887884426605,0.0011718004062523245,-0.9999833314353324,0.9999334628759715
522.25,4,1167.3302981858608,81,0.3375,0.999998545227214,0.001542845501282628,0.9986403359599003,0.9999705267639759,0.00555761014137046,1.0016829840138193,0.0012384708729865565,-0.9999838187387549,0.9999337684738044
522.25,4,1167.3302981858608,82,0.3416666666666667,0.999998564300975,0.00163964657179228,0.9984183781400546,0.9999703222079223,0.005509441762135487,1.0011635839170763,0.001314198535003203,-0.9999843344998697,0.9999357166084435
522.25,4,1167.3302981858608,83,0.3458333333333333,0.9999985897701068,0.0018266192154554346,0.9980391139708751,0.9999701820469068,0.005475949641778509,1.000579955003097,0.0014620465773502892,-0.999984908167225,0.9999379109810089
522.25,4,1167.3302981858608,84,0.35,0.9999986256876858,0.0015511453718938099,0.9985645480734566,0.9999700911665772,0.0054914938144091765,1.0007040635500968,0.0012396099179233682,-0.9999838735560689,0.9999369348330797
522.25,4,1167.3302981858608,85,0.3541666666666667,0.9999986286541046,0.0012163267842788337,0.9995351239839535,0.9999699206246969,0.005597112588821123,1.0015813330874133,0.0009701393941274311,-0.9999813160103129,0.9999329749881678
522.25,4,1167.3302981858608,86,0.35833333333333334,0.9999986228401516,0.0012429414718681455,0.9994209546103042,0.9999696422315731,0.005772179749971761,1.0024362271874,0.0009891143209922607,-0.9999817292170072,0.9999285099692777
522.25,4,1167.3302981858608,87,0.3625,0.9999986320402141,0.001341503266260042,0.9990712685027064,0.9999692726623506,0.005818532821787316,1.0025043667231697,0.0010651323928228924,-0.9999821832878718,0.9999273857462885
522.25,4,1167.3302981858608,88,0.36666666666666664,0.999998639172796,0.0014012716136717642,0.9989026625767548,0.9999689452316488,0.00573304503108018,1.0019060705442921,0.001110250912968702,-0.9999826739099047,0.9999291917284678
522.25,4,1167.3302981858608,89,0.37083333333333335,0.9999986539720916,0.0015059629415693106,0.9986430566703098,0.9999686833532665,0.005682884734485583,1.0013999526548059,0.0011908027410412482,-0.9999832341581529,0.9999312902809603
522.25,4,1167.3302981858608,90,0.375,0.9999986814750615,0.001461522667216495,0.9987221262812179,0.9999684889083235,0.005678382569130979,1.0012114854759706,0.0011533133009078603,-0.9999829820050468,0.9999318293072519
522.25,4,1167.3302981858608,91,0.37916666666666665,0.9999986985893519,0.0012760361187271836,0.9991917996617693,0.9999683157983161,0.0057267945935307865,1.0014924280209976,0.0010046974702001034,-0.9999820602295967,0.9999309255507735
522.25,4,1167.3302981858608,92,0.38333333333333336,0.9999986932678179,0.0011719389312357161,0.9996348030503253,0.9999680417648775,0.005866921718512408,1.002221752202843,0.0009203788396438977,-0.9999808945968222,0.9999268480237085
522.25,4,1167.3302981858608,93,0.3875,0.999998680928143,0.0011750811415137462,0.9996486533791543,0.9999676227309743,0.006002776069650388,1.0027077974314427,0.0009203325328844995,-0.9999806331201059,0.9999242237737008
522.25,4,1167.3302981858608,94,0.39166666666666666,0.9999986827324773,0.0012267664146002003,0.99938750732641,0.9999671724730697,0.006031556746081563,1.0026689923518979,0.0009581897711583773,-0.9999810565117896,0.9999230029115512
522.25,4,1167.3302981858608,95,0.3958333333333333,0.999998689942139,0.0012706664438246658,0.9992198740283008,0.9999667765155229,0.005981357950238223,1.0022623112270967,0.0009898756933034668,-0.9999815613496283,0.9999248322967399
522.25,4,1167.3302981858608,96,0.4,0.9999986962803914,0.0014066988109834669,0.9988387082165083,0.9999664429723613,0.005906323073060443,1.0016308501784474,0.0010931586655830434,-0.9999821135235568,0.9999268630570964
522.25,4,1167.3302981858608,97,0.4041666666666667,0.9999987189681329,0.0013904485015803188,0.998858446868712,0.9999661909303558,0.005893567775572012,1.0013611486450533,0.0010778467366007983,-0.9999823966219582,0.9999284343186929
522.25,4,1167.3302981858608,98,0.4083333333333333,0.9999987253918475,0.0011315415453552289,0.9998925057903265,0.9999659052131586,0.006008007780531805,1.0020027237607132,0.0008746731979514971,-0.999980081543264,0.9999250256605842
522.25,4,1167.3302981858608,99,0.4125,0.9999987022911883,0.0011533510993629878,1.000255022667985,0.9999654988272964,0.006234468634829906,1.002959906719737,0.0008886871398518996,-0.9999793340884721,0.9999212245237447
522.25,4,1167.3302981858608,100,0.4166666666666667,0.9999986934700025,0.0011476483124663885,0.999854637491352,0.9999649626769448,0.006393344550046832,1.0034227917171314,0.0008813521795937018,-0.9999796420688375,0.9999178121634708
522.25,4,1167.3302981858608,101,0.42083333333333334,0.9999986882284964,0.0011701023454592564,0.99966133011709,0.9999644079524403,0.006328916491162666,1.0029922133487048,0.0008957466964888499,-0.9999800420321596,0.9999191743731233
522.25,4,1167.3302981858608,102,0.425,0.999998683926143,0.001217625300278074,0.9994230395571824,0.999963931959234,0.006237180487256676,1.0023837981395423,0.0009292989132652094,-0.9999805045895553,0.9999207970603688
522.25,4,1167.3302981858608,103,0.42916666666666664,0.999998695027561,0.0012445875684558717,0.9993016365764898,0.9999635292851784,0.006208694457848571,1.002040338413334,0.0009470311982507704,-0.9999808413202962,0.9999222694127192
522.25,4,1167.3302981858608,104,0.43333333333333335,0.9999987069173661,0.0011631345613273584,0.9996542290422119,0.9999631865567412,0.006244940138945004,1.0020930812865,0.0008823083334861362,-0.9999802187616305,0.999921995802618
522.25,4,1167.3302981858608,105,0.4375,0.9999986965719292,0.0011474056220674312,1.0001619489503788,0.999962789855371,0.00638676373498195,1.0026796819650003,0.0008674257939645057,-0.9999793799059535,0.9999199072465081
522.25,4,1167.3302981858608,106,0.44166666666666665,0.9999986681500472,0.0011865668963798222,1.0003901816077319,0.9999622143330178,0.006585196055410743,1.0033460576770883,0.000893771768218743,-0.9999786084814352,0.9999170864608833
522.25,4,1167.3302981858608,107,0.44583333333333336,0.9999986480377747,0.001169216586330519,1.0001738266189906,0.9999615364694832,0.006675937061007746,1.0035003561112845,0.0008774553612194328,-0.9999788536184169,0.9999157111169389
522.25,4,1167.3302981858608,108,0.45,0.9999986410534046,0.0011658558084232807,0.9999766263084817,0.9999608909538658,0.006654252769603682,1.003220843159014,0.0008717740957366714,-0.9999791759375626,0.9999160438693949
522.25,4,1167.3302981858608,109,0.45416666666666666,0.9999986315805123,0.0011877922389943423,0.9997087316829122,0.9999603166879617,0.006570075782816802,1.0026427023738624,0.0008851192613182998,-0.9999795546447058,0.9999172955723485
522.25,4,1167.3302981858608,110,0.4583333333333333,0.9999986336266193,0.0012456881034537573,0.9993913080788049,0.9999598317986574,0.006508862111913491,1.0020984701310593,0.0009251711040488084,-0.9999800228473149,0.999918917038769
522.25,4,1167.3302981858608,111,0.4625,0.9999986412972742,0.0011682668694045762,1.000110864260896,0.99995938795513,0.006588383745761213,1.0023670625155596,0.0008645879105609879,-0.9999792258779763,0.9999181577831749
522.25,4,1167.3302981858608,112,0.4666666666666667,0.9999986077612523,0.0013585410240736996,1.000952709564578,0.9999588178761594,0.006822190764792179,1.0032796318866486,0.001001460926659846,-0.9999781144993212,0.99991619392901
522.25,4,1167.3302981858608,113,0.4708333333333333,0.9999985732244129,0.0012947876780925848,1.0007069320811355,0.9999580936327392,0.007072133149285134,1.0040353012978247,0.0009504781389220786,-0.9999781647936918,0.9999137170687349
522.25,4,1167.3302981858608,114,0.475,0.9999985528965467,0.001236674229688092,1.0004056924822298,0.9999572628632876,0.007099820617674319,1.0039244888428158,0.0009041042235518167,-0.9999783039128601,0.999913274647513
522.25,4,1167.3302981858608,115,0.4791666666666667,0.9999985292355466,0.001223006667697357,1.0002235463161417,0.9999565057493501,0.0069896714629729805,1.003279970754072,0.0008906175258918249,-0.9999785060859208,0.9999137884082528
522.25,4,1167.3302981858608,116,0.48333333333333334,0.9999985180774392,0.0012174188287640468,0.9999807106015149,0.9999558343754422,0.006932748385309211,1.0027958755500923,0.000883173686134882,-0.9999788040766634,0.9999146909846279
522.25,4,1167.3302981858608,117,0.4875,0.9999985199146675,0.0012208471475415596,1.0001441106288398,0.9999552555576668,0.006945481835219183,1.0026475265780264,0.0008822736122095561,-0.999978817201998,0.9999152016608158
522.25,4,1167.3302981858608,118,0.49166666666666664,0.9999985039405496,0.00130395736751719,1.0006393376185783,0.9999546829951418,0.007056647759190476,1.002997640311454,0.0009385429415757767,-0.9999786362573364,0.9999152414624367
522.25,4,1167.3302981858608,119,0.49583333333333335,0.9999984597052499,0.001441401997076497,1.0010372110922174,0.9999539373664875,0.0072763564683143355,1.003717170969551,0.0010330019099017008,-0.9999781694911151,0.9999142281372695
522.25,4,1167.3302981858608,120,0.5,0.9999984112281759,0.001435141949014426,1.0009708951711536,0.9999529977728835,0.007437661700688003,1.004086816556221,0.001023976792798747,-0.9999780227390173,0.9999132933649204
522.25,4,1167.3302981858608,121,0.5041666666666667,0.9999983815214417,0.0013699331534241894,1.0007189220044996,0.999952037090379,0.007465511005960371,1.003950209274879,0.0009731845366804366,-0.9999780191707056,0.9999126311345822
522.25,4,1167.3302981858608,122,0.5083333333333333,0.9999983548404796,0.0013380060205710656,1.0005388488432818,0.9999511591030112,0.007404120945701902,1.0034644355051991,0.0009465056926178348,-0.9999781115998767,0.9999126948882353
522.25,4,1167.3302981858608,123,0.5125,0.999998329820723,0.0012958122093862947,1.0001337999780882,0.999950374079315,0.007316926724161009,1.0028009505236444,0.0009129851228666932,-0.999978301451431,0.9999131505061167
522.25,4,1167.3302981858608,124,0.5166666666666667,0.999998326798778,0.0013164873411829535,1.0003462905051639,0.9999497025090319,0.007333686075775558,1.0026438091256,0.0009237878161770546,-0.999978482705334,0.9999137195336224
522.25,4,1167.3302981858608,125,0.5208333333333334,0.9999982893858307,0.001641264618321649,1.0014032231387155,0.9999489440313117,0.007529098652240191,1.0033617284961611,0.0011466461186859388,-0.9999785630988857,0.9999142709835477
522.25,4,1167.3302981858608,126,0.525,0.9999982195921258,0.0017304938279272945,1.0015595501037302,0.999948003313998,0.007812356060758639,1.0042603456512833,0.0012033170385810372,-0.999978384880643,0.9999143236217168
522.25,4,1167.3302981858608,127,0.5291666666666667,0.9999981720212592,0.001581296758054229,1.0011604333633,0.9999468730283421,0.00795992212035238,1.0045344111563312,0.0010943842008046185,-0.9999781708148737,0.9999140317347635
522.25,4,1167.3302981858608,128,0.5333333333333333,0.9999981243226279,0.0015366797856039489,1.0009860907576837,0.9999457542568503,0.007881802442387066,1.0039771563304751,0.0010587156655760437,-0.9999780463649444,0.999913236982819
522.25,4,1167.3302981858608,129,0.5375,0.9999980811436784,0.0014775047229888755,1.0007271265947655,0.9999447536193131,0.0078024543681885945,1.0033619016805144,0.0010135351222338854,-0.999978024717224,0.9999128482690729
522.25,4,1167.3302981858608,130,0.5416666666666666,0.9999980609059649,0.0014722237349084914,1.0006760230101324,0.9999438714367362,0.007791821162384912,1.0030325216378246,0.0010056049849941052,-0.9999781923696813,0.9999129669063423
522.25,4,1167.3302981858608,131,0.5458333333333333,0.9999980344504654,0.0015966220212048183,1.0010810039447562,0.9999430674220045,0.007861449098423252,1.003125804828619,0.0010858328644863225,-0.9999787194684878,0.9999139842401894
522.25,4,1167.3302981858608,132,0.55,0.9999979711834875,0.001805435557748337,1.0015701704333526,0.9999421450778796,0.008050728226802148,1.003737851918526,0.001222191978979309,-0.9999789418491707,0.9999153622352033
522.25,4,1167.3302981858608,133,0.5541666666666667,0.999997884144097,0.001891727297541202,1.0017118911311995,0.9999409451671739,0.008260877463125135,1.004295895915235,0.0012745147191284983,-0.9999789397653807,0.9999162560886729
522.25,4,1167.3302981858608,134,0.5583333333333333,0.9999978142327308,0.0018030449863913845,1.0014606596606643,0.9999396284189181,0.008346402265333425,1.0043201011951906,0.0012090215983675886,-0.9999786141094263,0.99991601897967
522.25,4,1167.3302981858608,135,0.5625,0.9999977599768013,0.0017479683896305688,1.001277822119983,0.999938388401941,0.008325976205092353,1.0039347570256127,0.0011667276612533166,-0.9999783897793024,0.9999150614367545
522.25,4,1167.3302981858608,136,0.5666666666666667,0.9999977003336642,0.001659498415151924,1.000953627924927,0.9999372666093659,0.008250061410450895,1.0032704490623325,0.0011028727559346222,-0.9999782277889191,0.9999141303263688
522.25,4,1167.3302981858608,137,0.5708333333333333,0.999997665071005,0.0016137256206123572,1.0007340022685765,0.9999363044219468,0.008215158694798034,1.0027582508225974,0.0010679437608479274,-0.9999781468553861,0.9999135171660953
522.25,4,1167.3302981858608,138,0.575,0.99999762440625,0.0019167600575561187,1.0016127455443278,0.9999353698662988,0.008337480274447882,1.0031301981802228,0.0012628971156828032,-0.9999794470736459,0.999915887473143
522.25,4,1167.3302981858608,139,0.5791666666666667,0.9999975148629927,0.002250860088434883,1.0022746950381156,0.9999342289027636,0.008591419338044078,1.0040185319629045,0.0014760466648405831,-0.9999802129800989,0.9999184962685301
522.25,4,1167.3302981858608,140,0.5833333333333334,0.9999974161843374,0.0021075376224697078,1.0019295036973745,0.9999328485172939,0.008816996335455605,1.0046125059520452,0.001375367322693512,-0.9999797243912196,0.9999206994770579
522.25,4,1167.3302981858608,141,0.5875,0.9999973333945861,0.0020148404267464224,1.0016705144017457,0.9999313582368999,0.008821384886060903,1.004293058211946,0.0013087708378427135,-0.9999793296731755,0.9999194311204577
522.25,4,1167.3302981858608,142,0.5916666666666667,0.9999972453769023,0.001953507853982816,1.0014581644890233,0.9999300204691924,0.0087392578451268,1.0035828759189735,0.0012633561264557096,-0.9999789901617248,0.9999178299389183
522.25,4,1167.3302981858608,143,0.5958333333333333,0.999997183356351,0.0018936669392067337,1.0012411998089776,0.9999288378905667,0.008712063182060695,1.0030831490270542,0.0012194740695152541,-0.9999787197745736,0.999916494859878
522.25,4,1167.3302981858608,144,0.6,0.9999971362043176,0.0019883950732271223,1.0014775208823816,0.9999278145956817,0.008746021059244368,1.0029395484626777,0.0012751058185322757,-0.9999795884649227,0.9999176331862566
522.25,4,1167.3302981858608,145,0.6041666666666666,0.9999970500197242,0.002213828914840535,1.0019773343995746,0.9999267791218892,0.008871467787910583,1.0033168293857169,0.0014135037110030418,-0.9999804466421419,0.9999198515253577
522.25,4,1167.3302981858608,146,0.6083333333333333,0.9999969155559896,0.002395244529061572,1.0023060290206358,0.9999254483879887,0.009074944956215844,1.0039584205863703,0.0015224175629350556,-0.9999811092881015,0.9999231968775583
522.25,4,1167.3302981858608,147,0.6125,0.9999967824289795,0.002353153498407191,1.0021562816588416,0.9999238673036838,0.009206397419373052,1.004162136455577,0.0014889173744113584,-0.9999807009636443,0.9999238209431994
522.25,4,1167.3302981858608,148,0.6166666666666667,0.9999966814872161,0.002267363810205211,1.0019109776900381,0.9999223214826117,0.009230078291963017,1.0038847568520268,0.001428391532912634,-0.9999802286972922,0.9999232485071459
522.25,4,1167.3302981858608,149,0.6208333333333333,0.9999965797337386,0.0022019501540662093,1.0016915917284437,0.9999209451231935,0.00918717271377872,1.0032763530844113,0.0013815105570626016,-0.9999798114079418,0.9999213735624677
522.25,4,1167.3302981858608,150,0.625,0.999996488929278,0.0020801117897150546,1.0012781553755559,0.9999197595580789,0.009137888012243918,1.0025570161026087,0.0013000950879791112,-0.9999794900439728,0.9999198672734002
522.25,4,1167.3302981858608,151,0.6291666666666667,0.9999964318931692,0.0022330779122869838,1.0016857808565365,0.9999187609428726,0.009182151817752072,1.0024822337376793,0.0013903575340648549,-0.9999804044679266,0.9999209242510751
522.25,4,1167.3302981858608,152,0.6333333333333333,0.999996293364289,0.0027033246036270294,1.0026873900962092,0.999917602361891,0.009355502966263054,1.0032077083453108,0.001676305269245065,-0.9999827691496987,0.999925125846813
522.25,4,1167.3302981858608,153,0.6375,0.9999961163501508,0.002711718405666398,1.0026377812383875,0.9999161840220406,0.009575301654630325,1.0039755345567334,0.0016743663417951799,-0.9999823253657316,0.9999287659998429
522.25,4,1167.3302981858608,154,0.6416666666666667,0.9999959801864483,0.0025580158476941665,1.002249143875405,0.9999145272148289,0.009666551019577458,1.0040005132061067,0.0015729651383935633,-0.9999817707944723,0.9999296783074333
522.25,4,1167.3302981858608,155,0.6458333333333334,0.999995838147483,0.002506841554047218,1.0020624222237235,0.9999129965304306,0.009612901509685348,1.003293236995762,0.001535654339903081,-0.9999812570284893,0.9999274678527098
522.25,4,1167.3302981858608,156,0.65,0.9999957133657551,0.0024213785622366176,1.0017772173938781,0.9999116950888078,0.00957899988172528,1.002631246512781,0.0014780683193788293,-0.9999808274518267,0.9999255774168098
522.25,4,1167.3302981858608,157,0.6541666666666667,0.9999956300307087,0.0024431862330883637,1.0017900065927963,0.9999106335892374,0.009588840272929063,1.0022740054636354,0.001486350853738301,-0.9999811753848181,0.9999253085005073
522.25,4,1167.3302981858608,158,0.6583333333333333,0.9999955225304012,0.002633440681537438,1.002219464678264,0.9999097081751719,0.009648366259440311,1.0023689824797228,0.0015966810112674438,-0.9999823446680505,0.9999268050573967
522.25,4,1167.3302981858608,159,0.6625,0.9999953441059383,0.002859994123422727,1.002658220427567,0.9999085826588894,0.009784129131113092,1.0029410668748642,0.0017279234598047818,-0.9999832648852436,0.9999309666568503
522.25,4,1167.3302981858608,160,0.6666666666666666,0.9999951337229187,0.002910473801645013,1.002688606547607,0.9999070852503169,0.009920984956037215,1.0033256775451325,0.0017522039237832083,-0.9999834415230204,0.9999333872615919
522.25,4,1167.3302981858608,161,0.6708333333333333,0.9999949648981183,0.002811935888024441,1.002399498028112,0.9999055276253319,0.009974780625008707,1.0031750043034733,0.0016871768649118289,-0.9999828802240514,0.9999340846765036
522.25,4,1167.3302981858608,162,0.675,0.9999948182006624,0.00275690455057957,1.0022018480642643,0.9999041797465918,0.009964757813888237,1.002640329207733,0.0016490596291248727,-0.9999823896805403,0.9999319957124418
522.25,4,1167.3302981858608,163,0.6791666666666667,0.9999946662821693,0.0026383566974041276,1.0018056343608617,0.9999030807087941,0.009931902551942073,1.0018583703283293,0.0015738542686471325,-0.9999819351421714,0.9999300402756464
522.25,4,1167.3302981858608,164,0.6833333333333333,0.9999945706552908,0.0026238383143847984,1.0017074410471312,0.9999022950643554,0.00993162461129507,1.0013664535951525,0.0015612374784960824,-0.9999815942391941,0.9999283742453245
522.25,4,1167.3302981858608,165,0.6875,0.9999944361498849,0.003022858341659005,1.002677096430784,0.9999015310261938,0.010003194743849848,1.00178770380013,0.001793893124266842,-0.9999842350619172,0.9999328755940196
522.25,4,1167.3302981858608,166,0.6916666666666667,0.9999941865582948,0.003259705774152523,1.0031071671199303,0.999900503011932,0.010140807444359358,1.002587652212424,0.0019289814336215687,-0.9999850951872715,0.9999370389922385
522.25,4,1167.3302981858608,167,0.6958333333333333,0.9999939803124527,0.003098609721385674,1.0026800478552431,0.9998991828609086,0.01025516060499066,1.00295448623298,0.0018285410209630015,-0.9999845281078737,0.999940649727186
522.25,4,1167.3302981858608,168,0.7,0.9999937940196171,0.0030262046422516384,1.002432752588686,0.9998978575680171,0.010248550562600277,1.0024073300725576,0.0017814663910237095,-0.9999840152323201,0.999938509477559
522.25,4,1167.3302981858608,169,0.7041666666666667,0.9999936086156481,0.0029544809082958376,1.0021645569266904,0.9998968514683699,0.010220162882372433,1.0016158216500433,0.0017356255168497463,-0.9999835328026746,0.9999364810826057
522.25,4,1167.3302981858608,170,0.7083333333333334,0.9999934816632624,0.002907902341338622,1.0019704789394457,0.9998961500462398,0.01021895120400259,1.0010748865022976,0.0017051529090226646,-0.9999831743064846,0.9999347466873609
522.25,4,1167.3302981858608,171,0.7125,0.9999933695955828,0.0030262785775846306,1.0022510759386059,0.9998957280701785,0.010231927988314493,1.0009174424322171,0.0017715569792703567,-0.9999842928198402,0.9999360753779524
522.25,4,1167.3302981858608,172,0.7166666666666667,0.9999931793778657,0.0032417563755647474,1.0027197177926062,0.9998952854728855,0.010273695919515003,1.001292646409944,0.0018943556460584913,-0.9999852908970616,0.9999389670113374
522.25,4,1167.3302981858608,173,0.7208333333333333,0.9999929156721772,0.0033753682963334917,1.0029398979340818,0.9998944547350841,0.01035248224178789,1.0018065108118124,0.0019688839149556822,-0.9999860843762555,0.9999426829839535
522.25,4,1167.3302981858608,174,0.725,0.9999926787028255,0.00330853189846669,1.0026962567015878,0.99989341795623,0.010403869822698003,1.0018230012388203,0.0019267221954676868,-0.9999855802668287,0.9999434798458814
522.25,4,1167.3302981858608,175,0.7291666666666666,0.9999924999934742,0.0032354014238776224,1.0024392975941991,0.9998925661973229,0.010411552631112401,1.0013914564098172,0.00188157990293695,-0.9999851018520853,0.9999426846532482
522.25,4,1167.3302981858608,176,0.7333333333333333,0.9999923191579212,0.003158138790119059,1.0021437990511954,0.9998920315254447,0.010401046439002061,1.0006533833860922,0.0018348629023577315,-0.9999846460742435,0.9999407842174719
522.25,4,1167.3302981858608,177,0.7375,0.9999921807450983,0.0030544010462515625,1.001739397393071,0.999891846734345,0.010399913681860924,0.9999006120890594,0.0017734944165033668,-0.999984239007454,0.9999390672461462
522.25,4,1167.3302981858608,178,0.7416666666666667,0.9999920830536837,0.003255863353721483,1.0023194624886809,0.9998919112031885,0.010396749139189046,0.9999151951017942,0.0018893468744853937,-0.9999855405991336,0.9999408210264843
522.25,4,1167.3302981858608,179,0.7458333333333333,0.9999918316865989,0.003633050579464088,1.003177040320273,0.9998917666539039,0.010412950378243987,1.0006266318069261,0.002106667030196474,-0.9999874788542191,0.9999446792200843
522.25,4,1167.3302981858608,180,0.75,0.9999915629105794,0.0035669834322256113,1.0029322020136822,0.9998913431723833,0.01046078479141469,1.001242766067608,0.0020667144571881093,-0.999987003956295,0.9999481808779633
522.25,4,1167.3302981858608,181,0.7541666666666667,0.999991363120415,0.0034465258986929137,1.0025494957899725,0.9998907465482609,0.010477495720018255,1.0010247535423393,0.0019959040701126524,-0.9999865509728698,0.999948328836023
522.25,4,1167.3302981858608,182,0.7583333333333333,0.9999911586057588,0.0033936490568554386,1.00231589578791,0.9998904529106987,0.010467526002150769,1.0002098491646725,0.0019650833033002116,-0.9999861156870633,0.9999465324193926
522.25,4,1167.3302981858608,183,0.7625,0.9999910049552879,0.0033163773469018494,1.0020036716577383,0.9998905043976917,0.010469318283235166,0.9995288676079873,0.0019207763960266853,-0.9999857179366952,0.9999448769537878
522.25,4,1167.3302981858608,184,0.7666666666666667,0.9999909151075043,0.003350077264199912,1.0020700605184805,0.9998909004809833,0.010461198874078136,0.9991791188060293,0.0019411413659270662,-0.9999861734865325,0.9999449641222666
522.25,4,1167.3302981858608,185,0.7708333333333334,0.9999907720654087,0.0035121099048163592,1.0024959064676116,0.9998914461009453,0.010430129674760369,0.9993165211720808,0.0020359744238095953,-0.9999870592882646,0.9999463740723927
522.25,4,1167.3302981858608,186,0.775,0.9999905257982762,0.0036786246560182936,1.002852966971502,0.999891716836307,0.010406383528572325,0.9998610456573349,0.0021333286900612615,-0.9999878394696929,0.9999497128174226
522.25,4,1167.3302981858608,187,0.7791666666666667,0.9999902624465845,0.003678033214200235,1.0027571278080785,0.9998916375662392,0.010409970471995126,1.0001005238499425,0.0021340040866543023,-0.9999878280555211,0.9999512791864649
522.25,4,1167.3302981858608,188,0.7833333333333333,0.9999900795731437,0.0035882582861608467,1.0024340920163528,0.9998916189094564,0.010411352142641116,0.999825862711946,0.0020834252925244537,-0.9999874271760457,0.9999515967115111
522.25,4,1167.3302981858608,189,0.7875,0.9999899257679008,0.003532966831175715,1.0021967893338057,0.9998919141580729,0.010411827577014515,0.9991998875317848,0.0020535357670107097,-0.9999870555338863,0.9999500620504447
522.25,4,1167.3302981858608,190,0.7916666666666666,0.9999897837474562,0.0034229661815028704,1.0017338189332001,0.9998925315494566,0.010429967295316436,0.9983790266302572,0.001992546439888285,-0.9999867090933594,0.9999486217800002
522.25,4,1167.3302981858608,191,0.7958333333333333,0.9999897333723631,0.003444691354698626,1.0017900573676515,0.9998935007553408,0.010416211140221466,0.9980027842413502,0.002008503954195473,-0.9999868070543761,0.9999480930495549
522.25,4,1167.3302981858608,192,0.8,0.9999895867989339,0.00377691347613781,1.0027794371674044,0.9998944087334092,0.010328760892878222,0.9985231529767221,0.0022055816355678647,-0.9999886440227033,0.9999511766131436
522.25,4,1167.3302981858608,193,0.8041666666666667,0.99998931764868,0.0038793988343802767,1.0029598570072702,0.999895039813248,0.010257473323368307,0.999285274266008,0.002268584946790428,-0.9999889107967982,0.9999540304249275
522.25,4,1167.3302981858608,194,0.8083333333333333,0.9999891362955553,0.0037343995446231086,1.0024858560294478,0.9998954006053562,0.010233939303187646,0.9994821899765541,0.002187104087220977,-0.9999885512486246,0.9999558874562837
522.25,4,1167.3302981858608,195,0.8125,0.9999889761633385,0.0036760523780382482,1.0022338842634773,0.9998958775748147,0.010238135496962987,0.9988199629067693,0.002157026823147951,-0.9999882148716356,0.9999545042988419
522.25,4,1167.3302981858608,196,0.8166666666666667,0.9999888390838649,0.0036039532520094502,1.001913679210272,0.9998966939343493,0.01025677841243724,0.9980547752135436,0.0021194757972391107,-0.9999879009081696,0.9999532055220844
522.25,4,1167.3302981858608,197,0.8208333333333333,0.9999887901266667,0.003572298327786935,1.0017630638867439,0.9998978138925454,0.010253358086070207,0.9975757831802876,0.002106083577013911,-0.9999878230648714,0.9999524004020779
522.25,4,1167.3302981858608,198,0.825,0.9999887420853671,0.0036630857997859,1.0020807724761271,0.9998991604269051,0.010194903451662674,0.9975143983667626,0.002165157848199921,-0.9999885012004597,0.9999531616598367
522.25,4,1167.3302981858608,199,0.8291666666666667,0.9999885901780045,0.003814499399290101,1.0025093865474604,0.9999003920842092,0.010082153827340741,0.9979810920076232,0.002260220544966096,-0.9999891149905951,0.9999552151865767
522.25,4,1167.3302981858608,200,0.8333333333333334,0.9999883702486826,0.003878606341351904,1.0026164171471548,0.9999012259296982,0.009998737392381397,0.9984514912067222,0.002303816394374099,-0.9999894803466063,0.9999571992667246
522.25,4,1167.3302981858608,201,0.8375,0.9999882119910667,0.003800206158912348,1.0023063895879307,0.9999019321572655,0.0099676249450385,0.9983976444203218,0.00226310854519312,-0.9999891831317373,0.9999577427493848
522.25,4,1167.3302981858608,202,0.8416666666666667,0.9999881218010664,0.0037380215025163955,1.0020488663768687,0.999902841787936,0.009964792215854067,0.9979337645853062,0.002232468583478792,-0.9999889064286174,0.9999570293850012
522.25,4,1167.3302981858608,203,0.8458333333333333,0.999988032081499,0.00365789780620853,1.001682077514879,0.9999040175031403,0.009996525588684598,0.9971938134253192,0.002191666338215669,-0.999988643125526,0.9999559368740343
522.25,4,1167.3302981858608,204,0.85,0.9999880163244477,0.003590097907853402,1.0013463712378707,0.9999054817841366,0.010022689496396144,0.9965601558257622,0.0021585529964542084,-0.9999884015100078,0.9999549269939333
522.25,4,1167.3302981858608,205,0.8541666666666666,0.9999880132518997,0.003764568257328011,1.0020927638472366,0.9999070449439609,0.009906370959594582,0.9967859732009677,0.0022711672635836386,-0.9999893825608863,0.999956408618573
522.25,4,1167.3302981858608,206,0.8583333333333333,0.9999878327406383,0.003999126423948329,1.002769986076046,0.9999083514721158,0.009724716848884823,0.9975855387784063,0.0024204011369147994,-0.9999902195607988,0.999958518423419
522.25,4,1167.3302981858608,207,0.8625,0.9999876799638322,0.0038958190561949884,1.0023934294794463,0.9999093807425276,0.009608671311548345,0.9981537540002309,0.0023652570812556237,-0.9999899620466162,0.9999604714026628
522.25,4,1167.3302981858608,208,0.8666666666666667,0.9999875941462832,0.003807184370401134,1.0020460220827385,0.9999103009784668,0.009594544044945483,0.9978314241369813,0.002319294373106255,-0.999989723796842,0.999960099452336
522.25,4,1167.3302981858608,209,0.8708333333333333,0.9999875098927965,0.0037511984335756358,1.0017800110420831,0.999911470528923,0.009635817355900467,0.9970649609728796,0.0022936933041653403,-0.9999894975028648,0.9999591595556645
522.25,4,1167.3302981858608,210,0.875,0.9999874964758448,0.0036886700170456815,1.0014862141888248,0.9999128668653825,0.009658117010959016,0.9964999573279064,0.002264376333429444,-0.9999892892087039,0.9999582886068674
522.25,4,1167.3302981858608,211,0.8791666666666667,0.9999875358990875,0.003713973625486384,1.0016319848466848,0.9999144720970202,0.009613672146656878,0.9962932852608788,0.002289145572520274,-0.9999896239179007,0.9999585395800181
522.25,4,1167.3302981858608,212,0.8833333333333333,0.999987501819232,0.0038254197893632467,1.0020688670827003,0.9999160833711965,0.009471459853415225,0.9966021298979196,0.0023671622400310514,-0.9999900600271447,0.9999594271717257
522.25,4,1167.3302981858608,213,0.8875,0.999987369690971,0.003925686276762201,1.0023610642049632,0.9999173789663542,0.009300165252429986,0.9972209305832133,0.0024384382160551146,-0.9999904577554358,0.9999610901086676
522.25,4,1167.3302981858608,214,0.8916666666666667,0.9999872468323527,0.003888887454707485,1.0021796698543244,0.9999184037072663,0.009213336971588373,0.9974383061083105,0.002424827523290202,-0.9999903600391242,0.9999616692961936
522.25,4,1167.3302981858608,215,0.8958333333333334,0.9999872074562782,0.0038125316222790712,1.0018687621621076,0.9999194791720792,0.009193990617431279,0.9971724078496021,0.0023867206900931542,-0.9999901704732956,0.9999616604927257
522.25,4,1167.3302981858608,216,0.9,0.9999871857753584,0.0037562032450589936,1.001610553868622,0.9999207486250705,0.009225448661497576,0.996582980931293,0.0023614840140247177,-0.9999899963020744,0.9999609291497066
522.25,4,1167.3302981858608,217,0.9041666666666667,0.9999871904707743,0.003668622229840823,1.001140183198443,0.9999222052022427,0.009294374766022299,0.9958633811935995,0.002316913142965011,-0.9999898433624005,0.9999602801114371
522.25,4,1167.3302981858608,218,0.9083333333333333,0.9999872722300288,0.003703377315987801,1.0014061545685464,0.999923828988784,0.00923604291479094,0.9957349563431243,0.0023494899821259515,-0.9999900490779177,0.9999603682535693
522.25,4,1167.3302981858608,219,0.9125,0.9999872242547193,0.003950773555577304,1.0023831331595523,0.9999252900646886,0.009003346562465825,0.9964424066713602,0.0025171999303089014,-0.9999908627525917,0.9999617293749944
522.25,4,1167.3302981858608,220,0.9166666666666666,0.9999870997927509,0.0039604068213743866,1.002362726393347,0.999926500603062,0.008790928800601283,0.9972537516479391,0.002533592352088155,-0.9999908255476162,0.9999629605060749
522.25,4,1167.3302981858608,221,0.9208333333333333,0.9999870608777393,0.0038418635020280828,1.001910129725659,0.9999274962897587,0.008715039982338284,0.9973772422681491,0.0024679258102667796,-0.999990671292075,0.9999634807048651
522.25,4,1167.3302981858608,222,0.925,0.9999870303965133,0.0037910276920033025,1.0016761014521465,0.9999285860213998,0.00876189659828837,0.9967320473097013,0.0024460243803254467,-0.9999905305606023,0.9999628846842606
522.25,4,1167.3302981858608,223,0.9291666666666667,0.9999870330544735,0.0037253385867115738,1.001350885377605,0.9999298522275519,0.00881930673602055,0.9961004545521334,0.002414772390516839,-0.999990410327074,0.999962368677969
522.25,4,1167.3302981858608,224,0.9333333333333333,0.9999871092605204,0.0037043980141238946,1.0012906666541261,0.9999312720265935,0.008813531043556668,0.9957778539329957,0.0024125539260565635,-0.9999904432004532,0.9999621793673361
522.25,4,1167.3302981858608,225,0.9375,0.9999871611734937,0.0037717698796957484,1.0016671858803032,0.9999327605124219,0.008698946479977387,0.9959016443025197,0.0024678766514272163,-0.9999907024660869,0.9999624725079582
522.25,4,1167.3302981858608,226,0.9416666666666667,0.9999871145736388,0.0038785466383443276,1.0020795274378247,0.9999340722254605,0.008485133400797224,0.9965217711547107,0.0025489769545851905,-0.9999909269249503,0.9999633402033515
522.25,4,1167.3302981858608,227,0.9458333333333333,0.999987024403933,0.0038977295452133237,1.0021077977337962,0.999935081396983,0.008330809067268546,0.9970097894596875,0.0025726414098380655,-0.9999910098569672,0.9999639553377876
522.25,4,1167.3302981858608,228,0.95,0.9999869978937976,0.003820599641154281,1.001787596000727,0.9999360130670917,0.0082825715785831,0.9969667248966351,0.0025327731043602573,-0.9999909012793017,0.9999641450248522
522.25,4,1167.3302981858608,229,0.9541666666666667,0.9999870159293787,0.0037676691251554506,1.0015576674721627,0.9999370593165048,0.008302894854659463,0.9965425281639493,0.0025090552574951394,-0.9999908129593975,0.9999638067673527
522.25,4,1167.3302981858608,230,0.9583333333333334,0.9999870337000196,0.0036921889485129894,1.0011547617629837,0.999938235814364,0.008386187546218846,0.9958698220125899,0.0024705856047611096,-0.9999907358157031,0.9999634633528536
522.25,4,1167.3302981858608,231,0.9625,0.9999871216936728,0.0036524903019553314,1.0009621123779786,0.9999395581741484,0.008421304695703378,0.9954328480245793,0.002455978602966524,-0.9999906712813108,0.9999631695520262
522.25,4,1167.3302981858608,232,0.9666666666666667,0.9999871786267078,0.003814857252924755,1.001862800980656,0.9999408475797219,0.008220961596593182,0.995901756150543,0.0025770832036469972,-0.9999910255545421,0.9999637555071362
522.25,4,1167.3302981858608,233,0.9708333333333333,0.9999870937003665,0.003960336214314869,1.0023598994404994,0.99994192398663,0.007948768373738748,0.9968090968960481,0.002686951497100981,-0.9999911943799946,0.9999643384918843
522.25,4,1167.3302981858608,234,0.975,0.9999870554087362,0.0038470040403963974,1.0019279275614459,0.9999427929622106,0.0077932326834045575,0.9973473430423632,0.0026210304858910608,-0.9999911165597635,0.9999648573545236
522.25,4,1167.3302981858608,235,0.9791666666666666,0.9999870547043999,0.0037805833395371277,1.0016430143424324,0.9999436132693615,0.007808813884644493,0.9969743653428893,0.0025870962999582935,-0.9999910591818806,0.9999646262958933
522.25,4,1167.3302981858608,236,0.9833333333333333,0.9999870580064292,0.003725420927089149,1.0013697179558905,0.9999445706545574,0.007892152054113446,0.9963035696285953,0.002561069800508166,-0.9999910126724311,0.9999644061269256
522.25,4,1167.3302981858608,237,0.9875,0.9999871230997566,0.0036776080381540873,1.0011389884662067,0.9999456368530356,0.007930771093832091,0.9958770562387592,0.0025400867728419575,-0.9999909775245218,0.9999642309800612
522.25,4,1167.3302981858608,238,0.9916666666666667,0.9999872105639649,0.0037068745482791462,1.0013804415528424,0.9999467923743965,0.007870018004866865,0.9958301809200651,0.002572244808199497,-0.9999910599048982,0.999964332666328
522.25,4,1167.3302981858608,239,0.9958333333333333,0.9999872227937117,0.003803489966058487,1.0018398163897635,0.9999478869721922,0.0076769722579734636,0.9963126926201721,0.0026509902506531946,-0.9999911288912336,0.9999645063284905
522.25,5,1167.8302981858608,0,0.0,0.9999930462955646,0.0036003406949764037,0.9965393549278986,0.999972080714573,0.005285116726154285,1.0001623323046533,0.0029301551357045446,-0.999987707169526,0.9999496931520182
522.25,5,1167.8302981858608,1,0.004166666666666667,0.999993182837062,0.003670687229722426,0.9963578505867384,0.9999720935864388,0.005284756082997021,0.9997891482569563,0.002988862741689242,-0.9999880717746167,0.999951105804357
522.25,5,1167.8302981858608,2,0.008333333333333333,0.9999933158368247,0.0038450958319694987,0.9959829916865824,0.9999721630548655,0.005308216342153466,0.9991754459953344,0.0031329002475228265,-0.9999884502785836,0.9999525789491455
522.25,5,1167.8302981858608,3,0.0125,0.9999934799032039,0.003866830489973411,0.9959017444767564,0.9999722993883481,0.005325472421574539,0.9988516920058321,0.0031526107009933343,-0.9999887993377952,0.9999540228820046
522.25,5,1167.8302981858608,4,0.016666666666666666,0.9999936161739513,0.003355162441257585,0.9968829009886859,0.9999724131401132,0.00526730205760289,0.9994387033167753,0.0027362687236300305,-0.9999868684642115,0.9999510220535351
522.25,5,1167.8302981858608,5,0.020833333333333332,0.99999368394836,0.003143522698612319,0.9973330882671254,0.9999724290854455,0.005258680174162258,1.000407034676543,0.002563441008676161,-0.9999860929078483,0.9999478100223338
522.25,5,1167.8302981858608,6,0.025,0.999993775145275,0.0033102679445086115,0.99692801982314,0.9999723470791717,0.005301230039224257,1.000949272403703,0.002698698666822354,-0.9999864496202866,0.9999445750292019
522.25,5,1167.8302981858608,7,0.029166666666666667,0.9999938777783409,0.0034022487858336938,0.9967029834164187,0.9999722498794799,0.005283997172626577,1.0005841403311286,0.0027733115899402907,-0.9999868471477804,0.9999461027367674
522.25,5,1167.8302981858608,8,0.03333333333333333,0.9999939804739456,0.0035071329424088233,0.9964621156397405,0.9999722197214489,0.005270726761429667,0.9999762494689012,0.002858791411595935,-0.9999872636387244,0.9999477121124875
522.25,5,1167.8302981858608,9,0.0375,0.9999941106664788,0.003574356719859765,0.9962956055625226,0.999972246101497,0.005275008480774986,0.999621078492909,0.0029136645463061664,-0.999987624982305,0.9999492470093361
522.25,5,1167.8302981858608,10,0.041666666666666664,0.9999942447697749,0.0033981449554272005,0.9966021933736291,0.9999723200163914,0.00526698417611172,0.9996503744209457,0.0027697977798194877,-0.9999868074789027,0.9999484972875754
522.25,5,1167.8302981858608,11,0.04583333333333333,0.9999943374789293,0.0031446678922576543,0.9970968338764258,0.9999723603148442,0.005259469667252775,1.0002113828959143,0.002562216858521373,-0.9999859036036857,0.9999461666942804
522.25,5,1167.8302981858608,12,0.05,0.999994393655186,0.0030226018507846838,0.9973465331542523,0.9999722727933974,0.0053052439216443965,1.000915206185356,0.002461142081469382,-0.9999850274600849,0.9999427200995084
522.25,5,1167.8302981858608,13,0.05416666666666667,0.9999944611816443,0.003106626817455649,0.9971362350976074,0.9999721086986038,0.005340883019932961,1.001126465276273,0.0025276815403908024,-0.999985445640787,0.999941574484473
522.25,5,1167.8302981858608,14,0.058333333333333334,0.9999945538535007,0.003197750106604022,0.9969130099370582,0.9999719698334957,0.0053318384912551765,1.0008929750618052,0.0026000139937250354,-0.9999858896910292,0.9999421376315389
522.25,5,1167.8302981858608,15,0.0625,0.9999946442876547,0.003311143771787586,0.9966565669828417,0.9999718886510491,0.005307970393024639,1.0003555980812249,0.0026907162342845632,-0.9999863540344551,0.9999439229770236
522.25,5,1167.8302981858608,16,0.06666666666666667,0.9999947504613269,0.003486631059438204,0.9962901436856556,0.9999718707837068,0.005305563500464213,0.9998010809955031,0.0028320548906932658,-0.9999868570984987,0.9999458739048276
522.25,5,1167.8302981858608,17,0.07083333333333333,0.9999948698972618,0.003155278003368483,0.9968981438200528,0.9999718870178296,0.005302170929261803,1.0000082938551935,0.0025611935610388176,-0.9999856496584971,0.9999444507759452
522.25,5,1167.8302981858608,18,0.075,0.9999949223412091,0.0027414208320061728,0.9977943839988545,0.9999718181591363,0.005347938542196677,1.0009154244620575,0.002222894351802558,-0.9999834935210973,0.9999406870478136
522.25,5,1167.8302981858608,19,0.07916666666666666,0.9999949652135417,0.002816767964276591,0.9975948203023298,0.9999716491362753,0.005463649097487302,1.0017339230263302,0.002280867961404763,-0.9999839116209199,0.9999365264339393
522.25,5,1167.8302981858608,20,0.08333333333333333,0.9999950341153867,0.002957952000735583,0.9972529162423256,0.9999714086198741,0.005484162516606946,1.0017246818123213,0.002391995659159776,-0.9999843648256777,0.9999360328038271
522.25,5,1167.8302981858608,21,0.0875,0.9999950997579977,0.0030367511523101357,0.9970643676588908,0.9999712196610618,0.005422260563499458,1.0011147023799674,0.0024528273226492267,-0.9999848441047303,0.9999378486310544
522.25,5,1167.8302981858608,22,0.09166666666666666,0.9999951822832845,0.0031562298254187078,0.9967976109660686,0.9999710908834083,0.005395393230696095,1.0006344840567083,0.002546533521868397,-0.9999853698472564,0.9999398614987662
522.25,5,1167.8302981858608,23,0.09583333333333334,0.9999952856647497,0.003085323949054757,0.9969048223850059,0.999971022709419,0.0053938299812663,1.0004820179113176,0.002486491978845309,-0.9999849680527352,0.9999400717363796
522.25,5,1167.8302981858608,24,0.1,0.9999953656623704,0.002844935034240686,0.9973731165157103,0.999970964809003,0.005419006880764716,1.0008132933507605,0.00228964977993452,-0.9999839995644839,0.999938789935455
522.25,5,1167.8302981858608,25,0.10416666666666667,0.9999954044234398,0.002658853558957771,0.9977780880785571,0.9999708039920073,0.005513977573865216,1.0015555426577978,0.002136287669540029,-0.9999828568300365,0.9999346562193147
522.25,5,1167.8302981858608,26,0.10833333333333334,0.9999954343403854,0.0026713144540293915,0.9977352886729558,0.9999705187094752,0.005610402816927695,1.001999691085758,0.002142347875552065,-0.999982760248254,0.9999322930264593
522.25,5,1167.8302981858608,27,0.1125,0.9999954907664309,0.002781608125772084,0.9974623068911495,0.9999702185099116,0.005624775872980821,1.00192886160129,0.0022266935825344847,-0.9999832276870808,0.9999314526579423
522.25,5,1167.8302981858608,28,0.11666666666666667,0.9999955550432953,0.0028572510223624664,0.9972764624687437,0.9999699738212854,0.005581532781810752,1.0015027033610164,0.0022832837125578813,-0.999983750424084,0.9999334166874858
522.25,5,1167.8302981858608,29,0.12083333333333333,0.9999956205601367,0.0030494177983667204,0.996868180198935,0.9999697880595808,0.005531245896461821,1.0008753142141298,0.0024330185513826838,-0.9999843128993706,0.999935551493776
522.25,5,1167.8302981858608,30,0.125,0.9999957145164335,0.002983833592890147,0.9969655945829126,0.9999696725455672,0.005528030076890935,1.0006809213265597,0.0023767917258990076,-0.9999843215395169,0.999936626624627
522.25,5,1167.8302981858608,31,0.12916666666666668,0.99999577180851,0.0024959911606134,0.9980011045648254,0.9999695115757268,0.005607477367990494,1.0013832785667267,0.0019842317262889456,-0.9999817345123936,0.9999327324745034
522.25,5,1167.8302981858608,32,0.13333333333333333,0.999995783257151,0.0023999067067290132,0.9982449441570065,0.9999692417095075,0.005785948904449018,1.0023346748169109,0.0019033364476404452,-0.9999811890894906,0.9999284362494075
522.25,5,1167.8302981858608,33,0.1375,0.9999958218171855,0.002558398766393297,0.997826481334721,0.9999688625292558,0.005903301148314022,1.00272827762063,0.0020240108528990467,-0.9999816075941473,0.9999251871832943
522.25,5,1167.8302981858608,34,0.14166666666666666,0.9999958650182071,0.0026365490931929583,0.9976294505187099,0.9999684853104841,0.005835735401663148,1.0022569626089206,0.002080996456866458,-0.9999820909518085,0.9999269497189792
522.25,5,1167.8302981858608,35,0.14583333333333334,0.9999959129007624,0.0027502305386684477,0.997366546237638,0.9999681797953897,0.0057630923883581825,1.0016705704209963,0.0021659516758468686,-0.9999826283712002,0.9999289403274189
522.25,5,1167.8302981858608,36,0.15,0.9999959871137113,0.0027861402488805536,0.9972652364976028,0.9999679394153077,0.0057433924809027325,1.0013618106210354,0.0021894518670613748,-0.9999828664387586,0.999930403055051
522.25,5,1167.8302981858608,37,0.15416666666666667,0.9999960584884137,0.0025990387399834752,0.9976306778692303,0.9999677456577701,0.005772574899394844,1.0014627898396153,0.00203770714697917,-0.9999819938590148,0.9999297734559984
522.25,5,1167.8302981858608,38,0.15833333333333333,0.9999960915348906,0.002385236534352045,0.9981145077684768,0.99996749138689,0.005890011869388674,1.0020920185538122,0.0018651861399130042,-0.9999809185149008,0.9999266959081978
522.25,5,1167.8302981858608,39,0.1625,0.9999960983715452,0.002318438811718087,0.9982847679283156,0.9999670806086212,0.006053974522304554,1.0027355292427458,0.0018077771341234684,-0.999980128605885,0.9999232632633196
522.25,5,1167.8302981858608,40,0.16666666666666666,0.9999961225370854,0.0024108751720570433,0.9980347697505141,0.9999665955393874,0.006121194625822339,1.0028552832606168,0.0018743912336068689,-0.9999805268340068,0.9999217546337941
522.25,5,1167.8302981858608,41,0.17083333333333334,0.9999961666879926,0.0024877024220292237,0.9978319320506964,0.9999661482812272,0.006091838920916407,1.0025562606330394,0.0019286472760686655,-0.999980995136405,0.9999227041499944
522.25,5,1167.8302981858608,42,0.175,0.9999962077893376,0.0026198710559520704,0.9975245479875836,0.9999657656777335,0.006014307937720896,1.0019705156466279,0.002025692446057291,-0.9999815067782718,0.9999245539801149
522.25,5,1167.8302981858608,43,0.17916666666666667,0.9999962704307755,0.002748514252482211,0.9972380346391928,0.9999654630812385,0.005968593306294226,1.001475689963653,0.002119657229948776,-0.9999820809184281,0.9999266677477066
522.25,5,1167.8302981858608,44,0.18333333333333332,0.9999963347580982,0.0023706157835372927,0.9980247898576214,0.9999651789365641,0.006041257930359532,1.0018324114452128,0.0018230119147830516,-0.9999805309977594,0.9999246748471085
522.25,5,1167.8302981858608,45,0.1875,0.9999963357492079,0.002103581528565189,0.9987672227166527,0.999964778947606,0.006249148249260733,1.0027718477106942,0.00161243549321236,-0.9999789639615896,0.9999212541993228
522.25,5,1167.8302981858608,46,0.19166666666666668,0.999996342677347,0.002203089692593013,0.9984544008500881,0.9999642478731327,0.006466563682055898,1.0034887620831967,0.001682838852329689,-0.9999792273287631,0.9999173704746661
522.25,5,1167.8302981858608,47,0.19583333333333333,0.9999963695770008,0.002307402940863168,0.9981612069195449,0.9999636430782086,0.006467758060556356,1.0033146190682527,0.001756555906250099,-0.999979576986201,0.9999175178124972
522.25,5,1167.8302981858608,48,0.2,0.9999963937580361,0.002388593566815979,0.9979531230910863,0.9999631098456565,0.006361444753823207,1.002678639167847,0.0018125089166892091,-0.9999799795376215,0.9999188834937313
522.25,5,1167.8302981858608,49,0.20416666666666666,0.9999964394646865,0.0024877012353885356,0.997709969489027,0.9999626492433141,0.006311437424562182,1.00223119966971,0.0018817824923503422,-0.9999804539190387,0.9999205471991117
522.25,5,1167.8302981858608,50,0.20833333333333334,0.9999965011685824,0.0023900435760242783,0.997898173579419,0.9999622627709792,0.006324696961988702,1.0021304825906119,0.0018021461225058405,-0.9999801004758193,0.9999207182608641
522.25,5,1167.8302981858608,51,0.2125,0.999996534834456,0.002184634839765875,0.9983842292815518,0.9999618685291447,0.0064304151708497095,1.0025405035513595,0.0016416265096496627,-0.9999794401362406,0.9999197131142374
522.25,5,1167.8302981858608,52,0.21666666666666667,0.999996530753057,0.002065973387112501,0.9987366765220425,0.9999613170970832,0.0066345287323851445,1.0032716219855256,0.0015466925857272572,-0.9999785413329186,0.9999169011627628
522.25,5,1167.8302981858608,53,0.22083333333333333,0.9999965267340317,0.0021050466270989784,0.9986167903123784,0.9999606139006981,0.006773070024607315,1.003608903691537,0.0015699204904139285,-0.9999785526517676,0.9999153177602934
522.25,5,1167.8302981858608,54,0.225,0.9999965500032384,0.0021913264801046396,0.9983570147379415,0.9999599065826192,0.0067851797606781825,1.003454289587689,0.0016280852519072228,-0.9999787973513972,0.9999147777265494
522.25,5,1167.8302981858608,55,0.22916666666666666,0.9999965769246351,0.0022663399830570347,0.998150642285625,0.9999592715268538,0.006715859593477488,1.002962246635803,0.001677692197538968,-0.9999791200885466,0.9999157924063687
522.25,5,1167.8302981858608,56,0.23333333333333334,0.9999966104894779,0.0024436878400025596,0.9977300863548834,0.9999587163832092,0.006631634843317222,1.0023243695047506,0.0018027079788107934,-0.9999795391072382,0.9999172026602243
522.25,5,1167.8302981858608,57,0.2375,0.9999966712473582,0.00229759270013993,0.998027011319604,0.9999582450631741,0.006656341324926241,1.0022617817204513,0.0016888835904821115,-0.9999794115633093,0.999917631912172
522.25,5,1167.8302981858608,58,0.24166666666666667,0.9999966816489627,0.0019408436693197507,0.9990533213933792,0.9999576819641536,0.006850588632267191,1.003041965500394,0.0014210593506784172,-0.9999782380284411,0.9999161460964696
522.25,5,1167.8302981858608,59,0.24583333333333332,0.9999966598399426,0.0019359085660170833,0.9990975415589862,0.9999569656438643,0.00712421376558257,1.0039372210090012,0.0014114333107234798,-0.9999780771216925,0.9999141137534826
522.25,5,1167.8302981858608,60,0.25,0.9999966686891204,0.0020459238333869955,0.9986935692225242,0.9999560996975135,0.007244359051305285,1.004151266663175,0.0014852818393010997,-0.9999781267424679,0.9999128532956171
522.25,5,1167.8302981858608,61,0.25416666666666665,0.9999966778099981,0.002106212800176848,0.9985085001862756,0.9999552615907015,0.007150274695204065,1.003580843810984,0.0015228215767887964,-0.9999782558878441,0.9999130686887796
522.25,5,1167.8302981858608,62,0.25833333333333336,0.9999966970809465,0.0022073064207521085,0.9982299646735716,0.9999545172278147,0.0070702306587368665,1.0030063799491442,0.0015896328714301116,-0.9999784956425145,0.9999137302727813
522.25,5,1167.8302981858608,63,0.2625,0.9999967446065691,0.002207202089054717,0.9982036414883056,0.999953867540285,0.007059963198166685,1.002727976757242,0.001583350993427574,-0.9999786528306229,0.9999143547873212
522.25,5,1167.8302981858608,64,0.26666666666666666,0.999996781503155,0.0020440016190830254,0.9986157156137847,0.9999532679997637,0.0071334863713620016,1.0028868090435354,0.0014603654575753204,-0.9999786602740469,0.9999148314234839
522.25,5,1167.8302981858608,65,0.2708333333333333,0.9999967762272658,0.001910776580009188,0.9990759857824494,0.9999525501232148,0.007329603277513033,1.0035484661235339,0.001359283586803142,-0.9999783302084265,0.9999143258078332
522.25,5,1167.8302981858608,66,0.275,0.9999967499177405,0.0018982719316633508,0.9991596924213946,0.9999516033144714,0.007532424600349357,1.004092761087933,0.0013443275309013597,-0.9999780768308967,0.9999136326704355
522.25,5,1167.8302981858608,67,0.2791666666666667,0.9999967484165694,0.001968131540905119,0.9988853095072917,0.9999505749888307,0.007603019049493932,1.0041026229657524,0.0013875583736974299,-0.9999779906624281,0.999912825023925
522.25,5,1167.8302981858608,68,0.2833333333333333,0.9999967640540036,0.0020220369793647027,0.9986949496326181,0.9999496130146326,0.007567645173910794,1.0037170540765084,0.0014193636696306956,-0.9999780231858271,0.9999126360724134
522.25,5,1167.8302981858608,69,0.2875,0.9999967768181225,0.0021474406347829623,0.9983350589657315,0.9999487437634271,0.007479738987579597,1.0030675428415725,0.0015011509825326257,-0.9999781212264498,0.9999127221790514
522.25,5,1167.8302981858608,70,0.2916666666666667,0.9999968199414618,0.002204585354607888,0.9981685693340447,0.9999480001880456,0.007447254271995055,1.0026348046893794,0.0015348301613442709,-0.9999782923129206,0.9999131019158701
522.25,5,1167.8302981858608,71,0.29583333333333334,0.9999968502134198,0.0018866402183895271,0.9990952839163875,0.9999472495803055,0.007586744133270265,1.0031059551649388,0.0013077959744165386,-0.9999786146549084,0.9999140252112011
522.25,5,1167.8302981858608,72,0.3,0.9999968134600279,0.00180242291727038,0.9996473906569746,0.9999463178036899,0.007859099084141284,1.0040289727160938,0.0012435988922067577,-0.9999786653083608,0.99991469657128
522.25,5,1167.8302981858608,73,0.30416666666666664,0.9999967969803986,0.0018646922808418726,0.9992599245585647,0.9999451837412374,0.00808187563579939,1.0045933378316283,0.0012803823854475572,-0.99997836857836,0.9999150165717179
522.25,5,1167.8302981858608,74,0.30833333333333335,0.9999967960470486,0.001921788573728975,0.9990112266676412,0.9999439749259408,0.008060753508545676,1.0042400964289748,0.001313485960405961,-0.999978191060455,0.9999140950872641
522.25,5,1167.8302981858608,75,0.3125,0.9999967942844384,0.001988711598475756,0.9987766075175177,0.999942886730887,0.007965814315174579,1.0035676194950656,0.001353216775805737,-0.9999780778327841,0.9999133473679305
522.25,5,1167.8302981858608,76,0.31666666666666665,0.999996822105653,0.0020487199686463355,0.9985731790634901,0.9999419158972268,0.007934325774376779,1.0031256840924692,0.0013880436564943734,-0.9999780325920156,0.9999128672451179
522.25,5,1167.8302981858608,77,0.32083333333333336,0.9999968618458803,0.0019535757246670615,0.9988359407301851,0.9999410587310705,0.007973891125099752,1.0030516000124912,0.0013178566683043407,-0.9999786379177092,0.9999139354864756
522.25,5,1167.8302981858608,78,0.325,0.9999968634550758,0.0018338695218570915,0.9993271243322412,0.9999401614004113,0.008121756414745896,1.0035060534262283,0.0012314985513320435,-0.999979077640937,0.9999153918949415
522.25,5,1167.8302981858608,79,0.32916666666666666,0.9999968250904624,0.0018027743265389376,0.9996125548115392,0.9999389988444077,0.008345874178626487,1.004168725266213,0.0012048762400054893,-0.9999793295460458,0.9999172106101514
522.25,5,1167.8302981858608,80,0.3333333333333333,0.9999967962185606,0.0018355732765413318,0.999424755458353,0.9999376374915971,0.008475829225912264,1.0043633034046666,0.0012209579693564772,-0.9999789694528446,0.9999170954127261
522.25,5,1167.8302981858608,81,0.3375,0.9999967985278003,0.0018802674295577213,0.9991831012341622,0.999936306473917,0.008487207375186906,1.0040924059868894,0.0012448880314491206,-0.999978663321556,0.9999164011502578
522.25,5,1167.8302981858608,82,0.3416666666666667,0.9999968007531168,0.001939519966942019,0.9989399088331491,0.9999351002820926,0.008426450131164488,1.003500614637613,0.0012784515502706274,-0.9999784169906507,0.9999151456930645
522.25,5,1167.8302981858608,83,0.3458333333333333,0.9999968188709124,0.00206194770282311,0.9985378518831594,0.9999340399026114,0.00836528677836321,1.0028388779050017,0.0013534507173104614,-0.999978290954833,0.999914360878899
522.25,5,1167.8302981858608,84,0.35,0.9999968628175662,0.0018972106991068903,0.9990389761136986,0.9999330998879357,0.00842853876569338,1.00288179795719,0.0012399785883582635,-0.9999791365255848,0.999915643952965
522.25,5,1167.8302981858608,85,0.3541666666666667,0.9999968339218251,0.0017793600811961865,0.9999906060200143,0.9999319932698516,0.008645824767921044,1.0036793678170672,0.0011576338823143428,-0.9999807522283192,0.9999187622292668
522.25,5,1167.8302981858608,86,0.35833333333333334,0.9999967858856459,0.0017956145577901499,0.9998577616099261,0.9999306523636774,0.008900876953091844,1.0044548322228009,0.0011626091041680663,-0.999980239554431,0.9999212765929691
522.25,5,1167.8302981858608,87,0.3625,0.9999967734992931,0.0018326048072379573,0.999486439182731,0.9999291109427936,0.008983738830275914,1.0044413758795987,0.0011810059937267783,-0.9999797796771501,0.9999214118139702
522.25,5,1167.8302981858608,88,0.36666666666666664,0.9999967578618479,0.0018681545209419444,0.9992961682410382,0.9999276739726679,0.00890784936104784,1.0037551798446165,0.001198608029812284,-0.9999793711756881,0.9999195527778775
522.25,5,1167.8302981858608,89,0.37083333333333335,0.9999967619853671,0.0019300669670973942,0.9990134250424214,0.9999264031214893,0.008863457856634283,1.0031559670928767,0.0012331248344772002,-0.9999790665440982,0.9999180941629864
522.25,5,1167.8302981858608,90,0.375,0.9999967984156694,0.001907022078221018,0.9990675358489882,0.9999253097425747,0.008876727139973626,1.0028698904628763,0.0012133931560805694,-0.9999795231553618,0.9999182670699276
522.25,5,1167.8302981858608,91,0.37916666666666665,0.9999968121856924,0.0018182940110951235,0.999513540119191,0.9999242904592186,0.008963673642728391,1.0030503854177848,0.001152095473908461,-0.9999805406361774,0.9999198726222319
522.25,5,1167.8302981858608,92,0.38333333333333336,0.9999967733448814,0.0017968756720788352,0.9999350857168382,0.9999230552708518,0.009148091976416067,1.0036791934866163,0.0011335319193528455,-0.9999812666604024,0.9999234526380203
522.25,5,1167.8302981858608,93,0.3875,0.9999967185967934,0.0018121898703103094,0.9999274915510472,0.9999214935289187,0.009312918389577216,1.0040640168465245,0.001138130888759911,-0.9999812658053923,0.9999251971154066
522.25,5,1167.8302981858608,94,0.39166666666666666,0.9999966999686264,0.0018340774537359255,0.999642827335139,0.9999198794009535,0.009368755842038305,1.0039201178591255,0.001146921646238533,-0.9999807435148871,0.9999254353200944
522.25,5,1167.8302981858608,95,0.3958333333333333,0.9999966964994844,0.0018585954619903516,0.9994508292803014,0.9999184234141183,0.009345958798752803,1.003403087659786,0.0011575361851535856,-0.9999803062563605,0.9999234955659677
522.25,5,1167.8302981858608,96,0.4,0.9999966927449485,0.0019400256566733819,0.9990450022933454,0.9999171524730478,0.009293360965792788,1.0026565708738617,0.0012037202184120557,-0.9999799258712052,0.999921771510918
522.25,5,1167.8302981858608,97,0.4041666666666667,0.9999967322952306,0.0019313529591537429,0.9990387750345648,0.9999161218011914,0.009297528705512145,1.0022679871427267,0.001193983304544072,-0.999979893093766,0.999920826614369
522.25,5,1167.8302981858608,98,0.4083333333333333,0.9999967340155103,0.0018075228736694569,1.0000480522254827,0.9999150529934571,0.009424713949175701,1.0027890458972262,0.0011131577058877686,-0.9999823868970229,0.9999251793011561
522.25,5,1167.8302981858608,99,0.4125,0.9999966632031312,0.0018470392989260816,1.0003867466103276,0.9999137273967293,0.009634052129057468,1.0036239967222456,0.0011328961793420922,-0.9999829413917032,0.9999291288220791
522.25,5,1167.8302981858608,100,0.4166666666666667,0.9999966304107064,0.0018358495687544152,0.9999611588171491,0.9999121220745133,0.009782381328732362,1.0039620149842627,0.0011215043444677357,-0.9999823556402152,0.9999320770063597
522.25,5,1167.8302981858608,101,0.42083333333333334,0.9999966086960516,0.001850559432617277,0.9997420938165937,0.9999105157354669,0.009759758324148349,1.0034025865556373,0.0011262988134476293,-0.9999818362862084,0.9999298582991858
522.25,5,1167.8302981858608,102,0.425,0.9999965914384963,0.0018828305024404433,0.9994776622029272,0.9999091584506365,0.009714608324758954,1.0026615034839714,0.0011420348867617776,-0.9999813663828957,0.9999278246598461
522.25,5,1167.8302981858608,103,0.42916666666666664,0.9999966160166173,0.001899678903847605,0.9993297065030402,0.9999080438596217,0.009712474351627505,1.0021823967152041,0.001148564328025544,-0.9999811597402921,0.9999263823441545
522.25,5,1167.8302981858608,104,0.43333333333333335,0.9999966453076395,0.0018476892141017782,0.999655782411768,0.9999071424563288,0.009749430780344352,1.0020969817996348,0.001113627069090363,-0.9999823450738553,0.9999278687245806
522.25,5,1167.8302981858608,105,0.4375,0.9999966207974856,0.0018408011634785464,1.0001367312593192,0.999906171727563,0.009851556966932944,1.0025429970372688,0.0011058657905944516,-0.9999833592492252,0.9999311524082245
522.25,5,1167.8302981858608,106,0.44166666666666665,0.9999965530067553,0.0018718706228562942,1.000337418982858,0.9999048203073191,0.009993214078433293,1.0030657678478918,0.0011207978400320658,-0.9999840398441009,0.999934754786621
522.25,5,1167.8302981858608,107,0.44583333333333336,0.9999965092199198,0.0018695243668135095,1.000093184738504,0.999903282987131,0.010070973515059166,1.0030732526625141,0.0011158190874109863,-0.9999834845470088,0.9999355000696742
522.25,5,1167.8302981858608,108,0.45,0.9999965014070354,0.0018727725041287851,0.9998682215979168,0.9999019023726649,0.010078925564788293,1.0026444999854607,0.0011144800097125616,-0.9999829710531285,0.9999343523617934
522.25,5,1167.8302981858608,109,0.45416666666666666,0.9999964901481668,0.0018977173747560937,0.9995723538618623,0.9999007810823319,0.010052352624472793,1.0019154989124854,0.001126413209816217,-0.9999824894104934,0.9999323044365435
522.25,5,1167.8302981858608,110,0.4583333333333333,0.9999965105237631,0.0019463012448100103,0.9992274940140964,0.9998999656538738,0.010038776962897799,1.00121957164785,0.0011526212513236656,-0.9999820666420425,0.9999304787276964
522.25,5,1167.8302981858608,111,0.4625,0.9999965481465972,0.0018587777146852114,0.9999199881884564,0.9998993394271404,0.01007722053615971,1.0013349750753704,0.0010982478293014384,-0.9999837671209563,0.9999329965998788
522.25,5,1167.8302981858608,112,0.4666666666666667,0.9999964863816561,0.0019444974808258094,1.000731640348378,0.9998984918786512,0.010182766052352082,1.0020906403732557,0.001146042479631658,-0.9999856647728219,0.9999372857129096
522.25,5,1167.8302981858608,113,0.4708333333333333,0.9999964258327143,0.0019177580674312887,1.0004553598338684,0.999897359256788,0.01030714896292408,1.0026857472647224,0.001127408793675567,-0.9999851099536836,0.9999411658182664
522.25,5,1167.8302981858608,114,0.475,0.9999964040403971,0.0018983478030452855,1.0001246256335916,0.999896065604812,0.010336176131405623,1.0024122410047982,0.0011134776668204338,-0.9999845899584543,0.9999407938965461
522.25,5,1167.8302981858608,115,0.4791666666666667,0.9999963775965917,0.0019042657975213517,0.9999125414517523,0.9998950541714215,0.010306935962782891,1.0016058045715321,0.0011148541518726132,-0.9999840944185165,0.9999387258652499
522.25,5,1167.8302981858608,116,0.48333333333333334,0.9999963850317269,0.0019181653001395151,0.9996412048503533,0.9998943562955745,0.010300713990379257,1.0009607248840926,0.0011212257644530861,-0.9999836436782894,0.9999368255005294
522.25,5,1167.8302981858608,117,0.4875,0.9999964265797984,0.001896869996250222,0.999777783068792,0.9998939827705737,0.010306796105330402,1.0006526531246893,0.0011072372401570818,-0.9999843183717998,0.9999372384325849
522.25,5,1167.8302981858608,118,0.49166666666666664,0.9999964291952242,0.0018975249435961216,1.0002441455215851,0.9998937295765501,0.010325939443875772,1.0008425420595344,0.0011060815470425968,-0.9999853534237797,0.9999391616474776
522.25,5,1167.8302981858608,119,0.49583333333333335,0.9999963697568822,0.0019534101733333672,1.0006093963911349,0.9998931800268885,0.010382419840540932,1.0013972370587931,0.001136984701058327,-0.9999862535084038,0.9999430869099585
522.25,5,1167.8302981858608,120,0.5,0.9999963055401392,0.001955608156769049,1.0005099218767972,0.999892298097042,0.010439194141661499,1.0015981539217107,0.0011367049256503752,-0.9999861144365194,0.9999446557960271
522.25,5,1167.8302981858608,121,0.5041666666666667,0.9999962891861044,0.0019330624665285284,1.0002276954200107,0.9998914921649505,0.010456756452214675,1.0012939038472652,0.0011223461775970618,-0.9999856330314477,0.9999447743375174
522.25,5,1167.8302981858608,122,0.5083333333333333,0.9999962837816485,0.001927791787750897,1.000018046020356,0.9998909966341191,0.010450403330821877,1.0006445469197736,0.0011184411740310903,-0.9999851853560823,0.9999429142819397
522.25,5,1167.8302981858608,123,0.5125,0.999996286006717,0.0019494785428657974,0.9995842171708834,0.9998908270790432,0.010449340344303303,0.999822283416496,0.001130623825624161,-0.9999847754269391,0.9999411955399694
522.25,5,1167.8302981858608,124,0.5166666666666667,0.9999963397017582,0.0019199905914515458,0.9997717029353583,0.9998910172238842,0.01044522275301411,0.9995103948195022,0.0011132916748715935,-0.9999851287859455,0.9999410318654796
522.25,5,1167.8302981858608,125,0.5208333333333334,0.9999963227842434,0.0019987851478489283,1.000797723259203,0.999891130948907,0.010434151908367217,1.0000703618868259,0.0011585997607494658,-0.9999873712144824,0.9999448389394182
522.25,5,1167.8302981858608,126,0.525,0.9999962427739804,0.0020441018429459886,1.0009181663793314,0.9998909732578772,0.010457146474109124,1.0008068062941267,0.0011843428979912637,-0.9999874779333847,0.99994832541194
522.25,5,1167.8302981858608,127,0.5291666666666667,0.9999962154987673,0.001975724107792636,1.0004879406507758,0.9998905455746467,0.010482098208301094,1.0009169392133968,0.00114441092736514,-0.9999870285631995,0.9999501842836884
522.25,5,1167.8302981858608,128,0.5333333333333333,0.9999961931277909,0.0019613413217833835,1.0002828393027394,0.999890275476505,0.01047592049359341,1.000201955679705,0.0011362312932870218,-0.9999866045599028,0.9999484386365333
522.25,5,1167.8302981858608,129,0.5375,0.9999961848214473,0.0019532519418534885,0.9999945970597929,0.9998903697175733,0.010478027614174634,0.9994366027603003,0.001132103873453179,-0.9999862128098045,0.9999468137791097
522.25,5,1167.8302981858608,130,0.5416666666666666,0.9999962255906483,0.0019436234409997274,0.9999192228057857,0.9998908106589417,0.010475041200292584,0.9989639985625507,0.0011273637896381233,-0.9999862231197086,0.9999460170294098
522.25,5,1167.8302981858608,131,0.5458333333333333,0.9999962572410257,0.0019461532687224887,1.0002992227664937,0.9998915041153106,0.010444152072026076,0.9989193890961146,0.0011297806833248753,-0.999987096271773,0.9999470161884993
522.25,5,1167.8302981858608,132,0.55,0.9999962237477503,0.0020155142726826078,1.0007566546562368,0.9998920719565234,0.010397759239631028,0.9993912949279687,0.0011709387654426464,-0.9999878709686023,0.9999498434009009
522.25,5,1167.8302981858608,133,0.5541666666666667,0.9999961531519448,0.0020539659771438793,1.0008628449070054,0.9998922332392803,0.010382007592078638,0.9998034334376102,0.0011942119112959366,-0.9999882406531989,0.9999521851095969
522.25,5,1167.8302981858608,134,0.5583333333333333,0.9999961208285434,0.0020118980014715033,1.0005807937569688,0.9998923034540743,0.010380095092933812,0.9996843487614422,0.0011709022781365404,-0.9999878523124548,0.9999528674200107
522.25,5,1167.8302981858608,135,0.5625,0.9999961215900257,0.001986777167995759,1.0003712125531938,0.9998926287421938,0.010378807462220993,0.9991655740541701,0.0011577874561044471,-0.9999874920890695,0.9999517516796594
522.25,5,1167.8302981858608,136,0.5666666666666667,0.999996118037322,0.001970322422043677,1.0000203849951093,0.9998932670779477,0.010394639361152893,0.998379126839733,0.001150149487874726,-0.9999871480732861,0.9999503267259438
522.25,5,1167.8302981858608,137,0.5708333333333333,0.9999961593127541,0.0019659245593587945,0.9997801504764976,0.9998942636491115,0.010404769710835302,0.997756122396075,0.0011498544255457677,-0.9999868273866361,0.9999489893826854
522.25,5,1167.8302981858608,138,0.575,0.9999961941898263,0.002002160453522918,1.000637128486632,0.999895378600585,0.01032403157803099,0.9980198242212079,0.0011732937743245664,-0.9999883109072003,0.9999513327308901
522.25,5,1167.8302981858608,139,0.5791666666666667,0.9999961244780944,0.0021619125777256505,1.0012644028255424,0.9998962372094558,0.01022201039688628,0.998795088183855,0.001269135452698785,-0.9999892551187693,0.9999541415964335
522.25,5,1167.8302981858608,140,0.5833333333333334,0.9999960796561219,0.00207733491280562,1.0008891899422323,0.9998968072549654,0.01017134432709112,0.9992742777373713,0.001221624273369331,-0.9999889080279498,0.999956752888665
522.25,5,1167.8302981858608,141,0.5875,0.9999960655577755,0.0020290859921362585,1.000604746241007,0.9998973042033908,0.010166669704220636,0.998847023153441,0.0011957379027951718,-0.9999885860128123,0.999955926305057
522.25,5,1167.8302981858608,142,0.5916666666666667,0.9999960493830263,0.0020045049415203845,1.000367282238768,0.9998981184626263,0.010188135530021743,0.9980439744807363,0.0011841484038584327,-0.9999882776451144,0.9999546536009811
522.25,5,1167.8302981858608,143,0.5958333333333333,0.9999960751127311,0.0019833242208430273,1.0001318246982,0.9998992274449315,0.010197932898491741,0.9974632960918889,0.0011748259521133651,-0.9999879875559046,0.999953449677432
522.25,5,1167.8302981858608,144,0.6,0.9999961242226129,0.0019845035960176054,1.0003535518931395,0.9999006110379733,0.010157772969738457,0.9972499624091934,0.0011788835694377686,-0.9999885341358753,0.9999539647880603
522.25,5,1167.8302981858608,145,0.6041666666666666,0.9999961235561329,0.002054831603466035,1.0008320797085304,0.9999020166062366,0.010048111682865036,0.9975610723281484,0.0012240758287151597,-0.9999891395942914,0.9999553526903813
522.25,5,1167.8302981858608,146,0.6083333333333333,0.9999960655150835,0.0021387772406326303,1.0011319102343366,0.9999030720121437,0.009933716297110805,0.9981304380363624,0.0012775268490048777,-0.9999896951732362,0.9999576906630752
522.25,5,1167.8302981858608,147,0.6125,0.9999960171520408,0.002107007843105525,1.0009561095261978,0.9999038606361825,0.009881897093885034,0.9982621592217619,0.001262069803441455,-0.9999894879311662,0.999958361687118
522.25,5,1167.8302981858608,148,0.6166666666666667,0.9999960149153937,0.002055455080000837,1.0006927887586146,0.9999047536084612,0.009869370967175859,0.9979245133340091,0.001234916565608466,-0.999989218347013,0.9999582159530249
522.25,5,1167.8302981858608,149,0.6208333333333333,0.9999960162945217,0.0020218998723257283,1.0004569939608385,0.9999059006648816,0.009890936104690154,0.9972718261067249,0.0012188267716541736,-0.9999889635023024,0.9999571596127309
522.25,5,1167.8302981858608,150,0.625,0.9999960343385207,0.0019915184670187326,1.0000311236910062,0.9999073017106888,0.009937898422159726,0.9965234923752466,0.0012049273278521727,-0.9999887358129079,0.9999562073535261
522.25,5,1167.8302981858608,151,0.6291666666666667,0.9999960924920083,0.002000296448980207,1.0004329406977404,0.9999089247554163,0.009872677988841538,0.996430036702475,0.0012147104273821608,-0.9999891644756604,0.999956587264514
522.25,5,1167.8302981858608,152,0.6333333333333333,0.9999960640026219,0.002221728821360248,1.0014152751759533,0.9999103723076336,0.00968235012864398,0.9971333693253832,0.001353886528086648,-0.9999903731152321,0.9999586202093687
522.25,5,1167.8302981858608,153,0.6375,0.999996001224271,0.0022135412568195017,1.0013432824499422,0.99991154914178,0.009524179786483398,0.9978765359961784,0.0013533847904664525,-0.9999902029465011,0.9999604690418085
522.25,5,1167.8302981858608,154,0.6416666666666667,0.9999959871254533,0.0021109348612388295,1.0009419032251226,0.9999124974122812,0.009473838113247693,0.9978803532676371,0.0012951422810866533,-0.9999899723231849,0.9999610334560846
522.25,5,1167.8302981858608,155,0.6458333333333334,0.9999959719195134,0.002074635731461544,1.0007432890328303,0.9999135972002475,0.00950906833049035,0.9971685473790091,0.0012777212108321715,-0.9999897539433684,0.9999601266952068
522.25,5,1167.8302981858608,156,0.65,0.9999959774821507,0.002030824632508542,1.000451169937728,0.9999149293113663,0.009547599956474468,0.9965170896421673,0.0012558269253587387,-0.9999895606559297,0.9999593167291221
522.25,5,1167.8302981858608,157,0.6541666666666667,0.9999960240004103,0.002020893489108636,1.0004648904367763,0.9999164771543476,0.009530600451334527,0.9961836496058798,0.0012549407141280607,-0.9999896636594536,0.9999591185282976
522.25,5,1167.8302981858608,158,0.6583333333333333,0.999996048970545,0.0020854436818833325,1.0008926398375235,0.9999181227785162,0.009418419952736748,0.9963108749013777,0.0013004236662682363,-0.9999900839963993,0.9999595886836882
522.25,5,1167.8302981858608,159,0.6625,0.9999960138938878,0.002203967446629724,1.0013210009140756,0.9999195575800479,0.009231701642792727,0.9969121089372902,0.0013798065382670656,-0.999990454831853,0.9999611226863494
522.25,5,1167.8302981858608,160,0.6666666666666666,0.9999959570320127,0.0022223533908231753,1.0013394708293102,0.9999206503395179,0.009107446229438406,0.9973217233255713,0.0013967949065514676,-0.9999905483999635,0.9999620569364753
522.25,5,1167.8302981858608,161,0.6708333333333333,0.9999959398982653,0.002146574436959444,1.0010471447896978,0.9999216837673016,0.009068336920797464,0.9972043360863496,0.001354638655009672,-0.9999903659732001,0.999962385912388
522.25,5,1167.8302981858608,162,0.675,0.9999959437588964,0.002101976086906918,1.0008513192091752,0.9999228769187894,0.009084297478338025,0.9967185066833836,0.0013321773823933552,-0.9999902070395165,0.999961715884404
522.25,5,1167.8302981858608,163,0.6791666666666667,0.9999959456522999,0.0020394549099089837,1.0004584260339147,0.999924241411324,0.009153556568425099,0.9960006080168292,0.0012984674839669997,-0.999990060134529,0.999961092298389
522.25,5,1167.8302981858608,164,0.6833333333333333,0.9999959912337467,0.0020194058137835828,1.00037218177697,0.999925804304622,0.009164039151066826,0.9955860334418504,0.001291729198294538,-0.9999899471033467,0.9999605588002162
522.25,5,1167.8302981858608,165,0.6875,0.9999960073006612,0.002213904825977093,1.0013490037106225,0.9999273288037858,0.008964573432097512,0.9960851865469239,0.0014224738377041786,-0.9999906968025173,0.9999618034614417
522.25,5,1167.8302981858608,166,0.6916666666666667,0.999995942857299,0.0023727740999437046,1.0017752269597977,0.999928610274718,0.008719425189072991,0.9969586535132785,0.0015309542632298446,-0.9999909573477708,0.9999629641038396
522.25,5,1167.8302981858608,167,0.6958333333333333,0.9999959130232453,0.0022363203709851774,1.0013530658025445,0.9999296449849984,0.008587584297630268,0.997398840071169,0.0014488873656784804,-0.9999908099876643,0.9999639816286179
522.25,5,1167.8302981858608,168,0.7,0.9999958993438609,0.0021728889566482593,1.001114885934717,0.9999306452843186,0.008606051998087285,0.9969355811490841,0.0014139651747087502,-0.9999906837286531,0.999963443550002
522.25,5,1167.8302981858608,169,0.7041666666666667,0.9999958879303812,0.002116554279196545,1.0008579621752904,0.9999318230006958,0.008675309492947696,0.9962428970258995,0.0013836724852322579,-0.999990569676022,0.9999629530386934
522.25,5,1167.8302981858608,170,0.7083333333333334,0.9999959146942804,0.002078067789173818,1.000682964414317,0.9999331481982705,0.00869821811770266,0.9958116893569904,0.0013649710640393968,-0.999990486454037,0.9999625456045029
522.25,5,1167.8302981858608,171,0.7125,0.9999959496180573,0.0021295386437623232,1.0009849186129691,0.9999345905784907,0.008624469698089427,0.9957727565526152,0.001405410848040458,-0.9999907171882799,0.9999628072716885
522.25,5,1167.8302981858608,172,0.7166666666666667,0.9999959360032412,0.002267362213851512,1.0014686877647414,0.9999359547415085,0.00842848535059023,0.996266773175005,0.0015031524143855706,-0.9999909258165527,0.9999633841867808
522.25,5,1167.8302981858608,173,0.7208333333333333,0.9999958800251709,0.0023583696526537565,1.0016996419576056,0.9999370245596554,0.008235039705597202,0.9968933206864432,0.0015702848442220748,-0.9999910947262086,0.9999641392950844
522.25,5,1167.8302981858608,174,0.725,0.9999958418260129,0.0022891210564510585,1.001472073054823,0.9999379233641009,0.008155808314493253,0.9970242131530719,0.0015308118442086158,-0.9999909999032526,0.9999643014212933
522.25,5,1167.8302981858608,175,0.7291666666666666,0.9999958375997886,0.0022198973833786237,1.0012381403879231,0.9999388829646404,0.00815616271822811,0.9967171456238244,0.0014911791642883002,-0.9999909176738752,0.9999641748299843
522.25,5,1167.8302981858608,176,0.7333333333333333,0.9999958318172596,0.0021529979029750435,1.000967131074928,0.9999399692414495,0.008222324733914006,0.9961149149761319,0.0014530477578745828,-0.9999908464203798,0.9999638554708988
522.25,5,1167.8302981858608,177,0.7375,0.9999958480478774,0.0020801746942450063,1.000592079575309,0.9999411872249019,0.008303512945553924,0.995507625309725,0.0014107629956426869,-0.9999907951295263,0.999963614951967
522.25,5,1167.8302981858608,178,0.7416666666666667,0.9999958839925356,0.0022001238657930675,1.0012045030339256,0.9999424725761723,0.008181492910583149,0.9956711899894585,0.001499175098913796,-0.999990964338476,0.9999638412538818
522.25,5,1167.8302981858608,179,0.7458333333333333,0.9999958383217237,0.002515959370336629,1.0020846617741768,0.9999435817649388,0.007903877999011568,0.9965265566709399,0.001721944247664051,-0.9999912275669293,0.9999643521190773
522.25,5,1167.8302981858608,180,0.75,0.9999957844224296,0.002439337647517655,1.0018644223300812,0.9999444875057817,0.007694871761983059,0.9972838520658387,0.0016764683264490468,-0.9999911629278512,0.9999647641919984
522.25,5,1167.8302981858608,181,0.7541666666666667,0.9999957649155284,0.0023189453586726716,1.0015127177009842,0.9999452517756049,0.007658518825794645,0.9972092947926565,0.0016005371082916365,-0.9999911114699588,0.9999647867270208
522.25,5,1167.8302981858608,182,0.7583333333333333,0.9999957420582932,0.0022619491470015074,1.001311184388661,0.9999461156150539,0.007737295535127194,0.9965471572785782,0.0015682113183486865,-0.9999910707822569,0.9999645900497511
522.25,5,1167.8302981858608,183,0.7625,0.9999957423821594,0.0021892808560894546,1.0010352677022485,0.9999470917874667,0.007799924588548469,0.9960251870587431,0.0015248544631363903,-0.9999910486075,0.9999644669300616
522.25,5,1167.8302981858608,184,0.7666666666666667,0.9999957703696095,0.0022092890768409335,1.001141993721455,0.9999481727909735,0.007779408363744976,0.9958391483380145,0.001545927832278951,-0.9999910778064995,0.9999644739518516
522.25,5,1167.8302981858608,185,0.7708333333333334,0.9999957707793226,0.002348734331855462,1.0016058684150595,0.9999492624384221,0.007629666088547396,0.9961410277058844,0.0016508433083899452,-0.9999911302242009,0.9999645611621157
522.25,5,1167.8302981858608,186,0.775,0.9999957218512056,0.0025037111501757534,1.001997202295214,0.9999501646471795,0.007404576240413838,0.9968450297970836,0.0017671408648172642,-0.9999911564805052,0.9999646963835946
522.25,5,1167.8302981858608,187,0.7791666666666667,0.9999956642651533,0.00249154091817218,1.0019368421683086,0.9999508531393958,0.007277668779865651,0.9972405546027169,0.0017657238406012354,-0.9999911556998388,0.9999647365601746
522.25,5,1167.8302981858608,188,0.7833333333333333,0.9999956411350822,0.002392684160239522,1.0016542915637996,0.9999515199548864,0.007254356158526957,0.9971246094583839,0.001702660318583932,-0.9999911449623714,0.9999647290038663
522.25,5,1167.8302981858608,189,0.7875,0.9999956285494354,0.0023312961709284767,1.0014594856700383,0.9999522772071581,0.007301502138754796,0.9966621019644645,0.0016660711270015222,-0.9999911517623123,0.9999647221194632
522.25,5,1167.8302981858608,190,0.7916666666666666,0.9999956182875085,0.0022186248189425524,1.0010403351840116,0.9999531243903329,0.007407704630360411,0.9960082616387442,0.0015926461006296234,-0.9999911730321406,0.999964773252692
522.25,5,1167.8302981858608,191,0.7958333333333333,0.9999956443392358,0.002238063755240516,1.0011436949105288,0.9999540719520988,0.007401535286775942,0.9958004823130479,0.001613731522831234,-0.9999911757727797,0.9999648090034018
522.25,5,1167.8302981858608,192,0.8,0.9999956262612482,0.0025957964017735294,1.002176962759807,0.9999549415240693,0.007159313169793574,0.9964855084694678,0.001879365872476223,-0.9999910724719863,0.9999646675261983
522.25,5,1167.8302981858608,193,0.8041666666666667,0.9999955540993345,0.0027050083623450932,1.0023991995093433,0.9999556454618813,0.00690809389500006,0.9974082221044716,0.0019658224926620057,-0.9999910516537736,0.9999644507445246
522.25,5,1167.8302981858608,194,0.8083333333333333,0.9999955164052463,0.002534130888381704,1.0019708155469977,0.999956191334286,0.006805519988488462,0.997763508637472,0.0018484437236403672,-0.999991070563046,0.9999642771154856
522.25,5,1167.8302981858608,195,0.8125,0.9999954847126141,0.0024639644705204966,1.0017655536785706,0.9999567438555255,0.00685690209377226,0.9972610815147239,0.001804235320947592,-0.9999911064138334,0.9999643862311913
522.25,5,1167.8302981858608,196,0.8166666666666667,0.9999954595645277,0.002377708400389654,1.0014931376502128,0.9999573960606055,0.006943394408647464,0.996656854286176,0.0017480845108287534,-0.9999911576019328,0.999964557207329
522.25,5,1167.8302981858608,197,0.8208333333333333,0.9999954671307362,0.002345347018604571,1.001392218424372,0.999958131935331,0.00697109641839009,0.996338358177742,0.0017313023770266834,-0.9999911767412568,0.999964685836562
522.25,5,1167.8302981858608,198,0.825,0.9999954715355256,0.0024644492634020958,1.0017594166517936,0.9999589194162004,0.006888716333445627,0.9964358974914258,0.0018264100777638293,-0.9999910685426853,0.9999645932204249
522.25,5,1167.8302981858608,199,0.8291666666666667,0.99999543060862,0.0026578239081295647,1.002236172016951,0.9999596213553082,0.006687230821323835,0.99705794793173,0.0019769209145179757,-0.9999909360466085,0.9999641789862406
522.25,5,1167.8302981858608,200,0.8333333333333334,0.9999953595132118,0.0027372428445944976,1.002391172379189,0.9999601265739791,0.006524636573730235,0.9976799514056303,0.002042990879895584,-0.9999908457426594,0.9999637345181926
522.25,5,1167.8302981858608,201,0.8375,0.9999953100319979,0.002637184845807043,1.0021305477729647,0.9999605472180915,0.0064754575215689334,0.9977758782251166,0.0019750092520366895,-0.9999909109632269,0.9999635503996704
522.25,5,1167.8302981858608,202,0.8416666666666667,0.9999952844134026,0.0025615268541315447,1.0019232240184013,0.9999610173524955,0.0064972969116137156,0.9974606504671782,0.0019250475404664455,-0.9999909927583779,0.9999637441415837
522.25,5,1167.8302981858608,203,0.8458333333333333,0.99999525568209,0.0024562203421457634,1.0016067226461827,0.9999615635948903,0.006584638398732476,0.9968676347952474,0.001852670940773247,-0.9999910853715456,0.9999640812636821
522.25,5,1167.8302981858608,204,0.85,0.9999952530261936,0.002370417592245887,1.0013214104633315,0.9999621953442348,0.006662324004438289,0.9963782990777253,0.0017946521878661591,-0.9999911934797899,0.9999644815399467
522.25,5,1167.8302981858608,205,0.8541666666666666,0.9999952519659553,0.00264310875571483,1.0021178977083323,0.9999628386599221,0.006517325791382174,0.9967451195657763,0.002008085668766398,-0.9999908158173719,0.9999639454491331
522.25,5,1167.8302981858608,206,0.8583333333333333,0.9999951771523894,0.0029764395970804025,1.0028452998215147,0.9999633531732538,0.006271962474164819,0.9976828649366497,0.002268358356152218,-0.9999904655005807,0.999963099243552
522.25,5,1167.8302981858608,207,0.8625,0.9999951099010947,0.0028381986724498455,1.0025192349738807,0.9999637324505734,0.006129489678584529,0.9983869028816383,0.002169202875139012,-0.9999905605250471,0.9999621601371934
522.25,5,1167.8302981858608,208,0.8666666666666667,0.9999950659227221,0.002719843336023431,1.0022221444353923,0.9999640451393969,0.006130376269489743,0.9981978999829416,0.0020849078212734546,-0.9999906738484172,0.9999623139165859
522.25,5,1167.8302981858608,209,0.8708333333333333,0.999995019222373,0.002643770954422807,1.0020063856169863,0.9999644355737729,0.006208445829932111,0.9975614675474688,0.0020329313130592113,-0.9999907983680616,0.9999627777829904
522.25,5,1167.8302981858608,210,0.875,0.9999949975179441,0.002559697172989733,1.0017619920874183,0.9999648963741854,0.006265338564996757,0.9971228273224808,0.001974579546971707,-0.9999909381310155,0.9999633041879308
522.25,5,1167.8302981858608,211,0.8791666666666667,0.9999949938737669,0.0026297966504810343,1.0019562480812874,0.9999654226587428,0.006243041892727228,0.9970384543973737,0.0020350293417194776,-0.9999907388124478,0.9999631874808488
522.25,5,1167.8302981858608,212,0.8833333333333333,0.9999949576022021,0.0028314312266067274,1.0024420864610522,0.9999659348952312,0.006105955947909977,0.9974664014365444,0.0021974054858682787,-0.9999904461348185,0.999962614553706
522.25,5,1167.8302981858608,213,0.8875,0.9999948783052507,0.0029979535865577627,1.0027845397891113,0.9999663032752598,0.0059425586503737225,0.9982030973912377,0.0023326723098786293,-0.9999901231978896,0.9999613810551571
522.25,5,1167.8302981858608,214,0.8916666666666667,0.9999947991165572,0.002951467432850448,1.0026531568134536,0.9999665457594201,0.0058758929558791455,0.9985368895264577,0.0023021893144739903,-0.9999901933826579,0.9999608556978016
522.25,5,1167.8302981858608,215,0.8958333333333334,0.9999947505842812,0.0028460568768565574,1.0023905906585657,0.9999667941309229,0.005874856499241046,0.9983838311825091,0.0022255299484646124,-0.9999903509993995,0.9999608301839163
522.25,5,1167.8302981858608,216,0.9,0.9999947061193226,0.0027685568746703935,1.0021800062189206,0.9999671090431491,0.005924148445848026,0.9979023676325174,0.002170633145463607,-0.9999905238885142,0.9999614875133348
522.25,5,1167.8302981858608,217,0.9041666666666667,0.9999946695486254,0.002621001805546999,1.0017560823686968,0.9999674899423042,0.006016975635338248,0.9972855775682264,0.0020606754140935594,-0.9999907161302154,0.9999622248407105
522.25,5,1167.8302981858608,218,0.9083333333333333,0.9999946623817626,0.002732820717097445,1.002066450942183,0.9999679314605624,0.005987052354882433,0.9972555409735369,0.0021542989305051736,-0.999990498242649,0.9999621610033471
522.25,5,1167.8302981858608,219,0.9125,0.999994597935285,0.0031882048126918045,1.0030910694765842,0.9999682964958296,0.005795453355417279,0.9980608323338986,0.0025190179916722163,-0.9999895154755974,0.9999606377766272
522.25,5,1167.8302981858608,220,0.9166666666666666,0.9999944975807198,0.003217615987645449,1.0031195562387325,0.9999685471766716,0.005655435166853892,0.9989698607498677,0.0025471739200260135,-0.9999895422836611,0.9999589663540432
522.25,5,1167.8302981858608,221,0.9208333333333333,0.9999944302194038,0.0030396619157390657,1.0027128411128439,0.9999686975152959,0.005624161175722199,0.999189508539716,0.002410848347321215,-0.9999897338216363,0.9999582012583383
522.25,5,1167.8302981858608,222,0.925,0.999994363134964,0.002968953328784904,1.0025242299660004,0.9999688794330467,0.0056615617072518195,0.9986351038056713,0.0023596071242465116,-0.9999899409733866,0.9999589924102712
522.25,5,1167.8302981858608,223,0.9291666666666667,0.9999943073924525,0.0028639390986853943,1.0022428503138465,0.9999691313170808,0.005718243518650059,0.9980888803811886,0.0022810654264641145,-0.9999901702925047,0.9999598755997555
522.25,5,1167.8302981858608,224,0.9333333333333333,0.9999942813759477,0.0028609705740385,1.0022235256674323,0.999969446346025,0.005733852771360135,0.99784663672355,0.0022836121119914087,-0.9999901280747793,0.9999602356705026
522.25,5,1167.8302981858608,225,0.9375,0.999994242375507,0.0030392219904492638,1.0026413890582606,0.9999697899160079,0.0056675239297789455,0.9980470160736876,0.0024307098259365007,-0.9999896655220638,0.9999597939779438
522.25,5,1167.8302981858608,226,0.9416666666666667,0.9999941563466136,0.0032601336381418867,1.0030982878203547,0.9999700518571261,0.0055441349322305055,0.9987443547982136,0.002611712451162449,-0.999989147276304,0.9999579445358479
522.25,5,1167.8302981858608,227,0.9458333333333333,0.9999940469130123,0.003311865092963941,1.0031721690284734,0.9999701732550275,0.005483055598795976,0.9993115269384768,0.0026570050965756885,-0.9999889373960582,0.9999565059371953
522.25,5,1167.8302981858608,228,0.95,0.9999939631661298,0.003195813039251915,1.0028943108514419,0.9999702548963907,0.005473546833946014,0.9993450538939066,0.0025675411259522625,-0.9999891789452509,0.9999558938362918
522.25,5,1167.8302981858608,229,0.9541666666666667,0.9999938970595201,0.0031225048843989845,1.0027044390465836,0.9999703854680992,0.0054884777912122765,0.9989916758603299,0.0025124237012920415,-0.9999894465701246,0.9999568113824858
522.25,5,1167.8302981858608,230,0.9583333333333334,0.9999938280548367,0.00298414082256575,1.0023407577092942,0.9999705757276809,0.005543715610547895,0.9983835622645005,0.0024050950935184615,-0.9999897262026919,0.9999578943487258
522.25,5,1167.8302981858608,231,0.9625,0.9999937901780163,0.00293065159959248,1.0021836263016435,0.9999708359776227,0.005581847301924574,0.9980054655692229,0.0023659582312652956,-0.9999900188701778,0.9999590329324
522.25,5,1167.8302981858608,232,0.9666666666666667,0.9999937353511694,0.003335040099539599,1.0031218787402332,0.9999710827985138,0.005476754684657468,0.9985329678028515,0.002696100665799069,-0.9999886643443965,0.9999569471778018
522.25,5,1167.8302981858608,233,0.9708333333333333,0.999993608153985,0.0036158149016905007,1.0036624671120027,0.9999712268343685,0.005375619650398957,0.9995018780236349,0.002925929123881839,-0.9999879556955134,0.9999545340817647
522.25,5,1167.8302981858608,234,0.975,0.9999935002952174,0.0034393319721775866,1.0032701040484697,0.9999712678787074,0.005360728629131591,1.0001028672823709,0.00278526280627849,-0.9999882297726714,0.9999519595802009
522.25,5,1167.8302981858608,235,0.9791666666666666,0.9999934078141821,0.003338619313694352,1.003022584806278,0.9999712824451867,0.005360957315853872,0.9997887917695768,0.0027061116207822847,-0.9999885353045304,0.9999529990530822
522.25,5,1167.8302981858608,236,0.9833333333333333,0.9999933144652849,0.0032488850550349566,1.0027858718161409,0.9999713664428707,0.0053831494896613066,0.9991699817602324,0.00263608319925446,-0.9999888545668425,0.9999542333768611
522.25,5,1167.8302981858608,237,0.9875,0.9999932505176018,0.0031763263317653033,1.002587756686289,0.9999715081968966,0.0054059364123029705,0.9987904703607792,0.0025799639216729097,-0.9999891874506767,0.9999555263114001
522.25,5,1167.8302981858608,238,0.9916666666666667,0.9999931965313203,0.003298897236175954,1.0028604080645906,0.9999717004654655,0.00538859814328155,0.9987862605512253,0.00268213142120543,-0.9999885567382056,0.9999549450462318
522.25,5,1167.8302981858608,239,0.9958333333333333,0.9999931002331749,0.0035367508648092498,1.0033549150304029,0.9999718653876539,0.0053265058282370515,0.9993116751573491,0.002877492003787691,-0.999987853979996,0.999953251678855
522.25,6,1168.3302981858608,0,0.0,0.9999896276220717,0.003443391838476216,0.9982783548012275,0.9999586880688487,0.0069226932597644675,1.003643118509882,0.0025402921446557097,-0.999978476435167,0.999913758991771
522.25,6,1168.3302981858608,1,0.004166666666666667,0.999989652530251,0.003494689843025878,0.99807033137113,0.999957991938779,0.00687520046060577,1.003248895149851,0.0025682861827261995,-0.999978760198937,0.999914607654473
522.25,6,1168.3302981858608,2,0.008333333333333333,0.9999896773568249,0.003612163762631514,0.9976681488654129,0.9999573753852627,0.00678353016058066,1.0026079372854657,0.002644977122640103,-0.9999791032282006,0.9999157001240736
522.25,6,1168.3302981858608,3,0.0125,0.999989755884822,0.0036386609240355943,0.9975552285122197,0.9999568590017608,0.006758009016619962,1.0022518880970614,0.002654760683819574,-0.9999794771888068,0.9999169776037921
522.25,6,1168.3302981858608,4,0.016666666666666666,0.9999897976490565,0.0033638541054082727,0.9985090161854523,0.9999563081099461,0.006901181967558991,1.0028091503331695,0.0024446658310032262,-0.999978538309813,0.9999158652368298
522.25,6,1168.3302981858608,5,0.020833333333333332,0.9999897338350465,0.003290893724509636,0.9989386572189898,0.9999555985314758,0.0071705749198810705,1.0037529635843758,0.002381446547459722,-0.9999780631106455,0.9999144161858846
522.25,6,1168.3302981858608,6,0.025,0.999989710951885,0.003376984381782813,0.9985078040781391,0.9999547248785892,0.007373285456539944,1.0042730683267178,0.002432977161088436,-0.999978020983625,0.9999127236825154
522.25,6,1168.3302981858608,7,0.029166666666666667,0.9999897107350895,0.003437219920279639,0.9982549657286076,0.9999538164022689,0.007327128123068709,1.0038814266355163,0.0024658752053872525,-0.9999781022499882,0.9999127442462025
522.25,6,1168.3302981858608,8,0.03333333333333333,0.9999897150058759,0.003509755153517405,0.9979853955026653,0.9999530105581377,0.00722641890987762,1.00324003498634,0.002507662371648758,-0.9999782530389888,0.999913044282551
522.25,6,1168.3302981858608,9,0.0375,0.9999897717524207,0.0035615341901628662,0.9977860121380382,0.9999522960608092,0.007193342600020848,1.002846734874726,0.002534489524974489,-0.9999784554085358,0.9999135782979114
522.25,6,1168.3302981858608,10,0.041666666666666664,0.9999898416246947,0.003470676936514867,0.9980590812305977,0.9999516621285159,0.007234826842610118,1.0028342225808398,0.002459813143601149,-0.999978565436336,0.9999141673145797
522.25,6,1168.3302981858608,11,0.04583333333333333,0.9999898444214562,0.0033533934768489753,0.9985248226906702,0.9999509693889647,0.007391817884536196,1.0033548422460525,0.002366454270397696,-0.9999784626367545,0.9999143047717253
522.25,6,1168.3302981858608,12,0.05,0.999989785537513,0.0033163202937572848,0.9987489634691765,0.9999500463839808,0.007616802395304637,1.0040236728116123,0.0023296777715755158,-0.9999782048977913,0.9999140593433071
522.25,6,1168.3302981858608,13,0.05416666666666667,0.9999897503484327,0.003370628122501338,0.9985101415970905,0.9999489770628948,0.007733443321629199,1.0042001492396326,0.0023570021816621454,-0.9999780694424479,0.9999133589335177
522.25,6,1168.3302981858608,14,0.058333333333333334,0.999989765584833,0.003429361890984782,0.9982544560498997,0.9999479442642127,0.007728759394486155,1.003926472680684,0.002387345757586257,-0.9999780089572748,0.9999128730053293
522.25,6,1168.3302981858608,15,0.0625,0.999989781643323,0.003506160131640731,0.9979650034739179,0.9999470119674407,0.007652093066510842,1.003342282930828,0.0024303664079903965,-0.9999780141143453,0.9999125887211406
522.25,6,1168.3302981858608,16,0.06666666666666667,0.9999898333554968,0.0036254396131882166,0.9975628085859021,0.9999461968270107,0.007585061233966037,1.0027351043920705,0.0025027174571476923,-0.9999781360763513,0.9999127706481702
522.25,6,1168.3302981858608,17,0.07083333333333333,0.9999899172319017,0.003439054782734115,0.998133937158785,0.999945448873817,0.00766213760788524,1.0028877244489767,0.0023639169843588646,-0.9999785355081962,0.9999136634546105
522.25,6,1168.3302981858608,18,0.075,0.9999898757347208,0.003259433607507467,0.999000852114135,0.9999445373764153,0.007902219041665316,1.0037440680054555,0.0022301508772516253,-0.9999790100989648,0.9999149466529896
522.25,6,1168.3302981858608,19,0.07916666666666666,0.9999898181604632,0.0033072872983027552,0.9987708633995057,0.9999434255162882,0.008167930431245144,1.004513769110701,0.002251948899091093,-0.999978670686052,0.9999156654529703
522.25,6,1168.3302981858608,20,0.08333333333333333,0.999989817035127,0.0033873003088335948,0.9983945213282188,0.9999421646378253,0.00822856368148057,1.0044538852414016,0.002295504983619667,-0.9999784060883897,0.9999152212524232
522.25,6,1168.3302981858608,21,0.0875,0.9999898137268578,0.003444019772437251,0.9981713633943663,0.9999410006058589,0.008132593161894923,1.003786075219124,0.0023234194428544213,-0.9999782037847645,0.999914127543295
522.25,6,1168.3302981858608,22,0.09166666666666666,0.999989850756097,0.003525368600953655,0.9978673266476821,0.999939958872082,0.00807969492718536,1.003242739116802,0.0023679433923494233,-0.9999781106037168,0.9999134620565606
522.25,6,1168.3302981858608,23,0.09583333333333334,0.9999899382214115,0.003492663387516429,0.9979347969627437,0.9999390469203023,0.008093632797353513,1.0030225404776862,0.0023358533219494473,-0.9999785320958177,0.999913982920794
522.25,6,1168.3302981858608,24,0.1,0.9999899824505085,0.003369770282364284,0.9983656004601915,0.9999381629928552,0.00819827039368265,1.0032840960869263,0.002243634555524864,-0.9999791816263723,0.999915316943114
522.25,6,1168.3302981858608,25,0.10416666666666667,0.9999899430643536,0.003294840752803261,0.9987366400921814,0.9999370654970654,0.008410716919987517,1.0039590690076297,0.0021834535327634164,-0.9999795261281943,0.9999174930365003
522.25,6,1168.3302981858608,26,0.10833333333333334,0.9999898883378597,0.0033183264250169703,0.9986595283741236,0.999935701720274,0.00858267454084324,1.0043371253858584,0.002188541128640442,-0.9999793803555994,0.9999182162654322
522.25,6,1168.3302981858608,27,0.1125,0.9999898964893558,0.0033866283500030756,0.9983486361757493,0.9999343050923734,0.008629083515537615,1.0041960967422427,0.0022231468855642383,-0.9999789977820099,0.9999179645776043
522.25,6,1168.3302981858608,28,0.11666666666666667,0.9999899277266896,0.003440351703955998,0.9981235896712232,0.9999330324978949,0.008588514800238397,1.0036934224229912,0.0022483141946363903,-0.9999787106759228,0.9999165583839854
522.25,6,1168.3302981858608,29,0.12083333333333333,0.9999899674770404,0.0035694564052305856,0.9976752488653815,0.9999318997763892,0.008516926750310924,1.0029837499533283,0.0023228583859867167,-0.9999785033188242,0.9999154616248694
522.25,6,1168.3302981858608,30,0.125,0.9999900788407391,0.003536012579474754,0.9977300236461697,0.9999309385046535,0.008526632885111152,1.0027026214697667,0.00229148455535728,-0.9999787254573708,0.9999153355762256
522.25,6,1168.3302981858608,31,0.12916666666666668,0.9999901129410093,0.0032709602574427362,0.9987263467259637,0.9999298898017439,0.008694707436044663,1.003318543872126,0.0021103369006064965,-0.9999806054514658,0.9999187640528323
522.25,6,1168.3302981858608,32,0.13333333333333333,0.9999900453315494,0.0032440700156858206,0.9989334911022499,0.9999286045688767,0.008950497999614091,1.0041840537011508,0.002083176942830953,-0.9999807890781156,0.9999217388921027
522.25,6,1168.3302981858608,33,0.1375,0.9999900459899369,0.0033344572618487205,0.9984749871643704,0.9999270782431556,0.009108107929033915,1.0044903840566,0.00213118084519815,-0.9999802709289752,0.9999235330337402
522.25,6,1168.3302981858608,34,0.14166666666666666,0.9999900631478714,0.003390191427264533,0.9982371502121485,0.9999255697955042,0.009061329674161416,1.0039263898683368,0.0021572301481477176,-0.9999798311627841,0.999921564691674
522.25,6,1168.3302981858608,35,0.14583333333333334,0.9999900972997219,0.00347046570583656,0.9979326197631337,0.9999242473410452,0.008999419180861492,1.0032416935581028,0.0021990889408769324,-0.9999794650487365,0.999919877663097
522.25,6,1168.3302981858608,36,0.15,0.9999902015241514,0.003500153577021007,0.9977876694483777,0.9999231032750293,0.008993901987663743,1.002830256078961,0.00220895990882555,-0.9999794503604565,0.999918985323571
522.25,6,1168.3302981858608,37,0.15416666666666667,0.9999903060976804,0.0033887829914487993,0.9981097170305273,0.999922098380169,0.009048782107693347,1.002825032702394,0.002130051683976686,-0.9999805387150178,0.9999204718387933
522.25,6,1168.3302981858608,38,0.15833333333333333,0.999990323928618,0.00327502654043934,0.9985520919968431,0.9999209788065512,0.00919798960907362,1.0033469314980323,0.002049884598878694,-0.9999813969569596,0.9999236355630499
522.25,6,1168.3302981858608,39,0.1625,0.9999902829974588,0.003253807005805945,0.9986815772120369,0.9999195077346174,0.009380824640078823,1.0038826326407204,0.0020278231978113417,-0.999981849902378,0.9999265713098819
522.25,6,1168.3302981858608,40,0.16666666666666666,0.9999902906255432,0.003317942697607758,0.9983892296350207,0.9999178853104064,0.00946871926418263,1.0038915250211575,0.0020590602612484544,-0.999981308328471,0.999927084673178
522.25,6,1168.3302981858608,41,0.17083333333333334,0.9999903538766434,0.003372514258790955,0.9981428301114994,0.9999163880231097,0.009467558339658325,1.0034768277571202,0.0020845430573664782,-0.9999808315155523,0.999925715140348
522.25,6,1168.3302981858608,42,0.175,0.9999904160270768,0.003468046322728712,0.9977918304793805,0.9999150879957985,0.009420186530874399,1.0027708689511254,0.00213566681678737,-0.9999803988895205,0.9999238007222612
522.25,6,1168.3302981858608,43,0.17916666666666667,0.9999905389073592,0.0035626675125869298,0.997460967438181,0.9999140294259385,0.009395799129776334,1.0021520426933646,0.0021863334478680503,-0.9999800355581028,0.9999221503538993
522.25,6,1168.3302981858608,44,0.18333333333333332,0.9999906734729626,0.0033079887011715275,0.9982036834657444,0.9999130658140977,0.009474453724139425,1.002382472336721,0.0020227953735094803,-0.9999819481913014,0.9999252065204556
522.25,6,1168.3302981858608,45,0.1875,0.9999906550939942,0.003153871653167455,0.9989033266820783,0.9999118641417223,0.009655018031829433,1.0031938146979034,0.001921241084578997,-0.9999835570592617,0.9999294318763182
522.25,6,1168.3302981858608,46,0.19166666666666668,0.9999906577739237,0.0032248032038186894,0.998546999934476,0.999910386394143,0.009835160010389945,1.0037800421498178,0.0019568353806523144,-0.9999829636305736,0.999933226839359
522.25,6,1168.3302981858608,47,0.19583333333333333,0.9999907175970691,0.0032996048377183095,0.9982099533011426,0.9999087749591947,0.009860533055699191,1.0034717446245274,0.0019949841096134984,-0.9999824250457905,0.9999322655909606
522.25,6,1168.3302981858608,48,0.2,0.9999907766545049,0.003363413567302785,0.997957960492239,0.9999074004513162,0.0098096558808677,1.0026981266635302,0.002026886459088992,-0.9999819213004713,0.9999301140541781
522.25,6,1168.3302981858608,49,0.20416666666666666,0.9999908967059198,0.0034382260601033246,0.9976711349034812,0.999906272921659,0.009795364175979301,1.002110442726526,0.002065687849828518,-0.9999814711892852,0.9999281641185385
522.25,6,1168.3302981858608,50,0.20833333333333334,0.9999910639378083,0.0033653785218402486,0.9978161874025292,0.9999053999806742,0.009815300009197963,1.0018673576488255,0.0020160526795921217,-0.9999823462467626,0.9999289715558201
522.25,6,1168.3302981858608,51,0.2125,0.9999911666398491,0.003217341765324428,0.9982591375323623,0.9999045782807898,0.00988387306802185,1.002132739770243,0.001921672515815729,-0.9999834416230481,0.9999313221243314
522.25,6,1168.3302981858608,52,0.21666666666666667,0.9999911807173933,0.003137882846350127,0.9985678230796146,0.9999034370595662,0.01001203843279962,1.0027160015642547,0.0018684661008268738,-0.9999843744481197,0.9999355129363018
522.25,6,1168.3302981858608,53,0.22083333333333333,0.9999912013120423,0.0031739703586598743,0.99840414452142,0.9999019955342098,0.010109538284154656,1.002902038083055,0.0018843070901111694,-0.9999840819262433,0.9999368632157083
522.25,6,1168.3302981858608,54,0.225,0.9999912969456695,0.003241648539313852,0.9981016728748023,0.9999006269603329,0.010135501389441614,1.0025939923345795,0.0019191762719942683,-0.9999835503864393,0.9999366837101096
522.25,6,1168.3302981858608,55,0.22916666666666666,0.999991407735495,0.003301751150208138,0.9978532053244271,0.9998995248642488,0.010117686738818963,1.0019474746793071,0.0019500232785053906,-0.9999830588607819,0.999934609519123
522.25,6,1168.3302981858608,56,0.23333333333333334,0.9999915405032107,0.00344535941448304,0.9973914956506321,0.99989870915606,0.010097370446831705,1.0011548880487975,0.0020306540876255694,-0.9999826242924921,0.9999327499061167
522.25,6,1168.3302981858608,57,0.2375,0.9999917460718132,0.003320138740394752,0.9976492922380943,0.9998981910582615,0.010111762219844347,1.000937282922071,0.0019530030496642755,-0.9999832905634933,0.9999331366416768
522.25,6,1168.3302981858608,58,0.24166666666666667,0.9999918336194051,0.0030167222132211798,0.9986340097692874,0.9998975452425438,0.01018175045292973,1.0015590396895995,0.0017707652174843934,-0.9999858124801493,0.9999374792497426
522.25,6,1168.3302981858608,59,0.24583333333333332,0.9999918491572544,0.0030138599218010164,0.9986352694638404,0.9998966267821885,0.01029530786272642,1.0022919117367977,0.001765117257923362,-0.99998567569144,0.9999413988926372
522.25,6,1168.3302981858608,60,0.25,0.9999919451146894,0.003113490714513443,0.9981911382785408,0.9998954538853723,0.010357553615240487,1.0023407233448893,0.0018197045752397253,-0.9999851496925701,0.9999430065961912
522.25,6,1168.3302981858608,61,0.25416666666666665,0.9999920471313657,0.003166163268808349,0.9979665157369263,0.9998944581241421,0.010335841319650143,1.001606204286381,0.001847400254917402,-0.9999846527006699,0.9999409432808264
522.25,6,1168.3302981858608,62,0.25833333333333336,0.9999921783026562,0.0032540964882408732,0.9976501180138818,0.9998937962329042,0.010323830848175918,1.0008695804017997,0.0018961851386670426,-0.9999842037037592,0.9999390599588263
522.25,6,1168.3302981858608,63,0.2625,0.9999923794865093,0.003245462542425517,0.9975893887540699,0.9998934641478845,0.010326117611034276,1.0004310515791084,0.0018890823059004576,-0.9999843527898307,0.9999384052661875
522.25,6,1168.3302981858608,64,0.26666666666666666,0.999992559131728,0.0030840651547944216,0.9979670711276583,0.9998933548896484,0.010331403614768279,1.0004309064704189,0.0017933034229151664,-0.9999854032313504,0.9999396446383424
522.25,6,1168.3302981858608,65,0.2708333333333333,0.9999926463327719,0.002941514049667229,0.9983895608069655,0.9998930836688344,0.010360911393627034,1.0009301635917973,0.0017085194332167601,-0.9999863066069474,0.999943246638496
522.25,6,1168.3302981858608,66,0.275,0.9999926917883882,0.0029216338379775687,0.9984342281227977,0.9998924137822954,0.010413402962780075,1.0013068669286262,0.001695153903272355,-0.999986625812454,0.9999457911242264
522.25,6,1168.3302981858608,67,0.2791666666666667,0.9999927977960832,0.0029939892706955166,0.9981246442163786,0.9998916889053779,0.010438901152147807,1.001149254202279,0.0017356437209721637,-0.9999861485817828,0.9999465702726466
522.25,6,1168.3302981858608,68,0.2833333333333333,0.9999929454294582,0.0030429475122517604,0.9979022136135222,0.9998912384672974,0.010437523312966854,1.000600813168341,0.0017630976782561205,-0.9999857119236595,0.9999449837692745
522.25,6,1168.3302981858608,69,0.2875,0.9999930895666065,0.003164640302196358,0.9975112976675086,0.9998911102497284,0.010436040894455583,0.9997941008847393,0.0018333928226025025,-0.9999852964901381,0.9999432525105874
522.25,6,1168.3302981858608,70,0.2916666666666667,0.9999932998535658,0.0032099415864021703,0.9973189724762698,0.9998913616555511,0.01043793327240517,0.9992101974567108,0.0018599184931792092,-0.999984907000252,0.9999416175993838
522.25,6,1168.3302981858608,71,0.29583333333333334,0.9999934833803459,0.002847100823849358,0.9982186829886733,0.9998917037454396,0.010411860696325525,0.9995297902940142,0.001649819080967031,-0.9999869654615542,0.9999449951034153
522.25,6,1168.3302981858608,72,0.3,0.9999935324053197,0.0026958423166789534,0.9987359068983502,0.9998917853871238,0.01040473509739876,1.000296369146988,0.0015620816099822356,-0.999987925500203,0.9999484813784112
522.25,6,1168.3302981858608,73,0.30416666666666664,0.9999936269780813,0.0027909228530906566,0.9983184186236405,0.9998915804977836,0.010424272292048469,1.0007016408185336,0.0016171588887406278,-0.9999874834732868,0.9999517266705112
522.25,6,1168.3302981858608,74,0.30833333333333335,0.9999937554371292,0.002857080200574656,0.9980431626830042,0.9998913595562893,0.01042397087263301,1.0001935494869942,0.0016560869052734825,-0.999987076119142,0.9999502697948331
522.25,6,1168.3302981858608,75,0.3125,0.9999938842003424,0.002928857706653769,0.9977832589849278,0.9998914997841745,0.010425695991411956,0.9993757875626917,0.0016989580226100477,-0.999986685690299,0.9999486569155743
522.25,6,1168.3302981858608,76,0.31666666666666665,0.9999940694903648,0.002985473525398794,0.9975606174990672,0.9998919736821336,0.010428407986726403,0.9987961886728788,0.0017335938048208457,-0.9999863143870059,0.9999471147031257
522.25,6,1168.3302981858608,77,0.32083333333333336,0.9999942753431493,0.0028520071727200337,0.9978072735204289,0.9998927577066049,0.010403607761534516,0.998591830694096,0.0016580628468214874,-0.9999871280338083,0.9999480069587855
522.25,6,1168.3302981858608,78,0.325,0.9999944111418652,0.0026598882919890974,0.9982774448536786,0.999893559748243,0.010345397087530874,0.9989170261219341,0.0015481482886853656,-0.9999879064637408,0.9999500015356348
522.25,6,1168.3302981858608,79,0.32916666666666666,0.999994478102129,0.002567892518405412,0.9985367076363344,0.9998939883718021,0.010303691282716512,0.9994443806390781,0.0014962520643753,-0.9999886204689563,0.9999530392607243
522.25,6,1168.3302981858608,80,0.3333333333333333,0.9999945647295455,0.0026150024371582176,0.9983263042515585,0.9998941830295255,0.010292733152189735,0.9995033370293452,0.001525602341858248,-0.99998825853228,0.9999537126425441
522.25,6,1168.3302981858608,81,0.3375,0.999994705165257,0.002676377366599458,0.9980689035124272,0.9998945435603745,0.010288664392511592,0.9991057295497711,0.0015637908695692749,-0.9999879036750442,0.9999533387824201
522.25,6,1168.3302981858608,82,0.3416666666666667,0.9999948449508153,0.0027486070716287066,0.9978115950902943,0.9998952141955907,0.010298948966450793,0.9983996071344736,0.0016090410463610602,-0.9999875636230757,0.999951934544383
522.25,6,1168.3302981858608,83,0.3458333333333333,0.9999950087483798,0.0028948262065594415,0.9974000058862842,0.9998962046586669,0.010324553174111312,0.9976357950393971,0.0016984591031014191,-0.9999872591353032,0.9999506654061439
522.25,6,1168.3302981858608,84,0.35,0.9999952095081166,0.002647021510545625,0.9978968664045954,0.9998974514050498,0.010270035064703885,0.997584108224368,0.0015566210253284637,-0.9999880072111081,0.9999515250358992
522.25,6,1168.3302981858608,85,0.3541666666666667,0.9999952976266393,0.0023206379839144134,0.9988319304912116,0.9998985076171244,0.010147364581936397,0.9982828853562673,0.0013675858769797039,-0.999989573697254,0.9999542801415268
522.25,6,1168.3302981858608,86,0.35833333333333334,0.9999953591021506,0.0023475235797599204,0.9986817988758373,0.9998992873459617,0.010062661183119404,0.9989569437311931,0.0013862325720388478,-0.9999892462069409,0.9999567858490662
522.25,6,1168.3302981858608,87,0.3625,0.9999954729331143,0.002443739803303016,0.9983015583318682,0.9998998584680826,0.010040368448793236,0.9988452159458804,0.001446302950386128,-0.9999889316438748,0.9999572456393419
522.25,6,1168.3302981858608,88,0.36666666666666664,0.9999955814274646,0.002494238274485607,0.9981030320747026,0.9999006606885965,0.010059537173507273,0.9980756328542053,0.0014800753015183888,-0.999988629732514,0.9999560018839875
522.25,6,1168.3302981858608,89,0.37083333333333335,0.9999957151703202,0.00258300486012639,0.9978173913552729,0.9999017555471587,0.010080499512232494,0.9974063101936999,0.0015372428053166663,-0.9999883567725469,0.9999548684800508
522.25,6,1168.3302981858608,90,0.375,0.999995888062952,0.00252443835837918,0.9978758230277888,0.9999031317828857,0.010059576285609382,0.9970624553763068,0.0015070581207814325,-0.9999885767851902,0.9999547425496637
522.25,6,1168.3302981858608,91,0.37916666666666665,0.9999960275055173,0.0023197651715532804,0.9983228233819496,0.9999046338820756,0.009965843521504992,0.9971924333212083,0.0013891735464581054,-0.9999891712394269,0.999955523673626
522.25,6,1168.3302981858608,92,0.38333333333333336,0.9999960997527406,0.00216770818410467,0.9987369034790724,0.9999058928085289,0.009828818084232319,0.9977670041504457,0.001301977066084585,-0.9999897000407998,0.9999577457388907
522.25,6,1168.3302981858608,93,0.3875,0.999996153384718,0.002160018864065242,0.9987209203489996,0.9999067938657313,0.009748125409826674,0.9980939471724756,0.0013012459346811204,-0.9999897680681886,0.9999589483212251
522.25,6,1168.3302981858608,94,0.39166666666666666,0.9999962493636129,0.00223045010662928,0.9984364379461094,0.9999076814680418,0.009722455890826572,0.9979008617208822,0.0013479448362882069,-0.9999895060117852,0.9999593056406881
522.25,6,1168.3302981858608,95,0.3958333333333333,0.9999963605032907,0.002275016907939413,0.9982487017355677,0.9999087922825484,0.009732771452278743,0.9973504222958609,0.001379642059281177,-0.9999892681719512,0.9999583183590514
522.25,6,1168.3302981858608,96,0.4,0.999996468491248,0.0024187618558297844,0.997848756089689,0.9999101329690366,0.009783320225148297,0.996586226909453,0.0014723986439237181,-0.9999890461257267,0.9999573911969468
522.25,6,1168.3302981858608,97,0.4041666666666667,0.9999966186531584,0.0023837429248167907,0.9978571206192047,0.9999117355150366,0.009774200438877379,0.9961938133646657,0.0014568012339523,-0.9999889820082003,0.9999568015510758
522.25,6,1168.3302981858608,98,0.4083333333333333,0.9999967245848493,0.0019774115288429027,0.9988739192628534,0.9999132882779304,0.009598822391708067,0.9967111329482328,0.0012130228815948323,-0.999990132369374,0.9999587132940917
522.25,6,1168.3302981858608,99,0.4125,0.9999967562337169,0.001885932370288935,0.9992091419648048,0.9999145763396687,0.009405338726713149,0.9975384845102555,0.0011610118693745042,-0.9999904206477795,0.999960496397219
522.25,6,1168.3302981858608,100,0.4166666666666667,0.9999968250296087,0.0019770730892828534,0.998789246543876,0.9999155939198151,0.00931023046754861,0.9978694309060092,0.0012214646063510605,-0.9999901977769656,0.9999618760060746
522.25,6,1168.3302981858608,101,0.42083333333333334,0.9999969027119676,0.0020269539221423106,0.9985788587796517,0.9999166226904672,0.009326810004801001,0.9973157150339711,0.0012571333691122994,-0.9999899957106698,0.999961034907216
522.25,6,1168.3302981858608,102,0.425,0.9999969822955121,0.0021029937959311205,0.9983251676592295,0.999917885609154,0.009376746135134596,0.9965971426219773,0.0013097108491494382,-0.9999898088729859,0.9999602523028028
522.25,6,1168.3302981858608,103,0.42916666666666664,0.9999970956636632,0.0021293912254974983,0.998196094393395,0.9999193501017891,0.009384795266262447,0.9961538124149361,0.001331885374377441,-0.9999897123315388,0.9999596713634347
522.25,6,1168.3302981858608,104,0.43333333333333335,0.9999972082172551,0.00196369282902069,0.9985420842205248,0.9999209682076805,0.009306297440418963,0.9961150024483204,0.0012335804358960345,-0.9999901026154663,0.9999601061185877
522.25,6,1168.3302981858608,105,0.4375,0.9999972718637486,0.0017873279700192594,0.9990346438352545,0.9999224878704814,0.00912592434067326,0.9966084593164621,0.0011274742788149642,-0.9999904593335522,0.9999611874343557
522.25,6,1168.3302981858608,106,0.44166666666666665,0.9999972991489229,0.0017288453402420076,0.9992412675872835,0.9999236625600626,0.00896357514288625,0.9971725532785617,0.001094998696217175,-0.9999907150940396,0.9999624175149131
522.25,6,1168.3302981858608,107,0.44583333333333336,0.9999973449415802,0.0017739577838069207,0.9990086557258531,0.9999246697944972,0.008898893691177879,0.9972252216840621,0.001128192043621346,-0.9999905479032138,0.9999627245606016
522.25,6,1168.3302981858608,108,0.45,0.9999974163702258,0.0018171516384903798,0.998802041697912,0.9999257790397847,0.008898359077924587,0.99685528115719,0.0011606294983116177,-0.9999903957552063,0.9999624153410964
522.25,6,1168.3302981858608,109,0.45416666666666666,0.9999974825062299,0.001899230341580576,0.998524887266426,0.9999270543237077,0.00895495063730851,0.9962003911901044,0.001218595114001271,-0.9999902550679773,0.9999618176966404
522.25,6,1168.3302981858608,110,0.4583333333333333,0.9999975683345966,0.0020116382599473953,0.9982043777468923,0.9999285089493243,0.009013691378451321,0.9955924219164517,0.0012968804380125408,-0.9999901340474463,0.9999612966956497
522.25,6,1168.3302981858608,111,0.4625,0.9999976616916958,0.0017084148071210962,0.9989231995584859,0.9999300401638668,0.00887756353112161,0.9958012315446158,0.0011064993779523308,-0.999990564928689,0.9999619102413803
522.25,6,1168.3302981858608,112,0.4666666666666667,0.9999976841061659,0.0015322832783049058,0.9997470565587908,0.9999313612495895,0.0086187889831259,0.9966455236458387,0.0009967373811523687,-0.9999910687641976,0.9999629985441829
522.25,6,1168.3302981858608,113,0.4708333333333333,0.9999977067166521,0.0015574821704095367,0.9994854137226447,0.9999324428578248,0.008434307011213286,0.9973275187224867,0.0010173557006347813,-0.9999909348574173,0.9999639780675192
522.25,6,1168.3302981858608,114,0.475,0.9999977531557218,0.0016083606436040302,0.9991757423587236,0.9999333788091882,0.008408578548070113,0.9971463571216841,0.0010551447932987989,-0.9999908161019649,0.9999639201751606
522.25,6,1168.3302981858608,115,0.4791666666666667,0.9999977945863784,0.0016496454912464118,0.9989847224723954,0.999934455628285,0.008478108012423657,0.9964470032474204,0.001087194615795944,-0.9999907082811785,0.9999634551897235
522.25,6,1168.3302981858608,116,0.48333333333333334,0.9999978544906326,0.001714891824647493,0.9987395679620672,0.9999356764913271,0.008525302319752969,0.9959198585560884,0.0011355651041035516,-0.9999906180076782,0.9999630590253066
522.25,6,1168.3302981858608,117,0.4875,0.999997931353926,0.0016331357106959008,0.9989065345492336,0.9999370331722294,0.008490173431206565,0.9957390077767893,0.0010866026737943475,-0.9999907400301964,0.999963118010023
522.25,6,1168.3302981858608,118,0.49166666666666664,0.999997981961971,0.0014829548739238789,0.9993983214262613,0.99993839375595,0.008330697395414468,0.9960594163164687,0.0009912487329874643,-0.9999909322997839,0.9999634594400625
522.25,6,1168.3302981858608,119,0.49583333333333335,0.999997995144904,0.0014242878619727792,0.9997821207064634,0.9999395185795177,0.00811261526772054,0.9967393049080218,0.0009562148345156404,-0.999991097553909,0.9999641571046886
522.25,6,1168.3302981858608,120,0.5,0.9999980048043831,0.0014281543760484312,0.9997019525088018,0.9999404015395352,0.007995211019712768,0.99706316060872,0.0009629626907253486,-0.9999910787254218,0.999964433976039
522.25,6,1168.3302981858608,121,0.5041666666666667,0.9999980392794958,0.0014541813633562133,0.9994453147198458,0.9999412776776501,0.007973476080522434,0.9968889856134645,0.0009848437590358038,-0.9999910025684879,0.9999644643657442
522.25,6,1168.3302981858608,122,0.5083333333333333,0.9999980775514343,0.0014813460821779226,0.9992627920626653,0.9999422694916329,0.00801905251416857,0.9963802438343347,0.001007862380567494,-0.9999909424505778,0.9999641897137267
522.25,6,1168.3302981858608,123,0.5125,0.9999981176266626,0.0015924951683394825,0.9988572645008976,0.9999433750715245,0.008116420185914665,0.9957076242557709,0.0010887175103086095,-0.9999908990232893,0.9999639811007006
522.25,6,1168.3302981858608,124,0.5166666666666667,0.9999981812541521,0.0014980768919417972,0.9990779401816852,0.9999446015959601,0.008083137404955967,0.9955513734266197,0.0010290733260292818,-0.9999909376053145,0.9999639579783444
522.25,6,1168.3302981858608,125,0.5208333333333334,0.9999982068518926,0.001342220177549162,1.0001296765425183,0.9999457234769855,0.007828354270159543,0.9962634628534905,0.0009261405340664841,-0.9999911785909937,0.9999643728122575
522.25,6,1168.3302981858608,126,0.525,0.999998200189187,0.0013551952326852437,1.0002711211356217,0.9999466496550738,0.007578153427603779,0.9971480996668631,0.0009389975147728226,-0.9999911901189035,0.9999647012695794
522.25,6,1168.3302981858608,127,0.5291666666666667,0.9999982180226498,0.0013381834587058512,0.9998676634943536,0.9999473896138705,0.007482248316219014,0.9974057409553042,0.0009310617298361779,-0.9999911445268769,0.9999648708634106
522.25,6,1168.3302981858608,128,0.5333333333333333,0.9999982366340969,0.001345903077855137,0.9996899214050252,0.9999481547216094,0.007539076292362953,0.9968450277443524,0.0009405230993023714,-0.9999911139032526,0.9999647144492858
522.25,6,1168.3302981858608,129,0.5375,0.9999982601785673,0.0013791550106821745,0.9994305177401355,0.9999490384789297,0.007619360545597535,0.9962405112684056,0.0009681266968297489,-0.999991100362617,0.9999646260534557
522.25,6,1168.3302981858608,130,0.5416666666666666,0.9999983043132018,0.0013723308872343285,0.9993876426899917,0.9999500262734451,0.007633969332131671,0.9959329442267612,0.0009677505611558949,-0.9999911033530086,0.9999645923297018
522.25,6,1168.3302981858608,131,0.5458333333333333,0.9999983420802345,0.0012954256474548666,0.9997989835116858,0.9999510706274282,0.007532642731257811,0.9960551398447283,0.0009176044731140716,-0.999991133615014,0.9999646425144639
522.25,6,1168.3302981858608,132,0.55,0.9999983490417312,0.0013004102018276365,1.0002832661425611,0.9999520005750479,0.007313950173637757,0.9966904528899837,0.0009249961073572544,-0.9999911386263773,0.9999646745336813
522.25,6,1168.3302981858608,133,0.5541666666666667,0.9999983385756548,0.0013218593556607657,1.0004145444863735,0.9999526974622857,0.007145879657823702,0.9972610408832695,0.0009440229447304627,-0.999991137738014,0.9999646816428315
522.25,6,1168.3302981858608,134,0.5583333333333333,0.9999983437137422,0.0012919696417481984,1.000160632444229,0.9999533065509787,0.007095491135616575,0.9973007890605781,0.0009263740775693038,-0.9999911361340142,0.9999646461151498
522.25,6,1168.3302981858608,135,0.5625,0.9999983616793698,0.0012800381687047113,0.999981180849707,0.9999539798085955,0.007120597912441221,0.9969443000986935,0.0009216030449694666,-0.9999911523580204,0.999964677734715
522.25,6,1168.3302981858608,136,0.5666666666666667,0.9999983762814798,0.0012967089792384492,0.999660246743259,0.9999547400204795,0.00721416967146219,0.996323134079447,0.0009376356699859783,-0.999991179350951,0.9999647518313313
522.25,6,1168.3302981858608,137,0.5708333333333333,0.9999984081207521,0.0013199234514830564,0.9994518457631422,0.9999556036932375,0.007278222579601267,0.9958669083449809,0.000958614300037588,-0.9999912200839176,0.9999648812130355
522.25,6,1168.3302981858608,138,0.575,0.9999984356727423,0.001273581684905527,1.0003397138200545,0.9999564691343589,0.0071006587421975865,0.9962950537130882,0.0009287740294888721,-0.9999910805653863,0.9999646870048926
522.25,6,1168.3302981858608,139,0.5791666666666667,0.9999984186018219,0.0014403619966656905,1.0009937159280824,0.9999571820036424,0.006831092636208399,0.997230394329113,0.0010543527287082196,-0.9999909823504233,0.9999643987163682
522.25,6,1168.3302981858608,140,0.5833333333333334,0.9999984107433907,0.0013410141194910912,1.0006468351639572,0.9999577335327019,0.006674328220218311,0.9978667269335729,0.0009851260975148855,-0.9999910095461694,0.9999640408436874
522.25,6,1168.3302981858608,141,0.5875,0.9999984142506371,0.0012893834715794398,1.0003918943321461,0.9999582167733168,0.006684260052685001,0.9975961393447789,0.0009506970930194225,-0.9999910557201288,0.9999641373152546
522.25,6,1168.3302981858608,142,0.5916666666666667,0.9999984157076255,0.0012653793614379768,1.000183824297537,0.9999587917703093,0.00677286134606686,0.9969506021012529,0.000936604461681039,-0.9999911127594986,0.9999643315113858
522.25,6,1168.3302981858608,143,0.5958333333333333,0.9999984327014159,0.0012520082545681604,0.9999787359161106,0.9999594481071166,0.006826775292969264,0.996526608337785,0.0009303598450179868,-0.9999911828287661,0.9999645784863592
522.25,6,1168.3302981858608,144,0.6,0.999998457802067,0.0012525269772343912,1.0002307903057872,0.9999601787792662,0.006788204556734407,0.9964682343795889,0.0009343595795365906,-0.9999910695666678,0.9999644971373096
522.25,6,1168.3302981858608,145,0.6041666666666666,0.9999984617049708,0.0013456206078148428,1.000738378519119,0.999960882499331,0.006621190913250113,0.9969313251968268,0.001007452091884414,-0.9999909205924638,0.999964168575926
522.25,6,1168.3302981858608,146,0.6083333333333333,0.9999984416719822,0.001458220087376473,1.0010664753684333,0.9999614132730634,0.006430906602044804,0.9976490702302256,0.0010954138998083697,-0.9999907508310864,0.9999635282559102
522.25,6,1168.3302981858608,147,0.6125,0.9999984244002509,0.0014134543271948864,1.0009193937646848,0.9999618071037027,0.006351897513159472,0.997926680382532,0.001065249204133279,-0.9999908077320219,0.9999632768307043
522.25,6,1168.3302981858608,148,0.6166666666666667,0.9999984243198073,0.001345457638613124,1.0006851820440819,0.9999622135103884,0.00635306444667729,0.9977331938490509,0.0010173609951044914,-0.9999908954952745,0.9999633086566978
522.25,6,1168.3302981858608,149,0.6208333333333333,0.9999984245745561,0.001299905290185107,1.0004782952971059,0.9999626932393499,0.006416748677087446,0.9972224764386101,0.00098631517247207,-0.9999909957980034,0.999963676162648
522.25,6,1168.3302981858608,150,0.625,0.9999984303559366,0.001254163435959827,1.0000810201418344,0.9999632474107956,0.0065197437620383375,0.9966131950042528,0.0009550432739528019,-0.9999911161674814,0.999964125475654
522.25,6,1168.3302981858608,151,0.6291666666666667,0.9999984509956192,0.0012959138136676017,1.0005107936028128,0.9999638650746662,0.006461175263150494,0.9966553552442852,0.0009902476077081493,-0.9999909266136708,0.9999639758093782
522.25,6,1168.3302981858608,152,0.6333333333333333,0.9999984361934195,0.0016490622940185488,1.001521421158254,0.999964389487307,0.006226107318283921,0.9974915701058482,0.0012639857556920482,-0.9999903293422909,0.9999630534519042
522.25,6,1168.3302981858608,153,0.6375,0.9999984066786841,0.0016383395611687275,1.0014781410910096,0.999964784585162,0.0060459449229798,0.998365437732095,0.0012592306710640035,-0.9999904025701761,0.9999620071393137
522.25,6,1168.3302981858608,154,0.6416666666666667,0.9999983954626452,0.001488002474030196,1.0011047975916443,0.9999650675560661,0.006005215676101963,0.9984976590421111,0.001146828465345298,-0.9999905218934341,0.9999616593226663
522.25,6,1168.3302981858608,155,0.6458333333333334,0.9999983827331126,0.0014328932421753273,1.0009341565883234,0.999965391302126,0.006065961131069807,0.9979106474303494,0.0011075850458403243,-0.999990653463773,0.99996215057843
522.25,6,1168.3302981858608,156,0.65,0.9999983773535819,0.0013588582053727645,1.000669327194086,0.9999657902111386,0.006136027040259888,0.9973800180380563,0.0010535410735966547,-0.9999908070573658,0.99996273206533
522.25,6,1168.3302981858608,157,0.6541666666666667,0.9999983876303493,0.0013651035437316755,1.0007089662206683,0.9999662601744201,0.006146140707162689,0.9971631268590121,0.001061579183857444,-0.9999907415015064,0.9999628957765744
522.25,6,1168.3302981858608,158,0.6583333333333333,0.9999983882792494,0.0015122612454337794,1.001162755329022,0.9999667552117067,0.006051882266488596,0.9974031420852604,0.001179356771380265,-0.9999904334019789,0.9999626033782363
522.25,6,1168.3302981858608,159,0.6625,0.9999983635724834,0.0017159663336240734,1.0016187861839654,0.9999671515388668,0.005884473342538403,0.9981157094044274,0.0013415846153952385,-0.9999900815913744,0.9999612701359744
522.25,6,1168.3302981858608,160,0.6666666666666666,0.9999983287260664,0.0017481970511159183,1.0016656710689864,0.9999673945570487,0.0057910984280209,0.9986360799725418,0.0013699701361385341,-0.9999899838003642,0.9999603778426588
522.25,6,1168.3302981858608,161,0.6708333333333333,0.9999983091313659,0.0016339244732400118,1.001400152629601,0.9999676001949179,0.005774455414123201,0.9986264903505329,0.0012833877749808893,-0.9999901476759617,0.9999599685966996
522.25,6,1168.3302981858608,162,0.675,0.9999982972822807,0.0015679139576326802,1.0012300957884026,0.9999678601267397,0.0058038760776370464,0.9982436159731404,0.0012345150162175274,-0.9999903359961047,0.9999606870536809
522.25,6,1168.3302981858608,163,0.6791666666666667,0.9999982836869902,0.0014450145843897186,1.0008626419961344,0.9999681816869407,0.005886353533316336,0.9976233574898493,0.0011406874812425944,-0.9999905355418667,0.9999614524958594
522.25,6,1168.3302981858608,164,0.6833333333333333,0.9999982877862578,0.0014252985006607366,1.000799397197845,0.9999685793002587,0.0059221893497762145,0.9973011485834071,0.001128020764917999,-0.9999907147538266,0.9999622001137767
522.25,6,1168.3302981858608,165,0.6875,0.999998278640029,0.0018274887488952838,1.001800708058705,0.9999689544314937,0.005768350257410073,0.9978911277971669,0.0014495701615252596,-0.9999896715651487,0.9999605665946185
522.25,6,1168.3302981858608,166,0.6916666666666667,0.9999982338989502,0.002074570756610096,1.0022554278604747,0.999969219554065,0.005606751929152749,0.998855891447167,0.0016486178364742998,-0.9999892721379412,0.9999588240630181
522.25,6,1168.3302981858608,167,0.6958333333333333,0.9999982028307242,0.0018768627218896578,1.0018593863278937,0.999969371527129,0.005551263366560883,0.9993869052408355,0.0014940245881582483,-0.9999894694725625,0.999957095810196
522.25,6,1168.3302981858608,168,0.7,0.9999981776887921,0.0017819280827067233,1.0016463220762313,0.9999695008542157,0.005566799108536417,0.9990104175599558,0.0014210473908666636,-0.9999896928231848,0.9999579505459034
522.25,6,1168.3302981858608,169,0.7041666666666667,0.9999981525383345,0.0016869942158361496,1.0014141447384846,0.9999697024454784,0.0056197880559321735,0.9983984715612776,0.0013479787866456352,-0.9999899294489827,0.9999588610997171
522.25,6,1168.3302981858608,170,0.7083333333333334,0.9999981436377856,0.001628029524157725,1.0012610483305822,0.9999699663033145,0.005652654473342755,0.998042904286718,0.0013034600233802437,-0.999990130623056,0.9999597253517886
522.25,6,1168.3302981858608,171,0.7125,0.9999981378715422,0.0017648790618606971,1.0015840819957615,0.9999702815566687,0.00561913691271154,0.9980750368380441,0.0014156968118837464,-0.9999896409585102,0.9999592553376448
522.25,6,1168.3302981858608,172,0.7166666666666667,0.9999981091065216,0.002018632721194126,1.002092158093383,0.9999705607251677,0.005510555703324519,0.9986393265181396,0.0016218236184552374,-0.9999891096677327,0.999957843618301
522.25,6,1168.3302981858608,173,0.7208333333333333,0.9999980594115288,0.0021670730452332462,1.0023503645625829,0.9999707028992356,0.005432840782777737,0.9993389098342556,0.0017433812315662796,-0.9999886094657771,0.9999558085481068
522.25,6,1168.3302981858608,174,0.725,0.9999980165884352,0.0020703051492193384,1.0021483523265537,0.9999707623305646,0.005416870876134908,0.9995422320587403,0.0016675937048679732,-0.9999888676289819,0.9999551568397991
522.25,6,1168.3302981858608,175,0.7291666666666666,0.9999979886630659,0.0019707459587368185,1.001937078816932,0.9999708469493471,0.005421842536291087,0.9993026288001617,0.0015894442468870355,-0.999989141960887,0.9999555422518644
522.25,6,1168.3302981858608,176,0.7333333333333333,0.9999979590189829,0.0018612192210510257,1.001688528323328,0.9999709908262105,0.005456827933952552,0.9987615580160107,0.001503254588954131,-0.9999894291187256,0.9999566525232471
522.25,6,1168.3302981858608,177,0.7375,0.9999979392978071,0.0017171827696832273,1.00133356763677,0.9999711994137269,0.005514221680032489,0.998209342400901,0.0013890520244649019,-0.9999897403945593,0.9999578642744771
522.25,6,1168.3302981858608,178,0.7416666666666667,0.9999979287128591,0.0019993565599087317,1.001964653365929,0.9999714440580533,0.005458736157812362,0.9984252366475094,0.0016194290384898328,-0.9999889380964325,0.9999568771947713
522.25,6,1168.3302981858608,179,0.7458333333333333,0.9999978762838083,0.002496510960402168,1.002870774128585,0.9999716037955326,0.005349463779620594,0.9993360449881764,0.0020239706827195323,-0.9999875640297611,0.999954409232285
522.25,6,1168.3302981858608,180,0.75,0.9999978178738509,0.002398780666987377,1.002676416772204,0.9999716616283522,0.005324449263766974,1.0001509328090776,0.0019459356025301534,-0.9999878543948785,0.9999517130346584
522.25,6,1168.3302981858608,181,0.7541666666666667,0.9999977758098768,0.0022297873408498453,1.002347008383254,0.9999716465348258,0.005325623647560162,1.0001326912128623,0.001810022129047547,-0.9999881649961369,0.9999514708463604
522.25,6,1168.3302981858608,182,0.7583333333333333,0.9999977306468566,0.0021480992120457027,1.0021679814538775,0.9999716822513425,0.005332259025298002,0.9995200299599654,0.0017451202449231002,-0.9999884904488436,0.9999527256720038
522.25,6,1168.3302981858608,183,0.7625,0.9999976965724227,0.0020316837642127537,1.0019119659548539,0.9999717785743844,0.005355423662341275,0.9990421791685697,0.0016520047048640628,-0.999988842538859,0.9999540930166937
522.25,6,1168.3302981858608,184,0.7666666666666667,0.9999976766571885,0.002095479203746375,1.0020356367289633,0.9999719347643348,0.00535499867494152,0.9988953571158764,0.0017053123819066262,-0.9999885290703194,0.9999541571930131
522.25,6,1168.3302981858608,185,0.7708333333333334,0.9999976409199448,0.0023504027842583186,1.0025192478766318,0.9999721010282435,0.0053096132961535335,0.9992347476009322,0.0019139544336388298,-0.999987824407394,0.9999531570784386
522.25,6,1168.3302981858608,186,0.775,0.9999975764248786,0.002592067678839416,1.002935260233968,0.9999721684106241,0.0052755833454761186,0.9999804930332705,0.002111357339186826,-0.9999870327979933,0.9999501766031047
522.25,6,1168.3302981858608,187,0.7791666666666667,0.9999975050470604,0.0025860898609026558,1.0029000329387752,0.9999721178778519,0.005288740745026352,1.0004211801068381,0.0021067636696024453,-0.9999869984671217,0.9999485424805019
522.25,6,1168.3302981858608,188,0.7833333333333333,0.9999974516006062,0.0024535494876358668,1.0026384412109752,0.9999720549666737,0.0052920059535801756,1.000347322089395,0.001999046926883057,-0.9999873581374594,0.9999480382367897
522.25,6,1168.3302981858608,189,0.7875,0.9999974028080092,0.0023713893025355407,1.0024632363972195,0.9999720447144523,0.005287574673027713,0.999920498902467,0.001932561180905843,-0.9999877479502626,0.9999495440271589
522.25,6,1168.3302981858608,190,0.7916666666666666,0.9999973541568471,0.0021838146958300247,1.0020628104060354,0.9999720909637545,0.005306310524084203,0.999296114188456,0.0017803950606623002,-0.9999881596490401,0.9999511439567252
522.25,6,1168.3302981858608,191,0.7958333333333333,0.9999973264515103,0.0022464007174841302,1.0021808045469742,0.9999722026301099,0.0053095198857791796,0.9991131025948109,0.0018320019697294764,-0.9999881171354521,0.9999518558079272
522.25,6,1168.3302981858608,192,0.8,0.9999972707729772,0.00281840432016097,1.0032345271169156,0.999972273277728,0.00526705292301577,0.9998260919133661,0.0022983847330538694,-0.9999860430098828,0.9999486558704785
522.25,6,1168.3302981858608,193,0.8041666666666667,0.9999971794279217,0.0029772480991657273,1.0034826815180884,0.9999722456757854,0.005297110244007773,1.0007814085482367,0.0024269008679614025,-0.9999856576959141,0.9999451849559832
522.25,6,1168.3302981858608,194,0.8083333333333333,0.9999971074833169,0.0027579548591643087,1.0030751682915044,0.9999721207811579,0.0053445666249027765,1.001171320382386,0.002246943134642845,-0.999986042304737,0.9999426508407345
522.25,6,1168.3302981858608,195,0.8125,0.9999970375640609,0.002669535600640669,1.0028899993274667,0.9999720003207921,0.005314446592924776,1.0006983415045503,0.0021740723728925185,-0.9999864616899996,0.9999442561742344
522.25,6,1168.3302981858608,196,0.8166666666666667,0.9999969699889896,0.0025488090244621536,1.0026365045930634,0.9999719459308082,0.005297257416761513,1.0001172002126275,0.002075196018915991,-0.999986909895098,0.9999459848932877
522.25,6,1168.3302981858608,197,0.8208333333333333,0.9999969227679408,0.00251412048886945,1.0025502400707897,0.99997195103301,0.005297705962171953,0.9998171400376755,0.002046428025418713,-0.9999870677373326,0.9999471639430945
522.25,6,1168.3302981858608,198,0.825,0.999996872378897,0.0027230650940397493,1.0029325987436368,0.9999719968515415,0.005292031447698227,0.9999300245473912,0.0022156279900825315,-0.9999862127333483,0.9999463901595567
522.25,6,1168.3302981858608,199,0.8291666666666667,0.9999967892127885,0.003012231804738185,1.003430136048084,0.9999719908633494,0.005307714916813029,1.0005706109237156,0.0024491584432504744,-0.9999852422547454,0.9999434355171853
522.25,6,1168.3302981858608,200,0.8333333333333334,0.9999966821813613,0.003131742912462785,1.0036092888997799,0.9999718510894232,0.005374886265323984,1.0012177150040504,0.0025438887005375644,-0.9999845757616524,0.9999402665246713
522.25,6,1168.3302981858608,201,0.8375,0.9999965876916839,0.003011493560903786,1.003369241963568,0.9999716517684721,0.005407706119121239,1.0013388640771936,0.002443722571660207,-0.9999850093087187,0.9999390491978913
522.25,6,1168.3302981858608,202,0.8416666666666667,0.9999965083151225,0.002920425777946701,1.0031790748929144,0.9999714881316392,0.005390320083408552,1.0010433266918088,0.002367570722735382,-0.9999854810601044,0.9999401576438304
522.25,6,1168.3302981858608,203,0.8458333333333333,0.9999964245008766,0.002776646213162796,1.002879653551081,0.9999713817290095,0.005359636042186412,1.000463638672169,0.0022492104526497425,-0.9999859742649317,0.9999420495577825
522.25,6,1168.3302981858608,204,0.85,0.9999963585413285,0.0026518448162230037,1.0026075612905951,0.9999713438578522,0.0053531584801741056,0.9999819130990728,0.0021465420910598072,-0.9999864995530493,0.999944080170079
522.25,6,1168.3302981858608,205,0.8541666666666666,0.9999962924501511,0.0030868999630439243,1.0034179978738857,0.9999713211540591,0.0053612003819906795,1.0003567859983133,0.0024961843860545714,-0.9999847383023899,0.9999416158674693
522.25,6,1168.3302981858608,206,0.8583333333333333,0.9999961664456235,0.003533805967100396,1.0041690331092867,0.9999712033881271,0.00544537763674575,1.0013089468851137,0.002853568472194823,-0.9999830240379182,0.9999376612277604
522.25,6,1168.3302981858608,207,0.8625,0.9999960428520362,0.0033753675283204336,1.0038638774994082,0.9999709809051789,0.005574791570006676,1.002031479062618,0.0027211090433727674,-0.9999834470825978,0.9999333373891407
522.25,6,1168.3302981858608,208,0.8666666666666667,0.9999959349621986,0.0032349979509418707,1.003584182068425,0.9999707041549278,0.005569677632874867,1.0018594224133164,0.0026038395247451867,-0.9999839204332941,0.9999338872309731
522.25,6,1168.3302981858608,209,0.8708333333333333,0.9999958220038886,0.0031449682285211206,1.003385920533148,0.9999704895905859,0.005501745949904104,1.0012326860440444,0.00252776505120227,-0.9999844216193859,0.9999357786974948
522.25,6,1168.3302981858608,210,0.875,0.9999957274302607,0.0030387760737238716,1.003155088113643,0.9999703353947872,0.005475726741911381,1.00079905267842,0.0024390815652855402,-0.9999849611905695,0.9999378349629299
522.25,6,1168.3302981858608,211,0.8791666666666667,0.9999956462976485,0.00315932397996186,1.003360533840287,0.9999702413355827,0.005478554942957115,1.0007156684589449,0.002532218798901992,-0.9999843086413035,0.99993758363458
522.25,6,1168.3302981858608,212,0.8833333333333333,0.9999955347075765,0.003448831648157183,1.0038621051693675,0.9999701401792025,0.005524036122966503,1.0011453599373217,0.0027596177138772184,-0.99998330038393,0.9999357270543314
522.25,6,1168.3302981858608,213,0.8875,0.9999953814871237,0.0036755093223101625,1.004225765538594,0.9999699158216518,0.0056452273342123315,1.0018909492420125,0.002935145057519883,-0.9999821333068097,0.9999315223770956
522.25,6,1168.3302981858608,214,0.8916666666666667,0.9999952242338122,0.0036339248786710723,1.004114471811572,0.9999695782219872,0.005737525002351433,1.0022374473732139,0.0028958008489074222,-0.9999823135214951,0.9999296018607385
522.25,6,1168.3302981858608,215,0.8958333333333334,0.9999950911708981,0.0035152356229471806,1.0038670264001717,0.9999692432973181,0.00573962364561347,1.0020934309375686,0.002795358474000718,-0.9999827919151919,0.9999293169409427
522.25,6,1168.3302981858608,216,0.9,0.9999949586579384,0.0034282864544898867,1.0036705643280772,0.9999689683857398,0.00568618880291301,1.0016144792511832,0.0027208526207026878,-0.9999833159852172,0.9999312707562497
522.25,6,1168.3302981858608,217,0.9041666666666667,0.9999948304937248,0.0032345264100249464,1.003258821318242,0.999968756891583,0.005633549840799503,1.0009942655807418,0.002562411846444093,-0.999983896917187,0.9999334667855247
522.25,6,1168.3302981858608,218,0.9083333333333333,0.9999947284033527,0.0034130618526082815,1.0035777887276078,0.9999686081582624,0.005643586015752765,1.000957783759966,0.0026985881454301744,-0.9999833865378053,0.9999335234235627
522.25,6,1168.3302981858608,219,0.9125,0.9999945665493923,0.004006886497555847,1.0046197249703201,0.9999683876600398,0.005758701225624153,1.0017624322105751,0.003160760633199611,-0.9999808059328081,0.9999296756062799
522.25,6,1168.3302981858608,220,0.9166666666666666,0.999994364085618,0.004059925925046688,1.0046685981711536,0.9999680535230063,0.005959697915629616,1.0026762689713415,0.0031940607787254217,-0.9999807884661961,0.9999253341361651
522.25,6,1168.3302981858608,221,0.9208333333333333,0.9999941902641606,0.003861886972104898,1.004276331393976,0.9999676143288062,0.006048611749347756,1.002902542950267,0.003030018406016639,-0.9999812032391382,0.9999231777145706
522.25,6,1168.3302981858608,222,0.925,0.9999940123625946,0.0037902169914933023,1.004101851787945,0.9999672034234007,0.005962182947044106,1.0023484495398587,0.0029662151647019586,-0.9999816711995052,0.9999248601103257
522.25,6,1168.3302981858608,223,0.9291666666666667,0.9999938422526473,0.003670523682596681,1.0038322653071758,0.9999668641196195,0.005894676844484426,1.0017968228045144,0.002865544039243088,-0.9999822133270381,0.9999268540771067
522.25,6,1168.3302981858608,224,0.9333333333333333,0.9999937007658233,0.0036835956473739687,1.0038203440347624,0.9999665933172259,0.0058820141022187696,1.0015448553081727,0.002868744354252162,-0.9999822214872421,0.9999278503998564
522.25,6,1168.3302981858608,225,0.9375,0.9999935418287873,0.003929446625611218,1.0042475102364494,0.9999663565915773,0.005928212135137796,1.0017337500655086,0.003052267881429427,-0.9999814021229922,0.9999273033706865
522.25,6,1168.3302981858608,226,0.9416666666666667,0.9999933256876112,0.004214234919175304,1.0047197419210498,0.9999660308620257,0.00607467061747806,1.0024247491239544,0.003263939053931799,-0.9999803208539816,0.9999238098270433
522.25,6,1168.3302981858608,227,0.9458333333333333,0.9999930769195434,0.004294159506833923,1.0048108927521118,0.9999655429095439,0.006238592216060467,1.0029921465152223,0.0033154803405517335,-0.9999798127493909,0.9999209325013497
522.25,6,1168.3302981858608,228,0.95,0.9999928519452829,0.004175110809791194,1.004545419327487,0.9999650029648286,0.006289500668941213,1.0030248173492429,0.0032134439739173867,-0.9999801762307777,0.9999194350273536
522.25,6,1168.3302981858608,229,0.9541666666666667,0.9999926426102589,0.004103892418636965,1.0043648831837346,0.9999645150589243,0.006247010167993279,1.0026644948205796,0.0031490159205013178,-0.9999806325524444,0.9999208335211648
522.25,6,1168.3302981858608,230,0.9583333333333334,0.9999924247947283,0.003947457287143769,1.004009849562998,0.9999640952611017,0.006163415023350729,1.0020431744736273,0.003020280451703056,-0.9999811350415458,0.9999226301509074
522.25,6,1168.3302981858608,231,0.9625,0.99999224097879,0.0038945278349985014,1.0038566851641395,0.9999637614742848,0.006131231749120987,1.001646667384999,0.0029713180533589875,-0.9999816871834805,0.9999246380184748
522.25,6,1168.3302981858608,232,0.9666666666666667,0.9999920317878122,0.0044095175738920285,1.0048022841447413,0.99996341254564,0.006237894079968679,1.0021582280945136,0.003353662458901258,-0.9999798340750601,0.9999220176679695
522.25,6,1168.3302981858608,233,0.9708333333333333,0.999991724213636,0.004749259871445561,1.0053584557159327,0.9999629319215159,0.0064739652056337365,1.0031175157978944,0.0035993572216321983,-0.9999787967909943,0.9999188205724084
522.25,6,1168.3302981858608,234,0.975,0.9999914341491106,0.004570256470473372,1.0049765389290293,0.9999623136665259,0.006674671521070591,1.003712330327228,0.003450865937402373,-0.9999790066985489,0.9999152501181496
522.25,6,1168.3302981858608,235,0.9791666666666666,0.9999911578441255,0.00447293692707427,1.0047366905141641,0.9999616527239508,0.006638457660333403,1.0033886535461867,0.0033653336417637037,-0.9999793271256665,0.9999161071809695
522.25,6,1168.3302981858608,236,0.9833333333333333,0.999990873792891,0.0043858865643577995,1.0045067841877746,0.9999610771077526,0.006534678485654364,1.002753069814436,0.003288578290529936,-0.9999797030296937,0.999917349824639
522.25,6,1168.3302981858608,237,0.9875,0.9999906241843391,0.004315909606069647,1.0043107570265604,0.999960576752333,0.0064948596819959,1.0023522599579817,0.0032252691908255977,-0.9999801349364391,0.9999188260530656
522.25,6,1168.3302981858608,238,0.9916666666666667,0.9999903835430621,0.0044805301601322884,1.0045840697825115,0.9999601459482893,0.006522742549217243,1.0023231390957268,0.0033368427361755563,-0.9999797215465969,0.9999188199815485
522.25,6,1168.3302981858608,239,0.9958333333333333,0.9999900774036978,0.004772883603773764,1.0050839915522998,0.9999596768008989,0.006656073122079326,1.0028254318870053,0.003541494272000446,-0.9999791196663529,0.9999176590255832
522.25,7,1168.8302981858608,0,0.0,0.9999743890065,0.005318136239076534,0.9976911099806214,0.9998983252895871,0.010234590063732835,1.0024819632892517,0.0031333872199018494,-0.9999841230384712,0.9999389729981667
522.25,7,1168.8302981858608,1,0.004166666666666667,0.9999746137337522,0.005361848606627951,0.9974098110229681,0.9998972393359815,0.010228287471604041,1.001929237287323,0.0031520435951078105,-0.9999836383990115,0.9999369367476745
522.25,7,1168.8302981858608,2,0.008333333333333333,0.9999748560744108,0.005463933171561446,0.9969352509428338,0.9998964443289978,0.010207526743474743,1.0011302378343425,0.0032060784847168697,-0.9999831831404602,0.9999350086576317
522.25,7,1168.8302981858608,3,0.0125,0.9999752461473733,0.005481162847723745,0.9967527623003852,0.9998959905973522,0.010207823941237659,1.0006170967847365,0.003210911092146267,-0.9999828147595319,0.9999333053337393
522.25,7,1168.8302981858608,4,0.016666666666666666,0.9999755640345488,0.005218915190608277,0.9976358662340443,0.9998955521895182,0.010245108729359624,1.0010149074477794,0.0030519580699351558,-0.9999853640331383,0.9999376154605364
522.25,7,1168.8302981858608,5,0.020833333333333332,0.9999756491222811,0.005135350405489365,0.9979915477178838,0.9998948393646239,0.010332873906988891,1.001794828808939,0.002997402544394602,-0.999986220047182,0.9999416185793251
522.25,7,1168.8302981858608,6,0.025,0.9999758502183319,0.005225637742555023,0.9974901516816201,0.9998938478166941,0.010414094854000482,1.0021477340605898,0.0030445086263283442,-0.9999856915785191,0.9999451378736244
522.25,7,1168.8302981858608,7,0.029166666666666667,0.9999761218966438,0.0052817788218065265,0.9971688104323815,0.9998928912298741,0.010410102754903412,1.0015897242327545,0.003072717546151304,-0.9999852090446935,0.9999431398946342
522.25,7,1168.8302981858608,8,0.03333333333333333,0.9999764203651924,0.00534904375578261,0.996832402652521,0.999892290467037,0.010393154249221683,1.000785363082486,0.003108460479216158,-0.9999847514102274,0.9999412330859425
522.25,7,1168.8302981858608,9,0.0375,0.9999768523142368,0.005389602186108696,0.9965706958613647,0.9998920122929889,0.010393005705595194,1.0002318176633596,0.003129488740081157,-0.9999843976620424,0.9999395719294222
522.25,7,1168.8302981858608,10,0.041666666666666664,0.999977325145879,0.005278632800293797,0.9967836156712164,0.9998920252613523,0.01039118087953749,1.0000616724577551,0.003062995374701116,-0.9999854284073246,0.9999407702506637
522.25,7,1168.8302981858608,11,0.04583333333333333,0.999977660147033,0.005129196390362399,0.9971865534472257,0.9998920153317888,0.010395871213806609,1.0004231255475262,0.0029741362408090186,-0.9999863585364384,0.9999434211082536
522.25,7,1168.8302981858608,12,0.05,0.9999778746763243,0.005065311820709743,0.9973456544149577,0.9998916139797818,0.010431456093887017,1.000927039066709,0.002934894160134101,-0.9999871130632068,0.9999468869701379
522.25,7,1168.8302981858608,13,0.05416666666666667,0.999978156258887,0.005120580653385035,0.9970457522246806,0.9998910220180802,0.010460247533642861,1.000937289588889,0.0029651862828084597,-0.9999866547137116,0.9999476545942367
522.25,7,1168.8302981858608,14,0.058333333333333334,0.9999785573344141,0.0051760695913794785,0.9967345118350847,0.999890637786476,0.010463655741002761,1.0005019061898492,0.0029964635784870877,-0.9999862177334836,0.9999469628689123
522.25,7,1168.8302981858608,15,0.0625,0.9999789694727536,0.005250076402828472,0.9963918472429288,0.9998905890883332,0.010461310292364124,0.9997629439746132,0.003039630473436499,-0.9999857997802167,0.999945229991825
522.25,7,1168.8302981858608,16,0.06666666666666667,0.9999794613595483,0.0053671837362716775,0.9959417480831835,0.9998908958376573,0.010468829218666069,0.9990082453923642,0.0031088812760504316,-0.9999854235071186,0.9999436542433762
522.25,7,1168.8302981858608,17,0.07083333333333333,0.9999800209383309,0.005122168855221751,0.9964685364516699,0.9998914406844874,0.010442388560750665,0.9990163945259973,0.002968424728862675,-0.9999865785253806,0.9999451839332496
522.25,7,1168.8302981858608,18,0.075,0.999980337362133,0.004833731542836851,0.9972825202684039,0.9998917647435683,0.010405457767839028,0.9997232745940833,0.0028022505746142677,-0.9999883464140835,0.999948654970619
522.25,7,1168.8302981858608,19,0.07916666666666666,0.9999806332735709,0.004886027627068414,0.9970022883716189,0.9998918135921546,0.010404050590911115,1.0003402552164753,0.0028334067464025827,-0.9999879251857676,0.9999518162358315
522.25,7,1168.8302981858608,20,0.08333333333333333,0.9999810444347973,0.004981202688240512,0.996583291403492,0.9998917032301292,0.010406976840719551,1.000129607796433,0.0028902691557002895,-0.9999875226939894,0.99995199730841
522.25,7,1168.8302981858608,21,0.0875,0.9999814559193188,0.005034067288483335,0.9963195365669646,0.9998918995991685,0.010408200263711859,0.9993216186325504,0.0029238145202584876,-0.9999871354978022,0.9999504031836747
522.25,7,1168.8302981858608,22,0.09166666666666666,0.9999819426424222,0.0051150988118000874,0.995981415332886,0.9998924294365269,0.010415709032282158,0.9986470103124275,0.002974762901702701,-0.9999867808730818,0.9999489318080041
522.25,7,1168.8302981858608,23,0.09583333333333334,0.9999825155453209,0.0050427879298564566,0.9960215964907206,0.9998932848568634,0.010399777767965612,0.9983041535495868,0.0029371350872761442,-0.9999871697029149,0.9999489778948915
522.25,7,1168.8302981858608,24,0.1,0.9999830089938417,0.004838445590715165,0.9964232031362282,0.9998942724504174,0.01034092669245225,0.9984472799896215,0.0028224258247367983,-0.9999879471535797,0.9999501906369855
522.25,7,1168.8302981858608,25,0.10416666666666667,0.9999833605346439,0.004680431903922471,0.9967596217932356,0.9998949812434109,0.010272300970448435,0.9989990388545352,0.0027341827944622164,-0.999988637768662,0.9999531223102583
522.25,7,1168.8302981858608,26,0.10833333333333334,0.9999836902154464,0.004684021389259379,0.9966499155077294,0.9998953450324328,0.010243828400264977,0.999250504766045,0.00274043366358564,-0.9999886385163756,0.9999545203467055
522.25,7,1168.8302981858608,27,0.1125,0.9999841219343092,0.004763363363219539,0.9963158111519388,0.9998957620235356,0.010234662315833837,0.9989901739630298,0.002791735038116119,-0.9999882901292392,0.9999548234770977
522.25,7,1168.8302981858608,28,0.11666666666666667,0.9999845860221709,0.0048121762435793,0.9960724486759136,0.9998964727099477,0.010239122643662087,0.9983811390811809,0.002826238852637797,-0.9999879676939045,0.9999534922333575
522.25,7,1168.8302981858608,29,0.12083333333333333,0.999985056952789,0.00496198252815387,0.9956100174449738,0.9998974790352725,0.010269379412160263,0.9975782732933989,0.002921438929932136,-0.9999876671165896,0.9999522433235647
522.25,7,1168.8302981858608,30,0.125,0.9999856242275748,0.004882095492389153,0.9956598951537116,0.999898801510048,0.010251176270754652,0.9972151464604188,0.0028819592012006012,-0.9999877362413195,0.999951754886181
522.25,7,1168.8302981858608,31,0.12916666666666668,0.9999860688028994,0.004425069743818956,0.9966440518048388,0.9999000470850685,0.010124011945137443,0.9977473415048027,0.0026186642120180656,-0.9999893149677784,0.9999543955077425
522.25,7,1168.8302981858608,32,0.13333333333333333,0.9999863661979655,0.00432035992941951,0.9968327094771254,0.9999010152326391,0.010003686355671655,0.9985252280298285,0.0025626526076539327,-0.9999895587054994,0.999956844405156
522.25,7,1168.8302981858608,33,0.1375,0.999986754158551,0.004457512427352275,0.9963669179122709,0.999901717661968,0.009953459041869681,0.998744534850427,0.002650427940967832,-0.9999892521384511,0.999958464253613
522.25,7,1168.8302981858608,34,0.14166666666666666,0.9999871570562159,0.004514073330580994,0.9961257571159605,0.9999025156495157,0.009963953226826737,0.9981064369319527,0.0026915493725585657,-0.9999889667370936,0.9999572880249274
522.25,7,1168.8302981858608,35,0.14583333333333334,0.9999875730543866,0.004603213235547303,0.9958223919370288,0.9999036153963736,0.00999351837467573,0.997362971007794,0.0027532458677673993,-0.9999887012894145,0.9999561874806381
522.25,7,1168.8302981858608,36,0.15,0.99998806453082,0.004611985120066709,0.9956884140070515,0.9999049786332174,0.00999120183159149,0.9969053715787742,0.0027676684891528385,-0.9999886292119426,0.9999554943453202
522.25,7,1168.8302981858608,37,0.15416666666666667,0.9999885409595652,0.004404421952261052,0.9960229487415804,0.9999065331262431,0.009919616657651353,0.996864098636294,0.002652051293292344,-0.9999891963723041,0.9999561274263313
522.25,7,1168.8302981858608,38,0.15833333333333333,0.9999889023186004,0.004165063433423976,0.9964706597167002,0.9999079648292288,0.00977529540074451,0.9973496292886553,0.0025160890181000414,-0.9999897116302511,0.9999578326659248
522.25,7,1168.8302981858608,39,0.1625,0.9999891887497719,0.004074728507243323,0.9966021838419857,0.9999090131171748,0.009660121626955202,0.9978430317265793,0.002469393390660037,-0.9999900241616116,0.9999595037294945
522.25,7,1168.8302981858608,40,0.16666666666666666,0.9999895220006939,0.004156058857519413,0.9963203423463638,0.999909926159267,0.009615952241198277,0.9978147362264805,0.00252705896687505,-0.9999897770482936,0.9999599601685007
522.25,7,1168.8302981858608,41,0.17083333333333334,0.9999899046284704,0.004214190237909171,0.9960925158110605,0.9999110086657336,0.009614491184312401,0.9973776404696458,0.0025715579082589575,-0.9999895486801474,0.9999593806638161
522.25,7,1168.8302981858608,42,0.175,0.9999902730402858,0.004329461967059688,0.9957622561213194,0.999912316729105,0.009657145217560368,0.9966656020765391,0.0026521962731803767,-0.9999893327874597,0.9999584802361193
522.25,7,1168.8302981858608,43,0.17916666666666667,0.9999906884855466,0.004434153148132211,0.9954605247450256,0.9999138694852657,0.009692191137842808,0.996055893213659,0.0027275571651937725,-0.9999891368206668,0.9999576563294803
522.25,7,1168.8302981858608,44,0.18333333333333332,0.9999910987775943,0.004002709013620081,0.9962333700556362,0.9999154988451634,0.00955872183512994,0.9963004797045516,0.0024720626999308877,-0.999989924647804,0.9999588407407274
522.25,7,1168.8302981858608,45,0.1875,0.999991350225067,0.0036494461670996937,0.9969489346354738,0.9999168811540735,0.009342078902012722,0.9971211146339749,0.0022624154362811543,-0.9999906158176819,0.9999605543447767
522.25,7,1168.8302981858608,46,0.19166666666666668,0.9999916130324625,0.00375982990570207,0.9966147462833074,0.9999179972724915,0.009198795253072836,0.997715551129957,0.0023394265558502767,-0.9999904061568822,0.9999621362312777
522.25,7,1168.8302981858608,47,0.19583333333333333,0.9999919166773823,0.003863406528612606,0.9963074608675502,0.9999189953615883,0.009183222920503107,0.9974237028645051,0.002413285214946392,-0.9999902145415641,0.9999618522009098
522.25,7,1168.8302981858608,48,0.2,0.9999922078898139,0.003934378251986162,0.996086623560309,0.9999202011839742,0.009236547003823538,0.996684229474352,0.00246796624851666,-0.999990034375711,0.9999610975630748
522.25,7,1168.8302981858608,49,0.20416666666666666,0.9999925375364506,0.004019596558529576,0.99583859382069,0.9999215966451189,0.009266379100899358,0.9961440201907369,0.0025325477567836236,-0.999989871203601,0.9999604085902886
522.25,7,1168.8302981858608,50,0.20833333333333334,0.9999928904367036,0.003876934130538385,0.9960276685718159,0.9999231669915634,0.009220877406514501,0.995960402300823,0.00245360629895408,-0.9999901299391372,0.9999605981364227
522.25,7,1168.8302981858608,51,0.2125,0.9999931769053239,0.0035970606170641975,0.9965087315955693,0.9999247334197281,0.009065043997128748,0.9962896428067777,0.0022863948822412056,-0.9999904714093972,0.9999612844863628
522.25,7,1168.8302981858608,52,0.21666666666666667,0.999993383948869,0.0034056883450197116,0.996848170346714,0.9999260078645873,0.00887218311900672,0.9969310027098126,0.0021737780114630422,-0.9999907809864277,0.9999625776348101
522.25,7,1168.8302981858608,53,0.22083333333333333,0.9999935874382436,0.0034374395959165796,0.9967180009725962,0.9999270245520254,0.008773702055694355,0.9971746155240162,0.002203186583531652,-0.9999907084429571,0.9999630306073548
522.25,7,1168.8302981858608,54,0.225,0.9999938356968101,0.0035299624563752555,0.9964576544070916,0.9999280705881404,0.008754432744594006,0.9969351661337563,0.0022722320888875712,-0.9999905629783584,0.9999630296880949
522.25,7,1168.8302981858608,55,0.22916666666666666,0.999994083234223,0.0036002061863431613,0.9962534239093231,0.9999292761709064,0.008793595324417071,0.9963723166940694,0.0023279771131764922,-0.9999904324230264,0.9999624731615804
522.25,7,1168.8302981858608,56,0.23333333333333334,0.9999943339477504,0.0037893092399851995,0.9958390467000862,0.9999306356560564,0.008874027096395174,0.9956769960264787,0.0024620177342156405,-0.9999903216934791,0.9999619940812345
522.25,7,1168.8302981858608,57,0.2375,0.9999946204951633,0.0035802923521371347,0.9961502091146283,0.9999321392709788,0.008816737136733241,0.9955657909379084,0.002337307406063603,-0.9999904679130133,0.999962049437892
522.25,7,1168.8302981858608,58,0.24166666666666667,0.9999948176775306,0.003029615892401604,0.9971768795039341,0.9999334972573819,0.008567880899720859,0.9962903565151915,0.0019866897846084206,-0.999991063970062,0.9999630480819173
522.25,7,1168.8302981858608,59,0.24583333333333332,0.9999949608082609,0.0029876137075308604,0.9972158098606148,0.9999346249057172,0.008338190820187144,0.9971229602210788,0.0019674421363677303,-0.9999910404210022,0.9999639346069203
522.25,7,1168.8302981858608,60,0.25,0.9999951459643126,0.003151788861253412,0.9968176668236824,0.9999355474279995,0.008257129924147852,0.9972732027625596,0.0020844398395011713,-0.9999909281241017,0.9999643163128228
522.25,7,1168.8302981858608,61,0.25416666666666665,0.9999953258182366,0.0032154958865988873,0.9966395676519254,0.999936536384888,0.008311694778886285,0.9966526942296028,0.002136209873238449,-0.9999908292284843,0.999963887330113
522.25,7,1168.8302981858608,62,0.25833333333333336,0.99999551385079,0.0033300581706335753,0.9963725329766251,0.9999376744042687,0.008377996501691305,0.9960415544747739,0.002222766022620586,-0.9999907498749586,0.9999635351986454
522.25,7,1168.8302981858608,63,0.2625,0.9999957322375296,0.0033004158155275705,0.9963665491770647,0.9999389445941398,0.008377258990014765,0.9957374157926312,0.002213544783692704,-0.9999907708894228,0.9999634048360077
522.25,7,1168.8302981858608,64,0.26666666666666666,0.9999959281169185,0.0030364019337367583,0.9967964365290515,0.999940275080662,0.00826192676381374,0.9958769171240479,0.0020460506696599705,-0.9999909431706311,0.9999636046493515
522.25,7,1168.8302981858608,65,0.2708333333333333,0.9999960647743568,0.0027729340376974393,0.997263690665996,0.9999414493818184,0.008040677242131332,0.996512598158842,0.001876824871488255,-0.9999910848224165,0.9999641541869002
522.25,7,1168.8302981858608,66,0.275,0.9999961726923776,0.002710462359473574,0.9973504717833777,0.999942348797801,0.007880477808469363,0.9970208241472012,0.001842452946976885,-0.9999911380493841,0.9999645430055216
522.25,7,1168.8302981858608,67,0.2791666666666667,0.9999963063719883,0.0028187988539026664,0.9970880758405031,0.9999431675420263,0.007832602240656468,0.99699869405042,0.0019244320542262465,-0.9999910696752978,0.9999646499414472
522.25,7,1168.8302981858608,68,0.2833333333333333,0.9999964545846212,0.002883920485056341,0.996915553903538,0.9999440778007503,0.007857418759588609,0.9965948916899457,0.001977757385763388,-0.9999910209876549,0.9999644545601499
522.25,7,1168.8302981858608,69,0.2875,0.9999965940179429,0.0030487354479653743,0.9965740153635597,0.9999450968000438,0.007948110989885007,0.9959413729470197,0.002100667832904793,-0.9999909832587893,0.9999642691489253
522.25,7,1168.8302981858608,70,0.2916666666666667,0.9999967590290306,0.003101411328258775,0.9964348619339329,0.9999462434918385,0.007990500833325349,0.9955173668524685,0.0021472264621124016,-0.9999909579207462,0.9999641329145887
522.25,7,1168.8302981858608,71,0.29583333333333334,0.9999969038580525,0.0025546409861622924,0.9973842405441488,0.9999473702668948,0.007789662122444493,0.9959956628416899,0.001776706977781337,-0.999991119917728,0.9999644115898091
522.25,7,1168.8302981858608,72,0.3,0.9999969788142578,0.002267678532420514,0.997942415706351,0.9999483100481695,0.007513947839876499,0.9969161645488505,0.0015837607925012639,-0.999991198272336,0.9999646687021787
522.25,7,1168.8302981858608,73,0.30416666666666664,0.9999970709163404,0.0024270401311952522,0.9975692556542778,0.9999490586873986,0.007358109626901993,0.9974731243188645,0.0017019338546539963,-0.999991159401652,0.9999648660166214
522.25,7,1168.8302981858608,74,0.30833333333333335,0.9999971739299244,0.002524627787342403,0.9973398268814859,0.9999497487313588,0.007376265003706513,0.997120323415493,0.0017778494140266434,-0.9999911407684432,0.9999647742877049
522.25,7,1168.8302981858608,75,0.3125,0.9999972723987695,0.0026214446237586234,0.9971251140926342,0.9999505549386841,0.00746442149705125,0.9964642688805087,0.0018541752256730608,-0.9999911329414533,0.999964708891213
522.25,7,1168.8302981858608,76,0.31666666666666665,0.9999973914647874,0.002697041536467715,0.9969499830089419,0.9999514582503319,0.007508237387908587,0.9960499664273895,0.001916231474636281,-0.9999911364660993,0.9999646888624435
522.25,7,1168.8302981858608,77,0.32083333333333336,0.9999975145839202,0.0025087512837975207,0.997243935927214,0.9999524445573487,0.0074521816613463705,0.9960129721589814,0.001790381960534559,-0.9999911398624711,0.999964710053109
522.25,7,1168.8302981858608,78,0.325,0.9999976027127307,0.0022178843853676157,0.9977567526199911,0.9999533834502345,0.007262943403046929,0.9965035238080348,0.0015894558501944366,-0.9999911283433972,0.9999646832279716
522.25,7,1168.8302981858608,79,0.32916666666666666,0.999997657722566,0.002058563676987923,0.9980548890943585,0.9999541079636678,0.00706033746280293,0.9971909389968201,0.001481110259810146,-0.9999911009237091,0.9999646041289139
522.25,7,1168.8302981858608,80,0.3333333333333333,0.9999977182456536,0.0021272545566484195,0.9978840035044372,0.9999546849128681,0.006977274620577277,0.9974082013147062,0.001536494367807085,-0.9999911119139464,0.9999645404681866
522.25,7,1168.8302981858608,81,0.3375,0.99999779840242,0.0022198173858328997,0.9976677704190285,0.9999552885964311,0.006980284908425185,0.9971709309518089,0.0016097187228506825,-0.9999911338615827,0.9999645572345326
522.25,7,1168.8302981858608,82,0.3416666666666667,0.9999978751785535,0.002320077812931046,0.9974506269788452,0.9999559792181256,0.007051722468773188,0.9966274499547039,0.0016893887855542133,-0.9999911666200432,0.9999646543449632
522.25,7,1168.8302981858608,83,0.3458333333333333,0.9999979590799174,0.002513834113161364,0.9970790509373241,0.9999567592189251,0.007152824028800697,0.9960273328022994,0.0018383371617188558,-0.999991220244211,0.9999648354626826
522.25,7,1168.8302981858608,84,0.35,0.9999980551224558,0.002189568074422432,0.9976156549544852,0.9999576004956362,0.007062968598466901,0.9961380103201964,0.0016078140535462397,-0.9999911229011867,0.9999647368791325
522.25,7,1168.8302981858608,85,0.3541666666666667,0.9999981026655715,0.0017025397852556165,0.9985858612494765,0.9999583205461073,0.006797668066670583,0.996994859035476,0.0012548917779215153,-0.9999908935577798,0.9999643774957496
522.25,7,1168.8302981858608,86,0.35833333333333334,0.9999981374345169,0.0017421544606288808,0.9984698065306861,0.9999588880518376,0.006594320086748485,0.9978237427896834,0.0012885447948464278,-0.9999909336883448,0.9999639109096196
522.25,7,1168.8302981858608,87,0.3625,0.9999981915028258,0.0018896973272137826,0.9981242818868085,0.9999593340511409,0.0065536066349540754,0.9978650371906539,0.001402568698923085,-0.9999909855983672,0.9999638107853613
522.25,7,1168.8302981858608,88,0.36666666666666664,0.9999982415791531,0.0019607676701130514,0.9979594412421695,0.9999598389117351,0.006629972671569851,0.9972485738804722,0.0014606865618069147,-0.999991048503444,0.9999640281263222
522.25,7,1168.8302981858608,89,0.37083333333333335,0.9999983000853864,0.0020820820472850663,0.9977069148252018,0.9999604278480859,0.006703129990748593,0.996731202145416,0.0015569516538011842,-0.9999911318456636,0.9999643282131501
522.25,7,1168.8302981858608,90,0.375,0.9999983724604282,0.0020144017293407274,0.9977977590754713,0.9999610963663602,0.006702197805724954,0.9965372670022989,0.0015120462402659679,-0.9999910780934662,0.9999643776795462
522.25,7,1168.8302981858608,91,0.37916666666666665,0.9999984300093151,0.001749154524890777,0.9982754788174266,0.9999617832044554,0.006580804291664775,0.9968143466136575,0.0013176746308344548,-0.9999909129998632,0.9999641891067428
522.25,7,1168.8302981858608,92,0.38333333333333336,0.9999984596773778,0.001536911469679743,0.9987188104486496,0.9999623429165148,0.006380307831809734,0.9975326775447728,0.0011615936431530257,-0.9999907153098601,0.9999634396152918
522.25,7,1168.8302981858608,93,0.3875,0.9999984808515539,0.0015247616516204598,0.9987313555979841,0.9999627320721501,0.006266607923571608,0.9980007390933012,0.001156018980961051,-0.9999906843559354,0.9999629794135727
522.25,7,1168.8302981858608,94,0.39166666666666666,0.9999985176893014,0.0016270444767434284,0.9984747529685661,0.9999630893826918,0.006246834615046093,0.9979466756838983,0.0012374361127750813,-0.9999907780545789,0.9999627923148315
522.25,7,1168.8302981858608,95,0.3958333333333333,0.9999985596196577,0.0016924112641720599,0.9983138927619203,0.9999635105353656,0.006288133283788498,0.9975327149165405,0.0012913376323273598,-0.9999908921840908,0.9999632149367973
522.25,7,1168.8302981858608,96,0.4,0.9999985994229613,0.0018781219583157917,0.9979397132277226,0.999963999935558,0.006388617501765951,0.9969017266727037,0.0014379503009457402,-0.9999910190219725,0.9999636897139699
522.25,7,1168.8302981858608,97,0.4041666666666667,0.9999986552770987,0.0018452226263173687,0.9979722164048015,0.9999645724808507,0.006410574406246993,0.9966387128562576,0.0014175625480364789,-0.9999910712729079,0.999964036624339
522.25,7,1168.8302981858608,98,0.4083333333333333,0.9999986929339715,0.0013397487010260718,0.9990127008927701,0.9999651048535483,0.006212654928728755,0.9972826417865683,0.001032389050563765,-0.9999904092509079,0.9999630057553078
522.25,7,1168.8302981858608,99,0.4125,0.9999987003235297,0.001223467864914369,0.9993721885015626,0.9999655119345275,0.006004064453276351,0.9982347659600628,0.0009453202933814994,-0.9999902234829767,0.9999618863758211
522.25,7,1168.8302981858608,100,0.4166666666666667,0.9999987219432933,0.0013430923436519148,0.998975009948031,0.9999657916079525,0.005921944114983047,0.998688564888397,0.0010404023001990463,-0.9999903486835894,0.9999609195910585
522.25,7,1168.8302981858608,101,0.42083333333333334,0.9999987466289714,0.0014109364072772235,0.9987863467785184,0.9999660585754361,0.005955479878153966,0.9982543164130815,0.0010959203098418976,-0.9999904947446535,0.9999614682947878
522.25,7,1168.8302981858608,102,0.425,0.999998771656816,0.0015086796658809183,0.9985534469418773,0.9999664045217082,0.006030024804878189,0.997650819712766,0.0011751749767718144,-0.9999906550701494,0.9999620758621819
522.25,7,1168.8302981858608,103,0.42916666666666664,0.9999988100993747,0.0015504775833081377,0.9984429562308108,0.9999668186391705,0.006065229921728753,0.9973181664098792,0.001211206313774439,-0.9999907515559564,0.9999625780255796
522.25,7,1168.8302981858608,104,0.43333333333333335,0.9999988481604515,0.0013656317704159936,0.9988064667655608,0.9999672839233783,0.006011818403295169,0.997385788300277,0.001069751951142289,-0.9999904162086874,0.9999622574844615
522.25,7,1168.8302981858608,105,0.4375,0.9999988659195469,0.00116918099936225,0.9993177314728424,0.9999676978486702,0.00585995738520984,0.9979836112707144,0.000918114093974785,-0.9999900484628276,0.9999611915028165
522.25,7,1168.8302981858608,106,0.44166666666666665,0.999998868303459,0.0011115866756186404,0.9995441904932509,0.9999679578794798,0.00574035181513332,0.9986521702657652,0.0008748106667713325,-0.9999897517551128,0.9999598745910915
522.25,7,1168.8302981858608,107,0.44583333333333336,0.9999988780098139,0.0011604742277272237,0.9993298359057039,0.999968136693764,0.005707467572841514,0.9988074782270576,0.000915239202252313,-0.9999899306079343,0.9999594232638301
522.25,7,1168.8302981858608,108,0.45,0.9999988983347593,0.0012134246553564788,0.9991392844810411,0.9999683481655789,0.005720628868863487,0.9985356073500979,0.0009591089228835559,-0.999990125874666,0.9999597973969991
522.25,7,1168.8302981858608,109,0.45416666666666666,0.9999989163005536,0.0013092836593494757,0.9988776652240492,0.9999686214418031,0.005782419250321774,0.9979733217665265,0.0010373151047998307,-0.9999903326765961,0.9999605904862857
522.25,7,1168.8302981858608,110,0.4583333333333333,0.9999989427340523,0.0014424260186213429,0.998570408409415,0.9999689655303119,0.005855588130974848,0.9974523480200806,0.00114559863460738,-0.9999905585340655,0.9999614628598117
522.25,7,1168.8302981858608,111,0.4625,0.9999989726300242,0.0011276940000465162,0.9993012105304215,0.9999693381296437,0.0057628038965162375,0.9977450600221647,0.0008976040751480164,-0.9999898630707426,0.9999605263109964
522.25,7,1168.8302981858608,112,0.4666666666666667,0.9999989716300586,0.0010190362497233155,1.000141889924285,0.9999696150681282,0.005591515030906937,0.998674127428149,0.0008125833861353788,-0.999988978511219,0.9999587161437105
522.25,7,1168.8302981858608,113,0.4708333333333333,0.9999989704302028,0.0010173260053543411,0.9998962517355902,0.9999697815041165,0.005511325892469996,0.9994411893764028,0.0008124608336029091,-0.9999891901321194,0.9999567477255811
522.25,7,1168.8302981858608,114,0.475,0.9999989796519861,0.0010489921189775241,0.9995999886891918,0.9999698770046228,0.0055080938582282146,0.9993427829888758,0.0008390847828273741,-0.9999894211493839,0.9999568148047331
522.25,7,1168.8302981858608,115,0.4791666666666667,0.9999989865704634,0.001086475211993576,0.9994222412931408,0.9999700306497622,0.005548843135352495,0.9987199335350465,0.0008705875827666499,-0.999989664826904,0.9999577513237864
522.25,7,1168.8302981858608,116,0.48333333333333334,0.9999990019768439,0.0011524157478045227,0.9991878777117366,0.9999702470754984,0.0055912650446020935,0.9982640580024511,0.0009251067188620265,-0.9999899285180424,0.9999587716113535
522.25,7,1168.8302981858608,117,0.4875,0.9999990254724467,0.0010850889153799215,0.999363193219614,0.9999705253964366,0.00558479655982298,0.998149471344171,0.0008725993892697713,-0.99998962356978,0.9999586859930063
522.25,7,1168.8302981858608,118,0.49166666666666664,0.9999990370118238,0.0009859217597763179,0.9998654464338604,0.9999708062430327,0.0055018239976966634,0.9985338725434159,0.0007940644474217528,-0.9999890813246528,0.999957775020721
522.25,7,1168.8302981858608,119,0.49583333333333335,0.9999990308156623,0.001001928892854273,1.0002633869276254,0.9999709762846195,0.005411366903028531,0.9992802814037837,0.0008079323092560207,-0.9999884823170446,0.9999554989836048
522.25,7,1168.8302981858608,120,0.5,0.9999990226532206,0.000998398410461041,1.000197263597041,0.999971028404709,0.005387517182967791,0.9996721889362268,0.0008059449316916018,-0.9999885319484855,0.9999543936170031
522.25,7,1168.8302981858608,121,0.5041666666666667,0.9999990263608945,0.000987335431915763,0.9999511718775931,0.999971074837047,0.005387110532689049,0.9995623750598116,0.0007978735566315719,-0.9999888123878005,0.9999541740133755
522.25,7,1168.8302981858608,122,0.5083333333333333,0.9999990319943556,0.0009962971121477374,0.9997782034313054,0.9999711766005362,0.005405388578513886,0.9991117578642337,0.0008060759991238185,-0.9999891143761105,0.9999553412651303
522.25,7,1168.8302981858608,123,0.5125,0.9999990386173758,0.0010737332496553338,0.9993812881259834,0.9999713356630919,0.005459333224568016,0.9984911618868458,0.0008698970875820398,-0.999989437024285,0.9999565959847434
522.25,7,1168.8302981858608,124,0.5166666666666667,0.9999990575209858,0.0010098401408619353,0.9996068898673325,0.9999715592201459,0.00545449359047889,0.9983821996882194,0.0008191496717332472,-0.9999892428706715,0.9999568340191678
522.25,7,1168.8302981858608,125,0.5208333333333334,0.999999057190085,0.0010799631636427376,1.000668820258159,0.999971733174497,0.005351051465608321,0.9991437026400677,0.0008767932694572578,-0.9999875901252312,0.9999542791689632
522.25,7,1168.8302981858608,126,0.525,0.9999990398116423,0.0011400975293435075,1.0008245174284218,0.9999718075907131,0.005309959589856534,1.0000807702233796,0.0009260817272111156,-0.999987454933624,0.999951504425749
522.25,7,1168.8302981858608,127,0.5291666666666667,0.9999990350360177,0.0010285016050492132,1.0004310259599378,0.9999717838908756,0.005319096703790673,1.0003916958665995,0.000835786884999189,-0.9999877694723346,0.9999498441724703
522.25,7,1168.8302981858608,128,0.5333333333333333,0.9999990305670211,0.001001984075405629,1.0002628620248444,0.9999717728697226,0.0053136128293911865,0.9998787536422015,0.0008147089773008262,-0.9999881077986308,0.9999511465477902
522.25,7,1168.8302981858608,129,0.5375,0.9999990287380816,0.00098556157297437,1.0000118064857804,0.9999718273576025,0.005329803222250442,0.9993158853229727,0.0008019067252114783,-0.9999884717810175,0.9999525576308398
522.25,7,1168.8302981858608,130,0.5416666666666666,0.9999990384527969,0.0009807647190054527,0.9999734586380988,0.9999719426575779,0.005339828736514005,0.9990450071941368,0.0007985531517251731,-0.999988506407949,0.9999533325403246
522.25,7,1168.8302981858608,131,0.5458333333333333,0.9999990449475892,0.0010154252421453818,1.0003900403754862,0.9999720949803269,0.005312701058169151,0.9992005924066938,0.0008272153414343967,-0.9999877896808922,0.9999526621018111
522.25,7,1168.8302981858608,132,0.55,0.9999990339485719,0.0011649063443708925,1.000884648803001,0.999972187932022,0.00527449312711078,0.9998718676738121,0.0009491859416594221,-0.9999869835130749,0.9999500054517838
522.25,7,1168.8302981858608,133,0.5541666666666667,0.9999990124044477,0.0012314576917828834,1.0010290165559381,0.9999721485377694,0.00528851127494704,1.0004836301831086,0.0010033916313484563,-0.9999865405244428,0.9999475629426201
522.25,7,1168.8302981858608,134,0.5583333333333333,0.9999989996126151,0.0011437594478319998,1.000784908002184,0.9999720580283417,0.005301015282287305,1.0005637115254906,0.0009318714312797721,-0.9999869091664888,0.9999465876365651
522.25,7,1168.8302981858608,135,0.5625,0.9999989943280747,0.0010923302595318388,1.0006125823407954,0.9999720065208368,0.0052936487761265985,1.000241851577546,0.0008899751376263294,-0.9999873103707191,0.9999477494654557
522.25,7,1168.8302981858608,136,0.5666666666666667,0.9999989869130105,0.0010284768769443138,1.0002989685643466,0.9999720097082717,0.005296404404083027,0.9996490356461075,0.0008380854076584303,-0.9999877275065305,0.9999493648405149
522.25,7,1168.8302981858608,137,0.5708333333333333,0.9999989902474029,0.0010070655889240533,1.000094116145996,0.9999720817623824,0.0053128400576959,0.9992153996342328,0.0008208039657500774,-0.9999881654371465,0.9999510703577318
522.25,7,1168.8302981858608,138,0.575,0.9999989911416586,0.001222747513964261,1.0009866444426645,0.9999721615155496,0.0052814874703407625,0.9996665080235151,0.0009964991757183874,-0.9999864223584242,0.9999484937024351
522.25,7,1168.8302981858608,139,0.5791666666666667,0.9999989632281846,0.0015500085895105286,1.001654096241866,0.9999721489810469,0.005296168621492272,1.000630101077218,0.0012625869047866757,-0.99998514848559,0.9999450147401626
522.25,7,1168.8302981858608,140,0.5833333333333334,0.9999989406304243,0.0013880693201014105,1.0013179618289079,0.9999720344774468,0.005367198980727999,1.0012980128151732,0.0011298580406925408,-0.9999855353513736,0.9999412584607646
522.25,7,1168.8302981858608,141,0.5875,0.9999989250595606,0.001283768942880832,1.0010712022541308,0.9999718747708333,0.005355655018231865,1.0010568036922636,0.0010443088317070017,-0.9999859640679095,0.9999422382962682
522.25,7,1168.8302981858608,142,0.5916666666666667,0.9999989077732461,0.0012131321088113152,1.0008715435004536,0.9999717769373794,0.005321375043276839,1.0004336199715895,0.0009863730795643436,-0.999986412799511,0.9999439602362752
522.25,7,1168.8302981858608,143,0.5958333333333333,0.9999989009725296,0.0011506946332880952,1.000671151284852,0.9999717381558847,0.005316221689406659,1.0000271645320258,0.0009352037721769313,-0.9999868855548326,0.9999457862476658
522.25,7,1168.8302981858608,144,0.6,0.999998899883294,0.0012363231824577849,1.0009260406651033,0.9999717563837266,0.0053144872709804565,0.9999821852982236,0.0010042841079785125,-0.9999861582024461,0.9999452760588956
522.25,7,1168.8302981858608,145,0.6041666666666666,0.9999988837520092,0.0014673470932198543,1.001441080105109,0.9999717621392203,0.005323845862717329,1.0004594027348912,0.0011910178530520382,-0.9999852120018851,0.9999432706089733
522.25,7,1168.8302981858608,146,0.6083333333333333,0.9999988497154442,0.0016537519327235075,1.0017818185821619,0.9999716478513178,0.005391554218654271,1.0011979880449422,0.0013408656080737607,-0.9999841561579808,0.9999393761705979
522.25,7,1168.8302981858608,147,0.6125,0.9999988167527851,0.0015925104850741964,1.001646252098931,0.9999714335684428,0.005448745946055147,1.0014994113122793,0.0012896670573757612,-0.9999844681310432,0.9999378829214963
522.25,7,1168.8302981858608,148,0.6166666666666667,0.9999987959945795,0.001486530069656268,1.0014192927321874,0.999971228240636,0.005445125407263924,1.001325760855422,0.0012024359681102868,-0.9999849324075627,0.9999379525978054
522.25,7,1168.8302981858608,149,0.6208333333333333,0.9999987750956418,0.001402641834997405,1.00121934948929,0.9999710792780375,0.005409583379283524,1.0008284497181696,0.0011334015237317828,-0.9999854249239896,0.9999398306989659
522.25,7,1168.8302981858608,150,0.625,0.9999987580990963,0.0012584965165440508,1.0008272798533326,0.9999709910539811,0.005388379380424034,1.0002266843501946,0.0010160086337547823,-0.9999859639233484,0.9999419073995147
522.25,7,1168.8302981858608,151,0.6291666666666667,0.9999987527567028,0.0014278445885784734,1.0012589638227716,0.9999709583190253,0.00539250328099345,1.0002735762550523,0.0011514987287368527,-0.9999851939677512,0.9999413917370008
522.25,7,1168.8302981858608,152,0.6333333333333333,0.9999987185746159,0.0019686093922494357,1.0022803169813714,0.9999708562318073,0.005456223016021859,1.0011201088743364,0.001585303409929756,-0.9999826208993347,0.9999375154031807
522.25,7,1168.8302981858608,153,0.6375,0.9999986711886056,0.0019634945348818386,1.0022504198900795,0.9999706508373842,0.005600328475709994,1.0020092921558392,0.0015783578047065068,-0.9999828919313403,0.9999331841473695
522.25,7,1168.8302981858608,154,0.6416666666666667,0.9999986379942856,0.0017709326661720821,1.0018854960139585,0.9999703517994646,0.005654399327604857,1.0021582963818942,0.0014209926471427982,-0.9999833461642488,0.9999316196752474
522.25,7,1168.8302981858608,155,0.6458333333333334,0.9999986026594576,0.001697087418769696,1.0017235574103327,0.9999700852404966,0.005582438196190143,1.0015816896004976,0.0013594973930607173,-0.9999838336937568,0.9999334421283441
522.25,7,1168.8302981858608,156,0.65,0.9999985728823552,0.001580847232963132,1.0014652875091303,0.9999698836943993,0.005538346191066021,1.001056009661761,0.0012644174182610296,-0.9999843822218042,0.9999355228486031
522.25,7,1168.8302981858608,157,0.6541666666666667,0.9999985564825942,0.0016056697817350516,1.0015075619650295,0.9999697478527046,0.0055321189120690496,1.0008396414294731,0.0012822605385454044,-0.9999842271778657,0.9999362385757653
522.25,7,1168.8302981858608,158,0.6583333333333333,0.9999985311730794,0.0018434585339699168,1.0019663739007767,0.9999696392135822,0.005562538341855608,1.0010786019682472,0.0014695803887734078,-0.9999832900664477,0.9999354796004065
522.25,7,1168.8302981858608,159,0.6625,0.9999984818297087,0.0021147817186764175,1.0024336532217901,0.9999694444655793,0.0056713899285076134,1.0017955893113852,0.0016823737904449302,-0.9999821299340659,0.9999313546453819
522.25,7,1168.8302981858608,160,0.6666666666666666,0.9999984214496374,0.0021633868592483355,1.0024937689535662,0.9999691076620597,0.005795914736998383,1.002326655654194,0.0017171396896253311,-0.9999817545156349,0.9999284808011778
522.25,7,1168.8302981858608,161,0.6708333333333333,0.9999983739971721,0.002030452536510259,1.0022371099489804,0.9999687322455514,0.00582815822822763,1.0023263904650344,0.0016079413752547672,-0.9999822021506882,0.9999270246052478
522.25,7,1168.8302981858608,162,0.675,0.9999983329086041,0.0019526574979015004,1.002073758875435,0.9999684063300406,0.005786619810744229,1.0019468150087354,0.0015429481224716963,-0.9999827272963087,0.9999289691243322
522.25,7,1168.8302981858608,163,0.6791666666666667,0.9999982891602858,0.0017819826367366375,1.0017129716395414,0.9999681403945465,0.0057214195384233885,1.001323799937019,0.0014052337536634354,-0.9999832860834481,0.9999310594325517
522.25,7,1168.8302981858608,164,0.6833333333333333,0.99999826242342,0.0017605790606476115,1.001651857263632,0.9999679531722563,0.005704397679395495,1.0009938123395414,0.0013855377253846862,-0.9999838002462285,0.9999331316917656
522.25,7,1168.8302981858608,165,0.6875,0.9999982214764338,0.002303243795491951,1.0026592498090932,0.9999677468060444,0.0057877279057654,1.0015789916578914,0.001808332785390897,-0.9999813203636874,0.9999293947130368
522.25,7,1168.8302981858608,166,0.6916666666666667,0.9999981419114277,0.0025954031771534226,1.0031283613215736,0.9999674274372294,0.0059835889014412755,1.0025452357147457,0.002032139503760574,-0.9999802996199941,0.9999253114851436
522.25,7,1168.8302981858608,167,0.6958333333333333,0.9999980747862044,0.0023821408826388774,1.0027421466326913,0.9999669860197095,0.006143827542392933,1.0030813629288033,0.0018597423260435211,-0.9999806659432918,0.9999211587206117
522.25,7,1168.8302981858608,168,0.7,0.9999980123029703,0.002279964237627966,1.0025372041391696,0.999966515793837,0.006093978700886133,1.0027064335017009,0.0017750514939641165,-0.9999811218436666,0.9999227780806317
522.25,7,1168.8302981858608,169,0.7041666666666667,0.9999979481631959,0.0021725797535513012,1.0023127687680435,0.9999661199899763,0.00600481778536624,1.0020892368472243,0.0016870058373828238,-0.9999816245221901,0.9999245956130227
522.25,7,1168.8302981858608,170,0.7083333333333334,0.9999979009204537,0.0021055768282185455,1.002163069124081,0.9999657930131028,0.005974142665865425,1.0017239512926488,0.001630753796878016,-0.9999820816828434,0.9999264120547281
522.25,7,1168.8302981858608,171,0.7125,0.9999978563601688,0.0022875692549204807,1.0024887901372956,0.9999655263891233,0.005999157743914716,1.0017429746239561,0.0017669593593235828,-0.9999813119484053,0.9999259302422611
522.25,7,1168.8302981858608,172,0.7166666666666667,0.9999977837491668,0.0025918734715300227,1.0030050340843542,0.9999652198804995,0.006116473442430677,1.0022966363573553,0.0019960748879509884,-0.9999803660795796,0.9999236534732975
522.25,7,1168.8302981858608,173,0.7208333333333333,0.999997684062899,0.0027684080703979813,1.0032758837499622,0.9999647505445997,0.006301973454128224,1.0029929773740092,0.002125147206894567,-0.9999793900089003,0.9999201455703333
522.25,7,1168.8302981858608,174,0.725,0.9999975900095261,0.0026740589340861153,1.0030839112516161,0.9999641766072713,0.0063961158229058025,1.0031947974277275,0.0020459458051509134,-0.9999797269294667,0.9999186728792918
522.25,7,1168.8302981858608,175,0.7291666666666666,0.9999975119807958,0.0025727719037023622,1.0028785604780321,0.999963626811136,0.0063802875207513085,1.0029488437936325,0.0019620739110539614,-0.9999801247328777,0.9999189673150067
522.25,7,1168.8302981858608,176,0.7333333333333333,0.9999974297974646,0.0024565917645071214,1.0026358276580645,0.9999631450563067,0.006302056153049683,1.002394967177316,0.0018676940607924627,-0.9999805728103444,0.9999205274150724
522.25,7,1168.8302981858608,177,0.7375,0.9999973584357338,0.0022898372062157106,1.0022837450223396,0.9999627436013366,0.006238355554446147,1.0018241575886835,0.0017357616368263733,-0.999981109299979,0.9999224568564161
522.25,7,1168.8302981858608,178,0.7416666666666667,0.9999972974389649,0.0026347278779854594,1.002916031961301,0.9999623901521129,0.006296541220792807,1.0020202865389882,0.0019908801765446023,-0.9999802023342841,0.9999216031253747
522.25,7,1168.8302981858608,179,0.7458333333333333,0.9999971792935181,0.0031840492051352447,1.003832906071722,0.9999619244954238,0.006505280589099222,1.0029174407494814,0.0023974541105239665,-0.9999785495949339,0.9999188683084583
522.25,7,1168.8302981858608,180,0.75,0.9999970499016697,0.0030956814235519846,1.003648948602214,0.9999613188450177,0.006751707620502314,1.0037230154252428,0.002322006035110073,-0.9999787199245043,0.9999155782009287
522.25,7,1168.8302981858608,181,0.7541666666666667,0.9999969394923035,0.0029276757658279998,1.003325402423411,0.9999606060387054,0.006796768377010654,1.0036952808142778,0.002187710145398065,-0.9999789642208428,0.9999148840008573
522.25,7,1168.8302981858608,182,0.7583333333333333,0.9999968221323643,0.0028515035640030704,1.0031524149151738,0.9999599547542438,0.00668810940315133,1.0030659868699474,0.0021231362607997068,-0.9999792671611858,0.9999158197406989
522.25,7,1168.8302981858608,183,0.7625,0.9999967177161302,0.0027336574674788334,1.0028992344562875,0.9999593835501136,0.006625786848813412,1.0025663887537262,0.0020282862892756492,-0.9999796682546421,0.9999171591055188
522.25,7,1168.8302981858608,184,0.7666666666666667,0.9999966316515808,0.0028145918389058163,1.0030223757573309,0.9999588962777103,0.0066303070131498365,1.0023934131651828,0.0020810138658497665,-0.9999795877518283,0.9999176762279733
522.25,7,1168.8302981858608,185,0.7708333333333334,0.9999965204504567,0.003100532920704104,1.0035086565124378,0.999958423819983,0.0067251120754911195,1.002705918389978,0.002283947483254277,-0.9999791880474506,0.9999174264175837
522.25,7,1168.8302981858608,186,0.775,0.999996363123883,0.003367396844700153,1.0039326490436322,0.9999578022945322,0.006932620994033564,1.0034304301749828,0.002470607088911001,-0.9999784845784816,0.9999154192612191
522.25,7,1168.8302981858608,187,0.7791666666666667,0.9999961912387776,0.0033771987484287357,1.0039055002498962,0.9999569951409827,0.007099521692265156,1.0038541504769323,0.0024675624684600693,-0.9999783090589683,0.9999139795017224
522.25,7,1168.8302981858608,188,0.7833333333333333,0.9999960429651737,0.0032532330313121177,1.0036471162027654,0.9999561588396352,0.007133312567001605,1.0037602742244829,0.002367232428084761,-0.9999784255008454,0.9999131292169787
522.25,7,1168.8302981858608,189,0.7875,0.9999958987217993,0.00318001857556241,1.0034733788317198,0.9999553965501036,0.007074810611935112,1.0033068988212035,0.0023047841842527552,-0.9999786448861516,0.9999137074768726
522.25,7,1168.8302981858608,190,0.7916666666666666,0.9999957515812867,0.0029927324055740935,1.0030732848707562,0.9999547178353395,0.006984519346341469,1.0026498283240788,0.0021608619286272194,-0.9999789472751403,0.9999146250815635
522.25,7,1168.8302981858608,191,0.7958333333333333,0.9999956357366357,0.0030703916085057744,1.0031872327306541,0.9999541441101127,0.006985722509897012,1.0024297025456197,0.002208496194096358,-0.9999791101493494,0.9999153877012859
522.25,7,1168.8302981858608,192,0.8,0.9999954711026653,0.003672832271300437,1.004242389929553,0.9999535018078693,0.007163496668457784,1.0031089283108467,0.002630921756172436,-0.999978528720843,0.999914857741606
522.25,7,1168.8302981858608,193,0.8041666666666667,0.9999952423415942,0.003850038515823927,1.0044967874802746,0.9999526917829413,0.0074441383290669615,1.0040348829475285,0.002745553857037835,-0.9999782701557696,0.9999138818063819
522.25,7,1168.8302981858608,194,0.8083333333333333,0.9999950414637666,0.0036453305115136843,1.0040900070398264,0.9999517075663865,0.007610263030952113,1.0043969408324125,0.0025877818518117227,-0.99997817771679,0.9999128999377083
522.25,7,1168.8302981858608,195,0.8125,0.9999948399204129,0.00357101557309481,1.0039043082928203,0.9999507202853422,0.007537795170598205,1.0038906043929359,0.002524021094369255,-0.9999781864600524,0.999912623785597
522.25,7,1168.8302981858608,196,0.8166666666666667,0.9999946383498738,0.003463141458296844,1.0036485543917664,0.999949840756669,0.007448934496529882,1.0032695861258931,0.0024375457675889756,-0.9999782876318971,0.9999127182214658
522.25,7,1168.8302981858608,197,0.8208333333333333,0.9999944696758055,0.0034393486892490134,1.003555633894637,0.9999490637515785,0.007429743966743005,1.002924912792342,0.002410834160616253,-0.9999784538889317,0.9999130748047862
522.25,7,1168.8302981858608,198,0.825,0.9999942924174835,0.003661249204821082,1.0039312915439198,0.9999483608967357,0.007489682385559279,1.0029899209052509,0.00255559762650715,-0.9999787182678928,0.9999138268443774
522.25,7,1168.8302981858608,199,0.8291666666666667,0.9999940510988782,0.003962570732755784,1.0044263732833802,0.99994756171807,0.0076707205143447975,1.0035846889197846,0.0027535785258331028,-0.9999787047358605,0.9999143203229871
522.25,7,1168.8302981858608,200,0.8333333333333334,0.9999937599020139,0.004098098201484635,1.0046050172070646,0.9999465091736203,0.007888861307831143,1.0041905828593287,0.002834508663626449,-0.9999785700617274,0.9999144898888483
522.25,7,1168.8302981858608,201,0.8375,0.9999934869231819,0.003997315701324092,1.0043604774535153,0.9999453347999272,0.00798368337412577,1.0042692669981022,0.0027519352807804103,-0.999978364509657,0.9999139542338791
522.25,7,1168.8302981858608,202,0.8416666666666667,0.9999932384549433,0.003922660302163847,1.004162151756197,0.9999442214592387,0.007965689821691378,1.0039253750074266,0.002688316295834094,-0.9999782546362206,0.9999133535395016
522.25,7,1168.8302981858608,203,0.8458333333333333,0.9999929772425277,0.003797271585573944,1.003853602031468,0.9999432147033502,0.007885557135463916,1.0032908391363258,0.00259116735128817,-0.9999782095059849,0.9999128666580568
522.25,7,1168.8302981858608,204,0.85,0.999992747700424,0.0036873678900243667,1.003568503580813,0.9999423437522996,0.007837277042416753,1.002748544557468,0.0025056682633227273,-0.9999782579243512,0.9999127528459058
522.25,7,1168.8302981858608,205,0.8541666666666666,0.9999925149237855,0.004119823531705677,1.0043656505091116,0.9999415064636591,0.007947746006807654,1.0030619389921689,0.002787286250632487,-0.9999790001792668,0.9999142346527728
522.25,7,1168.8302981858608,206,0.8583333333333333,0.9999921560595493,0.004564077618457046,1.005109499456156,0.9999404784639063,0.008204547663542934,1.003955861792511,0.003073352306835198,-0.9999795493051968,0.9999159806756388
522.25,7,1168.8302981858608,207,0.8625,0.9999917964071099,0.004431570451067985,1.004793801753128,0.9999392329019658,0.008449564344656236,1.0046212371987282,0.0029695689147217993,-0.9999791522586727,0.9999172728784396
522.25,7,1168.8302981858608,208,0.8666666666666667,0.9999914646008241,0.004314400438523375,1.004499820562143,0.9999378696106571,0.008468686223853961,1.0043888561654342,0.002877415429501995,-0.9999788476812841,0.9999164262105898
522.25,7,1168.8302981858608,209,0.8708333333333333,0.9999911177324937,0.004245940757928985,1.0042860494911963,0.9999366356075031,0.008376403370153777,1.0036946833982878,0.0028190527481942694,-0.9999786031939383,0.9999151669995228
522.25,7,1168.8302981858608,210,0.875,0.9999908064410069,0.00415986247549048,1.0040357828394044,0.9999355336309459,0.00833865877965975,1.00318853273637,0.002749919616397701,-0.9999784430445338,0.999914237934361
522.25,7,1168.8302981858608,211,0.8791666666666667,0.9999905218892473,0.004282638688232114,1.0042191089330799,0.9999345689511545,0.008366707405372648,1.0030281697118493,0.002818876312864416,-0.99997908667348,0.9999151173987628
522.25,7,1168.8302981858608,212,0.8833333333333333,0.9999901681336103,0.004563508888510788,1.0047001381144853,0.9999335994068734,0.008490658880195063,1.0033794491188355,0.0029903242149772608,-0.9999797920193761,0.9999168538635191
522.25,7,1168.8302981858608,213,0.8875,0.9999897183643552,0.004789914826871163,1.005044961427776,0.9999323652800692,0.008706153499126465,1.0040487176400732,0.0031239829185230935,-0.9999802624518178,0.9999195047730834
522.25,7,1168.8302981858608,214,0.8916666666666667,0.9999892547514739,0.004769878058966934,1.0049123809158886,0.9999308826187006,0.008854459269600372,1.0043185396506171,0.003096262531953078,-0.9999799715425123,0.9999200546052958
522.25,7,1168.8302981858608,215,0.8958333333333334,0.9999888424965961,0.004676371684235704,1.0046391537562454,0.9999294112258776,0.008884285181035343,1.0040930559406829,0.003021643728087336,-0.9999795619575889,0.9999195966555418
522.25,7,1168.8302981858608,216,0.9,0.999988429207345,0.004612225919673199,1.0044147193473463,0.9999280864608991,0.008837944618947794,1.0035264885741881,0.0029672187593644175,-0.9999792231970939,0.9999179915659938
522.25,7,1168.8302981858608,217,0.9041666666666667,0.9999880244660555,0.004453552073637016,1.003972396269518,0.9999269234675596,0.008776227969552575,1.0028132008835986,0.002853409835830907,-0.9999789801716679,0.9999167591766097
522.25,7,1168.8302981858608,218,0.9083333333333333,0.9999876800563948,0.0046200109388937595,1.0042575046716808,0.9999259259083876,0.008812215072495355,1.0026798949768803,0.002947905315035314,-0.9999796106051116,0.999917387182712
522.25,7,1168.8302981858608,219,0.9125,0.9999871952506414,0.005158168276343528,1.005267831837084,0.9999247814539025,0.008996544025022452,1.0033879490440092,0.003276939339238236,-0.9999816879284725,0.9999211520761359
522.25,7,1168.8302981858608,220,0.9166666666666666,0.9999866118742979,0.005222667173453302,1.0052842968339686,0.9999233876474434,0.00924198790816434,1.0042047003940637,0.0033026961020055697,-0.9999814663298118,0.999924375925357
522.25,7,1168.8302981858608,221,0.9208333333333333,0.9999860960382544,0.00506284987177982,1.0048550451098819,0.9999217629021198,0.009358256977888587,1.0043315478702421,0.003187197479716404,-0.9999809394590573,0.9999255196818018
522.25,7,1168.8302981858608,222,0.925,0.9999855710630684,0.005014983876969539,1.0046413700487746,0.9999202285318157,0.009299974475442356,1.0036724138577395,0.003143762124369811,-0.9999804680887651,0.9999234328242759
522.25,7,1168.8302981858608,223,0.9291666666666667,0.9999850664052482,0.004926062438842221,1.004329695304439,0.9999188945390161,0.009253318793315752,1.0030107938843325,0.003075757415314569,-0.9999800833669735,0.9999216786559123
522.25,7,1168.8302981858608,224,0.9333333333333333,0.9999846346827737,0.004944981418702989,1.0042723699372076,0.9999177608518897,0.009258894122944169,1.0026448051372086,0.003075738214075353,-0.9999803131603859,0.9999212417260787
522.25,7,1168.8302981858608,225,0.9375,0.9999841645704528,0.005158441218603692,1.0046528495561313,0.9999167478303722,0.009323735412665,1.0027166855798033,0.0031961568564304534,-0.999981438188856,0.9999227460684983
522.25,7,1168.8302981858608,226,0.9416666666666667,0.9999835575909829,0.005410035749813788,1.0050777125262946,0.9999155538435092,0.009478267039842439,1.0032892580456494,0.0033385549608259133,-0.9999823031958921,0.9999264981330592
522.25,7,1168.8302981858608,227,0.9458333333333333,0.9999828739394628,0.005492064044695715,1.0051193440145176,0.9999139979468394,0.009641400032234772,1.003736623307032,0.003375361974030184,-0.999982557701662,0.9999290292286391
522.25,7,1168.8302981858608,228,0.95,0.9999822549922549,0.00540497493983988,1.0048008630263168,0.9999123546697608,0.00970906461927961,1.0036456462691166,0.0033087250147383887,-0.999982004850015,0.999929630898679
522.25,7,1168.8302981858608,229,0.9541666666666667,0.9999816825666865,0.0053560078866993505,1.0045644312580553,0.9999108878548632,0.009699514316438479,1.003157400552079,0.0032666337179132455,-0.999981527151124,0.9999277753102961
522.25,7,1168.8302981858608,230,0.9583333333333334,0.9999810983485856,0.005242319503262792,1.0041511726772545,0.9999096425140858,0.009656132122920404,1.0024044143052049,0.0031865428160573342,-0.9999810904398534,0.9999258513330926
522.25,7,1168.8302981858608,231,0.9625,0.9999806096302999,0.005206801415360109,1.0039372626790262,0.9999086691191924,0.009647909892651909,1.001873354531206,0.003154928434777284,-0.999980701658733,0.9999241093458348
522.25,7,1168.8302981858608,232,0.9666666666666667,0.9999800691720216,0.005611749641473186,1.004820165428563,0.9999077162602618,0.009736779122108012,1.0022481260298217,0.0033890779618025503,-0.99998315539552,0.9999282822679928
522.25,7,1168.8302981858608,233,0.9708333333333333,0.9999792950556717,0.005893563934621442,1.005311149091075,0.9999064951219292,0.009909398686012606,1.0030679501502406,0.0035468057124104896,-0.999984248075914,0.9999324858843446
522.25,7,1168.8302981858608,234,0.975,0.9999785791626804,0.0057601495493484,1.0048612835529813,0.9999049929691908,0.010058838027295427,1.0035200990791724,0.003454324665970125,-0.9999836606182682,0.9999363462564933
522.25,7,1168.8302981858608,235,0.9791666666666666,0.9999779141464932,0.005691628657120368,1.0045510514272038,0.9999034552052158,0.010059015293078158,1.003050776060156,0.0034023025869831533,-0.999983136424068,0.9999343604116929
522.25,7,1168.8302981858608,236,0.9833333333333333,0.9999772483509255,0.005633596653193321,1.0042483463162846,0.9999022061601538,0.010017884337794977,1.0022672619349244,0.0033579617860909333,-0.9999826443954491,0.9999322593325879
522.25,7,1168.8302981858608,237,0.9875,0.9999766880209211,0.005584983374562856,1.0039778518596143,0.9999012240498423,0.010012345381727126,1.0017168478673055,0.0033202678464998602,-0.9999821877538012,0.9999302902996878
522.25,7,1168.8302981858608,238,0.9916666666666667,0.9999761710343992,0.005701531200743196,1.0041749270191063,0.999900496392226,0.010034075980439571,1.0015368825658868,0.0033810770908074893,-0.999983324681343,0.9999316522008384
522.25,7,1168.8302981858608,239,0.9958333333333333,0.9999755146000164,0.00591567319589111,1.0045953138419117,0.9998997556581887,0.010100461393437224,1.0018860050952165,0.003499041870402349,-0.9999843681714223,0.9999344506063514
522.25,8,1169.3302981858608,0,0.0,0.9999827464037431,0.0054689319937582465,0.9949815369362999,0.9999308950068478,0.008578541155168201,0.997008918162698,0.003549885845330116,-0.9999907091967051,0.9999635609178885
522.25,8,1169.3302981858608,1,0.004166666666666667,0.9999833553266909,0.005511444091924,0.9947731489551819,0.9999320190616303,0.008599634638500461,0.9965496060144424,0.0035936220368563616,-0.999990592946779,0.9999630617930753
522.25,8,1169.3302981858608,2,0.008333333333333333,0.9999839472894549,0.005653992147888935,0.994374009348185,0.9999332883674189,0.00867911841196189,0.9958574355642995,0.003704173747674644,-0.9999904881324246,0.9999626072643057
522.25,8,1169.3302981858608,3,0.0125,0.9999846033917212,0.005646298504177935,0.9942745790090368,0.9999347175521394,0.008696253687815843,0.9954621092124412,0.0037171175934093367,-0.9999904062790911,0.9999622206813337
522.25,8,1169.3302981858608,4,0.016666666666666666,0.999985183489136,0.005120836029469587,0.995235045173877,0.9999360907207938,0.008487276009290102,0.9959769483722775,0.0033867604560332723,-0.9999909369248955,0.9999631062476342
522.25,8,1169.3302981858608,5,0.020833333333333332,0.9999855971431161,0.004885341688788237,0.9956588370380783,0.999937236158527,0.008226763916593612,0.9968692669612877,0.0032449773425104115,-0.9999911260777155,0.999963921686012
522.25,8,1169.3302981858608,6,0.025,0.9999860585534971,0.005035129282565933,0.995234082658846,0.9999381645209301,0.008086937380881298,0.9973339878696433,0.0033586392131660014,-0.9999910201759166,0.9999646334687041
522.25,8,1169.3302981858608,7,0.029166666666666667,0.9999865376157465,0.005104989152715042,0.9949928503189547,0.9999390666835732,0.008109440219431016,0.9968967651746541,0.003420409082761488,-0.9999909349514973,0.9999642591415036
522.25,8,1169.3302981858608,8,0.03333333333333333,0.9999870081062533,0.005187356631063483,0.994738076665447,0.9999401208982254,0.008187152461761656,0.9962253870898752,0.003491818483240203,-0.999990861534134,0.9999639312500402
522.25,8,1169.3302981858608,9,0.0375,0.9999875278857469,0.0052276827437432,0.9945637893564956,0.9999412949867423,0.008216252529454094,0.9958129889178878,0.0035357717653131324,-0.9999908096472403,0.999963667856525
522.25,8,1169.3302981858608,10,0.041666666666666664,0.9999880441501353,0.005020914733756942,0.9948646315612909,0.9999425617869557,0.008144707653209349,0.995790206992781,0.003412020656195104,-0.9999909541942409,0.9999638379087328
522.25,8,1169.3302981858608,11,0.04583333333333333,0.9999884642336179,0.004733096841976393,0.9953489482336152,0.9999437500118209,0.007945255346434633,0.9962980900852796,0.003230939678095847,-0.9999910796260019,0.9999641821795239
522.25,8,1169.3302981858608,12,0.05,0.9999888026084142,0.004581166410350283,0.9955848723916589,0.999944673835575,0.007746917426531018,0.996942383316098,0.0031406860544452605,-0.9999911781060686,0.9999646287719136
522.25,8,1169.3302981858608,13,0.05416666666666667,0.9999891575122231,0.004651124034733508,0.9953651995294613,0.9999454474432942,0.007667343552879627,0.9970936144584766,0.0032023153008863695,-0.9999911228976179,0.9999647082768885
522.25,8,1169.3302981858608,14,0.058333333333333334,0.9999895533361286,0.004724520099951835,0.995138526383763,0.9999462738219048,0.007670793825993783,0.9968066112091345,0.0032671549404132607,-0.999991080056463,0.9999646421672733
522.25,8,1169.3302981858608,15,0.0625,0.999989935849874,0.004820597488832076,0.9948800655209821,0.9999472106493057,0.007742408845137412,0.9962240359382445,0.0033489249417289696,-0.9999910480679646,0.9999644799964298
522.25,8,1169.3302981858608,16,0.06666666666666667,0.9999903380429483,0.004978005929149375,0.9945161963523045,0.9999482597262901,0.00783079067585446,0.99563199268051,0.003474748450697595,-0.9999910356076588,0.9999643955117526
522.25,8,1169.3302981858608,17,0.07083333333333333,0.9999907536433836,0.004600753072537622,0.995129115156011,0.9999493600143613,0.007712293404445441,0.9958040691980327,0.003226156792122135,-0.9999910953738976,0.999964481084946
522.25,8,1169.3302981858608,18,0.075,0.9999910399868707,0.004112529283108414,0.9960197077629535,0.9999502978109267,0.0074340903742956405,0.9966697479999262,0.0028960459056845407,-0.9999911874523747,0.9999646665605059
522.25,8,1169.3302981858608,19,0.07916666666666666,0.9999913033670496,0.004181575528244583,0.9958161447609797,0.9999510545775484,0.007226633016335855,0.9974424279747602,0.0029564221261608845,-0.9999911614217791,0.9999647571423308
522.25,8,1169.3302981858608,20,0.08333333333333333,0.9999916054968737,0.004321055059277673,0.9954765682602573,0.9999516901642369,0.007192321967421534,0.9973881407791417,0.00306748230351876,-0.9999911485274182,0.9999647581837506
522.25,8,1169.3302981858608,21,0.0875,0.9999918943231533,0.0043870138763482764,0.9952908670533992,0.9999524144881639,0.007273856708575285,0.9967422652491043,0.003127624828038661,-0.9999911464229089,0.9999647157070934
522.25,8,1169.3302981858608,22,0.09166666666666666,0.9999922032713208,0.0044945097717626,0.9950315975964612,0.9999532351421277,0.007340767787349363,0.9962328879047796,0.0032183517870993717,-0.9999911627763348,0.9999647470935418
522.25,8,1169.3302981858608,23,0.09583333333333334,0.9999925366763408,0.004390601396283668,0.9951508772353521,0.9999541457369725,0.007325178050307793,0.9960570020239029,0.003157758500888343,-0.9999911536980578,0.9999647548711067
522.25,8,1169.3302981858608,24,0.1,0.9999928240154894,0.004096018236620049,0.9956274586718126,0.9999550614102627,0.007180879679760501,0.996366075479054,0.002958285340560078,-0.9999911256731271,0.9999647224556116
522.25,8,1169.3302981858608,25,0.10416666666666667,0.9999930407524737,0.003854159493237418,0.9960341197988303,0.9999558092451745,0.006961962380000565,0.9970790837209824,0.0027945030347331255,-0.9999910712862657,0.9999645361534827
522.25,8,1169.3302981858608,26,0.10833333333333334,0.9999932394175073,0.0038496597394241665,0.9959932245429889,0.9999563676510289,0.006840630017174994,0.9974883964129727,0.0028018223854065247,-0.9999910685297937,0.9999644119215623
522.25,8,1169.3302981858608,27,0.1125,0.9999934718189412,0.0039608898362209115,0.9957288211590122,0.9999569066477805,0.006820365540414094,0.9973864797794478,0.002893800042548526,-0.9999910961855716,0.9999643602141695
522.25,8,1169.3302981858608,28,0.11666666666666667,0.9999937090421147,0.004027201302903278,0.9955540095256737,0.9999575264319678,0.006868575895979459,0.9969374577344853,0.002953904144074032,-0.9999911416418339,0.999964508079327
522.25,8,1169.3302981858608,29,0.12083333333333333,0.9999939411265834,0.004223331618800401,0.9951583386775437,0.9999582269592054,0.006975793393368163,0.9962950130116024,0.0031106164999081852,-0.9999912013811484,0.9999647136661108
522.25,8,1169.3302981858608,30,0.125,0.9999942046702692,0.0041249192464707304,0.9952741568256748,0.9999590154881756,0.006975181230152208,0.9960912819300213,0.0030505965993163427,-0.9999911992673496,0.999964817050944
522.25,8,1169.3302981858608,31,0.12916666666666668,0.9999944116794875,0.0035190886019034746,0.996320124804109,0.9999597338355578,0.006743114635367525,0.9967791594358991,0.0026123479519659623,-0.9999908948834252,0.9999643541040716
522.25,8,1169.3302981858608,32,0.13333333333333333,0.9999945535241233,0.0033701663773451312,0.9965674148038729,0.9999603036324629,0.0065058568401362826,0.9977091956101528,0.002510338647386047,-0.9999908382056824,0.999963811809206
522.25,8,1169.3302981858608,33,0.1375,0.9999947263899729,0.0035602308276318903,0.996159868821572,0.9999607329445901,0.006412267728626558,0.9980782079236769,0.002660728997054307,-0.9999908958006412,0.9999634056120879
522.25,8,1169.3302981858608,34,0.14166666666666666,0.9999949002094345,0.0036375976543173523,0.9959751516981606,0.9999611687963001,0.006461030914787184,0.9975888539115186,0.0027280607907198906,-0.9999909708973649,0.999963671480974
522.25,8,1169.3302981858608,35,0.14583333333333334,0.9999950746554178,0.003754482206281661,0.9957264233493675,0.99996169408483,0.006545323258394955,0.9969927101820046,0.002825960258746356,-0.9999910614058172,0.9999639999882179
522.25,8,1169.3302981858608,36,0.15,0.9999952750004684,0.003774731295612787,0.995645173179981,0.9999622944006347,0.0065753315649179755,0.996679979990578,0.002851621696006897,-0.9999910940752782,0.9999642345564651
522.25,8,1169.3302981858608,37,0.15416666666666667,0.999995465592707,0.0035279107806533714,0.9960300036129078,0.9999629426083128,0.006500487260889027,0.9967805515368569,0.0026746103347040596,-0.9999909043625782,0.9999640592459463
522.25,8,1169.3302981858608,38,0.15833333333333333,0.9999956072708597,0.0032324489676059643,0.9965258035397792,0.9999635153053745,0.006313538375758144,0.9974048333558534,0.0024585575427463462,-0.9999906876895308,0.9999633821604127
522.25,8,1169.3302981858608,39,0.1625,0.9999957162678866,0.0031199402337150892,0.9967038256402961,0.9999639104752936,0.0061664294336675265,0.9980344991400997,0.002380138383610394,-0.9999905404534015,0.9999626580346243
522.25,8,1169.3302981858608,40,0.16666666666666666,0.9999958413749594,0.003228495543056911,0.9964665913757664,0.9999642287252706,0.006124051908885655,0.9981401186951382,0.0024702748719707956,-0.9999906458791162,0.9999623815459173
522.25,8,1169.3302981858608,41,0.17083333333333334,0.999995983806153,0.0033100828135416735,0.996281204491462,0.9999645917907418,0.006144829552969284,0.9978340277231368,0.002540435199860441,-0.999990768287245,0.9999626723495417
522.25,8,1169.3302981858608,42,0.175,0.9999961187276895,0.0034566101503658566,0.9959913493266835,0.9999650238093,0.00622651467337812,0.9972493611794949,0.0026614309103231257,-0.9999909016444691,0.9999631726215109
522.25,8,1169.3302981858608,43,0.17916666666666667,0.9999962710035185,0.0035911242227965002,0.995727266561623,0.9999655346927072,0.006302510563710157,0.9967628639900554,0.002774116917955729,-0.9999910509006424,0.9999637382175629
522.25,8,1169.3302981858608,44,0.18333333333333332,0.9999964201356497,0.003098591550153247,0.9965357243037625,0.9999660593021876,0.006170770970400262,0.9971273748732451,0.0024008939997325145,-0.9999905244392834,0.9999629889564705
522.25,8,1169.3302981858608,45,0.1875,0.9999965042106224,0.0026804517759307736,0.9972874174762136,0.99996646816268,0.005950186341258789,0.9980664410873363,0.002082399233154815,-0.9999900228041244,0.9999617981655782
522.25,8,1169.3302981858608,46,0.19166666666666668,0.9999965917285281,0.0028213771244925754,0.9969872869466478,0.9999667538354554,0.005830433243404583,0.9987777899543461,0.002197136765950977,-0.999990159135328,0.9999604985836713
522.25,8,1169.3302981858608,47,0.19583333333333333,0.9999966952523968,0.0029546670642379815,0.9967113786246713,0.9999669765170336,0.005831374670708526,0.9985999237086587,0.0023066626313376763,-0.9999903146215907,0.9999607002172906
522.25,8,1169.3302981858608,48,0.2,0.9999967931850192,0.0030466045398720703,0.9965203730791874,0.9999672696759953,0.005898787720012754,0.9979696055738466,0.002384730705829047,-0.9999904816433791,0.9999613334916609
522.25,8,1169.3302981858608,49,0.20416666666666666,0.9999969068469391,0.003157003394623961,0.9962991493506399,0.9999676288901227,0.0059513949010784675,0.9975339980805338,0.00247785275355977,-0.9999906646037485,0.9999620326952239
522.25,8,1169.3302981858608,50,0.20833333333333334,0.9999970303519037,0.0030121370290609587,0.9965122815762654,0.9999680502363886,0.005933662533858747,0.9974503358684926,0.0023704231211437747,-0.9999904065282631,0.9999618848862423
522.25,8,1169.3302981858608,51,0.2125,0.9999971265414609,0.002708208654337417,0.9970174965410253,0.9999684620776513,0.0058135008328709945,0.9978767244335067,0.0021363661197609284,-0.9999900239174458,0.9999611451082726
522.25,8,1169.3302981858608,52,0.21666666666666667,0.9999971894676434,0.0024992149946747692,0.9973821493943894,0.9999687430851948,0.005675959960974496,0.9986155802312037,0.001975633628767385,-0.9999896044747658,0.9999595432914925
522.25,8,1169.3302981858608,53,0.22083333333333333,0.9999972508061927,0.002543675613409931,0.9972756731621428,0.9999689059462069,0.005624895816899602,0.9989561158466375,0.0020147501785872973,-0.9999896910832298,0.99995885889105
522.25,8,1169.3302981858608,54,0.225,0.9999973317312117,0.0026600239987257033,0.9970354009947541,0.9999690725113544,0.005624662338008621,0.9988096086384856,0.0021111171567401985,-0.999989892938829,0.9999588163185525
522.25,8,1169.3302981858608,55,0.22916666666666666,0.999997412928864,0.00275053452415614,0.9968495326098661,0.9999693004351432,0.005664761078676938,0.9983340575221785,0.0021875884748998285,-0.9999901111034409,0.9999596535840972
522.25,8,1169.3302981858608,56,0.23333333333333334,0.9999974963908179,0.0029702942486588423,0.9964512904143488,0.9999695901759399,0.005745800061061658,0.9977202882627828,0.0023677447325495212,-0.9999903495379814,0.9999605753135031
522.25,8,1169.3302981858608,57,0.2375,0.9999975968032689,0.002760414270523997,0.9967751258420939,0.9999699402226774,0.005722133187340155,0.9976861674837392,0.002205154999695188,-0.9999900885695293,0.9999605162012147
522.25,8,1169.3302981858608,58,0.24166666666666667,0.9999976586043398,0.0021741818808981143,0.9978180389544407,0.9999702235469712,0.00556061778829238,0.9984884952580056,0.0017399083319153833,-0.9999888649447656,0.9999586223068675
522.25,8,1169.3302981858608,59,0.24583333333333332,0.9999976965486221,0.0021370836583573796,0.9978745005004571,0.999970400749402,0.00545705283413984,0.999399879558273,0.0017126379478207292,-0.999988888490291,0.9999565536757903
522.25,8,1169.3302981858608,60,0.25,0.9999977543016622,0.002324814699097585,0.9974895612179677,0.9999704804865055,0.005439545963405325,0.9996281851829067,0.0018656266020119587,-0.9999891254279677,0.9999555833663714
522.25,8,1169.3302981858608,61,0.25416666666666665,0.9999978104824967,0.0024042743036174373,0.9973236490128746,0.9999705864028099,0.005462342014809359,0.9990799934514566,0.001932337025566248,-0.9999893794374539,0.9999565589398934
522.25,8,1169.3302981858608,62,0.25833333333333336,0.9999978715706628,0.0025383943891840667,0.9970666105491073,0.9999707589617044,0.005505909971056508,0.9985354414449752,0.002043457453616919,-0.9999896572870925,0.9999576342116503
522.25,8,1169.3302981858608,63,0.2625,0.9999979484206094,0.002523126265978769,0.9970667566015037,0.9999709935541229,0.005519612616763515,0.9982928210246355,0.002034462923192221,-0.9999896129696032,0.9999580849201724
522.25,8,1169.3302981858608,64,0.26666666666666666,0.9999980161549945,0.0022603500050047353,0.9975029821605663,0.9999712588285127,0.0054664783108338486,0.9984903478205069,0.0018252276212714334,-0.9999890564674191,0.9999575557951043
522.25,8,1169.3302981858608,65,0.2708333333333333,0.9999980564189663,0.0019969159227168874,0.9979801131374803,0.9999714506641364,0.00537412327503955,0.9991856236422734,0.0016143154360194218,-0.9999884322455541,0.9999553471929803
522.25,8,1169.3302981858608,66,0.275,0.9999980832202203,0.0019409935238509535,0.9980779563175504,0.9999715077012131,0.005340590710558271,0.9997566731001619,0.0015705408138203681,-0.9999881716352947,0.9999536047021064
522.25,8,1169.3302981858608,67,0.2791666666666667,0.9999981237236474,0.002061897218120842,0.9978228537826218,0.9999715237425721,0.005338277902955885,0.9997953058421742,0.0016698371401822735,-0.9999884602991825,0.9999528658630705
522.25,8,1169.3302981858608,68,0.2833333333333333,0.9999981726682156,0.002140892794979755,0.9976549458014853,0.9999715842285917,0.005345006712708716,0.9994463848888431,0.0017354829312108823,-0.999988777754502,0.9999539437116977
522.25,8,1169.3302981858608,69,0.2875,0.9999982184082541,0.0023215286124520303,0.9973173728973588,0.9999717005272051,0.005382495203961623,0.998841532884338,0.0018840249849181917,-0.9999891081430535,0.9999552259555162
522.25,8,1169.3302981858608,70,0.2916666666666667,0.9999982790798909,0.0023903719130856736,0.9971780458611165,0.9999718864098222,0.00541299532975886,0.9984604314696505,0.0019421034405521932,-0.999989452745009,0.9999565694774336
522.25,8,1169.3302981858608,71,0.29583333333333334,0.9999983307538419,0.0018502072406246881,0.9981287733977134,0.9999720665309444,0.005334070039687458,0.9989818441905693,0.0015044692255668784,-0.9999878799232318,0.9999541569069961
522.25,8,1169.3302981858608,72,0.3,0.9999983461144929,0.0015831619275480369,0.9986950817252619,0.9999721508581263,0.005277350233589093,0.9999493327531497,0.001287876743849777,-0.9999870316598681,0.9999513326730742
522.25,8,1169.3302981858608,73,0.30416666666666664,0.999998371359974,0.001741090820746467,0.9983264326386748,0.9999721331878955,0.005293480131059524,1.0005553552114235,0.001416665431697203,-0.999987350584368,0.9999483131750411
522.25,8,1169.3302981858608,74,0.30833333333333335,0.9999984037312042,0.001845609260700383,0.998099173655324,0.99997208343225,0.005286528167342116,1.0002482773679653,0.001502220583150664,-0.999987705075915,0.9999494904135134
522.25,8,1169.3302981858608,75,0.3125,0.9999984345732955,0.001950458064629592,0.9978861712980476,0.9999720984454589,0.0052886314706418105,0.9996310959911474,0.0015883189093677768,-0.9999880748952839,0.9999509196693517
522.25,8,1169.3302981858608,76,0.31666666666666665,0.9999984784686052,0.0020377523249195083,0.9977087618993589,0.9999721714944915,0.0053018321184664504,0.9992507127309348,0.0016602651768425852,-0.999988460086273,0.9999524156110289
522.25,8,1169.3302981858608,77,0.32083333333333336,0.9999985263786749,0.001865492225124237,0.9979987845858171,0.9999722976611088,0.005290442960088296,0.9992433771067382,0.0015205599484891953,-0.9999877487846844,0.9999517765849146
522.25,8,1169.3302981858608,78,0.325,0.999998555182481,0.0015980495796776596,0.9985118484689177,0.9999724021493411,0.005256011281222826,0.9997642113592158,0.0013027474182178034,-0.9999869444480184,0.9999498635626365
522.25,8,1169.3302981858608,79,0.32916666666666666,0.9999985649741497,0.0014624344695155717,0.9988143728088447,0.9999723836271355,0.005266422949903821,1.000487645509514,0.0011920102887724403,-0.9999860677293518,0.9999465788194718
522.25,8,1169.3302981858608,80,0.3333333333333333,0.999998578693512,0.0015294578440829315,0.9986459733790176,0.9999722772292651,0.005291338194435875,1.0007425650688908,0.0012463262555684463,-0.999986444544281,0.9999455447877283
522.25,8,1169.3302981858608,81,0.3375,0.9999986054304776,0.0016223207686622263,0.9984281136021751,0.9999721874318028,0.005287479312000388,1.00053842609852,0.0013217152157364634,-0.9999868477793037,0.9999458594226652
522.25,8,1169.3302981858608,82,0.3416666666666667,0.9999986312048442,0.0017249908398216504,0.9982089527294689,0.9999721533943965,0.00527701043260122,1.000021610831451,0.0014052475732660094,-0.9999872687248492,0.9999474828327466
522.25,8,1169.3302981858608,83,0.3458333333333333,0.9999986626136042,0.0019210242268271512,0.9978330400995589,0.9999721799546593,0.005289205922520028,0.9994421981027952,0.0015650106574297605,-0.9999877272700987,0.9999492663228396
522.25,8,1169.3302981858608,84,0.35,0.9999987034950524,0.0016245873871251143,0.9983625727095056,0.9999722526735957,0.005276299889625238,0.9995711009054351,0.0013233079383766228,-0.9999868230908903,0.9999483460968893
522.25,8,1169.3302981858608,85,0.3541666666666667,0.9999987134696093,0.0012280983439161897,0.999334345564586,0.9999722516973979,0.005277320447151944,1.0004513475105516,0.0009998033979074568,-0.9999846222481799,0.9999448747195485
522.25,8,1169.3302981858608,86,0.35833333333333334,0.9999987152986165,0.0012603027916312693,0.9992209933626764,0.999972152381743,0.005357392713201063,1.0013078072404258,0.001025130484991675,-0.9999850211499065,0.9999410304602264
522.25,8,1169.3302981858608,87,0.3625,0.9999987308770398,0.001379951470465228,0.9988735641511329,0.9999719714107552,0.005382897105409206,1.001377188198514,0.0011214849001654843,-0.9999854454352479,0.9999401446808946
522.25,8,1169.3302981858608,88,0.36666666666666664,0.9999987444350978,0.0014465357976359838,0.9987070803467832,0.9999718305947175,0.005336199136705206,1.0007821300210569,0.0011747706881553837,-0.9999858920338216,0.9999418481570025
522.25,8,1169.3302981858608,89,0.37083333333333335,0.9999987648346272,0.0015613170751405446,0.9984503645230544,0.9999717512024726,0.005318668111557676,1.0002808741537386,0.0012672048186217347,-0.999986382931486,0.9999437398618427
522.25,8,1169.3302981858608,90,0.375,0.99999879650337,0.0015101785974453244,0.9985333266192952,0.9999717333736586,0.005317092806486942,1.0000984904664674,0.0012249056800375869,-0.9999861034671393,0.9999441218456676
522.25,8,1169.3302981858608,91,0.37916666666666665,0.9999988185646702,0.0012946295715099167,0.9990058777712563,0.9999717353084913,0.00532344535606386,1.0003857713107074,0.0010491800812742445,-0.9999851897826475,0.9999431163130393
522.25,8,1169.3302981858608,92,0.38333333333333336,0.999998820452901,0.0011536611536046553,0.9994499020412535,0.9999716482176839,0.005383124811030922,1.0011197944946724,0.0009338324455156428,-0.9999841171529303,0.999939173062889
522.25,8,1169.3302981858608,93,0.3875,0.999998816140247,0.0011521067388935425,0.9994644376281929,0.9999714339525427,0.005464282740933656,1.001609009913835,0.0009313074038443192,-0.9999839140679125,0.9999367182597985
522.25,8,1169.3302981858608,94,0.39166666666666666,0.9999988243707123,0.001221305382429745,0.9992053844255915,0.9999711945442802,0.005481089789591708,1.00157408624357,0.0009858911795247699,-0.999984366949314,0.9999356922133259
522.25,8,1169.3302981858608,95,0.3958333333333333,0.9999988372636248,0.0012742249716202112,0.9990403424234071,0.9999710047753139,0.005448162453530883,1.0011730951081905,0.0010273033745320861,-0.9999848724229031,0.9999376125181508
522.25,8,1169.3302981858608,96,0.4,0.9999988493000328,0.0014308648470942958,0.9986617353854672,0.9999708714458488,0.005411026366152298,1.0005490706986486,0.0011523095130546457,-0.9999854066067492,0.9999396577090475
522.25,8,1169.3302981858608,97,0.4041666666666667,0.9999988754574362,0.0014106519930134308,0.9986852677560608,0.9999708100019196,0.005406618540475028,1.0002882330486775,0.001134727033735691,-0.9999856427225954,0.9999411482887798
522.25,8,1169.3302981858608,98,0.4083333333333333,0.9999988874677986,0.0010729770542140806,0.999721659140243,0.999970720972564,0.005451451947430235,1.0009377909568558,0.0008618110126540531,-0.9999831074059493,0.9999372743315534
522.25,8,1169.3302981858608,99,0.4125,0.9999988740767939,0.001062773369918299,1.0000844314465738,0.9999705295916593,0.005592380138792067,1.0019014703000477,0.000852015123249564,-0.9999823370417514,0.9999330546502178
522.25,8,1169.3302981858608,100,0.4166666666666667,0.9999988730501144,0.0010845929138767936,0.9996857502911123,0.9999702297145255,0.005707211385366133,1.0023701091952575,0.0008677524441687451,-0.999982766920734,0.9999293491332624
522.25,8,1169.3302981858608,101,0.42083333333333334,0.999998875073336,0.001119272045063373,0.9994944729909782,0.9999699161592072,0.005654613067018504,1.0019465607082698,0.0008938204344833079,-0.999983258950001,0.9999311773055604
522.25,8,1169.3302981858608,102,0.425,0.9999988778246827,0.001182101426405961,0.9992584006881428,0.9999696714658745,0.005588811581490486,1.0013472416960414,0.0009423448685301709,-0.999983790958661,0.9999331766135021
522.25,8,1169.3302981858608,103,0.42916666666666664,0.9999988936030647,0.0012149700802303674,0.9991404209493673,0.9999694904153374,0.00556986969841485,1.00101429873766,0.0009668803292283577,-0.9999841339442598,0.9999348582204305
522.25,8,1169.3302981858608,104,0.43333333333333335,0.999998909876484,0.0011031877847346439,0.9994963413604723,0.9999693605802324,0.005587516452423875,1.0010784850569068,0.0008763096819463688,-0.9999832143483006,0.9999341262407591
522.25,8,1169.3302981858608,105,0.4375,0.9999989075952372,0.0010451896673954542,1.0000057755310345,0.9999691868615731,0.005675838138461464,1.001675944548292,0.0008284608224988869,-0.9999821323091772,0.9999311774302931
522.25,8,1169.3302981858608,106,0.44166666666666665,0.999998890414014,0.0010663537696525317,1.000234652365149,0.9999688669361508,0.0058216372440457395,1.002351585280328,0.0008432093997496259,-0.9999812075380234,0.9999273962246993
522.25,8,1169.3302981858608,107,0.44583333333333336,0.9999988803542861,0.001058226520804283,1.000019882649912,0.9999684651911079,0.005889822427432524,1.0025152515531834,0.0008347202326982585,-0.9999816474605037,0.9999259051905804
522.25,8,1169.3302981858608,108,0.45,0.9999988810892089,0.0010649758460220906,0.9998252996143674,0.9999680921695638,0.005867364243201097,1.0022467207901191,0.0008380257940664179,-0.999982141083384,0.9999266973841594
522.25,8,1169.3302981858608,109,0.45416666666666666,0.9999988798218232,0.001103195801489076,0.9995599538811343,0.9999677797204447,0.005799270372359056,1.0016814742540485,0.0008661477911184182,-0.9999826717746126,0.9999286573737465
522.25,8,1169.3302981858608,110,0.4583333333333333,0.9999988878203542,0.0011818567226906168,0.9992458230693242,0.9999675411531812,0.005755124846347146,1.001151868392308,0.000925908452142976,-0.9999832630084485,0.9999308748209874
522.25,8,1169.3302981858608,111,0.4625,0.9999989002799897,0.001048905994114211,0.9999688950241781,0.9999673365761744,0.0058045095447205,1.0014355619153854,0.0008197829474264771,-0.9999817932683885,0.99992906175102
522.25,8,1169.3302981858608,112,0.4666666666666667,0.9999988796360447,0.0012040094306714026,1.0008118405635196,0.9999670311565835,0.005979289593934574,1.0023620898412662,0.0009383900975443267,-0.9999798435302453,0.9999252702041211
522.25,8,1169.3302981858608,113,0.4708333333333333,0.999998858579097,0.0011412256691399243,1.0005675679678454,0.9999666040626571,0.006187286349922071,1.0031311542013464,0.0008867409024727971,-0.9999801845548016,0.9999209895616857
522.25,8,1169.3302981858608,114,0.475,0.9999988489827901,0.0010895654666269055,1.0002688696895812,0.9999660937122667,0.006204491652531798,1.0030343143936302,0.0008440718013900343,-0.9999805944715077,0.9999208068428772
522.25,8,1169.3302981858608,115,0.4791666666666667,0.9999988367145612,0.0010804003519351416,1.000089217052836,0.9999656431982,0.0061027909623700026,1.0024059551675613,0.0008346079460666852,-0.9999810508652834,0.9999224206112775
522.25,8,1169.3302981858608,116,0.48333333333333334,0.9999988344679226,0.001084812797161818,0.9998497665493155,0.9999652624802305,0.006051039901801897,1.0019397293484615,0.0008357176141296865,-0.9999815782560252,0.9999243321893185
522.25,8,1169.3302981858608,117,0.4875,0.999998842253014,0.001076054841320686,1.0000171486582703,0.9999649544621967,0.006056532987791011,1.0018105669488842,0.0008266630640351884,-0.9999812006859855,0.9999245528901447
522.25,8,1169.3302981858608,118,0.49166666666666664,0.9999988361259681,0.0011387094534537866,1.0005154683427897,0.9999646516656496,0.006141667721098624,1.002180371068202,0.0008721658696999463,-0.9999804039224648,0.9999234321311408
522.25,8,1169.3302981858608,119,0.49583333333333335,0.9999988081650398,0.0012689821878905778,1.0009152754044552,0.9999642139001315,0.006327178876344029,1.0029187872661565,0.0009687234879156892,-0.9999793625025416,0.9999199629901203
522.25,8,1169.3302981858608,120,0.5,0.999998777133433,0.0012588683787572894,1.0008511070473474,0.9999636262899717,0.006467150034975303,1.0033071356823369,0.0009576927215312456,-0.9999793211755313,0.9999179934819674
522.25,8,1169.3302981858608,121,0.5041666666666667,0.9999987607919645,0.0011918838826770854,1.000602476038981,0.999963023894641,0.00648458683683214,1.0031906625598703,0.0009036318434466931,-0.9999796537438722,0.9999172712988911
522.25,8,1169.3302981858608,122,0.5083333333333333,0.9999987467912302,0.0011592796835173376,1.000426050204716,0.9999624856896113,0.006420452985567089,1.0027269656231381,0.0008760208977721479,-0.9999800662064179,0.999918673362549
522.25,8,1169.3302981858608,123,0.5125,0.9999987341640889,0.0011252314405974897,1.0000248954651334,0.999962019215001,0.006336775880925629,1.0020873758086788,0.0008476401144988099,-0.9999805568600593,0.9999204015179871
522.25,8,1169.3302981858608,124,0.5166666666666667,0.9999987381550854,0.0011362846234763053,1.0002420948647264,0.9999616383865338,0.006345847681107557,1.001955493663406,0.0008532268977755876,-0.9999804755706202,0.9999210800422538
522.25,8,1169.3302981858608,125,0.5208333333333334,0.9999987161292211,0.0014598212058424935,1.0013025455908346,0.9999611903006267,0.006514668208625413,1.0026985759596159,0.0010922768321611947,-0.9999787747480211,0.9999187118702006
522.25,8,1169.3302981858608,126,0.525,0.999998669766813,0.0015482236269411045,1.0014617284912986,0.9999606025170601,0.0067774680233569605,1.0036223110808653,0.0011539117988750458,-0.9999784956501392,0.9999158496223453
522.25,8,1169.3302981858608,127,0.5291666666666667,0.9999986403672934,0.0013884945017091535,1.0010666691547732,0.9999598707695629,0.006913022750963165,1.0039220060687033,0.0010307705046443277,-0.9999786585865118,0.9999139076402982
522.25,8,1169.3302981858608,128,0.5333333333333333,0.9999986108923135,0.0013381722273038657,1.000896613652166,0.9999591473381686,0.006825429603129635,1.0033922104363906,0.00098966201479833,-0.9999789067153596,0.9999146125357685
522.25,8,1169.3302981858608,129,0.5375,0.9999985848570125,0.001273318031425793,1.0006423840182965,0.9999585117763433,0.006739058512286609,1.002806380083823,0.0009382696603804142,-0.9999792490643364,0.9999157032521584
522.25,8,1169.3302981858608,130,0.5416666666666666,0.9999985758765336,0.001265738410578719,1.0005967859806955,0.9999579624598675,0.006721188259765231,1.0025079236395558,0.0009293174307494743,-0.9999794215162257,0.9999165728654902
522.25,8,1169.3302981858608,131,0.5458333333333333,0.9999985621801382,0.0013944497164721957,1.0010071558290219,0.999957468416228,0.006781541988490468,1.0026332460814718,0.001019997281821174,-0.9999791686601113,0.9999167518183405
522.25,8,1169.3302981858608,132,0.55,0.9999985212527214,0.0016135985409296972,1.0015010959785229,0.9999568821989063,0.006962174110347381,1.0032777666227002,0.001175545773805496,-0.9999786186245909,0.999915436009545
522.25,8,1169.3302981858608,133,0.5541666666666667,0.9999984628134141,0.0017006303677956963,1.0016475395792954,0.9999560855411358,0.0071671744150561744,1.0038686305409703,0.0012337191258435824,-0.9999782169695879,0.9999139759512837
522.25,8,1169.3302981858608,134,0.5583333333333333,0.9999984171165739,0.0016013101618304409,1.0014019194319617,0.9999551982689632,0.007244421603094335,1.003926952160934,0.001156745795711447,-0.9999782639319535,0.9999129108613632
522.25,8,1169.3302981858608,135,0.5625,0.9999983827844343,0.0015384846892823574,1.0012252672824642,0.9999543635734743,0.007211960242285075,1.0035774534197714,0.0011067759476366956,-0.9999784171264064,0.9999130646657806
522.25,8,1169.3302981858608,136,0.5666666666666667,0.9999983444878617,0.0014376702171147086,1.000907477479038,0.999953611582926,0.007122402402220056,1.0029506698332493,0.0010301823682324306,-0.9999786337047804,0.999913629307628
522.25,8,1169.3302981858608,137,0.5708333333333333,0.999998323855379,0.0013846768651494831,1.0006947710868226,0.9999529712810942,0.007077422195407287,1.0024774679569994,0.0009883899950298867,-0.999978930408203,0.9999145211442174
522.25,8,1169.3302981858608,138,0.575,0.999998298909024,0.0017170106953354912,1.0015805121878236,0.999952343185418,0.0071985262761028335,1.0028893624543223,0.0012205848970081434,-0.9999786858237271,0.9999145387806458
522.25,8,1169.3302981858608,139,0.5791666666666667,0.9999982237265557,0.002073681448292795,1.0022492527777254,0.9999515547215122,0.007463747885272585,1.0038184789907092,0.0014675739754137745,-0.9999784109622283,0.9999141783675112
522.25,8,1169.3302981858608,140,0.5833333333333334,0.9999981563498521,0.001914945886492904,1.0019114704353147,0.9999505819154259,0.007700285060485518,1.0044544105807527,0.001348948213793901,-0.9999782422794621,0.999913413081632
522.25,8,1169.3302981858608,141,0.5875,0.9999981003401062,0.0018099427818671359,1.0016604352691172,0.9999495194777485,0.007692405559694595,1.0041783773102448,0.00126925507165643,-0.999978185504193,0.9999129033913889
522.25,8,1169.3302981858608,142,0.5916666666666667,0.9999980403192479,0.0017374538116447234,1.001456441322813,0.9999485592943324,0.0075888038032021115,1.0035131741308356,0.0012131839252360263,-0.9999781941415181,0.9999126272583472
522.25,8,1169.3302981858608,143,0.5958333333333333,0.9999979987288383,0.0016671267749023958,1.0012482097939042,0.9999477019711351,0.0075474725352314784,1.003059691790438,0.00115919701740334,-0.9999782817580111,0.9999126672864928
522.25,8,1169.3302981858608,144,0.6,0.9999979674993036,0.0017737261383621045,1.0014934995098737,0.9999469497367852,0.007578115403066679,1.0029633745563837,0.0012281214214949216,-0.9999786183328607,0.9999134383367052
522.25,8,1169.3302981858608,145,0.6041666666666666,0.999997907544874,0.002023263719142114,1.0020025766391119,0.9999461754307647,0.00771671215236033,1.0033890455728598,0.0013947040226803243,-0.9999788313821395,0.9999142736849245
522.25,8,1169.3302981858608,146,0.6083333333333333,0.9999978121202735,0.0022185256541068727,1.0023411067338237,0.9999451699347486,0.007944866923898657,1.0040804905088085,0.001522172108418574,-0.9999788220229398,0.999915078724971
522.25,8,1169.3302981858608,147,0.6125,0.9999977172000044,0.0021682886594442787,1.0022018231572616,0.9999439651860201,0.00808657978519711,1.004335699846297,0.0014806898774783724,-0.9999785919940344,0.9999147622657089
522.25,8,1169.3302981858608,148,0.6166666666666667,0.9999976448566299,0.0020703527298629814,1.0019672440241065,0.9999427697566451,0.008102188973198312,1.004111051677406,0.00140727919266598,-0.9999783927741739,0.9999141770610877
522.25,8,1169.3302981858608,149,0.6208333333333333,0.9999975712590072,0.001993245894257366,1.001758983072849,0.999941681581288,0.008038585872914884,1.0035561941252895,0.0013488758304379938,-0.9999782656482661,0.9999133683024433
522.25,8,1169.3302981858608,150,0.625,0.9999975049084732,0.001847810091350668,1.0013568796142287,0.9999407160560597,0.007965584007559038,1.0028909843740048,0.0012451894512097862,-0.9999782563995364,0.9999130274413989
522.25,8,1169.3302981858608,151,0.6291666666666667,0.9999974620838742,0.002027749888478329,1.0017757560343925,0.9999398685868093,0.008015020481650752,1.002870958742484,0.001360574171152933,-0.9999787751175152,0.9999138758193966
522.25,8,1169.3302981858608,152,0.6333333333333333,0.9999973589684451,0.002553885549653591,1.0027900373485508,0.9999388824859192,0.008231946190145143,1.003652987569711,0.0017057161033987283,-0.9999799290224615,0.9999161665694041
522.25,8,1169.3302981858608,153,0.6375,0.9999972264297352,0.0025603691705813223,1.0027540371944583,0.999937680521215,0.008503242749045343,1.0044790870494893,0.0017017394985871053,-0.9999795754281513,0.9999178555510194
522.25,8,1169.3302981858608,154,0.6416666666666667,0.9999971223573422,0.002387562387575809,1.0023788832529592,0.9999362787346084,0.008607405183600559,1.0045638228446767,0.0015792749650206384,-0.9999791936919986,0.9999180367348144
522.25,8,1169.3302981858608,155,0.6458333333333334,0.999997012628828,0.0023271359484621007,1.0022061553414714,0.999934946040942,0.008526004022990348,1.0039164422386304,0.001532307997985168,-0.9999788726506788,0.9999164850728675
522.25,8,1169.3302981858608,156,0.65,0.999996914162359,0.0022258470054228267,1.0019350360471078,0.9999337579992317,0.00846852134932289,1.0033143292287352,0.0014592278826231968,-0.9999786662555225,0.9999153813618656
522.25,8,1169.3302981858608,157,0.6541666666666667,0.9999968446443213,0.0022528344478123558,1.0019614703541222,0.9999327225729971,0.00847430637432771,1.003016771026835,0.0014706042017788848,-0.9999789914949094,0.9999154584909613
522.25,8,1169.3302981858608,158,0.6583333333333333,0.9999967554158631,0.0024759293830058024,1.0024052445114964,0.9999317612384025,0.008558740252692437,1.0031716057969762,0.001609191191119191,-0.9999798793337504,0.9999168056789925
522.25,8,1169.3302981858608,159,0.6625,0.9999966114334845,0.002732570347084947,1.0028600941455108,0.9999306188822532,0.008751764961492168,1.0038053309538206,0.0017678493012940227,-0.999980433475373,0.9999197408931458
522.25,8,1169.3302981858608,160,0.6666666666666666,0.9999964412424145,0.0027881617101206055,1.0029077060499134,0.9999291632899917,0.008935623865830222,1.0042538707013378,0.0017953926111948422,-0.9999804741080579,0.9999213199353292
522.25,8,1169.3302981858608,161,0.6708333333333333,0.9999962995563764,0.002676449906074326,1.0026351815212329,0.9999276289330491,0.0090010215719716,1.0041675085475539,0.0017155639986005822,-0.9999800011267481,0.9999215339519867
522.25,8,1169.3302981858608,162,0.675,0.999996172173234,0.0026136986812887075,1.002453970387275,0.9999262210363073,0.008976833266931397,1.0036960173247749,0.0016680190598298407,-0.9999796321112359,0.9999198219995101
522.25,8,1169.3302981858608,163,0.6791666666666667,0.9999960384184342,0.0024715566594014373,1.0020743565572725,0.9999249700623379,0.008913108260871423,1.0029755825728772,0.0015708583073065314,-0.9999793176150631,0.9999183194285077
522.25,8,1169.3302981858608,164,0.6833333333333333,0.9999959449224965,0.0024564967261345378,1.0019916087057275,0.9999239274859605,0.008904998041531718,1.0025435956668092,0.0015550872590441816,-0.9999791192918946,0.9999171512922782
522.25,8,1169.3302981858608,165,0.6875,0.9999958185487937,0.002933073500668863,1.0029781453565048,0.9999228650346079,0.009038684504691584,1.0030255681572382,0.0018490401531374157,-0.9999813631695011,0.999921142703497
522.25,8,1169.3302981858608,166,0.6916666666666667,0.9999955999807327,0.0032025567164788477,1.0034282612576308,0.9999215587090213,0.009272035949789568,1.0038882607077741,0.00200999785311172,-0.9999820613591449,0.9999247647131277
522.25,8,1169.3302981858608,167,0.6958333333333333,0.9999954109626441,0.0030224808085476547,1.003019974970946,0.9999199843044663,0.009449961840730202,1.0043190330115586,0.0018885192630615905,-0.9999814905364343,0.9999278369224052
522.25,8,1169.3302981858608,168,0.7,0.999995233732237,0.0029411860970861457,1.0027911227741815,0.9999183665174051,0.009431626350936067,1.0038342722447202,0.0018300366795480616,-0.9999810036435816,0.999925703180879
522.25,8,1169.3302981858608,169,0.7041666666666667,0.9999950534228037,0.002857925298126536,1.0025414060931985,0.9999169624129447,0.009371963916813395,1.0031020706351754,0.0017712882455530458,-0.9999805656259744,0.9999237539556008
522.25,8,1169.3302981858608,170,0.7083333333333334,0.9999949157577257,0.002805749322779834,1.0023641489818822,0.999915764176155,0.009362326930698325,1.002617857206172,0.0017324870873691777,-0.9999802655615869,0.9999221623459975
522.25,8,1169.3302981858608,171,0.7125,0.999994786573909,0.002957177289835125,1.0026611652433846,0.9999147557891137,0.00940199795665831,1.0025145828827218,0.0018193018442191767,-0.9999814238904869,0.9999236752225411
522.25,8,1169.3302981858608,172,0.7166666666666667,0.9999945903855233,0.0032172813934559985,1.003148617033164,0.9999136946566254,0.009519748173463224,1.0029439338277166,0.0019718088825786202,-0.9999824107134956,0.9999266661018171
522.25,8,1169.3302981858608,173,0.7208333333333333,0.9999943290684581,0.0033759110175980087,1.0033897842141735,0.9999122753192956,0.00968904201217769,1.003514272874428,0.002060953082197224,-0.9999831578732673,0.9999304173006446
522.25,8,1169.3302981858608,174,0.725,0.9999940835949501,0.00330338717004825,1.0031660176054986,0.9999106432626134,0.009786022541121207,1.0035869503538042,0.002008980803904868,-0.9999826035477382,0.9999310690455251
522.25,8,1169.3302981858608,175,0.7291666666666666,0.9999938810032925,0.0032233544585081003,1.0029269652827935,0.999909124540222,0.009798182271796222,1.0032080723221368,0.0019532666251038753,-0.9999820911057226,0.9999301132745959
522.25,8,1169.3302981858608,176,0.7333333333333333,0.999993671826429,0.003134932203006243,1.0026491250552712,0.9999078339449342,0.009763582858623256,1.0025178393408969,0.001893474479062531,-0.9999816157638178,0.9999280519127581
522.25,8,1169.3302981858608,177,0.7375,0.999993493600811,0.0030092634410700276,1.0022605544293088,0.9999068065145651,0.009737805366459287,1.001808022377475,0.0018121655109226095,-0.9999812149673325,0.9999262757148004
522.25,8,1169.3302981858608,178,0.7416666666666667,0.9999933460380506,0.0032739292381540313,1.002855275853011,0.9999059635923019,0.009786129644445338,1.0018629645324564,0.0019656232293942468,-0.9999826841801056,0.9999283516063442
522.25,8,1169.3302981858608,179,0.7458333333333333,0.9999930613033051,0.0037253890477650232,1.0037325129688397,0.9999049082129498,0.0099249442663821,1.0026161027424207,0.0022295154811034982,-0.9999848447575376,0.9999327524194086
522.25,8,1169.3302981858608,180,0.75,0.9999927535740889,0.003657065292906409,1.0035069280836888,0.9999035745985949,0.01008802215239171,1.0032743944491882,0.0021813912339539074,-0.9999842670989589,0.9999366775293239
522.25,8,1169.3302981858608,181,0.7541666666666667,0.9999924994949161,0.0035237134296539968,1.0031405577932917,0.9999020515208116,0.010135423433508449,1.0030963257852634,0.0020953994186285454,-0.9999837243181082,0.9999367401112763
522.25,8,1169.3302981858608,182,0.7583333333333333,0.9999922354511799,0.0034675801964955855,1.0029230346623375,0.9999007647759716,0.01009496681552601,1.0023149912855196,0.002056444444296348,-0.9999832101282646,0.9999345654717525
522.25,8,1169.3302981858608,183,0.7625,0.9999920112569292,0.0033799059969264757,1.0026245289616733,0.9998997617078407,0.010080533576087774,1.0016621054131158,0.0019996125715431596,-0.9999827538948551,0.9999326102471344
522.25,8,1169.3302981858608,184,0.7666666666666667,0.9999918402353599,0.0034351400409995373,1.0027019629242613,0.9998990535697636,0.010091408981943157,1.001335203543682,0.0020277429953436048,-0.999983338703726,0.9999328120850091
522.25,8,1169.3302981858608,185,0.7708333333333334,0.9999916163672323,0.0036467511643768686,1.0031402744511615,0.9998984690431878,0.010131274730903448,1.0014923433264267,0.002147839489635966,-0.9999844386588569,0.9999346351344868
522.25,8,1169.3302981858608,186,0.775,0.9999912910513078,0.003854419158257401,1.0035126298544166,0.9998976128182125,0.010222502048160186,1.0020576365266056,0.0022648356598222457,-0.9999853682578407,0.9999387698937044
522.25,8,1169.3302981858608,187,0.7791666666666667,0.9999909421997583,0.0038633821650243564,1.003431660271388,0.9998964057964451,0.010308941620457382,1.0023180041910607,0.002264939873998574,-0.999985327714687,0.999940656718028
522.25,8,1169.3302981858608,188,0.7833333333333333,0.9999906625456888,0.003766790187472534,1.0031197621103123,0.9998952352634873,0.010338338815845763,1.0020596596616123,0.0022037944346201778,-0.9999848105005933,0.9999409705520316
522.25,8,1169.3302981858608,189,0.7875,0.999990405338369,0.0037099791748362964,1.0028918500455488,0.9998943519428073,0.0103289714820524,1.001443056452215,0.002166856128162024,-0.9999843373219914,0.999938982926034
522.25,8,1169.3302981858608,190,0.7916666666666666,0.9999901546517741,0.003578674352653416,1.0024367258492288,0.9998937761840525,0.010315951272392777,1.0006247836933497,0.0020874262364517842,-0.9999839022601826,0.9999371386156742
522.25,8,1169.3302981858608,191,0.7958333333333333,0.9999899899561809,0.003622167773343576,1.0024971434562537,0.9998935510437772,0.010318869155929802,1.000245418130419,0.002110379596497917,-0.9999840526741176,0.9999365084711698
522.25,8,1169.3302981858608,192,0.8,0.9999897266612325,0.004044140327398492,1.0034937315226808,0.9998932718508399,0.010344974974909545,1.000762378560807,0.0023532570964140413,-0.9999864734495202,0.9999406460481282
522.25,8,1169.3302981858608,193,0.8041666666666667,0.9999893347236413,0.00417450649924032,1.0036840888641314,0.9998927183717109,0.010413327103096054,1.0015216025728881,0.0024257291503874787,-0.9999868068180989,0.9999444448814545
522.25,8,1169.3302981858608,194,0.8083333333333333,0.9999890252277185,0.004015954506551978,1.0032155160174447,0.9998918907146147,0.010467842073857127,1.00171412188597,0.0023306500660642063,-0.9999863116737514,0.9999468877116128
522.25,8,1169.3302981858608,195,0.8125,0.9999887327070227,0.003956879762128527,1.0029673891122963,0.99989118466083,0.010457383767278013,1.0010413061795793,0.0022943804788601013,-0.9999858496182131,0.9999449714808669
522.25,8,1169.3302981858608,196,0.8166666666666667,0.9999884600061387,0.0038780880655137346,1.0026491118192813,0.999890842520747,0.010449445789139275,1.0002586516899061,0.002247569615901397,-0.9999854199141346,0.9999431765282389
522.25,8,1169.3302981858608,197,0.8208333333333333,0.9999882769122209,0.0038512338860950787,1.0024966869566994,0.9998908404366029,0.010449362167842799,0.9997566798565842,0.0022314752524087676,-0.9999853235579702,0.9999420815960476
522.25,8,1169.3302981858608,198,0.825,0.9999880934116512,0.003981022787334183,1.0028117968310246,0.9998911072191592,0.010437813453365993,0.9996678658937628,0.0023063878206760267,-0.9999862908254463,0.9999432078197026
522.25,8,1169.3302981858608,199,0.8291666666666667,0.9999877964017454,0.004175645254965714,1.0032402039016526,0.9998912801766648,0.01042715254503684,1.000106659153282,0.002418672419530548,-0.9999871491905071,0.9999461491493614
522.25,8,1169.3302981858608,200,0.8333333333333334,0.9999874217656635,0.004261837706722776,1.0033477830102648,0.99989104577363,0.01044536821766405,1.000550619262118,0.002468137111853731,-0.9999876499906498,0.999948962786372
522.25,8,1169.3302981858608,201,0.8375,0.999987110669374,0.004181014797414231,1.0030349859708834,0.9998906942941155,0.01046016792928377,1.0004679110910424,0.002421345915758326,-0.9999872171084339,0.9999497038953669
522.25,8,1169.3302981858608,202,0.8416666666666667,0.9999868727750474,0.00411793051209404,1.0027715726056394,0.9998905956218911,0.010459676874287834,0.9999695946702075,0.002385584966573372,-0.9999868120058139,0.9999486422562183
522.25,8,1169.3302981858608,203,0.8458333333333333,0.9999866344363234,0.004029048387313453,1.0023977447022647,0.9998908292748488,0.010464201928262187,0.9991893628589311,0.0023357894186719083,-0.9999864248316522,0.9999470321371028
522.25,8,1169.3302981858608,204,0.85,0.999986479805633,0.003952305717521097,1.0020517645002804,0.9998914322851928,0.010472769399711356,0.9985102681909053,0.002293685370104307,-0.9999860677393222,0.9999455358524193
522.25,8,1169.3302981858608,205,0.8541666666666666,0.9999863406141337,0.004187269068508479,1.0027873651693517,0.9998921945842931,0.010424283105955952,0.9986891009058114,0.00243250804709842,-0.9999875503484084,0.9999478073058843
522.25,8,1169.3302981858608,206,0.8583333333333333,0.9999859969712374,0.0044676993537784,1.00345775273178,0.9998927044089164,0.01036583889852359,0.9994433037905237,0.002597663266601107,-0.9999887953091282,0.9999510133632896
522.25,8,1169.3302981858608,207,0.8625,0.9999856839356575,0.004361144144171513,1.0030718242160084,0.9998929315534768,0.010347415618446001,0.9999664292083417,0.002537868966815722,-0.9999884014899385,0.9999539720228263
522.25,8,1169.3302981858608,208,0.8666666666666667,0.999985449186762,0.004268350819426051,1.0027122023752733,0.9998930666344276,0.010344802324243669,0.9995961551269412,0.002486797070439274,-0.9999880320080751,0.9999533805837155
522.25,8,1169.3302981858608,209,0.8708333333333333,0.9999852171624075,0.004211344366112017,1.0024330310310725,0.9998935386204671,0.010354257405863872,0.9987765373453439,0.002457431977598844,-0.999987677179127,0.9999519145359956
522.25,8,1169.3302981858608,210,0.875,0.9999850717454855,0.004144595518437284,1.0021233145978001,0.9998943308064469,0.01036214396447218,0.9981550764591993,0.00242299687023931,-0.9999873456737323,0.999950536745501
522.25,8,1169.3302981858608,211,0.8791666666666667,0.9999849931267799,0.00418754973329787,1.0022514160639007,0.9998954285442514,0.010334586029334977,0.9978891997608829,0.002453089730620836,-0.9999878884302434,0.9999509599911937
522.25,8,1169.3302981858608,212,0.8833333333333333,0.9999848285773192,0.004327944019363542,1.002671798776097,0.9998965868070607,0.010254230908463542,0.9981382756666082,0.002540431373198441,-0.9999885897775367,0.9999524157930996
522.25,8,1169.3302981858608,213,0.8875,0.9999845455549055,0.004448534939292278,1.002948859920363,0.999897407503844,0.010170503589112406,0.9986995127697158,0.0026162502991594052,-0.999989225540324,0.9999551249254993
522.25,8,1169.3302981858608,214,0.8916666666666667,0.9999842751594935,0.004415678525099969,1.0027509381794526,0.9998979425961328,0.010134456477475556,0.9988605874302997,0.002602194346102489,-0.9999890609105362,0.999956064061681
522.25,8,1169.3302981858608,215,0.8958333333333334,0.9999841109281483,0.004337291346549382,1.0024208079543193,0.9998985906406496,0.010123296147927575,0.9985369161666868,0.0025618073165873654,-0.999988744514199,0.9999560346608652
522.25,8,1169.3302981858608,216,0.9,0.9999839725835401,0.004279878532062875,1.0021423780016239,0.9998995322381475,0.01013429802900056,0.9978873053152595,0.0025345038852252005,-0.9999884466034797,0.9999548019717
522.25,8,1169.3302981858608,217,0.9041666666666667,0.9999838716754837,0.004181899114224683,1.0016505903414836,0.9999007595052474,0.010170623490471624,0.9971053980203444,0.002483849261316896,-0.9999881754805425,0.999953671910728
522.25,8,1169.3302981858608,218,0.9083333333333333,0.9999838736023047,0.004232703108603428,1.0018935671821727,0.9999022485632757,0.010125650604245966,0.9969135435636972,0.0025216898316189427,-0.9999885402834766,0.9999538394235096
522.25,8,1169.3302981858608,219,0.9125,0.9999837145405827,0.004509388602635513,1.0028498238619301,0.9999035787390139,0.009970245352920014,0.9975596950069183,0.0026942542036622313,-0.9999899650817969,0.9999562503405355
522.25,8,1169.3302981858608,220,0.9166666666666666,0.9999834603629701,0.004524773003450124,1.0028089373954872,0.9999046354751181,0.009838236758653007,0.9983123340204259,0.0027108133179134138,-0.9999898972634849,0.9999584593715444
522.25,8,1169.3302981858608,221,0.9208333333333333,0.9999833202541332,0.004404116678215869,1.0023336194781987,0.9999054382580663,0.009792086313439263,0.9983744612062253,0.0026461153907915143,-0.9999896211687189,0.9999593852048703
522.25,8,1169.3302981858608,222,0.925,0.9999831956128332,0.004353803707557062,1.002076404210031,0.9999063838678494,0.009816089294315001,0.997661908851832,0.002624339602177333,-0.9999893601281916,0.9999583068684306
522.25,8,1169.3302981858608,223,0.9291666666666667,0.9999831188828742,0.004286026370035701,1.0017271385949365,0.9999076057360756,0.009849959179979016,0.9969622960000984,0.002592590186691944,-0.9999891234735336,0.9999573225247649
522.25,8,1169.3302981858608,224,0.9333333333333333,0.9999831438586145,0.004266336956049442,1.0016417814518748,0.9999090784193366,0.009839515995579293,0.9965722141022985,0.0025902279268676678,-0.9999891869211054,0.9999569605514205
522.25,8,1169.3302981858608,225,0.9375,0.9999831428236489,0.0043405247037895615,1.0019934737535592,0.9999106845176258,0.009747714163240074,0.9966284238545782,0.002645039728832689,-0.9999896945867125,0.999957532410207
522.25,8,1169.3302981858608,226,0.9416666666666667,0.9999830166039385,0.004451235982853559,1.0023819752998475,0.9999120932729557,0.009585863696875252,0.9971817741938132,0.002722139288162638,-0.9999901476802225,0.9999593014091491
522.25,8,1169.3302981858608,227,0.9458333333333333,0.9999828368085879,0.004472577512999761,1.0023864595178358,0.9999131556235202,0.009471379888467121,0.9976099895676871,0.0027448061661767913,-0.9999903126273759,0.9999605595896471
522.25,8,1169.3302981858608,228,0.95,0.9999827461204284,0.0043969685949646845,1.0020414399908895,0.9999141805566921,0.009429152062134355,0.9975172318270741,0.002708256157379839,-0.9999900888414522,0.9999609718549417
522.25,8,1169.3302981858608,229,0.9541666666666667,0.9999827198635689,0.0043442500960549435,1.0017861953198788,0.9999154130970341,0.009431060435312173,0.997051937303724,0.002686216159443826,-0.9999898878685336,0.9999602351430861
522.25,8,1169.3302981858608,230,0.9583333333333334,0.9999826985189413,0.004268747818562195,1.0013579351735657,0.9999168530880728,0.00947962800381025,0.996341458156262,0.0026506567019020516,-0.9999896991311875,0.9999594455080725
522.25,8,1169.3302981858608,231,0.9625,0.9999827767156384,0.004227506615681382,1.0011395424107121,0.9999185040343185,0.009491020426880901,0.9958650801617024,0.002636549775114968,-0.9999895246225081,0.9999587108842909
522.25,8,1169.3302981858608,232,0.9666666666666667,0.9999828181222673,0.004382699000203028,1.002015090426143,0.99992012527833,0.009314961434358738,0.9962935651934519,0.0027448423511059914,-0.9999904124682072,0.9999601644709816
522.25,8,1169.3302981858608,233,0.9708333333333333,0.999982673288761,0.004518116360480352,1.0024877323687476,0.9999215055424966,0.009082746013205365,0.9971748129326444,0.002840859510851837,-0.9999908292657776,0.9999616593788344
522.25,8,1169.3302981858608,234,0.975,0.9999825957489878,0.004411600431575119,1.0020308554477473,0.9999225901936751,0.008951093701564694,0.9976735524955997,0.0027846974147810338,-0.9999906415265094,0.9999630567230297
522.25,8,1169.3302981858608,235,0.9791666666666666,0.9999825735079456,0.00434796624280004,1.0017209825974913,0.9999235067204179,0.008969427466760653,0.9971905342274465,0.0027559322938412387,-0.9999904756504746,0.9999624440659657
522.25,8,1169.3302981858608,236,0.9833333333333333,0.9999825615716758,0.00429525041239883,1.0014228173210988,0.9999246217437234,0.009051619738004616,0.9963860231802654,0.0027345578199692864,-0.9999903211096313,0.9999617946941316
522.25,8,1169.3302981858608,237,0.9875,0.9999826376549524,0.0042476921319646735,1.001167347527174,0.9999259601490471,0.009093974900174464,0.9958466227228607,0.0027166881861051166,-0.999990178683705,0.999961192493211
522.25,8,1169.3302981858608,238,0.9916666666666667,0.9999827486167367,0.004267117730236764,1.00138437901995,0.9999274675264094,0.00904550911510707,0.9956989380768915,0.0027417017599882976,-0.999990479069658,0.9999615231202771
522.25,8,1169.3302981858608,239,0.9958333333333333,0.9999827617908411,0.004346352958987413,1.0018196776168766,0.9999289102923558,0.008891340554902262,0.9960162527455808,0.0028050157703807,-0.9999907651497395,0.9999622517420585
550.0,0,665.317798177111,0,0.0,0.9999774977011002,0.005738927670184932,1.004578450401207,0.9998892503850988,0.010546263668270564,0.9990267027817025,0.003531823377237015,-0.9999719615480643,0.999910950519875
550.0,0,665.317798177111,1,0.004166666666666667,0.9999775909732346,0.005550614200162592,1.0041073236606213,0.9998873690423707,0.010636335494586684,0.9989997691014606,0.0034013492451032377,-0.9999740898837259,0.9999124915122412
550.0,0,665.317798177111,2,0.008333333333333333,0.9999775623280165,0.005261892628758314,1.0032456207049454,0.999885445252556,0.010733636054264847,0.9988549937325317,0.0032113937592631865,-0.9999759986593099,0.9999139664279518
550.0,0,665.317798177111,3,0.0125,0.9999774182730681,0.005154142930316545,1.0028265980205215,0.9998834549222821,0.01082334027293084,0.9989054399949128,0.0031335385259431765,-0.9999775043563017,0.9999151706282894
550.0,0,665.317798177111,4,0.016666666666666666,0.999977299417149,0.005308196664126422,1.0033150197793457,0.9998816907002921,0.010883350318539679,0.9994747223726799,0.00321403481967038,-0.9999762248924586,0.9999136600613288
550.0,0,665.317798177111,5,0.020833333333333332,0.9999772971624835,0.005541632021464609,1.0040097881714722,0.9998801151021826,0.01095101781545749,0.9997175574653016,0.00334242889393845,-0.9999749978419457,0.9999141108885903
550.0,0,665.317798177111,6,0.025,0.9999773935275942,0.0056936803132907115,1.0044396852751434,0.9998783540870333,0.011033012940464762,0.9995964194879544,0.003421862388188333,-0.9999740530286734,0.9999157979362525
550.0,0,665.317798177111,7,0.029166666666666667,0.9999775766931958,0.005688415775332123,1.0044675438786694,0.9998766006095222,0.011112356017662302,0.999587589513156,0.003406579005680905,-0.9999745892663425,0.9999174033109166
550.0,0,665.317798177111,8,0.03333333333333333,0.9999777156784128,0.005485222839386998,1.003958401828708,0.9998748923007709,0.011191137878078255,0.9994826697716273,0.0032734952954908835,-0.9999760885376134,0.9999189387621681
550.0,0,665.317798177111,9,0.0375,0.9999776920506437,0.005299330051779461,1.0034043420154601,0.9998730113934342,0.011271910531677126,0.9996330005352414,0.0031519504928781473,-0.9999775979919134,0.9999197466167827
550.0,0,665.317798177111,10,0.041666666666666664,0.9999776142408581,0.005297149493855084,1.0033744154809645,0.9998712819373099,0.011346692300767066,1.0002423814237107,0.0031403803753193744,-0.9999778003873641,0.9999180912796213
550.0,0,665.317798177111,11,0.04583333333333333,0.9999776228940521,0.005426516854631524,1.0037674458112196,0.9998698673502547,0.011411639841461195,1.000431106172863,0.003206722104749623,-0.9999769470115711,0.9999189605454002
550.0,0,665.317798177111,12,0.05,0.9999777384048314,0.0056658613324786005,1.0044462252235062,0.9998684265786805,0.011472809975017362,1.000322400347102,0.0033383250762931563,-0.9999757601880732,0.9999206131124829
550.0,0,665.317798177111,13,0.05416666666666667,0.9999779702729663,0.005871869246017292,1.0050023650109057,0.9998669877236906,0.011535537784736373,1.0003358038146426,0.0034505989233861696,-0.9999746390855139,0.9999222032565245
550.0,0,665.317798177111,14,0.058333333333333334,0.9999782416106585,0.0057142887125394585,1.0046788970450875,0.9998655249439304,0.011599399342194606,1.0003769492162444,0.003348572963113306,-0.9999761189010259,0.9999237211765961
550.0,0,665.317798177111,15,0.0625,0.9999783963227165,0.005375028566020604,1.0038250071767116,0.9998640656368889,0.011661131290099916,1.0003086779275805,0.0031415249779320584,-0.9999779814178348,0.9999251853123867
550.0,0,665.317798177111,16,0.06666666666666667,0.9999784291535537,0.005187374519421816,1.0032728037902763,0.9998625758608901,0.011725184621323367,1.0003341904372798,0.003024965621037542,-0.9999796467725471,0.9999265883754808
550.0,0,665.317798177111,17,0.07083333333333333,0.9999784617332161,0.0053031557197862405,1.0036357452519438,0.9998613384877199,0.011793040236793142,1.0009107367668022,0.0030849551408723597,-0.9999787709053573,0.9999254210854591
550.0,0,665.317798177111,18,0.075,0.9999786187802691,0.00554939684152896,1.0043487511917049,0.9998604542240709,0.011849262831939399,1.001311870252134,0.0032209518881439374,-0.999977638342503,0.9999252751215275
550.0,0,665.317798177111,19,0.07916666666666666,0.9999788738582126,0.0057210260954419865,1.0048291649513352,0.9998594307199655,0.011889180354393741,1.0012525346242531,0.003314400619918753,-0.9999765363503467,0.999926790268312
550.0,0,665.317798177111,20,0.08333333333333333,0.9999792273489799,0.0057336085707960106,1.0049318758497412,0.9998584170773402,0.011933283445854067,1.0012817953190805,0.003315868716620187,-0.9999769370420586,0.9999282341583535
550.0,0,665.317798177111,21,0.0875,0.9999795653166944,0.005523140660613667,1.0044980006011077,0.9998575382359863,0.01196805878670506,1.0012439767797214,0.0031889203050668035,-0.9999780395126158,0.9999296316185785
550.0,0,665.317798177111,22,0.09166666666666666,0.999979749214046,0.005269751512620595,1.0038855945221583,0.9998565348829325,0.012015409058876995,1.0013463186545206,0.003038144947137208,-0.999979643500321,0.9999308526837709
550.0,0,665.317798177111,23,0.09583333333333334,0.9999798537961169,0.00521462716794685,1.003761070578029,0.999855655354192,0.012095442316612205,1.001979512953364,0.003002402585472892,-0.9999798660157669,0.9999294491615278
550.0,0,665.317798177111,24,0.1,0.9999800287993212,0.0053189563397636535,1.0040876256329476,0.999855216610079,0.012143110408013098,1.0023144411758518,0.003058704220838782,-0.9999793693939485,0.9999296887958822
550.0,0,665.317798177111,25,0.10416666666666667,0.9999803095713257,0.005547430336021983,1.004719365361588,0.9998548278183844,0.012152764818280669,1.00224657053305,0.003187020221835258,-0.9999783516637221,0.999931082226804
550.0,0,665.317798177111,26,0.10833333333333334,0.9999806922606432,0.005789315439635694,1.0053450645783597,0.9998544702540846,0.01217023095100867,1.0022764196846505,0.0033241305345282452,-0.9999773971461116,0.9999324193031405
550.0,0,665.317798177111,27,0.1125,0.9999811390573631,0.0056709607792668785,1.0051706958454636,0.9998541332735383,0.012191663328204939,1.0023566368858634,0.0032540699921066647,-0.9999781799350659,0.9999337098083371
550.0,0,665.317798177111,28,0.11666666666666667,0.999981485255632,0.005279486882198476,1.004335683037933,0.9998538295157543,0.012202822297945339,1.0023431658383744,0.003027831211635984,-0.9999797796191444,0.999934959845729
550.0,0,665.317798177111,29,0.12083333333333333,0.9999817104463241,0.004996957021723024,1.0036618723667612,0.9998535301565565,0.012214382875393701,1.0023358378006686,0.0028655402558129335,-0.9999812046944664,0.999936153496266
550.0,0,665.317798177111,30,0.125,0.9999819042098995,0.005053152423154057,1.0038645819725691,0.9998534510727393,0.01227309768411073,1.0028608698913608,0.00289724654968234,-0.9999809149055203,0.9999355923597324
550.0,0,665.317798177111,31,0.12916666666666668,0.9999822065728879,0.005307677636122784,1.0045663328730343,0.9998538275572373,0.012323076454718624,1.0033781190728375,0.003042984858667873,-0.9999800099777251,0.9999350322395235
550.0,0,665.317798177111,32,0.13333333333333333,0.9999825917785665,0.00550044562703326,1.005081801966165,0.9998541295140181,0.012309385356466208,1.0033676014083743,0.003154680050605334,-0.9999791425345513,0.9999362380332778
550.0,0,665.317798177111,33,0.1375,0.9999830640970996,0.00553139331491526,1.0052406906498172,0.9998543993953064,0.012301264750144604,1.0033884397769173,0.0031741078014522134,-0.9999792528374114,0.9999373976221343
550.0,0,665.317798177111,34,0.14166666666666666,0.9999835390054854,0.0053202104364828895,1.0048788861931661,0.9998548384920618,0.012282999354446498,1.0033854875165518,0.003054887525799041,-0.9999799598537652,0.9999385227840776
550.0,0,665.317798177111,35,0.14583333333333334,0.9999838825949128,0.004998063993342808,1.0042192076952714,0.9998551985654596,0.012272977427230979,1.0034191624407123,0.0028722551615414905,-0.9999813183208656,0.9999396083778475
550.0,0,665.317798177111,36,0.15,0.999984127790412,0.004875722344209203,1.0039829925497894,0.9998555982794336,0.012344140581892067,1.0040023066625237,0.002804705376326706,-0.9999816695535859,0.9999387971835378
550.0,0,665.317798177111,37,0.15416666666666667,0.9999844120725249,0.004948470004870693,1.0042278297103668,0.9998564535832161,0.012383756237558486,1.0044398361477747,0.0028496260458400692,-0.9999814859716062,0.999938607101286
550.0,0,665.317798177111,38,0.15833333333333333,0.9999847828142079,0.00516326954106133,1.0047952771417528,0.9998574070071119,0.012335835441682807,1.0043871027621112,0.0029771580301916176,-0.9999807246138427,0.9999396680018459
550.0,0,665.317798177111,39,0.1625,0.9999852268007154,0.005436133482104652,1.0054514862244655,0.9998583664982175,0.012296442099857039,1.004384608582603,0.003139887686135119,-0.999980018891075,0.999940684058918
550.0,0,665.317798177111,40,0.16666666666666666,0.9999857345454524,0.005374061464408588,1.0054212061092755,0.999859344545211,0.012269107256647432,1.0044544408195197,0.0031093040947723803,-0.9999802860212301,0.9999416706398363
550.0,0,665.317798177111,41,0.17083333333333334,0.9999861649880022,0.0049447342404094615,1.0046183701110614,0.9998603307468296,0.012228233156346384,1.0044510230692851,0.0028657558273488194,-0.9999815430310092,0.9999426281755358
550.0,0,665.317798177111,42,0.175,0.9999864841738284,0.004565999794641527,1.0038368777482096,0.9998613131826326,0.012176242336470947,1.004385766879339,0.0026519336643486555,-0.9999826578698087,0.999943536917357
550.0,0,665.317798177111,43,0.17916666666666667,0.9999867474544586,0.0045451868898716,1.0038561356683307,0.999862413394333,0.012207503500999684,1.0047943883844856,0.0026454175248219838,-0.999982777051013,0.9999434284658113
550.0,0,665.317798177111,44,0.18333333333333332,0.9999870844665527,0.004803173374861897,1.0045168672518123,0.9998639417780527,0.012262255854835806,1.005363503098625,0.0028014554900075692,-0.9999821343632211,0.9999426964820174
550.0,0,665.317798177111,45,0.1875,0.9999874816670536,0.005024016399735113,1.0050570878829534,0.9998654416128836,0.012204267379081857,1.0053787148163478,0.00293764621616799,-0.9999815362541469,0.9999435676780578
550.0,0,665.317798177111,46,0.19166666666666668,0.9999879403173029,0.0050816244222954094,1.0052604147411,0.9998668272322399,0.01213913804448213,1.0053411188334493,0.0029793176449887933,-0.9999814905596344,0.9999444105060796
550.0,0,665.317798177111,47,0.19583333333333333,0.9999884081389039,0.004886349360540335,1.0049690817422303,0.999868334178167,0.0120742259386306,1.0053288703672025,0.002872718742440932,-0.9999818966926957,0.9999452285866558
550.0,0,665.317798177111,48,0.2,0.9999887761345314,0.004511030464205208,1.0042813049545651,0.9998697774681934,0.012001909749427792,1.0052722267412617,0.002659717230572018,-0.9999829098610928,0.9999460115856034
550.0,0,665.317798177111,49,0.20416666666666666,0.9999890426057747,0.004316647283907394,1.0039258956974766,0.9998711498410243,0.012049901954146198,1.0057351784894437,0.002552782541800244,-0.999983336268952,0.9999457133056617
550.0,0,665.317798177111,50,0.20833333333333334,0.9999893163258539,0.0043558713393608214,1.004080177286021,0.999872873823881,0.01209830279019124,1.0062233984439768,0.0025839086863061514,-0.9999833628668217,0.9999453260316631
550.0,0,665.317798177111,51,0.2125,0.9999896489543935,0.004558166662261345,1.004576848874632,0.9998747019467499,0.012008014510672937,1.0061666222901147,0.0027125488830388052,-0.9999828692401677,0.9999460538037138
550.0,0,665.317798177111,52,0.21666666666666667,0.999990027517352,0.00485819725859923,1.0052347433138393,0.9998764763682775,0.011914449669541072,1.0060902146710886,0.002901442863986271,-0.9999824129401661,0.9999467528778847
550.0,0,665.317798177111,53,0.22083333333333333,0.9999904547739595,0.0048734820351074345,1.0053445041315188,0.9998782309416114,0.011845134437754071,1.0061080275523995,0.0029210402866718796,-0.9999823935305459,0.9999474307772362
550.0,0,665.317798177111,54,0.225,0.9999908308286607,0.004436679260187694,1.004596409571705,0.999879939866988,0.01176456897792975,1.0060760133644866,0.002668420501688328,-0.9999832864122618,0.9999480830434136
550.0,0,665.317798177111,55,0.22916666666666666,0.999991114157943,0.003976988188042415,1.0037300279689594,0.9998816094873356,0.011658580704279536,1.005939447649539,0.0024011144549122565,-0.9999840870656334,0.9999487029948511
550.0,0,665.317798177111,56,0.23333333333333334,0.9999913342154374,0.003870298385241329,1.0035597736727058,0.999883284692062,0.011651248182238186,1.0061897830721773,0.0023456788295051437,-0.9999844056820226,0.9999488419761654
550.0,0,665.317798177111,57,0.2375,0.9999915920771897,0.004123295010647643,1.0041543921324896,0.9998852734515544,0.011720709301405887,1.0067534533834066,0.002508245894663381,-0.9999840111195077,0.9999482391658608
550.0,0,665.317798177111,58,0.24166666666666667,0.9999918913891062,0.004380319459601501,1.0047182778858184,0.9998872669243276,0.011645808542747427,1.006789747647212,0.0026753297892666526,-0.9999836593265086,0.999948710396633
550.0,0,665.317798177111,59,0.24583333333333332,0.9999922282472384,0.004476045039068167,1.0049647471571224,0.9998890819785168,0.011532861038981672,1.0066692031501914,0.00274524549777683,-0.999983568200747,0.9999492504137568
550.0,0,665.317798177111,60,0.25,0.9999925758894367,0.004317234098560471,1.0047471773631216,0.9998909406012727,0.011437587113107807,1.0066190467252099,0.0026589195561759985,-0.9999837798476661,0.9999497723470824
550.0,0,665.317798177111,61,0.25416666666666665,0.9999928562520782,0.003918174084344666,1.0040599981795275,0.9998927419764875,0.01131693472166682,1.0064733940154609,0.002423384797285993,-0.9999844499919373,0.9999502624975275
550.0,0,665.317798177111,62,0.25833333333333336,0.9999930480170822,0.0036576504575394028,1.0035915431268005,0.9998944002791993,0.011332145002238486,1.0067787041595595,0.0022720083314905783,-0.9999848369061719,0.9999502519069728
550.0,0,665.317798177111,63,0.2625,0.9999932270680468,0.0036638944019332736,1.0036539246837906,0.9998962705645025,0.01140350022949901,1.0072808503206676,0.0022857312204472764,-0.9999849583494579,0.9999498724372797
550.0,0,665.317798177111,64,0.26666666666666666,0.9999934420217218,0.0038541375736732384,1.004081760849102,0.999898239006631,0.01129985501615199,1.00722723127987,0.002414849012911991,-0.9999846991536682,0.9999502962943017
550.0,0,665.317798177111,65,0.2708333333333333,0.9999936855825303,0.004174023076214137,1.0047245584461173,0.9999001151809508,0.01116560123592262,1.007065986207881,0.002627403229694001,-0.9999844660923607,0.9999507021322233
550.0,0,665.317798177111,66,0.275,0.9999939625072524,0.0042808421661327326,1.0049697912612976,0.9999019407451484,0.011068184553242273,1.0070171229545524,0.0027072823867017467,-0.999984360345459,0.9999510920255823
550.0,0,665.317798177111,67,0.2791666666666667,0.9999942118807923,0.003875963357515876,1.0043069447629953,0.9999036875928237,0.01096595030049257,1.0069438882861068,0.0024620812428852623,-0.9999848998414989,0.9999514573583739
550.0,0,665.317798177111,68,0.2833333333333333,0.9999943909797194,0.0033646318304400057,1.0033855958276376,0.999905372240899,0.010827411689635568,1.0067468907036004,0.0021472981395376602,-0.9999853826961986,0.9999518023266094
550.0,0,665.317798177111,69,0.2875,0.9999945136361058,0.0031744757069069054,1.0030347688355195,0.9999069976603605,0.010779094015871807,1.0068334008730768,0.002035550174584603,-0.9999856979252958,0.9999519936950438
550.0,0,665.317798177111,70,0.2916666666666667,0.9999946493715118,0.0034057586210745586,1.0035414021822824,0.9999088173286883,0.010864440687582366,1.0073558306899364,0.0021936243343522724,-0.9999855189978697,0.9999516733538649
550.0,0,665.317798177111,71,0.29583333333333334,0.99999481509638,0.0036990412433437567,1.004131156214701,0.9999106754532086,0.010804234200889893,1.0074315313007085,0.0023937081844002906,-0.9999853727807021,0.9999517987532202
550.0,0,665.317798177111,72,0.3,0.999995003638576,0.0038396659339292897,1.004424917087062,0.99991234370406,0.01066039665954043,1.0072358523566096,0.0024967604321664222,-0.9999853167146583,0.9999520599584444
550.0,0,665.317798177111,73,0.30416666666666664,0.9999952040528111,0.0037332218399936516,1.0042849258013626,0.9999139984231279,0.010550266458505023,1.007140038154735,0.0024391542472284983,-0.9999854569013186,0.9999523023410153
550.0,0,665.317798177111,74,0.30833333333333335,0.9999953641260653,0.003347209365211232,1.0036309387848112,0.9999156108416744,0.010404017715650483,1.0069314315828,0.0021973847572721063,-0.9999857539800229,0.9999525226030616
550.0,0,665.317798177111,75,0.3125,0.9999954554549746,0.0030374768893365435,1.003064673588354,0.9999170667843497,0.010382063681119276,1.0070756749308782,0.002003590454898783,-0.9999859933884526,0.9999525990185576
550.0,0,665.317798177111,76,0.31666666666666665,0.9999955262733121,0.003011445349992489,1.0030361388296671,0.9999186238875738,0.010478582465560443,1.0075687331984615,0.00199585901020032,-0.9999860818102261,0.999952434276211
550.0,0,665.317798177111,77,0.32083333333333336,0.999995618591208,0.0031843337410516815,1.0033994726895685,0.9999202788261108,0.010391866344285943,1.0075480021626682,0.0021203273019939203,-0.9999860336686294,0.9999525505718746
550.0,0,665.317798177111,78,0.325,0.9999957310357902,0.0035075531419139104,1.0040165489880188,0.9999218406094567,0.0102338622901033,1.0073170736998152,0.002346953154702498,-0.9999859885474727,0.9999526860683686
550.0,0,665.317798177111,79,0.32916666666666666,0.9999958666303954,0.003702290032116391,1.0043853613980336,0.9999233434725554,0.010121392330817384,1.0072075753354315,0.00248958753837829,-0.999985967177476,0.9999528073698183
550.0,0,665.317798177111,80,0.3333333333333333,0.9999959928408404,0.0033692656516541657,1.0038400729438501,0.9999247656332252,0.010012913615265743,1.0070998968392813,0.002276158100026657,-0.9999861536967792,0.9999529039919939
550.0,0,665.317798177111,81,0.3375,0.9999960691823011,0.0028476789999712067,1.002895026326821,0.9999261238709422,0.009863786311655284,1.006867498786708,0.0019329635579956642,-0.9999863090218842,0.9999529869512653
550.0,0,665.317798177111,82,0.3416666666666667,0.9999961007526846,0.0025942665306903207,1.0023823244565508,0.999927406259515,0.009779105730405396,1.0068112110082943,0.0017695352400025456,-0.9999864241750925,0.9999530514680451
550.0,0,665.317798177111,83,0.3458333333333333,0.9999961326944077,0.002778076928570522,1.0027788974470684,0.9999287957493019,0.009871648653185494,1.0072716737231497,0.0019034958551047954,-0.9999864268287705,0.9999529979652534
550.0,0,665.317798177111,84,0.35,0.9999961882146688,0.003089550586017958,1.003392061591236,0.9999302527441073,0.009848886130650212,1.0074105231641297,0.002126707623151287,-0.999986453767937,0.9999529767355353
550.0,0,665.317798177111,85,0.3541666666666667,0.9999962594269725,0.0032704868286445735,1.0037367302854319,0.9999315474918737,0.00969282100919287,1.0071670679933222,0.002262044755280369,-0.9999864986343512,0.9999529753299172
550.0,0,665.317798177111,86,0.35833333333333334,0.9999963438679005,0.003223192036470985,1.0036763180089703,0.9999327987628789,0.009577591485740243,1.0070290402051199,0.002239784116898753,-0.9999865532072882,0.9999529519662409
550.0,0,665.317798177111,87,0.3625,0.9999964072006977,0.0028863109906942575,1.0030830630720966,0.9999340268130406,0.009427015865329718,1.0067901329795166,0.002014955607317187,-0.9999865589746868,0.9999529121448668
550.0,0,665.317798177111,88,0.36666666666666664,0.9999964204343968,0.002558580187112303,1.0024388611983626,0.9999351205875738,0.009368825618410436,1.0067901351865036,0.001794362731621979,-0.9999865424169632,0.9999528928164195
550.0,0,665.317798177111,89,0.37083333333333335,0.9999964119914405,0.0025039917295152387,1.0023187072135784,0.9999362444491788,0.009480664250426346,1.0072552561317365,0.001764031848683798,-0.9999865434400329,0.9999529932434139
550.0,0,665.317798177111,90,0.375,0.9999964173275437,0.0026466893036121678,1.0026196492335708,0.999937467015904,0.009432890951890876,1.0072995706593446,0.0018727800107245346,-0.9999866214790757,0.999952934486844
550.0,0,665.317798177111,91,0.37916666666666665,0.9999964393678771,0.0029448343005286184,1.0032024460777271,0.9999386177881301,0.0092674369065788,1.0070253023552311,0.002093153457516487,-0.9999867377619309,0.9999528104284382
550.0,0,665.317798177111,92,0.38333333333333336,0.9999964785261661,0.0032006126139360533,1.0036734755025325,0.9999397136319147,0.00914889233813989,1.0068671152522204,0.0022855393548459257,-0.9999868849020559,0.9999526675212902
550.0,0,665.317798177111,93,0.3875,0.9999965209355614,0.002969890785364149,1.0032737500864692,0.9999407427915145,0.009044062797869143,1.0067366980403498,0.002129889719512081,-0.9999867814779838,0.9999525039762992
550.0,0,665.317798177111,94,0.39166666666666666,0.9999965294583698,0.0024876754588833987,1.0023342445740488,0.9999417160972309,0.008901144700103348,1.00649371467441,0.0017917049091960634,-0.9999865903696404,0.9999523266206437
550.0,0,665.317798177111,95,0.3958333333333333,0.9999965031977396,0.002216710712465179,1.0016848730330783,0.9999426213498632,0.008790503729358147,1.0063279923883162,0.001603642282795535,-0.9999863499256628,0.9999521323648292
550.0,0,665.317798177111,96,0.4,0.9999964721210903,0.0023281147862739466,1.0019472722099598,0.9999435777110695,0.008875293744453566,1.0067082399957494,0.0016911084164030745,-0.9999864661108464,0.9999522953897356
550.0,0,665.317798177111,97,0.4041666666666667,0.999996461242169,0.0026160238114868264,1.00257423885034,0.9999446191201502,0.008899228677532492,1.006925637483143,0.0019079419502694129,-0.9999866481144181,0.999952310765329
550.0,0,665.317798177111,98,0.4083333333333333,0.9999964629085952,0.002817165734151934,1.0029706683903072,0.9999455399685144,0.008749099438852742,1.0066686881699747,0.0020633365909793794,-0.9999868536916666,0.9999520475692372
550.0,0,665.317798177111,99,0.4125,0.9999964790324487,0.0028237977588862332,1.0029887155083748,0.9999464030760209,0.008633233469466704,1.0064920386329135,0.0020767173390348684,-0.9999868199093953,0.9999517584957307
550.0,0,665.317798177111,100,0.4166666666666667,0.9999964868898711,0.0025632280222002988,1.0024757286890937,0.9999472581907699,0.00849387948112649,1.0062492960653049,0.0018926489282559838,-0.9999866058687714,0.9999514545386073
550.0,0,665.317798177111,101,0.42083333333333334,0.9999964589012733,0.002261994664007847,1.0017766983056986,0.9999480114049418,0.008406504836254746,1.0061313284904907,0.0016768248077627529,-0.9999862176037014,0.9999511530137116
550.0,0,665.317798177111,102,0.425,0.9999964099946828,0.0021926315392929935,1.0015617523787503,0.9999487524167634,0.008517289239698795,1.0065479212896538,0.0016317055113674436,-0.9999861081705396,0.999951522719875
550.0,0,665.317798177111,103,0.42916666666666664,0.9999963707690894,0.002290142978845894,1.0017991325593802,0.9999495889034092,0.008518157440067916,1.0066779382800104,0.0017106271800189604,-0.999986210125502,0.9999514695409448
550.0,0,665.317798177111,104,0.43333333333333335,0.9999963473297979,0.0025269132895694617,1.0023405272198633,0.999950381104125,0.008360389314554713,1.0063887692881603,0.0018945674860839689,-0.9999864794996657,0.9999510822794626
550.0,0,665.317798177111,105,0.4375,0.9999963374063188,0.002796677350988069,1.0028882017346417,0.9999511247811531,0.008241470733552756,1.006191259218055,0.0021050507757677315,-0.9999867875624179,0.9999506679809752
550.0,0,665.317798177111,106,0.44166666666666665,0.9999963387813802,0.002677027218331876,1.002651254276822,0.9999518180288346,0.008145781419669729,1.0060469630417497,0.0020222394794612453,-0.9999865582025864,0.9999502343587384
550.0,0,665.317798177111,107,0.44583333333333336,0.9999963183891336,0.002280353584722434,1.0017441661960012,0.9999524643590381,0.008019915277106332,1.0058106813567504,0.0017285400804143173,-0.9999859964240692,0.9999497839951176
550.0,0,665.317798177111,108,0.45,0.9999962694625023,0.0020529492259054208,1.0009844202255178,0.9999530567569505,0.007897045856522802,1.0055690092294467,0.0015618491117091004,-0.9999853572582005,0.9999493089443547
550.0,0,665.317798177111,109,0.45416666666666666,0.9999962133188515,0.00209343157836194,1.0010921794093195,0.9999536655340975,0.007960131307827911,1.0058532017633721,0.0015979376952339182,-0.9999854022617195,0.999949519652854
550.0,0,665.317798177111,110,0.4583333333333333,0.9999961758081127,0.0023010760052987883,1.0017165612973713,0.9999543652355639,0.008027036634417712,1.0061506739866175,0.001762008880950753,-0.9999857413619738,0.99994976134676
550.0,0,665.317798177111,111,0.4625,0.999996149555365,0.0024870034276719528,1.002163241315914,0.9999549855904972,0.007899466072247561,1.0059145724751186,0.0019107827499787004,-0.999986113239095,0.999949221261727
550.0,0,665.317798177111,112,0.4666666666666667,0.9999961384664231,0.0025300154597560362,1.0022561872279898,0.999955540804487,0.007785601077256751,1.0057007855070579,0.0019501862524980782,-0.9999860725082841,0.9999486547364455
550.0,0,665.317798177111,113,0.4708333333333333,0.9999961275986957,0.0023566235281932846,1.0018354118515485,0.9999560964120651,0.007667101868273198,1.005470493284116,0.0018222193543587007,-0.9999857159813268,0.9999480690606258
550.0,0,665.317798177111,114,0.475,0.9999960906850403,0.0021265884151848435,1.0011079217748926,0.9999565800091716,0.007563769751897217,1.0052657445997346,0.0016493688572430019,-0.9999849159757839,0.999947459788691
550.0,0,665.317798177111,115,0.4791666666666667,0.9999960330051658,0.002069284124034869,1.0007939689613468,0.9999570267106297,0.0076563715800933895,1.0056098904250488,0.0016096892686513664,-0.9999845938947124,0.999947930853621
550.0,0,665.317798177111,116,0.48333333333333334,0.9999959820614567,0.0021171696669013335,1.0009642808902326,0.9999575603601488,0.007703672418080856,1.0058320734915491,0.0016515765461278702,-0.9999846214143961,0.9999480704680501
550.0,0,665.317798177111,117,0.4875,0.9999959471040469,0.0022619625854817787,1.001459545529624,0.9999580761768169,0.007567986979385173,1.0055563984631573,0.0017694157552164286,-0.9999850608749646,0.9999474040183449
550.0,0,665.317798177111,118,0.49166666666666664,0.9999959237112929,0.002487159194352385,1.0020562213796675,0.9999585480748885,0.007453308395750816,1.0053246116871786,0.0019513246659322368,-0.9999855417828456,0.9999467020435587
550.0,0,665.317798177111,119,0.49583333333333335,0.9999959159972693,0.0024610644562949703,1.0019883511713463,0.9999589825653997,0.007370034417357935,1.0051709714148236,0.0019360607582207653,-0.9999853668140493,0.9999459778086984
550.0,0,665.317798177111,120,0.5,0.9999958957623241,0.002179972651251395,1.001139108738312,0.9999593767365577,0.007267283082916929,1.0049499753293403,0.001719115947361595,-0.9999844157076678,0.999945230998268
550.0,0,665.317798177111,121,0.5041666666666667,0.9999958499623377,0.0020477596903311964,1.000294261804685,0.9999597294911521,0.007147454705259073,1.0046618829044454,0.0016191307437851779,-0.9999833428189429,0.9999444472049095
550.0,0,665.317798177111,122,0.5083333333333333,0.9999957941280705,0.0020575232963158468,1.000234677491994,0.9999600768520661,0.0071816351643391625,1.004839365969257,0.0016307363505005418,-0.9999831125998442,0.9999445144427903
550.0,0,665.317798177111,123,0.5125,0.9999957559100939,0.0021428476858143157,1.000834263717852,0.9999605122080166,0.007277211121255745,1.0052040032256175,0.0017019850453591173,-0.9999836289021621,0.9999451964056179
550.0,0,665.317798177111,124,0.5166666666666667,0.9999957289749029,0.0022697785403695573,1.0013281897689907,0.9999609045380694,0.007185311060846379,1.0050193210271525,0.001806974962604289,-0.9999841928438855,0.9999443610863064
550.0,0,665.317798177111,125,0.5208333333333334,0.9999957171861842,0.0023223172042232854,1.0014913116684363,0.9999612270583477,0.007078220513661182,1.0047713489465107,0.0018529822449504778,-0.9999842505031228,0.9999434969647464
550.0,0,665.317798177111,126,0.525,0.9999957113232824,0.002229316680743704,1.0011678827582884,0.9999615519396655,0.00698539631999916,1.0045596909950842,0.0017825141736365858,-0.999983851749245,0.999942606409651
550.0,0,665.317798177111,127,0.5291666666666667,0.9999956856856341,0.0021001238464708983,1.0004387446614404,0.9999618287781775,0.006882427507569318,1.0042980347458197,0.0016825902285196542,-0.9999826272863976,0.9999416781413645
550.0,0,665.317798177111,128,0.5333333333333333,0.999995637703324,0.0020886852156590903,1.0000248701832573,0.9999620538865478,0.006946108955972855,1.004549656587663,0.0016766456525593206,-0.9999819739148822,0.9999420398728028
550.0,0,665.317798177111,129,0.5375,0.9999955929833408,0.0021010955381470155,1.000123180917761,0.9999623531027799,0.007027381282867095,1.0048569083597514,0.0016896027320606984,-0.9999818233329373,0.9999425769818244
550.0,0,665.317798177111,130,0.5416666666666666,0.9999955646323857,0.002144090644189996,1.0005689461335223,0.9999626582048374,0.006926190839388148,1.0046216807954427,0.0017270671469583783,-0.9999824688540209,0.9999416158603294
550.0,0,665.317798177111,131,0.5458333333333333,0.9999955474083243,0.0022709488384416608,1.0011878194704158,0.9999629218528463,0.006821799999567402,1.00435900934546,0.0018326406586597662,-0.9999831484357836,0.999940614330064
550.0,0,665.317798177111,132,0.55,0.9999955476083685,0.002297206746069536,1.0012851704380783,0.9999631566503381,0.006753827004751989,1.0041971523268598,0.0018569579138808842,-0.9999832425047632,0.9999395817247207
550.0,0,665.317798177111,133,0.5541666666666667,0.9999955421239299,0.0021429346022994477,1.0005183876394732,0.9999633549689967,0.006677185414401291,1.0039929519440514,0.0017345746219540124,-0.9999818914188946,0.9999385109154584
550.0,0,665.317798177111,134,0.5583333333333333,0.9999955117388761,0.0021361590709113288,0.9996129966357759,0.99996352035042,0.00657572560390987,1.003683942565279,0.001731725875268639,-0.9999803903880908,0.9999373978730985
550.0,0,665.317798177111,135,0.5625,0.9999954666851856,0.0021735656050965624,0.9993820106044904,0.9999636663761706,0.0065833575625281054,1.0037506154872484,0.0017644502803299494,-0.9999796630658064,0.9999371003885787
550.0,0,665.317798177111,136,0.5666666666666667,0.9999954371284113,0.0021366626627540696,0.9999299202651228,0.9999638917002642,0.006686704050330179,1.0041568888119867,0.0017362656772796985,-0.9999803890259235,0.999938235526974
550.0,0,665.317798177111,137,0.5708333333333333,0.9999954203099113,0.0021653657489174886,1.0004672691671512,0.9999641056745221,0.006638218806726833,1.0040509475017325,0.0017616526224415994,-0.9999811717428324,0.9999373204283064
550.0,0,665.317798177111,138,0.575,0.9999954180709448,0.002196280995142035,1.0006955435988627,0.9999642462061545,0.006546126118853652,1.0037749365662403,0.001788895992349757,-0.9999814571109112,0.9999361535690172
550.0,0,665.317798177111,139,0.5791666666666667,0.9999954256638471,0.0021642667756188636,1.0004685433674212,0.9999643857648569,0.006480523175090354,1.0035794026452416,0.0017645816551876364,-0.9999811199681212,0.999934948886542
550.0,0,665.317798177111,140,0.5833333333333334,0.9999954172378277,0.00214721932303566,0.9997642788655504,0.9999644954857129,0.006394727572998044,1.0032881496762573,0.0017522538724143132,-0.9999795194507848,0.9999336879299487
550.0,0,665.317798177111,141,0.5875,0.9999953826123014,0.0022125013359820937,0.9992549243545537,0.9999645440047374,0.006429197189747835,1.0034348266281712,0.0018069923833055196,-0.9999784391421914,0.9999337153010689
550.0,0,665.317798177111,142,0.5916666666666667,0.9999953461255493,0.0022172912116279232,0.9992756837446997,0.9999646503900296,0.0065247678872540635,1.0038080967758904,0.0018121254221848604,-0.9999780002928489,0.9999348491683377
550.0,0,665.317798177111,143,0.5958333333333333,0.9999953258197061,0.002174664866815063,0.9996684309521987,0.9999647839483048,0.006466017057715323,1.0036380181991114,0.00177824006496519,-0.9999788775138567,0.9999336101314503
550.0,0,665.317798177111,144,0.6,0.9999953175455311,0.0021733693669262638,1.0002866771947267,0.9999648774925732,0.006380795717466568,1.0033499277494562,0.0017783958343709203,-0.9999797815566636,0.999932326227067
550.0,0,665.317798177111,145,0.6041666666666666,0.9999953271032956,0.002194636554683194,1.0005359300664591,0.9999649462646052,0.006331706059066763,1.00317898745413,0.0017969071688223486,-0.9999803812471654,0.999930999633931
550.0,0,665.317798177111,146,0.6083333333333333,0.9999953357173047,0.002161471726592169,0.9998760934699987,0.9999649800491435,0.006283143393694235,1.0029904674876782,0.0017701390772392582,-0.9999786864111737,0.9999296124718615
550.0,0,665.317798177111,147,0.6125,0.9999953182215954,0.0022912578122106842,0.9989346533612539,0.9999649851686887,0.006212717368773202,1.0026805854109593,0.0018770685388871061,-0.9999768153205129,0.9999281775326797
550.0,0,665.317798177111,148,0.6166666666666667,0.9999952793255477,0.002406641691237761,0.9985373386601348,0.99996496134313,0.006206027613684844,1.002640240106026,0.001972163443556519,-0.9999753895774124,0.9999272841968132
550.0,0,665.317798177111,149,0.6208333333333333,0.999995251033424,0.002290131942630158,0.9990047643896837,0.9999650042028654,0.006297004865981074,1.0030564327428888,0.0018764876753611368,-0.9999763319835396,0.9999287439927802
550.0,0,665.317798177111,150,0.625,0.9999952382041986,0.002202349325371181,0.9995792627330136,0.9999650638711901,0.006290574024629129,1.0030494299245358,0.0018045369142990668,-0.9999773322017147,0.9999281145944947
550.0,0,665.317798177111,151,0.6291666666666667,0.9999952393930226,0.0021838797779165585,0.9998679182353598,0.9999650472537331,0.006224145716330171,1.0027560219468636,0.0017894817074181513,-0.9999779707644721,0.9999266939605272
550.0,0,665.317798177111,152,0.6333333333333333,0.9999952533129441,0.002186909646914564,0.9997321294853911,0.9999650217095015,0.006186076389210427,1.0025681994650304,0.0017917356603488208,-0.9999776162013665,0.9999252124752743
550.0,0,665.317798177111,153,0.6375,0.9999952532820556,0.0022742682226677916,0.9990778419295002,0.9999649795659976,0.006131473053350331,1.0022717717993406,0.0018628608502096807,-0.9999759780639362,0.9999236669909866
550.0,0,665.317798177111,154,0.6416666666666667,0.9999952205156394,0.00243551900304885,0.9984830772095687,0.999964869790954,0.0061475030895567825,1.0023099065026102,0.0019942922180435038,-0.9999744421235565,0.9999231407266874
550.0,0,665.317798177111,155,0.6458333333333334,0.9999951781140436,0.0024639927872223714,0.9984205009104917,0.9999647981443887,0.006236275798617864,1.0027200953273805,0.0020167019548439015,-0.999973832832902,0.999924619149232
550.0,0,665.317798177111,156,0.65,0.9999951504535519,0.0023713605218938665,0.9987567409091113,0.9999647733855674,0.006220683163707711,1.0026380196808788,0.0019397007002652622,-0.9999747085943183,0.9999235470312493
550.0,0,665.317798177111,157,0.6541666666666667,0.9999951368211784,0.002251816195519142,0.9993560049985596,0.9999647100995419,0.0061648664387131055,1.002333288522322,0.0018409839608471942,-0.9999758133996177,0.9999220778557787
550.0,0,665.317798177111,158,0.6583333333333333,0.9999951413463266,0.0022122013482045702,0.9997347756691052,0.9999646217909209,0.006139020391960609,1.002151473006662,0.0018077308178599048,-0.9999769551402762,0.9999205497061405
550.0,0,665.317798177111,159,0.6625,0.9999951483884142,0.002273051447408426,0.9992063970527806,0.9999644980523135,0.006119779995243228,1.001976707756544,0.001855799042382467,-0.9999752186652309,0.9999189378971883
550.0,0,665.317798177111,160,0.6666666666666666,0.9999951258201893,0.0025301864067687205,0.9982535720736483,0.9999643458399416,0.006088046805693802,1.0016808190978457,0.002063967517054544,-0.9999731546627817,0.9999172727623179
550.0,0,665.317798177111,161,0.6708333333333333,0.9999950730905554,0.0027509743602422494,0.9977043920892733,0.9999641573522731,0.006085730755932366,1.0015461957949636,0.002242270246006427,-0.9999709722617734,0.9999156382811786
550.0,0,665.317798177111,162,0.675,0.9999950219761002,0.0026187260120472677,0.9980629538866513,0.9999640197456585,0.006152899981092447,1.0019399165377487,0.0021318807271380495,-0.9999720508447165,0.9999173231401507
550.0,0,665.317798177111,163,0.6791666666666667,0.9999949896602051,0.0024296864536750636,0.9986644484010907,0.9999639247941957,0.0061769944949612,1.0020417549703458,0.0019756107550830686,-0.9999731902162486,0.9999172173819395
550.0,0,665.317798177111,164,0.6833333333333333,0.9999949715636111,0.002349364723888613,0.9990094501655887,0.9999637521210355,0.006145849542479806,1.0017471732923144,0.001908221608566836,-0.9999742236999315,0.9999157010802671
550.0,0,665.317798177111,165,0.6875,0.9999949688818661,0.0023607511979670424,0.9989593588074617,0.9999635573951398,0.006136279113408876,1.0015577221032255,0.0019150808556968877,-0.9999739402705511,0.9999140942990615
550.0,0,665.317798177111,166,0.6916666666666667,0.9999949534598763,0.00252346871404098,0.9983756747131493,0.9999633553685435,0.006120147408137193,1.0012748630698425,0.002044276873042349,-0.9999725462854815,0.9999124208421093
550.0,0,665.317798177111,167,0.6958333333333333,0.9999948957653838,0.002780004269846687,0.9977116799287715,0.9999630810144792,0.0061360345316178585,1.0012106592979735,0.0022488260308856,-0.9999706905068381,0.9999112529439985
550.0,0,665.317798177111,168,0.7,0.9999948165359784,0.0028576334754585584,0.9975605928722898,0.999962820625099,0.006204695390987151,1.00162546278119,0.0023080128035367796,-0.9999700321144044,0.9999127515363957
550.0,0,665.317798177111,169,0.7041666666666667,0.9999947488041777,0.002755928091259643,0.997837181440342,0.999962625810731,0.006223308923057879,1.0016478293038964,0.0022220170283065795,-0.9999706542948469,0.9999122032308935
550.0,0,665.317798177111,170,0.7083333333333334,0.9999946979167249,0.002564661537260709,0.9984041437799248,0.9999623955484268,0.006204879142661922,1.001339633202452,0.0020643312801192745,-0.9999718258114675,0.9999107779280088
550.0,0,665.317798177111,171,0.7125,0.99999466628695,0.002440570262809234,0.9988846710077379,0.9999621354776282,0.00620641470429312,1.0011452830242358,0.0019613568055359487,-0.9999730944778277,0.9999092657206841
550.0,0,665.317798177111,172,0.7166666666666667,0.9999946409916431,0.0025438426220239577,0.9985097136333294,0.9999618377039854,0.006216476095761897,1.0009826205662993,0.0020403478288264893,-0.9999719841074028,0.999907666923682
550.0,0,665.317798177111,173,0.7208333333333333,0.9999945796020212,0.0028944374156738787,0.9975709215711271,0.9999615073173359,0.0062245971770343205,1.0007115013949008,0.0023168523983459663,-0.9999700682574207,0.9999060043561289
550.0,0,665.317798177111,174,0.725,0.9999944766476269,0.0032193590476018723,0.9968932554600048,0.999961134141208,0.006244432120938448,1.000504267305271,0.0025720762374770805,-0.9999678974535436,0.9999042641184622
550.0,0,665.317798177111,175,0.7291666666666666,0.999994361066364,0.0031317792736308995,0.9971165551284433,0.999960792350001,0.006289995255102673,1.0008446365408854,0.0024964142097786616,-0.9999684279971142,0.9999054261425159
550.0,0,665.317798177111,176,0.7333333333333333,0.9999942672809545,0.0028829985062220264,0.9977314620318514,0.9999605178858024,0.006327619695756092,1.0010557147339165,0.002292703925907131,-0.999969493292093,0.9999059213834811
550.0,0,665.317798177111,177,0.7375,0.999994189415686,0.0027499471548545155,0.9981300466290833,0.9999601670903245,0.00633552631513613,1.0007826056105293,0.002182101763341036,-0.9999706594515192,0.9999046051674007
550.0,0,665.317798177111,178,0.7416666666666667,0.9999941303256906,0.0027502628934797362,0.9981608868938114,0.9999597745151744,0.006355729535332825,1.0005829561873458,0.0021772888422987267,-0.9999706459299466,0.9999031796547497
550.0,0,665.317798177111,179,0.7458333333333333,0.9999940599011853,0.0029454122474706006,0.9976637689550336,0.9999593803342623,0.00637754934454011,1.0003270766545014,0.002326062705671801,-0.9999697893270865,0.9999016872028855
550.0,0,665.317798177111,180,0.75,0.9999939343242117,0.0032743371223954098,0.9969532072951217,0.999958910447584,0.006411340204918922,1.0001773935974585,0.002579274095511007,-0.9999680167906966,0.9999001266290037
550.0,0,665.317798177111,181,0.7541666666666667,0.9999937689462747,0.00341495604962783,0.99670969150956,0.9999584243876507,0.006460298965973857,1.0005655925495076,0.002682979611389533,-0.9999673930300376,0.9999012976453829
550.0,0,665.317798177111,182,0.7583333333333333,0.9999936091102858,0.0033370096882122443,0.9969242227507907,0.9999580212719259,0.006497974751466917,1.00070018519821,0.0026144304970836026,-0.9999676158391188,0.9999012973729076
550.0,0,665.317798177111,183,0.7625,0.9999934697762282,0.0031284097124533194,0.9974510965981761,0.9999575897004569,0.006518671881862479,1.0004069908397355,0.0024441603776193745,-0.9999685784223762,0.9999002771739824
550.0,0,665.317798177111,184,0.7666666666666667,0.999993351983315,0.0029393059444297407,0.9980062350524956,0.999957118460043,0.006549918941144018,1.0001995144227618,0.0022903855448216707,-0.9999697276902245,0.9998991395450406
550.0,0,665.317798177111,185,0.7708333333333334,0.9999932469620262,0.0030298738529227296,0.99779919185439,0.9999566051476463,0.006587566265214657,1.0000485191326363,0.0023540031655062722,-0.999969422937788,0.9998979241288227
550.0,0,665.317798177111,186,0.775,0.9999930963483539,0.003423469160921418,0.9969010905593533,0.9999560504587425,0.006630808854531628,0.999809830794006,0.0026515171723816853,-0.9999681279442103,0.999896638727598
550.0,0,665.317798177111,187,0.7791666666666667,0.9999928882180924,0.003828928692564294,0.9961219210968303,0.9999554460173191,0.006682279880784635,0.9995553829207983,0.0029569026787711456,-0.9999665328152794,0.9998952474359466
550.0,0,665.317798177111,188,0.7833333333333333,0.9999926466242451,0.0038250743522254037,0.9961920581369222,0.9999548491008781,0.00672064341011261,0.9998202971847586,0.0029443565882272776,-0.9999664372285273,0.9998956586071065
550.0,0,665.317798177111,189,0.7875,0.9999924283119588,0.0035629867379445156,0.9968041032213811,0.9999543434719692,0.006757611654270515,1.000132580584642,0.0027332660518809143,-0.999967101985136,0.999896468777232
550.0,0,665.317798177111,190,0.7916666666666666,0.9999922299666917,0.0033980703532859647,0.9972553593254943,0.9999537685678138,0.006799678339538499,0.9999084233123833,0.00259836425495905,-0.9999679521803799,0.9998957299930451
550.0,0,665.317798177111,191,0.7958333333333333,0.9999920555593643,0.0033804823759410085,0.9973640642596092,0.9999531238656079,0.006850024280224544,0.9996944311250721,0.0025763871113168783,-0.9999682759870927,0.9998948926553654
550.0,0,665.317798177111,192,0.8,0.999991872993226,0.0035700072824740715,0.9969655343454829,0.9999524792884521,0.006903530740989333,0.9994747206135246,0.002711482319544034,-0.9999681085700087,0.9998939843874847
550.0,0,665.317798177111,193,0.8041666666666667,0.9999916191410044,0.0039352634809089685,0.9962373376651915,0.9999517573221043,0.006965051593126335,0.9992664043068149,0.002978414955433725,-0.9999671481777276,0.9998929834999618
550.0,0,665.317798177111,194,0.8083333333333333,0.9999912975306935,0.004140034147673585,0.9959004955788799,0.999950981737442,0.00700699548301031,0.9996007626641351,0.0031221686207240887,-0.9999665768703896,0.9998931916684599
550.0,0,665.317798177111,195,0.8125,0.9999909710370548,0.0041051184678108565,0.9960522708342239,0.9999503039672493,0.007050361510181475,0.9998479244282611,0.003084302810448769,-0.9999664260902361,0.9998933866487361
550.0,0,665.317798177111,196,0.8166666666666667,0.9999906699555713,0.003917259263640348,0.9965375899366599,0.9999496127747943,0.007104186819006723,0.9995944979596237,0.0029320618834665934,-0.9999668677470007,0.999893127423772
550.0,0,665.317798177111,197,0.8208333333333333,0.999990394750101,0.0037012653878124584,0.997142563098803,0.999948866453184,0.007164393012881492,0.9993757104752224,0.002760495636250099,-0.9999675393339978,0.9998927479408156
550.0,0,665.317798177111,198,0.825,0.9999901437196661,0.0037472442498795526,0.9971108737896186,0.999948071703936,0.007226240141903618,0.999238364122551,0.002784184100514477,-0.9999678174351418,0.9998922970142244
550.0,0,665.317798177111,199,0.8291666666666667,0.9999898364846158,0.0041351749559915395,0.9962823425532917,0.9999472221735588,0.0072966447206003334,0.9990379430852799,0.003059979545762946,-0.9999675667508143,0.9998917710532069
550.0,0,665.317798177111,200,0.8333333333333334,0.9999894481516058,0.004586656785728383,0.9954309994359345,0.9999463150286827,0.007378983720833843,0.9987642602435344,0.0033811043000485583,-0.9999669829167036,0.9998911166105875
550.0,0,665.317798177111,201,0.8375,0.9999889967642591,0.0046800462169314635,0.995341875313888,0.9999453866096839,0.007427749508118273,0.9989440512300992,0.0034360000872007547,-0.9999666742938003,0.9998910339624855
550.0,0,665.317798177111,202,0.8416666666666667,0.9999885669225037,0.004442485092213529,0.9959333071462955,0.9999445725981232,0.007459470743919142,0.9993424717397272,0.0032475942447999597,-0.9999666535712131,0.9998914831487
550.0,0,665.317798177111,203,0.8458333333333333,0.9999881653866042,0.004265787063571083,0.9964391613278795,0.9999437078799253,0.007524238946411938,0.9991977388235742,0.00310568120234264,-0.9999668881152775,0.9998916121639437
550.0,0,665.317798177111,204,0.85,0.999987796281646,0.004232667925724199,0.9966258071119832,0.9999427365260478,0.007601986034413902,0.9989741269287548,0.003068934761794153,-0.999967232541341,0.9998916629360515
550.0,0,665.317798177111,205,0.8541666666666666,0.9999874267306595,0.004394715376966026,0.9963351176362671,0.9999417621408278,0.007678692441445093,0.9987969791637874,0.0031729522046878363,-0.9999676201239531,0.9998916420554743
550.0,0,665.317798177111,206,0.8583333333333333,0.9999869678349473,0.004760006073964206,0.9956219709398402,0.9999407131069615,0.007766774051413535,0.998561626934684,0.0034219548054888194,-0.9999677742955767,0.9998915038656886
550.0,0,665.317798177111,207,0.8625,0.9999863997267179,0.005018114032858981,0.9951987748484894,0.9999395653508462,0.007818160950316712,0.99882677775535,0.00359186117529499,-0.9999676443874271,0.999891156079046
550.0,0,665.317798177111,208,0.8666666666666667,0.9999858087026331,0.0050333529850439505,0.9952901925969486,0.9999385254345862,0.007861949954139138,0.9991809304715834,0.0035867522601511475,-0.9999673687498833,0.9998909150132685
550.0,0,665.317798177111,209,0.8708333333333333,0.9999852504389981,0.004885783238854248,0.99573792118914,0.9999375026132205,0.00793728523487781,0.9989973661172896,0.00346588130300624,-0.9999671098745698,0.9998915643523351
550.0,0,665.317798177111,210,0.875,0.9999847268303912,0.004676632728660727,0.996373998210502,0.999936405639014,0.008021559857791669,0.9987751001167107,0.0033032552429146417,-0.9999670443046411,0.999892116760018
550.0,0,665.317798177111,211,0.8791666666666667,0.9999842463459289,0.0046724603458420414,0.9965194230077593,0.9999352531654414,0.008102447178776187,0.9986571205956726,0.003285792851033739,-0.9999672873914808,0.9998925977470147
550.0,0,665.317798177111,212,0.8833333333333333,0.9999837032912184,0.005018377341412984,0.9957928075317939,0.9999340299184163,0.008191125262313333,0.9985014395192052,0.003512454868819494,-0.9999681743309045,0.9998929816318637
550.0,0,665.317798177111,213,0.8875,0.9999830450478037,0.005478570077726372,0.9949022373043088,0.999932741585781,0.008295245246412883,0.9982392885985318,0.003817387125244434,-0.9999687800860964,0.9998932584012189
550.0,0,665.317798177111,214,0.8916666666666667,0.9999822832711222,0.00566089252567749,0.9946609123626573,0.9999314006048785,0.00836556683794794,0.9983380066216346,0.003926413658767753,-0.9999688887013889,0.9998932702880003
550.0,0,665.317798177111,215,0.8958333333333334,0.9999815352229355,0.005474563517394995,0.995214323970116,0.9999301955101025,0.008397759786387845,0.9988024438211393,0.0037787146715225154,-0.9999681682092635,0.9998928208910994
550.0,0,665.317798177111,216,0.9,0.9999808328972639,0.005301464661725865,0.9957807674401565,0.9999289810644625,0.00847202395494657,0.998770871008363,0.0036421852984416035,-0.9999676623559357,0.9998936391550252
550.0,0,665.317798177111,217,0.9041666666666667,0.9999801776233225,0.005258720823092941,0.9960500509713855,0.9999276178222185,0.008569204455481032,0.9985524879400737,0.003596248902599008,-0.9999676292113162,0.9998945775159709
550.0,0,665.317798177111,218,0.9083333333333333,0.99997953930847,0.005385463693853557,0.9958750667744402,0.9999262437837589,0.008660373312397841,0.9984226745042939,0.0036656507888417618,-0.9999682224233528,0.9998954392554231
550.0,0,665.317798177111,219,0.9125,0.9999787965351613,0.005719512342777368,0.9952136353384553,0.999924808939924,0.00876477609170033,0.9981958804170699,0.0038746370901050985,-0.999969399473142,0.9998961773014459
550.0,0,665.317798177111,220,0.9166666666666666,0.9999778877651943,0.006009922415171644,0.9947210807109592,0.9999232275877399,0.008835674425302354,0.9983908109587684,0.004052092959825038,-0.9999699808418437,0.9998959474111533
550.0,0,665.317798177111,221,0.9208333333333333,0.9999769268041345,0.006072791288146811,0.9947590553766464,0.999921756802683,0.008883410092638872,0.9988415076485897,0.004074853850555435,-0.9999699048562832,0.9998947685366427
550.0,0,665.317798177111,222,0.925,0.9999760108005861,0.005972460779488192,0.9951781376167784,0.9999203610494498,0.00896694869656206,0.9987619933984418,0.003988063801355372,-0.999969018826852,0.9998961564364938
550.0,0,665.317798177111,223,0.9291666666666667,0.9999751485982517,0.0057928989071688985,0.9958357924605361,0.999918877344324,0.009064860670583146,0.9985525118947506,0.0038502388130591952,-0.9999682527128237,0.9998974715455718
550.0,0,665.317798177111,224,0.9333333333333333,0.999974360088186,0.0057495701681963135,0.9961556863228084,0.9999173353336379,0.009156768649773706,0.9984637518236124,0.0038038834398768846,-0.999967824519819,0.99989871758744
550.0,0,665.317798177111,225,0.9375,0.9999735176050946,0.0060289859308391034,0.9955676411200669,0.9999157113575942,0.009253678352617867,0.9983630279827601,0.0039691844599785316,-0.999969605816278,0.9998998511998078
550.0,0,665.317798177111,226,0.9416666666666667,0.999972517266363,0.00646019623500847,0.9946753198725198,0.9999140215407355,0.009365104693872263,0.9981432976434113,0.004233092855131504,-0.9999711425448384,0.9999009028789007
550.0,0,665.317798177111,227,0.9458333333333333,0.9999713634147781,0.006705087738570218,0.9943027449431667,0.9999122541757081,0.009455548647616385,0.9981786280513535,0.0043731992351498305,-0.9999720931599634,0.9999015367870139
550.0,0,665.317798177111,228,0.95,0.9999702061840214,0.006584791762156576,0.9948046610301127,0.9999106432644006,0.009498216937067004,0.9986897780116599,0.004273557557684728,-0.9999709015826473,0.9999003720918245
550.0,0,665.317798177111,229,0.9541666666666667,0.9999691296284368,0.006427646952204603,0.995439939296954,0.9999091030483195,0.009571586361507827,0.9988020692503466,0.004151782451895666,-0.9999698345500627,0.9999011323370082
550.0,0,665.317798177111,230,0.9583333333333334,0.9999681274997785,0.00638135669205206,0.9958018048773823,0.9999073812573077,0.009673762594569889,0.998613136939017,0.0041030678957812575,-0.999969216705571,0.9999026549485874
550.0,0,665.317798177111,231,0.9625,0.9999671785287367,0.006471930311528714,0.9957511706005493,0.9999056403651064,0.009769046110223388,0.9985349709449041,0.0041420937598316485,-0.9999698524457729,0.9999040876225805
550.0,0,665.317798177111,232,0.9666666666666667,0.9999661247658593,0.006748791999830291,0.9951801998683062,0.9999038753405752,0.009873342373703076,0.9983531086585797,0.004299377350713643,-0.9999714494000957,0.9999054260117648
550.0,0,665.317798177111,233,0.9708333333333333,0.9999648394752979,0.0070409475924524114,0.9946450135228841,0.9999019301641616,0.009960536401992652,0.9984894788528469,0.004465000806584982,-0.9999727256833455,0.9999057968331206
550.0,0,665.317798177111,234,0.975,0.9999634607169268,0.007139792172532657,0.994640763471365,0.9999000899187852,0.01001947315073563,0.9990208785774454,0.004507031772939828,-0.9999728389937658,0.9999041412433676
550.0,0,665.317798177111,235,0.9791666666666666,0.999962148173942,0.007084509628070167,0.9950446140292298,0.9998984244997804,0.010099431644601595,0.9990805724600108,0.004451602321442839,-0.9999718035598042,0.999905384786911
550.0,0,665.317798177111,236,0.9833333333333333,0.9999609301271605,0.006946644840264001,0.9957228156741497,0.9998966822698359,0.010193953505457924,0.9989060485784459,0.004345953175509992,-0.9999706190882082,0.9999070764724597
550.0,0,665.317798177111,237,0.9875,0.9999598345938511,0.006883093795742224,0.9962093331033759,0.9998948932562203,0.010283969605458465,0.9988575379823669,0.004288229705838212,-0.9999695314857524,0.9999086982952822
550.0,0,665.317798177111,238,0.9916666666666667,0.9999587258294768,0.0070805940174013355,0.9957990808952789,0.9998930313641945,0.0103760415630064,0.9988228332143484,0.004391724270140502,-0.999971488708084,0.9999102189443219
550.0,0,665.317798177111,239,0.9958333333333333,0.9999574204095482,0.0074444646866650595,0.9949450491267384,0.9998911213512824,0.01047669021131874,0.9986723597586663,0.0045977596006740555,-0.9999734827139315,0.9999116748811596
550.0,1,665.817798177111,0,0.0,0.9999739739090322,0.007211001302105702,1.0072334888676957,0.9998691273842975,0.012086317540690764,1.0055304227828858,0.004248483202298152,-0.9999811842399224,0.9999452305780623
550.0,1,665.817798177111,1,0.004166666666666667,0.9999749058752183,0.006907857286016709,1.0067495419933776,0.9998706565900589,0.012027905202544454,1.0055523734349079,0.004081458725271735,-0.9999822277037472,0.9999459980770008
550.0,1,665.817798177111,2,0.008333333333333333,0.9999756739056324,0.0064427152731736815,1.005879494450507,0.9998721798888139,0.01194053957300759,1.0054477295305182,0.003818537428729716,-0.9999831904186032,0.999946740811373
550.0,1,665.817798177111,3,0.0125,0.9999762945124985,0.006206578717448669,1.0054584942105103,0.9998736644637477,0.011897672709343821,1.0055327116285302,0.0036909515730060728,-0.9999839840046569,0.9999473573254537
550.0,1,665.817798177111,4,0.016666666666666666,0.9999769263001527,0.0063744146461305945,1.0059438288059899,0.9998754204343212,0.011967632908676936,1.0061256132620402,0.003802739708189545,-0.9999835039479736,0.9999466447096576
550.0,1,665.817798177111,5,0.020833333333333332,0.9999776666848298,0.0066431923763592485,1.0066248125177788,0.9998773827468629,0.011950366005714768,1.0063758373394338,0.0039765806540654845,-0.99998304742682,0.9999467749803933
550.0,1,665.817798177111,6,0.025,0.9999784860589286,0.006786018977109376,1.0070298985415949,0.9998791553082113,0.011844355902985543,1.006255950988172,0.004077106412729486,-0.9999827036958961,0.9999474389573727
550.0,1,665.817798177111,7,0.029166666666666667,0.9999793613098968,0.006717692051439501,1.0070230755773848,0.9998809343104411,0.011764958916610287,1.0062405142373267,0.004051101268446637,-0.9999829414750172,0.9999480730264444
550.0,1,665.817798177111,8,0.03333333333333333,0.9999801589328258,0.006379398625080665,1.0064794517011957,0.9998827464703277,0.011655772346963775,1.00611880277529,0.0038616914963338837,-0.9999835649947092,0.999948682029705
550.0,1,665.817798177111,9,0.0375,0.9999807714019369,0.006044361725136087,1.0059005864876058,0.9998843842004682,0.011620029560363032,1.0062503182564047,0.003673123402484789,-0.9999842162317106,0.9999490262761103
550.0,1,665.817798177111,10,0.041666666666666664,0.9999813102335829,0.0059743639661998605,1.005848643406433,0.9998861422969232,0.011706104741685066,1.006831794955452,0.0036449519691686585,-0.999984386240377,0.9999484734107683
550.0,1,665.817798177111,11,0.04583333333333333,0.9999819043519758,0.006105557826408962,1.0062132264029031,0.9998881444739193,0.011661991553119767,1.006973983894566,0.003739752106808395,-0.9999841704379911,0.9999487426163404
550.0,1,665.817798177111,12,0.05,0.9999825679256883,0.006384681063692762,1.0068546288563127,0.9998900820129752,0.01153019333939786,1.0068098851404652,0.003927140199533146,-0.9999838393802222,0.9999492669997536
550.0,1,665.817798177111,13,0.05416666666666667,0.9999833011416277,0.006603358921292364,1.00736271280951,0.9998919748703229,0.011433560094196694,1.0067613082212021,0.00407969750055253,-0.9999835409994378,0.9999497691597735
550.0,1,665.817798177111,14,0.058333333333333334,0.9999840279503553,0.006340833826254761,1.006986331339866,0.9998937984272325,0.011345561124880069,1.0067342050377548,0.003933948941756675,-0.999984050052666,0.9999502453273723
550.0,1,665.817798177111,15,0.0625,0.9999846264608163,0.005811659582616156,1.0060851378018414,0.9998955723856379,0.011224715007124762,1.0065896075241334,0.0036211985314862426,-0.9999846853949094,0.9999507036342145
550.0,1,665.817798177111,16,0.06666666666666667,0.9999851019002725,0.005468134081916641,1.0054927673002392,0.9998972668561892,0.011132543922636498,1.0065332292662097,0.003422739102191304,-0.9999852622257953,0.9999511412484293
550.0,1,665.817798177111,17,0.07083333333333333,0.9999855489433888,0.005592343199915312,1.0058174984786583,0.9998990903012108,0.011197093299860272,1.0070199763447645,0.0035155934936704613,-0.9999850901030104,0.9999508018435271
550.0,1,665.817798177111,18,0.075,0.999986064755982,0.005900862207673975,1.0064839926699007,0.9999010987114919,0.011201286085924711,1.007316455393385,0.0037258875709725576,-0.9999848538495847,0.9999507279674192
550.0,1,665.817798177111,19,0.07916666666666666,0.9999866256612197,0.00608944357459585,1.0069096565152367,0.9999029303382362,0.011064493830156834,1.0071467029181382,0.0038629626824490055,-0.9999846406435957,0.999951101250226
550.0,1,665.817798177111,20,0.08333333333333333,0.9999872242702348,0.006062840467479781,1.0069498006745994,0.9999046938664247,0.010956921025673635,1.0070605540442525,0.0038640275588140297,-0.9999848013155852,0.9999514473215579
550.0,1,665.817798177111,21,0.0875,0.9999877786101201,0.005736838342623913,1.006453546781905,0.9999064694285951,0.010824253697963155,1.0068992377941755,0.003673268979707648,-0.9999851184958721,0.9999517777502724
550.0,1,665.817798177111,22,0.09166666666666666,0.9999881982648249,0.005334451247966705,1.0057881796184713,0.9999080846174475,0.010742203798569943,1.006876590373425,0.0034316276581986493,-0.9999855549295819,0.9999520656232963
550.0,1,665.817798177111,23,0.09583333333333334,0.9999885403430124,0.0052095362357429025,1.0056157084792157,0.9999097018226965,0.010832033214849586,1.0073807178651386,0.0033670122725664724,-0.9999856714339631,0.9999517991793427
550.0,1,665.817798177111,24,0.1,0.999988904650171,0.0053240418135455676,1.0058910413582702,0.9999115085293457,0.010814138053705865,1.0075727061194601,0.0034569766325197736,-0.9999856420242063,0.9999518338960454
550.0,1,665.817798177111,25,0.10416666666666667,0.9999893131882509,0.005608464892931237,1.0064657567965354,0.9999132561243697,0.010658024898969045,1.007355294514453,0.00365896977127487,-0.9999855130038546,0.9999520786964631
550.0,1,665.817798177111,26,0.10833333333333334,0.9999897612911234,0.0058958501958532574,1.007027878646142,0.9999149336499029,0.01053702171963299,1.0072323093183242,0.003865687043862804,-0.9999854241489015,0.9999523006635569
550.0,1,665.817798177111,27,0.1125,0.9999902185636484,0.005714226641284082,1.0067862965877095,0.9999165348978521,0.010435044822577075,1.0071567882062542,0.0037643619517030848,-0.9999856062112044,0.9999525052504937
550.0,1,665.817798177111,28,0.11666666666666667,0.9999905891803218,0.005162525279215862,1.0058894565145022,0.9999180682209836,0.010302713796234104,1.0069836701699946,0.0034168576673835466,-0.9999859127444567,0.9999526956152524
550.0,1,665.817798177111,29,0.12083333333333333,0.9999908689197343,0.004730409338129609,1.0051602988096513,0.9999195178730629,0.01017535623958654,1.0068139934011802,0.0031463637397968354,-0.9999861630426058,0.999952864756297
550.0,1,665.817798177111,30,0.125,0.9999911089359764,0.004787740221884455,1.0053115429211588,0.9999210039947452,0.010224739409405579,1.0071742984989178,0.0031994062900807542,-0.9999861847937918,0.9999527984430685
550.0,1,665.817798177111,31,0.12916666666666668,0.9999913911066988,0.00512348450398009,1.005957644840132,0.9999226474676537,0.010266606128300708,1.007518583579493,0.0034395741927923155,-0.9999861330976886,0.9999527137284757
550.0,1,665.817798177111,32,0.13333333333333333,0.9999917015672866,0.005360181121960479,1.006413227264781,0.999924160786124,0.010125340436819733,1.007332354672694,0.0036159937220297004,-0.9999861130799286,0.9999528145090251
550.0,1,665.817798177111,33,0.1375,0.9999920390752666,0.005385213761519658,1.0065080170195535,0.9999255719869656,0.009999860296659172,1.0071770858525304,0.0036504325038506395,-0.9999861811595808,0.999952895049813
550.0,1,665.817798177111,34,0.14166666666666666,0.999992357448827,0.005101948649441982,1.0060827058295836,0.9999269856076358,0.009864499817437583,1.0069951820220042,0.003474855414465949,-0.99998627786548,0.9999529620743733
550.0,1,665.817798177111,35,0.14583333333333334,0.9999925884344167,0.004662028792677634,1.005366586474336,0.9999282775173352,0.00974814322631514,1.0068506481125064,0.0031902610417331176,-0.9999863903887224,0.9999530125332219
550.0,1,665.817798177111,36,0.15,0.9999927530927063,0.004481010554439139,1.005078973015514,0.9999295114913045,0.009829822113313026,1.0072565974205907,0.0030808109008377917,-0.9999864375552868,0.999953019885566
550.0,1,665.817798177111,37,0.15416666666666667,0.999992923800733,0.00457168178583933,1.0052720483177124,0.9999308885725748,0.009854409641445232,1.0075114588528864,0.003157613427128661,-0.9999864775008759,0.9999530129509367
550.0,1,665.817798177111,38,0.15833333333333333,0.9999931249529751,0.004849214720518511,1.0057855857331313,0.9999322336335631,0.00969686129874445,1.0072741017597746,0.00336476167204656,-0.9999865209614905,0.9999529942910503
550.0,1,665.817798177111,39,0.1625,0.9999933502319468,0.00518721145440496,1.006385498688486,0.9999335059152871,0.009562103355897985,1.0070878489918682,0.00361673744721077,-0.9999866066318698,0.9999529517776578
550.0,1,665.817798177111,40,0.16666666666666666,0.9999935926278312,0.005110059107907022,1.0062976100590277,0.9999347138672777,0.009457346729371095,1.006975089301162,0.0035794105786564937,-0.9999866366112239,0.999952895806176
550.0,1,665.817798177111,41,0.17083333333333334,0.9999937840914078,0.004575765301267167,1.0054409796909125,0.9999358555787418,0.009329426937617742,1.0067898804308053,0.0032193274170369693,-0.9999866040422811,0.9999528263550088
550.0,1,665.817798177111,42,0.175,0.9999939121076533,0.0040822739562788755,1.004609990362706,0.9999369282753487,0.009183725449865704,1.006543710413191,0.002885547714374134,-0.9999865056144436,0.9999527325417537
550.0,1,665.817798177111,43,0.17916666666666667,0.999994003817397,0.00405595042229337,1.0045831514906889,0.9999379907163949,0.009208354587930078,1.0067735941531875,0.002879670449511187,-0.9999865205830157,0.9999527540449098
550.0,1,665.817798177111,44,0.18333333333333332,0.9999941217251651,0.004394743893597251,1.0051972275773935,0.9999391835064063,0.009289157823043395,1.0071633284653885,0.0031334341575282444,-0.9999866283574589,0.9999528389687738
550.0,1,665.817798177111,45,0.1875,0.9999942602777527,0.0046728807702272656,1.0056899969492294,0.9999403010425748,0.009166639607977435,1.0070000976634899,0.003346601632287892,-0.9999867760487046,0.9999526759842333
550.0,1,665.817798177111,46,0.19166666666666668,0.9999944197187866,0.00475002106318973,1.0058450092729985,0.9999413098502428,0.009031265549131222,1.0067868587843638,0.003416927664968828,-0.999986825213571,0.9999524964680143
550.0,1,665.817798177111,47,0.19583333333333333,0.9999945760082735,0.004527803628288193,1.0055064226469517,0.9999423171566093,0.008906400516739722,1.0066008643441722,0.0032711041927834103,-0.9999867759889488,0.9999523028718124
550.0,1,665.817798177111,48,0.2,0.9999946800363988,0.004082477964014182,1.0047751512590029,0.9999432439654254,0.00877128447945523,1.0063733145243845,0.0029619125127929294,-0.9999865276613663,0.9999520877525504
550.0,1,665.817798177111,49,0.20416666666666666,0.9999947325873212,0.0038487577393608056,1.0043789187129117,0.9999440912849968,0.008831481581054105,1.0066686388516841,0.0028040536864927836,-0.9999864080109105,0.9999522137852274
550.0,1,665.817798177111,50,0.20833333333333334,0.9999947842545843,0.003907034463531262,1.0044932126692987,0.9999450439503903,0.008900521122201318,1.0069906764636687,0.0028581050729956934,-0.9999864076753596,0.9999523466978335
550.0,1,665.817798177111,51,0.2125,0.9999948587463862,0.004163486758721611,1.004950544334571,0.9999459957494534,0.008761583958830955,1.006770074817771,0.003057915817275183,-0.9999866136399236,0.9999520640876247
550.0,1,665.817798177111,52,0.21666666666666667,0.9999949499539892,0.004524764779802784,1.005569500651855,0.9999468819099989,0.008620820357884591,1.0065330764306182,0.003337266779413173,-0.9999868524082787,0.9999517596478609
550.0,1,665.817798177111,53,0.22083333333333333,0.9999950603741857,0.004556523395762514,1.005641252960869,0.9999477196778344,0.00851989659480251,1.006393691360994,0.0033743266180381918,-0.9999868946573268,0.9999514398983181
550.0,1,665.817798177111,54,0.225,0.9999951461223127,0.004073356546588564,1.0048570702284307,0.9999485003654025,0.008405199750612432,1.0062077328531034,0.0030278144318209195,-0.9999864952076509,0.9999511008747087
550.0,1,665.817798177111,55,0.22916666666666666,0.9999951876407728,0.0035504916548036182,1.0039558971689844,0.9999492289866094,0.008257751750704189,1.005920096344721,0.0026496007330262827,-0.9999860256110591,0.999950738330739
550.0,1,665.817798177111,56,0.23333333333333334,0.999995200111974,0.0034368630148847042,1.0037519412659135,0.9999499275758418,0.008252330468903907,1.006023015089071,0.002574551316819708,-0.9999858316184983,0.9999506651032696
550.0,1,665.817798177111,57,0.2375,0.9999952297611991,0.003746464272991722,1.004314130281366,0.9999507305468884,0.008360217891776727,1.006443310705917,0.0028162745676183895,-0.999986096420323,0.9999510505900786
550.0,1,665.817798177111,58,0.24166666666666667,0.9999952764870775,0.004051363256388446,1.00484703747474,0.9999515065940942,0.008274135245502424,1.00633969627312,0.0030566457441654196,-0.9999864034990845,0.9999506770137593
550.0,1,665.817798177111,59,0.24583333333333332,0.9999953398522413,0.004173326800429096,1.0050638580705993,0.9999521793575892,0.00813669265762948,1.0060824627442906,0.003160240388429735,-0.9999865142631729,0.9999502285729549
550.0,1,665.817798177111,60,0.25,0.9999954091206953,0.004017743011311741,1.0048181372124383,0.999952846614352,0.008028187742267661,1.0058994211517764,0.003053141393009107,-0.9999863972886761,0.9999497627495808
550.0,1,665.817798177111,61,0.25416666666666665,0.9999954492435882,0.0035967662677044033,1.0041037773489434,0.9999534665681243,0.007890591070503907,1.0056244897248163,0.002742632156940094,-0.9999857603433687,0.9999492667637334
550.0,1,665.817798177111,62,0.25833333333333336,0.9999954507743039,0.0033215190366273754,1.0036074153135814,0.999954003955039,0.007920552950962884,1.0058029832289175,0.0025412763769384734,-0.9999853578086957,0.999949329582469
550.0,1,665.817798177111,63,0.2625,0.9999954483999424,0.0033407045099351105,1.0036422111125227,0.9999546148500451,0.00802364802861139,1.0061826272113812,0.0025642439925090896,-0.9999852081073464,0.9999497938602945
550.0,1,665.817798177111,64,0.26666666666666666,0.9999954643440297,0.003561204581543029,1.0040446447617006,0.9999552514001209,0.007918900012205543,1.0060115689617801,0.0027420331814435967,-0.9999855831275475,0.9999492363722323
550.0,1,665.817798177111,65,0.2708333333333333,0.9999954934994105,0.003915608820921038,1.0046639356769744,0.9999558320752368,0.007779798410273717,1.0057362293815508,0.0030248382425923964,-0.9999859810181381,0.9999486567882674
550.0,1,665.817798177111,66,0.275,0.9999955404614577,0.004043290355990299,1.0048881422083844,0.9999563766574217,0.007686695021206613,1.0055765726232833,0.0031335346266533116,-0.9999862161003513,0.9999480571911755
550.0,1,665.817798177111,67,0.2791666666666667,0.9999955803748101,0.0036364879650595252,1.0042051302434047,0.9999568736601825,0.007589759160773617,1.0053957507531035,0.00282625950748516,-0.9999854276253427,0.999947427968358
550.0,1,665.817798177111,68,0.2833333333333333,0.9999955889278913,0.0031168576052175248,1.0032622332589394,0.9999573313358419,0.007455039235769,1.005094198213797,0.002429629632880012,-0.9999845572550781,0.9999467746773496
550.0,1,665.817798177111,69,0.2875,0.9999955741697257,0.00292996102252499,1.0028882135470887,0.9999577522565698,0.007421551517074202,1.0050788905475228,0.0022906172531378037,-0.9999839352183724,0.9999464052243151
550.0,1,665.817798177111,70,0.2916666666666667,0.9999955713397766,0.0031776884198263327,1.0033728984615882,0.9999582530094546,0.0075374697474403065,1.0055045899154167,0.002490608665510645,-0.9999843780172549,0.999947088909744
550.0,1,665.817798177111,71,0.29583333333333334,0.9999955840190256,0.003487289789990518,1.003943563716814,0.999958764450829,0.007497561000504939,1.0054883370925363,0.0027405312390690073,-0.9999848556495733,0.9999467095782469
550.0,1,665.817798177111,72,0.3,0.9999956098830002,0.0036414283040785158,1.0042207674469061,0.9999591821938362,0.0073675696649917,1.005202702503715,0.002869425849528397,-0.9999851305071803,0.9999459740223836
550.0,1,665.817798177111,73,0.30416666666666664,0.9999956463029694,0.003547850521633546,1.0040662341005775,0.9999595883617497,0.007276631273445357,1.0050202258675416,0.0028028076120716642,-0.9999849063404354,0.9999452092156439
550.0,1,665.817798177111,74,0.30833333333333335,0.9999956677860591,0.0031753767022627164,1.0033971746868933,0.999959970417896,0.007152267639271975,1.0047283245199483,0.0025146795393613205,-0.9999839946272961,0.999944411608276
550.0,1,665.817798177111,75,0.3125,0.9999956600081398,0.002878039761229297,1.0028122029147493,0.9999602745089523,0.007151291279004558,1.0047897264098553,0.0022845950851428727,-0.9999831904448637,0.9999442093267822
550.0,1,665.817798177111,76,0.31666666666666665,0.9999956463801712,0.00285700571725438,1.002763845191038,0.9999606241392424,0.007269436682042945,1.0052037781115302,0.0022729870022439587,-0.9999828645183764,0.9999450526347393
550.0,1,665.817798177111,77,0.32083333333333336,0.9999956478994004,0.0030287420255381637,1.0031100534213464,0.9999610196592952,0.007209133236305877,1.005110446383796,0.002414655652081659,-0.9999833468202373,0.9999443693514349
550.0,1,665.817798177111,78,0.325,0.999995661241001,0.0033474436886631654,1.0037127325256745,0.999961369092624,0.007081000175568442,1.0048094888664956,0.0026746322143671817,-0.9999839289509642,0.9999434981900927
550.0,1,665.817798177111,79,0.32916666666666666,0.9999956894472228,0.003544163502161594,1.0040704372063862,0.9999616894825278,0.006999160007558641,1.0046319991528903,0.0028381166085701647,-0.9999845282913918,0.9999425982125286
550.0,1,665.817798177111,80,0.3333333333333333,0.9999957213111558,0.0032302451759205,1.0035149671203278,0.9999619698787164,0.006922712893875776,1.0044583447448365,0.0025914267994955006,-0.9999833859876189,0.9999416544628891
550.0,1,665.817798177111,81,0.3375,0.9999957306019337,0.0027439139956142336,1.0025565696224301,0.999962218456915,0.006812293237720224,1.0041622351322395,0.00220538621272769,-0.9999821006177948,0.9999406836097676
550.0,1,665.817798177111,82,0.3416666666666667,0.999995719458885,0.002516016274332572,1.0020268025624184,0.9999624291270326,0.006761101216757384,1.0040434913002667,0.0020260752949797177,-0.9999808125681107,0.9999397852654758
550.0,1,665.817798177111,83,0.3458333333333333,0.9999957161318597,0.0026781136008453455,1.0024064063697131,0.9999626968985126,0.006865859493682408,1.0044454742588598,0.0021598384594266754,-0.9999814628900326,0.9999407966154674
550.0,1,665.817798177111,84,0.35,0.9999957278601962,0.0029626659599812713,1.003006271263009,0.9999630031631941,0.0068713883432995095,1.004531209716061,0.0023929784986819022,-0.9999821397359066,0.999940614621146
550.0,1,665.817798177111,85,0.3541666666666667,0.9999957500155133,0.003132385522435624,1.00334080541292,0.9999632267851192,0.0067604960999667505,1.0042354053812546,0.0025342000603066368,-0.999982706027537,0.9999395794112461
550.0,1,665.817798177111,86,0.35833333333333334,0.9999957846566134,0.0030909041562381793,1.0032728788678604,0.9999634300737271,0.00668766884751814,1.0040468151167858,0.002504326173279011,-0.9999823936152895,0.9999384971524968
550.0,1,665.817798177111,87,0.3625,0.9999958127286614,0.0027830895726090477,1.0026712727674223,0.9999636242523989,0.0065892652525051726,1.0037601748838039,0.00225797592804416,-0.9999813169230244,0.9999373779165741
550.0,1,665.817798177111,88,0.36666666666666664,0.999995817273465,0.0024910612792730376,1.0020133278998515,0.9999637476390966,0.006566099885311523,1.003711352436784,0.0020236103465041196,-0.9999800046531766,0.9999366838869166
550.0,1,665.817798177111,89,0.37083333333333335,0.9999958135850182,0.0024380325538394133,1.0018766441246723,0.9999638910892907,0.006678302333968811,1.0041294682852744,0.001982823680760106,-0.9999795460356937,0.9999378345512905
550.0,1,665.817798177111,90,0.375,0.9999958220760691,0.0025521368150530454,1.0021635834345022,0.9999640950080386,0.006664308945515265,1.004133659509571,0.00207767382885792,-0.9999800036207096,0.9999373089568315
550.0,1,665.817798177111,91,0.37916666666666665,0.9999958422301175,0.002808814915167904,1.0027356569372932,0.9999642627386067,0.006558246851529956,1.0038213737225776,0.002289026570449422,-0.9999807990519287,0.9999361486212593
550.0,1,665.817798177111,92,0.38333333333333336,0.9999958742608454,0.003037744123407386,1.0031995380796503,0.9999644035297123,0.006491992156891229,1.003625883787713,0.0024784132263230823,-0.9999816288049025,0.9999349399952474
550.0,1,665.817798177111,93,0.3875,0.9999959154831269,0.0028245484494572597,1.0027944475524124,0.9999645097427761,0.006438290025208364,1.0034589562430443,0.0023061870531973713,-0.9999805336240797,0.9999336809682701
550.0,1,665.817798177111,94,0.39166666666666666,0.9999959399983863,0.0024000109188733842,1.001845642594697,0.9999645869220375,0.0063604725155782605,1.0031808101653552,0.0019609153921810616,-0.9999788660092863,0.9999323844507175
550.0,1,665.817798177111,95,0.3958333333333333,0.9999959445592912,0.002180192495051575,1.0011820547905332,0.99996462701193,0.006308749317592084,1.0029801680525816,0.0017827657534801756,-0.99997703238646,0.9999310443938058
550.0,1,665.817798177111,96,0.4,0.9999959519726112,0.002251052050787014,1.0014287542240699,0.9999647030135111,0.006388676385126834,1.0033276984099786,0.0018414754466840773,-0.9999775696864898,0.9999320633267417
550.0,1,665.817798177111,97,0.4041666666666667,0.999995974460004,0.0024718790033828875,1.002043976292187,0.9999648379528984,0.006428692856842874,1.0035179517711315,0.002022835225080714,-0.9999784614501956,0.9999323056878836
550.0,1,665.817798177111,98,0.4083333333333333,0.9999960055658822,0.002635340502184321,1.002432193405511,0.9999649023553412,0.00634905384114828,1.0032341645045588,0.002157680043490614,-0.9999793843144146,0.9999309924804667
550.0,1,665.817798177111,99,0.4125,0.9999960494709901,0.002633030276467957,1.0024452536395703,0.9999649345613277,0.006296396003810415,1.0030309157432828,0.0021565631579359033,-0.9999790903341755,0.9999296122755932
550.0,1,665.817798177111,100,0.4166666666666667,0.999996091564415,0.002400280144385873,1.0019269095832868,0.9999649665494932,0.006232363908282428,1.0027639049201547,0.0019663663456110252,-0.9999780128900015,0.999928188952785
550.0,1,665.817798177111,101,0.42083333333333334,0.9999961126955382,0.002150895344317263,1.001216510420128,0.9999649354344173,0.0062038445822579545,1.002620008673944,0.001762301420051246,-0.9999761468333662,0.9999267936021061
550.0,1,665.817798177111,102,0.425,0.9999961218219732,0.002088937052192364,1.0009858607585138,0.9999649000264687,0.006294202845501327,1.0030102467533362,0.001711591908617084,-0.9999755740171903,0.9999282092197781
550.0,1,665.817798177111,103,0.42916666666666664,0.9999961396726686,0.0021426184772496146,1.0012094407349625,0.9999649350625229,0.0063181390575986155,1.0031206683896703,0.0017553322660961272,-0.9999758921557834,0.9999280574018649
550.0,1,665.817798177111,104,0.43333333333333335,0.9999961695345408,0.002311458478243169,1.0017406984349155,0.9999649447758782,0.0062453090032304984,1.0028142236193935,0.0018933877999193114,-0.99997689783702,0.9999266698513241
550.0,1,665.817798177111,105,0.4375,0.999996209205002,0.0025274756780704344,1.0022817894356715,0.9999649253992496,0.006200295040227814,1.0025992093345104,0.002070350020867229,-0.9999779731847859,0.999925207071241
550.0,1,665.817798177111,106,0.44166666666666665,0.9999962603420668,0.00241215505832689,1.0020411219300478,0.9999648745608125,0.006171587465337472,1.0024373706530054,0.0019752243593429302,-0.9999772018492974,0.9999236889189341
550.0,1,665.817798177111,107,0.44583333333333336,0.9999962979806508,0.002082250775447138,1.001126468456692,0.9999647935886246,0.006130771913002404,1.0021841431656755,0.0017042271058997918,-0.9999752789596081,0.9999221210318275
550.0,1,665.817798177111,108,0.45,0.9999963143043716,0.0019360350512834083,1.0003537186622093,0.999964676253465,0.00609702332021205,1.0019253974235593,0.0015840519727100494,-0.9999731171074036,0.9999204854323226
550.0,1,665.817798177111,109,0.45416666666666666,0.9999963267270127,0.0019422779341259598,1.0004454551296886,0.9999645746720862,0.0061501881617649,1.0021930981662617,0.00158810349836401,-0.9999732079204234,0.9999211525322631
550.0,1,665.817798177111,110,0.4583333333333333,0.9999963538208252,0.002050557226285204,1.0010575432518278,0.9999645470242863,0.006206383715711308,1.0024794935770263,0.0016752449730798064,-0.9999742687177247,0.9999220102062591
550.0,1,665.817798177111,111,0.4625,0.9999963889946439,0.0021743755708182474,1.001495713624768,0.9999644627611353,0.006166417078958818,1.0022329845446065,0.0017752336877987136,-0.9999754043335741,0.9999205196805939
550.0,1,665.817798177111,112,0.4666666666666667,0.9999964365742953,0.0021944765380481754,1.0015838504159593,0.9999643307317014,0.006138476681906428,1.0020078559157948,0.0017902817702462265,-0.9999753973434329,0.999918955613636
550.0,1,665.817798177111,113,0.4708333333333333,0.9999964850523924,0.002045849322401392,1.0011587334835803,0.9999642024015929,0.006112110809807791,1.0017681161335623,0.001667506943094696,-0.9999745351399589,0.9999173362551577
550.0,1,665.817798177111,114,0.475,0.9999965124752886,0.0018910758798283155,1.0004211434925334,0.9999640183285514,0.006097944014120111,1.0015525222295527,0.0015398123170536457,-0.9999724486076306,0.9999156503465157
550.0,1,665.817798177111,115,0.4791666666666667,0.999996521878595,0.0018660944880382743,1.000091516458485,0.999963805673944,0.006161583087240848,1.0018837107419507,0.00151780696388652,-0.9999715839083518,0.9999167074505507
550.0,1,665.817798177111,116,0.48333333333333334,0.9999965355323103,0.0018694931590587448,1.0002471624419698,0.9999636689434387,0.0062071918066545825,1.0020989866008394,0.0015186584088947984,-0.9999716379759045,0.9999170727236615
550.0,1,665.817798177111,117,0.4875,0.9999965615309757,0.0019250701835829254,1.0007316048518673,0.9999635202277908,0.006175096500915995,1.001819402887742,0.0015617510229029232,-0.9999727729810073,0.9999156268993871
550.0,1,665.817798177111,118,0.49166666666666664,0.9999965966233871,0.0020675182957506236,1.0013209162538967,0.9999633362093734,0.006157503356940593,1.0015830887587063,0.0016754071812942748,-0.9999740192519893,0.9999140847719348
550.0,1,665.817798177111,119,0.49583333333333335,0.9999966442726052,0.002033563457916851,1.0012495041818932,0.9999631214997011,0.006155619278277798,1.001424521040519,0.0016455887804190665,-0.9999738222234298,0.9999124823244597
550.0,1,665.817798177111,120,0.5,0.9999966791978008,0.001843432184406213,1.0003936261303363,0.9999628720364219,0.006151866345705453,1.0011986518866147,0.0014892526625981473,-0.9999719170471157,0.9999108184809871
550.0,1,665.817798177111,121,0.5041666666666667,0.99999668944266,0.001848782986051101,0.9995365525633574,0.9999625855508334,0.006150130699648127,1.0009055881485336,0.001491397159037268,-0.9999696981595604,0.9999090561710925
550.0,1,665.817798177111,122,0.5083333333333333,0.9999966868603688,0.0018597524067566016,0.9994606274269211,0.9999622946485592,0.006187521000856239,1.0010776938901842,0.0014976646833051474,-0.9999692084927962,0.9999091526057209
550.0,1,665.817798177111,123,0.5125,0.9999966971925928,0.0018176665051490458,1.0000469930252243,0.9999620881459678,0.006240990039092734,1.0014419709037692,0.0014608731272747063,-0.9999702723888463,0.9999106250418782
550.0,1,665.817798177111,124,0.5166666666666667,0.9999967165183767,0.001850596996492558,1.0005316073391435,0.999961842374145,0.006240872041037688,1.00125847852413,0.0014846587110839307,-0.9999714853379683,0.9999091979508776
550.0,1,665.817798177111,125,0.5208333333333334,0.9999967480502218,0.00186800471243013,1.0006894293155941,0.9999615291752452,0.006243433239587292,1.0010101173585728,0.0014958436741037673,-0.9999718369946637,0.9999076992142452
550.0,1,665.817798177111,126,0.525,0.9999967824496329,0.0018119343205975926,1.0003621590042178,0.9999612184060163,0.006253079137072672,1.000799590649403,0.0014480195250324661,-0.999971403273028,0.9999061351428981
550.0,1,665.817798177111,127,0.5291666666666667,0.9999967935925163,0.0018102513874505902,0.9996242971713343,0.9999608589511703,0.006267847972521033,1.0005384293332416,0.0014436278926833808,-0.9999694772386697,0.9999044755247294
550.0,1,665.817798177111,128,0.5333333333333333,0.9999967773740358,0.0018832511912305991,0.9991953267597357,0.9999604451015344,0.0063138529407866005,1.0007875237912103,0.0014985533019639522,-0.9999684087864522,0.9999048637000256
550.0,1,665.817798177111,129,0.5375,0.9999967591559291,0.0018711719655333543,0.9992785383352063,0.9999601075039688,0.006363473715587847,1.001097256448133,0.0014854622953841415,-0.9999681349300391,0.9999056441353962
550.0,1,665.817798177111,130,0.5416666666666666,0.9999967534794747,0.001813206386579502,0.9997129976074208,0.9999597756950132,0.006371897605016538,1.0008684660367533,0.0014359400799951886,-0.9999691962026879,0.9999044430192855
550.0,1,665.817798177111,131,0.5458333333333333,0.9999967575673491,0.0018151864424067784,1.0003239948845541,0.9999593986220086,0.00638657529460434,1.0006116992726888,0.0014342649716718513,-0.9999703888809044,0.9999031487351133
550.0,1,665.817798177111,132,0.55,0.9999967759395287,0.0018197099440743429,1.000417900883773,0.9999589888103684,0.006412084045831282,1.0004553759622146,0.001434368336961394,-0.9999708168867102,0.9999017860344848
550.0,1,665.817798177111,133,0.5541666666666667,0.999996781014136,0.001811548736439977,0.9996458786797221,0.9999585362035209,0.006441792960773427,1.000256553608004,0.0014240037437565302,-0.9999693088902896,0.9999003360339785
550.0,1,665.817798177111,134,0.5583333333333333,0.9999967548349262,0.002013168871326071,0.9987298337060105,0.999958043253961,0.006477487513485539,0.9999531290527688,0.001578431484049294,-0.9999675130393622,0.9998987876330308
550.0,1,665.817798177111,135,0.5625,0.99999670427605,0.0021089017641522205,0.9984834241790682,0.9999575247761354,0.006517325047728735,1.0000245736944864,0.0016489961506524166,-0.9999666014846165,0.9998983207135054
550.0,1,665.817798177111,136,0.5666666666666667,0.9999966626332423,0.0019544587768894023,0.9990180933011398,0.9999570962759818,0.00655747518057728,1.0004400078684699,0.0015235699414831822,-0.9999673943718898,0.9998997699036002
550.0,1,665.817798177111,137,0.5708333333333333,0.9999966326513439,0.001862882598185473,0.9995462675915037,0.9999566522239937,0.006588445671518212,1.0003460163714417,0.001447980503815014,-0.9999683877028032,0.9998990099952486
550.0,1,665.817798177111,138,0.575,0.9999966155918804,0.0018468845048586347,0.9997694865740195,0.9999561163899621,0.006624714092328323,1.000080338884249,0.001431406063046818,-0.9999689723650854,0.9998979542996415
550.0,1,665.817798177111,139,0.5791666666666667,0.9999966040669771,0.0018713229147683265,0.9995398520631263,0.9999555754253499,0.006665578998699039,0.9998963812774553,0.0014459335727642704,-0.9999690238712563,0.9998968249267501
550.0,1,665.817798177111,140,0.5833333333333334,0.9999965656670781,0.002029860359293515,0.998829359218436,0.9999549929842162,0.006714190146602944,0.9996170933127676,0.0015635191562081735,-0.9999677554321196,0.9998955737706543
550.0,1,665.817798177111,141,0.5875,0.9999964857766732,0.0022247320160936612,0.9983071994889128,0.9999543277556714,0.006760036314613068,0.9997726590595967,0.0017081278748749497,-0.9999668261712776,0.9998953508552423
550.0,1,665.817798177111,142,0.5916666666666667,0.9999963944544985,0.0022425165831902374,0.998314210673196,0.9999537318535711,0.0068029941870345395,1.0001586572337302,0.0017160527757536155,-0.9999663304758757,0.9998960480563578
550.0,1,665.817798177111,143,0.5958333333333333,0.9999963159203509,0.00212941371603458,0.9986967588102511,0.9999531666812802,0.006843488758439123,1.0000062718338925,0.0016238766105331687,-0.9999669998586863,0.9998954731118673
550.0,1,665.817798177111,144,0.6,0.9999962493100527,0.001997517371674122,0.9993083048715276,0.9999525435918543,0.006891392582130421,0.9997358938897163,0.001518281974849424,-0.999967805902653,0.9998948206053369
550.0,1,665.817798177111,145,0.6041666666666666,0.9999962006527313,0.0019743776610996002,0.9995555310075595,0.9999518820710588,0.006942984839024878,0.9995826814670191,0.0014956879153029993,-0.9999685131514294,0.9998940964484606
550.0,1,665.817798177111,146,0.6083333333333333,0.9999961390810276,0.0021151296292577725,0.9988934928943235,0.9999511664798515,0.007000467113240191,0.9994119075274571,0.0015963625824752024,-0.9999678566908244,0.999893257372511
550.0,1,665.817798177111,147,0.6125,0.9999960349464089,0.0024659401714305336,0.9979450195938318,0.9999504037151186,0.00706989205315244,0.9991204914487647,0.001854481778543533,-0.9999669718748845,0.9998923323928619
550.0,1,665.817798177111,148,0.6166666666666667,0.9999958907871832,0.0026744451408612876,0.9975358708351166,0.999949592826572,0.007128412475384374,0.9990980637609981,0.002004038151423406,-0.9999661992632641,0.9998917052453803
550.0,1,665.817798177111,149,0.6208333333333333,0.9999957481408902,0.00250413494896917,0.9979926172278423,0.9999488713996735,0.007157956195267953,0.9995359049996436,0.0018689582542296941,-0.9999664288858692,0.9998924977158135
550.0,1,665.817798177111,150,0.625,0.9999956223086254,0.002327024876582647,0.9985606488301111,0.9999481685108066,0.007206295231245522,0.9995546625153087,0.0017300663301323353,-0.9999668507582447,0.9998925525878122
550.0,1,665.817798177111,151,0.6291666666666667,0.9999955117208015,0.0022702034876609387,0.9988469339253905,0.9999473458489553,0.007273869532013819,0.9992860555578426,0.0016814452050206785,-0.9999672968295252,0.9998923019391669
550.0,1,665.817798177111,152,0.6333333333333333,0.999995411883544,0.002327779966053919,0.9987120729382303,0.9999465022723106,0.007340404460896509,0.9991242209288672,0.001717329463763561,-0.9999676251117399,0.9998919536324011
550.0,1,665.817798177111,153,0.6375,0.9999952813754175,0.0025710837828419697,0.9980567124173804,0.9999456257296054,0.007418231174093826,0.998855300369115,0.0018892303722451824,-0.9999674661256542,0.9998914984542197
550.0,1,665.817798177111,154,0.6416666666666667,0.9999950887059464,0.0028562853338014674,0.9974548736495509,0.9999446360045946,0.007479919081765941,0.9989187100230318,0.002090273450887477,-0.9999671584093476,0.9998911434687417
550.0,1,665.817798177111,155,0.6458333333333334,0.9999948693363007,0.0029261302574477054,0.9973836568601391,0.999943698206503,0.007517222413568253,0.9993570101031103,0.0021324955055118454,-0.9999667940247638,0.9998910329866779
550.0,1,665.817798177111,156,0.65,0.9999946631338587,0.002820412923591341,0.9977144364359105,0.9999428273773412,0.007577044396204718,0.9993088738610547,0.00204665111025551,-0.9999667603710403,0.9998912925462076
550.0,1,665.817798177111,157,0.6541666666666667,0.9999944736578538,0.0026369690389887717,0.9983118862057907,0.9999418865921867,0.007653459765566003,0.9990391444880912,0.001905602894760383,-0.9999668820035367,0.9998915479883475
550.0,1,665.817798177111,158,0.6583333333333333,0.9999943084627898,0.002558547063453054,0.9986934665289087,0.9999408976598391,0.007727587463439236,0.9988930893489727,0.001841390660597022,-0.9999671582084031,0.999891725465267
550.0,1,665.817798177111,159,0.6625,0.9999941353647338,0.0027464974465590823,0.998169397518025,0.9999398416798271,0.007806059597126457,0.9987547475095534,0.0019678618598935114,-0.999967620734471,0.9998917758513185
550.0,1,665.817798177111,160,0.6666666666666666,0.9999939027399889,0.003159110445365574,0.9972172126720237,0.9999387285136223,0.007899557967587982,0.998496737396073,0.002253596749668409,-0.9999679214519991,0.9998917546438436
550.0,1,665.817798177111,161,0.6708333333333333,0.9999936078784929,0.0034602178031823026,0.9966646027123303,0.9999375445854749,0.007983533658742235,0.9984003582098733,0.002457832111673977,-0.9999680301303395,0.9998916645192851
550.0,1,665.817798177111,162,0.675,0.9999933014349665,0.0033394242013240418,0.9970200777462185,0.9999364422549416,0.00801476453131236,0.9988355613605582,0.0023610049699783974,-0.9999675583209362,0.9998915521095241
550.0,1,665.817798177111,163,0.6791666666666667,0.9999930210114334,0.0031323114067412583,0.9976227408261658,0.9999354086440848,0.008068944355803458,0.998984110257467,0.0022044137112889185,-0.9999672274582058,0.9998918910673412
550.0,1,665.817798177111,164,0.6833333333333333,0.999992761005381,0.003049207247602254,0.9979729251402524,0.9999342292842778,0.008159024593969054,0.998736662862266,0.0021364303908558086,-0.9999670831006783,0.9998925689426539
550.0,1,665.817798177111,165,0.6875,0.9999925220438926,0.00310173541506333,0.9979319595554711,0.9999330033472612,0.008245229178834345,0.9985958401980977,0.0021633870024508335,-0.9999676302768891,0.9998931280082228
550.0,1,665.817798177111,166,0.6916666666666667,0.9999922510165135,0.003354178251405164,0.9973571554905033,0.9999317575742137,0.00834160211237665,0.9983642730108789,0.002328696422308238,-0.9999683655781706,0.9998936025459907
550.0,1,665.817798177111,167,0.6958333333333333,0.9999918894553328,0.003685306109649583,0.9966975938289041,0.9999303711557046,0.008425608197722199,0.9983508307976793,0.002546745790200915,-0.99996903578854,0.9998937884809653
550.0,1,665.817798177111,168,0.7,0.9999914760566446,0.0038075745286639713,0.996549448088108,0.9999290059766985,0.008467140133063256,0.9988187602062227,0.002618930020462097,-0.9999689016309113,0.9998928065095171
550.0,1,665.817798177111,169,0.7041666666666667,0.9999910760158041,0.0037361065143121813,0.9968318372506836,0.9999277609946554,0.008534875694035889,0.9989004760293593,0.002557472480895852,-0.9999683854292012,0.9998933320535836
550.0,1,665.817798177111,170,0.7083333333333334,0.9999907030583253,0.0035586294007694313,0.9974083910892053,0.9999264438387017,0.008629198380725468,0.9986540800758877,0.0024245991287349766,-0.9999677638380376,0.999894447772471
550.0,1,665.817798177111,171,0.7125,0.9999903645339382,0.0034407831158775235,0.9979028937074691,0.9999250668133562,0.008719225756347206,0.9985233944328024,0.0023337567835097156,-0.9999673291222139,0.9998954669040976
550.0,1,665.817798177111,172,0.7166666666666667,0.9999900327654676,0.003603984413317184,0.997544764837773,0.9999236138541197,0.008810589175603869,0.9984261640525871,0.002432685016438142,-0.9999684084947731,0.9998963846729052
550.0,1,665.817798177111,173,0.7208333333333333,0.9999896202798899,0.0040134677787714715,0.9966209647357038,0.999922093926369,0.008915596422927524,0.9982228672412145,0.002696063081144294,-0.9999697779997997,0.9998972315946795
550.0,1,665.817798177111,174,0.725,0.9999891147237508,0.004369862154989228,0.9959559002476313,0.9999204872213473,0.009019383885607518,0.9980852469139108,0.002921988096800501,-0.9999709030536632,0.9998979896902909
550.0,1,665.817798177111,175,0.7291666666666666,0.9999885750416287,0.004324631592269694,0.996192138659672,0.9999189477804482,0.009065383853063488,0.9984984259755038,0.002877564478654261,-0.9999701754316331,0.9998973018001259
550.0,1,665.817798177111,176,0.7333333333333333,0.999988077161238,0.004120926699360012,0.9968240855920502,0.999917551641753,0.009120505437018173,0.9987880336964786,0.0027285873511796654,-0.9999692005562345,0.9998972741223391
550.0,1,665.817798177111,177,0.7375,0.9999876110688022,0.004024718086918715,0.997243558249596,0.9999160010779147,0.009218800359910885,0.9985956814987249,0.0026524785616845376,-0.9999683496387965,0.9998986633080525
550.0,1,665.817798177111,178,0.7416666666666667,0.9999871848577506,0.0040585019919275305,0.9972994510834428,0.9999143696830486,0.009316041590164198,0.9984790446431024,0.0026621874494745577,-0.9999688789520623,0.999899938994641
550.0,1,665.817798177111,179,0.7458333333333333,0.9999867330108809,0.004279151247507475,0.9968288038926902,0.9999127437622872,0.009417376618289128,0.9983097615294995,0.0027936321798414476,-0.9999699996176251,0.9999011448783658
550.0,1,665.817798177111,180,0.75,0.9999861567707679,0.0046163565284216565,0.9961428317592301,0.9999109662455837,0.009516853831781576,0.9982483153897531,0.002999551671386533,-0.9999716457789702,0.9999022819695624
550.0,1,665.817798177111,181,0.7541666666666667,0.9999854895998198,0.004780446296970492,0.9959236167470593,0.999909167993234,0.009573016058918462,0.9987274652506218,0.003091528491125595,-0.9999717069672327,0.9999007362116424
550.0,1,665.817798177111,182,0.7583333333333333,0.9999848352116825,0.004748229050766636,0.9961652242535486,0.9999075661514178,0.009642429633362733,0.9989587641206551,0.0030560323855620907,-0.9999711244030357,0.999900906844356
550.0,1,665.817798177111,183,0.7625,0.9999842288890965,0.004599828058505517,0.9967228774773441,0.9999059192720866,0.009738743825813615,0.99876587300891,0.0029466889593069098,-0.9999699814927002,0.999902549512113
550.0,1,665.817798177111,184,0.7666666666666667,0.9999836745872167,0.004466067440817407,0.997312737897808,0.9999042069740249,0.009833085609445322,0.9986617672708586,0.002848418284186137,-0.9999690197939449,0.9999040870275017
550.0,1,665.817798177111,185,0.7708333333333334,0.9999831577368119,0.0045752455129392,0.9971437752175187,0.9999024257961988,0.009926307756122849,0.998617139086448,0.002904622073928473,-0.9999699309361438,0.9999055495077962
550.0,1,665.817798177111,186,0.775,0.9999825415411439,0.0049383798685358575,0.9962842072194158,0.9999005785462806,0.010028262173176636,0.998488065546241,0.0031205724031097004,-0.9999719407642298,0.9999069454856119
550.0,1,665.817798177111,187,0.7791666666666667,0.9999817946915628,0.005308348649787217,0.9955437474518123,0.999898649323138,0.010135090028635593,0.9983463682199853,0.0033398190575265026,-0.9999736541626786,0.9999082413005496
550.0,1,665.817798177111,188,0.7833333333333333,0.9999809791441738,0.005339009990468449,0.9956541458368411,0.9998967736157511,0.010199850707299594,0.9987275040385719,0.00334388657176336,-0.9999732864728716,0.9999076838761658
550.0,1,665.817798177111,189,0.7875,0.999980229588068,0.005157826559688806,0.9963100862640593,0.9998951458712876,0.010257015519276524,0.9991609765862779,0.003215637918381936,-0.9999719802285761,0.9999069478523634
550.0,1,665.817798177111,190,0.7916666666666666,0.9999795368208724,0.005056892001498218,0.9968085105129892,0.9998934002323405,0.010346040451171419,0.9990614705006422,0.003139313485782993,-0.999970787919956,0.9999086451421384
550.0,1,665.817798177111,191,0.7958333333333333,0.9999789159284046,0.005068994708202834,0.9969679135820532,0.9998915406377248,0.010439582339561885,0.9989752699312445,0.0031336341367671386,-0.9999709545521225,0.999910259213725
550.0,1,665.817798177111,192,0.8,0.9999782927060149,0.005237403530070163,0.9966224481824948,0.9998897325836527,0.010530307447298272,0.9988870424298358,0.003224184699549448,-0.9999719814487752,0.9999118101642057
550.0,1,665.817798177111,193,0.8041666666666667,0.9999775160143167,0.005542962270953831,0.995948503711878,0.9998878007306903,0.010625630278419593,0.9988134143590747,0.0033982463840759383,-0.9999739749311704,0.9999132826481583
550.0,1,665.817798177111,194,0.8083333333333333,0.9999765958862122,0.005729497491496917,0.9956681374772718,0.9998858067777489,0.010698048674777918,0.9992860388114619,0.003498410135064396,-0.999974455957989,0.9999121194926015
550.0,1,665.817798177111,195,0.8125,0.9999756869845198,0.0057304293002816906,0.9958793312723203,0.9998841055939813,0.010767875391790851,0.9996752741971,0.0034848733233678658,-0.9999741003829926,0.9999116779472125
550.0,1,665.817798177111,196,0.8166666666666667,0.9999748630886903,0.00561632083299746,0.9964269172846539,0.9998824412704042,0.010846772313331756,0.9995670786100697,0.003402093930779071,-0.9999727938236623,0.9999134342707668
550.0,1,665.817798177111,197,0.8208333333333333,0.999974123493184,0.005486543691416591,0.997097065313355,0.9998807239985296,0.010927147449644086,0.9994970062304794,0.00331164917167255,-0.9999716093956139,0.9999151042697895
550.0,1,665.817798177111,198,0.825,0.9999734733481612,0.005536151359115759,0.997132727357489,0.9998789748743482,0.011006561343800524,0.9995116903301541,0.003329500579673454,-0.999971924086665,0.9999167156126119
550.0,1,665.817798177111,199,0.8291666666666667,0.9999727221820182,0.005820326063122857,0.9963737972561989,0.9998771838485863,0.011088665805758173,0.9994665218092461,0.003487439941803169,-0.9999740849928198,0.9999182673645997
550.0,1,665.817798177111,200,0.8333333333333334,0.999971805189095,0.0061594319410073735,0.9955951755327275,0.9998753501629447,0.011174091098068592,0.9993513636498311,0.0036784251707625325,-0.9999759506490346,0.9999197238581928
550.0,1,665.817798177111,201,0.8375,0.9999707776143726,0.006246789866282259,0.9955825148771672,0.9998735663792384,0.011246368984197572,0.99969279961879,0.0037180815188336716,-0.9999761640829218,0.9999196537720771
550.0,1,665.817798177111,202,0.8416666666666667,0.9999698449870885,0.006099280243975078,0.9962529837237544,0.9998721504378945,0.011308493594780472,1.0002548635132935,0.003617853924875271,-0.9999748460308012,0.9999182857293424
550.0,1,665.817798177111,203,0.8458333333333333,0.9999690166324439,0.0059994701809386,0.996839424319011,0.9998707216156943,0.011371741195202668,1.0002761483689453,0.003547837860696917,-0.9999736265645879,0.9999199358682852
550.0,1,665.817798177111,204,0.85,0.9999683072589232,0.00599054377725926,0.997107978226096,0.9998691601554741,0.011439598166403697,1.0002216769865653,0.003532394493393561,-0.9999734166306252,0.9999215295119683
550.0,1,665.817798177111,205,0.8541666666666666,0.9999676432066125,0.006097099058674244,0.9969006226938328,0.9998677102513922,0.011502738492789013,1.0002156493231142,0.0035851135601169316,-0.9999741134709463,0.9999230708480317
550.0,1,665.817798177111,206,0.8583333333333333,0.9999668196076236,0.006336170140728121,0.9962741493313698,0.9998662140062788,0.011567101224614998,1.0001538858336254,0.0037156946673077094,-0.9999760585924833,0.9999245355610458
550.0,1,665.817798177111,207,0.8625,0.999965797318481,0.006516542292433305,0.9959430380398393,0.999864626894371,0.011642631999688091,1.0005964971212713,0.0038117570425834986,-0.9999768534511928,0.9999240073157974
550.0,1,665.817798177111,208,0.8666666666666667,0.9999647819244254,0.006537353379717852,0.9961295653272049,0.9998634153985972,0.011714090218594953,1.0011279291789525,0.0038145336676066203,-0.9999768100408504,0.9999230541244271
550.0,1,665.817798177111,209,0.8708333333333333,0.9999639015313908,0.006453799293740868,0.9966728956587145,0.9998623758355789,0.011758045238656374,1.0011209403368042,0.003757008125424152,-0.9999756182424968,0.9999246292584443
550.0,1,665.817798177111,210,0.875,0.9999631550220613,0.0063419870858700995,0.9974049288291004,0.9998613132766793,0.01180110335232962,1.0010770531503164,0.003684840455974567,-0.9999744872620661,0.9999261462844601
550.0,1,665.817798177111,211,0.8791666666666667,0.9999625649928799,0.0063415074240562985,0.9976448888385256,0.9998602749292002,0.011847903256595203,1.0011389201417327,0.00367784847967125,-0.9999742055988822,0.9999276167032313
550.0,1,665.817798177111,212,0.8833333333333333,0.9999619032554249,0.006524295535535966,0.9970145240869476,0.9998592336155153,0.011892990067500414,1.0011642268682943,0.0037765584643176275,-0.999976154546854,0.9999290291031376
550.0,1,665.817798177111,213,0.8875,0.999961054467515,0.0067894442471219145,0.9962252534344092,0.9998582074429259,0.011932277578859996,1.001083891774391,0.003924128150178572,-0.9999778882586956,0.9999303769371499
550.0,1,665.817798177111,214,0.8916666666666667,0.9999600585181339,0.006900051582849126,0.9960911342522536,0.9998572293375889,0.011987563358098351,1.00136559014743,0.003982484924415285,-0.9999785933231193,0.9999307883253793
550.0,1,665.817798177111,215,0.8958333333333334,0.9999591735537142,0.006790879214085185,0.9967526440990125,0.9998566933160995,0.012054952903864892,1.0020097508102672,0.003913623968329596,-0.9999774816355995,0.9999294288285779
550.0,1,665.817798177111,216,0.9,0.999958457613012,0.006698253369950277,0.9974248108744207,0.9998562922958679,0.012084075556252946,1.0021552313640536,0.003856030222209676,-0.9999764311785576,0.9999304854656067
550.0,1,665.817798177111,217,0.9041666666666667,0.9999579103252035,0.006672481885421388,0.9977967801768549,0.9998557490427367,0.01210299429010971,1.0021149755254832,0.0038380332297742546,-0.9999759869616585,0.9999318445972125
550.0,1,665.817798177111,218,0.9083333333333333,0.9999574698240109,0.006717904037114913,0.9977221706594755,0.999855347039958,0.012123676563125414,1.0021614597625927,0.0038613315839307006,-0.9999764093602715,0.9999331610177575
550.0,1,665.817798177111,219,0.9125,0.9999568963230625,0.006865620390044239,0.9971638696517426,0.9998549878600944,0.012133913270051179,1.002109370086966,0.003943981115899848,-0.9999780150628431,0.9999344147022621
550.0,1,665.817798177111,220,0.9166666666666666,0.9999560816058377,0.007007999836431775,0.9967821717017888,0.9998545131156158,0.012188425368022166,1.0024814939877142,0.004024188324625649,-0.9999789571529842,0.9999344367085339
550.0,1,665.817798177111,221,0.9208333333333333,0.9999552569897591,0.00703267642424694,0.9969336339314,0.9998544126096105,0.012263340423541632,1.0031041130271943,0.00403729607637331,-0.9999791690787965,0.9999332304290675
550.0,1,665.817798177111,222,0.925,0.9999546065220889,0.006972841610198605,0.9974626743752091,0.9998546079434646,0.012266118119819452,1.003188263588841,0.004002385653412933,-0.9999782287577711,0.9999344896371469
550.0,1,665.817798177111,223,0.9291666666666667,0.9999541377785873,0.006887546231310569,0.9982261056805307,0.999854797315695,0.012252209131525802,1.003140100210954,0.003954490256205295,-0.9999773161575443,0.9999357125479607
550.0,1,665.817798177111,224,0.9333333333333333,0.9999538782245162,0.006858666080300686,0.9986447716429601,0.9998550356373912,0.012251520597151374,1.003210187946689,0.003939813711861145,-0.9999766695614524,0.9999369007761866
550.0,1,665.817798177111,225,0.9375,0.9999535989829171,0.006936088709445301,0.9981532532792069,0.9998552830107242,0.012248701119924427,1.0032655296051578,0.003985665407800184,-0.9999782540094112,0.9999380375665916
550.0,1,665.817798177111,226,0.9416666666666667,0.9999531267961285,0.00709655317827881,0.9973622592016516,0.9998555689298021,0.012228170798916135,1.003198173535341,0.004080822604702089,-0.9999796962842344,0.9999391336062591
550.0,1,665.817798177111,227,0.9458333333333333,0.9999524838176966,0.007193063100500869,0.9970976103739515,0.9998558735072192,0.012240531067310219,1.003383567920529,0.004140245776142217,-0.9999806720425876,0.999939837921757
550.0,1,665.817798177111,228,0.95,0.9999519285901535,0.007120884093881654,0.9977066751072036,0.9998565770520778,0.012309899923215835,1.004036002265298,0.004102024609982071,-0.9999798469027829,0.9999387614910527
550.0,1,665.817798177111,229,0.9541666666666667,0.9999515899435363,0.0070446327595039,0.9984411813540385,0.9998575223347742,0.012312325383544489,1.0042792727548655,0.0040627908027216116,-0.9999790561433898,0.9999391954220983
550.0,1,665.817798177111,230,0.9583333333333334,0.9999514440683961,0.007012033680817726,0.998893621250438,0.9998583074775762,0.012269987874162027,1.00421871969663,0.004049973686772268,-0.9999785466755227,0.9999402394559457
550.0,1,665.817798177111,231,0.9625,0.9999514471393621,0.007009321102867745,0.9989256356701265,0.9998591866661669,0.012241736738456143,1.0042630301410433,0.004054744227449971,-0.9999788893994882,0.9999412453106338
550.0,1,665.817798177111,232,0.9666666666666667,0.9999513599604204,0.007061453222146047,0.9984365236482959,0.9998601453326248,0.012191054347746947,1.0041964838951905,0.004091865554804115,-0.9999799777017965,0.9999422112612545
550.0,1,665.817798177111,233,0.9708333333333333,0.9999510105543561,0.007142215497539276,0.9979911008405906,0.9998609552729631,0.012202122796558633,1.004447998733403,0.004146403401252198,-0.9999809112285821,0.9999425671223314
550.0,1,665.817798177111,234,0.975,0.9999506111563686,0.007158068114465203,0.9980787309107416,0.9998620207893776,0.01228191631348197,1.0050859898440683,0.00416389936614195,-0.999981139567683,0.999941637281064
550.0,1,665.817798177111,235,0.9791666666666666,0.9999503822154091,0.007116612409545111,0.9985668455976405,0.9998634192917532,0.012256275137027385,1.0052362257860126,0.004148381591391863,-0.9999806139632321,0.9999422815655629
550.0,1,665.817798177111,236,0.9833333333333333,0.9999503503675696,0.007062644865666497,0.9993200377798799,0.999864796492008,0.01218071420965487,1.0051450940304345,0.004126868378781858,-0.999979972557812,0.9999431764006832
550.0,1,665.817798177111,237,0.9875,0.9999505342848685,0.007033792718452301,0.9998694306063949,0.9998661870548947,0.012129574098517703,1.0051738718375256,0.0041210712167268,-0.9999793621801605,0.9999440436698327
550.0,1,665.817798177111,238,0.9916666666666667,0.9999507454286811,0.007026570873744647,0.9995140466061229,0.9998675544902714,0.012080832645219393,1.0052102461029024,0.004127174204885878,-0.9999804116035379,0.999944871735298
550.0,1,665.817798177111,239,0.9958333333333333,0.9999507659731229,0.007075123759024924,0.9987175534390964,0.9998689272795966,0.01200535980124947,1.0051234219641492,0.004167174652910633,-0.999981510197285,0.9999456736661554
550.0,2,666.317798177111,0,0.0,0.9999880052073057,0.0065835119685597005,1.00794964286165,0.999942871004974,0.008908939311408804,1.006691907225168,0.004769201100844084,-0.9999869888858265,0.9999522953456949
550.0,2,666.317798177111,1,0.004166666666666667,0.9999883929564886,0.00622231363046261,1.007390746244046,0.9999438026591849,0.008801685814299362,1.0065441884728916,0.004525889926040287,-0.9999867336642303,0.9999520596085415
550.0,2,666.317798177111,2,0.008333333333333333,0.9999886955910545,0.0056539352126475945,1.0064492631555357,0.9999446834475461,0.008652296319433582,1.0062721199782996,0.004129616284818439,-0.9999864350550248,0.9999518096611307
550.0,2,666.317798177111,3,0.0125,0.9999889226195477,0.0053603298755117434,1.005960116883863,0.9999455021293882,0.008576360494657462,1.0061928200499795,0.003931699843614893,-0.9999861368979513,0.9999515870514637
550.0,2,666.317798177111,4,0.016666666666666666,0.999989146803218,0.0055743804929245,1.0063796792854198,0.9999463955718677,0.008683392874144593,1.0066246410818651,0.004104407690426656,-0.9999863428540383,0.9999518679487619
550.0,2,666.317798177111,5,0.020833333333333332,0.9999894107922962,0.005907069030232152,1.0069964497222457,0.9999473363492394,0.008664017504437403,1.0067162035277932,0.0043663810902124225,-0.9999865739487218,0.9999517760782546
550.0,2,666.317798177111,6,0.025,0.999989702074774,0.006085305328513119,1.0073389652731282,0.9999481564999901,0.008511840109803905,1.0064408317790479,0.004516274880196841,-0.9999867723722998,0.9999514411365596
550.0,2,666.317798177111,7,0.029166666666666667,0.9999900121888674,0.006019396424707534,1.0072714678160861,0.9999489435749152,0.008402957081433524,1.0062733270355575,0.004484750114436152,-0.9999866985747479,0.9999510818251215
550.0,2,666.317798177111,8,0.03333333333333333,0.9999902832359117,0.005640375814359362,1.006670108369366,0.9999497110568875,0.008258236576413999,1.0060030440185903,0.004218305749610943,-0.9999863431649579,0.9999507029496254
550.0,2,666.317798177111,9,0.0375,0.9999904688767142,0.005256997179028776,1.0060356730641986,0.9999503725241452,0.008213086926288983,1.005989207351241,0.003946255303827772,-0.9999859260782679,0.9999504961758197
550.0,2,666.317798177111,10,0.041666666666666664,0.999990619056385,0.005182314908609363,1.0059295087687798,0.9999510568104537,0.00833505421718174,1.0064285851113,0.0039043473880422896,-0.9999857845021932,0.999950935069946
550.0,2,666.317798177111,11,0.04583333333333333,0.999990791457467,0.0053451452374685075,1.0062423483237874,0.9999518184893466,0.00829091382216075,1.006432948087476,0.0040410769512670705,-0.9999859847494651,0.9999507000853823
550.0,2,666.317798177111,12,0.05,0.9999909916616049,0.005674940326746847,1.0068346032971962,0.9999525270097418,0.00813477686041145,1.0061347500722602,0.004305754523531512,-0.9999863039146392,0.9999502377652041
550.0,2,666.317798177111,13,0.05416666666666667,0.9999912205679402,0.005933260828050838,1.0072962849700262,0.9999531933077808,0.00802714351873527,1.0059555806733873,0.0045182976601088635,-0.9999866508609624,0.9999497525070967
550.0,2,666.317798177111,14,0.058333333333333334,0.9999914488010031,0.005659619005612786,1.0068763803855882,0.9999538083404278,0.007932321099192905,1.005801409350089,0.004324084848092362,-0.9999861829803535,0.9999492410737895
550.0,2,666.317798177111,15,0.0625,0.9999916201284456,0.0050866751806510745,1.005932729167159,0.999954382093127,0.007799997283936377,1.0055330292060505,0.0038990372622750274,-0.9999855024210981,0.9999487118561501
550.0,2,666.317798177111,16,0.06666666666666667,0.9999917358520098,0.004714337842913307,1.0052981339359222,0.9999549031705995,0.0077046962996006165,1.0053558886475673,0.003625896527564856,-0.9999847514947585,0.9999481619705577
550.0,2,666.317798177111,17,0.07083333333333333,0.999991842409879,0.004863067382678287,1.005581877137572,0.9999554649799741,0.007799681795502137,1.0057261417444305,0.0037515246979900837,-0.9999850167495117,0.9999486219323602
550.0,2,666.317798177111,18,0.075,0.9999919810217597,0.005213987694954695,1.0062106765914782,0.9999560941373814,0.00782776587029246,1.005911310249607,0.004034175037676342,-0.9999854088097265,0.9999486720532675
550.0,2,666.317798177111,19,0.07916666666666666,0.9999921403868596,0.005432179659481139,1.0066018982159903,0.9999566318665952,0.0076905607741201585,1.0056331878245617,0.004216116796122271,-0.9999858217517297,0.9999480590819668
550.0,2,666.317798177111,20,0.08333333333333333,0.9999923205091534,0.005420867771166784,1.0066106659037846,0.9999571276301087,0.007589321779380494,1.0054417681687924,0.004219905124478562,-0.9999856531703135,0.9999474116222797
550.0,2,666.317798177111,21,0.0875,0.9999924844135915,0.005090830688561471,1.0060849683350157,0.9999576185427284,0.007464835943502322,1.0051792216776718,0.0039743244691405714,-0.9999851067051366,0.9999467436425159
550.0,2,666.317798177111,22,0.09166666666666666,0.9999925899878597,0.004674698294024637,1.0053890522885247,0.9999580276313111,0.007395607999871018,1.0050572106021176,0.0036596166829394217,-0.9999842254851875,0.9999461257177088
550.0,2,666.317798177111,23,0.09583333333333334,0.9999926631851894,0.004550727927089081,1.0051849634839112,0.999958429517288,0.007511191732243946,1.0054643375943078,0.0035721462735558707,-0.9999839528545676,0.9999468565896692
550.0,2,666.317798177111,24,0.1,0.9999927510743387,0.004681619567274936,1.005431137402713,0.9999589119622739,0.007515993433262938,1.0055657378095586,0.0036841756671682924,-0.9999841280225152,0.9999467270566436
550.0,2,666.317798177111,25,0.10416666666666667,0.9999928627699924,0.004991199317030417,1.0059802313904977,0.9999593616759463,0.007376172207864344,1.0052617102065498,0.0039377852480773105,-0.9999846189518234,0.99994598221472
550.0,2,666.317798177111,26,0.10833333333333334,0.9999929954945688,0.00530311945622218,1.0065202556426982,0.9999597743818162,0.007275652602183137,1.0050545860550228,0.0041951341304024194,-0.9999851484579588,0.9999452007847835
550.0,2,666.317798177111,27,0.1125,0.9999931408507311,0.005131268323638343,1.0062598987606202,0.9999601475050182,0.007196251087493869,1.0048974687124108,0.00406869770309991,-0.9999846475168073,0.9999443911008792
550.0,2,666.317798177111,28,0.11666666666666667,0.9999932504618452,0.004577040962526624,1.005343395897535,0.9999604851193131,0.00708903573234198,1.004645423320563,0.0036372247723686917,-0.999983567152935,0.9999435571259299
550.0,2,666.317798177111,29,0.12083333333333333,0.9999933178837177,0.00414466411505948,1.0045922775606138,0.9999607799139637,0.0069894325052335705,1.0043988460737723,0.0033014704539364903,-0.9999823702381204,0.9999426899196844
550.0,2,666.317798177111,30,0.125,0.9999933734430214,0.004209036179319835,1.0047205878008294,0.9999610909484181,0.0070592311037274095,1.0046851720366348,0.003359550857497111,-0.9999824602893312,0.9999431052602724
550.0,2,666.317798177111,31,0.12916666666666668,0.9999934553479183,0.0045569363601369985,1.0053474029792009,0.9999614793639405,0.007125121562263654,1.0049614731373055,0.003644088911077911,-0.9999830374723914,0.9999435070783605
550.0,2,666.317798177111,32,0.13333333333333333,0.9999935537884806,0.004805970569125495,1.005787555239618,0.9999618037849073,0.007016719219612287,1.0047097061311567,0.003851150372799155,-0.99998364893917,0.9999425943533515
550.0,2,666.317798177111,33,0.1375,0.9999936720965253,0.004843392634088594,1.0058705226739764,0.9999620775752213,0.006925203501672982,1.0044903379321983,0.003888710664764059,-0.99998353893682,0.99994164274123
550.0,2,666.317798177111,34,0.14166666666666666,0.9999937875049235,0.004571818418477937,1.005434918757516,0.9999623538959151,0.006828566524091564,1.0042477749593204,0.0036772864503230845,-0.9999829044841414,0.9999406626596933
550.0,2,666.317798177111,35,0.14583333333333334,0.9999938635700107,0.004141829885930787,1.0047053927082303,0.9999625690245479,0.006750698470312929,1.0040433262136534,0.0033371498174150217,-0.9999815598526454,0.9999396492051537
550.0,2,666.317798177111,36,0.15,0.9999939101559171,0.003966219412509194,1.0044008256652552,0.9999627554040899,0.00684365360289391,1.0043894302452525,0.003200846445068089,-0.9999810337615623,0.9999404375934584
550.0,2,666.317798177111,37,0.15416666666666667,0.9999939656540794,0.004058052309010831,1.0045785117378694,0.9999630199870635,0.006889849440315877,1.004591006940659,0.00327974350994426,-0.9999810869328921,0.9999406151096678
550.0,2,666.317798177111,38,0.15833333333333333,0.9999940421532668,0.004335701509608328,1.0050805393263809,0.9999632710532805,0.006778872990574249,1.0043044868112647,0.003509099874291774,-0.9999817820641711,0.9999395789233145
550.0,2,666.317798177111,39,0.1625,0.9999941343520016,0.004675804110343242,1.0056724939005597,0.9999634865014173,0.006690493859353525,1.0040701734580197,0.0037903801366318793,-0.9999825277626974,0.9999384899707046
550.0,2,666.317798177111,40,0.16666666666666666,0.9999942441595627,0.0046087090079740605,1.0055805196499554,0.9999636705863469,0.006629154309762383,1.0039105992962931,0.0037408990813967034,-0.9999822114507989,0.9999373677118271
550.0,2,666.317798177111,41,0.17083333333333334,0.9999943335296676,0.004091946583890881,1.0047180520052423,0.9999638214721102,0.006551714831186137,1.0036800971619086,0.0033249688312178057,-0.999980746736391,0.9999362115965497
550.0,2,666.317798177111,42,0.175,0.9999943892336339,0.003619169761403203,1.0038773067109157,0.9999639370317929,0.00646441645422085,1.0033897967422254,0.002944525315779409,-0.9999791012465573,0.9999350036128342
550.0,2,666.317798177111,43,0.17916666666666667,0.9999944309489558,0.0035923058272762528,1.003837670333358,0.9999640504837698,0.006505577215587903,1.003576613818331,0.002925552424927248,-0.9999788007266621,0.9999351572791106
550.0,2,666.317798177111,44,0.18333333333333332,0.9999944940472806,0.003915146011447027,1.0044421164139892,0.9999642442772314,0.006591162328567184,1.0039289280451793,0.0031908275066137495,-0.9999795850292265,0.9999361384155732
550.0,2,666.317798177111,45,0.1875,0.999994571254398,0.004185476200561311,1.0049293552371086,0.9999643996021683,0.006521762057917541,1.0037307220574754,0.003414271699098333,-0.9999804291798213,0.9999349291831676
550.0,2,666.317798177111,46,0.19166666666666668,0.9999946658697447,0.004264460116749498,1.0050827247263125,0.9999644951120811,0.006445679054810761,1.0034822929507003,0.003481663878769149,-0.9999805108606106,0.9999336762205127
550.0,2,666.317798177111,47,0.19583333333333333,0.9999947648187482,0.0040540706759374205,1.0047441814985651,0.9999645945424567,0.0063807063034027,1.0032635855044518,0.0033121706490890196,-0.9999799314109326,0.9999323839935405
550.0,2,666.317798177111,48,0.2,0.9999948370272457,0.0036286986871628167,1.0040091591313218,0.9999646494714497,0.006312511404402104,1.0030036510006786,0.002966402084242416,-0.9999781888144108,0.999931038143331
550.0,2,666.317798177111,49,0.20416666666666666,0.9999948815589392,0.0034041778393848715,1.0036037138972806,0.9999646589303844,0.00637590567080978,1.0032645546454655,0.0027842611487170032,-0.9999772867579658,0.9999315822725745
550.0,2,666.317798177111,50,0.20833333333333334,0.9999949297141781,0.003453054648136623,1.0037091245183565,0.9999647397568203,0.006447195636727917,1.0035577484281357,0.0028252266764335595,-0.9999771104010461,0.9999322651187071
550.0,2,666.317798177111,51,0.2125,0.9999949962351123,0.0036914369415265644,1.0041614766536595,0.9999648257919916,0.006375236606697495,1.0033129372820395,0.003021031847699034,-0.9999780363450494,0.9999309640160847
550.0,2,666.317798177111,52,0.21666666666666667,0.9999950754056063,0.004035972855108277,1.0047789074710731,0.9999648746942136,0.006306179977539293,1.003051869568045,0.0033044121510750124,-0.9999790116811824,0.9999296027870606
550.0,2,666.317798177111,53,0.22083333333333333,0.999995172273643,0.004067998023090941,1.004853444780651,0.9999648969368832,0.00626602219953872,1.0028886507588273,0.0033314537072692187,-0.9999791247554821,0.9999281963597213
550.0,2,666.317798177111,54,0.225,0.9999952589995166,0.0036044095062253054,1.004070493761662,0.9999648856111397,0.006220463900625121,1.0026793703493226,0.0029515301068369455,-0.9999773420173157,0.9999267360164643
550.0,2,666.317798177111,55,0.22916666666666666,0.9999953173600905,0.0031109160593600495,1.0031657608223903,0.9999648430748234,0.006160885442510553,1.0023691024794512,0.002547663738491837,-0.9999753405757291,0.9999252135160805
550.0,2,666.317798177111,56,0.23333333333333334,0.9999953590707721,0.0029983827508205385,1.0029537284804595,0.999964783805059,0.006181233946038354,1.0024490401943948,0.00245529814505272,-0.9999744481969683,0.9999248723919671
550.0,2,666.317798177111,57,0.2375,0.9999954167980784,0.003274396325143281,1.0035100089747526,0.9999648026130078,0.006264970852818281,1.0028510300014937,0.0026802033783203485,-0.9999754284702309,0.9999263989186868
550.0,2,666.317798177111,58,0.24166666666666667,0.9999954877337603,0.003556015120363627,1.0040412740929867,0.9999648080169027,0.006238099307737577,1.0027321104488698,0.0029099560410351614,-0.9999764971194438,0.9999251759641086
550.0,2,666.317798177111,59,0.24583333333333332,0.9999955730653846,0.0036693467431349706,1.0042604684448286,0.9999647433837284,0.006186333195577487,1.0024583032164192,0.0030018802683712087,-0.9999769001965009,0.9999236916192383
550.0,2,666.317798177111,60,0.25,0.999995666237042,0.003518339654447098,1.0040192999451647,0.9999646788797957,0.0061538201003500746,1.0022601938799267,0.002877064212625599,-0.9999765519771724,0.999922155588834
550.0,2,666.317798177111,61,0.25416666666666665,0.9999957405770288,0.003115453804323467,1.0033059609254082,0.9999645831186592,0.006111854827523614,1.001970674795006,0.002546221658448243,-0.999974541183837,0.9999205382755567
550.0,2,666.317798177111,62,0.25833333333333336,0.9999957875614764,0.002851763376804016,1.0028039756466054,0.9999644276730962,0.006151316784568557,1.002131331796022,0.002329237666182974,-0.999973241151451,0.9999205966709657
550.0,2,666.317798177111,63,0.2625,0.9999958327155508,0.0028577169281407966,1.002832179716318,0.9999643324030416,0.006227165999312226,1.002497152968119,0.0023323020546922694,-0.9999727395874047,0.9999218868473687
550.0,2,666.317798177111,64,0.26666666666666666,0.999995893326203,0.0030515293462007897,1.0032317264195738,0.9999642616179225,0.00619819498906782,1.0023175640338413,0.0024882272759837224,-0.9999738519690804,0.9999204415453904
550.0,2,666.317798177111,65,0.2708333333333333,0.9999959651650234,0.0033798701363418632,1.0038515528847933,0.9999641503184655,0.006157352573175743,1.0020335109174343,0.0027538858610733825,-0.9999750157420937,0.9999189333604632
550.0,2,666.317798177111,66,0.275,0.9999960528173982,0.0034985320700875806,1.0040808053655166,0.9999640134832278,0.006141823204118023,1.0018648203337757,0.002848202374898973,-0.9999757519049085,0.9999173675340507
550.0,2,666.317798177111,67,0.2791666666666667,0.99999613658234,0.0031034258041879805,1.0034022090413441,0.9999638403546348,0.006128599584058225,1.0016748044939556,0.0025234482819385374,-0.9999738438095388,0.99991572015172
550.0,2,666.317798177111,68,0.2833333333333333,0.9999961948827445,0.0026114858562855995,1.002458525391553,0.9999636365011787,0.006106810122914368,1.0013645030289335,0.002121128270006769,-0.9999717063536656,0.9999140059153231
550.0,2,666.317798177111,69,0.2875,0.9999962331618769,0.0024335620675494086,1.0020784026392633,0.999963403177036,0.006123123382733097,1.0013394405718243,0.001974327071160911,-0.9999701547004949,0.9999130138346256
550.0,2,666.317798177111,70,0.2916666666666667,0.9999962809929931,0.00264239331305965,1.0025579700998541,0.9999632411646079,0.00618894112687377,1.0017589384349628,0.0021404406744785784,-0.9999712327452126,0.9999147187772549
550.0,2,666.317798177111,71,0.29583333333333334,0.9999963421514598,0.0029213495615381035,1.0031278520534788,0.9999630918567234,0.006198364296184287,1.0017402674489724,0.0023629994708481527,-0.9999724125364737,0.999914009086027
550.0,2,666.317798177111,72,0.3,0.9999964150174719,0.003061582828157038,1.003408251555447,0.9999628612538037,0.006179748552432661,1.0014505930297188,0.0024729912263033067,-0.9999731822715474,0.9999124863257016
550.0,2,666.317798177111,73,0.30416666666666664,0.9999964972501403,0.0029661952101497006,1.003259715614133,0.9999626216260418,0.006178766500232107,1.0012647705849305,0.0023922085086418177,-0.9999729321227129,0.999910885759578
550.0,2,666.317798177111,74,0.30833333333333335,0.9999965653201751,0.002605797883127418,1.0025939273533042,0.9999623610971307,0.006173272084275028,1.0009704223555767,0.002098048146957533,-0.9999712220839899,0.9999091983996198
550.0,2,666.317798177111,75,0.3125,0.9999966045802128,0.0023241281450494884,1.0020050861392142,0.9999620276187726,0.006204678156677268,1.001025874562872,0.0018679893139601355,-0.9999696658016449,0.9999086443881278
550.0,2,666.317798177111,76,0.31666666666666665,0.9999966358869196,0.0022941032521337406,1.00195064632604,0.9999617378289398,0.006268344835405131,1.0014363118127558,0.0018404082148936265,-0.999969004416048,0.9999100955153819
550.0,2,666.317798177111,77,0.32083333333333336,0.9999966793395587,0.0024384291385388234,1.0022940420056727,0.99996149362253,0.006277731938509139,1.001345207738303,0.0019522281859554271,-0.9999699610241312,0.999909032971321
550.0,2,666.317798177111,78,0.325,0.9999967336465523,0.002729769638800451,1.002897394188666,0.9999612048337074,0.0062723383611576694,1.001046571842041,0.0021812999683299594,-0.9999711487672877,0.9999076441542254
550.0,2,666.317798177111,79,0.32916666666666666,0.9999968018110936,0.002914676421813328,1.0032602038812444,0.9999608874339895,0.00628422577930409,1.000870945047561,0.0023246495307070445,-0.999972406847033,0.9999061854689126
550.0,2,666.317798177111,80,0.3333333333333333,0.9999968698652384,0.002606456933845434,1.0027105120761044,0.9999605289081483,0.006301985300844929,1.0006987231388147,0.0020740418639655154,-0.9999707905365389,0.9999046169598501
550.0,2,666.317798177111,81,0.3375,0.999996912993726,0.0021495039668420666,1.0017527439720222,0.9999601360550815,0.006320260534087245,1.000404436965217,0.001706588537988759,-0.9999689042266021,0.9999029834106223
550.0,2,666.317798177111,82,0.3416666666666667,0.9999969318969991,0.0019516445304772916,1.0012179642702241,0.9999597015306216,0.006351337849516087,1.000286483883882,0.0015460870548446315,-0.9999669596133118,0.999901449364606
550.0,2,666.317798177111,83,0.3458333333333333,0.9999969526432386,0.002076779975840709,1.0015922807904483,0.9999593266970548,0.0063962781173188136,1.000691731117558,0.0016409276193135194,-0.9999678941421947,0.9999030456733762
550.0,2,666.317798177111,84,0.35,0.9999969872724691,0.0023255273812095626,1.0021911694002046,0.9999589932757911,0.006427662598570026,1.0007853368611725,0.001832739232028884,-0.9999689401736016,0.9999029987464569
550.0,2,666.317798177111,85,0.3541666666666667,0.9999970319256231,0.0024812845180365883,1.002528549365154,0.9999585672365553,0.00644637645642756,1.0004961292465142,0.0019506740827402776,-0.9999699133927594,0.9999017747726062
550.0,2,666.317798177111,86,0.35833333333333334,0.9999970869367123,0.0024388981017001415,1.0024668465849373,0.999958116046488,0.006475593445630086,1.0003142436681485,0.0019123347145298918,-0.9999698675854756,0.9999004431662694
550.0,2,666.317798177111,87,0.3625,0.9999971305612974,0.002148089194444777,1.0018698230443737,0.9999576519211909,0.006507589196450033,1.0000357320699718,0.0016797114342363803,-0.9999688111794721,0.9998990300192583
550.0,2,666.317798177111,88,0.36666666666666664,0.9999971419470837,0.0018943538698165425,1.001209470826207,0.9999571020279252,0.006549656740473272,0.9999920823923054,0.0014771430574961354,-0.9999673915644274,0.9998980553156528
550.0,2,666.317798177111,89,0.37083333333333335,0.99999713781592,0.00185227930497789,1.0010671114484948,0.9999565720014381,0.00659655899150829,1.000416249396996,0.0014401332041486716,-0.9999667902081473,0.9998990801872325
550.0,2,666.317798177111,90,0.375,0.9999971422668906,0.0019414251352394421,1.0013510242099442,0.9999561114298126,0.00663190360916695,1.000432712150423,0.0015048113827245255,-0.9999672556317198,0.9998987314688044
550.0,2,666.317798177111,91,0.37916666666666665,0.9999971580511846,0.0021653205137822334,1.001923655443456,0.9999556034486201,0.006663742849478255,1.000133558759462,0.0016733167755862588,-0.999968165069433,0.9998978438400792
550.0,2,666.317798177111,92,0.38333333333333336,0.9999971866111415,0.0023807434537608547,1.0023922355692927,0.999955058705901,0.006703916600659085,0.9999509350499058,0.0018344650846362884,-0.9999692277095676,0.9998968605263002
550.0,2,666.317798177111,93,0.3875,0.9999972185781488,0.002182911115031077,1.0019938122480034,0.9999544660542812,0.006749417200584309,0.9997966108976196,0.001676518017014571,-0.9999686144403441,0.9998957743883086
550.0,2,666.317798177111,94,0.39166666666666666,0.9999972238612378,0.0018231109013627659,1.0010470623516132,0.99995383074279,0.006802867345970732,0.999531597207345,0.001395542377045757,-0.9999674690450863,0.9998946180479684
550.0,2,666.317798177111,95,0.3958333333333333,0.9999971991057428,0.0016950124367014943,1.0003800014125048,0.9999531412163817,0.0068610763742579465,0.9993435641389933,0.0012933653819112633,-0.9999660829778789,0.9998933764238275
550.0,2,666.317798177111,96,0.4,0.9999971671776049,0.0017395504907477656,1.0006218267366682,0.999952493764803,0.006895625385111128,0.999705369630445,0.001322627722938174,-0.9999663263188427,0.9998941760501001
550.0,2,666.317798177111,97,0.4041666666666667,0.99999715012441,0.0019008312981018151,1.0012363093869767,0.9999519208304685,0.006934173890588078,0.9999151721575954,0.0014400402988395357,-0.9999669011413086,0.9998945841743542
550.0,2,666.317798177111,98,0.4083333333333333,0.9999971428117987,0.0020443214571623483,1.0016274022734752,0.9999512464503437,0.006986743589443254,0.9996506635301649,0.0015434170856258804,-0.9999676186595626,0.9998940433482102
550.0,2,666.317798177111,99,0.4125,0.9999971477173651,0.0020509827792088054,1.001647108997867,0.9999505211964742,0.007044228394313621,0.9994665559636555,0.001542933764138737,-0.9999678698156963,0.9998933773942589
550.0,2,666.317798177111,100,0.4166666666666667,0.9999971436853254,0.0018707390838191896,1.0011349735543107,0.9999497891702183,0.007107370769517693,0.9992206823664137,0.0014021639203933714,-0.9999676480043349,0.9998926404345413
550.0,2,666.317798177111,101,0.42083333333333334,0.9999971018692534,0.0017286488404825997,1.0004245811810908,0.9999489596476249,0.0071728057907340425,0.999096183559776,0.0012908162325227272,-0.9999669534303751,0.9998918603323366
550.0,2,666.317798177111,102,0.425,0.9999970342297948,0.001727371559539252,1.0001899777934706,0.9999481164046484,0.00721150295907721,0.9995057823453621,0.0012849353970476416,-0.9999665123277801,0.999892096490123
550.0,2,666.317798177111,103,0.42916666666666664,0.9999969714026149,0.001764440171567105,1.0004115503274245,0.9999473700178148,0.007259071977327763,0.9996418821574873,0.0013073037846755894,-0.9999664726538382,0.9998921805847587
550.0,2,666.317798177111,104,0.43333333333333335,0.9999969218072652,0.001877159408965237,1.0009444120410216,0.999946578610299,0.007322861670784504,0.9993631405242276,0.0013853349589724878,-0.999966774208923,0.9998921328055316
550.0,2,666.317798177111,105,0.4375,0.9999968851990517,0.0020553552962926523,1.0014908678903398,0.9999457363122701,0.007389406900353037,0.999176124628079,0.0015111285341051803,-0.9999673119366713,0.9998919643931569
550.0,2,666.317798177111,106,0.44166666666666665,0.9999968576672827,0.0019832683099947064,1.0012585858370264,0.9999448381439039,0.0074579183135316945,0.9990426329536666,0.0014521840282349212,-0.9999675311425076,0.999891711412185
550.0,2,666.317798177111,107,0.44583333333333336,0.9999968003277434,0.001805678368060994,1.0003487793491879,0.9999438840912799,0.007537535331912474,0.9988186917236075,0.0013165820628836331,-0.9999675087699466,0.9998913867720767
550.0,2,666.317798177111,108,0.45,0.9999967040028533,0.0018400964057388501,0.9995759250272868,0.9999428632438595,0.0076244746264768695,0.9985896734283989,0.0013363138482772317,-0.9999672017265293,0.9998909518076877
550.0,2,666.317798177111,109,0.45416666666666666,0.9999965894522685,0.0018618657841516775,0.9996654019579758,0.9999418599724165,0.00766540665228587,0.9988884421394141,0.0013462974971245635,-0.9999669634248238,0.9998909917489242
550.0,2,666.317798177111,110,0.4583333333333333,0.9999964918462335,0.0018833614790238625,1.0002789540551786,0.9999409708446507,0.007703258888406964,0.9992115643847692,0.001355793269483775,-0.9999668166336033,0.9998912580925767
550.0,2,666.317798177111,111,0.4625,0.999996405764906,0.00196333582803602,1.0007219993501355,0.9999399801802337,0.007779281219563033,0.9990030739926099,0.0014073878975577204,-0.9999668710642257,0.9998916167789308
550.0,2,666.317798177111,112,0.4666666666666667,0.9999963359672867,0.0019997620872390844,1.0008188911700477,0.9999389011806581,0.007861323595547734,0.9988161063943954,0.0014273482437677464,-0.9999672571688021,0.9998918713245534
550.0,2,666.317798177111,113,0.4708333333333333,0.9999962614210884,0.0019544463056964147,1.0004032729588497,0.999937820693196,0.007945861750323049,0.9986171416892415,0.0013888651806506062,-0.9999677210887813,0.9998920542291718
550.0,2,666.317798177111,114,0.475,0.999996141722213,0.001978031505827214,0.9996704149369312,0.9999366354631615,0.00803614057706457,0.9984423066683954,0.0013993764678207237,-0.9999681579928897,0.9998921460158673
550.0,2,666.317798177111,115,0.4791666666666667,0.9999959811629557,0.00205810074831777,0.9993415173324138,0.99993539228322,0.008081558242820688,0.9988141854145195,0.00144948038308892,-0.9999680354045876,0.999891581522974
550.0,2,666.317798177111,116,0.48333333333333334,0.9999958208836426,0.0020747462301621425,0.99949921406606,0.9999342773406559,0.00813324593074212,0.9990762426972174,0.0014544711370256646,-0.9999677324633738,0.9998915045549736
550.0,2,666.317798177111,117,0.4875,0.9999956785047606,0.0020788347479720813,0.9999891677150574,0.9999331337150766,0.008217779587942717,0.9988468358579083,0.001450612879825347,-0.9999672973526627,0.9998923652406126
550.0,2,666.317798177111,118,0.49166666666666664,0.9999955515242415,0.0021496250901983753,1.000587391420256,0.9999319200564353,0.008305193912200035,0.9986619679985799,0.0014934325485260337,-0.9999671044612454,0.9998931052321693
550.0,2,666.317798177111,119,0.49583333333333335,0.9999954435067866,0.002167034606636352,1.0005284319616843,0.9999306443295545,0.008390429609133014,0.9985562512691207,0.001498621272706367,-0.9999675464906739,0.9998937736368485
550.0,2,666.317798177111,120,0.5,0.9999953036754275,0.00217866556247291,0.9996830035736657,0.9999292973316946,0.008485806463966135,0.9983849289309858,0.0014994418979023968,-0.9999686864905933,0.9998943709925808
550.0,2,666.317798177111,121,0.5041666666666667,0.9999951111482289,0.002360307591819874,0.9988326032767685,0.9999278741061168,0.008593230933221842,0.9981481524667694,0.0016170950726164448,-0.999969481184941,0.9998948366025876
550.0,2,666.317798177111,122,0.5083333333333333,0.9999948853298858,0.0024254622983933913,0.9987612505045599,0.9999264389040003,0.00865321517769467,0.9983782728330478,0.001653876155611345,-0.9999693854063118,0.9998946995964797
550.0,2,666.317798177111,123,0.5125,0.9999946802549496,0.002351103467721274,0.999355314717167,0.9999251664578098,0.008691770428799539,0.9988062384832714,0.001595277236385184,-0.9999685333467836,0.9998941753409024
550.0,2,666.317798177111,124,0.5166666666666667,0.9999944924456055,0.0023491883317814165,0.9998508033233494,0.9999238147253128,0.008777531207179392,0.9986894895529557,0.0015865209054231472,-0.999967898512796,0.9998953458843299
550.0,2,666.317798177111,125,0.5208333333333334,0.9999943285611581,0.0023815344024892622,1.000023120391554,0.9999223277398215,0.008876114796573664,0.9985089724772346,0.0016008740122635185,-0.9999680270408371,0.9998964366229756
550.0,2,666.317798177111,126,0.525,0.9999941687206916,0.0024233760801849412,0.9997120395211336,0.9999208461211468,0.008971351276199118,0.9983695391610602,0.0016212735841761618,-0.9999687610498481,0.999897457131557
550.0,2,666.317798177111,127,0.5291666666666667,0.9999939559524389,0.0025606675184666776,0.9989876219882434,0.9999192666092055,0.009076891264451527,0.9981813808425875,0.0017049761225693657,-0.9999701705669574,0.9998983683537631
550.0,2,666.317798177111,128,0.5333333333333333,0.9999936802604268,0.0027101473172735707,0.9985691264524695,0.9999175785634176,0.009140095790261926,0.9985044512627392,0.0017959159239706423,-0.9999706065174048,0.9998977139917464
550.0,2,666.317798177111,129,0.5375,0.9999933979659804,0.002737851548627627,0.9986638790827117,0.999916054312635,0.009195556807940342,0.9988936983294803,0.0018055268857338986,-0.9999703827414465,0.9998969651838753
550.0,2,666.317798177111,130,0.5416666666666666,0.9999931428038382,0.0026927661367439665,0.9991129297256642,0.9999145478069091,0.009286322014245136,0.9987488640473571,0.0017672112436641796,-0.9999693739186335,0.9998984782537532
550.0,2,666.317798177111,131,0.5458333333333333,0.9999929101016464,0.0026689521550851995,0.9997415474651705,0.9999129545488505,0.009383869484595065,0.9985785876932443,0.0017435877686880056,-0.9999685235236383,0.9998998986864538
550.0,2,666.317798177111,132,0.55,0.9999927120105914,0.0027015364794418964,0.9998564135388246,0.9999113028936694,0.009476631382445528,0.9985114543491863,0.001756710266076985,-0.9999685274092727,0.9999012504244139
550.0,2,666.317798177111,133,0.5541666666666667,0.9999924855481228,0.002813402711695123,0.9991050950358024,0.9999095713082045,0.009576187541027396,0.9984045320204263,0.0018205483691405592,-0.9999704435334967,0.9999025147446448
550.0,2,666.317798177111,134,0.5583333333333333,0.9999921874732831,0.0030694015220019692,0.9982078888717627,0.9999077660352916,0.00968833877039566,0.9981960289459008,0.0019771105802052543,-0.9999720605691735,0.9999036764455781
550.0,2,666.317798177111,135,0.5625,0.9999918346057847,0.0031954405812195615,0.997979438599462,0.999905923488355,0.009768063099036365,0.9983650784932666,0.0020487752201248503,-0.9999725724201398,0.9999039286208248
550.0,2,666.317798177111,136,0.5666666666666667,0.9999915069518247,0.003093271345038317,0.9985345894865335,0.9999043026658676,0.009814353836797678,0.998883245703829,0.001973647427750023,-0.999971303971898,0.9999026416690889
550.0,2,666.317798177111,137,0.5708333333333333,0.9999912104210437,0.003034417619993877,0.9990859616937842,0.9999026704395912,0.009896432727407046,0.9988961822122024,0.0019272259910140196,-0.9999701907262751,0.9999039900481721
550.0,2,666.317798177111,138,0.575,0.9999909503849365,0.0030447842299116483,0.9993352428764852,0.9999008591343401,0.009996783410570064,0.9987399280065493,0.001925197456316313,-0.999969843773966,0.9999055674125185
550.0,2,666.317798177111,139,0.5791666666666667,0.9999907113396417,0.003108726164732736,0.9991337479098192,0.9998990671378148,0.010090573303084329,0.9986690474955991,0.0019567974522391725,-0.9999704689266297,0.9999070771439691
550.0,2,666.317798177111,140,0.5833333333333334,0.9999904149209269,0.0032843108172064773,0.9984509550997664,0.9998972147886982,0.010193261544325209,0.9985061349820409,0.002058104122282868,-0.9999723847436119,0.9999084760496857
550.0,2,666.317798177111,141,0.5875,0.9999900255973665,0.003473868861404473,0.9979559312793034,0.9998952125386719,0.010272854218833272,0.9987807840846414,0.0021673059118233707,-0.9999733798008325,0.99990828990802
550.0,2,666.317798177111,142,0.5916666666666667,0.9999896178963106,0.003521791094842174,0.9979915802190124,0.9998934121240541,0.010336334318840882,0.9992903813273694,0.0021875516100559565,-0.9999734535586736,0.9999067619368089
550.0,2,666.317798177111,143,0.5958333333333333,0.9999892523008077,0.0034672304495928087,0.9984050259489265,0.9998917265942322,0.010418406957107102,0.9992656582556465,0.002144224427930475,-0.999972180243758,0.999908526833734
550.0,2,666.317798177111,144,0.6,0.9999889247759165,0.003395153631240756,0.9990498211045256,0.9998899575225874,0.010508301406554567,0.9991263530287116,0.002091085099515712,-0.9999709834180963,0.9999102251770758
550.0,2,666.317798177111,145,0.6041666666666666,0.9999886541536424,0.0034012888591630464,0.9993325071900758,0.9998881553376885,0.010594481892095529,0.9991077293409517,0.002086524794271551,-0.9999702545532436,0.9999118621150319
550.0,2,666.317798177111,146,0.6083333333333333,0.9999883697312473,0.003530919773077039,0.998706900136961,0.9998862870491041,0.010683689740505351,0.9990748749153258,0.00215692487432979,-0.99997246155133,0.9999134070916553
550.0,2,666.317798177111,147,0.6125,0.9999879924990676,0.003800314062279558,0.9977956616339799,0.9998843728256781,0.010779872453073873,0.9989248990554069,0.002312392766381454,-0.999974420963184,0.9999148781134723
550.0,2,666.317798177111,148,0.6166666666666667,0.9999875325051596,0.003973731323706792,0.997425299131096,0.9998824171976348,0.010864484507181095,0.9990472754183302,0.002408741363132205,-0.9999756163486946,0.9999157330510897
550.0,2,666.317798177111,149,0.6208333333333333,0.9999870985010124,0.0038811003728141903,0.9979229904800755,0.9998807470769238,0.010923376046050157,0.9996333815566719,0.0023431646772068162,-0.9999742703415814,0.999914212629501
550.0,2,666.317798177111,150,0.625,0.9999867221366464,0.0037887592847351817,0.9985335281436071,0.99987919807357,0.010991870298289606,0.9998036087240701,0.002278886328979927,-0.999972999967421,0.9999150500256401
550.0,2,666.317798177111,151,0.6291666666666667,0.9999864009397907,0.003774303569379951,0.9988637060009029,0.9998774535912496,0.011072241643035378,0.9996897832334244,0.0022622951754254265,-0.9999722295111054,0.9999167200111172
550.0,2,666.317798177111,152,0.6333333333333333,0.9999861282726039,0.0038241556115733008,0.9987740087659766,0.9998757517070207,0.0111488859787387,0.9996858146641706,0.00228426532196511,-0.9999727838905292,0.9999183188512553
550.0,2,666.317798177111,153,0.6375,0.9999858033404009,0.003985355394129619,0.9981651536992373,0.9998740687122746,0.011225886822858619,0.9995775765682626,0.0023725504747794794,-0.999974522861661,0.9999198392259572
550.0,2,666.317798177111,154,0.6416666666666667,0.9999853515623303,0.004183846493694717,0.9976127984906825,0.9998722269679375,0.011304509955919891,0.9998055159684706,0.0024826435555952457,-0.9999758849336206,0.9999202646338771
550.0,2,666.317798177111,155,0.6458333333333334,0.9999848623304957,0.004247272619531898,0.9975938721289506,0.9998706142032351,0.011378497280407377,1.0004109725452908,0.002512334310200026,-0.9999761020459689,0.999918618852969
550.0,2,666.317798177111,156,0.65,0.99998443374124,0.0041970051190524495,0.9979778789753645,0.9998692647496152,0.011440105346157038,1.0005307600035278,0.0024749075062815624,-0.9999750351715765,0.9999198852101298
550.0,2,666.317798177111,157,0.6541666666666667,0.9999840701973783,0.004107369409448448,0.9986293014172859,0.9998678708538018,0.011498788515823763,1.0004313781415264,0.0024153283343838787,-0.9999738143846033,0.9999215145212926
550.0,2,666.317798177111,158,0.6583333333333333,0.9999837906607829,0.0040800795799567965,0.9990647908352106,0.9998664899822888,0.011559193512463855,1.0004582555287316,0.002393230429476512,-0.9999726464412728,0.9999230902535892
550.0,2,666.317798177111,159,0.6625,0.9999835268431405,0.004178687631162339,0.9985950784752299,0.9998650852133317,0.01162055492446798,1.0004951510859068,0.002444441294928813,-0.9999745793408756,0.9999245869247879
550.0,2,666.317798177111,160,0.6666666666666666,0.9999831534584783,0.004415421054987565,0.9977007125581054,0.9998636849136254,0.011679079230106807,1.0004143731506052,0.002576634217177632,-0.9999764888711185,0.9999260314735136
550.0,2,666.317798177111,161,0.6708333333333333,0.999982668599077,0.004607910293614456,0.9972105068808932,0.9998622663543555,0.011741267292097918,1.00049757532417,0.0026831882802243927,-0.9999781512966537,0.9999273579075958
550.0,2,666.317798177111,162,0.675,0.999982199419613,0.004540260788860758,0.9976307048487014,0.9998611720333895,0.011808727381444737,1.0011125193718569,0.0026376610653317837,-0.9999769610413505,0.9999259212502767
550.0,2,666.317798177111,163,0.6791666666666667,0.9999818247046145,0.0044303063240500075,0.9982971352991176,0.9998603696337548,0.011860209704592123,1.0014393347557433,0.0025684767150280677,-0.999975799103761,0.999926131737776
550.0,2,666.317798177111,164,0.6833333333333333,0.9999815286233157,0.004393707621467006,0.9987098597103742,0.9998593972150971,0.011897166965803794,1.0013720200815588,0.0025429228938859075,-0.9999748142707598,0.9999276217089675
550.0,2,666.317798177111,165,0.6875,0.9999813151557657,0.004414996965603394,0.9987300831389853,0.9998584781643819,0.011938061272615326,1.001412104197596,0.002551130097491224,-0.9999752736250366,0.9999290459895336
550.0,2,666.317798177111,166,0.6916666666666667,0.9999810684214512,0.004530173460276436,0.998217815745552,0.9998576719280375,0.0119688139496316,1.0013607541692724,0.00261380479377939,-0.9999765850368694,0.9999304188573273
550.0,2,666.317798177111,167,0.6958333333333333,0.9999806672836705,0.004706872536032077,0.9976271118937605,0.9998567324107093,0.012018170813673755,1.0015302275082274,0.00271219617890237,-0.9999780703790415,0.9999312944857555
550.0,2,666.317798177111,168,0.7,0.999980201071374,0.004775075161650097,0.9975524975790452,0.9998560006588383,0.012098425328654856,1.0021808606397995,0.0027482943976693953,-0.9999783114804355,0.9999299092031315
550.0,2,666.317798177111,169,0.7041666666666667,0.999979808841154,0.004731303285398041,0.9979073798307969,0.9998556712225409,0.012136549922405978,1.0024391563567936,0.0027201760048521143,-0.9999776486757733,0.9999304833426301
550.0,2,666.317798177111,170,0.7083333333333334,0.9999795142129956,0.00464033346597823,0.9985540287810736,0.9998553559678778,0.012142482934331147,1.0023676539336326,0.002665837869679888,-0.9999766120694111,0.9999318484208999
550.0,2,666.317798177111,171,0.7125,0.9999793274670657,0.004589592182893352,0.9991151440681554,0.9998550835644928,0.012157958938653802,1.0024112034744517,0.0026356414665782723,-0.999975630531552,0.9999331641412971
550.0,2,666.317798177111,172,0.7166666666666667,0.999979195147153,0.004636893230212416,0.9988209152943202,0.9998548260315683,0.012176158476262487,1.002487166238143,0.0026614176816681235,-0.9999767795189922,0.9999344281175764
550.0,2,666.317798177111,173,0.7208333333333333,0.9999789474629438,0.004808945254374669,0.9979656709982943,0.9998546045760924,0.01218201869889874,1.0024551919036713,0.002759275176595344,-0.9999784189332077,0.999935652371291
550.0,2,666.317798177111,174,0.725,0.9999785675493951,0.004988400049838115,0.9973759905226447,0.9998543849796652,0.012194323941602341,1.0024878323787867,0.0028624585348629838,-0.9999798984835987,0.99993682926635
550.0,2,666.317798177111,175,0.7291666666666666,0.9999781760606462,0.004949418072427126,0.9976905876807088,0.9998544508634298,0.012257148067584388,1.0030671254260863,0.0028399413975144106,-0.9999793184012773,0.9999359882639952
550.0,2,666.317798177111,176,0.7333333333333333,0.9999779093767649,0.004835160468141249,0.9983961810448979,0.9998549260616713,0.012297339243909475,1.0035137328582042,0.00277475446297884,-0.9999784005717892,0.9999357248844494
550.0,2,666.317798177111,177,0.7375,0.9999777418815822,0.0047834381909600465,0.9988842209533875,0.9998552762623614,0.012277740503455386,1.0034759191687006,0.002746592020049419,-0.9999775127231931,0.9999369079015682
550.0,2,666.317798177111,178,0.7416666666666667,0.9999776832971948,0.004776409029674442,0.9990031089169257,0.9998556366824406,0.012268046161055717,1.003511162507042,0.002744429293848701,-0.9999777924692467,0.9999380404588875
550.0,2,666.317798177111,179,0.7458333333333333,0.9999776188449323,0.004834297706656484,0.998594360098402,0.999856151262427,0.012243702884053383,1.0034875686139189,0.002779934291579987,-0.9999786634592022,0.999939139093613
550.0,2,666.317798177111,180,0.75,0.9999773894357702,0.0049657871089746446,0.9979779289687462,0.9998565585671461,0.012239005620011418,1.003570843623104,0.0028583535582130475,-0.9999800696133962,0.9999402043841538
550.0,2,666.317798177111,181,0.7541666666666667,0.9999770606565908,0.005028781088173864,0.997834697171455,0.9998570738202395,0.012315614595127557,1.0041919417000138,0.0028979196118145054,-0.9999803061022741,0.9999391514190179
550.0,2,666.317798177111,182,0.7583333333333333,0.9999768012496479,0.004991464128108579,0.9981491458911007,0.9998580267575163,0.012340255317970058,1.004551297355242,0.002879954197517873,-0.9999800081807586,0.9999392209821751
550.0,2,666.317798177111,183,0.7625,0.9999766609361698,0.004908433369324056,0.9987730136733022,0.9998590297449543,0.012286283568239296,1.0044785555615066,0.00283623452719052,-0.9999792400107665,0.9999402562013271
550.0,2,666.317798177111,184,0.7666666666666667,0.9999766373929085,0.004850754521350342,0.9994218657660485,0.9998600479446469,0.012246842497348238,1.0044899120968598,0.0028081953148605568,-0.9999785299022316,0.9999412484109713
550.0,2,666.317798177111,185,0.7708333333333334,0.999976699533797,0.004852079979515206,0.9993042254720844,0.9998610740323897,0.012216957809570097,1.0045555877328987,0.002814031825090392,-0.9999790672001221,0.9999422088779919
550.0,2,666.317798177111,186,0.775,0.9999766526159799,0.004947213089026555,0.9984994208247124,0.9998621111138459,0.012169850677139691,1.0045308251254388,0.002874584411291436,-0.9999803535813437,0.9999431406053969
550.0,2,666.317798177111,187,0.7791666666666667,0.9999764646289756,0.005090643957686325,0.9978209351597217,0.999863133930273,0.01211989604340356,1.0044882710408414,0.0029647460258812853,-0.9999815083382508,0.9999440300463777
550.0,2,666.317798177111,188,0.7833333333333333,0.9999762257956789,0.005077792878650999,0.9979971008332823,0.9998643204595525,0.012162421703106012,1.0049613573648648,0.0029637948306355856,-0.999981428028234,0.9999437083519935
550.0,2,666.317798177111,189,0.7875,0.999976114111636,0.004971718575025826,0.9987107792974688,0.999865909298545,0.01220548568939948,1.00547116760783,0.002908462646609834,-0.9999807883611933,0.9999432034607453
550.0,2,666.317798177111,190,0.7916666666666666,0.99997610982065,0.004915868526128761,0.9992578596510131,0.9998674114232805,0.012136936168719255,1.0054403836225274,0.0028834918712315086,-0.9999801881641807,0.9999440530620161
550.0,2,666.317798177111,191,0.7958333333333333,0.9999762197278055,0.00489164426819389,0.9994562453457074,0.9998688338366779,0.01207319231823846,1.0054179383494408,0.0028773429776816884,-0.9999802666293138,0.999944870754019
550.0,2,666.317798177111,192,0.8,0.9999763472653286,0.0049008810251644835,0.9991449022838451,0.999870373088064,0.01200154025476158,1.0053832548914512,0.0028910807882959436,-0.9999807902089884,0.9999456640859921
550.0,2,666.317798177111,193,0.8041666666666667,0.9999763195021941,0.004978985575617833,0.9985112590390802,0.9998718139991494,0.01193579417362342,1.0053583072688357,0.0029460015735254907,-0.9999818363923546,0.9999464272750218
550.0,2,666.317798177111,194,0.8083333333333333,0.999976159933026,0.005032311365410903,0.9982786205875286,0.9998732272279622,0.011997291264672989,1.005876318827248,0.002986884720796166,-0.9999821878434507,0.999945956236658
550.0,2,666.317798177111,195,0.8125,0.9999760442372224,0.005003283269765684,0.9985333521723154,0.9998749955548373,0.012028318387357989,1.0062932804961342,0.0029791081075630074,-0.9999821455380798,0.9999457543671113
550.0,2,666.317798177111,196,0.8166666666666667,0.9999760462218126,0.00493418387115833,0.9991145008536492,0.9998768211504956,0.011927997710804756,1.0061999067611431,0.0029477427502866446,-0.9999816558920085,0.9999464614025032
550.0,2,666.317798177111,197,0.8208333333333333,0.9999761569701544,0.004884811270611063,0.9998084368179768,0.9998786001721198,0.011837198189975091,1.0061379101867798,0.002929069906087537,-0.9999812145720077,0.9999471365789745
550.0,2,666.317798177111,198,0.825,0.9999763654142387,0.004862602558748694,0.9998563570771679,0.9998803493629351,0.011767130223821703,1.0061535543552265,0.002926405642325731,-0.9999813785895346,0.9999477908942268
550.0,2,666.317798177111,199,0.8291666666666667,0.9999764815944325,0.004890262493908535,0.9991101477141056,0.9998820560647278,0.011680949056014123,1.0061018133473398,0.002953550242566008,-0.9999822977859627,0.999948423846546
550.0,2,666.317798177111,200,0.8333333333333334,0.9999764584618019,0.004990468313754666,0.9983501390729782,0.9998837153105532,0.011576461402690655,1.0059729488065103,0.00302599705333237,-0.9999831137227851,0.9999490208899843
550.0,2,666.317798177111,201,0.8375,0.9999763499260048,0.004999637974953096,0.9983604073122966,0.9998854066810863,0.011587579765051663,1.006293678814402,0.0030433348572459105,-0.9999833088879578,0.9999490123701517
550.0,2,666.317798177111,202,0.8416666666666667,0.9999763408893892,0.0049107484452907135,0.9990451021843716,0.9998874053440328,0.011648151596784015,1.0068184067030779,0.0030005529166676906,-0.9999829266465915,0.9999484826856667
550.0,2,666.317798177111,203,0.8458333333333333,0.9999764352851864,0.004861230312028142,0.9996344251779299,0.9998893560344769,0.011556409175219549,1.0067919494316036,0.002982582907242285,-0.9999825915386121,0.9999490197334502
550.0,2,666.317798177111,204,0.85,0.9999766315328443,0.0048346696658905265,0.999894518571361,0.999891154236362,0.01144728636783674,1.0066851933355607,0.0029789011317050713,-0.9999825863673032,0.9999495373701422
550.0,2,666.317798177111,205,0.8541666666666666,0.9999768597205313,0.0048160474954910305,0.9996713132104132,0.9998930018877811,0.0113465386335722,1.0066170292499728,0.002980033885662115,-0.9999828735551661,0.9999500371668815
550.0,2,666.317798177111,206,0.8583333333333333,0.9999769581891745,0.004848779359071158,0.9990321077915569,0.9998947634090742,0.011231123255737187,1.0064868757135847,0.003013218821762678,-0.9999835618752267,0.9999505091933022
550.0,2,666.317798177111,207,0.8625,0.9999769063220036,0.004893428761709662,0.9986954878129923,0.9998964027646174,0.011267702846875489,1.0068596131607426,0.003054261008795824,-0.9999839051043606,0.9999503908773674
550.0,2,666.317798177111,208,0.8666666666666667,0.9999768643302288,0.0048755795367007426,0.9988731416220609,0.9998982720888544,0.01132354817081821,1.0073064131722231,0.0030564157080486517,-0.9999839938410535,0.9999501281579001
550.0,2,666.317798177111,209,0.8708333333333333,0.9999769218760777,0.004822852637348253,0.9993972093436948,0.9999002043395376,0.01120430180148354,1.0072012971099529,0.0030366767458319707,-0.9999837515639296,0.9999505337073251
550.0,2,666.317798177111,210,0.875,0.9999770727154855,0.004788769062895409,1.0001002521047022,0.9999020494189121,0.011074789105734662,1.0070537442579546,0.0030294317384145326,-0.9999835439478193,0.9999509182586941
550.0,2,666.317798177111,211,0.8791666666666667,0.9999773181292367,0.004767256534962038,1.0002995949522395,0.9999038381605753,0.010978765737722431,1.0070064504022447,0.0030299720859773365,-0.9999835494578476,0.9999512870362866
550.0,2,666.317798177111,212,0.8833333333333333,0.999977496686186,0.004751115566388773,0.9996264740453579,0.9999055512859409,0.010872222264455915,1.006917175537823,0.003033187414614622,-0.9999841010232036,0.9999516348330956
550.0,2,666.317798177111,213,0.8875,0.9999775453038836,0.004814268831281494,0.9987986365928827,0.9999071999638104,0.010733364520494466,1.006716869589621,0.003088140568006538,-0.9999845863214165,0.9999519588668696
550.0,2,666.317798177111,214,0.8916666666666667,0.999977491987569,0.0048422726841832985,0.9986300896661715,0.9999088023558386,0.010708151006670639,1.0068747205771984,0.0031207972080660876,-0.9999848390770159,0.9999520648299617
550.0,2,666.317798177111,215,0.8958333333333334,0.9999774977869152,0.004773148585508111,0.9992509600216192,0.9999106048271842,0.010791183669150821,1.007383413932153,0.0030900743478053934,-0.9999846808393074,0.9999517618013787
550.0,2,666.317798177111,216,0.9,0.9999775983706352,0.004733897979388895,0.9998722513824266,0.9999124053098203,0.010707859254003945,1.0073846517753098,0.0030792194993618707,-0.9999845634886181,0.9999519461852442
550.0,2,666.317798177111,217,0.9041666666666667,0.9999777834417568,0.004715238557539961,1.0001839559694858,0.9999140331169004,0.01056822803996474,1.0071984167406576,0.0030819893344862,-0.999984561937911,0.9999521870933447
550.0,2,666.317798177111,218,0.9083333333333333,0.9999780087038317,0.004689583427770431,1.0000423465522061,0.9999156593377164,0.010455607324043542,1.007093518456341,0.0030798994122967676,-0.9999847174910191,0.9999524124592387
550.0,2,666.317798177111,219,0.9125,0.9999781373712655,0.004693847741801806,0.9994177923170472,0.9999172242522045,0.010311125835656514,1.0068859580111549,0.003097444221393954,-0.9999850436603254,0.9999526127378935
550.0,2,666.317798177111,220,0.9166666666666666,0.9999781150832484,0.00473391467448254,0.9989757877134454,0.999918637910292,0.010315747394806729,1.0071039724728024,0.0031388449458717013,-0.999985264089399,0.9999526423638929
550.0,2,666.317798177111,221,0.9208333333333333,0.9999780732632192,0.004728999777782306,0.9990658651747074,0.9999201753373003,0.010403065175399996,1.0075653219018852,0.0031504579169902335,-0.9999853630548579,0.9999525010749981
550.0,2,666.317798177111,222,0.925,0.9999781087323455,0.004690802500612906,0.9995260597832178,0.9999217885796732,0.010294175343799889,1.0074791980638413,0.0031396587029596614,-0.9999853262327001,0.9999526310342081
550.0,2,666.317798177111,223,0.9291666666666667,0.9999782232253075,0.004669007416532064,1.0002138267934297,0.999923311356199,0.010141047962778631,1.00725875357718,0.0031404301690051025,-0.9999853137393258,0.9999527467946658
550.0,2,666.317798177111,224,0.9333333333333333,0.9999784232783295,0.004661267735252825,1.000549147082867,0.9999247733559606,0.010031966585963064,1.0071551554545424,0.0031507104089822345,-0.9999853381264295,0.9999528490083927
550.0,2,666.317798177111,225,0.9375,0.9999785860424533,0.004627564536800634,0.9999718577582751,0.9999261561526419,0.009920613910339774,1.0070356332586905,0.0031423462688273105,-0.9999855299328404,0.9999529284579134
550.0,2,666.317798177111,226,0.9416666666666667,0.9999786329788409,0.004666271060785733,0.9990981062364092,0.999927477239255,0.009768945243230211,1.0067922513319199,0.003183825921846232,-0.9999856765078179,0.9999529917878871
550.0,2,666.317798177111,227,0.9458333333333333,0.9999785779677692,0.004711589506140837,0.9987541327687127,0.9999287272419378,0.00970809372672804,1.0068018783450186,0.0032302589727513068,-0.9999857809603406,0.9999530302783156
550.0,2,666.317798177111,228,0.95,0.9999785449791575,0.004659755777091253,0.9992814972889017,0.9999300943558991,0.009806674287748264,1.0072744520220558,0.003209071006186301,-0.9999858113810977,0.9999529932402583
550.0,2,666.317798177111,229,0.9541666666666667,0.9999785975254101,0.004626559411214014,0.9999282049393552,0.9999315007632953,0.009756835151763281,1.0073341601930745,0.0032009956673396825,-0.9999858729883961,0.9999529719392938
550.0,2,666.317798177111,230,0.9583333333333334,0.9999787203975512,0.004617473927791488,1.0002880133716434,0.9999327539147966,0.009602725217204393,1.007091631200461,0.0032099312528962682,-0.9999859448080707,0.9999529510426978
550.0,2,666.317798177111,231,0.9625,0.9999788889169697,0.0045974128695815105,1.0002241795093754,0.9999339777301725,0.00948851550771658,1.0069539622983827,0.003210848350528683,-0.9999860120191623,0.9999529111967536
550.0,2,666.317798177111,232,0.9666666666666667,0.9999789934546153,0.00459037341655853,0.999639553984581,0.9999351672592415,0.009336068026877949,1.0067053877445087,0.0032206496129987016,-0.999986007897976,0.9999528518148643
550.0,2,666.317798177111,233,0.9708333333333333,0.999978958984724,0.004630773401037892,0.9991025659433138,0.9999362186882466,0.00930575803610322,1.0067782685078646,0.003263799018737623,-0.9999859943797345,0.9999528445293948
550.0,2,666.317798177111,234,0.975,0.9999788839840124,0.004639149835824461,0.9990996237929872,0.9999373205611858,0.009417071863779623,1.0072377234411112,0.003284362582633533,-0.999986006754445,0.9999529612665636
550.0,2,666.317798177111,235,0.9791666666666666,0.9999788665697458,0.004611013426334609,0.9994941294136954,0.9999385098359483,0.009342055052100444,1.007207208147052,0.003278701639290569,-0.9999861259310531,0.9999528644076912
550.0,2,666.317798177111,236,0.9833333333333333,0.9999789180848695,0.0045927479473509255,1.0001511326834884,0.999939627292732,0.00917958436658297,1.0069368327800203,0.003280448394948121,-0.9999862786831687,0.9999527207838648
550.0,2,666.317798177111,237,0.9875,0.9999790450889717,0.004597403194949016,1.0006021927615854,0.9999406904984386,0.009066149902944074,1.006788641758321,0.003298852857310753,-0.9999864565918001,0.9999525612922917
550.0,2,666.317798177111,238,0.9916666666666667,0.9999791634323452,0.004565908152265812,1.0001479962803859,0.9999416864019549,0.008959869466163176,1.0066503409249534,0.003290069029549696,-0.9999863103187296,0.9999523779150021
550.0,2,666.317798177111,239,0.9958333333333333,0.9999791816517216,0.004593052659206023,0.9992549049294053,0.999942630675411,0.008812652239231453,1.0063913698858824,0.0033237916450663168,-0.9999861021524827,0.9999521809571662
550.0,3,666.817798177111,0,0.0,0.999990716989698,0.005562397763612018,1.0066031719206863,0.9999645979939501,0.00639826357630214,1.0033330013081243,0.004544359204412105,-0.9999809326485574,0.99993238469711
550.0,3,666.817798177111,1,0.004166666666666667,0.9999909120084628,0.005219672102504636,1.0060443743476248,0.9999646578680318,0.0063482993693043,1.003154239862372,0.004266023188338256,-0.999979284691406,0.9999310366163912
550.0,3,666.817798177111,2,0.008333333333333333,0.999991059834194,0.004677290536616674,1.0050996350456929,0.9999646903007848,0.006274232328035377,1.0028523752557976,0.003824470948345598,-0.9999774833525488,0.999929648542167
550.0,3,666.817798177111,3,0.0125,0.9999911647717659,0.004402113308753623,1.004602630957554,0.9999646874509424,0.006250132647616182,1.0027430080971702,0.0036011841576329344,-0.9999757431401269,0.999928432728294
550.0,3,666.817798177111,4,0.016666666666666666,0.9999912760925006,0.004607669065828413,1.0050139168662071,0.9999647375778666,0.006340402487076543,1.0031477055059481,0.0037695888663002125,-0.9999766631465529,0.9999298567361095
550.0,3,666.817798177111,5,0.020833333333333332,0.9999914181074152,0.004932104282147419,1.0056272086561342,0.9999648247446263,0.006350870850108729,1.0032171754955939,0.004035440957592507,-0.9999776244028734,0.9999295765947764
550.0,3,666.817798177111,6,0.025,0.99999158324957,0.005112361259401447,1.0059708884088583,0.9999648371044163,0.006277843266128078,1.0029192432561742,0.0041837713818433705,-0.9999784044184742,0.9999281926100986
550.0,3,666.817798177111,7,0.029166666666666667,0.9999917687373062,0.005057920871628938,1.005908344070903,0.9999648318497086,0.006235699221680248,1.002729865563088,0.004139371204341115,-0.9999780468702664,0.9999267424678624
550.0,3,666.817798177111,8,0.03333333333333333,0.9999919346792426,0.004700595285602952,1.0053113287126039,0.9999648179726267,0.006176611925729122,1.0024396159767783,0.003846608925795117,-0.999976626016058,0.9999252376819864
550.0,3,666.817798177111,9,0.0375,0.999992046937894,0.004339401154234411,1.0046751254502762,0.9999647340613247,0.006176265927619105,1.002403062158204,0.0035504279840858377,-0.9999749480888014,0.9999243602643523
550.0,3,666.817798177111,10,0.041666666666666664,0.9999921386239555,0.004269608113552158,1.0045641404646048,0.9999646700566583,0.006268718501640403,1.0028207212301758,0.0034923302915904494,-0.9999743490724555,0.9999258206694169
550.0,3,666.817798177111,11,0.04583333333333333,0.999992250794965,0.004424303717741651,1.004875067155701,0.9999646667771005,0.006266629397002773,1.0028102103647576,0.003617222352892521,-0.999975005111881,0.9999251086871815
550.0,3,666.817798177111,12,0.05,0.9999923871452786,0.004742152523247129,1.0054693417323672,0.999964629620211,0.006203499189419455,1.0024983674596988,0.0038755844845155592,-0.999976074794076,0.9999236657561341
550.0,3,666.817798177111,13,0.05416666666666667,0.9999925492717866,0.004997451432878301,1.0059377241963647,0.9999645657510897,0.006171308626337275,1.0023052171768179,0.004082985629935367,-0.9999771951793742,0.9999221566557428
550.0,3,666.817798177111,14,0.058333333333333334,0.9999927177985263,0.004740462639662924,1.005527039413904,0.9999644672478354,0.006149062618359671,1.0021369012976553,0.003870288890274291,-0.9999758341259376,0.9999205750614371
550.0,3,666.817798177111,15,0.0625,0.999992847606113,0.004199120058699355,1.0045887890609104,0.9999643404145517,0.006113667688821516,1.001855045675573,0.0034257665485457733,-0.9999738175201053,0.9999189412637874
550.0,3,666.817798177111,16,0.06666666666666667,0.9999929370429884,0.0038536153384364853,1.0039543151317123,0.9999641754410054,0.006099694924481305,1.0016637725442739,0.0031419117637581477,-0.9999715822899711,0.9999172481188441
550.0,3,666.817798177111,17,0.07083333333333333,0.999993022578586,0.0039889735680574984,1.004236149031315,0.9999640457460437,0.006163840623650059,1.0020213241799596,0.0032489159222291552,-0.9999723258537226,0.9999185876016186
550.0,3,666.817798177111,18,0.075,0.9999931364527848,0.004318798860479668,1.00486745873271,0.999963974522227,0.00619984131098347,1.0021990692685883,0.003513743037657264,-0.9999734376917963,0.999918859608619
550.0,3,666.817798177111,19,0.07916666666666666,0.9999932701614308,0.004529944400538193,1.005265635429014,0.9999638324242847,0.006163935191996602,1.0019131572286104,0.0036820683478831335,-0.9999746009265794,0.9999173532537903
550.0,3,666.817798177111,20,0.08333333333333333,0.9999934249354943,0.004524279273058562,1.0052854063194276,0.9999636582060633,0.006148768080066718,1.001713547063226,0.0036734838105547812,-0.9999743373602471,0.9999157530967598
550.0,3,666.817798177111,21,0.0875,0.9999935698597848,0.00421372594907865,1.00477065562272,0.9999634826007887,0.0061285637090383914,1.0014446025319832,0.003417166958206736,-0.9999731479754013,0.9999140954464469
550.0,3,666.817798177111,22,0.09166666666666666,0.9999936674028392,0.003823543718878065,1.00407941582175,0.9999632385183788,0.006133774702688879,1.0013136780093814,0.003096707082460382,-0.9999711122541427,0.9999125409583605
550.0,3,666.817798177111,23,0.09583333333333334,0.9999937378095944,0.0037071602562833497,1.0038755496028793,0.9999629893237979,0.0062025806081172025,1.0017110737915123,0.0029982342534454706,-0.9999704565952521,0.9999140553565469
550.0,3,666.817798177111,24,0.1,0.9999938218175951,0.0038271042413237466,1.0041239769886854,0.9999628140024974,0.006230558611827844,1.0018093550756189,0.0030903739611876945,-0.9999708605981047,0.9999138526821473
550.0,3,666.817798177111,25,0.10416666666666667,0.999993928712568,0.004119199246298426,1.0046792495701622,0.999962611481812,0.00620626897636134,1.0015039936016772,0.0033210383804500535,-0.9999720157350898,0.9999124195629008
550.0,3,666.817798177111,26,0.10833333333333334,0.99999405733696,0.004421076659407015,1.0052296583929146,0.99996237699738,0.006201634383887464,1.0012948998665474,0.003559363798967776,-0.9999732843819271,0.9999108897563823
550.0,3,666.817798177111,27,0.1125,0.9999941989699388,0.004260864406506573,1.004983115878263,0.9999621068969569,0.006207805787775723,1.001135346089513,0.0034243146006218026,-0.9999725204082197,0.9999092864170477
550.0,3,666.817798177111,28,0.11666666666666667,0.9999943080374469,0.003737405875172032,1.0040767871342395,0.9999618034619152,0.0062116319690152175,1.0008811246692912,0.002997880579346205,-0.9999706065365148,0.9999076199802143
550.0,3,666.817798177111,29,0.12083333333333333,0.9999943776535893,0.0033390798884873206,1.0033303384397807,0.9999614585080302,0.006224224362485822,1.0006318397194833,0.0026737239024919924,-0.9999684122834078,0.9999058668301052
550.0,3,666.817798177111,30,0.125,0.999994433283261,0.003395896910692916,1.0034600892864036,0.9999611292904256,0.006268147146193492,1.000915815743311,0.002713546449830515,-0.9999685605838536,0.9999066261609794
550.0,3,666.817798177111,31,0.12916666666666668,0.999994513979922,0.0037181849687418175,1.0040922169161757,0.9999608779441735,0.0063115211757766,1.0011950937755623,0.0029644376914227982,-0.9999696258192029,0.9999074874793853
550.0,3,666.817798177111,32,0.13333333333333333,0.9999946127591745,0.003956609255158572,1.0045418743284396,0.999960562522488,0.006315466636192392,1.0009466604002661,0.0031480348481449363,-0.9999708125077633,0.9999061279007306
550.0,3,666.817798177111,33,0.1375,0.9999947321477505,0.003997029320949524,1.004638584870485,0.9999601943524663,0.006330209744151425,1.000729537558582,0.00317331583634557,-0.9999709329898082,0.9999046738820148
550.0,3,666.817798177111,34,0.14166666666666666,0.999994848363343,0.003742678766597251,1.0042174594539575,0.999959827960329,0.006347637201004838,1.0004909630564187,0.002964524829134925,-0.9999702348310994,0.9999031533510764
550.0,3,666.817798177111,35,0.14583333333333334,0.9999949217070762,0.003342182737038851,1.0034966446756366,0.9999593948407308,0.006375488513958625,1.0002888191817287,0.0026409672559521784,-0.9999684028778489,0.9999015531722233
550.0,3,666.817798177111,36,0.15,0.9999949605862282,0.003182478175609983,1.0031953295655676,0.9999589280854277,0.006424447406838951,1.0006352106780532,0.002508534558007494,-0.9999676191692296,0.9999024416356891
550.0,3,666.817798177111,37,0.15416666666666667,0.9999950058609332,0.0032677422474717845,1.003377353433516,0.9999585456923128,0.006466021172522333,1.0008431327201261,0.0025689500810896003,-0.9999676610265087,0.9999027147416621
550.0,3,666.817798177111,38,0.15833333333333333,0.9999950728909668,0.003529080297263151,1.0038875842969945,0.9999581466168697,0.006481765257837934,1.0005656764084858,0.0027669686765917603,-0.9999686511914316,0.9999016335307264
550.0,3,666.817798177111,39,0.1625,0.9999951589100997,0.003857814341580724,1.0044915240149976,0.9999577052941232,0.006507875544855475,1.000339883218512,0.0030171567199296693,-0.9999698270414052,0.9999004335887713
550.0,3,666.817798177111,40,0.16666666666666666,0.9999952623095008,0.003800477919362849,1.0044156405371913,0.9999572252633262,0.006541597201627419,1.0001884748333005,0.002964102633172877,-0.9999697820078676,0.9998991647723845
550.0,3,666.817798177111,41,0.17083333333333334,0.9999953379229648,0.0033164561759716415,1.0035663633651775,0.9999567026512571,0.006580115337412714,0.999966262295117,0.0025788237615750067,-0.9999684301017185,0.9998978260705202
550.0,3,666.817798177111,42,0.175,0.9999953731178112,0.0028900465598279417,1.002733386663973,0.9999561335419328,0.0066269401323209775,0.9996842029492551,0.002240972762845171,-0.9999667440965068,0.9998963695213325
550.0,3,666.817798177111,43,0.17916666666666667,0.9999953846708922,0.0028711884175971645,1.00269748451348,0.9999555576344628,0.006667059424762945,0.9998790431795656,0.0022195358688197812,-0.9999663692264853,0.9998964706978302
550.0,3,666.817798177111,44,0.18333333333333332,0.9999954169151601,0.0031684596841063594,1.0033088245660617,0.9999550773936069,0.006704662127711337,1.0002445260968296,0.002441257706186426,-0.9999670694940451,0.999897580892342
550.0,3,666.817798177111,45,0.1875,0.99999546706819,0.00342807504576544,1.003806923471444,0.999954545620649,0.006742124467444887,1.0000610439458568,0.002633074733157069,-0.9999679811537235,0.9998967498363196
550.0,3,666.817798177111,46,0.19166666666666668,0.999995537355795,0.0035118519875159547,1.003975385703625,0.9999539330464264,0.006788378425557916,0.9998260681693727,0.002688901576883258,-0.9999683881867376,0.9998958362084774
550.0,3,666.817798177111,47,0.19583333333333333,0.9999956098535526,0.003322620608529156,1.0036534995484752,0.9999533205394432,0.006837449210400062,0.9996225676609425,0.0025356001706032683,-0.9999683063399671,0.9998948516437844
550.0,3,666.817798177111,48,0.2,0.9999956429064366,0.0029390430532318717,1.0029303453893845,0.9999526438707655,0.006895656026503928,0.9993773744873391,0.0022352860181785576,-0.9999672258025577,0.9998937602243456
550.0,3,666.817798177111,49,0.20416666666666666,0.9999956331884222,0.0027497602466712828,1.0025308015991292,0.9999519000106708,0.006939815222480544,0.9996506359928305,0.0020840943818762306,-0.99996654418061,0.999893838988183
550.0,3,666.817798177111,50,0.20833333333333334,0.9999956221898078,0.0028034656750181523,1.0026422855415416,0.9999512471738409,0.0069823755685616455,0.9999614661451065,0.0021171635324955707,-0.9999662825253919,0.9998941751412238
550.0,3,666.817798177111,51,0.2125,0.9999956321379521,0.0030284368068588326,1.0031043593985407,0.9999505956492972,0.0070312619989757056,0.9997381324386326,0.002278661106563476,-0.9999668049874716,0.9998938066450844
550.0,3,666.817798177111,52,0.21666666666666667,0.9999956599326224,0.0033599210201620006,1.0037349792512626,0.9999498863521721,0.007087979584488545,0.9994985022669404,0.0025192843885045086,-0.9999675217077953,0.999893334384528
550.0,3,666.817798177111,53,0.22083333333333333,0.9999957089809965,0.0034038648919306447,1.0038270828784246,0.9999491330564696,0.007146598493265496,0.9993568764095908,0.00254295656808035,-0.9999679209606542,0.9998927906252992
550.0,3,666.817798177111,54,0.225,0.9999957355305419,0.0029886200034405564,1.0030599686010373,0.9999483238166217,0.007212578473108885,0.999169534836542,0.0022239173074713675,-0.9999675313602704,0.9998921560299175
550.0,3,666.817798177111,55,0.22916666666666666,0.9999957182480416,0.0025734096576884207,1.0021659966570462,0.9999474605159318,0.007291448994465928,0.998881896287631,0.0019077843165635228,-0.9999668494906337,0.9998914094950336
550.0,3,666.817798177111,56,0.23333333333333334,0.9999956680272959,0.002499957206177052,1.0019604004796065,0.9999465644798228,0.007345189231920931,0.9989843345719719,0.0018461191643376973,-0.9999664201193419,0.9998911674711083
550.0,3,666.817798177111,57,0.2375,0.9999956334190181,0.0027472483218636758,1.0025254105543164,0.9999457799262521,0.007375098002424333,0.9994136463581024,0.0020202200294902233,-0.9999664768469726,0.999891745544269
550.0,3,666.817798177111,58,0.24166666666666667,0.9999956184736355,0.003012799920848316,1.0030691662799935,0.9999449679645432,0.007433702166100246,0.9993250907962573,0.0022066014891144138,-0.9999667815285485,0.999891799746147
550.0,3,666.817798177111,59,0.24583333333333332,0.9999956239733732,0.0031335052065482095,1.0033048053982432,0.9999440390081706,0.007508913591802975,0.9990808409226392,0.0022858431599353753,-0.9999671368481416,0.9998917507788861
550.0,3,666.817798177111,60,0.25,0.9999956376027377,0.0030163179599721752,1.0030823423817399,0.9999431023561479,0.007582066515710477,0.9989141989449944,0.0021912661801545487,-0.9999675279467044,0.9998916300904352
550.0,3,666.817798177111,61,0.25416666666666665,0.9999956152057524,0.002687056171232602,1.002384222115437,0.9999421072199585,0.007667828498765122,0.9986571265928856,0.0019438704178864463,-0.9999675388351623,0.9998913759724782
550.0,3,666.817798177111,62,0.25833333333333336,0.9999955406114889,0.002499026729138499,1.0018916316921394,0.999941006025444,0.007723843971400211,0.9988484217022352,0.0018001631282151616,-0.999967379626081,0.9998910747104719
550.0,3,666.817798177111,63,0.2625,0.999995456225024,0.002529825395389191,1.0019286438171555,0.9999399964518335,0.007764371252146561,0.9992493760626454,0.0018144207836332637,-0.9999670816991354,0.9998907969360202
550.0,3,666.817798177111,64,0.26666666666666666,0.9999953930661044,0.002709022176134984,1.0023402053247874,0.9999390199544035,0.00783431724022221,0.9991098849234541,0.0019343038339565855,-0.9999669145473828,0.9998913350424995
550.0,3,666.817798177111,65,0.2708333333333333,0.999995348673459,0.003010678307490857,1.002975240077301,0.999937967176728,0.007916787092077543,0.9988668569707634,0.0021405496027759666,-0.9999669083856079,0.9998917918760579
550.0,3,666.817798177111,66,0.275,0.9999953299446952,0.0031384556584351402,1.003223848274068,0.9999368634544546,0.0079956850466902,0.9987402510078254,0.0022218323227105427,-0.9999671013691915,0.9998921773496348
550.0,3,666.817798177111,67,0.2791666666666667,0.999995297049983,0.0028252514778789204,1.0025641881196845,0.999935688356543,0.008080984950525236,0.9985933405679664,0.0019908366226856866,-0.9999678544054358,0.9998924492327698
550.0,3,666.817798177111,68,0.2833333333333333,0.9999952148995663,0.002473807284248585,1.0016351223177178,0.9999344501945191,0.00818230899130578,0.99832779974543,0.0017354260787197015,-0.9999683674579257,0.9998926300063988
550.0,3,666.817798177111,69,0.2875,0.9999950900216797,0.0023895359332780446,1.001265638667436,0.9999331516617203,0.00825922352363353,0.9983481701790193,0.0016688181919825341,-0.9999685414796611,0.9998926638119028
550.0,3,666.817798177111,70,0.2916666666666667,0.9999949754504422,0.0025623758481133074,1.0017572358145925,0.9999319777145048,0.008289880877978934,0.9988175787455481,0.001780930958268597,-0.9999679025555978,0.9998923248264466
550.0,3,666.817798177111,71,0.29583333333333334,0.9999948852955974,0.0028021731492607533,1.0023426072307289,0.9999308219386075,0.008356807967321408,0.9988532923758451,0.001938548214517928,-0.9999674502516455,0.9998929208267208
550.0,3,666.817798177111,72,0.3,0.9999948173836095,0.0029433125708854205,1.0026418545126952,0.9999295086012274,0.00845263667705688,0.9986183952401632,0.0020269502373997084,-0.9999673421752071,0.9998937781820962
550.0,3,666.817798177111,73,0.30416666666666664,0.9999947659534271,0.0028962306123197453,1.0025147817388609,0.9999281734687799,0.008542172129671757,0.9984896810603767,0.0019852604679214208,-0.9999679230136096,0.9998945430807618
550.0,3,666.817798177111,74,0.30833333333333335,0.9999946835179356,0.0026568273636520157,1.0018684309835175,0.9999267938667741,0.008644731173396718,0.9982548948932395,0.0018126130318670988,-0.9999689283855289,0.9998951989450678
550.0,3,666.817798177111,75,0.3125,0.9999945386533811,0.002509533092067045,1.0012942159715383,0.9999252691476065,0.008721348786781942,0.9983696606155507,0.001704058876031696,-0.9999695818032414,0.9998951767932698
550.0,3,666.817798177111,76,0.31666666666666665,0.9999943739857091,0.0025319249121877117,1.0012534895542788,0.9999238283765811,0.008765913429143731,0.9988433741028937,0.0017110758527661234,-0.9999695008073133,0.9998940155886218
550.0,3,666.817798177111,77,0.32083333333333336,0.9999942326018753,0.0026582684551412503,1.0016131321685195,0.9999224765093042,0.00884415294015817,0.998821199793203,0.001787750295614244,-0.999968754362027,0.9998950884095262
550.0,3,666.817798177111,78,0.325,0.9999941144888048,0.0028946004862055257,1.0022355291719571,0.9999210351817321,0.008941749968338073,0.9985937560672813,0.0019376159321593887,-0.9999680301671899,0.9998963443704566
550.0,3,666.817798177111,79,0.32916666666666666,0.9999940275264056,0.0030655673653534944,1.0026207780210616,0.999919538288854,0.009033325910185094,0.9984915967291277,0.0020426969933394776,-0.9999674348283525,0.9998975283023318
550.0,3,666.817798177111,80,0.3333333333333333,0.9999939402498267,0.0028719188747628275,1.002094167292941,0.9999179596881307,0.009128545517874417,0.9983949653007433,0.0019043049591142508,-0.9999690794266622,0.9998985895313734
550.0,3,666.817798177111,81,0.3375,0.9999937982551604,0.0026210119629042168,1.0011564912039708,0.9999163129920013,0.009238392854455267,0.9981790049086091,0.0017296739015732916,-0.99997057326094,0.9998995801167204
550.0,3,666.817798177111,82,0.3416666666666667,0.9999936022487966,0.0025693926474989817,1.0006389978004238,0.9999145847153712,0.009335176380351778,0.9981414155097994,0.0016877718026158458,-0.9999717618429209,0.9999004086986278
550.0,3,666.817798177111,83,0.3458333333333333,0.9999934107674057,0.0026684362707760103,1.001031378995301,0.9999129926383024,0.009377914591223866,0.9986312640886366,0.0017441743828826373,-0.9999706168378972,0.9998993150394213
550.0,3,666.817798177111,84,0.35,0.9999932530770822,0.002847422386224026,1.001651150760307,0.9999114996141423,0.00944476529786047,0.9988147280113584,0.0018522070257079002,-0.9999695737740755,0.9998997442174761
550.0,3,666.817798177111,85,0.3541666666666667,0.9999931218872902,0.0029829123311208993,1.0020118322372047,0.9999098188857962,0.00954662514050446,0.9986174650306676,0.0019314079763156128,-0.9999687993236195,0.9999012329428068
550.0,3,666.817798177111,86,0.35833333333333334,0.9999930195074488,0.002988058538436811,1.001975787205734,0.9999080986876467,0.009642743424226998,0.998530510299359,0.001925731822344963,-0.9999694383687159,0.9999026171161097
550.0,3,666.817798177111,87,0.3625,0.9999928950180725,0.0028440932385910057,1.0014037617541676,0.9999063673854387,0.009746547521888065,0.9983504814757242,0.0018243957865266038,-0.9999708510646154,0.999903918981602
550.0,3,666.817798177111,88,0.36666666666666664,0.9999926981727397,0.002755849918944295,1.0007656474198972,0.9999044670355622,0.009838868711890292,0.9984072210065787,0.0017595970938556762,-0.9999722929910765,0.9999046150799709
550.0,3,666.817798177111,89,0.37083333333333335,0.9999924690724507,0.0027818817095548233,1.0006450954146244,0.9999026354127535,0.009896039205916148,0.9989356159698599,0.0017680033027847077,-0.999972390039776,0.9999029901885887
550.0,3,666.817798177111,90,0.375,0.9999922670025818,0.0028611521500787524,1.000952501536928,0.9999009848954531,0.009972755083935024,0.9990615229456686,0.0018098923691311445,-0.9999715338345097,0.9999038113649339
550.0,3,666.817798177111,91,0.37916666666666665,0.9999920983487414,0.0030169517541130246,1.0015506249435786,0.9998992565611103,0.010068600393991827,0.9988751650719048,0.001899890859946097,-0.9999703562320857,0.9999054941039838
550.0,3,666.817798177111,92,0.38333333333333336,0.9999919678636446,0.0031816006344235087,1.00204682496741,0.9998974793807114,0.01016026361437619,0.9988087280167371,0.0019950546855131597,-0.9999693056871378,0.9999070942723491
550.0,3,666.817798177111,93,0.3875,0.9999918575537716,0.003089670071041653,1.0016768912014047,0.9998956305273853,0.010252908146093946,0.9987737790162949,0.0019286801058911239,-0.9999708533916536,0.9999086027713231
550.0,3,666.817798177111,94,0.39166666666666666,0.9999916903070781,0.002931967425847849,1.0007575747598987,0.9998937241348728,0.010354384856867628,0.9986316153595335,0.0018221561076071668,-0.9999728641949877,0.9999100459538217
550.0,3,666.817798177111,95,0.3958333333333333,0.9999914563907913,0.0029241207882716095,1.000117252210859,0.9998917381878653,0.010453996879125979,0.9985696955372052,0.0018097547504907598,-0.9999746331631506,0.9999114123052262
550.0,3,666.817798177111,96,0.4,0.9999912186023233,0.0029759255936322817,1.0003866911527963,0.9998899014219258,0.010513771501170001,0.9990614393343135,0.0018337441822822058,-0.9999736699798734,0.9999102844463804
550.0,3,666.817798177111,97,0.4041666666666667,0.9999910294195028,0.003082342601046625,1.0010303463525085,0.9998882913487686,0.010577590895496414,0.9994055378854163,0.0018911684995835218,-0.999972366789127,0.9999101304874878
550.0,3,666.817798177111,98,0.4083333333333333,0.9999908746067042,0.003190220438010233,1.0014516550392072,0.9998865026975419,0.010665724023499891,0.9992786009985969,0.001949572675519358,-0.9999711322327115,0.9999118403584353
550.0,3,666.817798177111,99,0.4125,0.9999907646692419,0.003219120375605471,1.001502738254083,0.9998846597080969,0.010753266898829515,0.9992354513848256,0.0019594733474661828,-0.9999716333382164,0.9999134545416118
550.0,3,666.817798177111,100,0.4166666666666667,0.9999906472547478,0.003142384246354143,1.0010221272307585,0.9998828694398554,0.01084001214728628,0.9991339489112319,0.0019052913353874738,-0.9999729370539656,0.9999150073450652
550.0,3,666.817798177111,101,0.42083333333333334,0.9999904501477389,0.0030998067719574685,1.0003434256064976,0.999880926029694,0.010928374258206591,0.9991572230217622,0.0018723087380629532,-0.999974883362112,0.9999164247789194
550.0,3,666.817798177111,102,0.425,0.9999902047408554,0.0031313429689610846,1.0001417827069894,0.9998790322137318,0.011000338951975457,0.9997183462542764,0.0018843025736310986,-0.9999750817753537,0.9999147326958338
550.0,3,666.817798177111,103,0.42916666666666664,0.9999899896950365,0.0031763390868853954,1.0003971325495853,0.9998774474302251,0.011070348106155203,1.0000086511792494,0.0019042872402219343,-0.9999744514860093,0.999914961350182
550.0,3,666.817798177111,104,0.43333333333333335,0.9999898239537316,0.0032619688342002745,1.0009642065394664,0.9998758452535936,0.01114276187358311,0.9998868997270485,0.0019487447574727621,-0.9999731595649862,0.9999166818714698
550.0,3,666.817798177111,105,0.4375,0.9999897049623137,0.0033892500386328295,1.0015452078860636,0.9998742201329731,0.011215598123272446,0.999860185130981,0.0020183684370222417,-0.9999719802784404,0.9999183211354249
550.0,3,666.817798177111,106,0.44166666666666665,0.9999896308276779,0.0033578705523244945,1.0013471103900464,0.9998725662415853,0.01128892403481798,0.9998900222326625,0.0019930757334257728,-0.9999729325950414,0.9999198969870988
550.0,3,666.817798177111,107,0.44583333333333336,0.9999895037029924,0.0032569745140421536,1.0004725248974,0.9998708891410542,0.011363314709761353,0.9998322996436365,0.001926890551963737,-0.9999750061096458,0.9999214173862613
550.0,3,666.817798177111,108,0.45,0.9999892975576896,0.00327673621596578,0.9997371342340844,0.9998691704496718,0.011439205991350473,0.9997724878808665,0.0019330328453661004,-0.999976827661976,0.9999228593540948
550.0,3,666.817798177111,109,0.45416666666666666,0.9999890732950374,0.003306912966135324,0.999866079874121,0.9998676118747575,0.011507284778935369,1.000242853060808,0.0019450036596505565,-0.9999764537213798,0.99992222329259
550.0,3,666.817798177111,110,0.4583333333333333,0.9999889138419962,0.003349715650171712,1.0005186678525317,0.9998664345190448,0.011568822391047758,1.0007381164032736,0.001964400000935453,-0.9999751916197503,0.9999214786658179
550.0,3,666.817798177111,111,0.4625,0.9999888001647268,0.0034203998097315025,1.0009998046155615,0.9998651502945922,0.011623133373112559,1.0007038916101536,0.002000774461877314,-0.9999739940194357,0.9999230745369979
550.0,3,666.817798177111,112,0.4666666666666667,0.9999887471782128,0.0034488621065837653,1.0011336342305857,0.9998637992512855,0.01168080445268399,1.0006937486412946,0.0020125776535098454,-0.9999741146779805,0.9999246049813336
550.0,3,666.817798177111,113,0.4708333333333333,0.999988705823043,0.0034027544432184724,1.0007546905283846,0.9998625814269559,0.01173219996554413,1.0006724969272145,0.00198106915628115,-0.9999750618674883,0.9999260856200876
550.0,3,666.817798177111,114,0.475,0.9999885826103184,0.0033792442601646563,1.00006168026159,0.9998612735855598,0.011787957685311492,1.0006778192276196,0.001963116601820883,-0.9999769298301336,0.9999275073488623
550.0,3,666.817798177111,115,0.4791666666666667,0.9999883909143925,0.0034108627273905256,0.9997768692244723,0.9998599882166181,0.011864678048357032,1.0012327564161376,0.001977483943394883,-0.9999773980932896,0.9999264398857556
550.0,3,666.817798177111,116,0.48333333333333334,0.9999882273624953,0.0034311603319036564,0.9999788473902007,0.999859129025913,0.011927765571574376,1.001675209480296,0.0019854001480531834,-0.9999771035816777,0.9999261123450689
550.0,3,666.817798177111,117,0.4875,0.9999881293499352,0.003464263635938502,1.0005109612656433,0.9998583567242413,0.011956640496599948,1.0016249964094897,0.002001060353538308,-0.9999759573403797,0.9999276123391908
550.0,3,666.817798177111,118,0.49166666666666664,0.9999880864094427,0.0035458859959274407,1.001149333265623,0.9998575896072975,0.011988360599358509,1.0016203142143232,0.002045514310620954,-0.9999748921061882,0.9999290478421817
550.0,3,666.817798177111,119,0.49583333333333335,0.9999881095839637,0.003539077413797443,1.0011272766227466,0.9998568495742852,0.012024339257286553,1.0016952569967206,0.002038888706654484,-0.9999751994480773,0.9999304393370971
550.0,3,666.817798177111,120,0.5,0.9999880897246611,0.0034585776766425753,1.0003209403239308,0.999856122882598,0.012055178464697437,1.0017046369943232,0.0019898621168280006,-0.9999770437645492,0.9999317876195497
550.0,3,666.817798177111,121,0.5041666666666667,0.9999879808934952,0.0034837944423993464,0.9995148989063912,0.999855404604014,0.012081054469384008,1.0016485846757708,0.0020026289503210356,-0.9999786619189854,0.9999330642407571
550.0,3,666.817798177111,122,0.5083333333333333,0.9999878325593657,0.0035066354167913203,0.9994920878988512,0.9998548288900356,0.012136140509233381,1.002058865096678,0.0020140002678883107,-0.9999788346372835,0.9999329602865622
550.0,3,666.817798177111,123,0.5125,0.9999877559041956,0.0035004001324542146,1.000131958618264,0.9998547365687086,0.012198107201261412,1.0026609430432132,0.0020086659850054017,-0.999977790391652,0.9999318539410929
550.0,3,666.817798177111,124,0.5166666666666667,0.9999877365819035,0.0035337463049688006,1.0006694737858681,0.9998546464847508,0.012207792833016547,1.0027155936773517,0.0020269257839055817,-0.999976809411907,0.999933165377826
550.0,3,666.817798177111,125,0.5208333333333334,0.9999877862880654,0.0035496670639601764,1.0008795101678214,0.9998544593778674,0.01221444598085583,1.0027064733994395,0.0020356032522030176,-0.9999766657092355,0.9999344352138411
550.0,3,666.817798177111,126,0.525,0.9999878650084825,0.003509593911943275,1.0006039374602773,0.9998544438074729,0.012218203448713886,1.0027346139177569,0.0020123776442244447,-0.999977242288234,0.9999356674549874
550.0,3,666.817798177111,127,0.5291666666666667,0.9999878660692195,0.0034838397523461223,0.9999198947986557,0.9998544079054525,0.01221719963399265,1.002712331051611,0.0019977092562121174,-0.9999788068646333,0.9999368464195293
550.0,3,666.817798177111,128,0.5333333333333333,0.9999877765746363,0.003510690022318921,0.9995495011977602,0.9998543388352875,0.012278891909776298,1.0032022362011235,0.002013559929422342,-0.9999794524127323,0.9999364137902836
550.0,3,666.817798177111,129,0.5375,0.9999877021867724,0.0035135611433626565,0.9996924785580524,0.9998547144364767,0.012340428701605066,1.0037491154676288,0.0020158911355107703,-0.9999794501234811,0.9999357469002877
550.0,3,666.817798177111,130,0.5416666666666666,0.9999877003326958,0.003509514333977831,1.0001845367576516,0.9998552669223552,0.012318687218768727,1.0037535008630794,0.002014579786598696,-0.999978574754154,0.9999369176029936
550.0,3,666.817798177111,131,0.5458333333333333,0.9999877577597286,0.0035502619959799607,1.000851390442548,0.9998558154695902,0.012292741374561867,1.0037293011726576,0.0020398863620324633,-0.9999777447962319,0.9999380468868218
550.0,3,666.817798177111,132,0.55,0.9999878902822255,0.003550603098431436,1.0009975637465947,0.9998564068575705,0.012280128646900581,1.003804453333227,0.0020421954144473242,-0.9999776030363523,0.9999391438319439
550.0,3,666.817798177111,133,0.5541666666666667,0.9999879926741011,0.003470764657220968,1.0002789004104915,0.9998570065949014,0.01226052705690187,1.0038357083078968,0.001998169895400024,-0.9999790728931378,0.9999402014458226
550.0,3,666.817798177111,134,0.5583333333333333,0.9999880000359929,0.0034881596558347335,0.9994217283159806,0.9998576244959669,0.012223742191073509,1.0037608292904188,0.002010975455816595,-0.9999803928687341,0.9999412126013921
550.0,3,666.817798177111,135,0.5625,0.9999879443663966,0.0035135193998072065,0.9992397780692336,0.9998583145023009,0.012242979898920026,1.0040594586444909,0.0020286000343804787,-0.9999809182555881,0.9999414802587119
550.0,3,666.817798177111,136,0.5666666666666667,0.9999879484004891,0.003473449469976168,0.9998372135616372,0.9998594567387888,0.012308969227151753,1.004694810352234,0.002008265569032397,-0.9999801610622471,0.9999404786880167
550.0,3,666.817798177111,137,0.5708333333333333,0.9999880168632425,0.003474607765150286,1.0004237959156714,0.9998606860852295,0.01228212143350626,1.0048153699839137,0.002012548159977691,-0.9999794533583326,0.9999412614620942
550.0,3,666.817798177111,138,0.575,0.9999881510022088,0.003477719487733976,1.000701013750843,0.9998617606241034,0.012228257975703788,1.0047636961181525,0.002018470716728804,-0.9999791961057817,0.999942213835288
550.0,3,666.817798177111,139,0.5791666666666667,0.9999883237977801,0.0034369417440696507,1.0005223775999503,0.9998629594801779,0.01218412595791312,1.0047893142943223,0.0019990307570644074,-0.999979520325341,0.9999431380776403
550.0,3,666.817798177111,140,0.5833333333333334,0.9999884291745635,0.003402896183721408,0.9998667639614206,0.9998641654153385,0.012120290369950337,1.0047160745845214,0.0019837008352864035,-0.9999806982925896,0.9999440180861121
550.0,3,666.817798177111,141,0.5875,0.9999884268340282,0.003427510116262487,0.9994091388038648,0.9998652593516745,0.01214799210904397,1.0050793999534817,0.00200286701385281,-0.9999813817885425,0.9999440122292385
550.0,3,666.817798177111,142,0.5916666666666667,0.9999884173514583,0.0034229166446921523,0.9994830043452274,0.9998666883649391,0.012217338079638623,1.0056647102989282,0.0020052005923016127,-0.999981565086549,0.999943245806999
550.0,3,666.817798177111,143,0.5958333333333333,0.999988473866231,0.0033954081608516774,0.9999270253988151,0.9998683220792125,0.012158572739184926,1.0057004299869028,0.001994260538185086,-0.9999809783775371,0.999944076297829
550.0,3,666.817798177111,144,0.6,0.999988587910979,0.003404272961732291,1.0005951348740942,0.9998699062463273,0.012073383018607524,1.0056148235444928,0.0020054218065844215,-0.9999804184616595,0.9999448816885236
550.0,3,666.817798177111,145,0.6041666666666666,0.9999887728461551,0.0034094267647079538,1.000891510629031,0.9998714955030044,0.012013930299374321,1.005642986958418,0.0020147508322837598,-0.9999800757516918,0.9999456638588317
550.0,3,666.817798177111,146,0.6083333333333333,0.9999889412729996,0.0033312808972602963,1.0002782682732487,0.9998730484233355,0.011950783557732835,1.0056500610848758,0.0019743806029019853,-0.999981151147142,0.9999464112872283
550.0,3,666.817798177111,147,0.6125,0.9999890147434576,0.003342634232874676,0.9993870824276949,0.9998745845686108,0.011858859838204647,1.0055323528348474,0.0019876250835474557,-0.9999821348519673,0.9999471301265237
550.0,3,666.817798177111,148,0.6166666666666667,0.9999890089752218,0.003383496419066528,0.9990443936663419,0.9998761024109648,0.011829702876275362,1.0056811423656393,0.002018850516324247,-0.9999827888593021,0.999947560583655
550.0,3,666.817798177111,149,0.6208333333333333,0.9999890359748645,0.003325399758017166,0.9995659066000171,0.9998779359318676,0.011901807265562293,1.0062792906295774,0.0019906395078778606,-0.9999823124489958,0.9999468663528702
550.0,3,666.817798177111,150,0.625,0.9999891281340498,0.0033000067490617127,1.0001906948266799,0.9998798933982697,0.011863990730943318,1.0064472817691898,0.001982446392406145,-0.9999818698572139,0.999947156335585
550.0,3,666.817798177111,151,0.6291666666666667,0.9999892757338489,0.0032958552937899497,1.000526251463942,0.9998816513618533,0.01175726809123988,1.0063266555251391,0.0019874712249342355,-0.9999816211257266,0.9999477966932723
550.0,3,666.817798177111,152,0.6333333333333333,0.9999894644540267,0.0032603625898027498,1.0004346499435597,0.9998834416714122,0.011675630685945645,1.006307039641211,0.001973567853981804,-0.9999818782881132,0.9999484113294683
550.0,3,666.817798177111,153,0.6375,0.9999896009597619,0.003227103784342226,0.9998258959193805,0.9998852330132145,0.011563108842566434,1.006173810847002,0.0019610263982010085,-0.9999825951907727,0.999948997612117
550.0,3,666.817798177111,154,0.6416666666666667,0.9999896245976988,0.003260666116293561,0.9992839549572126,0.9998868594135311,0.011546880428158466,1.0063751523967632,0.0019893052233982966,-0.9999831943725656,0.99994919612215
550.0,3,666.817798177111,155,0.6458333333333334,0.9999896183651822,0.003262339559763945,0.9992774508792134,0.9998886613289681,0.01163056275088819,1.0069427267818922,0.001998344616941933,-0.9999833820630171,0.9999486617170087
550.0,3,666.817798177111,156,0.65,0.9999896632621527,0.0032237581105239808,0.999665753350163,0.9998906516913435,0.011563934855864367,1.0070071924438475,0.0019826834036847664,-0.9999831178148747,0.9999490493740708
550.0,3,666.817798177111,157,0.6541666666666667,0.9999897609860415,0.0032074914731565905,1.0003130604795951,0.9998925591917243,0.01143261635176011,1.0068448826152956,0.001981175854040495,-0.9999828076576719,0.999949551414551
550.0,3,666.817798177111,158,0.6583333333333333,0.9999899193434414,0.00321718253177103,1.000734585224588,0.9998944257246266,0.011338009233024731,1.0068022705393012,0.001996087231673981,-0.9999825249334332,0.999950034935969
550.0,3,666.817798177111,159,0.6625,0.9999900755882323,0.003155133603653086,1.0002468364245045,0.9998962194829676,0.011247030801178295,1.0067633881442777,0.0019658669619066157,-0.9999831716788902,0.9999504894255967
550.0,3,666.817798177111,160,0.6666666666666666,0.9999901441081788,0.0031738628709120573,0.9993406480856103,0.9998979609170441,0.01112080723673341,1.0065998090159525,0.0019862690803397337,-0.9999838150196362,0.9999509260474354
550.0,3,666.817798177111,161,0.6708333333333333,0.999990129535994,0.0032461597304727263,0.9988455945946605,0.9998996287157997,0.011044271727363757,1.006595422436489,0.002040876786528441,-0.999984387398671,0.9999513256007196
550.0,3,666.817798177111,162,0.675,0.9999901188753544,0.003186831737092375,0.9992589587780586,0.9999014662922013,0.011119437247239001,1.0071119437181484,0.0020122587992004296,-0.9999841522521016,0.9999509200385637
550.0,3,666.817798177111,163,0.6791666666666667,0.9999901692459052,0.0031360652752210707,0.9999088849275704,0.9999034367932071,0.011099782505347131,1.0073267278075553,0.0019890856307245813,-0.999983940879308,0.9999509414195703
550.0,3,666.817798177111,164,0.6833333333333333,0.999990265684997,0.003127033043701025,1.0002967630292783,0.9999052128528744,0.010959916372493576,1.0071437602118583,0.001992728611699723,-0.9999837850386971,0.999951294284955
550.0,3,666.817798177111,165,0.6875,0.9999904029482354,0.0031044500418781883,1.0002848516878555,0.999906947829365,0.010854243377314703,1.007062613460595,0.0019876131479651944,-0.9999839718050094,0.9999516221637647
550.0,3,666.817798177111,166,0.6916666666666667,0.9999905059482918,0.0030867162923197194,0.999740164247933,0.9999086773575384,0.010716482548214012,1.00688258040794,0.001985515136269708,-0.9999843372218693,0.9999519319924303
550.0,3,666.817798177111,167,0.6958333333333333,0.9999905034601824,0.003143192431054919,0.9991250286805946,0.999910241112297,0.010656196418587095,1.0069228736368556,0.0020313726539850085,-0.9999847439617277,0.9999521375804116
550.0,3,666.817798177111,168,0.7,0.9999904545056041,0.0031650272286396115,0.9990289701828845,0.999911853529422,0.010752102853496764,1.0074389146751765,0.0020551230297350138,-0.9999848754610512,0.9999518881365165
550.0,3,666.817798177111,169,0.7041666666666667,0.9999904410905162,0.0031251171445973937,0.9993560805501412,0.9999136274065334,0.01070759355614674,1.0075494013452728,0.002038641700731133,-0.9999848369486496,0.9999519785579218
550.0,3,666.817798177111,170,0.7083333333333334,0.9999904760848525,0.003086169397774079,0.9999675533561756,0.999915322605197,0.010550161344724326,1.0073248269295123,0.0020229046504518142,-0.9999847376375319,0.9999522031307255
550.0,3,666.817798177111,171,0.7125,0.9999905619003024,0.0030913103153593882,1.0004861240755627,0.999916954157101,0.01043385363819581,1.0072122822313814,0.002036413317976074,-0.9999846735634399,0.9999524081048082
550.0,3,666.817798177111,172,0.7166666666666667,0.9999906602906625,0.003057803690272156,1.0001446076087777,0.999918506783204,0.010330752807565053,1.0071293522042197,0.0020238183738298964,-0.999984915543483,0.999952592720972
550.0,3,666.817798177111,173,0.7208333333333333,0.9999906835374125,0.0030985321544207862,0.999246040852655,0.9999199942156727,0.010192526190451535,1.006935406887272,0.002060472686786136,-0.9999852180349258,0.9999527631165319
550.0,3,666.817798177111,174,0.725,0.9999906287932064,0.0032136147577081675,0.9986181160389901,0.9999213977368262,0.01007944065379169,1.0068046559535138,0.0021475759682216306,-0.9999854706248613,0.9999529154258938
550.0,3,666.817798177111,175,0.7291666666666666,0.9999905561408855,0.0031710655896965275,0.9988944434634872,0.999922869229686,0.010147820345281652,1.007216188606665,0.0021289678930157038,-0.9999854773132695,0.9999528217373215
550.0,3,666.817798177111,176,0.7333333333333333,0.999990537799044,0.0030921434992366215,0.9995547870883051,0.9999244708653023,0.010165942712749204,1.0074871121397904,0.0020856147819228498,-0.999985457949058,0.9999527716984279
550.0,3,666.817798177111,177,0.7375,0.9999905600619775,0.0030724536748263282,0.9999918071369645,0.9999259219360893,0.010016573615456641,1.007272864092459,0.0020824251369424627,-0.999985465196389,0.9999528558849755
550.0,3,666.817798177111,178,0.7416666666666667,0.9999906226960491,0.003062484199970687,1.0000548747883558,0.9999272948861517,0.00989691387468085,1.0071311004589194,0.002085642102423626,-0.9999855619799365,0.9999529168233054
550.0,3,666.817798177111,179,0.7458333333333333,0.999990668734187,0.003068488325131684,0.9995893397001728,0.9999286637466985,0.00975535718543119,1.006927932172997,0.0020996266967899416,-0.9999856687381398,0.9999529642720146
550.0,3,666.817798177111,180,0.75,0.9999906241352563,0.0031557702914885677,0.9989207428860531,0.9999298997422438,0.009658482201119407,1.0068332473110513,0.0021695302045637824,-0.9999857790480765,0.9999529982479097
550.0,3,666.817798177111,181,0.7541666666666667,0.9999905229809971,0.003207269132177337,0.998728359220666,0.9999311106270333,0.009755675051307058,1.007277033869306,0.0022152442954737443,-0.9999858300514919,0.9999530159515071
550.0,3,666.817798177111,182,0.7583333333333333,0.9999904444636812,0.003172645940857001,0.9989904099456227,0.9999324566690964,0.009752677895055227,1.0074537975641915,0.002201335320220018,-0.9999858929292373,0.9999530053612966
550.0,3,666.817798177111,183,0.7625,0.9999904111470151,0.00311237177930592,0.9995573654412422,0.9999337522149054,0.009589618394972865,1.0071972830151235,0.0021694839790311923,-0.9999859690275867,0.9999529684887306
550.0,3,666.817798177111,184,0.7666666666666667,0.9999904213671501,0.0030966539285023414,1.000145837961327,0.9999349817766903,0.00946183482286719,1.0070260229255839,0.002168945181303329,-0.9999860870867733,0.9999529082962756
550.0,3,666.817798177111,185,0.7708333333333334,0.9999904572716353,0.0030892296197653057,0.9999650353502474,0.9999361447598746,0.009357634486731672,1.0069102846825038,0.002173573406817138,-0.9999861118032857,0.9999528327658751
550.0,3,666.817798177111,186,0.775,0.9999904332836594,0.0031579877604474772,0.9990991021325908,0.9999372459354929,0.009224073877388498,1.006705388125055,0.002231759936130289,-0.9999860655290318,0.9999527437717184
550.0,3,666.817798177111,187,0.7791666666666667,0.9999903390016679,0.0033172375795946347,0.9983623906670306,0.9999382763395834,0.009089158501619473,1.0064848039114045,0.0023551986504852388,-0.9999859595754758,0.9999526336699578
550.0,3,666.817798177111,188,0.7833333333333333,0.9999902131585658,0.0033078976891073603,0.9984810507585684,0.999939317680836,0.009138679944997542,1.0067808406485361,0.0023587928570780927,-0.9999860186815005,0.9999526861341916
550.0,3,666.817798177111,189,0.7875,0.999990133775003,0.00320021410999378,0.9991341774062868,0.9999404785204671,0.009199716361117214,1.007112532816281,0.0022916328846346464,-0.9999861628391699,0.9999527465616191
550.0,3,666.817798177111,190,0.7916666666666666,0.9999900927792903,0.003159120962637735,0.9996184309089535,0.9999415436668506,0.009062915799904573,1.0069058815907597,0.0022722406916297466,-0.9999863412338016,0.9999525670360051
550.0,3,666.817798177111,191,0.7958333333333333,0.9999900918140705,0.003152576413886948,0.9997528366201892,0.999942518701023,0.008935565307862,1.0067104234547124,0.00227745316553213,-0.9999863885475005,0.9999523676943887
550.0,3,666.817798177111,192,0.8,0.9999900895790211,0.0031787222976272993,0.9993775279041679,0.9999434925729354,0.008804769981532639,1.0065045970738677,0.002306117050429892,-0.9999863161647761,0.9999521541661057
550.0,3,666.817798177111,193,0.8041666666666667,0.9999900136130568,0.003294946663721932,0.9986815550184736,0.999944373867498,0.008684370613249058,1.006311669231194,0.0024004792950315856,-0.9999860574683568,0.9999519220514972
550.0,3,666.817798177111,194,0.8083333333333333,0.9999898750260025,0.0033802165007524566,0.9983882880062905,0.9999451954277372,0.008767425535379451,1.006665124073585,0.00247279396511044,-0.9999859680451674,0.9999521178302323
550.0,3,666.817798177111,195,0.8125,0.9999897483684674,0.003355412845458518,0.9985817287122069,0.999946126042531,0.008811614822843266,1.006919093565366,0.002464485174805355,-0.9999860200174847,0.999952188206472
550.0,3,666.817798177111,196,0.8166666666666667,0.9999896645365396,0.0032772675628262343,0.9991003787460059,0.9999470397242073,0.008661611531322746,1.0066651270406206,0.002416656801543888,-0.9999862568991931,0.999951888824633
550.0,3,666.817798177111,197,0.8208333333333333,0.9999896196573684,0.003227429200152205,0.9997318681522587,0.9999478933481608,0.008529172827089496,1.0064458812339552,0.002389855369474308,-0.9999865333728492,0.9999515640314284
550.0,3,666.817798177111,198,0.825,0.9999896101710102,0.0032295016914516824,0.9997177187526406,0.9999486965383468,0.008430301490233102,1.0063075532050634,0.00240084484722292,-0.9999865110313048,0.9999512237522258
550.0,3,666.817798177111,199,0.8291666666666667,0.9999895569715482,0.0033222505354044054,0.9989103403154349,0.9999494464397,0.008311207054507086,1.0061052395034409,0.0024789322865848935,-0.9999860997026796,0.9999508672030628
550.0,3,666.817798177111,200,0.8333333333333334,0.999989439625549,0.003519630607091979,0.9980900484506587,0.9999501432059243,0.008170034880810218,1.005829629171773,0.0026365164246295596,-0.999985609073692,0.999950484955084
550.0,3,666.817798177111,201,0.8375,0.9999892822704025,0.003555618817185522,0.9980399248418097,0.9999508225188634,0.008191946387520525,1.006006565711266,0.002673309260329052,-0.9999855183009654,0.9999505038986846
550.0,3,666.817798177111,202,0.8416666666666667,0.9999891627033473,0.0034250259332838503,0.9986640937021942,0.999951604841903,0.008287642350088434,1.0063907633214744,0.0025839790595061523,-0.9999858164169683,0.9999508638419751
550.0,3,666.817798177111,203,0.8458333333333333,0.9999890815426173,0.0033531778777724465,0.9991936677895182,0.9999523409751038,0.008181112326626055,1.0062278233663622,0.0025389661725931873,-0.9999861580301602,0.9999504129163624
550.0,3,666.817798177111,204,0.85,0.999989039802042,0.003338076230130612,0.9993959359004139,0.9999529871055214,0.008051881255595136,1.0059879485988499,0.0025366336107128288,-0.9999862369624261,0.9999499431329533
550.0,3,666.817798177111,205,0.8541666666666666,0.999989009119467,0.003373645503980002,0.9991165263925526,0.9999536318818324,0.007939436858759061,1.0057903542817537,0.0025725136646125076,-0.9999860658721544,0.9999494557225189
550.0,3,666.817798177111,206,0.8583333333333333,0.9999889206522918,0.0035111496661649924,0.9984208435463635,0.9999542186446277,0.00781087491065875,1.005534188772016,0.002686395192789431,-0.9999854150478774,0.99994894111618
550.0,3,666.817798177111,207,0.8625,0.9999887651175865,0.0036310995936956946,0.9980270933449605,0.9999547324484976,0.007867357325710622,1.005783591124681,0.002787330384484048,-0.9999850715230927,0.9999491366503556
550.0,3,666.817798177111,208,0.8666666666666667,0.999988611357014,0.0036203437666031853,0.9981479275577013,0.999955329249909,0.007951912105157822,1.0061117566058206,0.002787859288484594,-0.9999850057923435,0.9999494773691195
550.0,3,666.817798177111,209,0.8708333333333333,0.9999884981660241,0.003529936814196699,0.9986163053607112,0.9999559387776921,0.007830685027386243,1.0058925659204547,0.002726576947727321,-0.9999854101751524,0.9999489017938958
550.0,3,666.817798177111,210,0.875,0.999988421775762,0.0034420792847094147,0.9992658463830907,0.9999564959685991,0.007699755464889837,1.0056341927168806,0.002667359662071675,-0.9999858445177218,0.9999482998941216
550.0,3,666.817798177111,211,0.8791666666666667,0.9999883865837588,0.003432892512879895,0.9994147880478418,0.9999570155760729,0.0076100474838768336,1.0054792452895247,0.002668511051725615,-0.9999859544711854,0.999947677691468
550.0,3,666.817798177111,212,0.8833333333333333,0.9999883237176834,0.0035401742498442673,0.9986919925472904,0.9999574899896974,0.0075102485805719245,1.0052854605373471,0.0027595071120517555,-0.9999851533992651,0.999947029065997
550.0,3,666.817798177111,213,0.8875,0.9999882000847746,0.003767669378374223,0.9978135810723955,0.9999579251262058,0.007377967360412645,1.0049843372296052,0.0029454930501409625,-0.9999842605429128,0.9999463543779981
550.0,3,666.817798177111,214,0.8916666666666667,0.9999880301063958,0.003856755304947669,0.9975926286674077,0.9999583299634979,0.00737055752157236,1.0050437290716248,0.0030236044236861743,-0.999983808801086,0.9999461441505906
550.0,3,666.817798177111,215,0.8958333333333334,0.9999878877321446,0.003715480129227574,0.9981618286766216,0.9999588182861601,0.007483101299855997,1.005458349814148,0.002920029626697088,-0.9999842793556267,0.9999468438716236
550.0,3,666.817798177111,216,0.9,0.9999877856698591,0.0036078282794322013,0.9987342275790825,0.9999593001912552,0.007419047369551459,1.0053703394126383,0.002842845557616557,-0.9999847918359109,0.99994627901454
550.0,3,666.817798177111,217,0.9041666666666667,0.9999877219375276,0.0035746017491308487,0.999000778057755,0.9999596968933772,0.007295633708849766,1.0050970041020884,0.0028240735779023504,-0.9999850019661303,0.9999455198312249
550.0,3,666.817798177111,218,0.9083333333333333,0.999987678887826,0.0036085482107435737,0.9988170473732239,0.9999600882363133,0.007204020850544908,1.0049082806096246,0.002857920213103289,-0.9999847893665916,0.9999447349853253
550.0,3,666.817798177111,219,0.9125,0.9999875918660416,0.003758154597558833,0.9981493561893501,0.9999604470938277,0.007083417741150678,1.0046198501608021,0.002983453579199732,-0.9999837688990711,0.9999439125940767
550.0,3,666.817798177111,220,0.9166666666666666,0.9999874335016137,0.003912560407924832,0.9976610857252157,0.9999607301889829,0.007108615451589139,1.0047574690682766,0.0031131304953569815,-0.9999830583046125,0.999943910899042
550.0,3,666.817798177111,221,0.9208333333333333,0.9999872657417723,0.00392104126188553,0.9977046627885175,0.9999610705834249,0.007217087155114012,1.0051430118676512,0.0031266022928430667,-0.9999827658151028,0.9999447305345346
550.0,3,666.817798177111,222,0.925,0.9999871356867819,0.0038254076444011968,0.9981205688359077,0.9999614473271923,0.007136134587942114,1.0049867970933053,0.003056499133575871,-0.9999833612763307,0.9999438633986019
550.0,3,666.817798177111,223,0.9291666666666667,0.9999870423442877,0.0037038472715048075,0.9987671972005991,0.9999617794855046,0.007014732179271704,1.0046985346820951,0.002965781689212067,-0.9999839759789182,0.9999429675743696
550.0,3,666.817798177111,224,0.9333333333333333,0.9999869928899638,0.003666560579714817,0.9990660250760948,0.9999620818499545,0.006937436477939263,1.0045291523598099,0.0029421408542039417,-0.9999844253572027,0.9999420435906686
550.0,3,666.817798177111,225,0.9375,0.9999869306637809,0.0037771477487267414,0.9984536015201704,0.9999623449772751,0.006859763467371389,1.0043457178869117,0.003036081389782612,-0.999983233359755,0.9999410776768739
550.0,3,666.817798177111,226,0.9416666666666667,0.9999868088644135,0.004027175464595469,0.9975425147876524,0.999962577437447,0.006749427686946361,1.0040411500865078,0.0032429869057617557,-0.9999819292016034,0.999940083151595
550.0,3,666.817798177111,227,0.9458333333333333,0.9999866344633819,0.004173278288560593,0.9971577219889071,0.9999627744213536,0.006719831010068635,1.0039906284203353,0.003366679132465531,-0.9999808920196201,0.9999394182828883
550.0,3,666.817798177111,228,0.95,0.9999864747741578,0.00403815168339663,0.9976441834298733,0.9999630343725254,0.006828725816705457,1.0044065666547999,0.0032622286174618723,-0.9999815639024113,0.9999404451456737
550.0,3,666.817798177111,229,0.9541666666666667,0.9999863584849844,0.003894709152897461,0.998253803775163,0.999963318516581,0.0068105501595969245,1.0044148375561623,0.0031510245893996173,-0.9999822708489262,0.9999400068750594
550.0,3,666.817798177111,230,0.9583333333333334,0.9999862795538,0.0038377780646169147,0.9985810717517188,0.999963524232399,0.006703345760781334,1.0041217288848123,0.003109787357726083,-0.9999827344471722,0.9999389463135727
550.0,3,666.817798177111,231,0.9625,0.9999862287471374,0.0038619843154917744,0.9984887365311657,0.9999637171864357,0.006632932591462387,1.0039353971927538,0.003133736500894069,-0.9999824370068312,0.9999378430245431
550.0,3,666.817798177111,232,0.9666666666666667,0.9999861456409309,0.004014650204100285,0.9978747780862917,0.9999638949702244,0.006535114397864138,1.0036406074344326,0.003261759437262129,-0.9999812239410716,0.9999366968244097
550.0,3,666.817798177111,233,0.9708333333333333,0.9999859862810458,0.004202259740956789,0.9973035197822332,0.9999639990823939,0.006534175077303607,1.0036658844993,0.0034182399975793117,-0.9999800471775644,0.999936274277414
550.0,3,666.817798177111,234,0.975,0.9999858040638463,0.004236402542343755,0.9972646839851264,0.9999641349948011,0.006645007121414482,1.0040805181291654,0.0034496872191532267,-0.9999796028129824,0.9999374425638135
550.0,3,666.817798177111,235,0.9791666666666666,0.9999856551190754,0.004143711723656685,0.9976256345540806,0.9999643255663094,0.0066097159016171095,1.0040115858795435,0.0033772595256623753,-0.9999802310676695,0.9999366256527231
550.0,3,666.817798177111,236,0.9833333333333333,0.9999855445857088,0.003998098855483057,0.9982525835600218,0.99996447949371,0.006508163673836161,1.0037044030228555,0.0032618457134612516,-0.9999810527023351,0.9999354397909131
550.0,3,666.817798177111,237,0.9875,0.9999854788675228,0.003923660340143139,0.9986787606644835,0.9999646065592541,0.006447286103553564,1.0035202412077386,0.003204450600538656,-0.999981897314572,0.9999342114275069
550.0,3,666.817798177111,238,0.9916666666666667,0.9999854138319569,0.004025566967997988,0.998202147503914,0.9999646982422188,0.006393963729520714,1.0033466164548392,0.0032897474600171095,-0.9999805243413852,0.9999329255949012
550.0,3,666.817798177111,239,0.9958333333333333,0.9999852885104428,0.004290729317161861,0.9972837932560616,0.999964762954383,0.006315549045999435,1.003054013294284,0.0035087295727246823,-0.9999788479831335,0.9999316043985053
550.0,4,667.317798177111,0,0.0,0.9999900682633478,0.0046689582302881,1.0048837797265104,0.9999528194320714,0.006872205728671995,0.9996946097372559,0.0035539192170406446,-0.9999687656767897,0.9998949416522944
550.0,4,667.317798177111,1,0.004166666666666667,0.9999901699363072,0.00438723552205386,1.0043494634498935,0.9999521438087918,0.0069257398445256475,0.9995317370719461,0.0033275382659872653,-0.9999679841176172,0.999894006592225
550.0,4,667.317798177111,2,0.008333333333333333,0.9999902078608491,0.003954382363054681,1.0034249412315592,0.9999514243692186,0.006989971693044818,0.9992465103696332,0.002988753313532205,-0.9999670127687714,0.9998930012002065
550.0,4,667.317798177111,3,0.0125,0.9999901845124658,0.0037593783997875428,1.0029428575307457,0.9999506496062817,0.007050482414591614,0.9991530969050594,0.0028315590629713655,-0.9999659738927493,0.9998920773611807
550.0,4,667.317798177111,4,0.016666666666666666,0.9999901618415321,0.003936052414793506,1.0033685263448286,0.9999499425749373,0.007081463154866906,0.9995765336755661,0.0029532359378264196,-0.9999662888703482,0.9998929721473127
550.0,4,667.317798177111,5,0.020833333333333332,0.9999901822342941,0.004217587775039669,1.004000577209369,0.9999492823532644,0.0071254652493555545,0.9996695669163892,0.003152498921607662,-0.999966761447576,0.9998931210843472
550.0,4,667.317798177111,6,0.025,0.9999902377169457,0.004388342457730949,1.0043673606176875,0.9999485080525854,0.007188557351742623,0.9993945120894695,0.0032681132742904268,-0.9999672912648429,0.999892774693757
550.0,4,667.317798177111,7,0.029166666666666667,0.9999903220918098,0.004361130394538527,1.0043317881268885,0.99994770086621,0.007252366080792134,0.9992286816229519,0.0032354946199195252,-0.9999675876046431,0.9998923147707582
550.0,4,667.317798177111,8,0.03333333333333333,0.9999903758168729,0.004082777568812226,1.0037607183543438,0.999946873511129,0.00732556227801583,0.9989638090856552,0.003017173608807003,-0.999967395567409,0.9998917643865624
550.0,4,667.317798177111,9,0.0375,0.9999903444182902,0.0038188064842223472,1.0031442860702082,0.9999459324860974,0.007390460084908899,0.9989503927292327,0.0028109285776380193,-0.9999669805356163,0.9998913027382762
550.0,4,667.317798177111,10,0.041666666666666664,0.9999902763715771,0.0037896595977580704,1.0030502803557424,0.9999450137968857,0.007427694310488787,0.9993928133126004,0.0027781968113191327,-0.9999665905276458,0.9998913092680611
550.0,4,667.317798177111,11,0.04583333333333333,0.9999902358787364,0.003931842527406739,1.0033807119929827,0.999944181633035,0.00748268156151678,0.9994133740053504,0.002870376030252862,-0.9999665730290953,0.999891458303381
550.0,4,667.317798177111,12,0.05,0.9999902338279544,0.004210284964594408,1.0039980733073692,0.9999432884716875,0.00755557973704133,0.9991340285295299,0.003061086249456562,-0.9999667528423699,0.9998916141202745
550.0,4,667.317798177111,13,0.05416666666666667,0.9999902754459036,0.004447159604039623,1.0044940073323354,0.9999423455095947,0.007627672219965673,0.9989739560439348,0.00322047262961808,-0.9999671196231986,0.9998916755479543
550.0,4,667.317798177111,14,0.058333333333333334,0.9999903235323013,0.004254524819072031,1.004113227151042,0.999941338370402,0.007702989245993031,0.9988392494905791,0.0030676274396839987,-0.999967454061867,0.9998916261338755
550.0,4,667.317798177111,15,0.0625,0.9999903053335593,0.003847396405080733,1.0032013185344024,0.9999402754848171,0.007792086120718859,0.9985923391335438,0.002762053480416593,-0.9999676537632575,0.9998915051391762
550.0,4,667.317798177111,16,0.06666666666666667,0.9999902173003234,0.003622740127728223,1.0025885285450025,0.999939139861597,0.00787936928161969,0.9984363610565575,0.002589897787274021,-0.9999676346276614,0.999891299476738
550.0,4,667.317798177111,17,0.07083333333333333,0.999990114732583,0.003748524164198324,1.0028907674137584,0.9999380565816682,0.007913705958316246,0.9988316096363085,0.0026676508428291894,-0.9999672861127405,0.9998912830554774
550.0,4,667.317798177111,18,0.075,0.9999900599299864,0.0040256790671198955,1.0035463630484593,0.9999370669223541,0.007961294832671538,0.9990526450338066,0.0028518501654500416,-0.9999670129413045,0.9998915413822203
550.0,4,667.317798177111,19,0.07916666666666666,0.9999900424748885,0.0042209985137484935,1.0039725723604491,0.9999359463500738,0.00804745697641588,0.9988107836258977,0.0029771722185626313,-0.9999668851893745,0.9998921235703169
550.0,4,667.317798177111,20,0.08333333333333333,0.9999900632692941,0.004242804246760218,1.0040242408116125,0.999934761655939,0.008132797074793238,0.9986562075531524,0.002979214812724754,-0.9999673971535673,0.9998925766851542
550.0,4,667.317798177111,21,0.0875,0.999990065895177,0.004022760754702824,1.003541392135746,0.999933567378441,0.008225508436444649,0.9984350519958062,0.002811874921515107,-0.9999680184716085,0.9998929580413136
550.0,4,667.317798177111,22,0.09166666666666666,0.9999899785426571,0.003761424306120515,1.0028770774433453,0.9999322415423809,0.008313806078603816,0.998351507140718,0.0026171732757483625,-0.999968683186736,0.9998932160326082
550.0,4,667.317798177111,23,0.09583333333333334,0.9999898370832699,0.003713549127806149,1.0026971706004266,0.9999309000286453,0.008356053427603297,0.9987976374070326,0.002571918460023181,-0.9999685223199672,0.9998923320438057
550.0,4,667.317798177111,24,0.1,0.9999897192610457,0.0038317292284883895,1.0029713811629053,0.9999296902635411,0.008417862732441552,0.9989510596976068,0.0026412008788129922,-0.9999681064810693,0.9998925845246314
550.0,4,667.317798177111,25,0.10416666666666667,0.9999896463777102,0.004080746041691881,1.0035556624910016,0.9999284238965276,0.008509841626712995,0.9987036425936825,0.0027997140355914625,-0.9999675350611636,0.9998936246507575
550.0,4,667.317798177111,26,0.10833333333333334,0.9999896195664534,0.004348486053885381,1.0041386852458565,0.999927093220819,0.00859961921424635,0.998554153935001,0.002970091399972963,-0.9999671863021964,0.9998945522833537
550.0,4,667.317798177111,27,0.1125,0.9999896200001711,0.004249988111317659,1.003927521155261,0.9999256905929966,0.008689266562673433,0.9984558544230664,0.002889044768924514,-0.9999679864078375,0.9998953931165583
550.0,4,667.317798177111,28,0.11666666666666667,0.999989555597882,0.003885083016455425,1.0030540917544377,0.999924219138271,0.008791378929931584,0.9982650748084319,0.002628252038210988,-0.9999692917368471,0.9998961630601745
550.0,4,667.317798177111,29,0.12083333333333333,0.9999894119535865,0.003648614343744699,1.0023369823720825,0.9999226628437715,0.008898414381184293,0.9980810272110522,0.00245698851599458,-0.9999703144823713,0.9998968280119257
550.0,4,667.317798177111,30,0.125,0.9999892382433728,0.0037236532216325417,1.0024946433804416,0.9999211385656839,0.008949371135383764,0.9984328494285823,0.0024953525716044232,-0.9999698650808672,0.9998963860697481
550.0,4,667.317798177111,31,0.12916666666666668,0.9999891185788612,0.0039813731828014925,1.0031577473095523,0.9999197740188173,0.008997994933851361,0.9987858374441949,0.002654916745601318,-0.9999689247960043,0.9998961204778077
550.0,4,667.317798177111,32,0.13333333333333333,0.9999890415826719,0.004190889868168419,1.0036412382189794,0.9999182804025953,0.009092955739664139,0.9986136435389559,0.0027815753566538194,-0.9999681426054855,0.9998974430723181
550.0,4,667.317798177111,33,0.1375,0.9999890140566752,0.004252568806943891,1.0037750029042132,0.9999166816974872,0.009191484848234312,0.9984746067595786,0.002809270011915607,-0.9999685000393831,0.9998986645574637
550.0,4,667.317798177111,34,0.14166666666666666,0.9999889851084343,0.0040922862267677995,1.003391593029114,0.999915092389879,0.009291123514620555,0.9983176779525813,0.0026905436068675745,-0.999969463400997,0.9998998160995752
550.0,4,667.317798177111,35,0.14583333333333334,0.9999888661894003,0.003844876305173999,1.0027052502532714,0.9999133694634943,0.00939442824612302,0.9981989101077933,0.002515884705402292,-0.9999710404424546,0.9999008838653419
550.0,4,667.317798177111,36,0.15,0.9999886744097376,0.0037796297491835,1.002436088675102,0.9999115851064947,0.009452698861721402,0.9986307514325496,0.002461465608547503,-0.9999712650373964,0.9998996995144079
550.0,4,667.317798177111,37,0.15416666666666667,0.9999885018352169,0.003873472805080612,1.0026514050475315,0.9999099938055359,0.009517312502985063,0.9989299705631901,0.0025104654501726113,-0.9999708335773605,0.999899490422533
550.0,4,667.317798177111,38,0.15833333333333333,0.9999883845329758,0.004087837331546849,1.0031972871143764,0.9999083794403238,0.009612783627174954,0.9987476911553848,0.0026368241277397045,-0.9999697200427416,0.9999011015639776
550.0,4,667.317798177111,39,0.1625,0.9999883173914436,0.0043616984849654495,1.0038393053437966,0.9999066904048051,0.009708914974841944,0.9986199936191326,0.0028009228345009336,-0.9999687993255694,0.9999026029174062
550.0,4,667.317798177111,40,0.16666666666666666,0.9999883007873394,0.004348047284053359,1.0038036428551005,0.9999049364075473,0.00980244666604978,0.9985696145659744,0.0027792621003466947,-0.9999693386116776,0.9999040361739003
550.0,4,667.317798177111,41,0.17083333333333334,0.9999882294949629,0.004029533046399607,1.0029933507892514,0.9999031096056233,0.009904090241583226,0.998451537771175,0.0025634309510300626,-0.9999713460386563,0.9999054024638251
550.0,4,667.317798177111,42,0.175,0.9999880701695066,0.003786654171702782,1.0021973835622682,0.9999012034735985,0.01001417607202295,0.9982767576488885,0.002398259040370667,-0.9999730208410572,0.999906653408489
550.0,4,667.317798177111,43,0.17916666666666667,0.9999878653233844,0.003813711232197725,1.002197747857306,0.9998993123803256,0.010084352120821255,0.9985821050240182,0.0024043506719227843,-0.9999730096516773,0.9999064278669632
550.0,4,667.317798177111,44,0.18333333333333332,0.9999877210972862,0.004039875660186065,1.002847197318126,0.9998976716888229,0.010137426990424693,0.9990632518397301,0.0025349917910420005,-0.9999717026893138,0.9999053440260011
550.0,4,667.317798177111,45,0.1875,0.999987628945229,0.004252088741476598,1.0033848581402156,0.9998959485941241,0.010225102635038329,0.9989991317420613,0.002656482555052249,-0.9999705388224217,0.9999070266946226
550.0,4,667.317798177111,46,0.19166666666666668,0.9999875979643642,0.004340412617086218,1.0035945532194732,0.9998940807422133,0.010321814488289786,0.9988864726814636,0.002700021383299598,-0.9999704984780421,0.9999086356175536
550.0,4,667.317798177111,47,0.19583333333333333,0.9999875868226733,0.004229374840580781,1.003314416093057,0.9998922575404409,0.010414048263713607,0.9988090566001611,0.0026196173844285947,-0.9999713531460384,0.9999101807155752
550.0,4,667.317798177111,48,0.2,0.9999874936667641,0.003995023052426491,1.0026317374180824,0.999890334680722,0.01051285996630779,0.9986931851228381,0.002463952849170701,-0.9999733408452538,0.9999116339041305
550.0,4,667.317798177111,49,0.20416666666666666,0.9999873102533184,0.00390705966065423,1.0022721177144893,0.9998883111267182,0.010587491612329202,0.9990991282036117,0.00239963203096172,-0.9999740256102341,0.9999108522541225
550.0,4,667.317798177111,50,0.20833333333333334,0.9999871394704197,0.003973877339814848,1.0024241797041418,0.9998865569321285,0.010655786122578838,0.9995468441040488,0.0024304982960905892,-0.9999738402012942,0.9999099883917207
550.0,4,667.317798177111,51,0.2125,0.9999870359200225,0.004151713623300659,1.0029275341886703,0.9998848661061449,0.010736745164579092,0.9994638240199666,0.002528862508398172,-0.9999725404440174,0.9999117529356867
550.0,4,667.317798177111,52,0.21666666666666667,0.999986989066795,0.004412273411579475,1.0036001657444076,0.9998831082749329,0.010820883797771455,0.9993680218186922,0.0026774978013960125,-0.9999713454804378,0.9999134383207405
550.0,4,667.317798177111,53,0.22083333333333333,0.9999870132625656,0.004464712039996441,1.0037344338157066,0.999881321098207,0.010902988003784253,0.9993736677880756,0.0026991645534379647,-0.9999712538608476,0.9999150641088973
550.0,4,667.317798177111,54,0.225,0.9999870037821498,0.004184479249422353,1.0030090895579966,0.9998794811304084,0.010988122186048395,0.9993369158793634,0.002519878258791371,-0.9999734378596703,0.9999166187527947
550.0,4,667.317798177111,55,0.22916666666666666,0.9999869008619321,0.0039269078100546825,1.002157086164675,0.9998775979710842,0.01107788963235421,0.9992032620387522,0.0023564272972933986,-0.9999753433576131,0.9999180859288748
550.0,4,667.317798177111,56,0.23333333333333334,0.9999867380552434,0.003904693119410984,1.0019943279723986,0.99987572924156,0.011154147786381973,0.9994629806835615,0.0023348723276125963,-0.9999759337317599,0.9999183746202195
550.0,4,667.317798177111,57,0.2375,0.9999866375991726,0.004091443637317838,1.0026024437274939,0.9998742152842279,0.011215439216282973,1.0000521782380312,0.002437628210722531,-0.9999745982197268,0.999916847778916
550.0,4,667.317798177111,58,0.24166666666666667,0.9999866016748825,0.004297173129864143,1.003188612094943,0.9998727341617067,0.011281568508117122,1.0001261088789555,0.002551785384290577,-0.9999733614016905,0.999918285730038
550.0,4,667.317798177111,59,0.24583333333333332,0.9999866345431392,0.004398926960849226,1.0034658219981856,0.9998710864482556,0.011354060307267365,1.0000476217748482,0.002604147755684371,-0.9999729369000575,0.9999199093719678
550.0,4,667.317798177111,60,0.25,0.9999867087837812,0.004320410355123041,1.0032840465694826,0.9998695319700089,0.011422313220338537,1.0000491839294308,0.0025498817672737766,-0.9999734650007259,0.9999214795587386
550.0,4,667.317798177111,61,0.25416666666666665,0.999986717368534,0.00408949789451334,1.002626960063707,0.9998679588349141,0.01149094668634397,0.9999628320639697,0.002406533792602438,-0.9999754464938551,0.9999229615984652
550.0,4,667.317798177111,62,0.25833333333333336,0.9999866233618533,0.003967728820535674,1.0021778082484012,0.9998662679366506,0.011566593815663622,1.0003287982468247,0.002328359250820505,-0.9999764536798839,0.9999227929516197
550.0,4,667.317798177111,63,0.2625,0.9999865304618675,0.004001914750580812,1.0022590154345947,0.99986491252975,0.011640312700989563,1.0009053570787325,0.002342072425643746,-0.9999765755703146,0.9999214310212681
550.0,4,667.317798177111,64,0.26666666666666666,0.9999865117669141,0.004142285710122815,1.0027130494528926,0.9998637592657799,0.011691157716280636,1.00094118167935,0.0024179028711094294,-0.9999753642684296,0.9999230415814405
550.0,4,667.317798177111,65,0.2708333333333333,0.999986555699233,0.004378010024046259,1.0033888565549005,0.9998625697847585,0.011739382739057428,1.0008755340180642,0.002549825658807039,-0.9999741991368845,0.9999245992572363
550.0,4,667.317798177111,66,0.275,0.9999866800415756,0.004477591573592873,1.0036752506188704,0.999861407453567,0.011790794095246847,1.00092815754348,0.0026024533764889566,-0.9999735262576713,0.999926109096305
550.0,4,667.317798177111,67,0.2791666666666667,0.9999867972479657,0.004224654641644414,1.0030526110803146,0.9998602331615152,0.011841837349011574,1.0009620633526926,0.002450014302348125,-0.9999755280613452,0.9999275512357637
550.0,4,667.317798177111,68,0.2833333333333333,0.9999868217716658,0.0039386632547293325,1.0021632970908698,0.9998590713074634,0.011887566166238287,1.0008785557160669,0.0022799736035733313,-0.9999773252161245,0.9999289345710816
550.0,4,667.317798177111,69,0.2875,0.9999867743483997,0.003861314732038841,1.0018369641512839,0.999857934778639,0.011943636744341,1.0010825474157252,0.0022315100594264676,-0.9999783836844253,0.9999296863448786
550.0,4,667.317798177111,70,0.2916666666666667,0.9999867784064482,0.004003138367501854,1.002370744485972,0.9998572201462386,0.012011639339083295,1.0017334602182195,0.0023093377501969947,-0.9999772441851782,0.9999282989990919
550.0,4,667.317798177111,71,0.29583333333333334,0.9999868561142061,0.004196916292311411,1.0029945570213925,0.9998566961945458,0.012049802042836191,1.00194827578766,0.0024176635224959497,-0.9999761536639453,0.9999290420168565
550.0,4,667.317798177111,72,0.3,0.9999870002298223,0.004303522866220386,1.0033283677231022,0.9998560027902823,0.012074232546308421,1.001893955276617,0.002476290835168128,-0.9999755109509479,0.9999304468625444
550.0,4,667.317798177111,73,0.30416666666666664,0.999987198602062,0.004243660304262846,1.003232392554198,0.9998554274123811,0.01210206350801161,1.0019448913751507,0.002439317423735937,-0.9999759454019598,0.9999318009341701
550.0,4,667.317798177111,74,0.30833333333333335,0.9999873511339825,0.004008383211799146,1.002618119348074,0.999854925047592,0.012118338801927583,1.001888281928908,0.0023020369363612363,-0.9999774412959994,0.9999330964965929
550.0,4,667.317798177111,75,0.3125,0.9999873967665616,0.003842666879549215,1.002082013644084,0.9998543025368597,0.012168658557237455,1.002183728753178,0.002205302842497595,-0.9999785794238659,0.9999334304388147
550.0,4,667.317798177111,76,0.31666666666666665,0.9999874255510195,0.00383872758522668,1.0020813029077884,0.9998540110170877,0.012247227981716376,1.0028346313218792,0.0022017897714990114,-0.9999788203686532,0.9999321223512286
550.0,4,667.317798177111,77,0.32083333333333336,0.9999875221624731,0.003941736131929076,1.002476720110522,0.9998540494356623,0.012263063173203624,1.0029819588061235,0.0022598283707635195,-0.9999779657035234,0.9999331701380763
550.0,4,667.317798177111,78,0.325,0.9999876808805489,0.004147659585759166,1.0031302821106658,0.9998540781797399,0.012254695920771962,1.0029219267368967,0.002377685117737638,-0.9999770097871402,0.9999344416642924
550.0,4,667.317798177111,79,0.32916666666666666,0.9999879125894546,0.004281662726751025,1.0035404663728973,0.9998541626076246,0.012258839881374481,1.0029851941256425,0.0024549870986422502,-0.9999760859488612,0.9999356761965256
550.0,4,667.317798177111,80,0.3333333333333333,0.9999881580004395,0.004054267493572795,1.0030361529906928,0.9998542572355862,0.012263136691617443,1.0030517611049907,0.0023247167469782268,-0.999977667349491,0.9999368537557902
550.0,4,667.317798177111,81,0.3375,0.9999883178098922,0.003733230247448082,1.0021258611880384,0.9998543890058368,0.012250897690143179,1.0029958556463872,0.002141414172795164,-0.9999791778925026,0.9999379938975633
550.0,4,667.317798177111,82,0.3416666666666667,0.9999883982478943,0.0035982854329592623,1.0016420313189116,0.9998545351810434,0.01225988182345149,1.0031163105692706,0.002065385103454662,-0.9999804574158503,0.9999389920180713
550.0,4,667.317798177111,83,0.3458333333333333,0.9999885048876005,0.0036915265155307007,1.0020672167604463,0.9998550641611277,0.012327406714884265,1.0037567529743117,0.002120003060548112,-0.9999795993157368,0.999937878756441
550.0,4,667.317798177111,84,0.35,0.9999886829038779,0.0038712755568565543,1.0027128172176034,0.9998558956586924,0.012344840125402793,1.004080646221594,0.0022250326224258136,-0.9999787651967897,0.9999380609043224
550.0,4,667.317798177111,85,0.3541666666666667,0.9999889143947084,0.003981662996401768,1.0030928490306485,0.999856554871216,0.012308438559957051,1.0040214771168647,0.0022911696232285894,-0.9999780885032316,0.9999391529599793
550.0,4,667.317798177111,86,0.35833333333333334,0.9999891986508787,0.003936873987467648,1.0030698931316242,0.9998572850641375,0.012286309629981224,1.0040677338237145,0.002268281418723245,-0.9999784416178309,0.9999402003391222
550.0,4,667.317798177111,87,0.3625,0.9999894538741643,0.003700231730955605,1.002511386866014,0.999858124656462,0.012243255260780175,1.0040138166324692,0.002134937993551913,-0.9999794507611903,0.99994121126135
550.0,4,667.317798177111,88,0.36666666666666664,0.9999896072475652,0.0034909169645692224,1.001895875230066,0.9998588323013067,0.012244701755122928,1.0041959790525332,0.0020173463925924405,-0.9999805505663738,0.999941818909475
550.0,4,667.317798177111,89,0.37083333333333335,0.9999897236134316,0.0034492419751589727,1.0018021231843912,0.9998597602623666,0.012325141976573617,1.0048430743046886,0.001996687088608418,-0.9999807824434624,0.9999408480545268
550.0,4,667.317798177111,90,0.375,0.9999898881372496,0.003518086612674065,1.0021306923416151,0.9998610531011005,0.01231842773705667,1.005072203223311,0.0020402014266519813,-0.9999803404554481,0.999941287244977
550.0,4,667.317798177111,91,0.37916666666666665,0.9999901060113969,0.0036939359454927594,1.0027428139804573,0.9998623316024027,0.012248020659765317,1.0049817621199493,0.002146686237737443,-0.9999796564693767,0.9999422291262039
550.0,4,667.317798177111,92,0.38333333333333336,0.9999903780196293,0.0038560995185696516,1.0032448818164172,0.9998636309059846,0.012199665534384285,1.0050053951922606,0.002246393861444345,-0.9999790132214174,0.9999431379995118
550.0,4,667.317798177111,93,0.3875,0.9999906727563007,0.0036674072389830258,1.0028756017856686,0.9998649173158913,0.012156920713535135,1.0050545342491002,0.0021413464286599167,-0.9999798807843739,0.9999440105559033
550.0,4,667.317798177111,94,0.39166666666666666,0.9999908940347364,0.003321062841141461,1.0019633088392577,0.9998662073077703,0.012090344150601192,1.0049894562898438,0.0019439030696500833,-0.9999810437502203,0.9999448561700537
550.0,4,667.317798177111,95,0.3958333333333333,0.9999910362573124,0.003139789224306177,1.0013384616656362,0.999867468371092,0.012040083273074683,1.0049991874441018,0.0018429841063928418,-0.9999821049752537,0.9999456701439755
550.0,4,667.317798177111,96,0.4,0.9999911750429971,0.00318462736690597,1.0016242209015616,0.9998689730867368,0.012097672438709503,1.0055523184645476,0.001874257436490328,-0.9999817291480434,0.9999450611279457
550.0,4,667.317798177111,97,0.4041666666666667,0.9999913720472479,0.0033481934685592046,1.002275236886807,0.9998707921560238,0.012114124275177917,1.005941547403291,0.0019760605042358575,-0.9999811699137764,0.9999449065459928
550.0,4,667.317798177111,98,0.4083333333333333,0.9999916068389233,0.003466683429319236,1.0026961266071779,0.9998724397880011,0.012024608095590807,1.0058537441357165,0.0020524939921071055,-0.999980636461775,0.9999456742069046
550.0,4,667.317798177111,99,0.4125,0.9999918835966436,0.0034433953652909704,1.002738926030094,0.9998740591081253,0.011954506110622343,1.0058431014997364,0.002045334990641794,-0.9999808800851786,0.9999464060377332
550.0,4,667.317798177111,100,0.4166666666666667,0.9999921436471293,0.003221804399737473,1.0022491656798762,0.9998757601566247,0.011863859526905737,1.0057634746082744,0.0019200733019649051,-0.9999814985210783,0.9999471152400842
550.0,4,667.317798177111,101,0.42083333333333334,0.9999923155094628,0.002986154691030459,1.0015713543251514,0.9998773170434971,0.011808188937368468,1.0058051627961502,0.0017857601780398992,-0.9999824302354318,0.9999477705141412
550.0,4,667.317798177111,102,0.425,0.9999924360793768,0.002917372153625003,1.0013772815326016,0.9998789376280188,0.01188578008271307,1.0063782710562421,0.0017508017043929313,-0.9999826347746423,0.9999471233990391
550.0,4,667.317798177111,103,0.42916666666666664,0.999992582133617,0.002958426692142033,1.001635001890508,0.9998808667172432,0.011881616187421052,1.0066617527505655,0.0017817666607420643,-0.9999824895848969,0.9999471919779553
550.0,4,667.317798177111,104,0.43333333333333335,0.9999927696826426,0.0031042553924815557,1.0021960835061245,0.9998827680248649,0.011762797572254454,1.006522607903075,0.0018766149987464746,-0.9999820699721036,0.9999478171212157
550.0,4,667.317798177111,105,0.4375,0.9999929931998511,0.003288398184025823,1.0027630860135448,0.9998846288723673,0.011669382362089607,1.0064716056448613,0.0019960631639759914,-0.9999816978647385,0.99994841245652
550.0,4,667.317798177111,106,0.44166666666666665,0.999993240868827,0.00316022233550368,1.0025440590629386,0.9998864396278134,0.011591134922154103,1.0064701451694584,0.0019257852738627165,-0.9999820926104779,0.9999489854953452
550.0,4,667.317798177111,107,0.44583333333333336,0.9999934305623648,0.0028170329211631255,1.001654392937873,0.9998882030414622,0.011488098566974055,1.0063734989432813,0.0017234068018852525,-0.9999829011994357,0.9999495391475959
550.0,4,667.317798177111,108,0.45,0.9999935492135812,0.002620493057264243,1.0009127762047716,0.9998898987649788,0.011385226369970216,1.006268503141505,0.0016100386884735406,-0.9999836261832495,0.9999500638093595
550.0,4,667.317798177111,109,0.45416666666666666,0.9999936432148118,0.0026259261509960583,1.0010385240842077,0.9998916897195294,0.011423799738195286,1.006684937435447,0.0016199956232540134,-0.9999836096840455,0.9999498556603945
550.0,4,667.317798177111,110,0.4583333333333333,0.9999937790785604,0.0027619947411294784,1.001679326200429,0.9998937421183701,0.011460793081583659,1.0071096569379947,0.0017109237164244534,-0.999983298014404,0.9999495813877203
550.0,4,667.317798177111,111,0.4625,0.9999939421613597,0.002888789301278331,1.0021411125178812,0.999895651948301,0.011342787504595945,1.0069977205984297,0.0017973903955788909,-0.9999830218430159,0.9999500444587707
550.0,4,667.317798177111,112,0.4666666666666667,0.9999941365053177,0.0028956601380798826,1.0022481292085224,0.999897451701563,0.011234812788897666,1.0069049530034209,0.001809722013994368,-0.9999831285794265,0.9999504840014127
550.0,4,667.317798177111,113,0.4708333333333333,0.9999943240160636,0.002714116757124323,1.0018404181250833,0.9998992893157801,0.011118218023552874,1.0067915377701446,0.0017038337214809796,-0.9999834663935564,0.9999509067605132
550.0,4,667.317798177111,114,0.475,0.9999944418301417,0.0024884754726323477,1.0011269952533741,0.9999009952986984,0.011013776785299849,1.0067008537709636,0.0015692353225044756,-0.99998406404378,0.999951308737098
550.0,4,667.317798177111,115,0.4791666666666667,0.9999945033789679,0.0024166958839588843,1.0008295603343058,0.9999026497087149,0.01108039323093173,1.0071568048211355,0.0015309104721383084,-0.9999842842232253,0.9999510660291256
550.0,4,667.317798177111,116,0.48333333333333334,0.9999945735163922,0.002437555003395676,1.0010155954671152,0.9999045269836209,0.011102898152575156,1.0074850355010831,0.001551103413268552,-0.9999843066313748,0.9999509810307985
550.0,4,667.317798177111,117,0.4875,0.9999946756043953,0.0025463993557724245,1.001524158295109,0.9999063847782572,0.0109609290552334,1.0073107983624652,0.00162780496796163,-0.9999841187232973,0.9999513155457436
550.0,4,667.317798177111,118,0.49166666666666664,0.9999948028791527,0.0027324934129915397,1.0021327242619276,0.9999081639482459,0.010835517210421189,1.007177597654781,0.0017553074234948505,-0.9999839758811647,0.9999516249668663
550.0,4,667.317798177111,119,0.49583333333333335,0.9999949542729754,0.0026819178755229742,1.002074331429752,0.9999098773824358,0.01073703909391409,1.007119473081609,0.001730982465924428,-0.9999841157266597,0.9999519193532205
550.0,4,667.317798177111,120,0.5,0.9999950642643073,0.0023870652422767094,1.0012355493043432,0.9999115169369491,0.010618338470903921,1.0069912020563352,0.0015477403919494021,-0.9999845758821113,0.999952198818756
550.0,4,667.317798177111,121,0.5041666666666667,0.999995114425314,0.002228751030893834,1.0004044501060592,0.9999130792164027,0.01048045522019094,1.0067937323277059,0.0014521657527026826,-0.9999849609012887,0.9999524503797659
550.0,4,667.317798177111,122,0.5083333333333333,0.9999951305861534,0.002221348869937866,1.0003605570802954,0.9999146422988661,0.010492447073034622,1.007058479947032,0.00145419025757978,-0.9999850806761822,0.9999524404240052
550.0,4,667.317798177111,123,0.5125,0.9999951749518995,0.002301790270640005,1.000973296885462,0.9999164013848293,0.010561285816413312,1.0075039937388814,0.0015137377413005147,-0.9999849760184598,0.9999522353652741
550.0,4,667.317798177111,124,0.5166666666666667,0.9999952422845045,0.002418259524290833,1.0014777558391532,0.9999180722180018,0.010444279655962977,1.0073971685798995,0.0015980341404146395,-0.9999849145408204,0.9999524197349976
550.0,4,667.317798177111,125,0.5208333333333334,0.9999953345410162,0.0024543190512796745,1.001649528201474,0.9999196004506762,0.010310874699336193,1.0072255949714348,0.0016297707392628144,-0.9999849735240343,0.9999525883399509
550.0,4,667.317798177111,126,0.525,0.9999954286332362,0.002336583823593383,1.0013337516794774,0.9999211363126883,0.010187975711041821,1.0070866701676353,0.001559034771643507,-0.9999851253053336,0.9999527430854004
550.0,4,667.317798177111,127,0.5291666666666667,0.9999954715797447,0.0021719118201000485,1.0006146505090594,0.9999225748295993,0.010051656232852436,1.006895772373402,0.0014560991281454053,-0.9999853715897028,0.9999528758919374
550.0,4,667.317798177111,128,0.5333333333333333,0.9999954597287227,0.002136247711856033,1.0002158153853014,0.9999239107531639,0.010097118711540298,1.0072182960714846,0.0014390314399751062,-0.9999855068895558,0.9999528623192471
550.0,4,667.317798177111,129,0.5375,0.9999954463771024,0.0021465795495032684,1.0003292383718747,0.9999253944996684,0.010158481448962442,1.0075906824276046,0.0014527910087741693,-0.9999855736620863,0.9999528126761917
550.0,4,667.317798177111,130,0.5416666666666666,0.9999954591972441,0.0022022451530199732,1.0007865437864112,0.999926885307055,0.01002010461839773,1.0074152423632314,0.0014974330354618087,-0.9999855823973266,0.9999528763699774
550.0,4,667.317798177111,131,0.5458333333333333,0.9999954927748647,0.002346668268281196,1.0014149535429562,0.9999282905474269,0.009875151493874166,1.0072107980691651,0.0016034867894971843,-0.9999856250851238,0.9999529211555372
550.0,4,667.317798177111,132,0.55,0.9999955510931666,0.002366498536245403,1.0015186596354184,0.9999296352941816,0.009768704740269541,1.0071054031993427,0.0016248277844667916,-0.9999856919673156,0.9999529525164351
550.0,4,667.317798177111,133,0.5541666666666667,0.9999955840769998,0.0021688722509260383,1.0007593470252272,0.9999309055899039,0.009649771069213942,1.0069560093856023,0.00149589002564016,-0.999985793470407,0.9999529661780142
550.0,4,667.317798177111,134,0.5583333333333333,0.9999955671138061,0.0021075636717446397,0.9998663042166783,0.9999321088620415,0.009496858014037723,1.0067008390797987,0.0014605495028355642,-0.9999858378197516,0.999952959152209
550.0,4,667.317798177111,135,0.5625,0.9999955143428859,0.0021322235484282567,0.9996515770782565,0.9999332718776562,0.009477540021941082,1.0068198592990618,0.0014845400882850402,-0.9999858845343734,0.9999529624716573
550.0,4,667.317798177111,136,0.5666666666666667,0.9999954800677109,0.002131359616687892,1.0002133845678849,0.999934574264382,0.009574718097783728,1.007272249725954,0.0014904466889647725,-0.9999859573714929,0.9999529911024773
550.0,4,667.317798177111,137,0.5708333333333333,0.9999954684800401,0.002195642624227765,1.0007609837609373,0.99993584631809,0.009484276572489849,1.0072091800945333,0.0015424461650440343,-0.9999860710259116,0.9999529213187776
550.0,4,667.317798177111,138,0.575,0.9999954789126007,0.002240011653726189,1.0009970580798337,0.9999369788365645,0.009337310697770544,1.006976375544093,0.0015809121723978994,-0.9999861554242148,0.999952829757512
550.0,4,667.317798177111,139,0.5791666666666667,0.9999954987502002,0.0021914736826172633,1.0007765855277555,0.999938102218168,0.009219808961439258,1.0068215392978528,0.0015536350767263083,-0.99998619762009,0.9999527239337089
550.0,4,667.317798177111,140,0.5833333333333334,0.9999954833286968,0.002126022975646349,1.0000812732828588,0.99993916578438,0.009070301022812768,1.0065694358501902,0.0015139499988585353,-0.9999860862020538,0.9999525934684116
550.0,4,667.317798177111,141,0.5875,0.9999954168315095,0.0021606150618335733,0.9995875578645192,0.9999401183482569,0.009086164105042132,1.0067574920137994,0.0015453707004362154,-0.9999860224517705,0.9999526232640046
550.0,4,667.317798177111,142,0.5916666666666667,0.9999953426376076,0.002174280919830061,0.9996255425396251,0.9999411617601293,0.009183819114450808,1.0071678828315442,0.001561855374971189,-0.9999860176518544,0.9999527875160774
550.0,4,667.317798177111,143,0.5958333333333333,0.9999952915441285,0.0021700112563869164,1.0000314006138904,0.9999422406229798,0.00907122794475019,1.0070288311750768,0.0015653609318796253,-0.9999861962817481,0.9999525882773874
550.0,4,667.317798177111,144,0.6,0.9999952602382887,0.002226560747357616,1.0006602362266495,0.9999432446224078,0.008917572795374137,1.0067710725686332,0.0016132269094627362,-0.999986398688586,0.9999523733472956
550.0,4,667.317798177111,145,0.6041666666666666,0.9999952542891004,0.002272745034558757,1.000916565226338,0.9999442000088486,0.008810867495526706,1.0066299081722052,0.0016538867163340173,-0.9999865577392588,0.9999521439237232
550.0,4,667.317798177111,146,0.6083333333333333,0.9999952376717942,0.00219024504095471,1.000264024621892,0.9999450918095768,0.008700908590952334,1.0064705140421555,0.0016002320315605637,-0.9999862923855779,0.9999518911821765
550.0,4,667.317798177111,147,0.6125,0.9999951784027313,0.0022455631458228272,0.999335453762568,0.999945931382093,0.008550153220710927,1.006189625415167,0.0016474734556809556,-0.9999859749413098,0.9999516215741692
550.0,4,667.317798177111,148,0.6166666666666667,0.9999950837604699,0.0023369543594032576,0.9989564002312029,0.9999467200524336,0.00849986322677796,1.0061783972683198,0.0017216130498895698,-0.9999857410341132,0.9999514552694975
550.0,4,667.317798177111,149,0.6208333333333333,0.9999950005423772,0.002270661343727114,0.9994407887063826,0.9999476033941622,0.008611208902499657,1.006618448466575,0.001679080218877483,-0.9999859780584137,0.999951752176427
550.0,4,667.317798177111,150,0.625,0.9999949415422328,0.0022491875486267314,1.0000278163411627,0.9999485024769256,0.00856380845105798,1.006631401517715,0.0016696733162198721,-0.9999862466629436,0.9999515777353275
550.0,4,667.317798177111,151,0.6291666666666667,0.9999949032152615,0.0022693477651796654,1.000326104733887,0.9999492807776773,0.008414933119193307,1.0063594153104258,0.001691331733568143,-0.999986432386975,0.9999512222910714
550.0,4,667.317798177111,152,0.6333333333333333,0.99999488061302,0.0022669472098533735,1.0001983263623144,0.9999500393867137,0.008307235675988242,1.0061917403060157,0.0016960046697900096,-0.9999863692295118,0.9999508454759929
550.0,4,667.317798177111,153,0.6375,0.999994835428051,0.0022943786634828504,0.9995537767776647,0.9999507674468794,0.00816185638656498,1.0059139353183608,0.0017229379542907266,-0.9999859565595364,0.9999504455426657
550.0,4,667.317798177111,154,0.6416666666666667,0.9999947426694792,0.0024045911658311238,0.998976091887422,0.999951395227061,0.008145053830672084,1.005973989321699,0.0018123270619529491,-0.9999855784643404,0.999950333955417
550.0,4,667.317798177111,155,0.6458333333333334,0.9999946369448636,0.002435552292909561,0.9989339261195298,0.9999520710251419,0.008264528323584684,1.0064039557794322,0.0018422070520544686,-0.9999854466098173,0.9999507898525216
550.0,4,667.317798177111,156,0.65,0.9999945522617836,0.0023879768903930557,0.999286536408632,0.9999528037006187,0.008193556073267416,1.0063349372868189,0.0018124055199547078,-0.9999857313060214,0.9999504332483768
550.0,4,667.317798177111,157,0.6541666666666667,0.9999944882663949,0.0023487939238063965,0.9998990167881787,0.9999534780069492,0.008041644131721062,1.006042661391571,0.0017889905478643848,-0.9999860875595229,0.9999499496509735
550.0,4,667.317798177111,158,0.6583333333333333,0.9999944494202021,0.0023647221384987733,1.000287552119161,0.9999541135232558,0.007939408521822037,1.0058735912362424,0.001807588532197812,-0.999986464763942,0.999949446314916
550.0,4,667.317798177111,159,0.6625,0.9999944126322992,0.0023694585923871685,0.9997677922920175,0.9999546980864195,0.007843414870046368,1.0057115448323297,0.0018169860408810382,-0.9999858684501612,0.9999489128323216
550.0,4,667.317798177111,160,0.6666666666666666,0.9999943385624427,0.0025194720125136117,0.9988291008362989,0.9999552420799519,0.007707973391552802,1.0054286953123373,0.001938285564752168,-0.9999851657176769,0.9999483623586976
550.0,4,667.317798177111,161,0.6708333333333333,0.9999942287648289,0.002686673178666939,0.9983002773379069,0.9999557373951504,0.007633871802299444,1.0053082202389165,0.0020737484908945167,-0.9999844299880357,0.9999478235989041
550.0,4,667.317798177111,162,0.675,0.9999941237190609,0.002597971604613171,0.9986793726753557,0.9999562924871009,0.007741288946488508,1.0057120344412034,0.00201110497065082,-0.9999848367925426,0.9999484091165308
550.0,4,667.317798177111,163,0.6791666666666667,0.9999940451135502,0.0024904823244614894,0.9992965185143771,0.9999568941883945,0.007741983015092396,1.005819184755422,0.0019335504552138209,-0.9999852651622013,0.9999483124952626
550.0,4,667.317798177111,164,0.6833333333333333,0.9999939864988489,0.002464433930932041,0.9996538408863991,0.9999573983693781,0.007603706675926746,1.005531685500853,0.0019191708793632014,-0.9999856472041007,0.9999476778002099
550.0,4,667.317798177111,165,0.6875,0.9999939485087331,0.0024750741019199684,0.9996140667231731,0.9999578737272977,0.007507055931986713,1.005349119223663,0.0019330546595666613,-0.9999854752256834,0.9999470102955131
550.0,4,667.317798177111,166,0.6916666666666667,0.9999938979595415,0.002561620248430817,0.9990414385241135,0.9999583377350262,0.00737945896775578,1.005071436620336,0.002006227081348573,-0.9999848403553925,0.9999463188401937
550.0,4,667.317798177111,167,0.6958333333333333,0.9999938021832548,0.0027362479635828457,0.998395520484744,0.9999587179118506,0.007334671909860711,1.0050157300700708,0.0021488037053350372,-0.9999840300241964,0.9999458609023182
550.0,4,667.317798177111,168,0.7,0.9999936871672411,0.0027957552986667892,0.9982674747000622,0.9999591129758485,0.007456372881522006,1.005438989771138,0.002201260113629829,-0.9999837675517007,0.999946609923975
550.0,4,667.317798177111,169,0.7041666666666667,0.9999935906827002,0.0027280581317544847,0.9985636798046964,0.9999595777904902,0.007433793650930829,1.0054627768876203,0.002153208198821735,-0.9999840599974159,0.9999462939944284
550.0,4,667.317798177111,170,0.7083333333333334,0.9999935169403442,0.0026168151668038947,0.9991463570243718,0.9999600017316177,0.007294875820518993,1.0051547613050698,0.0020705732698868755,-0.9999845851007744,0.9999455255487795
550.0,4,667.317798177111,171,0.7125,0.9999934674390817,0.0025685809100702505,0.9996393784669179,0.9999603922373552,0.007200957886473328,1.004961335848613,0.0020377132054730414,-0.9999851408584637,0.9999447243399249
550.0,4,667.317798177111,172,0.7166666666666667,0.9999934302855855,0.002614027429545375,0.9992744165798838,0.999960742397342,0.007121875124957313,1.0047998144933676,0.0020783814602035483,-0.9999844515435815,0.9999438900338347
550.0,4,667.317798177111,173,0.7208333333333333,0.9999933600816502,0.002828906131925317,0.998350421623547,0.9999610587811119,0.007011139772943256,1.0045302632292885,0.0022540930466126304,-0.9999833505136722,0.9999430321745436
550.0,4,667.317798177111,174,0.725,0.9999932521750537,0.0030680301675501493,0.9976939801892565,0.9999613325543731,0.0069270654325643295,1.0043260938969936,0.0024502519428341667,-0.9999821432893972,0.9999421469667908
550.0,4,667.317798177111,175,0.7291666666666666,0.9999931407334003,0.0029974861165012047,0.997940244118576,0.9999616386447305,0.0070142181030837455,1.004666693308245,0.002398485683365798,-0.9999824738909003,0.9999427881276342
550.0,4,667.317798177111,176,0.7333333333333333,0.9999930577955236,0.0028216189475842313,0.9985731974686374,0.9999620099991562,0.007057051041567721,1.0048723941303883,0.002261907944095164,-0.9999830837736235,0.9999429740034472
550.0,4,667.317798177111,177,0.7375,0.999992994897199,0.002742207377288364,0.9989860171888104,0.9999623072770841,0.006942756605825971,1.004595203357694,0.002202628917081098,-0.9999837172351003,0.9999420414361921
550.0,4,667.317798177111,178,0.7416666666666667,0.9999929560627828,0.00274155616225552,0.9990286732111637,0.9999625659426777,0.006858325586977239,1.0043920841337342,0.0022062021241765093,-0.9999835143044107,0.9999410642998334
550.0,4,667.317798177111,179,0.7458333333333333,0.999992912757445,0.002854837082586868,0.9985430769623301,0.9999628242432352,0.00675810337805727,1.004130784465924,0.0023013223186218222,-0.9999827613812114,0.9999400582447048
550.0,4,667.317798177111,180,0.75,0.9999928253187935,0.0030807564178241082,0.9978499207273781,0.9999630151369031,0.006698224763959448,1.0039782057665283,0.0024875086955985517,-0.9999814096259678,0.9999390227922444
550.0,4,667.317798177111,181,0.7541666666666667,0.9999927101829378,0.0031788254975914205,0.9976299911330213,0.9999631944836843,0.006803734382020107,1.0043651187016387,0.002570642473216362,-0.9999810148185323,0.999940080998088
550.0,4,667.317798177111,182,0.7583333333333333,0.9999926094912185,0.0031101489596925096,0.9978656766080064,0.9999634490918441,0.006825862526949152,1.0044915616521608,0.002518551048386186,-0.9999812229114018,0.9999400054283336
550.0,4,667.317798177111,183,0.7625,0.9999925340771837,0.0029552333821344337,0.9984091033054087,0.9999636802509596,0.006712056564428158,1.0041878197642395,0.0023963650527732074,-0.9999819427615433,0.9999389461256992
550.0,4,667.317798177111,184,0.7666666666666667,0.9999924821860169,0.002835632838518853,0.9989777777237105,0.9999638792676615,0.006631131670012051,1.003970565478019,0.0023028751407412227,-0.9999827115307685,0.9999378346170869
550.0,4,667.317798177111,185,0.7708333333333334,0.9999924504556473,0.0028799208293334433,0.99878057549815,0.9999640453904338,0.0065714888577603865,1.0038099120142783,0.002341618569173364,-0.999982144348656,0.9999366859669095
550.0,4,667.317798177111,186,0.775,0.9999923890087289,0.0031351940453278842,0.9978958117223912,0.9999641804153526,0.0064915327743227955,1.003561795174316,0.002551750455142325,-0.9999806663079605,0.9999355037136252
550.0,4,667.317798177111,187,0.7791666666666667,0.9999922862904935,0.003438962149558251,0.9971360792375838,0.9999642787583535,0.006414490939998437,1.003299264467806,0.0028023361759956524,-0.999979021272419,0.9999342780780698
550.0,4,667.317798177111,188,0.7833333333333333,0.9999921689815384,0.0034178929890450517,0.997228593760407,0.9999643873361174,0.0064735031366721625,1.00355421225647,0.002787558662010552,-0.9999790387678115,0.9999347341928176
550.0,4,667.317798177111,189,0.7875,0.9999920806700919,0.0031964634763519697,0.9978584347517975,0.999964570894083,0.006543143782120652,1.0038502911799303,0.002608735356825966,-0.9999798498857095,0.9999354276760655
550.0,4,667.317798177111,190,0.7916666666666666,0.9999920138050679,0.003065035025820256,0.9983231597670116,0.9999647032595699,0.0064644762514833014,1.0036101037271317,0.002503611099960599,-0.9999807067769418,0.9999341997857973
550.0,4,667.317798177111,191,0.7958333333333333,0.9999919732470733,0.0030400048764671703,0.9984424405696554,0.9999647861145705,0.0063961165862395815,1.0033810992186067,0.0024850468642074143,-0.9999806633267875,0.9999329209488683
550.0,4,667.317798177111,192,0.8,0.9999919349926174,0.003156527454230262,0.9980532176324427,0.9999648730931177,0.006328832555254013,1.003144170675269,0.0025818565988511423,-0.9999799369274721,0.9999316023249777
550.0,4,667.317798177111,193,0.8041666666666667,0.9999918526460576,0.003420343995925443,0.9973384259419439,0.9999649073026303,0.006272380670914966,1.0029198078633212,0.0027990794560439364,-0.9999782014405585,0.9999302350581657
550.0,4,667.317798177111,194,0.8083333333333333,0.9999917311086625,0.0035661594656710405,0.9970216082444877,0.9999649078650187,0.006350234484519381,1.0032405288319617,0.002919629824287604,-0.9999774706234004,0.9999311161499589
550.0,4,667.317798177111,195,0.8125,0.9999916174108332,0.0035122303367920568,0.9971921106399353,0.9999649830755666,0.0064038065793833795,1.003467806021459,0.0028762117522594193,-0.9999774907588721,0.9999314845494625
550.0,4,667.317798177111,196,0.8166666666666667,0.9999915311873085,0.00333776907171078,0.9976909958949414,0.9999650527737852,0.006326208290606959,1.0031906353945206,0.0027338668295955617,-0.9999784245051143,0.9999301670571383
550.0,4,667.317798177111,197,0.8208333333333333,0.9999914689842587,0.0031571248003501038,0.9983064812072853,0.999965088315279,0.006264605792771753,1.0029484059471372,0.002586859290630251,-0.9999794212265866,0.999928781628763
550.0,4,667.317798177111,198,0.825,0.9999914329552005,0.003169767058464125,0.9982807861291834,0.9999650952975054,0.006227221471109127,1.0027873041635207,0.0025975258847972765,-0.9999792216724749,0.9999273507015329
550.0,4,667.317798177111,199,0.8291666666666667,0.9999913696539817,0.003444510714069886,0.9974598697851697,0.9999650705112791,0.006181018831307405,1.0025628207392208,0.002822216254771438,-0.9999774579711055,0.9999258720263476
550.0,4,667.317798177111,200,0.8333333333333334,0.999991259620486,0.0038035879160642277,0.9966213508899906,0.9999650131125122,0.006127634244804247,1.0022657948117741,0.0031165449895709002,-0.9999754587955274,0.9999243294547603
550.0,4,667.317798177111,201,0.8375,0.9999911209598027,0.00385435202780442,0.9965484935958346,0.999964947532631,0.006162429217933083,1.002420848643247,0.003157466095766884,-0.9999749611622578,0.9999243625205632
550.0,4,667.317798177111,202,0.8416666666666667,0.999991008412912,0.003613604458180992,0.9971521860085729,0.9999649600264372,0.006238212070157578,1.0027879281225738,0.0029587992823222804,-0.9999759504587855,0.9999257518890012
550.0,4,667.317798177111,203,0.8458333333333333,0.9999909206793653,0.0034366809435779516,0.9976654290832043,0.9999649445288282,0.0062010975625331225,1.0026104181239839,0.0028130474337935705,-0.9999770286154512,0.9999243014987361
550.0,4,667.317798177111,204,0.85,0.9999908609571958,0.00338263527757657,0.9978560471051509,0.9999648673687899,0.006156193518923194,1.0023548699712277,0.0027678001250081084,-0.9999772770439255,0.9999227964292666
550.0,4,667.317798177111,205,0.8541666666666666,0.9999908096014437,0.0034866808840419397,0.9975671564507055,0.9999647932359156,0.006123606701581437,1.0021432652668947,0.0028514232557753164,-0.9999767591237733,0.9999212392089158
550.0,4,667.317798177111,206,0.8583333333333333,0.9999907134460526,0.003773499656050676,0.9968576274448352,0.9999646789652151,0.006088646145166799,1.0018729232838168,0.0030840549773477302,-0.9999747792269509,0.9999196072784504
550.0,4,667.317798177111,207,0.8625,0.9999905628153428,0.003972694352653316,0.9964439763311553,0.9999645112568896,0.006140026751223545,1.0021051954364661,0.0032445326387019204,-0.9999736867736599,0.9999200484488433
550.0,4,667.317798177111,208,0.8666666666666667,0.9999904098246382,0.003947254702178326,0.9965445587776135,0.9999644118670067,0.0062057876743688055,1.0024210985217872,0.0032209666315809126,-0.9999734198100032,0.9999209834345062
550.0,4,667.317798177111,209,0.8708333333333333,0.9999902854321187,0.0037736387769736262,0.9969959193817618,0.9999643266375292,0.006170479574602249,1.0021939991526256,0.0030762965065574514,-0.9999745255308947,0.9999195328781755
550.0,4,667.317798177111,210,0.875,0.999990187300546,0.0035528234037094457,0.9976322006436906,0.9999642028763092,0.006136045014989041,1.0019274688359434,0.0028939627700681277,-0.9999757005703284,0.9999180094554098
550.0,4,667.317798177111,211,0.8791666666666667,0.9999901208143092,0.003516331459207002,0.9977729406083097,0.9999640516686755,0.0061238517918798295,1.0017641019545265,0.0028615102511742744,-0.999976076804175,0.9999164285296105
550.0,4,667.317798177111,212,0.8833333333333333,0.9999900291580534,0.0037896968809001176,0.9970409358758684,0.9999638652850465,0.006111659050687568,1.0015617994086614,0.0030799364304703305,-0.9999742153858728,0.999914774299851
550.0,4,667.317798177111,213,0.8875,0.9999898822131397,0.004190814321563907,0.9961486122081449,0.9999636474252407,0.006093947929166585,1.0012527069867156,0.003402071912170019,-0.9999721036573099,0.9999130488238133
550.0,4,667.317798177111,214,0.8916666666666667,0.999989689800438,0.004326088870390455,0.9959083957405827,0.999963405053393,0.006119036940812682,1.0013029218707388,0.0035073956679140235,-0.9999710005114628,0.9999124781578541
550.0,4,667.317798177111,215,0.8958333333333334,0.999989515083093,0.004095739598538957,0.9964593785850367,0.9999632379760361,0.006182647225013158,1.0017121120090764,0.0033152290935582725,-0.9999720657725578,0.9999141773412222
550.0,4,667.317798177111,216,0.9,0.9999893709089662,0.0038843808220889154,0.9970180231982535,0.9999630681866889,0.006184274055467502,1.0016221054982053,0.0031394779415724583,-0.9999732511438763,0.99991308423712
550.0,4,667.317798177111,217,0.9041666666666667,0.9999892567551096,0.0038032230417834024,0.9972756005815887,0.9999628232167916,0.006170931197704464,1.0013452573598194,0.0030693490136599407,-0.9999738502502789,0.9999115548431954
550.0,4,667.317798177111,218,0.9083333333333333,0.9999891571680107,0.003886005162255636,0.997085944542242,0.9999625745458703,0.0061717500438603305,1.0011539820498239,0.0031310023612157235,-0.999973632353069,0.9999099578392947
550.0,4,667.317798177111,219,0.9125,0.9999890117562537,0.004178342250880801,0.9964091285844656,0.9999622965306049,0.0061705662624129435,1.0008634284606572,0.0033606687384224723,-0.99997177468462,0.9999082620431833
550.0,4,667.317798177111,220,0.9166666666666666,0.9999887918941547,0.00443023716521982,0.9959049824093572,0.9999619460933145,0.006208753887429961,1.0009952181589652,0.0035567535269917763,-0.9999704447077574,0.9999080901558265
550.0,4,667.317798177111,221,0.9208333333333333,0.9999885542547767,0.004444875410261619,0.9959312116478714,0.999961650978676,0.006268766571171638,1.001378228901844,0.0035615089405737848,-0.9999698601286864,0.9999094601739954
550.0,4,667.317798177111,222,0.925,0.9999883447037655,0.004289983752638547,0.9963328377007153,0.9999613926543349,0.0062734808530953996,1.001224878419973,0.003430181238846417,-0.9999709706360929,0.9999081426889284
550.0,4,667.317798177111,223,0.9291666666666667,0.9999881654713362,0.004054857537115187,0.9969690095016077,0.9999610903782509,0.00627298921652952,1.0009393650716467,0.003235844586598489,-0.9999721586138293,0.9999067569513639
550.0,4,667.317798177111,224,0.9333333333333333,0.9999880241834987,0.0039664152210051795,0.997262698735083,0.9999607579797672,0.006288085487080994,1.0007723222169096,0.0031589391595778222,-0.999973120963098,0.9999053044408865
550.0,4,667.317798177111,225,0.9375,0.9999878610110478,0.004217145321676683,0.9966454543460295,0.9999603842577508,0.006307945590124741,1.0005908389410259,0.003350579779172483,-0.9999715123734163,0.9999037481617761
550.0,4,667.317798177111,226,0.9416666666666667,0.9999876293457948,0.004641843155917831,0.9957251843049785,0.9999599767131068,0.006329689381282304,1.000288771456371,0.003679603572852564,-0.9999696784213092,0.9999021209091267
550.0,4,667.317798177111,227,0.9458333333333333,0.9999873322807166,0.004862430624823481,0.9953257154728699,0.99995952910822,0.0063639258807815825,1.0002394529589018,0.0038455619332011894,-0.9999681769848041,0.9999010020645832
550.0,4,667.317798177111,228,0.95,0.9999870369673685,0.004672499236966065,0.9957971121853768,0.9999591478482877,0.006408534968623331,1.0006592735862314,0.003685361532901052,-0.9999690842118746,0.9999025716729983
550.0,4,667.317798177111,229,0.9541666666666667,0.9999867800185639,0.004442588602600892,0.996396319541605,0.9999587927425103,0.006437038760816608,1.000675831655442,0.0034948655436145863,-0.9999701269762177,0.9999021977662925
550.0,4,667.317798177111,230,0.9583333333333334,0.9999865565660838,0.004341283937625821,0.9967180249004836,0.9999583483072364,0.006459692505382927,1.0003897878110755,0.003406501117831277,-0.9999709445423608,0.999900989199502
550.0,4,667.317798177111,231,0.9625,0.9999863553392329,0.004400318184294831,0.9966239239256223,0.9999578866766986,0.006491191539278898,1.0002109498911418,0.003443505978668624,-0.9999709338219623,0.9998996860027328
550.0,4,667.317798177111,232,0.9666666666666667,0.9999861077433474,0.004679533225361212,0.9960065107501084,0.9999574047672837,0.006526718790252411,0.9999248287459761,0.0036517418697210183,-0.9999697741007679,0.9998982870746664
550.0,4,667.317798177111,233,0.9708333333333333,0.9999857600597291,0.00497517823909731,0.9954251504179132,0.9999568317184202,0.0065703334327296345,0.9999552823045846,0.0038712740661218936,-0.9999685610113599,0.9998976230204553
550.0,4,667.317798177111,234,0.975,0.9999853714237533,0.005037780048119901,0.9953737298530575,0.9999562920554332,0.006616561899232947,1.0003767668698973,0.003908263720648744,-0.9999680016120143,0.9998986095775827
550.0,4,667.317798177111,235,0.9791666666666666,0.9999850080701408,0.00491622606101018,0.9957248776854976,0.999955816128838,0.006650966751679652,1.0003209559891748,0.0038019775995626784,-0.9999686233050377,0.9998980619954403
550.0,4,667.317798177111,236,0.9833333333333333,0.9999846813490141,0.0046924212012803505,0.9963460075579261,0.9999552917770983,0.006686449094153461,1.0000275177919173,0.0036178844291354256,-0.9999695262039977,0.9998972002733583
550.0,4,667.317798177111,237,0.9875,0.9999844007336458,0.004563655306192358,0.9967717139315998,0.9999547298070254,0.006729074331186975,0.9998568401112887,0.0035081183328353337,-0.9999705515778915,0.999896258352924
550.0,4,667.317798177111,238,0.9916666666666667,0.9999841057661187,0.00477260008430655,0.9962964501909347,0.9999541179225416,0.006777031910331967,0.9996964470973062,0.0036563492804031505,-0.9999697770100133,0.9998951979992471
550.0,4,667.317798177111,239,0.9958333333333333,0.9999837230301346,0.005197881520831641,0.9953757978550523,0.9999534654353921,0.0068340418171383595,0.999417810773035,0.0039688614622630245,-0.9999686983792377,0.9998940693162178
550.0,5,667.817798177111,0,0.0,0.9999741127114812,0.005976167339921765,1.004443265771027,0.9998908662772549,0.010472202117473614,0.9989677186767234,0.0036907961277665804,-0.9999696024863238,0.9999102266552911
550.0,5,667.817798177111,1,0.004166666666666667,0.9999741578234914,0.005805833675350828,1.0039741800094197,0.9998889800526757,0.010563407097469973,0.9989369064681456,0.0035700682685770664,-0.999971813354321,0.9999117590465734
550.0,5,667.817798177111,2,0.008333333333333333,0.9999740714773321,0.005546429596208346,1.0031143421878068,0.9998870477357618,0.010662475036650297,0.9987873165327513,0.003396548875133433,-0.999973800291551,0.9999132275345981
550.0,5,667.817798177111,3,0.0125,0.9999738603092763,0.005455850933369728,1.0026968527528364,0.9998850485684343,0.010753287912875447,0.9988329075136005,0.003327998113041764,-0.9999753701253127,0.9999144275564564
550.0,5,667.817798177111,4,0.016666666666666666,0.9999736807736375,0.005602202075698938,1.003188024459057,0.9998832756323134,0.010812261731660848,0.9993990863159055,0.0034030745282781797,-0.9999740244310491,0.9999129180164467
550.0,5,667.817798177111,5,0.020833333333333332,0.9999736287872893,0.0058217903873696245,1.0038862627642955,0.9998816816122054,0.010880429148687065,0.9996385175617792,0.0035225359471072457,-0.9999727373403291,0.9999133713278409
550.0,5,667.817798177111,6,0.025,0.9999736850424182,0.005966878294203489,1.0043195216858491,0.9998798962091682,0.010964594513456043,0.999513176522089,0.0035971159152792817,-0.9999717491870391,0.9999150615931807
550.0,5,667.817798177111,7,0.029166666666666667,0.99997383952451,0.005965130837898858,1.0043505492508116,0.9998781163212497,0.011045747354080331,0.9995003827316745,0.003582996291990973,-0.9999723161391603,0.9999166690942414
550.0,5,667.817798177111,8,0.03333333333333333,0.999973948695663,0.00578077092232929,1.0038456683296026,0.999876376167502,0.01112694929916424,0.9993915947639941,0.0034598893901258048,-0.999973890122967,0.9999182058023075
550.0,5,667.817798177111,9,0.0375,0.9999738821602362,0.005615332440872511,1.0032960993360893,0.9998744653774626,0.011208986826454383,0.9995379886971769,0.003349276953777556,-0.999975476047342,0.9999190123098748
550.0,5,667.817798177111,10,0.041666666666666664,0.9999737584980133,0.005618764977357441,1.0032700497957063,0.9998727071987809,0.011282867464231369,1.0001435255049256,0.003340062138120534,-0.9999756873975078,0.9999173475898663
550.0,5,667.817798177111,11,0.04583333333333333,0.9999737329112183,0.005741902249550454,1.003668012750042,0.999871250761769,0.011349150210959204,1.0003286243193497,0.003401921238343064,-0.9999747864265361,0.999918223483546
550.0,5,667.817798177111,12,0.05,0.9999738264726872,0.005966769617552225,1.004352053357085,0.9998697605776671,0.011413273807152529,1.000216355147998,0.0035243822373691065,-0.9999735369616174,0.9999198874180459
550.0,5,667.817798177111,13,0.05416666666666667,0.9999740499394896,0.006161181906078847,1.004913159406641,0.9998682705697278,0.011478459223925434,1.0002262964807862,0.0036292280049686886,-0.9999723613456758,0.9999214880011663
550.0,5,667.817798177111,14,0.058333333333333334,0.999974323218944,0.006015698378283744,1.0045957672027115,0.9998667537088798,0.011544747105097924,1.0002642289659343,0.003533176821493803,-0.999973925007752,0.9999230152532504
550.0,5,667.817798177111,15,0.0625,0.9999744703673137,0.005703221764672995,1.003747948520687,0.9998652354149692,0.011609611163447255,1.0001923142402023,0.0033404883066129615,-0.9999758955056472,0.999924489293628
550.0,5,667.817798177111,16,0.06666666666666667,0.9999744834791289,0.005533889874184685,1.0032012257575753,0.9998636846383114,0.01167639695121849,1.0002139723880075,0.0032335540105520887,-0.9999776620059064,0.9999259036305158
550.0,5,667.817798177111,17,0.07083333333333333,0.999974501850869,0.005643476756086801,1.003570310254516,0.9998623893462966,0.01174397258723626,1.0007880681995864,0.0032891466095239376,-0.9999767331119399,0.9999247250712707
550.0,5,667.817798177111,18,0.075,0.9999746611496882,0.005873807910020496,1.0042900805509711,0.9998614391737104,0.01180103714928978,1.0011870846024542,0.003415262303325305,-0.9999755341734686,0.9999245785639482
550.0,5,667.817798177111,19,0.07916666666666666,0.9999749307632438,0.0060353547949806826,1.0047772246861855,0.9998603404772932,0.011844477747257859,1.001125104800619,0.0035022114207708486,-0.9999743701539784,0.9999261099714409
550.0,5,667.817798177111,20,0.08333333333333333,0.9999753140659999,0.0060469449101632,1.0048863264147165,0.9998592502424443,0.011891695049116644,1.0011519642071087,0.0035023142397259638,-0.9999748018647332,0.999927568893252
550.0,5,667.817798177111,21,0.0875,0.9999756839777577,0.005849281998651931,1.0044592725998018,0.9998582904654476,0.011930091641640203,1.0011120492601586,0.0033818177018368244,-0.9999759769734403,0.9999289806193793
550.0,5,667.817798177111,22,0.09166666666666666,0.9999758850423258,0.00561355334425991,1.003853767997091,0.9998572065541754,0.011980289310777999,1.0012123376913284,0.003240303301444981,-0.9999776855607272,0.9999302136988436
550.0,5,667.817798177111,23,0.09583333333333334,0.9999760004150287,0.005563265216837416,1.0037353749290903,0.9998562519941303,0.012060018818439681,1.0018435954159355,0.0032065901625226664,-0.9999779260096631,0.9999287915697128
550.0,5,667.817798177111,24,0.1,0.9999761980919724,0.005660766944446892,1.0040684575272667,0.9998557298850718,0.012109268649304466,1.0021770470432267,0.003258307513088666,-0.9999774005333988,0.9999290351742016
550.0,5,667.817798177111,25,0.10416666666666667,0.9999765165907526,0.005874459776459504,1.0047070479087692,0.9998552497204227,0.012122998877946026,1.0021079951625478,0.0033775633449558092,-0.999976321700591,0.999930448366375
550.0,5,667.817798177111,26,0.10833333333333334,0.9999769506815315,0.006101353775871974,1.0053391805856284,0.9998548009405199,0.012144007432261747,1.0021368486935809,0.0035055477640557543,-0.9999753133831252,0.9999318041735424
550.0,5,667.817798177111,27,0.1125,0.9999774619349633,0.005986758125554754,1.0051715539949955,0.9998543723491092,0.012168731099396885,1.002216375560549,0.0034369766228432245,-0.9999761534151671,0.9999331125505194
550.0,5,667.817798177111,28,0.11666666666666667,0.9999778636260708,0.005614839817614299,1.004343070627588,0.9998539747359312,0.012183777291056658,1.002202204559607,0.0032212720575166627,-0.9999778643800937,0.9999343800922192
550.0,5,667.817798177111,29,0.12083333333333333,0.9999781298461868,0.005347719248921642,1.0036750144966307,0.9998535809053818,0.012199194534681781,1.0021940279324972,0.003067290120277744,-0.9999793922887236,0.9999355917455093
550.0,5,667.817798177111,30,0.125,0.9999783650921285,0.005398715819406903,1.0038834556556662,0.9998534151341955,0.012258508249176094,1.00271909441417,0.0030955223996642256,-0.9999790872431965,0.9999350212941943
550.0,5,667.817798177111,31,0.12916666666666668,0.9999787255189027,0.0056360793958244665,1.004591167645224,0.9998537054635162,0.012309183967787993,1.0032370262073524,0.003230931517663567,-0.999978125706199,0.9999344525360313
550.0,5,667.817798177111,32,0.13333333333333333,0.9999791797819331,0.0058156512068485025,1.0051124343754836,0.9998539135700857,0.012299421945185237,1.003227037084537,0.0033346192898314475,-0.999977205968676,0.9999356790476994
550.0,5,667.817798177111,33,0.1375,0.9999797347582189,0.00584063648815658,1.0052766158069517,0.9998540906894638,0.01229504368821967,1.0032485904864599,0.0033502172222855298,-0.9999773322139307,0.9999368584659618
550.0,5,667.817798177111,34,0.14166666666666666,0.999980295286801,0.005634505032508305,1.0049198714773218,0.999854438159774,0.01228065726469072,1.0032467064807937,0.003233577779516047,-0.9999780958722244,0.9999380027721554
550.0,5,667.817798177111,35,0.14583333333333334,0.9999807095412272,0.005324141177363754,1.0042649505957386,0.9998547080746389,0.01227427581336967,1.0032815670664326,0.0030575096208712805,-0.9999795563172056,0.9999391067381096
550.0,5,667.817798177111,36,0.15,0.9999810144656589,0.0052042130538267044,1.0040326609295163,0.999855026929466,0.01234568099907842,1.0038659231560265,0.0029911414441298133,-0.9999799394726682,0.9999382794821832
550.0,5,667.817798177111,37,0.15416666666666667,0.9999813655661695,0.005268720545196963,1.0042811920185812,0.9998558030171844,0.01238639659284799,1.0043051080669076,0.003031048378223713,-0.9999797496081935,0.9999380860595275
550.0,5,667.817798177111,38,0.15833333333333333,0.9999818155650936,0.005468081982631722,1.0048523572387622,0.9998566731307029,0.012342498353718413,1.004254435128242,0.0031493484952432884,-0.9999789416122283,0.9999391683927059
550.0,5,667.817798177111,39,0.1625,0.9999823480620711,0.005723496133340763,1.005511847644623,0.999857552413645,0.012306777851970955,1.0042541489666967,0.003301662361046851,-0.9999781947070435,0.9999402050328016
550.0,5,667.817798177111,40,0.16666666666666666,0.9999829547385811,0.005657100768956784,1.0054845317118988,0.9998584538369408,0.012282639891604238,1.0043263843597696,0.0032684462927097258,-0.9999784900343297,0.999941211583212
550.0,5,667.817798177111,41,0.17083333333333334,0.999983475992991,0.005238609519838001,1.0046841156519242,0.9998593652101797,0.012245328789920927,1.0043254999102964,0.00303137552439628,-0.9999798455755402,0.9999421885019084
550.0,5,667.817798177111,42,0.175,0.9999838708574662,0.004870438357279493,1.0039043180573661,0.9998602748050489,0.012197165740712354,1.0042627616173214,0.002823995921774893,-0.9999810504367623,0.9999431162631183
550.0,5,667.817798177111,43,0.17916666666666667,0.9999842042901209,0.004844309397425818,1.003924771017121,0.9998613119235994,0.012229453015491823,1.0046741615973334,0.0028144050542495123,-0.9999811863488389,0.9999430051151886
550.0,5,667.817798177111,44,0.18333333333333332,0.999984622368368,0.005084014718342303,1.0045864723467048,0.9998627860081579,0.012284254402609404,1.0052464864314288,0.0029595029503270043,-0.9999805048659821,0.9999422573380868
550.0,5,667.817798177111,45,0.1875,0.9999851073811753,0.005288681700974687,1.0051273689792544,0.9998642279947628,0.01222937309086986,1.0052650194882562,0.0030860148908485358,-0.9999798719696955,0.9999431491124054
550.0,5,667.817798177111,46,0.19166666666666668,0.999985661694381,0.0053358991817574935,1.005330903003633,0.9998655574432395,0.012167578703852685,1.0052307968400584,0.003121555450356081,-0.9999798329487551,0.9999440119462066
550.0,5,667.817798177111,47,0.19583333333333333,0.999986226687369,0.005138706537485357,1.0050392436444466,0.9998670133135098,0.012105744450338227,1.0052221038852844,0.0030141170524376204,-0.9999802790544097,0.9999448495157035
550.0,5,667.817798177111,48,0.2,0.9999866791327355,0.0047689945878430515,1.0043505517284734,0.9998684079116641,0.012036660416334092,1.0051690876890724,0.0028050092256450437,-0.9999813774343189,0.9999456513357095
550.0,5,667.817798177111,49,0.20416666666666666,0.9999870171936585,0.004574409746021567,1.0039935707471004,0.9998697396695497,0.012085064082569022,1.0056355548590756,0.0026983716701486312,-0.9999818454575587,0.9999453444876996
550.0,5,667.817798177111,50,0.20833333333333334,0.9999873635807798,0.00460376270300504,1.0041458110613504,0.9998714307695725,0.012133634994677614,1.0061274700940663,0.002723753910789219,-0.9999818836279112,0.999944947016889
550.0,5,667.817798177111,51,0.2125,0.9999877758843148,0.004789522478273725,1.0046401244968919,0.9998732255103412,0.01204620748740048,1.0060746507991452,0.002842414882515788,-0.9999813627428662,0.9999456948807032
550.0,5,667.817798177111,52,0.21666666666666667,0.9999882382231778,0.005070329700946041,1.0052954091716233,0.9998749693917682,0.011955503108620853,1.0060022465774563,0.0030195329128004595,-0.999980882198412,0.9999464135281071
550.0,5,667.817798177111,53,0.22083333333333333,0.9999887546923509,0.005075219206848385,1.005402095209279,0.99987669766214,0.011888470660176119,1.0060240510223621,0.0030330268188060523,-0.9999808724501025,0.9999471105721336
550.0,5,667.817798177111,54,0.225,0.9999892138281944,0.004642009428458766,1.004650238478393,0.9998783827787602,0.011810336806800407,1.005996077485147,0.002783465418555859,-0.9999818445891806,0.9999477815023592
550.0,5,667.817798177111,55,0.22916666666666666,0.9999895675284045,0.004189082303167904,1.003779671999006,0.9998800305810431,0.01170718864237432,1.0058636860094654,0.0025212918587370296,-0.9999827183154589,0.9999484193706428
550.0,5,667.817798177111,56,0.23333333333333334,0.9999898501658971,0.004077189410023924,1.0036047422064622,0.9998816907054787,0.01170077267434712,1.0061180285741946,0.0024631713410998637,-0.9999830723936523,0.9999485620934672
550.0,5,667.817798177111,57,0.2375,0.9999901750433927,0.004310875770393018,1.0041941846242812,0.9998836745437456,0.011769557089668406,1.0066855835378483,0.0026137658451717916,-0.9999826582961855,0.9999479411278283
550.0,5,667.817798177111,58,0.24166666666666667,0.9999905444601143,0.004549224423010733,1.0047525898916851,0.9998856623523019,0.011696275558919892,1.0067259808582316,0.002769185425428828,-0.9999822899794388,0.9999484285291993
550.0,5,667.817798177111,59,0.24583333333333332,0.9999909542246841,0.0046314770856711865,1.0049933984893438,0.9998874711192758,0.011585580207695305,1.0066095576408776,0.0028308635399684153,-0.9999822034798216,0.9999489871207344
550.0,5,667.817798177111,60,0.25,0.9999913749354228,0.004466144726538871,1.0047698243274807,0.9998893276864614,0.011492111210170046,1.0065634724498989,0.002741046862053212,-0.999982443727367,0.9999495272971503
550.0,5,667.817798177111,61,0.25416666666666665,0.9999917198148252,0.004068558673033593,1.0040759888611666,0.9998911284773565,0.011373545217397838,1.0064218741997357,0.0025074742772988167,-0.9999831807437071,0.9999500352099472
550.0,5,667.817798177111,62,0.25833333333333336,0.9999919655133171,0.0038070055872131132,1.0036005983858949,0.9998927895004961,0.011389026461714786,1.006731093282521,0.002356261337649563,-0.9999836114060741,0.9999500230493799
550.0,5,667.817798177111,63,0.2625,0.9999921963952864,0.003802835876828436,1.0036557879330563,0.9998946696700263,0.011459783128075052,1.0072371094503714,0.002363735085215786,-0.99998375518679,0.9999496279799445
550.0,5,667.817798177111,64,0.26666666666666666,0.9999924659668934,0.003975763737072639,1.0040759082681638,0.9998966490486755,0.011357503231982041,1.007187427868138,0.002481823901262927,-0.9999834865461367,0.999950070050095
550.0,5,667.817798177111,65,0.2708333333333333,0.999992765309569,0.004275407328289752,1.0047109765909936,0.999898536548933,0.011224925248732856,1.0070300919105784,0.0026811274498058503,-0.9999832456154987,0.9999504938354873
550.0,5,667.817798177111,66,0.275,0.9999930998959925,0.004368351331896961,1.0049483139074347,0.9999003755836208,0.011128671976169664,1.0069850042335522,0.0027521507021840753,-0.9999831430724738,0.9999509014306476
550.0,5,667.817798177111,67,0.2791666666666667,0.9999934033755896,0.003962797047872172,1.0042769686924387,0.9999021366923814,0.011027601064757832,1.0069154596157623,0.0025076028561193493,-0.9999837435583041,0.9999512841505269
550.0,5,667.817798177111,68,0.2833333333333333,0.9999936282479833,0.0034575450120088143,1.0033471238401825,0.9999038359859937,0.010890652526551947,1.0067224766694673,0.002198074313290223,-0.9999842836568095,0.9999516459213739
550.0,5,667.817798177111,69,0.2875,0.9999937903443626,0.003264859386562049,1.0029876387665135,0.9999054784789567,0.01084290536760182,1.0068127554265784,0.002085360862994268,-0.9999846410989611,0.999951846489246
550.0,5,667.817798177111,70,0.2916666666666667,0.9999939661628596,0.0034763970360410187,1.0034850142504879,0.9999073221003536,0.010927192924217111,1.0073382532048023,0.002230352949683684,-0.9999844589059814,0.9999515093632104
550.0,5,667.817798177111,71,0.29583333333333334,0.9999941732054471,0.003749161039138624,1.0040652144896725,0.9999092046121016,0.010867256744923441,1.0074172277989883,0.002416587070844728,-0.9999843111177288,0.9999516437615118
550.0,5,667.817798177111,72,0.3,0.9999944034876634,0.0038749077418614945,1.004349599052469,0.9999108946372803,0.010724519006255281,1.007224976936764,0.0025097082128948886,-0.9999842623519506,0.9999519221809487
550.0,5,667.817798177111,73,0.30416666666666664,0.9999946453566269,0.003760218676617842,1.0042003867860845,0.9999125727272932,0.010615080429279498,1.0071324102839883,0.0024470381271637226,-0.9999844298012526,0.999952181595501
550.0,5,667.817798177111,74,0.30833333333333335,0.9999948423007282,0.0033748246700556583,1.0035366234846532,0.9999142088563084,0.01046971502654406,1.0069269683844644,0.00220669241426462,-0.9999847742493707,0.9999524186793872
550.0,5,667.817798177111,75,0.3125,0.9999949638699197,0.0030668786751272647,1.0029606055646765,0.9999156882385736,0.010447787302648861,1.0070743179727848,0.0020149138137908,-0.9999850551464892,0.9999524994753232
550.0,5,667.817798177111,76,0.31666666666666665,0.9999950624587773,0.003032428953969327,1.0029225221141214,0.9999172727074394,0.010543444249042513,1.0075703881112694,0.0020017384144311364,-0.9999851687925849,0.9999523176602466
550.0,5,667.817798177111,77,0.32083333333333336,0.9999951832465952,0.0031881264008089636,1.0032756578926296,0.9999189562342315,0.010456921653228876,1.0075525261758205,0.0021143701933059133,-0.9999851264917651,0.9999524475612895
550.0,5,667.817798177111,78,0.325,0.9999953243333879,0.0034905340433559885,1.0038826291442633,0.9999205454181399,0.010299523632452089,1.0073244067878575,0.0023262372798623543,-0.9999850858393872,0.9999525999070406
550.0,5,667.817798177111,79,0.32916666666666666,0.9999954888890971,0.0036699681019230538,1.0042416201318376,0.999922075902066,0.010187324861117283,1.0072175926598226,0.002458008607344453,-0.999985069837785,0.9999527379802134
550.0,5,667.817798177111,80,0.3333333333333333,0.9999956424431338,0.0033355897115514696,1.0036860892868633,0.9999235251601042,0.010079030902896566,1.007112411765024,0.002244436658542801,-0.9999853024987612,0.9999528512606068
550.0,5,667.817798177111,81,0.3375,0.9999957416293891,0.0028244789072657873,1.0027311162951689,0.9999249097566293,0.009930452975566648,1.0068830084100662,0.0019096029101488218,-0.9999855034101259,0.9999529507062974
550.0,5,667.817798177111,82,0.3416666666666667,0.9999957921881362,0.00257715845959183,1.0022087671024085,0.9999262184840598,0.009845988828318046,1.0068297043127996,0.0017509087878272035,-0.9999856609939106,0.9999530299499363
550.0,5,667.817798177111,83,0.3458333333333333,0.9999958425079187,0.0027415292939071225,1.002595084454704,0.9999276377664673,0.009937488525474414,1.0072919841158054,0.0018710492768633327,-0.9999856711226013,0.9999529598656554
550.0,5,667.817798177111,84,0.35,0.9999959168774762,0.003029716658587307,1.0031976249703325,0.9999291254003819,0.009914162986764348,1.0074327004876893,0.002077337922008186,-0.9999857062703621,0.9999529414997578
550.0,5,667.817798177111,85,0.3541666666666667,0.9999960067324767,0.0031951449518988,1.0035320536657473,0.9999304478921064,0.009758276128589047,1.00719151262188,0.0022013096196265578,-0.9999857619814443,0.9999529567394295
550.0,5,667.817798177111,86,0.35833333333333334,0.9999961095443917,0.003140512735124879,1.0034621093916034,0.9999317267439924,0.009642979104214017,1.007055561516189,0.002173865371323025,-0.9999858427934093,0.9999529500236741
550.0,5,667.817798177111,87,0.3625,0.9999961891760041,0.0028081808198809452,1.0028589291855732,0.999932982168675,0.009492362829065331,1.0068185976826425,0.0019528588839371106,-0.9999858848923417,0.9999529268451188
550.0,5,667.817798177111,88,0.36666666666666664,0.9999962152242523,0.002492027564819531,1.0022048984324488,0.9999341018240377,0.009433915679215787,1.0068205892473814,0.0017410034346027948,-0.9999859068527531,0.9999529176201231
550.0,5,667.817798177111,89,0.37083333333333335,0.9999962178181859,0.0024355358924540117,1.0020756338505095,0.9999352530002745,0.009545044685523365,1.0072877168368142,0.0017092932201260233,-0.9999859334169983,0.9999530011658357
550.0,5,667.817798177111,90,0.375,0.9999962342052517,0.0025612585484304376,1.0023668047757026,0.9999365041088888,0.009496839004224988,1.007333792206044,0.0018055087367783483,-0.9999860262632686,0.9999529500526542
550.0,5,667.817798177111,91,0.37916666666666665,0.9999962672506691,0.002835703115363031,1.002939783503149,0.9999376819895429,0.009331192944305658,1.0070611767257738,0.0020080670331535004,-0.9999861536176423,0.9999528426751686
550.0,5,667.817798177111,92,0.38333333333333336,0.9999963173485461,0.003073886573388349,1.0034017044380772,0.9999388043196812,0.009212324277003376,1.006904592888319,0.002186938036738938,-0.9999863125196601,0.9999527165497041
550.0,5,667.817798177111,93,0.3875,0.9999963701169331,0.002845069326277087,1.0029926354207077,0.9999398591254484,0.009107053051402667,1.0067755309656865,0.0020329146967662704,-0.9999862429005144,0.9999525698820301
550.0,5,667.817798177111,94,0.39166666666666666,0.9999963868275871,0.0023871152972070593,1.0020442218267687,0.9999408570502797,0.008963942560856258,1.006534466093655,0.0017130620752030701,-0.9999860911690904,0.9999524096700847
550.0,5,667.817798177111,95,0.3958333333333333,0.9999963666921193,0.002143213764037892,1.0013866456165708,0.9999417861562244,0.008853192339039128,1.0063710650840374,0.0015449300026913987,-0.9999858902768248,0.9999522330066273
550.0,5,667.817798177111,96,0.4,0.9999963410420841,0.0022365186844084937,1.0016402851196666,0.9999427677722457,0.008937208151752933,1.0067522088958563,0.0016188368038648911,-0.9999860217229412,0.9999523824923212
550.0,5,667.817798177111,97,0.4041666666666667,0.9999963357943644,0.002491511723482444,1.0022579565099197,0.9999438353300798,0.00896028581634516,1.0069702423019353,0.0018107945692012867,-0.9999862156097533,0.9999523944798291
550.0,5,667.817798177111,98,0.4083333333333333,0.9999963429060693,0.002673409425907149,1.002645479852815,0.9999447801263459,0.00880969373169379,1.0067145997686293,0.0019513084854467235,-0.9999864331899609,0.9999521483237831
550.0,5,667.817798177111,99,0.4125,0.9999963643941814,0.002674490037836066,1.002655807831615,0.9999456664078525,0.008693288876157983,1.0065391412848228,0.001960236244537886,-0.9999864241415598,0.9999518765129304
550.0,5,667.817798177111,100,0.4166666666666667,0.9999963767812869,0.002428449291207077,1.0021349547483231,0.9999465443794588,0.00855328990107635,1.0062974085149266,0.0017871335147378311,-0.9999862415526009,0.9999515899815486
550.0,5,667.817798177111,101,0.42083333333333334,0.9999963515775945,0.002160217880592563,1.001427989851126,0.999947319071014,0.008465331083423915,1.0061805472954364,0.0015961022854210443,-0.9999858916470262,0.9999513051862781
550.0,5,667.817798177111,102,0.425,0.999996304332623,0.0021029255452706948,1.0012062405878426,0.9999480818022068,0.008575749735751531,1.00659842094537,0.0015598731733721335,-0.9999858081931452,0.9999516571780749
550.0,5,667.817798177111,103,0.42916666666666664,0.9999962666959642,0.0021824904328422313,1.0014362762092788,0.9999489409345671,0.00857605751404075,1.0067294435939442,0.0016250140979898328,-0.9999859280319962,0.9999516059521724
550.0,5,667.817798177111,104,0.43333333333333335,0.9999962448613917,0.0023857181545464917,1.001969943333406,0.9999497546688152,0.008417533704015266,1.0064410806539446,0.001783094250939392,-0.999986208794003,0.9999512360864213
550.0,5,667.817798177111,105,0.4375,0.9999962365000431,0.0026282851524367687,1.0025108962067566,0.9999505191636626,0.008297882358490632,1.0062444114274613,0.0019722054596705567,-0.9999865287529179,0.9999508395213035
550.0,5,667.817798177111,106,0.44166666666666665,0.9999962394112082,0.0025149239949974925,1.0022671937829957,0.9999512325554487,0.008201374083937807,1.0061006846730671,0.001894037917867817,-0.9999863273785669,0.999950423902327
550.0,5,667.817798177111,107,0.44583333333333336,0.9999962195242099,0.0021669127192424035,1.0013537192808715,0.9999518981402278,0.008074793517842956,1.005865467449888,0.0016376744654043275,-0.9999858043725794,0.9999499920831934
550.0,5,667.817798177111,108,0.45,0.9999961699085772,0.0020008070753104283,1.0005886257492524,0.9999525090215323,0.007951462431755032,1.0056257081507052,0.0015177495374079062,-0.9999852063315262,0.9999495372803503
550.0,5,667.817798177111,109,0.45416666666666666,0.9999961125799524,0.002031187759779825,1.000690607306217,0.9999531368306847,0.008014081453911194,1.0059103420076319,0.0015460043013236062,-0.9999852706809121,0.9999497394014406
550.0,5,667.817798177111,110,0.4583333333333333,0.9999960741126683,0.0021865041001663536,1.0013084613570753,0.9999538562150996,0.008080240183949977,1.0062075126373524,0.001669601755886987,-0.999985619285958,0.9999499700590592
550.0,5,667.817798177111,111,0.4625,0.9999960468961875,0.0023408672328390115,1.0017488474385707,0.999954494908324,0.007951757849898091,1.0059719920447208,0.001793591152460357,-0.9999860001242804,0.999949448170155
550.0,5,667.817798177111,112,0.4666666666666667,0.9999960349600834,0.002376794200711501,1.0018369615859193,0.9999550675531407,0.007836993343238575,1.0057588151857446,0.0018271875781353203,-0.9999859805225775,0.9999489002565853
550.0,5,667.817798177111,113,0.4708333333333333,0.9999960230229695,0.0022297561077792884,1.00141155551636,0.999955640346787,0.007717449368745216,1.0055288909435085,0.0017196252119363517,-0.9999856535351497,0.9999483335372558
550.0,5,667.817798177111,114,0.475,0.9999959840727198,0.002060662649014125,1.0006790592157813,0.9999561402674984,0.0076131191371465725,1.0053246123527588,0.0015941703889494532,-0.9999848950328947,0.9999477436116904
550.0,5,667.817798177111,115,0.4791666666666667,0.9999959235623371,0.00203512612261824,1.0003614541345474,0.9999566031232926,0.007705683416117204,1.0056696099965623,0.001579189449213345,-0.9999846020357287,0.9999482013230571
550.0,5,667.817798177111,116,0.48333333333333334,0.9999958698094312,0.002066265199138095,1.0005278928194778,0.999957153558309,0.0077526594777306695,1.0058923708343337,0.0016079694724677807,-0.9999846483348592,0.9999483365705806
550.0,5,667.817798177111,117,0.4875,0.9999958322496468,0.002164682189377108,1.001018458364546,0.9999576854574403,0.007615781835039871,1.005616869098826,0.0016893337889239363,-0.9999850936798733,0.9999476884873374
550.0,5,667.817798177111,118,0.49166666666666664,0.9999958063374642,0.002343070216047589,1.001611466163709,0.9999581728341663,0.007499996755267124,1.0053854013182784,0.0018340733053104207,-0.9999855806392379,0.9999470056262947
550.0,5,667.817798177111,119,0.49583333333333335,0.999995796433204,0.0023211821792297875,1.0015402275324743,0.9999586223905288,0.0074156519795197055,1.005231876470255,0.0018219630881896865,-0.999985427902654,0.9999463009527779
550.0,5,667.817798177111,120,0.5,0.9999957735405066,0.0021125489265305477,1.0006878475689756,0.9999590309738279,0.007311784541376614,1.0050112762873649,0.0016623572281814704,-0.99998451987001,0.9999455741502595
550.0,5,667.817798177111,121,0.5041666666666667,0.9999957241928521,0.0020708587626734228,0.9998409596942528,0.9999593975676465,0.007191028436978452,1.0047247262823504,0.0016339771253367653,-0.9999834951232879,0.9999448139732358
550.0,5,667.817798177111,122,0.5083333333333333,0.9999956644557579,0.002088042772656801,0.999779214572942,0.9999597590733503,0.007224913721396287,1.0049025924495916,0.001651582175202334,-0.9999832896358668,0.9999448794259554
550.0,5,667.817798177111,123,0.5125,0.9999956227426597,0.0021089908659133404,1.000375797743232,0.9999602091086465,0.0073201818557135775,1.0052664143326056,0.001671823358197589,-0.9999838082491463,0.9999455408379001
550.0,5,667.817798177111,124,0.5166666666666667,0.9999955924860734,0.002186938377924163,1.0008666169630815,0.9999606152808438,0.00722711450614428,1.0050818151717973,0.001737745082589294,-0.9999843727568374,0.9999447248392721
550.0,5,667.817798177111,125,0.5208333333333334,0.9999955776953079,0.0022249287257202137,1.0010281523491475,0.9999609509417439,0.007118763201966558,1.004834156322429,0.001772053262679338,-0.9999844449872106,0.9999438806043108
550.0,5,667.817798177111,126,0.525,0.999995568977708,0.0021629852811212735,1.000703787423312,0.9999612888106172,0.007024629625025189,1.0046225353002922,0.001726458690117497,-0.999984073445626,0.9999430104738815
550.0,5,667.817798177111,127,0.5291666666666667,0.999995539878173,0.002111986275985003,0.9999730113137661,0.9999615781165297,0.006920194916350549,1.0043609530293263,0.0016892596234961003,-0.999982897827475,0.9999421033203353
550.0,5,667.817798177111,128,0.5333333333333333,0.9999954877404575,0.002147001523092154,0.999558834506627,0.9999618156260924,0.006983958152649574,1.004613171587876,0.0017206904817196336,-0.9999822797046013,0.9999424584685773
550.0,5,667.817798177111,129,0.5375,0.9999954389852787,0.002149379069618442,0.9996570837823203,0.9999621276755909,0.0070654045726269606,1.0049208752461263,0.0017257750652074969,-0.9999821504131582,0.9999429844948452
550.0,5,667.817798177111,130,0.5416666666666666,0.9999954070361434,0.0021443232029172577,1.0001015745022233,0.9999624450752693,0.006962760131814634,1.0046854723030916,0.0017247226760283376,-0.9999827921808151,0.9999420417896584
550.0,5,667.817798177111,131,0.5458333333333333,0.9999953864247648,0.0022074001518560737,1.0007200388565185,0.9999627205938195,0.006856855591422496,1.0044228016834882,0.0017788726944695061,-0.9999834676717794,0.9999410598116117
550.0,5,667.817798177111,132,0.55,0.9999953838141821,0.002224887560349084,1.0008175738645906,0.9999629671132073,0.006787597843406558,1.0042608750843094,0.0017961185393894012,-0.999983572882049,0.9999400475029719
550.0,5,667.817798177111,133,0.5541666666666667,0.9999953754677027,0.002150775629988157,1.0000510604698287,0.9999631767832804,0.006709534645765082,1.0040566616168376,0.001738742815831456,-0.9999822726550727,0.9999389977286562
550.0,5,667.817798177111,134,0.5583333333333333,0.9999953414503049,0.002241130352075698,0.9991469973089847,0.9999633530901947,0.006606633626748125,1.0037489331667895,0.0018146795143300564,-0.9999808293205795,0.9999379102699985
550.0,5,667.817798177111,135,0.5625,0.9999952924276554,0.002300896539100253,0.9989174837754066,0.999963510331924,0.006613860796018587,1.0038161460750004,0.00186574412709796,-0.9999801383697049,0.9999376200753393
550.0,5,667.817798177111,136,0.5666666666666667,0.9999952595015917,0.0022097870243559877,0.9994659872689439,0.9999637472713024,0.006717486254180381,1.0042213140068421,0.0017938252089637818,-0.9999808571568601,0.9999387289967088
550.0,5,667.817798177111,137,0.5708333333333333,0.9999952396908713,0.0021818146822999507,1.0000035154302387,0.9999639722839326,0.006667793988716395,1.0041150538729982,0.0017733218962708082,-0.999981629498611,0.9999378282217926
550.0,5,667.817798177111,138,0.575,0.9999952349096308,0.0021891329925420346,1.0002333211082792,0.9999641234096373,0.006574024018243804,1.0038391937243587,0.0017814825962701385,-0.9999819184633415,0.9999366806431353
550.0,5,667.817798177111,139,0.5791666666666667,0.9999952404024289,0.0021816593744376452,1.0000089504937626,0.9999642734892753,0.006506901575608368,1.0036435241150787,0.0017773053608328374,-0.9999816037192663,0.9999354959692731
550.0,5,667.817798177111,140,0.5833333333333334,0.9999952295611422,0.002238562004707653,0.9993063787379294,0.9999643934864937,0.006419170924522172,1.0033520866634205,0.0018254322203779024,-0.9999800599635559,0.9999342560517219
550.0,5,667.817798177111,141,0.5875,0.9999951918991892,0.002351427742790133,0.9987997915874086,0.9999644523966373,0.006453524198158826,1.0034991348080313,0.0019191631668944013,-0.9999790242011056,0.9999342850244028
550.0,5,667.817798177111,142,0.5916666666666667,0.999995152579477,0.002353637398830659,0.9988240932323788,0.9999645695150362,0.006549859628641839,1.0038728358311229,0.0019224007157198943,-0.999978613456318,0.9999354034811214
550.0,5,667.817798177111,143,0.5958333333333333,0.9999951300857127,0.0022749028181491895,0.9992189344604813,0.9999647133088705,0.006489605935053228,1.0037023948341117,0.001859222356795126,-0.9999794767609731,0.9999341797186758
550.0,5,667.817798177111,144,0.6,0.9999951199805303,0.002211978693598776,0.9998398233552677,0.9999648167881392,0.006402418767749639,1.003414036024094,0.0018091646621388145,-0.9999803659336297,0.9999329123995163
550.0,5,667.817798177111,145,0.6041666666666666,0.9999951284000512,0.002208140351218089,1.0000925665082931,0.9999648955301299,0.0063518137540139,1.0032429235657565,0.0018072738622049746,-0.9999809586245502,0.9999316035251283
550.0,5,667.817798177111,146,0.6083333333333333,0.9999951362414335,0.0022411639409429893,0.9994361412295232,0.9999649391791798,0.006301602252395977,1.0030540972329716,0.001834838154761065,-0.9999793214798213,0.9999302351587621
550.0,5,667.817798177111,147,0.6125,0.9999951174207494,0.0024516740027624518,0.9984990405307043,0.9999649539012074,0.006229258190256718,1.0027451849537006,0.002008015426808979,-0.9999775154719289,0.9999288238437491
550.0,5,667.817798177111,148,0.6166666666666667,0.9999950769423126,0.002592130747229253,0.9981064872534351,0.9999649400244663,0.006221743225376888,1.0027055981418254,0.002123822453830072,-0.9999761437367681,0.9999279467844928
550.0,5,667.817798177111,149,0.6208333333333333,0.9999950478415113,0.002442302130984803,0.9985778557995235,0.9999649932204016,0.0063135160490429484,1.0031205915520207,0.0020009957286881807,-0.9999770719503835,0.9999293815892102
550.0,5,667.817798177111,150,0.625,0.9999950347960584,0.00230694023702896,0.9991556422891442,0.9999650627415099,0.00630611970426136,1.0031129134042271,0.0018902061806879045,-0.9999780536117405,0.9999287552405626
550.0,5,667.817798177111,151,0.6291666666666667,0.9999950362814746,0.002261817325136801,0.9994486090343179,0.9999650558078378,0.006237612418819539,1.00281955557441,0.0018534515706343205,-0.9999786824382463,0.9999273482749855
550.0,5,667.817798177111,152,0.6333333333333333,0.9999950511693477,0.0022762115922980784,0.9993186022178483,0.9999650399787406,0.006197842177486818,1.0026315191935742,0.0018651473285149164,-0.9999783475256075,0.999925881451048
550.0,5,667.817798177111,153,0.6375,0.9999950521891968,0.002415494388594888,0.9986691151262652,0.999965007458739,0.006140978462106191,1.0023347489599448,0.001978947715555402,-0.9999767632706847,0.9999243516771359
550.0,5,667.817798177111,154,0.6416666666666667,0.9999950201663927,0.0026128607335045837,0.9980797536102791,0.9999649076304129,0.006156397368142302,1.0023730281010592,0.0021401039192281705,-0.9999752802895535,0.9999238331612664
550.0,5,667.817798177111,155,0.6458333333333334,0.9999949788528808,0.002641514885997941,0.9980238415367866,0.9999648462639504,0.006246369444984128,1.0027836309469527,0.0021627591854860243,-0.9999747033272545,0.9999253032882937
550.0,5,667.817798177111,156,0.65,0.9999949531060317,0.0025268993007820234,0.9983652848213945,0.999964831390725,0.0062295084959896165,1.0027011611109935,0.0020678046538234987,-0.9999755668573523,0.9999242350985438
550.0,5,667.817798177111,157,0.6541666666666667,0.9999949419008889,0.002364156328072634,0.9989698622859852,0.999964777807966,0.006171349735945069,1.002395969692935,0.0019337909374290837,-0.9999766515321753,0.99992277261494
550.0,5,667.817798177111,158,0.6583333333333333,0.999994949543978,0.002293164187976269,0.9993549995180279,0.9999646994025471,0.006143764552622869,1.002213933848428,0.0018749619271318952,-0.9999777709454221,0.9999212527055559
550.0,5,667.817798177111,159,0.6625,0.9999949604592266,0.00239198211820407,0.9988327421326237,0.9999645857184506,0.00612275360811187,1.0020386937024701,0.00195415818644161,-0.9999760872404215,0.9999196503955744
550.0,5,667.817798177111,160,0.6666666666666666,0.9999949417475716,0.002701092350459099,0.9978867394781855,0.9999644434057139,0.00608881811908751,1.0017434524131286,0.002204964194387575,-0.9999740859640193,0.9999179989260266
550.0,5,667.817798177111,161,0.6708333333333333,0.999994892976824,0.0029395207115762516,0.9973450396229668,0.9999642652548895,0.006085090729754208,1.0016097915751425,0.002397844968261607,-0.9999719711557754,0.9999163817226474
550.0,5,667.817798177111,162,0.675,0.9999948467590144,0.0027893624202898217,0.9977103247157597,0.999964138283838,0.006153235227491787,1.0020023333127095,0.0022727535220779895,-0.9999730381159789,0.9999180511456881
550.0,5,667.817798177111,163,0.6791666666666667,0.9999948201169504,0.0025685169273441254,0.9983177271061446,0.9999640535363691,0.006176836313717346,1.0021031257038084,0.0020904484042125857,-0.9999741606861582,0.9999179383436875
550.0,5,667.817798177111,164,0.6833333333333333,0.9999948082520688,0.0024654340584714845,0.9986692538295753,0.9999638912457278,0.006143373563783301,1.001808478997322,0.002004513607224346,-0.9999751766107386,0.9999164215104192
550.0,5,667.817798177111,165,0.6875,0.9999948125559309,0.002476047533128786,0.998627354245414,0.9999637070733793,0.006131960817392655,1.0016187547484667,0.0020107810341849154,-0.9999749077673504,0.9999148153629579
550.0,5,667.817798177111,166,0.6916666666666667,0.9999948047406615,0.0026642510552796236,0.9980510110555642,0.9999635156144465,0.006113497416869766,1.0013354307124511,0.002160813956023496,-0.9999735534797054,0.9999131433112901
550.0,5,667.817798177111,167,0.6958333333333333,0.9999947551063704,0.0029408209779461236,0.9973943540732082,0.9999632523343577,0.0061281711534261095,1.0012711191460824,0.002381828731728276,-0.9999717484699514,0.999911978622432
550.0,5,667.817798177111,168,0.7,0.9999946847406093,0.0030167628659496038,0.9972521895813509,0.9999630033279898,0.006198054486694345,1.0016862117946128,0.00243969262595942,-0.9999711232684703,0.999913486993778
550.0,5,667.817798177111,169,0.7041666666666667,0.9999946268408133,0.0029008922331765353,0.9975364464984735,0.9999628194990808,0.006215856422533176,1.0017081652351496,0.002342092650558287,-0.9999717480819905,0.9999129322894857
550.0,5,667.817798177111,170,0.7083333333333334,0.9999945864501496,0.0026835964706889873,0.998110674912794,0.999962600272168,0.006194945501839562,1.0013993051867232,0.0021631687367400097,-0.9999729072888499,0.999911494410736
550.0,5,667.817798177111,171,0.7125,0.9999945659086988,0.0025329695673865773,0.9985996608233481,0.9999623515297164,0.006194604003552522,1.0012046154916932,0.0020386845136686903,-0.9999741590220866,0.9999099715178038
550.0,5,667.817798177111,172,0.7166666666666667,0.9999945526945518,0.002647936702470216,0.9982327932187877,0.9999620654874347,0.006202910883155582,1.001041321939063,0.002127194114834796,-0.9999730757579001,0.9999083629060594
550.0,5,667.817798177111,173,0.7208333333333333,0.9999945043418368,0.0030238875452342066,0.9973024345670659,0.9999617469280568,0.006208833542074504,1.0007704309391485,0.002424464659093367,-0.9999712028555741,0.9999066932206955
550.0,5,667.817798177111,174,0.725,0.9999944154759686,0.0033568396932556525,0.9966340585194039,0.9999613860722862,0.006226796576587945,1.0005642053006083,0.002686526462131727,-0.9999690827624116,0.999904951389432
550.0,5,667.817798177111,175,0.7291666666666666,0.9999943153597041,0.003257455031947609,0.9968659975001629,0.9999610567778582,0.00627303523809146,1.0009034748561496,0.0026012376026075252,-0.999969625767603,0.9999061181309266
550.0,5,667.817798177111,176,0.7333333333333333,0.9999942378944511,0.002987229645250351,0.9974886163304642,0.9999607942659717,0.006310664585280043,1.0011130740028722,0.0023800064170787015,-0.9999706920698479,0.9999066077069679
550.0,5,667.817798177111,177,0.7375,0.999994176955257,0.002836005734912406,0.9978951346616731,0.9999604560575823,0.0063163402506442,1.0008396684455776,0.002254724453101975,-0.9999718520929191,0.9999052678475921
550.0,5,667.817798177111,178,0.7416666666666667,0.9999941354719818,0.0028284073939699467,0.9979355537891048,0.9999600764723763,0.006334662326585445,1.0006396219630451,0.002243620679962443,-0.9999718445488849,0.9999038196045209
550.0,5,667.817798177111,179,0.7458333333333333,0.9999940838440748,0.0030302253146696862,0.9974474316937683,0.9999596953939807,0.006354365178432272,1.0003830975462438,0.0023979803432894885,-0.9999710045090204,0.9999023047828809
550.0,5,667.817798177111,180,0.75,0.9999939789817941,0.003366748382231348,0.9967452370998063,0.9999592393139708,0.006386534282002269,1.0002329872741211,0.0026577207382774796,-0.9999692584266406,0.9999007221916116
550.0,5,667.817798177111,181,0.7541666666666667,0.999993836264491,0.0035026959928659523,0.9965117562805484,0.9999587672861996,0.006436265767775039,1.0006211778980565,0.002757959984046862,-0.9999686655584299,0.9999019283165181
550.0,5,667.817798177111,182,0.7583333333333333,0.9999937003555103,0.0034125736965898022,0.9967354557749475,0.9999583777857485,0.006473576272674839,1.000755251861388,0.002679683257598316,-0.9999689103361812,0.9999019239737913
550.0,5,667.817798177111,183,0.7625,0.9999935856415806,0.003185805058099933,0.9972705902027877,0.9999579602241645,0.006491999134044639,1.000461151628583,0.002494799420270412,-0.9999698852565893,0.9999008660026775
550.0,5,667.817798177111,184,0.7666666666666667,0.9999934930072886,0.0029757706315600065,0.9978352110990719,0.9999575034129878,0.006521396038242884,1.0002530957983127,0.0023243531580122248,-0.999971038992962,0.9998996922917662
550.0,5,667.817798177111,185,0.7708333333333334,0.9999934140142057,0.0030633149857978163,0.9976372353938315,0.9999570051146072,0.006557439378385764,1.0001012575698502,0.0023858395437962756,-0.999970737918941,0.9998984411073136
550.0,5,667.817798177111,186,0.775,0.9999932918145952,0.00346596997761367,0.9967480543666127,0.9999564658606709,0.006598759371154493,0.9998622682636905,0.0026912104149300667,-0.999969447361176,0.9998971208649727
550.0,5,667.817798177111,187,0.7791666666666667,0.99999311502526,0.003873320990794354,0.995978776502631,0.9999558775504088,0.006648237317509442,0.999608635103342,0.0029989227343346636,-0.9999678656660742,0.9998956996335153
550.0,5,667.817798177111,188,0.7833333333333333,0.999992907282817,0.0038589983896670475,0.9960582934887008,0.9999552967085132,0.006686659824875321,0.9998725052629667,0.002978338969611105,-0.9999677984365234,0.999896124968288
550.0,5,667.817798177111,189,0.7875,0.9999927235762811,0.003579145801445685,0.9966786894351547,0.9999548061728557,0.006723877731943038,1.000182802729901,0.0027531053405475056,-0.9999684959654528,0.9998969515529952
550.0,5,667.817798177111,190,0.7916666666666666,0.9999925605319435,0.003397964818676967,0.9971381853558527,0.9999542476459266,0.0067641140148878955,0.9999579444181742,0.002605485643103127,-0.9999693698001452,0.9998961648501453
550.0,5,667.817798177111,191,0.7958333333333333,0.9999924217957533,0.0033692413140243905,0.9972565449336921,0.9999536201725435,0.006812692448400979,0.9997433133778175,0.0025750937025930676,-0.9999696979799501,0.9998952798966547
550.0,5,667.817798177111,192,0.8,0.9999922765229664,0.00355603754119983,0.9968674069478398,0.9999529929513795,0.006864475502464607,0.9995226609871847,0.0027086850862366816,-0.9999695253338166,0.9998943241056468
550.0,5,667.817798177111,193,0.8041666666666667,0.9999920640841927,0.003922451985494918,0.9961474352840232,0.9999522892792431,0.0069243419006960434,0.9993135024694343,0.002977480086948559,-0.9999685495713623,0.9998932759425113
550.0,5,667.817798177111,194,0.8083333333333333,0.9999917881994117,0.00412109498960137,0.9958202611129064,0.9999515320387729,0.006966359345997356,0.9996473460828268,0.003117234767243899,-0.9999679955126793,0.9998935225870035
550.0,5,667.817798177111,195,0.8125,0.9999915093626817,0.004074063744860653,0.9959813158384951,0.9999508718362705,0.007009551716763892,0.999893687090865,0.0030703493793565167,-0.9999678771309298,0.9998937324394643
550.0,5,667.817798177111,196,0.8166666666666667,0.9999912564283662,0.0038703684711848584,0.9964745813268663,0.9999501991726159,0.007061586482685355,0.9996390124949344,0.0029060014951301488,-0.9999683646409544,0.9998934166949689
550.0,5,667.817798177111,197,0.8208333333333333,0.999991029863044,0.0036360156678781896,0.9970885899833476,0.9999494720415615,0.007120161341040087,0.9994192252854462,0.0027204394390502934,-0.999969073139197,0.9998929812699558
550.0,5,667.817798177111,198,0.825,0.9999908276499037,0.003672919533102353,0.9970655920039937,0.9999486971081574,0.007180653121859157,0.9992806745806551,0.0027377708617005196,-0.9999693526346938,0.99989247448278
550.0,5,667.817798177111,199,0.8291666666666667,0.9999905731994903,0.004062407379299129,0.9962450304767131,0.999947868119223,0.00724955928806024,0.9990792820462745,0.003015993343301379,-0.9999690599247942,0.9998918926645199
550.0,5,667.817798177111,200,0.8333333333333334,0.9999902436522716,0.004513647087744909,0.9954025945346711,0.9999469824324605,0.007330164498326252,0.998805906149082,0.0033383657974914082,-0.9999684443486017,0.9998911841291245
550.0,5,667.817798177111,201,0.8375,0.9999898559271927,0.004597497706461377,0.9953220262776421,0.999946075189586,0.007378405874011639,0.9989845524525153,0.00338680173379608,-0.9999681532999589,0.9998911042539419
550.0,5,667.817798177111,202,0.8416666666666667,0.9999894902095335,0.004343203328366843,0.9959208564650909,0.9999452802521825,0.007410252264602558,0.9993803511947525,0.003185898758121317,-0.9999681974523131,0.9998916047192072
550.0,5,667.817798177111,203,0.8458333333333333,0.9999891533140893,0.004150714569473615,0.9964337425398394,0.9999444365514855,0.007473744609322203,0.9992342302383271,0.003032401820499813,-0.9999684879202327,0.9998916747424564
550.0,5,667.817798177111,204,0.85,0.9999888485740631,0.004105381830743753,0.9966284712963065,0.999943487846883,0.007550043421311029,0.9990095009625383,0.002987121768761875,-0.9999688504204234,0.9998916665259194
550.0,5,667.817798177111,205,0.8541666666666666,0.9999885448729086,0.004260960504892074,0.9963458808049596,0.9999425359915786,0.007625495788995883,0.9988308828439171,0.0030873464621976408,-0.9999692235950912,0.9998915866179336
550.0,5,667.817798177111,206,0.8583333333333333,0.9999881586459025,0.004625005861795204,0.995639292101781,0.999941510661574,0.007712262228810716,0.9985940713628453,0.0033368933972694713,-0.9999693210970558,0.9998913893947002
550.0,5,667.817798177111,207,0.8625,0.9999876714631089,0.004877497555006787,0.9952236054405528,0.9999403862829216,0.007763155188088798,0.9988579360002926,0.0035039390086252366,-0.9999691809853029,0.9998910599930523
550.0,5,667.817798177111,208,0.8666666666666667,0.9999871646435564,0.004881147976135418,0.9953225853722373,0.9999393680222572,0.007806647971698236,0.9992106360859639,0.0034911043101541243,-0.9999689304005611,0.999890855247642
550.0,5,667.817798177111,209,0.8708333333333333,0.9999866902876393,0.004718823372545352,0.9957762703967616,0.999938368349616,0.00788080870003789,0.9990252575704527,0.003359896871519491,-0.9999687432907771,0.999891448667371
550.0,5,667.817798177111,210,0.875,0.9999862506530213,0.004492632292595771,0.9964190821581073,0.9999372955162794,0.007963901848852217,0.9988013070914146,0.0031852077294239325,-0.9999687427007927,0.9998919448693392
550.0,5,667.817798177111,211,0.8791666666666667,0.9999858527746976,0.004477285836274868,0.9965710776446169,0.9999361675164943,0.008043805712296957,0.9986814890688882,0.0031604710456571176,-0.9999690101856892,0.9998923695488169
550.0,5,667.817798177111,212,0.8833333333333333,0.9999853971697832,0.004821909077372117,0.9958497503898287,0.9999349696348067,0.008131498876308076,0.9985239440591643,0.0033878346191798412,-0.9999698189922356,0.9998926969455066
550.0,5,667.817798177111,213,0.8875,0.9999848364835537,0.00528223578494673,0.9949651780528095,0.9999337076619212,0.008234476913686761,0.9982611834898508,0.0036947463127812467,-0.9999703549530153,0.9998929152739939
550.0,5,667.817798177111,214,0.8916666666666667,0.9999841809449999,0.005457138748461715,0.9947296790727295,0.9999323923338567,0.0083040516063475,0.9983583640518255,0.0037997515055040974,-0.9999704465765133,0.9998929083267254
550.0,5,667.817798177111,215,0.8958333333333334,0.9999835390535049,0.005255143006851195,0.9952876081040753,0.9999312087787842,0.008336001215572281,0.9988193901807758,0.003641401959666839,-0.9999698071282912,0.9998925174419042
550.0,5,667.817798177111,216,0.9,0.9999829421707629,0.005066691683871322,0.9958580008842882,0.9999300179242814,0.008409549700206265,0.998785417194253,0.003494535725400168,-0.9999693767703564,0.9998933004909033
550.0,5,667.817798177111,217,0.9041666666666667,0.9999823906545976,0.0050119229740184755,0.9961318829501641,0.9999286810919964,0.008505864418085415,0.9985651363235613,0.003440973207779843,-0.9999693822182714,0.999894190601026
550.0,5,667.817798177111,218,0.9083333333333333,0.9999818559131042,0.0051313684080421616,0.9959616814345518,0.9999273326065329,0.008596330899747422,0.9984330439688416,0.003506516865502559,-0.9999699621561925,0.9998950038933686
550.0,5,667.817798177111,219,0.9125,0.9999812255724936,0.0054640139208871254,0.9953033403097001,0.9999259242781532,0.00870008271377355,0.9982039278854655,0.003716247873052332,-0.9999710590544015,0.9998956929966655
550.0,5,667.817798177111,220,0.9166666666666666,0.9999804426859699,0.005750947530573904,0.9948141662143483,0.9999243684947683,0.008770348175123033,0.9983965435395863,0.0038929196050400128,-0.9999715994720668,0.9998954576100177
550.0,5,667.817798177111,221,0.9208333333333333,0.999979612795456,0.005803982331534285,0.9948558693177986,0.9999229194283366,0.008817511786981884,0.9988448179962853,0.003910016873724661,-0.9999715275719439,0.9998943171386304
550.0,5,667.817798177111,222,0.925,0.9999788255066905,0.005690377951219766,0.9952770044221001,0.9999215470271547,0.008900524221307757,0.9987626876028134,0.0038148820784409034,-0.9999707208229268,0.9998956692590403
550.0,5,667.817798177111,223,0.9291666666666667,0.9999780901317594,0.005495182472412183,0.995937059892227,0.9999200880082217,0.00899798748613309,0.998550622460572,0.0036669613805008624,-0.999970029883547,0.9998969481416017
550.0,5,667.817798177111,224,0.9333333333333333,0.9999774240329813,0.005440397262632104,0.9962594395147224,0.9999185699567593,0.009089493634985103,0.9984591446981584,0.0036137234687233888,-0.9999696571312652,0.9998981575672871
550.0,5,667.817798177111,225,0.9375,0.9999767069718,0.005718242912825836,0.9956722116522835,0.9999169703037831,0.009186075850189797,0.998355505984267,0.003779640274775476,-0.9999713430671128,0.9998992538528159
550.0,5,667.817798177111,226,0.9416666666666667,0.9999758460606839,0.006151729765605015,0.9947810138723864,0.9999153053974091,0.009297245427600187,0.9981339529788652,0.004047034271766466,-0.999972790187028,0.9999002648571892
550.0,5,667.817798177111,227,0.9458333333333333,0.9999748445954287,0.006392883672772057,0.9944095884830264,0.9999135614498876,0.009387293244616634,0.9981670853358711,0.004186146298459345,-0.9999736830222595,0.9999008702609685
550.0,5,667.817798177111,228,0.95,0.9999738384786169,0.0062590006205917635,0.9949112179432785,0.999911966558313,0.00942940445333986,0.9986740002678385,0.004078207564296779,-0.9999725700254628,0.9998997451201068
550.0,5,667.817798177111,229,0.9541666666666667,0.9999729081738667,0.0060874517995702935,0.9955455144185099,0.9999104430898622,0.009502559479351098,0.9987827157025617,0.003947547831143961,-0.9999715785929564,0.9999005007106275
550.0,5,667.817798177111,230,0.9583333333333334,0.9999720474636222,0.00603026564739291,0.9959067271778654,0.9999087420577376,0.00960478943447721,0.9985909373768959,0.0038925338295579107,-0.999971013249324,0.9999020002484064
550.0,5,667.817798177111,231,0.9625,0.9999712349416748,0.0061145730983360146,0.9958557193597188,0.9999070196833174,0.00970013203035004,0.9985095695199985,0.003928638311508158,-0.9999716319970463,0.9999034091409209
550.0,5,667.817798177111,232,0.9666666666666667,0.9999703254728971,0.006391614398097061,0.9952828117851765,0.9999052729481879,0.009804744258850232,0.9983244479364456,0.004087592953669886,-0.9999731530180496,0.9999047230224605
550.0,5,667.817798177111,233,0.9708333333333333,0.9999692021230357,0.006684002005672196,0.9947453452065351,0.9999033438825565,0.009891791349225241,0.9984574713846343,0.004254910174489261,-0.9999743644472808,0.9999050813005306
550.0,5,667.817798177111,234,0.975,0.99996799179533,0.006776305984112889,0.9947392821190318,0.9999015124633376,0.009950010359781825,0.9989854086857359,0.00429383668488797,-0.9999744696493162,0.9999034391216095
550.0,5,667.817798177111,235,0.9791666666666666,0.9999668407773044,0.006710208675472929,0.9951398496183811,0.9998998563464543,0.010030116719193327,0.9990416747768328,0.004232262310283913,-0.99997349303307,0.9999046766403897
550.0,5,667.817798177111,236,0.9833333333333333,0.999965776923486,0.006558800581733201,0.9958147027540758,0.9998981248758947,0.01012528134063445,0.9988637517340032,0.004118559609016072,-0.9999723764080258,0.9999063586088516
550.0,5,667.817798177111,237,0.9875,0.9999648256450547,0.006484669868826805,0.9962982649574352,0.9998963439071393,0.010215814546949715,0.9988117173478004,0.004054828748452281,-0.9999713522374505,0.9999079700787866
550.0,5,667.817798177111,238,0.9916666666666667,0.9999638572544431,0.006682105973271874,0.9958834116253786,0.9998944887927397,0.010308468363914728,0.9987732411996083,0.0041595499624363305,-0.9999732258945484,0.9999094792515256
550.0,5,667.817798177111,239,0.9958333333333333,0.9999627065905293,0.007052073532708325,0.9950246483343383,0.9998925848772534,0.01041003140325103,0.9986198419505236,0.004370916372218132,-0.9999751272994141,0.9999109207712771
550.0,6,668.317798177111,0,0.0,0.9999704650604373,0.007475967750215753,1.007286793893789,0.9998677981271247,0.012118565591448402,1.0054294580661234,0.004394098708518005,-0.9999795173030008,0.999944851775096
550.0,6,668.317798177111,1,0.004166666666666667,0.9999715416616803,0.007171946680938139,1.0068023493840188,0.9998692823071919,0.012062910589100443,1.0054550890587748,0.0042269238578142646,-0.9999806486237438,0.9999456384527815
550.0,6,668.317798177111,2,0.008333333333333333,0.9999724402122393,0.006711550474584123,1.005931209363099,0.9998707627508066,0.011978844896487739,1.0053542244410623,0.003967520348314764,-0.9999816938703558,0.9999463998647322
550.0,6,668.317798177111,3,0.0125,0.999973178764915,0.006473768912745078,1.0055085752365447,0.9998722095511153,0.011938223550415397,1.005442981338851,0.003839423827658255,-0.9999825576793743,0.999947031918738
550.0,6,668.317798177111,4,0.016666666666666666,0.9999739314969559,0.006626576139431656,1.0059917790167605,0.9998739395924342,0.0120077947248843,1.0060396748138987,0.00394207256472355,-0.9999820508951376,0.999946300580486
550.0,6,668.317798177111,5,0.020833333333333332,0.999974799161309,0.006877415591198412,1.0066703012097966,0.9998758788434604,0.01199170697422255,1.0062939003847258,0.004104832714168113,-0.9999815698900901,0.9999464354445646
550.0,6,668.317798177111,6,0.025,0.9999757490489406,0.00700607493103303,1.0070726239890897,0.999877626069122,0.0118885862012198,1.0061780924397827,0.004196709163856137,-0.9999812108208924,0.9999471188055827
550.0,6,668.317798177111,7,0.029166666666666667,0.9999767580234593,0.006928667920071914,1.0070626571234689,0.99987938429041,0.011811471044682309,1.0061667353878667,0.004165446638214731,-0.999981477990395,0.9999477717447095
550.0,6,668.317798177111,8,0.03333333333333333,0.9999776823590811,0.006588151310192606,1.0065152743135213,0.9998811787329942,0.011704909385952447,1.0060491551522575,0.003975426346076395,-0.9999821614379173,0.9999483991518633
550.0,6,668.317798177111,9,0.0375,0.9999784064604811,0.006251714906074376,1.005932089351594,0.9998828016357258,0.01167062458477562,1.0061847004434907,0.0037867954819240314,-0.9999828747961306,0.9999487534208935
550.0,6,668.317798177111,10,0.041666666666666664,0.999979050267303,0.006173241314325881,1.0058754832757546,0.9998845532329662,0.011756140813500977,1.006770130847213,0.0037537742419760903,-0.9999830695686962,0.9999481817056076
550.0,6,668.317798177111,11,0.04583333333333333,0.9999797520651696,0.006289968443709459,1.006234896793368,0.9998865523796191,0.011713175360333263,1.0069164165618132,0.003839632993272331,-0.9999828478864784,0.9999484606016574
550.0,6,668.317798177111,12,0.05,0.9999805254109473,0.006551109292452098,1.0068708845531005,0.9998884868972845,0.01158368597357641,1.0067564636911062,0.004015565565877457,-0.9999825020124675,0.9999490036843887
550.0,6,668.317798177111,13,0.05416666666666667,0.9999813700922437,0.006753766932533802,1.0073734198770163,0.99989037989424,0.01148878631242752,1.0067119653042027,0.004157924305319114,-0.9999821909436828,0.9999495241915254
550.0,6,668.317798177111,14,0.058333333333333334,0.9999822071166163,0.006485223062361087,1.0069908364019926,0.9998922055485394,0.011402330458051389,1.006688828572098,0.004009122063631012,-0.999982754336674,0.9999500183080393
550.0,6,668.317798177111,15,0.0625,0.9999829046543883,0.005956902328936191,1.0060830682861415,0.9998939827592644,0.0112834239933729,1.0065483762947722,0.0036982048613792436,-0.9999834547112545,0.9999504940955114
550.0,6,668.317798177111,16,0.06666666666666667,0.9999834678844916,0.005611289991162963,1.0054839662784425,0.9998956825282992,0.011192805270178784,1.006496188243391,0.0034994014521909462,-0.9999840924893819,0.9999509485908991
550.0,6,668.317798177111,17,0.07083333333333333,0.9999840000921477,0.00572103471357685,1.0058013687937162,0.9998975188803695,0.011256754827618775,1.0069865312800224,0.0035830739542177417,-0.9999839182782079,0.9999505953525958
550.0,6,668.317798177111,18,0.075,0.9999846031466284,0.006010705284131166,1.006460094024864,0.9998995443668927,0.011260881364061085,1.0072865900461978,0.0037809223576818563,-0.9999836743964995,0.9999505196433573
550.0,6,668.317798177111,19,0.07916666666666666,0.9999852507744783,0.006183804847321874,1.0068778898592434,0.9999013900651995,0.011125621587746706,1.0071206576235958,0.003907870584230696,-0.9999834550424278,0.9999509106973279
550.0,6,668.317798177111,20,0.08333333333333333,0.9999859360760686,0.006146132797298469,1.0069102496968327,0.9999031690885882,0.011019210705607576,1.0070382078476496,0.003902049146735209,-0.9999836427581258,0.9999512742313541
550.0,6,668.317798177111,21,0.0875,0.999986572052682,0.005814920924219243,1.0064057216144346,0.9999049620789068,0.01088779374460801,1.006880504573771,0.0037088352622006264,-0.9999840026936748,0.9999516218913652
550.0,6,668.317798177111,22,0.09166666666666666,0.999987062837039,0.005410097269500993,1.005731680386405,0.9999065944448362,0.010806560098603533,1.0068613887902147,0.003466710325063574,-0.9999844937384,0.9999519251101527
550.0,6,668.317798177111,23,0.09583333333333334,0.9999874693450199,0.005277336208761788,1.005550691129684,0.9999082327483301,0.010895691662232823,1.0073689419625584,0.003397445363773012,-0.9999846354617759,0.9999516412840123
550.0,6,668.317798177111,24,0.1,0.9999878974766778,0.005378006250445987,1.0058170029615632,0.9999100641709627,0.010877814033022147,1.007564278130747,0.0034782435286684916,-0.9999846161727769,0.9999516789035641
550.0,6,668.317798177111,25,0.10416666666666667,0.9999883698084536,0.00564515922341558,1.0063823889902825,0.9999118354741913,0.010722720453270907,1.007350154799259,0.0036683262188747776,-0.999984486908112,0.9999519409393853
550.0,6,668.317798177111,26,0.10833333333333334,0.9999888809684536,0.0059163289674997645,1.0069354747556376,0.9999135373200608,0.010602421063922708,1.0072303816609895,0.0038637082890805668,-0.9999843995098835,0.9999521799659955
550.0,6,668.317798177111,27,0.1125,0.9999893999738053,0.005726415612744092,1.0066844419417682,0.9999151631087936,0.010500926175094143,1.0071578525631684,0.0037573774857938176,-0.9999846163210203,0.9999524014511106
550.0,6,668.317798177111,28,0.11666666666666667,0.9999898255777254,0.005174049154855154,1.005778010594787,0.9999167206058212,0.010369328782833231,1.006987935758775,0.0034108367588753237,-0.9999849735929465,0.9999526085090721
550.0,6,668.317798177111,29,0.12083333333333333,0.9999901530103488,0.004741498314804968,1.0050395984983946,0.9999181942110859,0.010242757372850686,1.0068217843168714,0.00314116285996326,-0.9999852718014438,0.9999527939041378
550.0,6,668.317798177111,30,0.125,0.9999904373078593,0.0047869924401785675,1.0051811376617035,0.9999197076326032,0.010291528651186386,1.0071847092449968,0.003186152588601083,-0.9999853093731569,0.9999527198856234
550.0,6,668.317798177111,31,0.12916666666666668,0.9999907640478467,0.005104548888490555,1.0058170014139896,0.9999213817086037,0.010332618402997608,1.0075312288102454,0.003413212554603767,-0.9999852623408214,0.9999526275911917
550.0,6,668.317798177111,32,0.13333333333333333,0.999991118006814,0.005326170278664019,1.0062623768959693,0.9999229230029927,0.010191740718178546,1.0073476886216004,0.0035787629941258165,-0.9999852481739445,0.9999527451418515
550.0,6,668.317798177111,33,0.1375,0.9999914982431201,0.005340400022650641,1.006347559571582,0.9999243612982237,0.010066549281037389,1.0071950294292287,0.003605696846526802,-0.9999853388871214,0.9999528423774029
550.0,6,668.317798177111,34,0.14166666666666666,0.9999918566149586,0.005051633121489927,1.0059124937873933,0.9999258026606949,0.00993138947763858,1.007015555731373,0.0034269842450870744,-0.9999854683958316,0.9999529260351714
550.0,6,668.317798177111,35,0.14583333333333334,0.9999921218502242,0.004610539295353534,1.0051862501166544,0.9999271209623138,0.009815166105085935,1.0068734217784674,0.0031426014728516026,-0.9999856254684217,0.999952993061756
550.0,6,668.317798177111,36,0.15,0.9999923162560005,0.004424622734472735,1.00488915651607,0.9999283820401333,0.009896260704514765,1.0072817930367335,0.0030301161276508723,-0.9999857004409338,0.9999529876605474
550.0,6,668.317798177111,37,0.15416666666666667,0.9999925155674235,0.0045037979903363055,1.0050724650952627,0.9999297888179941,0.009920350217715234,1.007538909295108,0.0030985929829318,-0.9999857590418593,0.9999529777664307
550.0,6,668.317798177111,38,0.15833333333333333,0.9999927449555994,0.004765805281234576,1.0055757326885477,0.9999311625818547,0.009762841827360478,1.0073036392624606,0.0032940616789386874,-0.9999858114940956,0.9999529757261699
550.0,6,668.317798177111,39,0.1625,0.9999929975940223,0.005088737185553104,1.0061660077568768,0.9999324627677008,0.009628032282231616,1.0071194466817208,0.003534407332638953,-0.9999859073067048,0.9999529498638433
550.0,6,668.317798177111,40,0.16666666666666666,0.9999932666276743,0.00500346164969821,1.0060684061443732,0.9999336981452661,0.009523042474699569,1.007008512464763,0.003491336665984164,-0.9999859627084389,0.9999529105613653
550.0,6,668.317798177111,41,0.17083333333333334,0.9999934814202959,0.0044697659703158,1.0052020224640756,0.9999348662837421,0.0093950065595717,1.006825302009327,0.0031328142038011997,-0.9999859716720872,0.9999528578091162
550.0,6,668.317798177111,42,0.175,0.9999936288910258,0.003980369338194687,1.0043620408255214,0.9999359644163814,0.00924945112838338,1.0065818288172124,0.0028029257764939633,-0.9999859137537523,0.9999527809303846
550.0,6,668.317798177111,43,0.17916666666666667,0.9999937376963106,0.003947012633261566,1.0043259806433777,0.9999370531837416,0.009273583460127719,1.0068134569144476,0.002791870839317891,-0.9999859528127677,0.9999528002206728
550.0,6,668.317798177111,44,0.18333333333333332,0.9999938725506403,0.0042685905801569755,1.0049301643285358,0.9999382744970166,0.009353453522519593,1.0072040889556817,0.003032239972050185,-0.9999860716284934,0.9999528712659413
550.0,6,668.317798177111,45,0.1875,0.9999940274366917,0.004532540327218013,1.005413046263718,0.9999394188400178,0.009230557498392262,1.007042377755738,0.0032342177654418333,-0.999986230987349,0.9999527250411121
550.0,6,668.317798177111,46,0.19166666666666668,0.9999942026855512,0.004600394227662782,1.0055591479974018,0.9999404528180216,0.009094860129422391,1.0068307381654402,0.003297317137162495,-0.9999863007271665,0.9999525623927604
550.0,6,668.317798177111,47,0.19583333333333333,0.9999943736271848,0.004374694558954669,1.0052119595955822,0.9999414852890275,0.008969533923609628,1.006646112537992,0.0031491836085726864,-0.9999862794056317,0.9999523857693586
550.0,6,668.317798177111,48,0.2,0.999994489655684,0.003932350989048661,1.0044716218118737,0.9999424360785543,0.008833943953063993,1.0064199218268026,0.002842907590625858,-0.9999860699508569,0.9999521877468635
550.0,6,668.317798177111,49,0.20416666666666666,0.9999945516991123,0.0036994472273467693,1.0040672414345906,0.999943306763043,0.00889373317134124,1.006716774234269,0.0026858625359925206,-0.9999859801023014,0.999952306547245
550.0,6,668.317798177111,50,0.20833333333333334,0.999994612071492,0.0037497308806477437,1.004173456635645,0.9999442843122235,0.008962291977994946,1.0070402014831985,0.0027335808784742753,-0.9999860022901562,0.9999524305431443
550.0,6,668.317798177111,51,0.2125,0.9999946950918762,0.003992067157976765,1.0046219045760736,0.999945260387949,0.008822767119216535,1.0068207019333804,0.0029220490400693223,-0.9999862202667663,0.9999521649140265
550.0,6,668.317798177111,52,0.21666666666666667,0.9999947943927431,0.004338766371663793,1.0052327450448675,0.999946169779603,0.008681401606693843,1.0065848252193044,0.003189361259678502,-0.9999864715715877,0.9999518776810825
550.0,6,668.317798177111,53,0.22083333333333333,0.9999949127149393,0.004363541428544573,1.005296674699113,0.9999470301586919,0.008579804556975167,1.0064463645678023,0.0032207499338258233,-0.999986534169242,0.9999515753260912
550.0,6,668.317798177111,54,0.225,0.9999950050323835,0.003885242542137429,1.0045046181702602,0.9999478324906722,0.008464436241124007,1.006261396461666,0.0028786026811713577,-0.9999861726630292,0.9999512539100638
550.0,6,668.317798177111,55,0.22916666666666666,0.9999950512095421,0.0033753971665574545,1.0035966005091652,0.9999485818245467,0.008316599283998022,1.0059757742742481,0.0025108820757730327,-0.9999857423937247,0.9999509102351161
550.0,6,668.317798177111,56,0.23333333333333334,0.9999950670187876,0.0032627563072796803,1.0033858530815414,0.9999493011166648,0.008310771258473352,1.0060799673342202,0.002436445226175004,-0.999985577538525,0.9999508411088376
550.0,6,668.317798177111,57,0.2375,0.9999950999561686,0.0035542853592485427,1.0039404237244167,0.9999501260948435,0.008417964409554928,1.0065001759681427,0.0026635575555228877,-0.9999858535667919,0.9999512072465234
550.0,6,668.317798177111,58,0.24166666666666667,0.999995149828089,0.0038439965686802003,1.0044655594937941,0.9999509232323065,0.008331083946055005,1.0063971348563105,0.0028913951228906843,-0.9999861716419636,0.9999508486248627
550.0,6,668.317798177111,59,0.24583333333333332,0.999995216193444,0.003957781742840153,1.0046757403960336,0.9999516156011221,0.008192848853886932,1.0061407992370197,0.002988098172185522,-0.9999862997533345,0.9999504180901903
550.0,6,668.317798177111,60,0.25,0.99999528818449,0.003802008255189628,1.0044241834382879,0.9999523022301025,0.008083483446910721,1.0059583941003347,0.0028807695637614824,-0.9999862077539012,0.9999499704550099
550.0,6,668.317798177111,61,0.25416666666666665,0.9999953298927975,0.0033914929811823115,1.0037033763561742,0.9999529407701372,0.007944884010391355,1.0056840599664827,0.0025787111139119368,-0.9999856100054688,0.9999494930311253
550.0,6,668.317798177111,62,0.25833333333333336,0.9999953316463652,0.0031267819920835767,1.003201504865265,0.9999534959623483,0.007974512738962094,1.0058634646083595,0.0023855856264620705,-0.999985240424967,0.9999495545551611
550.0,6,668.317798177111,63,0.2625,0.9999953291042347,0.0031424197744682404,1.0032313382395275,0.9999541255293425,0.008077502932516993,1.0062440069121599,0.0024054358125703236,-0.9999851159697324,0.9999500030711219
550.0,6,668.317798177111,64,0.26666666666666666,0.9999953450020634,0.003348336639650424,1.0036277317445998,0.9999547804581409,0.007971832338933803,1.0060733960591195,0.002571222741504404,-0.9999854997335137,0.999949463540545
550.0,6,668.317798177111,65,0.2708333333333333,0.9999953740267,0.0036855659849436423,1.0042415891430105,0.9999553785880859,0.00783166132067156,1.0057985260131257,0.0028396765716405975,-0.9999859064534278,0.9999489023457163
550.0,6,668.317798177111,66,0.275,0.9999954210538421,0.003805921452003767,1.0044610374399958,0.9999559402010091,0.007737591899758038,1.0056392625616368,0.0029420406878330092,-0.9999861546963018,0.9999483215376265
550.0,6,668.317798177111,67,0.2791666666666667,0.9999954606784122,0.0034104204832120085,1.0037731915453822,0.9999564535301168,0.00763961217370674,1.0054587465965912,0.002643959842552233,-0.9999854063434978,0.9999477115739414
550.0,6,668.317798177111,68,0.2833333333333333,0.9999954679035052,0.002918093577545516,1.0028264698713452,0.9999569268074537,0.007503990278386333,1.005158625758963,0.002269171097900123,-0.9999845795052812,0.9999470796381441
550.0,6,668.317798177111,69,0.2875,0.9999954510410051,0.002745988067152784,1.0024490162489086,0.9999573631841786,0.007470014370477495,1.0051444650941397,0.002141717868483159,-0.9999839949015196,0.9999467227265362
550.0,6,668.317798177111,70,0.2916666666666667,0.999995446270383,0.0029718628907849476,1.0029294402767859,0.9999578801886458,0.007585723915201677,1.0055695943350942,0.002323936087451796,-0.9999844434887905,0.9999473838788377
550.0,6,668.317798177111,71,0.29583333333333334,0.9999954572000047,0.0032604327717861486,1.0034954157333105,0.999958407448734,0.0075449167861360005,1.0055532413700483,0.0025565347567061097,-0.999984925788621,0.9999470134023897
550.0,6,668.317798177111,72,0.3,0.9999954814551721,0.0034050461603400955,1.0037689641259517,0.9999588398874877,0.007413704220660611,1.0052680879502642,0.0026773484063536052,-0.9999852106037931,0.9999462970984949
550.0,6,668.317798177111,73,0.30416666666666664,0.9999955164595516,0.0033141315031111557,1.0036120567347844,0.9999592605108566,0.007321630342315992,1.0050858457464689,0.0026126773418976303,-0.9999850106163001,0.999945552086001
550.0,6,668.317798177111,74,0.30833333333333335,0.9999955360760119,0.002961903836575729,1.002939951144448,0.9999596565746791,0.007195801649506886,1.0047940706566434,0.0023408630154780103,-0.9999841403429662,0.9999447748487558
550.0,6,668.317798177111,75,0.3125,0.9999955255374713,0.0026898620098702087,1.0023526200134687,0.9999599741140573,0.007194348484802129,1.0048559960228458,0.0021310301180520784,-0.9999833759768377,0.9999445785063739
550.0,6,668.317798177111,76,0.31666666666666665,0.999995508946262,0.0026714603749829124,1.0023029365942755,0.9999603377445939,0.007312941115497815,1.00527075334663,0.0021213442451621556,-0.9999830777154164,0.9999454024274254
550.0,6,668.317798177111,77,0.32083333333333336,0.9999955078569265,0.002825798698657614,1.002646608308094,0.9999607470489272,0.007251645696291663,1.0051774805741844,0.0022487461712648368,-0.9999835630582724,0.9999447339934358
550.0,6,668.317798177111,78,0.325,0.9999955187760521,0.0031201837212002956,1.003246978440979,0.999961109569508,0.007121963350592618,1.0048765219674625,0.002488670167923909,-0.9999841453007414,0.9999438820044214
550.0,6,668.317798177111,79,0.32916666666666666,0.9999955449545587,0.0033051086836819194,1.0036033534082465,0.9999614428230686,0.0070388885975635855,1.0046991404731513,0.002642220160183942,-0.9999847444680968,0.9999430019810356
550.0,6,668.317798177111,80,0.3333333333333333,0.9999955749894697,0.003008580854584017,1.003046534152476,0.9999617356976126,0.006961120723843171,1.004525377828184,0.002409697378491083,-0.9999836478102577,0.9999420789755022
550.0,6,668.317798177111,81,0.3375,0.9999955817531665,0.0025676483920298,1.0020876424626683,0.9999619962076968,0.006849310657307729,1.0042302179743472,0.0020605238084199988,-0.9999824139499078,0.9999411314328507
550.0,6,668.317798177111,82,0.3416666666666667,0.9999955674556987,0.002375787840783785,1.0015580234036872,0.9999622187410528,0.00679729177142895,1.0041126496588273,0.0019103292255339198,-0.9999811794474206,0.9999402563804606
550.0,6,668.317798177111,83,0.3458333333333333,0.9999955612770612,0.0025121984626778632,1.001937037408617,0.9999624989860774,0.006902341862062472,1.004513883318062,0.0020231835581616836,-0.9999818264421994,0.9999412420827292
550.0,6,668.317798177111,84,0.35,0.9999955705979593,0.002763326817308169,1.0025356373212497,0.9999628174187267,0.006907174466287635,1.0045989985067174,0.002228990163648898,-0.9999824980949974,0.9999410608241874
550.0,6,668.317798177111,85,0.3541666666666667,0.9999955906337514,0.0029180470373825302,1.0028696512179405,0.9999630524519876,0.006794634793401984,1.0043033978875966,0.0023578096215397574,-0.9999830613886314,0.999940045148316
550.0,6,668.317798177111,86,0.35833333333333334,0.9999956236251103,0.002879819885847348,1.0028028553338468,0.9999632670290458,0.00672040021226499,1.0041148223990428,0.002330520095296204,-0.9999827720160215,0.9999389833059089
550.0,6,668.317798177111,87,0.3625,0.9999956499422552,0.002601666661928074,1.002201796254058,0.9999634722120636,0.006620149867538809,1.0038280168734741,0.0021084215941847904,-0.9999817386899844,0.9999378852008457
550.0,6,668.317798177111,88,0.36666666666666664,0.9999956520165713,0.0023535284928597774,1.0015446419578298,0.9999636064076531,0.006596084241956925,1.0037794007854517,0.001909883679934067,-0.9999804772936667,0.99993720494547
550.0,6,668.317798177111,89,0.37083333333333335,0.9999956456791759,0.0023124109062969776,1.0014101977951857,0.9999637610545596,0.006709232942217708,1.0041981176253587,0.0018788220597402438,-0.9999800480654417,0.9999383371357369
550.0,6,668.317798177111,90,0.375,0.9999956520261208,0.0024057328865467326,1.0016982520144586,0.9999639760510902,0.006694472676000185,1.0042022273246178,0.0019567173202941508,-0.9999805060971116,0.9999378190386717
550.0,6,668.317798177111,91,0.37916666666666665,0.9999956704184106,0.0026273296362856378,1.0022711854290958,0.9999641543133574,0.006586398225802796,1.0038896249824731,0.002139346125965024,-0.9999812907572273,0.9999366762964499
550.0,6,668.317798177111,92,0.38333333333333336,0.9999957011390436,0.0028345093424719824,1.0027370922473162,0.9999643055691361,0.006518600253651142,1.003694081660931,0.002310845601738156,-0.999982108954919,0.9999354867103427
550.0,6,668.317798177111,93,0.3875,0.9999957415821912,0.0026411949042815385,1.0023340327469084,0.9999644221365007,0.006463359591014472,1.00352683139087,0.002155005173149868,-0.9999810556338586,0.9999342476524342
550.0,6,668.317798177111,94,0.39166666666666666,0.9999957648535437,0.0022796737645800168,1.0013878802813434,0.9999645093147919,0.00638373794279187,1.0032492262443993,0.001861454714561598,-0.999979447600194,0.9999329736891029
550.0,6,668.317798177111,95,0.3958333333333333,0.9999957675675464,0.0021206317347838423,1.0007277915902704,0.9999645594368612,0.006330638383340353,1.0030498347175516,0.0017331270885558771,-0.9999776808880022,0.9999316606898695
550.0,6,668.317798177111,96,0.4,0.9999957734708502,0.002168808897848042,1.0009774165524992,0.9999646460375995,0.0064111563386547304,1.00339668300417,0.0017733685271966134,-0.9999782159867884,0.9999326598591024
550.0,6,668.317798177111,97,0.4041666666666667,0.9999957950959294,0.002339754119532585,1.0015947268156788,0.9999647913367613,0.006450958204735593,1.0035859275632855,0.001913958258033269,-0.9999790933318551,0.9999328936512323
550.0,6,668.317798177111,98,0.4083333333333333,0.9999958256887187,0.002478164995661548,1.0019854006307995,0.9999648656582635,0.006369323325348067,1.003302151648701,0.0020283421223458373,-0.9999799987271627,0.9999315966353659
550.0,6,668.317798177111,99,0.4125,0.9999958696628796,0.0024762534569113745,1.0020027555334128,0.9999649077043238,0.00631495386361619,1.0030988288641725,0.0020276558215129477,-0.9999797237691634,0.9999302337970133
550.0,6,668.317798177111,100,0.4166666666666667,0.9999959119861161,0.0022790359942886523,1.0014883837354291,0.9999649494532171,0.006248822046590162,1.0028315030947494,0.001866717982233043,-0.9999786868619245,0.999928828587584
550.0,6,668.317798177111,101,0.42083333333333334,0.9999959328222631,0.002091037780429301,1.0007816664383415,0.9999649281185593,0.0062188082060520185,1.0026875689885386,0.001713088328137885,-0.9999768830773157,0.9999274513212788
550.0,6,668.317798177111,102,0.425,0.9999959414982759,0.0020526091993596663,1.0005563982921108,0.9999649029794256,0.00631033445637806,1.0030783206069185,0.00168178198652025,-0.9999763417484216,0.9999288543639098
550.0,6,668.317798177111,103,0.42916666666666664,0.9999959594684735,0.002085196165952701,1.000784543329887,0.9999649480792481,0.006333982326330529,1.0031886591424357,0.0017083686173941107,-0.9999766638811335,0.9999287027864131
550.0,6,668.317798177111,104,0.43333333333333335,0.9999959899689154,0.0022089706009452126,1.0013195997105306,0.9999649674334139,0.006258795055250179,1.002881680625637,0.0018096536121574697,-0.9999776510623197,0.9999273257295195
550.0,6,668.317798177111,105,0.4375,0.9999960306742693,0.0023888373198686936,1.0018657272667748,0.9999649577489873,0.006211902364754905,1.0026664850000708,0.0019571649665396573,-0.9999787058245453,0.9999258756973688
550.0,6,668.317798177111,106,0.44166666666666665,0.9999960835546687,0.002289758417956628,1.0016301642489525,0.999964916774491,0.006181491303822407,1.0025042209435466,0.0018754998602058888,-0.9999779636371026,0.99992437115578
550.0,6,668.317798177111,107,0.44583333333333336,0.9999961228072768,0.0020339322318234216,1.0007209381311222,0.9999648454933222,0.0061386137734391845,1.002251159237973,0.0016652484532188882,-0.9999761020292546,0.9999228187960015
550.0,6,668.317798177111,108,0.45,0.9999961403146689,0.0019648704810286814,0.9999545988195165,0.9999647379949704,0.006102896876300745,1.001993676715471,0.0016083106378463044,-0.9999740110624615,0.9999212055080797
550.0,6,668.317798177111,109,0.45416666666666666,0.9999961542634227,0.0019614043405326983,1.0000523543094109,0.9999646467625702,0.006156555521901312,1.0022608849837866,0.00160452309284977,-0.9999741132423396,0.9999218647875286
550.0,6,668.317798177111,110,0.4583333333333333,0.9999961836328408,0.0020100622674392196,1.0006695282343683,0.9999646291916915,0.006213158665499334,1.0025459329188042,0.001643080955807629,-0.9999751576757139,0.9999227086120889
550.0,6,668.317798177111,111,0.4625,0.9999962214333515,0.002096907169973147,1.0011127838585896,0.9999645548201054,0.006171080466535249,1.0022992251176086,0.0017130687850947443,-0.9999762711649397,0.9999212238399839
550.0,6,668.317798177111,112,0.4666666666666667,0.999996272186245,0.002110997556147906,1.0012077914139303,0.9999644328391792,0.006141115792403592,1.0020739693814704,0.0017233945491228904,-0.9999762723218196,0.9999196665588866
550.0,6,668.317798177111,113,0.4708333333333333,0.9999963242108584,0.0019968143641504975,1.0007895893191812,0.9999643145383605,0.006112590082048154,1.0018338137192944,0.0016288092137241343,-0.9999754403654335,0.9999180546946687
550.0,6,668.317798177111,114,0.475,0.9999963550865312,0.0019096076125496185,1.0000581011076344,0.9999641407652078,0.00609639001591618,1.0016179612660259,0.0015562277223754735,-0.9999734136737145,0.9999163771878731
550.0,6,668.317798177111,115,0.4791666666666667,0.9999963680211935,0.001914880188148389,0.9997362642184905,0.9999639388790339,0.00616097286341315,1.0019494793698291,0.0015589274894676017,-0.9999725860313308,0.9999174371518516
550.0,6,668.317798177111,116,0.48333333333333334,0.9999963857972992,0.0019024373053198088,0.9998993569845263,0.9999638127302811,0.006206854494373605,1.0021646818663352,0.0015469600541723222,-0.9999726546272085,0.9999178015855511
550.0,6,668.317798177111,117,0.4875,0.9999964164691836,0.001912997573244241,1.0003900226402975,0.9999636743199252,0.006172339773729415,1.0018844124889044,0.0015536153042892066,-0.9999737738343647,0.9999163506701174
550.0,6,668.317798177111,118,0.49166666666666664,0.9999964565577447,0.002007430445494839,1.000986728514081,0.9999635008422756,0.0061525951458090014,1.0016477583862469,0.001628571329213668,-0.999975000050334,0.9999148059278276
550.0,6,668.317798177111,119,0.49583333333333335,0.9999965098200648,0.0019787946206094426,1.0009228678293425,0.9999632969879952,0.0061489370486361656,1.0014886932743612,0.0016032121035994395,-0.9999748140261139,0.9999132015775108
550.0,6,668.317798177111,120,0.5,0.9999965507288942,0.0018579676780403256,1.0000744715122278,0.9999630584543079,0.006143095269169438,1.001262623472252,0.0015029248247304952,-0.9999729573908746,0.9999115364488115
550.0,6,668.317798177111,121,0.5041666666666667,0.999996567066589,0.0019320362036405624,0.9992259205378368,0.9999627831382808,0.006139015818859871,1.000970698844695,0.00156067094992453,-0.9999707985908024,0.9999097813243985
550.0,6,668.317798177111,122,0.5083333333333333,0.9999965711960621,0.001945069884112183,0.9991583398623122,0.9999625039580872,0.0061764046039121685,1.001142542495873,0.0015686066764394049,-0.999970335750644,0.999909879204852
550.0,6,668.317798177111,123,0.5125,0.9999965889424973,0.0018552094732409588,0.9997520598066676,0.9999623087253395,0.006230753516739027,1.0015051651512632,0.0014932800836382695,-0.9999713956782631,0.9999113473225749
550.0,6,668.317798177111,124,0.5166666666666667,0.9999966159961157,0.00184761925483306,1.0002437226483223,0.9999620743070105,0.006228745190629087,1.0013211805531952,0.0014845942999725853,-0.9999725953561149,0.9999099061086708
550.0,6,668.317798177111,125,0.5208333333333334,0.9999966556088337,0.001851610149369143,1.0004101310683702,0.9999617729814452,0.006229094981351222,1.001072608390223,0.001485145492151197,-0.9999729476066658,0.9999083938315648
550.0,6,668.317798177111,126,0.525,0.9999966985733448,0.001818143979203995,1.0000918833589427,0.9999614741571968,0.006236716949112785,1.0008615444185172,0.0014554663116883527,-0.999972528419368,0.9999068166921008
550.0,6,668.317798177111,127,0.5291666666666667,0.9999967189430593,0.001866767525677965,0.9993618233370324,0.9999611270465928,0.006249222045856882,1.0005998961130393,0.0014913474867646987,-0.9999706419965562,0.9999051449487797
550.0,6,668.317798177111,128,0.5333333333333333,0.9999967128238174,0.0019614744987048083,0.9989420628404492,0.9999607261274891,0.006295551883814994,1.0008490241814996,0.001563682703885803,-0.9999696079059527,0.9999055465518449
550.0,6,668.317798177111,129,0.5375,0.9999967054911686,0.0019392951722894474,0.9990346933041675,0.9999604011622933,0.0063458028441878075,1.001158602397682,0.0015424937272424547,-0.9999693602341148,0.9999063403703243
550.0,6,668.317798177111,130,0.5416666666666666,0.9999967111297918,0.001850862634335976,0.9994770254368777,0.9999600819337938,0.006352097988224984,1.0009289784960018,0.0014686707521174784,-0.99997042410723,0.9999051108043286
550.0,6,668.317798177111,131,0.5458333333333333,0.9999967267400443,0.0018105105417718847,1.000096839407398,0.9999597178886678,0.006364549916086696,1.0006716320624771,0.0014335077502753621,-0.9999716134647827,0.999903789651218
550.0,6,668.317798177111,132,0.55,0.9999967568805029,0.0018064028215323401,1.0001998785315134,0.9999593215213665,0.006388337447787262,1.0005146848568776,0.0014268997870879128,-0.999972042814046,0.999902400710554
550.0,6,668.317798177111,133,0.5541666666666667,0.9999967746864747,0.001839614545616194,0.9994364768633951,0.9999588827885196,0.006416143057483652,1.000315271192723,0.0014492305643247748,-0.9999705535964004,0.9999009250218702
550.0,6,668.317798177111,134,0.5583333333333333,0.9999967625203184,0.0020783395262123344,0.9985300138613801,0.9999584040973162,0.0064494947676576354,1.0000126553127158,0.0016332033194088192,-0.9999687854692597,0.9998993566073798
550.0,6,668.317798177111,135,0.5625,0.9999967274752277,0.0021752031455266403,0.9982932482780519,0.9999579004230051,0.006488690497325074,1.000083997856009,0.0017047854794601256,-0.9999679008754631,0.9998988863082858
550.0,6,668.317798177111,136,0.5666666666666667,0.9999967019658647,0.0019939062274620016,0.9988365205690052,0.9999574858853005,0.006529761581697589,1.0004974704275598,0.0015580288999272544,-0.9999687169289166,0.9999003590264136
550.0,6,668.317798177111,137,0.5708333333333333,0.9999966882931184,0.0018731100845421809,0.9993727652178745,0.9999570561617488,0.00655933061387777,1.0004025318212146,0.0014594977365479799,-0.9999697230879363,0.999899565844574
550.0,6,668.317798177111,138,0.575,0.9999966875559324,0.0018413046700064281,0.9996052132036538,0.9999565357880993,0.0065934451169939335,1.0001364425495176,0.0014306704702968117,-0.999970314396809,0.9998984708590061
550.0,6,668.317798177111,139,0.5791666666666667,0.9999966927060452,0.0018698075856336065,0.9993855554501376,0.9999560103417171,0.00663255784017315,0.9999517254685804,0.0014484891470834616,-0.9999703675664224,0.9998973023805973
550.0,6,668.317798177111,140,0.5833333333333334,0.9999966727469465,0.002048136063689511,0.9986835883721827,0.9999554440779496,0.006679060335375397,0.9996716416253413,0.001581764873148158,-0.9999691011735266,0.9998960128406755
550.0,6,668.317798177111,141,0.5875,0.9999966139045482,0.0022499024347825145,0.9981708426106548,0.9999547956322671,0.006724534985089071,0.9998267884959491,0.0017321245879088625,-0.9999681861565286,0.9998957965812859
550.0,6,668.317798177111,142,0.5916666666666667,0.9999965450904276,0.0022582312661135837,0.9981879696431979,0.9999542158532303,0.006768063640025513,1.000212341632201,0.0017328556441538441,-0.9999677182622337,0.9998965384750034
550.0,6,668.317798177111,143,0.5958333333333333,0.9999964892411013,0.0021264750887027336,0.9985789404776302,0.9999536670925989,0.006806955352783851,1.0000588889779858,0.0016262166191714342,-0.9999684214733474,0.9998959124000699
550.0,6,668.317798177111,144,0.6,0.9999964452905602,0.001968598918703747,0.9991994791699866,0.9999530612011659,0.006852836443267967,0.999787562952349,0.0015006182813446492,-0.9999692553224643,0.9998952093149368
550.0,6,668.317798177111,145,0.6041666666666666,0.9999964188848773,0.0019310741156641036,0.9994562128625413,0.9999524173910064,0.006902884287065076,0.9996334456252937,0.001467190478793715,-0.9999699797538925,0.999894434934783
550.0,6,668.317798177111,146,0.6083333333333333,0.9999963809467115,0.0020824604498900605,0.9988027262674513,0.9999517202007571,0.0069587935263856005,0.99946160043432,0.0015764247854898631,-0.999969298533495,0.9998935459855722
550.0,6,668.317798177111,147,0.6125,0.9999963037435846,0.002446103567658463,0.9978635106375853,0.9999509765198085,0.007026226981143072,0.9991704016804086,0.001845190684425639,-0.999968395574456,0.9998925732678492
550.0,6,668.317798177111,148,0.6166666666666667,0.9999961899602919,0.0026521754253309732,0.9974639238564997,0.9999501852855027,0.007083650423045689,0.9991478293960664,0.001993539401047721,-0.9999676212112043,0.9998919183346126
550.0,6,668.317798177111,149,0.6208333333333333,0.9999960784985444,0.0024637760571428447,0.9979291285131539,0.9999494818444966,0.007113718266725952,0.99958334597433,0.001844662905137613,-0.9999679060412735,0.9998927612913324
550.0,6,668.317798177111,150,0.625,0.9999959835403077,0.0022662225763371404,0.9985049164849344,0.9999487973629018,0.007161178342418482,0.9996004744094464,0.0016902904326316982,-0.9999683754987126,0.9998927877780867
550.0,6,668.317798177111,151,0.6291666666666667,0.9999959033904937,0.00219495988761287,0.9987996857422454,0.99994799521501,0.0072269408749888134,0.9993310435971022,0.0016310389148419333,-0.9999688522512737,0.9998924798909339
550.0,6,668.317798177111,152,0.6333333333333333,0.9999958337850546,0.0022463864563647515,0.9986741984718177,0.999947172282918,0.007292055448195808,0.999168031462862,0.0016627939393464809,-0.9999691743792581,0.9998920743896137
550.0,6,668.317798177111,153,0.6375,0.9999957365064549,0.002492833857236545,0.9980267337284863,0.9999463170661967,0.007368239647760468,0.9988978343696402,0.0018379174978626397,-0.9999689804095219,0.9998915621670357
550.0,6,668.317798177111,154,0.6416666666666667,0.9999955827157684,0.0027785756870633838,0.9974329999053193,0.9999453493516904,0.007429117906169254,0.9989601810741555,0.002040368198057147,-0.9999686508638249,0.9998911901528769
550.0,6,668.317798177111,155,0.6458333333333334,0.9999954053492135,0.0028389809380904045,0.997370901453557,0.9999444320942003,0.007466561240611019,0.9993974526760669,0.002076164655519415,-0.9999683045967693,0.9998911401130776
550.0,6,668.317798177111,156,0.65,0.9999952409637737,0.002718268427924112,0.9977091740976015,0.9999435822846279,0.007525325082419752,0.9993478106406144,0.0019794654892773926,-0.9999683292816982,0.9998913553708009
550.0,6,668.317798177111,157,0.6541666666666667,0.9999950927302012,0.0025160753552669795,0.9983141916661809,0.9999426639611004,0.007600182593590461,0.9990765638943487,0.001824713652509726,-0.9999685108257999,0.999891552003989
550.0,6,668.317798177111,158,0.6583333333333333,0.9999949674285307,0.002423512802541066,0.9987040385288863,0.9999416978168905,0.007673083545640534,0.9989290686232133,0.0017504921838404559,-0.9999688408693511,0.9998916706182492
550.0,6,668.317798177111,159,0.6625,0.9999948353193842,0.002609837573186099,0.9981869377281105,0.999940665497002,0.00775039464290806,0.9987889928557999,0.0018767609832947391,-0.9999692425220474,0.9998916620627127
550.0,6,668.317798177111,160,0.6666666666666666,0.9999946498754173,0.0030272030755552344,0.9972419753141255,0.9999395768472845,0.00784249233679815,0.9985302991918186,0.0021674532985092214,-0.9999694819820041,0.9998915814628242
550.0,6,668.317798177111,161,0.6708333333333333,0.9999944089767308,0.0033262019707266974,0.9966970978887555,0.9999384180619223,0.007925333778689352,0.9984333927243876,0.0023714283860055713,-0.9999695378419079,0.9998914343573987
550.0,6,668.317798177111,162,0.675,0.9999941582515944,0.003190416894561196,0.9970591494194307,0.9999373378387116,0.007956511503480878,0.998865782738464,0.0022641260627355394,-0.9999691431664661,0.9998913827089005
550.0,6,668.317798177111,163,0.6791666666666667,0.9999939320226181,0.002965555504817544,0.9976675307428526,0.9999363260782075,0.008010161443372578,0.9990117562352923,0.0020949636987610057,-0.9999688856725988,0.9998917176299954
550.0,6,668.317798177111,164,0.6833333333333333,0.9999937250963982,0.0028690624942617673,0.9980237584548382,0.9999351720743594,0.008099024786355819,0.9987627619573047,0.0020178908849560816,-0.9999688035231177,0.9998923409299353
550.0,6,668.317798177111,165,0.6875,0.9999935376336285,0.0029132610285085223,0.9979896914270432,0.9999339714309967,0.008184247613330947,0.9986200809925001,0.002039753308791834,-0.9999693390639566,0.9998928450799204
550.0,6,668.317798177111,166,0.6916666666666667,0.9999933219462539,0.003164441654750726,0.9974204395419156,0.999932751424325,0.008279630837769164,0.9983864964663506,0.0022054866908393436,-0.9999700219045338,0.9998932646044721
550.0,6,668.317798177111,167,0.6958333333333333,0.9999930256525471,0.0034958350109199295,0.9967659278691607,0.9999313914386017,0.00836285136782761,0.9983711046467192,0.002425236593824549,-0.9999706311195115,0.9998934132081663
550.0,6,668.317798177111,168,0.7,0.9999926837393771,0.0036103422086966584,0.996623884229231,0.9999300496547227,0.008404004133793332,0.9988370720323421,0.002493011965675183,-0.9999705036216666,0.9998924801593224
550.0,6,668.317798177111,169,0.7041666666666667,0.9999923545161838,0.0035257906642611595,0.9969109897458021,0.9999288279628702,0.008471101545613665,0.9989165519557666,0.0024230212538020645,-0.9999700449395125,0.9998929882412299
550.0,6,668.317798177111,170,0.7083333333333334,0.9999920503618492,0.003332122841076407,0.9974918014281327,0.9999275364277422,0.008564578793291791,0.9986678444546843,0.0022792649216508165,-0.9999695005501198,0.9998940589648075
550.0,6,668.317798177111,171,0.7125,0.9999917778946037,0.0032005383848202587,0.9979913680817518,0.9999261848129515,0.008653898365829728,0.9985348886746986,0.002179438346958382,-0.9999691364345161,0.9998950324233057
550.0,6,668.317798177111,172,0.7166666666666667,0.9999915114097029,0.0033596655337743394,0.9976368749956726,0.9999247576635594,0.008744638524181586,0.9984350457454492,0.0022768140997118996,-0.9999701596583733,0.9998959041278674
550.0,6,668.317798177111,173,0.7208333333333333,0.9999911735056071,0.0037729673775203127,0.9967163725130267,0.9999232642989963,0.00884901261528676,0.99822987681535,0.002544636074934216,-0.9999714413360717,0.999896703566731
550.0,6,668.317798177111,174,0.725,0.9999907538267921,0.0041300676030008,0.9960552302492242,0.9999216845535,0.0089521518577945,0.9980909492918697,0.0027726985425114052,-0.9999724851201066,0.9998974111375372
550.0,6,668.317798177111,175,0.7291666666666666,0.9999903037567406,0.004072843728008149,0.9962942241944803,0.9999201668932917,0.008997703608659917,0.9985006888608972,0.0027208829678905615,-0.9999718149252745,0.999896757004072
550.0,6,668.317798177111,176,0.7333333333333333,0.9999898913743042,0.0038525302169847425,0.9969279023257799,0.999918790029429,0.009052457732828768,0.9987865862606053,0.002561092831155813,-0.99997091985959,0.9998967458950943
550.0,6,668.317798177111,177,0.7375,0.9999895081436135,0.003743619543084693,0.9973491353898603,0.9999172636922091,0.00915037189113041,0.9985916800582663,0.0024770978981159784,-0.999970145965293,0.9998981021052932
550.0,6,668.317798177111,178,0.7416666666666667,0.9999891604198347,0.0037694618517481048,0.9974074817795177,0.9999156561323009,0.009247297859281394,0.9984722798560812,0.002482474675112421,-0.9999706665489244,0.999899344012573
550.0,6,668.317798177111,179,0.7458333333333333,0.9999887900859644,0.003988925809232992,0.9969382050112552,0.9999140532844522,0.00934847529260717,0.9983000348760281,0.002614545467862867,-0.9999717363458257,0.999900515863633
550.0,6,668.317798177111,180,0.75,0.9999883096038565,0.004328794177143367,0.9962525256433218,0.9999122990302685,0.00944775688254205,0.9982356143328819,0.0028238842294087017,-0.9999732924185851,0.9999016186448302
550.0,6,668.317798177111,181,0.7541666666666667,0.9999877486324156,0.0044883548191800866,0.9960344443380098,0.999910518469207,0.009503284571069335,0.9987116744646559,0.0029141208171687702,-0.999973349234001,0.9999000961169816
550.0,6,668.317798177111,182,0.7583333333333333,0.999987198866701,0.0044452694934171465,0.9962761554077865,0.9999089322529223,0.009572371535336232,0.9989398067930234,0.002872308743910979,-0.9999728048326665,0.9999002674191632
550.0,6,668.317798177111,183,0.7625,0.9999866917576585,0.004282395532218334,0.9968330364152614,0.9999073039800961,0.009668818499440646,0.9987437257097304,0.0027540767404033305,-0.9999717372345525,0.9999018911803188
550.0,6,668.317798177111,184,0.7666666666666667,0.9999862313806089,0.004134942642234091,0.9974229440514262,0.9999056088163273,0.009763300630742905,0.9986364202580681,0.002647481319072476,-0.999970843547168,0.9999034086143525
550.0,6,668.317798177111,185,0.7708333333333334,0.9999858030921702,0.004240388326170276,0.9972527622333431,0.9999038437257463,0.00985667774237064,0.9985882563903598,0.0027024170436418474,-0.9999717221081335,0.9999048504943029
550.0,6,668.317798177111,186,0.775,0.9999852859511674,0.004609731331331179,0.996391087095257,0.9999020122917204,0.009958978146948322,0.9984561004207553,0.0029240279604692324,-0.9999736363878174,0.9999062246679935
550.0,6,668.317798177111,187,0.7791666666666667,0.999984653603781,0.004985212853412451,0.9956491776652827,0.9999000983810835,0.010066194735632692,0.9983121647546999,0.003148372473203262,-0.9999752594967862,0.9999074932310661
550.0,6,668.317798177111,188,0.7833333333333333,0.999983958666973,0.005008054934864972,0.9957570873029824,0.9998982301821141,0.010130634886366863,0.9986893464423396,0.00314832841443521,-0.9999749117436956,0.9999069432543817
550.0,6,668.317798177111,189,0.7875,0.999983320869089,0.0048112741580735065,0.996409415362402,0.9998966034056729,0.010187527310552573,0.9991181660113071,0.003010649813891971,-0.9999736756228855,0.9999062242305077
550.0,6,668.317798177111,190,0.7916666666666666,0.9999827335815936,0.004698231397425851,0.9969041369708738,0.9998948640984352,0.010277220370024815,0.9990151850921883,0.002927270767753718,-0.9999725500408937,0.9999079146908647
550.0,6,668.317798177111,191,0.7958333333333333,0.9999822088094693,0.004703663361975065,0.9970604027321261,0.999893009965803,0.010371493473976603,0.9989254918483832,0.0029182083132833774,-0.9999727185978169,0.9999095210356576
550.0,6,668.317798177111,192,0.8,0.9999816804923674,0.004872944610847684,0.9967111204814383,0.9998912042941527,0.010463111479450586,0.9988335728688357,0.0030103934411585763,-0.9999737050494891,0.9999110636971531
550.0,6,668.317798177111,193,0.8041666666666667,0.9999810143338452,0.00518546932956268,0.9960320591324338,0.999889273802841,0.010559380221764374,0.9987562663406264,0.0031900769812562044,-0.9999756077031614,0.999912527070183
550.0,6,668.317798177111,194,0.8083333333333333,0.999980218771875,0.005372455239908634,0.9957470756060813,0.9998872726002159,0.010631455008729581,0.9992250974960138,0.003291526822761457,-0.9999760623696065,0.9999113612932196
550.0,6,668.317798177111,195,0.8125,0.9999794307482912,0.005365719455514327,0.9959531105671661,0.9998855588115594,0.010701262657079429,0.9996106077358475,0.0032739094410799336,-0.9999757203246018,0.9999109205997434
550.0,6,668.317798177111,196,0.8166666666666667,0.999978716129527,0.005239219601130961,0.9964945450666655,0.9998838850529764,0.010781493666089128,0.9994987809532941,0.003183953071934528,-0.999974474060665,0.9999126814271542
550.0,6,668.317798177111,197,0.8208333333333333,0.9999780758429561,0.005096120567892544,0.9971592613141613,0.9998821556586602,0.010863225555498587,0.9994251042096041,0.003085716027681818,-0.9999733435081027,0.999914354731289
550.0,6,668.317798177111,198,0.825,0.999977512086813,0.005142980787822977,0.9971888422485239,0.9998803908895894,0.01094386740995635,0.9994359915271539,0.00310255907234924,-0.9999736486740413,0.9999159686899326
550.0,6,668.317798177111,199,0.8291666666666667,0.9999768541642294,0.005437542224781309,0.9964227805715361,0.9998785823887252,0.01102748526093414,0.9993872559284994,0.0032678136159041966,-0.9999757196709398,0.9999175223438598
550.0,6,668.317798177111,200,0.8333333333333334,0.9999760468924672,0.00578878129240363,0.9956375445643899,0.9998767295747928,0.011114740387251411,0.9992694296016789,0.0034670720749359943,-0.9999774987206802,0.9999189750132259
550.0,6,668.317798177111,201,0.8375,0.9999751360409687,0.005874375437525596,0.9956176731032196,0.9998749170384494,0.011187498568335058,0.9996072099493886,0.0035061927130084283,-0.9999776972978847,0.999918903384872
550.0,6,668.317798177111,202,0.8416666666666667,0.9999743049240888,0.005713125150596223,0.996280022929407,0.9998734617967701,0.011249523807773604,1.0001648431381736,0.003397928337243051,-0.9999764319783732,0.9999175366309435
550.0,6,668.317798177111,203,0.8458333333333333,0.9999735654224476,0.005602242116730476,0.9968582995175846,0.9998719986594056,0.011314505113774005,1.0001827050092271,0.00332150550139214,-0.9999752609169341,0.9999191986791818
550.0,6,668.317798177111,204,0.85,0.9999729292418938,0.005588546894670516,0.997119291418818,0.9998704023807374,0.011384438203600416,1.0001250275099136,0.003303518483467836,-0.9999750581672814,0.9999208033998419
550.0,6,668.317798177111,205,0.8541666666666666,0.9999723294451001,0.005698853390053385,0.9969043089213736,0.9998689126826106,0.011449629316783045,1.000115721689486,0.0033588693903190063,-0.9999757256713158,0.9999223550572793
550.0,6,668.317798177111,206,0.8583333333333333,0.9999715816536611,0.005950096870974037,0.9962691845564581,0.9998673749595212,0.011516350543048448,1.000050785585399,0.0034971360896535434,-0.9999775891437639,0.999923828883023
550.0,6,668.317798177111,207,0.8625,0.999970649615238,0.0061373915612319765,0.9959297054101733,0.9998657363504848,0.011592400275738655,1.0004902441483048,0.0035976160685576566,-0.9999783437553396,0.9999232930918929
550.0,6,668.317798177111,208,0.8666666666666667,0.9999697179839014,0.006155120903285282,0.9961079078440414,0.9998644659255106,0.01166415080827355,1.0010187622455278,0.003598697020494216,-0.9999782933624917,0.9999223303181719
550.0,6,668.317798177111,209,0.8708333333333333,0.9999689028311846,0.006062437523286544,0.9966422639159318,0.9998633717199515,0.011710542874357202,1.0010090761440742,0.003535803278959265,-0.9999771424050428,0.9999239234593406
550.0,6,668.317798177111,210,0.875,0.999968206126006,0.005939017948296241,0.9973659835658871,0.9998622525667054,0.011756285959386438,1.000962637871653,0.0034567330089586164,-0.9999760475364534,0.999925457492377
550.0,6,668.317798177111,211,0.8791666666666667,0.999967646192181,0.005936825251441704,0.9975978174003881,0.9998611533615654,0.011805433078244094,1.0010219761108208,0.0034487043937962256,-0.9999757705563822,0.9999269441333629
550.0,6,668.317798177111,212,0.8833333333333333,0.9999670133639142,0.006133934210346929,0.9969587568443473,0.9998600492307476,0.011853103274101379,1.001044925318886,0.003555848935951832,-0.9999776433325192,0.9999283717568865
550.0,6,668.317798177111,213,0.8875,0.9999662069493841,0.00641787286972577,0.9961612622981936,0.999858959306303,0.011895541293089583,1.000963037553095,0.0037143403484656296,-0.9999793024157626,0.999929731398522
550.0,6,668.317798177111,214,0.8916666666666667,0.9999652594753062,0.006534256009532769,0.9960188841781817,0.9998579095856297,0.011952478594564444,1.0012428992035722,0.003775884329130731,-0.9999799700676751,0.9999301455413641
550.0,6,668.317798177111,215,0.8958333333333334,0.9999644042279249,0.0064150284010153396,0.9966717719785668,0.9998572918642366,0.0120200063310852,1.0018846821889056,0.00370092830604046,-0.9999788919008514,0.9999287729255981
550.0,6,668.317798177111,216,0.9,0.99996370006565,0.006313388304776961,0.9973355689251289,0.9998568148078042,0.012051482918906875,1.0020285521407999,0.0036377914111419976,-0.9999778708708337,0.999929846001918
550.0,6,668.317798177111,217,0.9041666666666667,0.9999631461088625,0.006285296432000815,0.9976999708358291,0.9998561977053402,0.012073619123358815,1.001987051240827,0.003618098363653315,-0.9999774337750581,0.9999312250421187
550.0,6,668.317798177111,218,0.9083333333333333,0.9999626842931527,0.006337063055033581,0.997618401743305,0.9998557185665503,0.01209719928523322,1.0020323816877443,0.003644693097817097,-0.999977833381824,0.9999325605722141
550.0,6,668.317798177111,219,0.9125,0.999962094356222,0.006500863686527332,0.9970528210972012,0.9998552826182093,0.01211082671973168,1.0019793425497114,0.0037362123289787063,-0.9999793750363435,0.9999338321965516
550.0,6,668.317798177111,220,0.9166666666666666,0.999961275492953,0.006656340838577956,0.9966641370452379,0.9998547238149714,0.012166843892613738,1.0023506562686482,0.0038234953989192814,-0.9999802729541827,0.9999338527466568
550.0,6,668.317798177111,221,0.9208333333333333,0.999960440464767,0.006683290469958884,0.9968091479195138,0.9998545341059182,0.01224218037249681,1.0029728249182663,0.0038373920814222646,-0.9999804656370084,0.9999326257386648
550.0,6,668.317798177111,222,0.925,0.9999597599710299,0.006618854417351198,0.9973317282097199,0.9998546479625966,0.012247823238417766,1.003056819771332,0.0037992932323692168,-0.9999795474364455,0.9999339074984437
550.0,6,668.317798177111,223,0.9291666666666667,0.9999592451849034,0.006525598928682551,0.998089392652426,0.9998547578471265,0.012237402106041738,1.0030086907513625,0.0037462109156636563,-0.9999786535694966,0.9999351522293238
550.0,6,668.317798177111,224,0.9333333333333333,0.9999589210017388,0.006496229925167096,0.9985030880335668,0.9998549151917788,0.012239673994847574,1.0030789832742544,0.003730598027866772,-0.9999780157803234,0.9999363615781982
550.0,6,668.317798177111,225,0.9375,0.9999585705009806,0.00658936708755908,0.9980068221847116,0.9998550822459933,0.012239884516821111,1.003134678808429,0.0037848294363737266,-0.9999795420698346,0.9999375184992569
550.0,6,668.317798177111,226,0.9416666666666667,0.9999580370302266,0.006772092002284588,0.9972116066562176,0.9998552901943114,0.0122229980080991,1.0030682156150366,0.003892020705842412,-0.9999809270387897,0.9999386330448319
550.0,6,668.317798177111,227,0.9458333333333333,0.9999573389956516,0.006880943868173705,0.9969431128117339,0.9998555141292722,0.012237817469199426,1.0032546206405895,0.003957750122549537,-0.9999818583526827,0.9999393487102815
550.0,6,668.317798177111,228,0.95,0.9999567143521414,0.006804243999760944,0.9975485336496177,0.999856132228835,0.012307423132686384,1.003907881429198,0.003916236629549021,-0.9999810489417097,0.999938253555715
550.0,6,668.317798177111,229,0.9541666666666667,0.9999562907004739,0.006722428946400656,0.998279959540857,0.9998570000964296,0.012311957719870408,1.0041524335841074,0.003873060068778573,-0.9999802705824502,0.9999386976786504
550.0,6,668.317798177111,230,0.9583333333333334,0.9999560469302655,0.006690311488286336,0.9987301896413087,0.9998577134251753,0.012273114919255944,1.004093455208783,0.0038597082550483174,-0.9999797638843456,0.9999397635229887
550.0,6,668.317798177111,231,0.9625,0.9999559401436902,0.006695404042783919,0.9987609188340572,0.9998585214695838,0.012247838325464328,1.0041394715461487,0.003868149002274592,-0.9999800854191676,0.9999407904340195
550.0,6,668.317798177111,232,0.9666666666666667,0.9999557450908211,0.006764050369452879,0.998270868830826,0.9998594128216048,0.012200585048473213,1.0040748054513877,0.003913928747611542,-0.9999811321171823,0.9999417766497504
550.0,6,668.317798177111,233,0.9708333333333333,0.9999552983250386,0.006860927221398994,0.9978248667827545,0.9998601527658201,0.012213626546987757,1.004328325337704,0.00397686771464016,-0.9999820268547246,0.9999421392459656
550.0,6,668.317798177111,234,0.975,0.999954800326561,0.006883520751894216,0.9979125467947825,0.999861147120269,0.012293640549993677,1.0049686219458722,0.003997392192883599,-0.9999822362537336,0.9999411875992383
550.0,6,668.317798177111,235,0.9791666666666666,0.9999544608478644,0.0068424572236320935,0.9984011992086086,0.9998624851138616,0.0122703069889143,1.005121393040853,0.003981277303788564,-0.9999817127769738,0.9999418475367184
550.0,6,668.317798177111,236,0.9833333333333333,0.9999543092476968,0.00678583721153407,0.9991555481698382,0.9998638073069279,0.012198047419134914,1.0050328848375873,0.003957365332173989,-0.9999810748938094,0.9999427640225351
550.0,6,668.317798177111,237,0.9875,0.9999543643955,0.006758591841213649,0.9997069179382134,0.9998651444049086,0.012149621001401337,1.0050644247049465,0.003951592575152639,-0.9999804652719412,0.9999436523827036
550.0,6,668.317798177111,238,0.9916666666666667,0.9999544419270587,0.0067651092928672505,0.9993542359262144,0.9998664609886381,0.012103493325280459,1.0051036394064528,0.003964852184355886,-0.9999814789598013,0.9999445008092409
550.0,6,668.317798177111,239,0.9958333333333333,0.9999543371294368,0.0068337232000576925,0.9985609319722009,0.999867787262361,0.012031094497691472,1.0050198090923215,0.004015658634055385,-0.9999825396142908,0.9999453224600742
550.0,7,668.817798177111,0,0.0,0.9999876349806778,0.006437831924943843,1.0076556523620872,0.999942051986274,0.008971977746851897,1.00673826912433,0.004647150908850378,-0.9999864957878761,0.9999523782486989
550.0,7,668.817798177111,1,0.004166666666666667,0.9999880454672249,0.006074268883508188,1.0070880077756252,0.9999430078609965,0.008864167168263094,1.00659170468183,0.004402753817708222,-0.9999862789295688,0.9999521596342283
550.0,7,668.817798177111,2,0.008333333333333333,0.9999883672118517,0.0055097810260745905,1.0061384709832126,0.9999439118462204,0.008714494380206547,1.006321595771141,0.00401043250071949,-0.9999860192606829,0.9999519273546369
550.0,7,668.817798177111,3,0.0125,0.9999886102286644,0.005216787290756307,1.0056417750870272,0.9999447531693654,0.008638289144821091,1.006244299094313,0.0038133810385982867,-0.9999857587735206,0.9999517202229399
550.0,7,668.817798177111,4,0.016666666666666666,0.9999888493440087,0.005418453317135603,1.0060530551263558,0.9999456707262642,0.008744597904824116,1.0066765610347241,0.003976201164289921,-0.9999859767625309,0.9999519827084182
550.0,7,668.817798177111,5,0.020833333333333332,0.9999891278826862,0.0057366983373580566,1.006661098282137,0.9999466357347089,0.008724455187565983,1.0067686921861898,0.004226415420618756,-0.9999862198811915,0.9999518941756756
550.0,7,668.817798177111,6,0.025,0.9999894330033237,0.005904655138890301,1.0069955394421326,0.9999474781364852,0.008571661478284903,1.0064944800689684,0.004367925324401777,-0.9999864322002042,0.999951576561452
550.0,7,668.817798177111,7,0.029166666666666667,0.9999897562977424,0.0058334452148497695,1.0069211006141108,0.9999482869454224,0.008462097551823939,1.0063279320803746,0.004332274681918168,-0.9999863837323866,0.9999512348446141
550.0,7,668.817798177111,8,0.03333333333333333,0.9999900387422956,0.005455149614843657,1.0063123626102752,0.9999490756720237,0.008316554915176348,1.0060584714483973,0.00406692004574485,-0.9999860623966674,0.9999508737918805
550.0,7,668.817798177111,9,0.0375,0.9999902330330496,0.005074943517779852,1.0056708314402236,0.9999497571259014,0.008270831933044344,1.0060456345413893,0.0037977928782812276,-0.9999856816307372,0.9999506770861669
550.0,7,668.817798177111,10,0.041666666666666664,0.9999903903759838,0.0049972926313504055,1.005558613881628,0.9999504619361967,0.008392621794752817,1.0064861492737875,0.0037534961949949723,-0.999985566339188,0.9999510979735589
550.0,7,668.817798177111,11,0.04583333333333333,0.9999905696761583,0.005150333452885673,1.0058645246378102,0.9999512446118071,0.008347846192573064,1.0064912997785502,0.0038821644023324673,-0.9999857811869286,0.9999508718903076
550.0,7,668.817798177111,12,0.05,0.9999907764279278,0.005467153506966093,1.006449823317907,0.9999519730516068,0.008190785666474115,1.006193766869437,0.004135949478840946,-0.9999861111361943,0.9999504273325642
550.0,7,668.817798177111,13,0.05416666666666667,0.9999910116877951,0.005715503259652295,1.0069054988494224,0.9999526586996325,0.008082306479797487,1.0060152686251125,0.004339977067075702,-0.9999864691153199,0.9999499601887301
550.0,7,668.817798177111,14,0.058333333333333334,0.9999912457802153,0.005441505598925891,1.0064794318353367,0.9999532923593915,0.007986557355086599,1.0058615105935689,0.004145755058970526,-0.9999860347626277,0.9999494672376102
550.0,7,668.817798177111,15,0.0625,0.999991421231622,0.004877108255188782,1.005530258807672,0.9999538838884352,0.007853427977630023,1.0055943245308405,0.0037281172401219674,-0.9999853944679818,0.9999489575251842
550.0,7,668.817798177111,16,0.06666666666666667,0.9999915394432385,0.004512538965632489,1.0048909936675487,0.9999544221944249,0.007757578359407305,1.0054188980292438,0.0034613529047353934,-0.9999846865599215,0.9999484287415286
550.0,7,668.817798177111,17,0.07083333333333333,0.9999916479807264,0.0046523648771618015,1.0051694261522197,0.9999550019543426,0.00785223754533517,1.0057891392610616,0.0035795487264139295,-0.9999849638762439,0.9999488715044328
550.0,7,668.817798177111,18,0.075,0.9999917887436893,0.004988925279784873,1.0057922604688094,0.9999556492998953,0.007879609833654284,1.0059740478649408,0.00385013359453228,-0.999985363948481,0.9999489178279118
550.0,7,668.817798177111,19,0.07916666666666666,0.9999919501073027,0.0051976998270352095,1.0061780060874919,0.9999562038616779,0.007741340600889545,1.005696505169201,0.0040240299683452115,-0.9999857842336861,0.9999483234314293
550.0,7,668.817798177111,20,0.08333333333333333,0.9999921322634062,0.0051829921225995815,1.0061828199096785,0.9999567158810725,0.007639097397896109,1.0055055522008838,0.004024889515356034,-0.9999856397682476,0.9999476950913282
550.0,7,668.817798177111,21,0.0875,0.9999922976594986,0.004856964107236268,1.0056529548996722,0.999957222745447,0.007513369043691465,1.005243267953297,0.0037827486136337153,-0.9999851267462152,0.9999470466181278
550.0,7,668.817798177111,22,0.09166666666666666,0.9999924033214519,0.004449852732220215,1.0049528174547788,0.9999576469437491,0.007443222496783364,1.0051217306574232,0.003475553563134469,-0.99998428832701,0.9999464466643568
550.0,7,668.817798177111,23,0.09583333333333334,0.9999924757733819,0.004328126292958012,1.0047459152776428,0.9999580640983897,0.007559084766091278,1.0055297029438865,0.0033897915177646836,-0.9999840428663115,0.9999471583322119
550.0,7,668.817798177111,24,0.1,0.9999925630774502,0.004451726380036839,1.0049885779770253,0.9999585622029759,0.007563396309231399,1.0056314947419733,0.0034956342518631875,-0.9999842317580611,0.9999470316738468
550.0,7,668.817798177111,25,0.10416666666666667,0.9999926743223404,0.004748869532323261,1.0055336579946414,0.9999590267426621,0.007422171482923937,1.0053275424372805,0.0037386920558992614,-0.9999847265343172,0.9999463054940042
550.0,7,668.817798177111,26,0.10833333333333334,0.9999928067411017,0.005050624424176453,1.0060707837986451,0.9999594538567383,0.007320471301351381,1.0051206736181635,0.003987229748739255,-0.9999852599107666,0.999945543587787
550.0,7,668.817798177111,27,0.1125,0.9999929521044748,0.004880004372054368,1.0058076368304651,0.9999598409957765,0.007239886994548349,1.0049635558334775,0.0038618227653043555,-0.9999847887754388,0.9999447539630755
550.0,7,668.817798177111,28,0.11666666666666667,0.9999930609527803,0.004339462458996659,1.0048888136533083,0.999960192010347,0.0071314281286699735,1.00471209238666,0.0034418544059999635,-0.9999837545577348,0.9999439411924966
550.0,7,668.817798177111,29,0.12083333333333333,0.999993126591847,0.003923369234111218,1.0041363726050017,0.9999604997943008,0.007030827515611267,1.0044670328175271,0.003119451394920924,-0.9999826090320995,0.9999430985274146
550.0,7,668.817798177111,30,0.125,0.9999931802321261,0.003983400772720959,1.00426296331049,0.9999608243107674,0.007100599627494074,1.004753280068916,0.003173828191453839,-0.999982713732923,0.9999435024445801
550.0,7,668.817798177111,31,0.12916666666666668,0.9999932607372017,0.00431549959376774,1.0048872441533134,0.9999612264023564,0.007166170643355822,1.0050287806623752,0.003445148661245389,-0.9999832905172116,0.9999438915596489
550.0,7,668.817798177111,32,0.13333333333333333,0.9999933579660798,0.004554621374247283,1.005325022518488,0.9999615636471659,0.007056364636494995,1.0047771846491786,0.003643785085539484,-0.999983899835785,0.9999429983168084
550.0,7,668.817798177111,33,0.1375,0.999993475468044,0.004589679326544838,1.0054073206203222,0.9999618498196101,0.00696350064904174,1.0045580248611394,0.0036792567348212244,-0.9999838083295166,0.9999420669183965
550.0,7,668.817798177111,34,0.14166666666666666,0.999993590144093,0.004324912932684135,1.0049711905938328,0.9999621383232503,0.00686531980627822,1.0043154110061845,0.0034735104843779743,-0.9999832064832186,0.9999411076282785
550.0,7,668.817798177111,35,0.14583333333333334,0.9999936646981833,0.003910087742299542,1.004240658079123,0.9999623652010861,0.006786033248629088,1.0041110665161133,0.0031459627585449265,-0.9999819137752468,0.9999401156175856
550.0,7,668.817798177111,36,0.15,0.9999937092036453,0.0037428500689756926,1.0039366540214862,0.9999625634629179,0.006879538278640049,1.0044578188971423,0.0030165102058043545,-0.9999814193650238,0.9999408897093932
550.0,7,668.817798177111,37,0.15416666666666667,0.9999937629839413,0.003829757029392335,1.0041145675100762,0.9999628402267129,0.0069256872651840985,1.004659665426195,0.0030912805762297333,-0.9999814868687978,0.9999410634807518
550.0,7,668.817798177111,38,0.15833333333333333,0.9999938382303434,0.00409458800488513,1.0046158435272885,0.9999631028291232,0.006812938852073205,1.0043728786834945,0.0033099584074717378,-0.999982175484123,0.9999400453863635
550.0,7,668.817798177111,39,0.1625,0.9999939294638797,0.004422947468494506,1.0052081592938296,0.999963329586204,0.006722990812534767,1.0041385681696235,0.0035813395550526547,-0.9999829141776945,0.9999389760737947
550.0,7,668.817798177111,40,0.16666666666666666,0.9999940389774408,0.004357212033359025,1.0051168674339461,0.9999635248411238,0.006660249447913571,1.0039788146449486,0.0035330040442865746,-0.9999826191955382,0.9999378741412253
550.0,7,668.817798177111,41,0.17083333333333334,0.9999941278247177,0.0038584443933301397,1.0042553298866754,0.9999636865303844,0.0065812174247683805,1.0037484644308277,0.0031321324133953034,-0.9999812083470937,0.9999367391434597
550.0,7,668.817798177111,42,0.175,0.9999941822250645,0.0034109155777621975,1.0034165804034514,0.9999638126131938,0.006492361524889008,1.0034595532095199,0.0027725468176481994,-0.999979624943944,0.999935558063222
550.0,7,668.817798177111,43,0.17916666666666667,0.9999942225907239,0.0033861784311086077,1.0033787813591284,0.9999639370438975,0.006533513057928856,1.0036464432022727,0.0027553535096928243,-0.9999793477004433,0.9999357087154822
550.0,7,668.817798177111,44,0.18333333333333332,0.9999942850676122,0.0036905421984761906,1.003984161870413,0.9999641419418204,0.006619385903841499,1.0039975931169514,0.0030054523532186475,-0.9999801221294371,0.9999366677993485
550.0,7,668.817798177111,45,0.1875,0.9999943619964896,0.003948847676125794,1.004472152151428,0.9999643077812341,0.006548408426271393,1.0037992256878685,0.0032189879736378556,-0.9999809527448859,0.9999354765285495
550.0,7,668.817798177111,46,0.19166666666666668,0.999994456873467,0.0040252338829728125,1.0046279338157877,0.9999644135499958,0.006470565267970745,1.0035508687829688,0.003284290080585768,-0.9999810432310642,0.9999342423330011
550.0,7,668.817798177111,47,0.19583333333333333,0.9999945564687117,0.003823131821784313,1.0042923917724365,0.9999645231521883,0.006403834143589303,1.0033319377716126,0.0031217660382956243,-0.9999804920049525,0.9999329696042858
550.0,7,668.817798177111,48,0.2,0.9999946289021039,0.0034181256201378514,1.0035595022626027,0.9999645880785691,0.006333670944781529,1.0030718410685977,0.0027929216417658634,-0.9999788096730362,0.999931644229983
550.0,7,668.817798177111,49,0.20416666666666666,0.999994673187518,0.003208820788879256,1.0031576771437838,0.999964607850221,0.006397546513494048,1.003333206598487,0.0026234114004250117,-0.999977947499008,0.9999321833352016
550.0,7,668.817798177111,50,0.20833333333333334,0.9999947214948606,0.0032553580451651592,1.0032668895026264,0.9999646991523551,0.006469398933231544,1.0036266549302693,0.0026625840264766715,-0.9999777907320289,0.9999328577526314
550.0,7,668.817798177111,51,0.2125,0.9999947887992946,0.0034800702379690256,1.0037216798517579,0.9999647951034435,0.0063954791038308,1.0033813472584525,0.002847307129797947,-0.9999787006250764,0.9999315702794476
550.0,7,668.817798177111,52,0.21666666666666667,0.9999948690683569,0.0038103303035997285,1.0043424850380802,0.9999648537700255,0.006324413802620252,1.0031200362207697,0.003119083613479681,-0.9999796585404236,0.9999302244956169
550.0,7,668.817798177111,53,0.22083333333333333,0.9999949677782168,0.0038420699661990882,1.0044209584571366,0.9999648858915141,0.006282641395088883,1.0029565283430801,0.0031460732299317864,-0.9999797774187955,0.9999288345003444
550.0,7,668.817798177111,54,0.225,0.9999950565075297,0.0033987214633057873,1.0036419657215836,0.9999648842802623,0.006235250173212022,1.0027470375859915,0.0027829874888465277,-0.9999780539568268,0.999927391510103
550.0,7,668.817798177111,55,0.22916666666666666,0.999995116281933,0.002938250002318041,1.0027422289173,0.9999648513274526,0.006173580268649873,1.0024379340069816,0.002406339899760714,-0.9999761210113534,0.9999258928995471
550.0,7,668.817798177111,56,0.23333333333333334,0.9999951593569951,0.002836610299088912,1.0025352981233278,0.9999648021456217,0.0061935739209320415,1.002518169526024,0.002323073536593387,-0.9999752669928282,0.999925557910834
550.0,7,668.817798177111,57,0.2375,0.9999952192364726,0.0030915722246609213,1.0030957679977237,0.9999648311513091,0.006278206325905212,1.0029187634159535,0.002531009382456787,-0.9999762322777112,0.9999270609210025
550.0,7,668.817798177111,58,0.24166666666666667,0.9999952927317083,0.0033577539019587553,1.0036307468331833,0.9999648462926493,0.006249863368178278,1.0027993481768998,0.002748408308375701,-0.9999772799974825,0.9999258461805591
550.0,7,668.817798177111,59,0.24583333333333332,0.9999953810892096,0.0034671399531191905,1.003855067774898,0.9999647913821782,0.006195932747034709,1.0025255180842425,0.0028373800496956335,-0.9999776799558102,0.9999243731882619
550.0,7,668.817798177111,60,0.25,0.999995477782969,0.0033242875412004542,1.0036200489340337,0.9999647366395472,0.0061615433837176065,1.0023270776715185,0.0027194689861862235,-0.9999773504747281,0.999922849271406
550.0,7,668.817798177111,61,0.25416666666666665,0.9999955555406462,0.0029446911128978353,1.0029117315485876,0.9999646506409297,0.0061172004030504296,1.0020371931340841,0.002407799898553517,-0.9999754018211763,0.9999212453692592
550.0,7,668.817798177111,62,0.25833333333333336,0.999995605660952,0.0027028911157202374,1.0024159205616692,0.9999645053889961,0.00615670103869922,1.0021980656802667,0.0022088500288988252,-0.9999741487081564,0.9999213075157007
550.0,7,668.817798177111,63,0.2625,0.9999956543201287,0.0027096312768391485,1.0024510357714347,0.999964420465469,0.006233647848919995,1.002564124039296,0.0022128120818022657,-0.999973676396297,0.999922593469468
550.0,7,668.817798177111,64,0.26666666666666666,0.9999957190550008,0.0028891860666790015,1.0028559056605653,0.9999643596146446,0.0062028312254630204,1.0023839450611993,0.0023574816172725792,-0.9999747706885813,0.9999211499625176
550.0,7,668.817798177111,65,0.2708333333333333,0.9999957952927621,0.0032007267442075776,1.00348167651544,0.9999642582479882,0.006159617421908103,1.0020994453320204,0.0026099161971139435,-0.9999759138387259,0.9999196451732912
550.0,7,668.817798177111,66,0.275,0.9999958878794238,0.003316156027831551,1.003717644778169,0.9999641315842714,0.006142311989435325,1.001930409747312,0.002701990239919035,-0.9999766385645287,0.9999180839688742
550.0,7,668.817798177111,67,0.2791666666666667,0.9999959769795146,0.0029404780209477113,1.0030454921124061,0.9999639687428462,0.006127172033607518,1.0017399228663741,0.002393131310854455,-0.9999747850991013,0.9999164423328729
550.0,7,668.817798177111,68,0.2833333333333333,0.9999960404064085,0.002485795299986904,1.0021091609171877,0.9999637751643512,0.0061029906857957925,1.0014304958936482,0.00202102443287967,-0.9999727103152949,0.9999147396414361
550.0,7,668.817798177111,69,0.2875,0.9999960839198547,0.0023284369093512555,1.0017367563013992,0.9999635526832671,0.0061183550665441485,1.001405970562804,0.0018910336838660888,-0.9999712093077957,0.9999137562797429
550.0,7,668.817798177111,70,0.2916666666666667,0.9999961376702966,0.0025155513086733165,1.0022231355497027,0.9999634014882839,0.006185371440902618,1.0018239518128,0.002039990727710004,-0.9999722782490226,0.9999154499665625
550.0,7,668.817798177111,71,0.29583333333333334,0.9999962050902752,0.002775168461525464,1.0027991483456773,0.9999632626992707,0.00619372769637844,1.0018044149220298,0.002247448718091335,-0.9999734418071058,0.9999147333368374
550.0,7,668.817798177111,72,0.3,0.9999962844599108,0.002909421123481808,1.0030867105105512,0.9999630429937181,0.006172703270645025,1.001514620562159,0.0023530690076258628,-0.9999742017483488,0.9999132052587896
550.0,7,668.817798177111,73,0.30416666666666664,0.9999963735631635,0.002820476125589625,1.0029466721513756,0.9999628143935374,0.0061698215594667895,1.0013283791799557,0.0022777424913171494,-0.9999739645929795,0.9999116002082523
550.0,7,668.817798177111,74,0.30833333333333335,0.9999964487510727,0.0024825695882046525,1.0022881850819405,0.999962565009276,0.00616185690289959,1.0010335002731259,0.002001659444271973,-0.9999722979385459,0.9999099093655289
550.0,7,668.817798177111,75,0.3125,0.9999964953937571,0.002226987383786437,1.0017072537121257,0.9999622432788171,0.006192647752433562,1.0010888824870952,0.0017925726802883837,-0.9999707850993679,0.9999093590146704
550.0,7,668.817798177111,76,0.31666666666666665,0.9999965345686721,0.0022009440556171084,1.001661939501241,0.9999619653068583,0.006257566695143812,1.001499449816684,0.0017684191708956997,-0.9999701569624212,0.9999108257898585
550.0,7,668.817798177111,77,0.32083333333333336,0.9999965863188526,0.0023314002416747756,1.002012871812153,0.9999617325935184,0.006265523018782607,1.0014076958820222,0.001869573982840506,-0.9999711116050584,0.999909747623508
550.0,7,668.817798177111,78,0.325,0.9999966490313793,0.00260470098357728,1.0026239402599892,0.9999614555293664,0.0062576378826105505,1.0011083910460479,0.002084889934783865,-0.9999722900594205,0.9999083407323776
550.0,7,668.817798177111,79,0.32916666666666666,0.9999967256988066,0.0027833792215323284,1.0029954404536612,0.9999611502181397,0.006267692105377649,1.0009323136110573,0.002223851809663669,-0.9999735345053975,0.9999068652187795
550.0,7,668.817798177111,80,0.3333333333333333,0.9999968027081378,0.002490120549325623,1.002453893723185,0.9999608041761585,0.006283623535421184,1.0007593827184593,0.001985107038768213,-0.9999719497032596,0.9999052809633941
550.0,7,668.817798177111,81,0.3375,0.9999968553057536,0.0020676947543902717,1.0015049077994083,0.9999604240066966,0.006299548428528814,1.0004655573621584,0.001644763477710493,-0.9999701012947412,0.9999036354980604
550.0,7,668.817798177111,82,0.3416666666666667,0.9999968843906974,0.0018960165795313911,1.0009795312668917,0.9999600027803193,0.006329126570180807,1.0003482728919946,0.0015049820177312975,-0.9999681982808003,0.9999020942523926
550.0,7,668.817798177111,83,0.3458333333333333,0.9999969159553652,0.0020027037965559156,1.0013623833608676,0.9999596410217597,0.006375065821293315,1.0007519439989856,0.0015856270137111262,-0.9999691451479057,0.9999037032233702
550.0,7,668.817798177111,84,0.35,0.9999969614351011,0.0022300668702455386,1.0019689856538299,0.999959320303708,0.006405914236247784,1.0008442228514256,0.0017612123188355823,-0.9999701964552836,0.9999036439855101
550.0,7,668.817798177111,85,0.3541666666666667,0.9999970168212995,0.0023782072705707683,1.0023146890596581,0.9999589079210996,0.006422291788014826,1.0005546972900874,0.001873706687832545,-0.9999711700816629,0.9999023899822669
550.0,7,668.817798177111,86,0.35833333333333334,0.9999970825137523,0.002339184123443046,1.0022627814467444,0.9999584706740878,0.0064496959980654,1.0003722397491535,0.0018382630827520757,-0.9999711292206983,0.999901029080112
550.0,7,668.817798177111,87,0.3625,0.9999971374150118,0.0020645028756294927,1.0016744770451367,0.9999580207379775,0.006479474072383006,1.0000929818835713,0.0016180792669468684,-0.9999700865459417,0.9998995870960331
550.0,7,668.817798177111,88,0.36666666666666664,0.9999971614862343,0.0018333116184861343,1.0010227941248222,0.9999574858146096,0.006520381934503325,1.0000488935671306,0.0014329400190364516,-0.9999686863363169,0.9998985973310497
550.0,7,668.817798177111,89,0.37083333333333335,0.9999971711119756,0.001795862843300068,1.0008906059690066,0.999956970613721,0.006568191969188031,1.0004728998631685,0.0013996757874470444,-0.9999681148789785,0.9998996635148106
550.0,7,668.817798177111,90,0.375,0.9999971894678894,0.0018734522161731352,1.0011833182469223,0.9999565246370841,0.006602624549758284,1.0004885724369956,0.0014557602091532658,-0.9999686042259694,0.9998992939603465
550.0,7,668.817798177111,91,0.37916666666666665,0.9999972188579941,0.0020820585700288743,1.0017644116411117,0.999956031870931,0.006632185337592589,1.000188453760732,0.001613104199719323,-0.9999695320855941,0.9998983630138035
550.0,7,668.817798177111,92,0.38333333333333336,0.9999972605033254,0.0022909437677980657,1.0022425727728435,0.9999555027576104,0.0066706263244524795,1.000005132545185,0.0017699146561698871,-0.9999706060793934,0.9998973374300906
550.0,7,668.817798177111,93,0.3875,0.9999973056363242,0.002099517186815468,1.0018529930463222,0.9999549264190035,0.006714526218447879,0.9998497990959004,0.0016168131000369767,-0.9999699891716998,0.9998962094795096
550.0,7,668.817798177111,94,0.39166666666666666,0.9999973257388717,0.0017586237515446433,1.0009152930828027,0.9999543078626901,0.006765975158825524,0.9995846672362155,0.001349887850665836,-0.9999688395226289,0.9998950129190417
550.0,7,668.817798177111,95,0.3958333333333333,0.9999973178666621,0.001647857421876505,1.000258106297948,0.9999536358757226,0.006822456686759612,0.9993971901842443,0.001260923773945719,-0.9999674555876401,0.9998937341722496
550.0,7,668.817798177111,96,0.4,0.9999973038465239,0.0016809592449445704,1.0005089926766035,0.9999530053070663,0.00685741518636308,0.9997573300908282,0.0012817532917618112,-0.9999677375450419,0.9998945657791027
550.0,7,668.817798177111,97,0.4041666666666667,0.999997304048207,0.0018263284835893674,1.0011315915801964,0.9999524485475787,0.006895800040852422,0.9999651922398461,0.0013876569818863321,-0.999968351237529,0.9998949763650863
550.0,7,668.817798177111,98,0.4083333333333333,0.9999973133724163,0.001963885524538885,1.0015310224828426,0.9999517921738286,0.006946427143621081,0.9996999581588795,0.001487125359976075,-0.9999691005540036,0.9998943829882334
550.0,7,668.817798177111,99,0.4125,0.9999973340194598,0.001970178538524186,1.0015604644151392,0.9999510854497767,0.007002301823001063,0.9995149653913287,0.0014866651480190656,-0.999969349971713,0.9998936648190727
550.0,7,668.817798177111,100,0.4166666666666667,0.9999973464988923,0.0017921423988225503,1.0010572277777754,0.9999503722605727,0.007063699823521681,0.9992679714898005,0.0013474260024660977,-0.9999691140241672,0.9998928757166894
550.0,7,668.817798177111,101,0.42083333333333334,0.9999973245020187,0.0016548405437197867,1.0003550261484317,0.9999495625789436,0.00712778768159905,0.9991425160567015,0.0012396080319180634,-0.99996839414897,0.999892046193588
550.0,7,668.817798177111,102,0.425,0.9999972792953462,0.0016520199856748467,1.000130126890667,0.9999487385599796,0.007166735823862879,0.9995513969252597,0.0012328334694388825,-0.9999679751194078,0.9998923412767481
550.0,7,668.817798177111,103,0.42916666666666664,0.9999972388580417,0.0016810897237920764,1.0003604005604334,0.9999480109727784,0.007213752732268209,0.9996863492751815,0.0012496162712222912,-0.9999679754481595,0.9998924183961122
550.0,7,668.817798177111,104,0.43333333333333335,0.9999972105425827,0.0017874818652468263,1.0009011113359694,0.9999472396983005,0.0072757610600349505,0.999406195503197,0.0013235301700098155,-0.9999683296744817,0.9998923121643969
550.0,7,668.817798177111,105,0.4375,0.9999971938986045,0.0019660493666694727,1.0014565683543355,0.999946418009152,0.007340842794525113,0.999218003471097,0.0014503387840741752,-0.9999689109512058,0.9998920855859403
550.0,7,668.817798177111,106,0.44166666666666665,0.999997185343696,0.001890298231021834,1.001232484270828,0.9999455411902686,0.007408075977350717,0.9990830297886226,0.0013888405293512333,-0.9999691126956749,0.9998917744889163
550.0,7,668.817798177111,107,0.44583333333333336,0.9999971501316554,0.0017042496278572208,1.0003305046233675,0.9999446092850125,0.00748620857516605,0.9988581635748487,0.001246932947453587,-0.9999690398556678,0.9998913918078302
550.0,7,668.817798177111,108,0.45,0.9999970803812652,0.0017359909200867045,0.9995663982365961,0.9999436115510463,0.0075716047330510955,0.9986292238807232,0.0012651363132276106,-0.999968690883831,0.9998908993343236
550.0,7,668.817798177111,109,0.45416666666666666,0.9999969948077405,0.0017497678162401529,0.9996639156743529,0.9999426300096796,0.00761230557353425,0.9989261104504816,0.001269738207134198,-0.9999684902788534,0.9998909646254056
550.0,7,668.817798177111,110,0.4583333333333333,0.9999969244097798,0.0017652274362937393,1.0002844268247604,0.9999417608314924,0.007650048420258922,0.9992465082720782,0.001275322729289295,-0.9999684125777601,0.9998912617810549
550.0,7,668.817798177111,111,0.4625,0.9999968641125885,0.0018453506687680608,1.0007343438606415,0.9999407930661729,0.007724728407480562,0.9990365942321525,0.0013276255097057488,-0.9999685294346284,0.999891562161599
550.0,7,668.817798177111,112,0.4666666666666667,0.999996817888279,0.0018798874681722685,1.0008392397938126,0.9999397379783523,0.007805515730745201,0.9988481929615702,0.001346722938718664,-0.9999689215714604,0.9998917582992799
550.0,7,668.817798177111,113,0.4708333333333333,0.999996767333481,0.001823606503581034,1.00043107889231,0.9999386813895176,0.007888879750636488,0.9986474974900647,0.0013007050826334228,-0.9999693580509016,0.9998918827653983
550.0,7,668.817798177111,114,0.475,0.9999966775289463,0.0018347114187148381,0.9997044254136948,0.9999375213030797,0.007978054597073896,0.9984709854921533,0.0013028545831721633,-0.9999697300853422,0.999891916025052
550.0,7,668.817798177111,115,0.4791666666666667,0.9999965525356881,0.001907342634106646,0.9993829509548409,0.9999363017988302,0.008023105955478024,0.998841300267304,0.0013483902886083897,-0.99996960758106,0.9998913904232755
550.0,7,668.817798177111,116,0.48333333333333334,0.9999964279918366,0.0019168799801757622,0.9995475075102701,0.9999352090739119,0.008074334018429162,0.9991015489521731,0.0013489311683680524,-0.999969340787556,0.9998913270005974
550.0,7,668.817798177111,117,0.4875,0.9999963188262787,0.0019188799857016265,1.0000430516365622,0.9999340898960455,0.008157765874216159,0.9988700791873456,0.0013441478741377023,-0.9999689815929385,0.9998921354394354
550.0,7,668.817798177111,118,0.49166666666666664,0.9999962226720398,0.0019967635302851738,1.0006478786252828,0.9999329012283307,0.008244193101317313,0.9986832887156439,0.0013926096082365444,-0.9999688560395349,0.9998928225133704
550.0,7,668.817798177111,119,0.49583333333333335,0.9999961424650143,0.002008565294055576,1.0005948200273322,0.9999316508502554,0.008328583821324084,0.9985753727033464,0.0013944501873446127,-0.9999692943817412,0.9998934379155583
550.0,7,668.817798177111,120,0.5,0.9999960349805973,0.0019988020236555875,0.9997543057583175,0.9999303299766007,0.00842310046436515,0.9984020979158431,0.0013810510567946323,-0.999970350410964,0.9998939821574455
550.0,7,668.817798177111,121,0.5041666666666667,0.9999958827619831,0.0021707810914998633,0.9989096729579636,0.9999289339168445,0.008529568776763476,0.998164524246016,0.0014931122251101959,-0.9999710707557593,0.9998943912328334
550.0,7,668.817798177111,122,0.5083333333333333,0.9999957025473091,0.0022286682263191965,0.9988435066703789,0.9999275235350483,0.008588992245584652,0.9983923076743716,0.0015257064783153896,-0.9999709847004028,0.9998942576783554
550.0,7,668.817798177111,123,0.5125,0.9999955398689279,0.002148527412681838,0.9994415153618647,0.9999262716254362,0.008627246432440217,0.9988165905338476,0.001463622676588221,-0.9999702147232586,0.9998937815867972
550.0,7,668.817798177111,124,0.5166666666666667,0.9999953915508445,0.002147140271927031,0.9999406351083855,0.9999249441613927,0.008712363116863695,0.9986973946147634,0.0014558534979645461,-0.9999696564869873,0.9998949094797632
550.0,7,668.817798177111,125,0.5208333333333334,0.9999952630084006,0.002178044734309625,1.0001173721104184,0.99992348327133,0.008810305218838655,0.9985146084521827,0.0014699442281617347,-0.9999698065743261,0.9998959573244205
550.0,7,668.817798177111,126,0.525,0.9999951375516155,0.002209167343820919,0.9998104286456521,0.9999220266343921,0.008905037315978886,0.998372566130045,0.001483888168509265,-0.9999705154513693,0.9998969347589222
550.0,7,668.817798177111,127,0.5291666666666667,0.9999949677231176,0.0023340966843719588,0.999088568375898,0.9999204731216812,0.009010143879329875,0.9981817931997807,0.00156035269008692,-0.9999718378078314,0.999897802377518
550.0,7,668.817798177111,128,0.5333333333333333,0.9999947454393823,0.0024770489205319392,0.9986733146211032,0.9999188082587874,0.009072762966641864,0.9985022039426776,0.001648036081953444,-0.9999722463249209,0.9998971570649594
550.0,7,668.817798177111,129,0.5375,0.9999945176843663,0.0024976576076623192,0.9987711358028739,0.9999173034253792,0.009127691143079627,0.9988886625751984,0.0016537309762661074,-0.9999720393150888,0.9998964281513014
550.0,7,668.817798177111,130,0.5416666666666666,0.9999943123042984,0.002447602887592904,0.9992217581983365,0.9999158190626734,0.00921816258047377,0.9987409112853899,0.001612747575995522,-0.9999711094045487,0.9998979121987566
550.0,7,668.817798177111,131,0.5458333333333333,0.9999941251842093,0.0024260400245640626,0.999852671288375,0.9999142483072685,0.009315510124297478,0.9985677610615377,0.0015912305112591502,-0.9999703320227914,0.9998993027590966
550.0,7,668.817798177111,132,0.55,0.9999939664644003,0.0024564209094416964,0.9999694034884756,0.9999126181478244,0.009408091351474896,0.9984975138586851,0.0016036854831892444,-0.9999703578801326,0.9999006242508971
550.0,7,668.817798177111,133,0.5541666666666667,0.9999937840638523,0.0025537358487765093,0.9992184710242173,0.9999109081709022,0.009507571366953472,0.998387485137339,0.0016590773563411893,-0.9999721774270933,0.9999018577761919
550.0,7,668.817798177111,134,0.5583333333333333,0.9999935422074174,0.0028049147875924096,0.998322263275008,0.9999091249679595,0.009619747834168756,0.9981770157803732,0.0018138807092965218,-0.9999737041148538,0.9999029837669482
550.0,7,668.817798177111,135,0.5625,0.9999932550397528,0.002926433643186785,0.9980944277334216,0.9999073007129788,0.00969917875402845,0.9983431157212087,0.0018836665165312427,-0.9999741879029359,0.9999032249122606
550.0,7,668.817798177111,136,0.5666666666666667,0.9999929884776446,0.0028152420436428965,0.9986488245258724,0.99990568990378,0.009744966280579734,0.9988566841048095,0.0018032570781118633,-0.9999729959181348,0.9999019713012341
550.0,7,668.817798177111,137,0.5708333333333333,0.9999927471706711,0.0027520681348677436,0.99919900691488,0.9999040708809237,0.00982714164868116,0.9988660456888467,0.0017546629660951437,-0.9999719550310104,0.9999033082104813
550.0,7,668.817798177111,138,0.575,0.9999925355013511,0.0027599193236517295,0.9994476000373668,0.9999022754032459,0.009927840229721947,0.9987066213107494,0.0017517725023610466,-0.9999716409947332,0.9999048689126948
550.0,7,668.817798177111,139,0.5791666666666667,0.999992340747024,0.002818545184713663,0.9992453726514312,0.9999004960782791,0.010022000261846357,0.9986322423603158,0.0017808801533037212,-0.9999722480804318,0.9999063614908356
550.0,7,668.817798177111,140,0.5833333333333334,0.9999920983910793,0.002989904690621841,0.9985602527585693,0.9998986563048922,0.010125326432468194,0.9984658208594641,0.0018806522822788227,-0.9999740730923334,0.999907742128673
550.0,7,668.817798177111,141,0.5875,0.9999917791124355,0.0031781251493628597,0.9980630074376566,0.9998966618539823,0.010204746570509356,0.9987368446344715,0.0019901493771047607,-0.9999750182139874,0.9999075507647782
550.0,7,668.817798177111,142,0.5916666666666667,0.9999914442210087,0.003220364258319169,0.9980965656924743,0.9998948616433244,0.010267679542445195,0.9992427688637615,0.0020076389318184292,-0.9999750853698902,0.9999060294434918
550.0,7,668.817798177111,143,0.5958333333333333,0.9999911434443788,0.003158082872987807,0.9985064975433625,0.9998931786389327,0.010350368105608925,0.9992144436857352,0.0019600779650126355,-0.9999738789611353,0.9999077909643148
550.0,7,668.817798177111,144,0.6,0.9999908733123519,0.003080553236552532,0.9991481611443227,0.9998914121102572,0.010441227838070537,0.9990715652627233,0.001904048788687344,-0.999972744951073,0.9999094852588494
550.0,7,668.817798177111,145,0.6041666666666666,0.9999906496265544,0.003084512945545592,0.9994277160549881,0.9998896090719782,0.01052821503989585,0.9990492067706614,0.0018987889396634683,-0.9999720572687283,0.9999111175549885
550.0,7,668.817798177111,146,0.6083333333333333,0.9999904140153634,0.0032109112373597385,0.9987974168112009,0.999887738333475,0.010618363925492615,0.9990125193420827,0.0019681421308410134,-0.9999741705055494,0.9999126567788188
550.0,7,668.817798177111,147,0.6125,0.9999901008943096,0.0034853074629422865,0.9978817331358208,0.9998858208045586,0.010715877523169904,0.9988596771103894,0.0021278110647084446,-0.9999760390276411,0.9999141179664277
550.0,7,668.817798177111,148,0.6166666666666667,0.9999897183982024,0.003660223938012136,0.9975068448308325,0.9998838565578423,0.010801170993542188,0.9989788431977666,0.002225954348708156,-0.9999771745758107,0.9999149650091145
550.0,7,668.817798177111,149,0.6208333333333333,0.9999893562778742,0.0035567039623078975,0.9979987848686358,0.9998821653229543,0.010859623649502144,0.9995601872722791,0.002154160274407643,-0.9999758888983786,0.9999134529692854
550.0,7,668.817798177111,150,0.625,0.999989040904167,0.0034548594706988356,0.9986031427394552,0.9998805961472182,0.010928920080277188,0.9997263741025448,0.002084500241092088,-0.9999746755502577,0.9999142971242033
550.0,7,668.817798177111,151,0.6291666666666667,0.9999887703778929,0.0034358887433666115,0.9989275274303353,0.9998788349112884,0.011010972013038042,0.9996091154833872,0.0020656619292089146,-0.9999739403623793,0.9999159728618567
550.0,7,668.817798177111,152,0.6333333333333333,0.9999885392701022,0.0034847209445844764,0.9988323001852722,0.9998771111490528,0.0110891059050525,0.9996015104962513,0.0020875978056016996,-0.9999744734691646,0.9999175764806391
550.0,7,668.817798177111,153,0.6375,0.9999882635332301,0.003650935855640713,0.9982167184642676,0.9998754044890539,0.011168069083340003,0.9994896944560563,0.002179609277637131,-0.9999761388575319,0.9999191005375253
550.0,7,668.817798177111,154,0.6416666666666667,0.9999878803778733,0.0038561644088881734,0.9976573606883992,0.999873532816795,0.01124758098351436,0.9997140340794917,0.002294438816547585,-0.9999774382640395,0.9999195241755326
550.0,7,668.817798177111,155,0.6458333333333334,0.9999874640393565,0.003917492723908563,0.9976318044268315,0.999871879099285,0.011321254158035256,1.0003159656898226,0.002323337444557016,-0.9999776382561925,0.9999178664817773
550.0,7,668.817798177111,156,0.65,0.9999870966313826,0.003858869338540549,0.9980082295111249,0.9998704902570849,0.011384339784423134,1.0004324394557664,0.0022812310304246774,-0.9999766118544035,0.9999191438601585
550.0,7,668.817798177111,157,0.6541666666666667,0.9999867822379814,0.0037586217351485655,0.9986522148663197,0.9998690576336936,0.0114453808869856,1.0003298557407636,0.0022155531780804695,-0.9999754366171846,0.9999207867585805
550.0,7,668.817798177111,158,0.6583333333333333,0.9999865373205785,0.0037263361121693613,0.9990807410479383,0.9998676330545199,0.011507798151075138,1.000353562359073,0.0021907305121744037,-0.9999743102155417,0.9999223752599152
550.0,7,668.817798177111,159,0.6625,0.9999863038320511,0.0038305548594322887,0.9986031233600217,0.9998661816860152,0.011571225179635613,1.0003872395405369,0.0022456428453443075,-0.9999761671670315,0.999923883404513
550.0,7,668.817798177111,160,0.6666666666666666,0.999985975768054,0.00408329004485287,0.9977008787414479,0.9998647333341028,0.011632405195278004,1.0003039902033617,0.002387683512009831,-0.9999779955054756,0.9999253369227461
550.0,7,668.817798177111,161,0.6708333333333333,0.9999855508645488,0.004286209435167783,0.9972030170932294,0.9998632617197477,0.011696679832813068,1.0003849090597956,0.0025006423504072297,-0.999979580869011,0.9999266694575043
550.0,7,668.817798177111,162,0.675,0.9999851359670385,0.004208947845556047,0.9976148547852532,0.9998621008718495,0.01176414451366057,1.0009965249113462,0.0024495525352013284,-0.9999784318002465,0.9999252237790357
550.0,7,668.817798177111,163,0.6791666666666667,0.9999847992314096,0.004085952379129081,0.9982727581253084,0.9998612316920128,0.011816888801384736,1.0013204728238763,0.0023727548463281394,-0.9999773080795484,0.9999254406140611
550.0,7,668.817798177111,164,0.6833333333333333,0.9999845278996744,0.004043245435449018,0.9986774347586375,0.999860197673839,0.0118567999110956,1.0012509719856133,0.0023436424239530102,-0.999976353396918,0.9999269487022283
550.0,7,668.817798177111,165,0.6875,0.9999843253065691,0.004066138323026828,0.9986902848825934,0.9998592125740087,0.011900287860673727,1.0012888846633539,0.0023527950964492774,-0.9999767898988339,0.9999283899330867
550.0,7,668.817798177111,166,0.6916666666666667,0.9999840918808371,0.004193474684118519,0.9981702068769004,0.9998583389326725,0.011934122458150785,1.001235525764013,0.002422543598438094,-0.9999780468822216,0.9999297788481222
550.0,7,668.817798177111,167,0.6958333333333333,0.999983722324512,0.004385626140904437,0.9975714535231559,0.9998573271222435,0.011985646650683248,1.0014031167727238,0.002529868702332094,-0.9999794680082913,0.9999306638352301
550.0,7,668.817798177111,168,0.7,0.9999832929180765,0.004457194541738088,0.9974893699862986,0.9998565126669379,0.012065996305422454,1.002052097290367,0.0025677924094425876,-0.9999796889670345,0.9999292580209799
550.0,7,668.817798177111,169,0.7041666666666667,0.9999829241307117,0.004406938567752559,0.9978365721887763,0.9998561037791871,0.012106017392600914,1.0023090984863952,0.002535743923856733,-0.9999790409675997,0.9999298414634442
550.0,7,668.817798177111,170,0.7083333333333334,0.9999826376753653,0.0043041512982963616,0.9984757677329641,0.9998557129859706,0.012115363122172013,1.002236495797704,0.0024743470737950187,-0.9999780316220092,0.9999312277965315
550.0,7,668.817798177111,171,0.7125,0.9999824436870822,0.004245816455854148,0.9990302613414053,0.9998553620732149,0.012133789993943862,1.0022791315427515,0.0024394838397266494,-0.9999770729495183,0.9999325638414691
550.0,7,668.817798177111,172,0.7166666666666667,0.9999822942685794,0.004302784828360884,0.9987293986697241,0.9998550247177436,0.012154818415917288,1.0023542496934772,0.002470561213780394,-0.9999781759448363,0.9999338471612117
550.0,7,668.817798177111,173,0.7208333333333333,0.9999820406529021,0.0044986122980821,0.9978676989973434,0.9998547242074665,0.012164080452406136,1.0023219403210126,0.002581778446325041,-0.9999797501088735,0.9999350894127552
550.0,7,668.817798177111,174,0.725,0.9999816677569959,0.004697153646694022,0.9972720288174969,0.9998544242113964,0.012179535973398043,1.0023546679346418,0.002695522175696325,-0.9999811655635912,0.9999362821734094
550.0,7,668.817798177111,175,0.7291666666666666,0.9999812796535469,0.004653403529589924,0.9975805855206261,0.9998544010243302,0.01224290855547859,1.0029336202731325,0.0026698763540351483,-0.9999805953619504,0.9999354287115714
550.0,7,668.817798177111,176,0.7333333333333333,0.9999809989760664,0.0045257102768711055,0.998280399418381,0.999854789277433,0.012284276562435957,1.0033801871747228,0.002596573489640117,-0.9999796977513661,0.9999351633519308
550.0,7,668.817798177111,177,0.7375,0.9999808049401303,0.004467738773864418,0.9987633122456986,0.9998550605312662,0.012268146056139163,1.0033428708517727,0.00256434924550446,-0.9999788270646728,0.9999363683609531
550.0,7,668.817798177111,178,0.7416666666666667,0.9999807059357473,0.0044636509912035546,0.9988780182881117,0.9998553415683546,0.012261580238089376,1.0033787555554585,0.0025633729225757146,-0.9999790875258802,0.9999375219394255
550.0,7,668.817798177111,179,0.7458333333333333,0.9999805994067779,0.004536502657622437,0.9984654136114641,0.9998557787149257,0.012240628171050157,1.0033560004638484,0.0026069299998768636,-0.999979921316156,0.9999386408985084
550.0,7,668.817798177111,180,0.75,0.9999803416988623,0.004688800637208115,0.9978451969650238,0.9998561079425571,0.012238814901075909,1.0034402630038357,0.0026967033164632132,-0.9999812720818606,0.9999397258324569
550.0,7,668.817798177111,181,0.7541666666666667,0.9999799908023788,0.0047605675161295335,0.9976988009535243,0.9998565391343983,0.012315788965939116,1.0040626173126035,0.0027407090409057814,-0.9999814887714652,0.9999386507888263
550.0,7,668.817798177111,182,0.7583333333333333,0.9999796990858847,0.004720583507235193,0.9980104807467848,0.9998574148015245,0.012341987016891372,1.004423577417851,0.002720643754588578,-0.9999811880620468,0.9999387221813538
550.0,7,668.817798177111,183,0.7625,0.999979513276529,0.004628570270044692,0.9986320251391498,0.9998583484784809,0.012291521786850435,1.0043525767472092,0.0026711795269013664,-0.9999804305401666,0.9999397797914678
550.0,7,668.817798177111,184,0.7666666666666667,0.9999794332846041,0.004563610788027403,0.999279380545441,0.9998592983892842,0.012255165713319681,1.0043658511665312,0.00263829386124812,-0.9999797270093266,0.9999407935761014
550.0,7,668.817798177111,185,0.7708333333333334,0.9999794293076534,0.004574167838502379,0.9991609162040049,0.9998602577888082,0.012228065754098176,1.0044335596689453,0.0026488073238723963,-0.9999802385330201,0.9999417749615416
550.0,7,668.817798177111,186,0.775,0.9999793232150942,0.004693695347190734,0.9983557405466458,0.9998612316688954,0.01218412249198549,1.0044110481482418,0.0027227534957630856,-0.9999814786603506,0.999942726922992
550.0,7,668.817798177111,187,0.7791666666666667,0.9999790864950756,0.004859742571582434,0.9976773389777727,0.9998621938635169,0.012137382370272157,1.004371015808398,0.0028252049357217054,-0.999982588894153,0.9999436353221031
550.0,7,668.817798177111,188,0.7833333333333333,0.9999787990798262,0.0048485676395090905,0.9978539386417475,0.9998633170672793,0.012180699079601006,1.0048466235631106,0.0028245725556006133,-0.9999824985984311,0.999943306231369
550.0,7,668.817798177111,189,0.7875,0.9999786268432064,0.004732762601396518,0.9985686093812642,0.9998648477644516,0.012224313469858573,1.0053591580586068,0.0027630153408070325,-0.9999818635265698,0.9999427906579472
550.0,7,668.817798177111,190,0.7916666666666666,0.999978554504759,0.004672835022234895,0.9991173264891641,0.9998663005977398,0.012158669919352166,1.005331285859141,0.0027350009390086803,-0.9999812647711475,0.9999436616358767
550.0,7,668.817798177111,191,0.7958333333333333,0.9999785880781114,0.004652369192691417,0.9993181442429573,0.9998676759741952,0.012097733876232638,1.0053118235684069,0.002730347864556921,-0.9999813287060987,0.9999445000910921
550.0,7,668.817798177111,192,0.8,0.9999786376028666,0.004674724241761737,0.9990098742399609,0.9998691722428367,0.012028840086324585,1.005280239676314,0.0027510544178302723,-0.9999818282780255,0.9999453136744657
550.0,7,668.817798177111,193,0.8041666666666667,0.9999785409443893,0.0047722011194592144,0.9983796621877875,0.9998705722745126,0.01196574480913378,1.0052584433901495,0.002816564091147703,-0.9999828388483821,0.9999460965269933
550.0,7,668.817798177111,194,0.8083333333333333,0.9999783191608002,0.0048366998720023105,0.9981508384843781,0.9998719419242306,0.01202756812233999,1.0057797411860636,0.0028632692850480207,-0.9999831698340084,0.9999456117602401
550.0,7,668.817798177111,195,0.8125,0.9999781372164693,0.004809253176120359,0.998409937994625,0.9998736742894336,0.012059258476184153,1.0062001973332415,0.0028557874578305042,-0.9999831155965369,0.999945404365762
550.0,7,668.817798177111,196,0.8166666666666667,0.9999780660973704,0.004736917892654745,0.9989960146398061,0.9998754725850304,0.011961583723416594,1.006110335604513,0.0028219144537500363,-0.9999826223750565,0.9999461321092836
550.0,7,668.817798177111,197,0.8208333333333333,0.9999780995862759,0.004684745152594717,0.99969533527955,0.9998772266882437,0.011873213858883664,1.0060518791694302,0.0028009159030970886,-0.9999821744978086,0.9999468274610158
550.0,7,668.817798177111,198,0.825,0.9999782260714876,0.004669619537366837,0.9997493571408966,0.9998789530590563,0.011805187759695884,1.006071125307051,0.0028018163340883155,-0.9999823225542448,0.9999475015337795
550.0,7,668.817798177111,199,0.8291666666666667,0.9999782644523818,0.004714473967731569,0.9990098059126891,0.9998806401031721,0.011721214832416789,1.006022964071636,0.0028385723463830895,-0.9999832146805093,0.9999481538266044
550.0,7,668.817798177111,200,0.8333333333333334,0.9999781713889143,0.00483227831777262,0.9982566215608297,0.9998822827673802,0.011619104953311536,1.005897569440016,0.002920771879019902,-0.999984005731259,0.9999487698022765
550.0,7,668.817798177111,201,0.8375,0.999977995800196,0.004847279836733903,0.99827409033624,0.999883957145169,0.01163086634179737,1.0062219756064352,0.0029409899633186295,-0.9999841848911212,0.9999487606799495
550.0,7,668.817798177111,202,0.8416666666666667,0.999977915084256,0.004755986837512403,0.9989666028967892,0.99988594401069,0.011691268049830894,1.0067506502450745,0.002896316770866467,-0.999983794422901,0.9999482136767812
550.0,7,668.817798177111,203,0.8458333333333333,0.9999779359397152,0.004707341745884143,0.9995641864444005,0.9998878893705505,0.011601249076414586,1.0067279461828988,0.0028783478031839315,-0.9999834482083595,0.9999487701267855
550.0,7,668.817798177111,204,0.85,0.9999780567261882,0.004685856351995239,0.999832823983644,0.9998896836294474,0.011494059245307912,1.006624851483765,0.0028772043549438586,-0.9999834288320428,0.9999493068305282
550.0,7,668.817798177111,205,0.8541666666666666,0.9999782097706347,0.004675788347088784,0.9996185786143538,0.9998915303365584,0.011394996642155871,1.0065603835035029,0.0028830409975109683,-0.9999837000339333,0.9999498253786795
550.0,7,668.817798177111,206,0.8583333333333333,0.9999782385744905,0.004719447364341258,0.9989888107808446,0.9998932927113809,0.011281386940274722,1.0064338686056176,0.0029223342068372352,-0.9999843712980376,0.9999503157470451
550.0,7,668.817798177111,207,0.8625,0.9999781224705439,0.0047722421992551275,0.9986616529862674,0.9998949306679212,0.011318085540908115,1.0068102182439977,0.0029677864692331697,-0.9999846994122208,0.9999501914574019
550.0,7,668.817798177111,208,0.8666666666666667,0.9999780166448731,0.004758826117970392,0.9988490675575561,0.9998968037228037,0.011373727910441115,1.0072606884092121,0.0029722265679208775,-0.9999847740857754,0.9999499173850643
550.0,7,668.817798177111,209,0.8708333333333333,0.9999780090602824,0.004709681559034666,0.9993834813099775,0.9998987459050045,0.011255919716032486,1.0071591929793051,0.0029543526322978906,-0.9999845168384585,0.9999503415377884
550.0,7,668.817798177111,210,0.875,0.9999780953165118,0.004680745122448395,1.0000968707438247,0.9999006021170457,0.011127882279177633,1.0070151724024312,0.0029499217586587538,-0.9999842923799781,0.999950744433136
550.0,7,668.817798177111,211,0.8791666666666667,0.9999782760779952,0.004665938865909637,1.000306851632314,0.999902402711416,0.0110329729777402,1.0069714241097028,0.0029542763960550577,-0.9999842822141156,0.9999511313282158
550.0,7,668.817798177111,212,0.8833333333333333,0.9999783924687168,0.004655171172586821,0.999644848414776,0.9999041286999384,0.010927583173072589,1.0068855932035852,0.0029605118108269384,-0.9999848238376254,0.9999514969844504
550.0,7,668.817798177111,213,0.8875,0.999978383923806,0.004722683143474755,0.998827934117494,0.9999057917439246,0.010789968107308633,1.006688249419556,0.003017659851890939,-0.9999853008499452,0.9999518388947867
550.0,7,668.817798177111,214,0.8916666666666667,0.9999782764268834,0.004754848089216124,0.9986704507854065,0.9999074077420486,0.01076505091491156,1.0068492815850592,0.003052506495841477,-0.999985542197728,0.9999519504939487
550.0,7,668.817798177111,215,0.8958333333333334,0.9999782278985071,0.0046920342732625275,0.999302977702795,0.9999092270436386,0.010847538949357548,1.0073617029067379,0.0030256537996564852,-0.9999853655131051,0.9999516295404249
550.0,7,668.817798177111,216,0.9,0.9999782754372261,0.004661180006615677,0.9999361847279384,0.9999110479766508,0.010764821904471339,1.007366258198357,0.0030199777645601314,-0.9999852276931311,0.9999518272564648
550.0,7,668.817798177111,217,0.9041666666666667,0.9999784090098836,0.004650232621493546,1.0002595487850865,0.9999126957092916,0.010626177234714195,1.007183068010555,0.0030274834113929285,-0.9999852085102374,0.9999520857200888
550.0,7,668.817798177111,218,0.9083333333333333,0.9999785843763673,0.004628607095197426,1.0001294702548054,0.9999143429071948,0.010514278541398072,1.0070812435727798,0.003027799822081275,-0.9999853513310429,0.9999523285020274
550.0,7,668.817798177111,219,0.9125,0.9999786661072112,0.0046314805493299,0.9995169567062171,0.999915929443607,0.010370672768042054,1.0068766716554889,0.003044145353752796,-0.9999856749341985,0.9999525460098301
550.0,7,668.817798177111,220,0.9166666666666666,0.9999785999312464,0.004670913493965012,0.9990867726856542,0.9999173622567735,0.010375219861825654,1.0070975554953707,0.0030847524359896325,-0.9999858887864043,0.999952576073205
550.0,7,668.817798177111,221,0.9208333333333333,0.9999785158696279,0.004670506803782553,0.9991885282118697,0.9999189210979189,0.010461883917553372,1.0075617172786941,0.0030991094104492536,-0.9999859762044533,0.9999524184525458
550.0,7,668.817798177111,222,0.925,0.9999785103521177,0.00464188685360256,0.9996610385309902,0.9999205593869405,0.010353411477762602,1.0074783764788984,0.0030945613280810567,-0.999985915874254,0.9999525656004172
550.0,7,668.817798177111,223,0.9291666666666667,0.9999785860742411,0.004634544950463487,1.0003608490591,0.9999221071020024,0.01020089889154239,1.0072606004975255,0.003104866120621578,-0.999985878814406,0.9999526984913455
550.0,7,668.817798177111,224,0.9333333333333333,0.9999787492961609,0.004636929475410481,1.0007079460244055,0.9999235936064848,0.010092173052868735,1.007159658575945,0.0031218303916508523,-0.9999858805918197,0.9999528177838762
550.0,7,668.817798177111,225,0.9375,0.9999788767784281,0.004597109295742811,1.0001427863854406,0.9999250005133424,0.009981178534003914,1.0070427740745063,0.003109318492760585,-0.9999860752040918,0.9999529142460909
550.0,7,668.817798177111,226,0.9416666666666667,0.9999788908767188,0.004622552611901991,0.9992807104974774,0.9999263458374511,0.00982977656265658,1.006801295115736,0.0031415631908038393,-0.999986225615534,0.9999529945751056
550.0,7,668.817798177111,227,0.9458333333333333,0.9999788048336167,0.004663564303957762,0.9989482439999772,0.9999276188677728,0.00976880796571933,1.00681288752703,0.003184779765769536,-0.9999863293038265,0.999953044264426
550.0,7,668.817798177111,228,0.95,0.9999787418990009,0.004624864913877229,0.9994877304790316,0.9999290104872831,0.009866871546878259,1.0072884004485734,0.003172596126218903,-0.9999863337238333,0.9999529902948591
550.0,7,668.817798177111,229,0.9541666666666667,0.9999787666382931,0.004609135870762061,1.0001467894957297,0.9999304434454357,0.009816965829892638,1.0073506440473596,0.00317654610619073,-0.9999863682353088,0.999952975982868
550.0,7,668.817798177111,230,0.9583333333333334,0.9999788640075946,0.004611969690431577,1.0005183521534577,0.9999317217337929,0.009663064796782821,1.0071101837453251,0.0031937178000062865,-0.9999864165869389,0.9999529719889566
550.0,7,668.817798177111,231,0.9625,0.9999790088401361,0.004593415639769489,1.0004655321311164,0.9999329704681136,0.00954891151760678,1.0069746469454939,0.0031957426118740537,-0.9999864729283685,0.999952949085699
550.0,7,668.817798177111,232,0.9666666666666667,0.9999790911106947,0.0045732571712252335,0.9998923770802375,0.9999341850005959,0.009396586830302162,1.0067281643812453,0.0031964123595653823,-0.9999864725597487,0.9999529066771204
550.0,7,668.817798177111,233,0.9708333333333333,0.9999790354921032,0.004600565716503547,0.9993666373132147,0.9999352591822618,0.009366040341290561,1.0068029801163016,0.003230248169931739,-0.9999864612754736,0.9999529056688184
550.0,7,668.817798177111,234,0.975,0.9999789405001432,0.004610352003649622,0.9993743365642327,0.9999363842550897,0.00947668666952945,1.0072642244309156,0.0032517388206050333,-0.9999864637553694,0.9999530056221343
550.0,7,668.817798177111,235,0.9791666666666666,0.9999789046962103,0.004595592443071549,0.9997801759291435,0.9999375988712489,0.009401454838911727,1.0072355459412476,0.003255598273057997,-0.9999865564003552,0.999952920661501
550.0,7,668.817798177111,236,0.9833333333333333,0.9999789400137656,0.0046000445573170555,1.000448265183699,0.9999387411869296,0.009238944075290951,1.0069669569743624,0.0032735731808922037,-0.9999866793720469,0.9999527939354779
550.0,7,668.817798177111,237,0.9875,0.9999790528904832,0.004621736886212066,1.0009096451625659,0.9999398284257561,0.009125336188448328,1.0068205099859127,0.0033042378616766756,-0.9999868269016928,0.9999526514655347
550.0,7,668.817798177111,238,0.9916666666666667,0.9999791580503795,0.004577166700094496,1.0004659575370893,0.9999408474916176,0.00901891089041189,1.006684066125534,0.003286301363714863,-0.9999866876420432,0.9999524852580883
550.0,7,668.817798177111,239,0.9958333333333333,0.999979163972848,0.004574174747040586,0.9995828358309016,0.9999418146392882,0.008871274852426843,1.0064261354643405,0.0032983436166267826,-0.9999864898720768,0.9999523052685306
550.0,8,669.317798177111,0,0.0,0.9999904314376247,0.0053325370845772515,1.0061618482953938,0.9999645279079414,0.006420865230853242,1.0033985928486417,0.0043543728131619506,-0.999981475163009,0.9999329694915672
550.0,8,669.317798177111,1,0.004166666666666667,0.9999906293883364,0.004999438002738047,1.0056056655281218,0.9999645978606347,0.006369289530648619,1.003219487830252,0.004084268657523314,-0.999979884201939,0.9999316407498086
550.0,8,669.317798177111,2,0.008333333333333333,0.9999907795514348,0.0044774857046652764,1.0046643650883755,0.9999646400428874,0.006293332010935477,1.002918434935319,0.003659790285050333,-0.999978146281843,0.9999302759022384
550.0,8,669.317798177111,3,0.0125,0.9999908864280823,0.0042163480824141735,1.0041714062494311,0.9999646471891025,0.006268158431408109,1.002810059626026,0.0034482378195485387,-0.9999764697294622,0.999929082963737
550.0,8,669.317798177111,4,0.016666666666666666,0.9999910004896858,0.004412145405164318,1.0045860060110918,0.9999647078378902,0.006359197663562385,1.0032137154149368,0.0036088669150280217,-0.9999773761204025,0.9999304813856387
550.0,8,669.317798177111,5,0.020833333333333332,0.9999911459146484,0.0047237093758778735,1.0052018574380226,0.9999648051077127,0.006368989135290213,1.0032823687486592,0.003864398984957831,-0.999978320164477,0.9999302000895298
550.0,8,669.317798177111,6,0.025,0.9999913148944467,0.004898438857197691,1.0055488589600214,0.9999648272836562,0.006293875746807207,1.0029844877556486,0.004008445737385743,-0.9999790863340607,0.9999288307037926
550.0,8,669.317798177111,7,0.029166666666666667,0.9999915049103004,0.004846618462778974,1.005491323209495,0.9999648318490986,0.006250038282440196,1.0027949476003368,0.003966480386206766,-0.9999787490045952,0.9999273962770867
550.0,8,669.317798177111,8,0.03333333333333333,0.9999916755404455,0.004501494765514947,1.0048985144742932,0.9999648276900562,0.0061887197164796175,1.0025043543540184,0.0036839883998591935,-0.9999773771092022,0.9999259081139311
550.0,8,669.317798177111,9,0.0375,0.9999917920822021,0.004155926827296383,1.004266764666181,0.9999647537264844,0.006187395972350931,1.0024678769811561,0.003400846160661825,-0.9999757561851255,0.9999250419078993
550.0,8,669.317798177111,10,0.041666666666666664,0.9999918882546076,0.004090945547878743,1.0041617607854905,0.9999647000884223,0.006281108603199871,1.0028860221645488,0.0033469615125295083,-0.9999751893725928,0.9999264924728297
550.0,8,669.317798177111,11,0.04583333333333333,0.9999920057021773,0.004239446448376367,1.0044773801580098,0.9999647068287947,0.006278107144251893,1.0028752290916898,0.0034671352767148226,-0.9999758393411916,0.9999257836005802
550.0,8,669.317798177111,12,0.05,0.9999921477762403,0.0045464592149582084,1.0050761008147986,0.9999646794210139,0.006212587871095596,1.0025628854800364,0.0037170483367804253,-0.9999768892381077,0.9999243487102502
550.0,8,669.317798177111,13,0.05416666666666667,0.9999923161273281,0.004795869974003622,1.0055501096597546,0.9999646254703934,0.00617860514909788,1.0023695465311697,0.003920052419592244,-0.9999779876064822,0.999922849518448
550.0,8,669.317798177111,14,0.058333333333333334,0.9999924916487763,0.004547008368094481,1.0051448906591414,0.999964537000649,0.00615461313729819,1.0022007602626128,0.0037142883553327264,-0.9999766705859144,0.9999212789333005
550.0,8,669.317798177111,15,0.0625,0.9999926283326095,0.004025861936746933,1.0042126626758991,0.9999644200843983,0.006117051124178366,1.0019193729974551,0.0032863767697976893,-0.9999747166231447,0.9999196594473719
550.0,8,669.317798177111,16,0.06666666666666667,0.9999927244766925,0.0036984708493667338,1.0035850262835544,0.9999642653348986,0.006101406677814675,1.0017292396558637,0.0030174378518616238,-0.9999725520823532,0.999917986028191
550.0,8,669.317798177111,17,0.07083333333333333,0.9999928174556663,0.00382803114279674,1.0038730671998066,0.9999641463062439,0.006166397921207614,1.0020858476354029,0.003120144985052381,-0.9999732911790182,0.9999193118322426
550.0,8,669.317798177111,18,0.075,0.999992939424894,0.004145290874594253,1.0045096977963872,0.999964085309314,0.0062022625550283,1.002262408155156,0.0033753240066319787,-0.9999743861911803,0.999919574966331
550.0,8,669.317798177111,19,0.07916666666666666,0.9999930815034864,0.00435095030457472,1.0049135574794237,0.9999639534629317,0.0061640648969762905,1.0019764035618541,0.0035397126465584274,-0.9999755276235555,0.999918070257907
550.0,8,669.317798177111,20,0.08333333333333333,0.9999932451879343,0.004347453845647836,1.004940806075932,0.9999637896919691,0.006146996674901849,1.0017765800268992,0.003533298978212455,-0.9999752786170092,0.9999164730294664
550.0,8,669.317798177111,21,0.0875,0.9999933994040524,0.004047555633800921,1.0044329754088388,0.9999636245433353,0.006124500422947974,1.001507183193132,0.003285800125415178,-0.9999741257429707,0.999914818968001
550.0,8,669.317798177111,22,0.09166666666666666,0.9999935063368763,0.003673171848128345,1.003748294446216,0.9999633913283651,0.0061281441967055705,1.0013760932277196,0.0029782081219155683,-0.9999721458470328,0.9999132688235466
550.0,8,669.317798177111,23,0.09583333333333334,0.9999935865197688,0.0035639849303740426,1.0035527256744474,0.999963153429976,0.006198141307728627,1.0017738273188341,0.002885829654180383,-0.9999715235305806,0.9999147902754312
550.0,8,669.317798177111,24,0.1,0.9999936809384156,0.003680182350086912,1.003808488908847,0.999962989026942,0.006225712148803983,1.0018718223845589,0.0029754427292213574,-0.9999719343883198,0.9999145844734455
550.0,8,669.317798177111,25,0.10416666666666667,0.9999937985720776,0.003963536759347576,1.0043703317299648,0.9999627973292341,0.006198912718520579,1.0015657659399284,0.00319975369362103,-0.9999730758575482,0.9999131412749375
550.0,8,669.317798177111,26,0.10833333333333334,0.999993938088218,0.004259992655546493,1.0049285719896646,0.9999625739383661,0.006192302949021761,1.0013563445913265,0.003434447358471604,-0.9999743260448928,0.9999116037008936
550.0,8,669.317798177111,27,0.1125,0.9999940911647369,0.00410533724563201,1.0046896635579392,0.9999623153086198,0.006196713168302755,1.0011961980948496,0.0033041480586657418,-0.9999735840125583,0.9999099933181367
550.0,8,669.317798177111,28,0.11666666666666667,0.999994212101014,0.0035981986860057435,1.003791139437788,0.9999620234509327,0.0061983725798683675,1.000942027807041,0.00289064446684663,-0.9999717155040729,0.9999083217576245
550.0,8,669.317798177111,29,0.12083333333333333,0.9999942939579982,0.003217706583209545,1.0030534679297154,0.9999616905055327,0.006208867698357551,1.0006938585037783,0.0025806673293787092,-0.9999695759444933,0.999906570167137
550.0,8,669.317798177111,30,0.125,0.9999943625861338,0.0032732311895948348,1.0031915153949076,0.9999613735993818,0.0062532565730887306,1.0009770380577518,0.00261990494402363,-0.9999697410140166,0.9999073317376446
550.0,8,669.317798177111,31,0.12916666666666668,0.9999944566441182,0.003585163596381692,1.0038309635749614,0.9999611340227698,0.0062969937074741,1.0012547271748424,0.0028633640316092107,-0.9999708054379123,0.9999081894055423
550.0,8,669.317798177111,32,0.13333333333333333,0.9999945687976094,0.003819036621988005,1.0042879420568027,0.9999608308206553,0.006298778373006537,1.0010059405086513,0.003044082952102508,-0.9999719832031327,0.9999068094466259
550.0,8,669.317798177111,33,0.1375,0.9999947015806989,0.003861108073533683,1.0043936549738903,0.9999604753311646,0.006311519083827479,1.0007884942652303,0.00307117402452495,-0.9999721083414919,0.999905335834559
550.0,8,669.317798177111,34,0.14166666666666666,0.9999948315634647,0.0036141908913787006,1.00398132418191,0.999960121704093,0.006326853530876238,1.0005493060302473,0.002868337450862181,-0.9999714266915796,0.99990379610655
550.0,8,669.317798177111,35,0.14583333333333334,0.9999949195578505,0.003225545810534615,1.0032683815846333,0.9999597019529741,0.00635280457413203,1.000346705022154,0.002553949403417067,-0.9999696263512372,0.9999021773034872
550.0,8,669.317798177111,36,0.15,0.9999949740900324,0.0030729197863892522,1.0029766139698548,0.9999592489640079,0.006402426938890577,1.000693124716822,0.0024272316174284007,-0.9999688741727578,0.9999030914877304
550.0,8,669.317798177111,37,0.15416666666666667,0.9999950354762179,0.003156869047806918,1.0031677092868228,0.9999588799278615,0.0064440118596488195,1.0009006647724055,0.0024871311466156897,-0.999968938967012,0.999903368760219
550.0,8,669.317798177111,38,0.15833333333333333,0.9999951185087878,0.0034130604602950446,1.0036857870660982,0.9999584944572154,0.006457479803488905,1.0006223039771476,0.002681945199441593,-0.9999699382516676,0.9999022527155444
550.0,8,669.317798177111,39,0.1625,0.9999952202025608,0.003738964737731465,1.0042987761139246,0.9999580671643865,0.006481603579458346,1.0003959385368613,0.0029308936994170043,-0.9999711154880752,0.9999010198398142
550.0,8,669.317798177111,40,0.16666666666666666,0.9999953390928596,0.0036847137980503923,1.0042317990989957,0.9999576017232602,0.006513676219707052,1.000243760767172,0.0028805780645806485,-0.999971075099497,0.9998997184004188
550.0,8,669.317798177111,41,0.17083333333333334,0.9999954311860257,0.003209227917565346,1.0033911122843915,0.9999570941142566,0.0065502754538991305,1.0000211089051512,0.0025014805167403215,-0.9999697321077853,0.9998983474370834
550.0,8,669.317798177111,42,0.175,0.9999954842596469,0.0027935559905592497,1.0025677553534393,0.9999565405520243,0.006594943308289216,0.9997399156418871,0.0021715309986484336,-0.999968065735739,0.9998968647114662
550.0,8,669.317798177111,43,0.17916666666666667,0.9999955149651997,0.002775899219051495,1.0025411771375745,0.9999559804361473,0.006634887894880749,0.9999340685611193,0.0021513376634351394,-0.9999677167822357,0.9998969717321653
550.0,8,669.317798177111,44,0.18333333333333332,0.9999955661053677,0.0030681238422915554,1.0031607832535705,0.9999555150108342,0.006673022706065254,1.000297516397925,0.0023701184444079202,-0.9999684470197368,0.9998981053487515
550.0,8,669.317798177111,45,0.1875,0.999995634623573,0.003326212392529299,1.0036668647752833,0.9999549989931805,0.006708756911094548,1.0001132562368305,0.002561660412286904,-0.9999693782178071,0.9998972290650197
550.0,8,669.317798177111,46,0.19166666666666668,0.9999957224546996,0.0034117438352351996,1.0038446958552751,0.9999544031808336,0.006753095145277083,0.9998777355168329,0.002619393672634723,-0.9999697917535265,0.9998962704404045
550.0,8,669.317798177111,47,0.19583333333333333,0.9999958124363181,0.0032255540562021075,1.0035323248353396,0.9999538075096742,0.006800430452213083,0.9996733532625347,0.0024684067458485273,-0.9999697082367105,0.9998952409860912
550.0,8,669.317798177111,48,0.2,0.9999958649053864,0.0028447490272354805,1.0028173335390822,0.9999531485402078,0.006856786595463167,0.9994273284030099,0.002169749427072902,-0.9999686185863987,0.9998941051040838
550.0,8,669.317798177111,49,0.20416666666666666,0.9999958770046705,0.002657382690224136,1.0024272788259492,0.999952422653764,0.0069008927016614196,0.999700125030707,0.0020199494697934034,-0.9999679519982583,0.999894209219345
550.0,8,669.317798177111,50,0.20833333333333334,0.9999958883114632,0.002711148332405274,1.0025482988928767,0.9999517870018659,0.006943561833854946,1.0000102771291388,0.0020535308913960746,-0.9999677201372619,0.9998945729221713
550.0,8,669.317798177111,51,0.2125,0.9999959195696861,0.0029363134128245192,1.003018361584454,0.9999511533986056,0.006990676584942181,0.9997857388329048,0.002216038209923452,-0.9999682845073229,0.9998941493964799
550.0,8,669.317798177111,52,0.21666666666666667,0.9999959676126646,0.0032708099639519998,1.0036579407315627,0.9999504627548219,0.007045618540394144,0.9995451296955514,0.0024600370734945715,-0.9999690352944568,0.9998936227167675
550.0,8,669.317798177111,53,0.22083333333333333,0.9999960353997244,0.0033170997213219345,1.0037590121095428,0.999949728685702,0.007102814199621393,0.9994024089995409,0.0024859221857869915,-0.9999694444087567,0.999893024698537
550.0,8,669.317798177111,54,0.225,0.9999960819892065,0.002899062165577181,1.0030000160637231,0.9999489394256426,0.007167264437897155,0.999214025339333,0.0021641698342069115,-0.9999690186759489,0.9998923359465617
550.0,8,669.317798177111,55,0.22916666666666666,0.9999960878813909,0.002478742899745096,1.0021150803567047,0.9999480969494381,0.00724428245536872,0.9989266975109582,0.0018435733749176733,-0.9999683096798184,0.9998915372428311
550.0,8,669.317798177111,56,0.23333333333333334,0.999996063488768,0.0024027433691217407,1.001918436140743,0.9999472217754296,0.007297306168949467,0.999028383979503,0.00178018587010227,-0.9999678883817283,0.9998912850440387
550.0,8,669.317798177111,57,0.2375,0.9999960536374857,0.0026536338766077854,1.0024912420615661,0.9999464559967622,0.007327518326242458,0.9994551172099378,0.0019579175749551386,-0.9999680073750704,0.9998919182045103
550.0,8,669.317798177111,58,0.24166666666666667,0.999996061879766,0.0029243519755961177,1.0030422985111895,0.9999456642583121,0.007384945487876914,0.9993650809274502,0.002149102595679166,-0.9999683652631892,0.9998919219595974
550.0,8,669.317798177111,59,0.24583333333333332,0.999996088508434,0.003048508013115703,1.0032862275942822,0.9999447574518547,0.007458566929088343,0.9991198263582577,0.002231506122956856,-0.9999687449407577,0.9998918142431326
550.0,8,669.317798177111,60,0.25,0.9999961221154132,0.002929740950668317,1.0030724568027702,0.9999438428625209,0.007530407621845175,0.9989518051510392,0.002135808739640573,-0.9999691283384101,0.9998916347595033
550.0,8,669.317798177111,61,0.25416666666666665,0.9999961227260105,0.0025896226826181827,1.0023814396705044,0.999942870840757,0.007614717710968116,0.9986933254621322,0.0018800165308837412,-0.999969087394564,0.9998913219305696
550.0,8,669.317798177111,62,0.25833333333333336,0.999996076137566,0.0023914806947687157,1.0018966986809643,0.9999417927827476,0.007670153742850269,0.9988834149688486,0.001728864491640394,-0.999968912444875,0.9998910253570337
550.0,8,669.317798177111,63,0.2625,0.9999960208578391,0.002420999760821395,1.001942042145122,0.9999408045680839,0.007710551131245934,0.9992830652216321,0.0017426615487679585,-0.9999686339887673,0.9998907986811939
550.0,8,669.317798177111,64,0.26666666666666666,0.9999959844883728,0.0026065889848699434,1.002360242386615,0.9999398506799199,0.007779320748940941,0.9991418423482994,0.0018679823565806782,-0.9999685364376327,0.9998912795223676
550.0,8,669.317798177111,65,0.2708333333333333,0.9999959645524614,0.002920518461658611,1.0030025030168097,0.9999388217281107,0.007860471508080842,0.9988971793606152,0.0020841343152332666,-0.9999685941466643,0.9998916789641354
550.0,8,669.317798177111,66,0.275,0.9999959668129864,0.0030536884202695355,1.0032585638599938,0.9999377421153555,0.00793829992908542,0.998768874664869,0.0021699052430424136,-0.9999688272129803,0.9998920069425236
550.0,8,669.317798177111,67,0.2791666666666667,0.9999959558320562,0.002725510708065733,1.0026050266479467,0.9999365920286094,0.008022548163842682,0.9986201061904486,0.00192780051353195,-0.9999695055265599,0.999892221144767
550.0,8,669.317798177111,68,0.2833333333333333,0.9999959012224826,0.0023477889718163812,1.001682689244662,0.9999353798854369,0.008122623960516615,0.9983539372597323,0.0016532890275122634,-0.9999699512724355,0.9998923429301702
550.0,8,669.317798177111,69,0.2875,0.9999958091383216,0.0022496676292676657,1.001320072592731,0.9999341072216065,0.00819866688254417,0.9983731668388872,0.0015771614671450359,-0.9999700929503994,0.9998923432836896
550.0,8,669.317798177111,70,0.2916666666666667,0.9999957258304067,0.0024335981848386526,1.0018172702559285,0.9999329550843258,0.00822917065448997,0.9988393132106506,0.0016979606931897073,-0.9999695343594195,0.9998920639257641
550.0,8,669.317798177111,71,0.29583333333333334,0.9999956633848817,0.0026884689765401997,1.0024075847639555,0.9999318223805991,0.008295413128157758,0.9988725374116929,0.0018671205744078055,-0.9999691574864753,0.9998926361476772
550.0,8,669.317798177111,72,0.3,0.9999956194736285,0.002837074089863382,1.0027123579455863,0.9999305354338682,0.008390243848284806,0.9986358736533603,0.0019614325173996044,-0.9999690981466293,0.9998934428870527
550.0,8,669.317798177111,73,0.30416666666666664,0.9999955888446057,0.0027856674550640614,1.0025913284774257,0.9999292260508045,0.008478976358389201,0.998505009564897,0.0019169865323001363,-0.9999696662529061,0.9998941568875503
550.0,8,669.317798177111,74,0.30833333333333335,0.9999955309760191,0.002522980205768814,1.0019494174093262,0.9999278730143474,0.00858075779004878,0.9982679914343751,0.001728101342058311,-0.9999706018570657,0.9998947615307444
550.0,8,669.317798177111,75,0.3125,0.9999954195896729,0.0023517795086490604,1.0013796906393888,0.9999263745035104,0.008656720494992772,0.9983805651110791,0.0016032772810944899,-0.9999712058665877,0.9998947226907222
550.0,8,669.317798177111,76,0.31666666666666665,0.9999952912466838,0.002368740073845082,1.001344168119371,0.9999249560913701,0.008700779228101984,0.9988520077031966,0.0016071696848122484,-0.9999711287377909,0.999893604805087
550.0,8,669.317798177111,77,0.32083333333333336,0.9999951821972917,0.00250457754242004,1.0017073954094435,0.999923627712254,0.008778418102841516,0.998827325762974,0.0016911141581266856,-0.9999704545817735,0.9998946466700862
550.0,8,669.317798177111,78,0.325,0.9999950919836519,0.0027612003684068733,1.0023334824253467,0.9999222117860501,0.008875426415074583,0.9985973767216424,0.0018557136998341999,-0.9999698069963527,0.9998958633694995
550.0,8,669.317798177111,79,0.32916666666666666,0.9999950269024824,0.002944491961624404,1.002722878565319,0.9999207396458214,0.00896649470525148,0.9984926516080885,0.0019698801726890616,-0.9999692837103673,0.9998970075849779
550.0,8,669.317798177111,80,0.3333333333333333,0.999994960720759,0.0027297096177120693,1.002198798284358,0.9999191861600618,0.009061278042454986,0.9983931718696193,0.0018172638218754646,-0.9999708374705751,0.999898028359888
550.0,8,669.317798177111,81,0.3375,0.9999948484570103,0.0024390779273523035,1.0012637807050808,0.9999175653233024,0.009170727497129334,0.9981753556971856,0.0016160594440071618,-0.9999722416689788,0.9998989759732952
550.0,8,669.317798177111,82,0.3416666666666667,0.9999946912507643,0.002364159001488891,1.0007492800404263,0.9999158621966202,0.009267054073220947,0.9981359224179983,0.0015591724556835483,-0.9999733535547186,0.9998997634900179
550.0,8,669.317798177111,83,0.3458333333333333,0.9999945376288708,0.0024728954723759852,1.0011433208574876,0.9999142881629386,0.009309287893933437,0.9986217579115708,0.0016228175023191031,-0.9999722885655178,0.9998987124036793
550.0,8,669.317798177111,84,0.35,0.9999944110503606,0.0026724488110931614,1.0017639634991702,0.9999128126701928,0.00937583399885514,0.9988015552632001,0.0017453119681089364,-0.9999713232148724,0.9998991438516283
550.0,8,669.317798177111,85,0.3541666666666667,0.9999943051205844,0.0028194955736068283,1.0021257877589322,0.9999111543124045,0.0094775948758873,0.9986015468399009,0.0018328406606803636,-0.9999706137014154,0.9999006062405055
550.0,8,669.317798177111,86,0.35833333333333334,0.9999942216684203,0.002821478358525063,1.002091406350274,0.9999094547487555,0.00957364048844298,0.998511516707616,0.001825557726987384,-0.9999712361541245,0.9999019632353576
550.0,8,669.317798177111,87,0.3625,0.9999941195115428,0.002652054082683343,1.0015196463571945,0.9999077436465866,0.009677594633048492,0.9983283087451655,0.0017078920466675398,-0.9999725819943814,0.9999032374207699
550.0,8,669.317798177111,88,0.36666666666666664,0.9999939585750972,0.002535615257648842,1.0008812084503873,0.9999058622576068,0.009769800396058195,0.9983818155254645,0.0016252966724896974,-0.9999739489404675,0.999903914347753
550.0,8,669.317798177111,89,0.37083333333333335,0.9999937714791297,0.002553018167763431,1.0007610558681999,0.9999040424070919,0.0098262745669517,0.9989068551236291,0.0016288346278126907,-0.9999740391349605,0.9999023060600111
550.0,8,669.317798177111,90,0.375,0.9999936057600163,0.0026388336795569343,1.0010675343707225,0.9999024033100383,0.009902936005743294,0.9990293917664713,0.0016756682172996348,-0.9999732341092354,0.9999031225946722
550.0,8,669.317798177111,91,0.37916666666666665,0.9999934658281935,0.0028137132597133036,1.0016644056146915,0.9999006887407195,0.009999257205215623,0.9988396804230985,0.0017786415020239754,-0.9999721275561171,0.9999047926675317
550.0,8,669.317798177111,92,0.38333333333333336,0.9999933552101427,0.0029954214396091298,1.0021600040024603,0.9998989228505325,0.010091317013146528,0.9987698172913075,0.0018853753971451064,-0.9999711425174435,0.9999063793225338
550.0,8,669.317798177111,93,0.3875,0.9999932604108314,0.002887051264110105,1.0017879271516683,0.9998970840475264,0.010184394818007392,0.9987311373610452,0.0018088972083085118,-0.9999726252759772,0.999907873409021
550.0,8,669.317798177111,94,0.39166666666666666,0.9999931199117928,0.002693474708811788,1.0008660774278644,0.9998951872355951,0.01028658476936743,0.9985859617680455,0.0016800768045490927,-0.9999745417280127,0.9999092998676603
550.0,8,669.317798177111,95,0.3958333333333333,0.9999929260543075,0.002664388225074252,1.0002237172154973,0.9998932090542687,0.01038679296976126,0.9985214722830447,0.0016549632258014398,-0.9999762202363235,0.9999106453549079
550.0,8,669.317798177111,96,0.4,0.9999927295945502,0.00271851945592317,1.0004899024996439,0.9998913694026969,0.010446161382746934,0.9990087819959826,0.0016810886280725905,-0.9999753050028357,0.999909530036749
550.0,8,669.317798177111,97,0.4041666666666667,0.9999925708975572,0.0028401120405467206,1.0011294766337555,0.9998897522717531,0.010510001995012536,0.9993483885699179,0.0017486365358941349,-0.9999740672679442,0.9999093857530862
550.0,8,669.317798177111,98,0.4083333333333333,0.9999924381248556,0.002959114519034171,1.0015468301336201,0.9998879622745659,0.010599231096468193,0.9992179904363627,0.0018145406080144649,-0.9999728957225926,0.9999110944668574
550.0,8,669.317798177111,99,0.4125,0.9999923400848251,0.0029881586364128086,1.0015944979850142,0.9998861149311906,0.010687785586807831,0.9991712101313793,0.0018249952287748173,-0.9999733807664811,0.9999127062503227
550.0,8,669.317798177111,100,0.4166666666666667,0.9999922358543039,0.00289464547309945,1.0011095170453865,0.999884317600442,0.010775849641575989,0.9990659990758818,0.0017608455772524015,-0.9999746301467756,0.9999142560215598
550.0,8,669.317798177111,101,0.42083333333333334,0.9999920691492962,0.0028321979093734644,1.0004255197477439,0.9998823645907486,0.010865258415021532,0.9990855625738059,0.0017161530446610591,-0.9999764885592357,0.9999156697733971
550.0,8,669.317798177111,102,0.425,0.9999918646055345,0.0028564675416249724,1.000219170296803,0.9998804504046221,0.010936789607588532,0.9996429106653402,0.001724259825426153,-0.9999766720108475,0.999913971638347
550.0,8,669.317798177111,103,0.42916666666666664,0.9999916837551213,0.002902788493287998,1.0004690173713753,0.999878842353134,0.011007276041680562,0.9999295852592472,0.0017455669075961235,-0.9999760664314828,0.9999142026325941
550.0,8,669.317798177111,104,0.43333333333333335,0.9999915407599554,0.00299819552508951,1.001030035906171,0.9998772198109354,0.011081486325406736,0.9998043026877045,0.0017964331958495435,-0.9999748297109607,0.9999159318954146
550.0,8,669.317798177111,105,0.4375,0.9999914331731017,0.0031390971487147926,1.0016057294014287,0.9998755702391326,0.011155952721000093,0.9997740900337225,0.0018747197568652425,-0.9999736993173879,0.9999175786902169
550.0,8,669.317798177111,106,0.44166666666666665,0.9999913612639862,0.003101509872696229,1.0014014358418186,0.9998738884904258,0.011230826329860817,0.9998002551215809,0.0018459703847517237,-0.9999746141338721,0.999919161200633
550.0,8,669.317798177111,107,0.44583333333333336,0.9999912481516918,0.002981106292545763,1.0005200344254306,0.999872181687243,0.011307178799430264,0.9997393272868944,0.0017683444245423024,-0.9999766005054079,0.9999206868179272
550.0,8,669.317798177111,108,0.45,0.9999910723393364,0.0029920290012655066,0.9997783171064439,0.9998704307401122,0.011385140962945482,0.999676999171367,0.0017695525910593419,-0.9999783374400805,0.9999221294420576
550.0,8,669.317798177111,109,0.45416666666666666,0.9999908830398252,0.0030202548543770548,0.9999002126357088,0.9998688275638901,0.01145350411473684,1.0001436887844946,0.0017807087307963759,-0.9999779731885017,0.9999214910082125
550.0,8,669.317798177111,110,0.4583333333333333,0.9999907443871484,0.0030666132253752212,1.0005451351653896,0.9998675982554109,0.01151534743149145,1.0006350378968438,0.0018025311475823908,-0.9999767583186894,0.9999207473135313
550.0,8,669.317798177111,111,0.4625,0.9999906405026756,0.003142914159175581,1.0010187692144528,0.9998662683612789,0.011571958652837442,1.0005978612640645,0.0018424857655175923,-0.9999756043888542,0.9999223580977135
550.0,8,669.317798177111,112,0.4666666666666667,0.9999905842096085,0.0031735506716086006,1.0011457672433097,0.9998648689599232,0.011631936123041265,1.0005848435374916,0.0018557515527985711,-0.9999757169819841,0.9999239023788241
550.0,8,669.317798177111,113,0.4708333333333333,0.9999905373019791,0.0031226692606586225,1.0007597199238485,0.99986359894542,0.011685810429658118,1.0005607501896978,0.0018215386577073482,-0.9999766237813456,0.9999253960722693
550.0,8,669.317798177111,114,0.475,0.9999904260640323,0.0030944572251849775,1.0000588161407031,0.9998622364471815,0.0117440250401017,1.0005633516510863,0.0018009375655014077,-0.9999784127563587,0.9999268299021712
550.0,8,669.317798177111,115,0.4791666666666667,0.9999902605840657,0.003125165719063235,0.9997665958684145,0.9998608848075967,0.011821030771724425,1.0011156671016703,0.0018148984342462673,-0.9999788527711536,0.9999257485834244
550.0,8,669.317798177111,116,0.48333333333333334,0.9999901171074799,0.003143827595730937,0.9999610279707808,0.9998599558237692,0.011884964722617816,1.0015558026328528,0.001821956538826207,-0.9999785606462052,0.999925417572487
550.0,8,669.317798177111,117,0.4875,0.9999900250632106,0.0031768879607391633,1.0004852599705873,0.9998591186799021,0.011916781686760221,1.0015034777332394,0.0018376554555044322,-0.9999774504578196,0.9999269373429777
550.0,8,669.317798177111,118,0.49166666666666664,0.9999899757752054,0.0032629501974135795,1.0011165312415902,0.9998582838232644,0.011951344185979243,1.0014968535595279,0.0018846941669983543,-0.999976415674299,0.9999283914585649
550.0,8,669.317798177111,119,0.49583333333333335,0.9999899799025276,0.0032573981523324616,1.0010873763546004,0.9998574727914841,0.011989886196206799,1.0015698858840538,0.001878736256580691,-0.9999767054827489,0.9999298007775765
550.0,8,669.317798177111,120,0.5,0.9999899502964618,0.0031760239435406914,1.0002736244481412,0.9998566740927618,0.012023656019606527,1.0015776798564238,0.0018291048178114364,-0.999978477002485,0.9999311661132263
550.0,8,669.317798177111,121,0.5041666666666667,0.9999898482479406,0.003208936108907178,0.9994606635453605,0.9998558831183795,0.012052854874314223,1.001520758095542,0.0018461860067789497,-0.9999800244911136,0.9999324560482429
550.0,8,669.317798177111,122,0.5083333333333333,0.9999897142665535,0.0032323089531853906,0.9994307950213941,0.9998552255165062,0.012109192966088658,1.0019297302356303,0.0018577388668952004,-0.9999801801729651,0.9999323501366135
550.0,8,669.317798177111,123,0.5125,0.9999896378424619,0.003219343500621666,1.0000634852057348,0.999855045386459,0.012171579454540652,1.0025303303373252,0.0018484010381866144,-0.9999791644963045,0.999931231294263
550.0,8,669.317798177111,124,0.5166666666666667,0.9999896067748398,0.00325110057603548,1.0005941994542604,0.9998548754886192,0.012184194296125939,1.0025842525989739,0.0018655515411921087,-0.9999782078790009,0.9999325641474295
550.0,8,669.317798177111,125,0.5208333333333334,0.9999896317185635,0.003269044846670226,1.0007982860775204,0.9998546092095127,0.012194103877759124,1.0025746385712941,0.0018751502960243469,-0.999978059532032,0.9999338545901145
550.0,8,669.317798177111,126,0.525,0.9999896806462861,0.003233113365569175,1.0005171824621992,0.9998545131168345,0.012200979935964447,1.0026024299462832,0.0018540371261734237,-0.9999786076252822,0.9999351067027712
550.0,8,669.317798177111,127,0.5291666666666667,0.9999896658795867,0.00321699023901405,0.9998273537394804,0.9998543973309016,0.01220335185718068,1.002579994737515,0.0018446066436560902,-0.9999801098245905,0.9999363045224743
550.0,8,669.317798177111,128,0.5333333333333333,0.9999895758779048,0.0032518559636769057,0.999451612907856,0.999854240582851,0.012266073601632779,1.0030699424774618,0.0018647399626326637,-0.9999807214941596,0.9999358628077536
550.0,8,669.317798177111,129,0.5375,0.9999894973433898,0.0032537486138231528,0.999589659256897,0.9998545281944011,0.012328401927381525,1.0036172528156087,0.001866180187793471,-0.9999807073900977,0.9999351836048671
550.0,8,669.317798177111,130,0.5416666666666666,0.9999894781815049,0.0032441910981374834,1.0000769109170489,0.9998550016264985,0.012309923531569854,1.0036222956124357,0.0018613554341741162,-0.9999798496871933,0.9999363769913381
550.0,8,669.317798177111,131,0.5458333333333333,0.9999895076357942,0.0032811188031656776,1.0007397047492146,0.999855472431074,0.012287373460181729,1.0035989375261574,0.0018840342493503792,-0.9999790334557768,0.9999375281416537
550.0,8,669.317798177111,132,0.55,0.9999896002037107,0.003284634550602697,1.000882468523565,0.9998559859412282,0.012277680718404257,1.0036750855072964,0.0018877300009029682,-0.9999788844870114,0.9999386462835058
550.0,8,669.317798177111,133,0.5541666666666667,0.9999896677842687,0.0032163826356000494,1.0001606470264546,0.999856509727304,0.01226118855255417,1.0037075298440876,0.0018499907840322574,-0.9999803003182947,0.9999397243112783
550.0,8,669.317798177111,134,0.5583333333333333,0.9999896542868338,0.003254279696414951,0.9993007794058671,0.9998570546346509,0.01222802246048954,1.0036342994046468,0.0018741205182248942,-0.9999815678129513,0.9999407541718727
550.0,8,669.317798177111,135,0.5625,0.999989586257256,0.0032870105017303495,0.9991164228356819,0.9998576685544572,0.012249100665966373,1.0039345939670197,0.001895508834271043,-0.9999820643768532,0.9999410263771602
550.0,8,669.317798177111,136,0.5666666666666667,0.9999895681107387,0.0032362677970918688,0.9997118040375886,0.9998587339628253,0.012315309140577643,1.0045716377067504,0.0018685922707830588,-0.9999813186737041,0.9999400054955027
550.0,8,669.317798177111,137,0.5708333333333333,0.9999896043563303,0.003231052805338091,1.000296890895067,0.9998598962015586,0.012291004350680548,1.0046942787987174,0.001868679221656228,-0.9999806187212613,0.9999408062230133
550.0,8,669.317798177111,138,0.575,0.9999896969897362,0.0032353235074989726,1.0005734176001424,0.9998609075726774,0.012240435517587885,1.004644850250675,0.0018747236026383219,-0.9999803560459969,0.999941780070477
550.0,8,669.317798177111,139,0.5791666666666667,0.9999898232512513,0.003202289725086928,1.0003948222257495,0.999862045388134,0.012199179410853394,1.0046728499742692,0.001859268949211599,-0.9999806596118525,0.9999427251998274
550.0,8,669.317798177111,140,0.5833333333333334,0.9999898909210446,0.0031848095307604406,0.999739522371933,0.9998631941683045,0.012138596240590752,1.0046021195657722,0.00185305855627879,-0.9999817951717999,0.9999436252588916
550.0,8,669.317798177111,141,0.5875,0.9999898638471831,0.0032239242513749595,0.9992825703191804,0.9998642276885606,0.012167596031717038,1.004968079571574,0.0018801028701772317,-0.9999824479859184,0.999943618195061
550.0,8,669.317798177111,142,0.5916666666666667,0.9999898292985302,0.003221355261146729,0.9993576639611809,0.999865599047198,0.012237226641989965,1.0055563220472359,0.0018830858654196802,-0.9999826139034027,0.9999428324243939
550.0,8,669.317798177111,143,0.5958333333333333,0.9999898520100965,0.0031886230838766346,0.9998034107624403,0.9998671859788616,0.012181020325150697,1.005595111357493,0.0018685775752740248,-0.9999820291964896,0.999943684513061
550.0,8,669.317798177111,144,0.6,0.9999899254373054,0.003191668546831347,1.0004737926008025,0.9998687273234478,0.012098829401434301,1.0055126238296384,0.001875714528756747,-0.9999814686444942,0.9999445109908796
550.0,8,669.317798177111,145,0.6041666666666666,0.9999900622283538,0.0031994399436893473,1.0007731471564563,0.999870275719324,0.012041816774260711,1.0055440089077317,0.0018859611572378905,-0.9999811194592634,0.9999453137664851
550.0,8,669.317798177111,146,0.6083333333333333,0.9999901844446071,0.003135111213758776,1.0001635190937788,0.999871790791669,0.011981121665757159,1.0055543632443098,0.001853293781021154,-0.9999821606599697,0.9999460811673255
550.0,8,669.317798177111,147,0.6125,0.9999902215268005,0.0031686829835579845,0.9992762713124962,0.9998732932571874,0.011892067681921964,1.0054399761396513,0.0018791034066127552,-0.9999831114234332,0.9999468194078244
550.0,8,669.317798177111,148,0.6166666666666667,0.999990186564924,0.0032215111249939633,0.9989378277924132,0.9998747776898261,0.011864627959206904,1.005592178398462,0.0019168169771810353,-0.999983738857183,0.9999472613988624
550.0,8,669.317798177111,149,0.6208333333333333,0.9999901801541637,0.003156499962194853,0.9994641443628232,0.9998765798726853,0.011936584154956792,1.006193983588663,0.001884061592266324,-0.9999832594288011,0.9999465476622771
550.0,8,669.317798177111,150,0.625,0.999990232856012,0.003125954106853447,1.0000942926579641,0.9998785145791333,0.01190022209752731,1.0063656695520027,0.0018722744746025271,-0.9999828110810612,0.999946847174844
550.0,8,669.317798177111,151,0.6291666666666667,0.9999903366327954,0.003123817208940476,1.0004356810952115,0.9998802532876742,0.011795998800933958,1.0062486492407057,0.0018779334409823529,-0.9999825523896557,0.9999475074807842
550.0,8,669.317798177111,152,0.6333333333333333,0.9999904786416033,0.0030955985163062466,1.0003504108195753,0.9998820268404685,0.011716374100949896,1.006232691459647,0.001867910527910398,-0.9999827922637217,0.9999481416186579
550.0,8,669.317798177111,153,0.6375,0.9999905731236658,0.0030754685760985057,0.9997485125339052,0.9998838053242521,0.011606175204083581,1.0061031297545733,0.0018628262811475145,-0.999983486708503,0.9999487469173752
550.0,8,669.317798177111,154,0.6416666666666667,0.9999905633439916,0.003121870100285448,0.9992136456059146,0.9998854172142199,0.011591013942866157,1.0063081210561016,0.0018983121244049868,-0.9999840648469351,0.9999489512338292
550.0,8,669.317798177111,155,0.6458333333333334,0.9999905253872441,0.003127839707917608,0.9992144696648886,0.9998872069832742,0.011674399514880024,1.0068794578245475,0.00190946806682364,-0.9999842372915535,0.999948397478343
550.0,8,669.317798177111,156,0.65,0.99999053474308,0.0030888601397065342,0.9996107153793002,0.9998891938642966,0.011609118337144108,1.006947697547449,0.0018931570674435398,-0.9999839617735338,0.9999487998046073
550.0,8,669.317798177111,157,0.6541666666666667,0.9999905940230513,0.00307268812284458,1.0002662522154218,0.9998911010548904,0.01147982448405777,1.0067890863758568,0.0018912374007449208,-0.9999836393070466,0.9999493209915702
550.0,8,669.317798177111,158,0.6583333333333333,0.9999907111208559,0.003087248614098102,1.0006962698119748,0.9998929685331364,0.01138675415671149,1.0067501690880796,0.001908621758834655,-0.9999833424515497,0.9999498233597902
550.0,8,669.317798177111,159,0.6625,0.9999908267206611,0.003032649418454415,1.0002176627153276,0.9998947647159274,0.011297236835934761,1.0067149858228146,0.001882692144745583,-0.9999839733212872,0.9999502963014406
550.0,8,669.317798177111,160,0.6666666666666666,0.9999908602469652,0.0030611467545051466,0.9993207183846778,0.9998965110522076,0.011172692963838965,1.0065547970360726,0.0019086792331193092,-0.9999846016489076,0.9999507512516778
550.0,8,669.317798177111,161,0.6708333333333333,0.9999908154091866,0.003140711554650513,0.9988349306359722,0.9998981839479438,0.011097260863290454,1.0065537169177186,0.0019672237839817803,-0.9999851600267744,0.9999511681436503
550.0,8,669.317798177111,162,0.675,0.9999907738799139,0.0030824526160211016,0.999258120832235,0.9999000282740256,0.011172027914969272,1.0070740854697473,0.001939016720587192,-0.9999849102869239,0.9999507442271683
550.0,8,669.317798177111,163,0.6791666666666667,0.9999907910519109,0.0030351743397756398,0.9999183306414444,0.9999020111882034,0.011152760675654702,1.0072926067546835,0.001917766949828432,-0.9999846825378301,0.9999507677496118
550.0,8,669.317798177111,164,0.6833333333333333,0.9999908533869379,0.003032606161955853,1.0003165545376171,0.9999038007996708,0.011014307122554976,1.0071130132524357,0.0019251322192107906,-0.9999845092662502,0.9999511387640492
550.0,8,669.317798177111,165,0.6875,0.9999909558592046,0.0030155775465064145,1.000314906981146,0.9999055501183537,0.010909692237847457,1.0070352420012987,0.001923238863204839,-0.9999846821642027,0.9999514845353769
550.0,8,669.317798177111,166,0.6916666666666667,0.999991026304028,0.002999615676654613,0.9997809420420803,0.9999072960588847,0.01077315163066661,1.0068585389941005,0.0019219672936589456,-0.9999850379667905,0.9999518120310544
550.0,8,669.317798177111,167,0.6958333333333333,0.999990995697332,0.003056714586061343,0.9991766831848178,0.9999088745386552,0.010713480756167064,1.0069020574189649,0.001967738871252544,-0.999985436558948,0.9999520291445172
550.0,8,669.317798177111,168,0.7,0.9999909204737284,0.0030810373758040134,0.9990912718631918,0.999910502131188,0.010808771601684001,1.0074212839948233,0.0019927048942938366,-0.9999855558711719,0.9999517621263684
550.0,8,669.317798177111,169,0.7041666666666667,0.9999908800577774,0.003046754783137655,0.9994295946186811,0.9999122965361985,0.01076455083658619,1.0075349393286266,0.001979661614999765,-0.9999854992864509,0.9999518598541394
550.0,8,669.317798177111,170,0.7083333333333334,0.9999908876360861,0.0030188969826295984,1.0000524435402878,0.9999140136224257,0.010608128923344715,1.0073134360989697,0.0019709583242911,-0.9999853786833102,0.9999521019631531
550.0,8,669.317798177111,171,0.7125,0.9999909459923019,0.003036991213658398,1.0005820791126323,0.9999156669826506,0.010492501839533095,1.0072038882980177,0.0019926747013548434,-0.9999852918691381,0.9999523243448221
550.0,8,669.317798177111,172,0.7166666666666667,0.9999910174080887,0.0030023898596147056,1.0002520366920769,0.9999172412478275,0.010390007153927952,1.0071240037077396,0.0019792291581525764,-0.999985527714549,0.9999525262271494
550.0,8,669.317798177111,173,0.7208333333333333,0.9999910162688788,0.003030766333738747,0.9993648824897088,0.9999187508782044,0.010252407876197413,1.006932633416375,0.002007379001133808,-0.9999858293332017,0.9999527138474786
550.0,8,669.317798177111,174,0.725,0.999990939585671,0.0031376931576882483,0.9987480181282178,0.999920176030465,0.010139670436625562,1.0068040790012185,0.0020884866057566177,-0.9999860823030641,0.9999528834181253
550.0,8,669.317798177111,175,0.7291666666666666,0.9999908455314178,0.003101556273203359,0.9990359058923937,0.9999216695571447,0.010207625349645541,1.0072186701471417,0.002074014338177441,-0.9999860690753133,0.9999527775494951
550.0,8,669.317798177111,176,0.7333333333333333,0.9999908056566471,0.0030392290799676745,0.999708253461939,0.9999232966059263,0.010225555304207148,1.0074926975456862,0.002041780642629863,-0.9999860254340879,0.9999527236473451
550.0,8,669.317798177111,177,0.7375,0.9999908070188406,0.0030340264566951305,1.0001570823472223,0.9999247726719881,0.010076665167490631,1.0072809504313773,0.002048230503301297,-0.9999860072659873,0.9999528248796558
550.0,8,669.317798177111,178,0.7416666666666667,0.999990849279338,0.0030294310662413457,1.000231250298948,0.9999261699830282,0.009957326206684169,1.0071416624980376,0.002054980436521479,-0.9999860916113373,0.999952902825702
550.0,8,669.317798177111,179,0.7458333333333333,0.9999908760626568,0.0030246985140438883,0.9997770271710754,0.9999275639703524,0.009816118171211129,1.0069409648137593,0.0020615164922624086,-0.9999861944627553,0.999952967245048
550.0,8,669.317798177111,180,0.75,0.9999908139140958,0.003094130703550247,0.9991199755090872,0.9999288233920298,0.009719397977648416,1.006848621686377,0.0021188185025286157,-0.9999863095069821,0.9999530181611394
550.0,8,669.317798177111,181,0.7541666666666667,0.9999906963159363,0.0031412892944153183,0.9989384716585797,0.9999300568304297,0.009815984493652528,1.0072946005704035,0.0021612144259024937,-0.9999863503032388,0.999953019069109
550.0,8,669.317798177111,182,0.7583333333333333,0.9999906017486982,0.0031159463233353677,0.9992118018311847,0.9999314283515027,0.009812679372739323,1.0074735347979855,0.0021536158075547507,-0.999986393661355,0.9999530097251714
550.0,8,669.317798177111,183,0.7625,0.9999905530497379,0.003077164041406466,0.9997903151258684,0.9999327497694399,0.009649830951009608,1.0072191669909905,0.002136683394455694,-0.9999864421072734,0.9999529896903304
550.0,8,669.317798177111,184,0.7666666666666667,0.9999905488169859,0.003086590239505793,1.0003895807175383,0.9999340044618867,0.009522090923256222,1.0070499483507622,0.0021536304052849164,-0.9999865313293577,0.9999529464116171
550.0,8,669.317798177111,185,0.7708333333333334,0.9999905708851295,0.0030746108321690027,1.0002196470997557,0.9999351917568948,0.009417910972541617,1.0069363736064272,0.0021550791656071403,-0.9999865496692371,0.9999528878435332
550.0,8,669.317798177111,186,0.775,0.9999905339845796,0.0031093541537064746,0.9993644823096149,0.9999363168661992,0.009284264444797196,1.006733198429628,0.0021891213929023947,-0.9999865115033155,0.9999528158129033
550.0,8,669.317798177111,187,0.7791666666666667,0.9999904278024803,0.0032405533270057187,0.9986378453377809,0.9999373704043946,0.009148990985800652,1.0065135990916663,0.002292173190124545,-0.9999864147627153,0.9999527224470561
550.0,8,669.317798177111,188,0.7833333333333333,0.9999902905213817,0.003235828583130852,0.9987669732413483,0.9999384343802283,0.009198150473093287,1.0068116455962637,0.0022988785371654726,-0.9999864566762848,0.9999527688577093
550.0,8,669.317798177111,189,0.7875,0.9999902003196401,0.0031561990760855673,0.9994311032629613,0.9999396198082436,0.009258934032058975,1.0071457658607936,0.0022518502147796855,-0.9999865712329954,0.999952820033738
550.0,8,669.317798177111,190,0.7916666666666666,0.9999901494858325,0.0031389875605530326,0.9999261276346703,0.9999407088832206,0.009121958509701041,1.0069407536356623,0.0022495926123080353,-0.9999867193041034,0.9999526574747315
550.0,8,669.317798177111,191,0.7958333333333333,0.999990139565709,0.0031405243576200586,1.0000701305400077,0.9999417066605494,0.008994386453649061,1.00674685207387,0.0022606318368234963,-0.9999867512550191,0.9999524752564446
550.0,8,669.317798177111,192,0.8,0.9999901290142793,0.0031487673041370253,0.9997042389171317,0.9999427033968276,0.008863349230642258,1.006542652371619,0.0022763100870611297,-0.9999866745448387,0.9999522789830164
550.0,8,669.317798177111,193,0.8041666666666667,0.9999900452443652,0.0032306743847488216,0.9990181317563495,0.9999436063287389,0.008742657771957959,1.0063512545079005,0.002345437927868313,-0.9999864268773044,0.9999520642760423
550.0,8,669.317798177111,194,0.8083333333333333,0.9999898992680933,0.003302023710165103,0.9987338079654077,0.9999444481938179,0.008825286297525353,1.0067060263757956,0.0024072697368095293,-0.9999863311377878,0.9999522488300746
550.0,8,669.317798177111,195,0.8125,0.9999897657454905,0.0032864190454136733,0.9989363276918397,0.9999454007515169,0.008869015785987427,1.0069612624904793,0.0024056087971904743,-0.9999863651142328,0.9999523146323326
550.0,8,669.317798177111,196,0.8166666666666667,0.9999896758825754,0.003235352792127741,0.9994646216346277,0.9999463367382139,0.008718630503317986,1.0067086381785022,0.0023777582187902526,-0.9999865704926538,0.9999520323864439
550.0,8,669.317798177111,197,0.8208333333333333,0.9999896259421428,0.003221729974883326,1.000104755002262,0.999947211820818,0.008585739453879275,1.0064906275847285,0.00237776307886383,-0.9999868145682621,0.9999517250211665
550.0,8,669.317798177111,198,0.825,0.999989612017086,0.0032237990831148916,1.0000989762576713,0.9999480356233739,0.008486474744491677,1.0063537012402006,0.0023888184339796335,-0.9999867791488295,0.9999514023845233
550.0,8,669.317798177111,199,0.8291666666666667,0.9999895546784799,0.003269638115727648,0.9992999387967756,0.9999488055519496,0.008366839629378996,1.0061524967308781,0.0024318748553698384,-0.9999863790235127,0.9999510637042174
550.0,8,669.317798177111,200,0.8333333333333334,0.9999894335731521,0.003422377129252038,0.9984870442410547,0.999949521759054,0.008224673330419653,1.0058769154640206,0.002555605733719397,-0.9999859001310063,0.9999506982825396
550.0,8,669.317798177111,201,0.8375,0.9999892726652307,0.003455271070598858,0.9984445622270453,0.9999502195365306,0.008246199815863773,1.0060549006223691,0.002589837850599953,-0.9999857983291531,0.9999507169088337
550.0,8,669.317798177111,202,0.8416666666666667,0.9999891501595047,0.003357990875458799,0.999077098457722,0.9999510213131896,0.00834198690115127,1.0064411574812138,0.0025257211582135138,-0.9999860641384362,0.9999510619160753
550.0,8,669.317798177111,203,0.8458333333333333,0.9999890668623788,0.0033177258359156116,0.9996149302457774,0.9999517764830179,0.00823496850780062,1.0062794183840427,0.002504646189727997,-0.9999863731711158,0.9999506287955119
550.0,8,669.317798177111,204,0.85,0.9999890237252311,0.0033153819456275984,0.9998240447664494,0.9999524404623903,0.008105111617992742,1.0060405347514076,0.002512034562019254,-0.9999864319288132,0.9999501771321732
550.0,8,669.317798177111,205,0.8541666666666666,0.9999889920523966,0.0033329971196844727,0.9995508274593556,0.9999531031059264,0.007992072782062295,1.005844079922223,0.002534246937935229,-0.9999862516879948,0.9999497081506681
550.0,8,669.317798177111,206,0.8583333333333333,0.9999889027369454,0.003427169665517247,0.9988620203906832,0.9999537070415817,0.007862802464219285,1.005589001860578,0.0026147948557328628,-0.9999856118584197,0.9999492123674998
550.0,8,669.317798177111,207,0.8625,0.9999887465397992,0.003524096884822137,0.9984741990089329,0.9999542365350187,0.007919085338181621,1.005839260768327,0.0026977763952597783,-0.9999852645869904,0.9999494022555543
550.0,8,669.317798177111,208,0.8666666666666667,0.9999885924236254,0.0035196525417898186,0.9986007016562232,0.9999548503009822,0.00800339095526215,1.00616804514538,0.002703058833941812,-0.999985183014588,0.9999497318106323
550.0,8,669.317798177111,209,0.8708333333333333,0.9999884794653977,0.003456606902511603,0.9990756553305202,0.9999554782904756,0.00788122080069693,1.0059494020755573,0.0026629471127217925,-0.9999855547420494,0.9999491744543331
550.0,8,669.317798177111,210,0.875,0.9999884039829363,0.0034106081964974003,0.9997308462296226,0.9999560533693046,0.007749212348322905,1.0056914474535072,0.0026362188763348515,-0.9999859559346505,0.9999485911730435
550.0,8,669.317798177111,211,0.8791666666666667,0.9999883700670746,0.003411242352911647,0.9998847543742987,0.9999565899161794,0.007658617224911842,1.0055370826733885,0.002645073036460472,-0.9999860440362406,0.9999479879614812
550.0,8,669.317798177111,212,0.8833333333333333,0.9999883086099279,0.0034696781936728567,0.9991669434935153,0.9999570807667908,0.007557816997416835,1.0053437944012846,0.002697988185584794,-0.99998525086864,0.9999473587990213
550.0,8,669.317798177111,213,0.8875,0.9999881866295863,0.0036432750024817185,0.9982925992082325,0.9999575322173769,0.007423848784680841,1.0050418660886826,0.0028415106722511066,-0.9999843657567978,0.999946701930145
550.0,8,669.317798177111,214,0.8916666666666667,0.9999880184459069,0.0037197599154546166,0.998075673824876,0.9999579515931829,0.007415775450754076,1.0051013867484377,0.0029095003752960557,-0.9999839078522094,0.9999464973598782
550.0,8,669.317798177111,215,0.8958333333333334,0.999987878167978,0.003610364301975477,0.9986496833317045,0.9999584532252818,0.007529119293245114,1.0055182018874036,0.0028310838081852673,-0.9999843461812503,0.9999471799660508
550.0,8,669.317798177111,216,0.9,0.9999877786228281,0.0035384056605329353,0.9992270703407604,0.9999589472545577,0.007465027596596516,1.005432204962389,0.0027821046468343006,-0.9999848268695074,0.9999466297129902
550.0,8,669.317798177111,217,0.9041666666666667,0.9999877177989709,0.0035225919197658597,0.9994972261036066,0.9999593549525879,0.0073411450172073634,1.0051607065716042,0.002777142331267187,-0.9999850126920257,0.9999458899362389
550.0,8,669.317798177111,218,0.9083333333333333,0.9999876777907907,0.00354349327055991,0.9993159267271668,0.9999597578065066,0.00724914039543828,1.0049738738759306,0.002800693758822168,-0.9999847849357246,0.9999451250187755
550.0,8,669.317798177111,219,0.9125,0.9999875939320826,0.003649176875842063,0.9986515131693068,0.9999601284648173,0.0071277334618602564,1.0046871851738741,0.002891247291020389,-0.9999837678332157,0.99994432323043
550.0,8,669.317798177111,220,0.9166666666666666,0.9999874389976318,0.0037744208087819517,0.998165779229348,0.9999604207434862,0.007153540098899687,1.0048270985947143,0.0029975196227110604,-0.9999830523521167,0.9999443225015452
550.0,8,669.317798177111,221,0.9208333333333333,0.9999872748000006,0.0037852340873670157,0.9982111719520627,0.99996077327778,0.007262617214923455,1.0052134601916063,0.003012794912765447,-0.9999827445332902,0.9999451233894572
550.0,8,669.317798177111,222,0.925,0.9999871484795011,0.0037136477186873827,0.9986300477867195,0.9999611720686578,0.007178576938415587,1.0050534925097383,0.0029619863663819922,-0.999983309514386,0.9999442755284965
550.0,8,669.317798177111,223,0.9291666666666667,0.9999870591528772,0.0036333101335891734,0.9992790127466409,0.9999615271124978,0.007053288176149207,1.004760299851266,0.0029043874669827823,-0.9999838936232223,0.9999433993481949
550.0,8,669.317798177111,224,0.9333333333333333,0.9999870136962993,0.003615922099927182,0.9995791608192062,0.9999618491884298,0.006972978899644997,1.0045869745475575,0.0028968085765103645,-0.9999843154609764,0.9999424954199123
550.0,8,669.317798177111,225,0.9375,0.9999869554741329,0.003684765853994878,0.9989680787103877,0.9999621310092784,0.006892361935964371,1.0043996626627818,0.0029572342925001695,-0.9999831212466224,0.9999415503614384
550.0,8,669.317798177111,226,0.9416666666666667,0.9999868379896784,0.0038797178359827635,0.9980575495158518,0.9999623833535443,0.006777955613822419,1.0040886314961304,0.00311962068446512,-0.9999818142466466,0.9999405747062365
550.0,8,669.317798177111,227,0.9458333333333333,0.9999866681461596,0.004005684837585445,0.9976730337215745,0.9999625945286851,0.006746251860958934,1.004034729384981,0.003226926264627476,-0.9999807694063244,0.9999399216390797
550.0,8,669.317798177111,228,0.95,0.9999865130124908,0.0038963895728694542,0.9981605586307383,0.999962856713934,0.006858236654288524,1.0044579569264422,0.0031434968691506243,-0.9999814128446222,0.9999409313758704
550.0,8,669.317798177111,229,0.9541666666666667,0.9999864012342082,0.0037886755591137107,0.9987716842539937,0.9999631338194479,0.006845790217578434,1.004481952116767,0.0030613589041853045,-0.9999820924091138,0.9999405016885963
550.0,8,669.317798177111,230,0.9583333333333334,0.9999863267998311,0.0037522218739437603,0.99909932371355,0.999963329833492,0.006744451310889759,1.0042083171039167,0.0030368300489351883,-0.9999825313523827,0.9999394606916514
550.0,8,669.317798177111,231,0.9625,0.9999862803148474,0.0037702042478077267,0.9990057464793408,0.9999635176647581,0.006679134101641055,1.0040402232981949,0.0030558273290866586,-0.9999822139076414,0.9999383778052884
550.0,8,669.317798177111,232,0.9666666666666667,0.9999862015833129,0.003885136669393018,0.9983913948663025,0.9999636964864761,0.0065838349379155866,1.0037603619644928,0.0031532139639534064,-0.9999809891839516,0.9999372528402688
550.0,8,669.317798177111,233,0.9708333333333333,0.9999860470710408,0.004041726892250083,0.9978194172184343,0.9999637943919505,0.006590722952009632,1.0038104839148656,0.003284436852205739,-0.9999798000133416,0.9999368388405236
550.0,8,669.317798177111,234,0.975,0.9999858697459709,0.00407464977307205,0.9977787095973574,0.9999639328800752,0.006710530277462266,1.0042432390648095,0.0033149638614482376,-0.999979336064918,0.9999379876415799
550.0,8,669.317798177111,235,0.9791666666666666,0.9999857254279886,0.00400117847756232,0.9981390022269097,0.9999641770719332,0.006655628018595584,1.0041254804374955,0.0032583709223089927,-0.9999799410283745,0.9999371835200306
550.0,8,669.317798177111,236,0.9833333333333333,0.9999856193830472,0.0038915350924206902,0.9987650933579656,0.9999643948368476,0.006524387736946831,1.003738662868637,0.0031724887047992665,-0.9999807389035503,0.9999360162144845
550.0,8,669.317798177111,237,0.9875,0.9999855577452117,0.00384333843867058,0.9991891564172916,0.9999645643739369,0.006442948568257433,1.0034921143314277,0.0031366891364637047,-0.9999815596145707,0.9999348067154713
550.0,8,669.317798177111,238,0.9916666666666667,0.9999854965132331,0.003916125277007316,0.9987104345370154,0.999964686432204,0.006374852217944852,1.0032688828354746,0.0031983365096154726,-0.9999801671911287,0.9999335408238865
550.0,8,669.317798177111,239,0.9958333333333333,0.9999853753464015,0.004132001805678589,0.9977893830206148,0.9999647821207236,0.006269096503930649,1.0028620063633449,0.0033770927982419564,-0.9999784705238334,0.9999322376706189
