Q,phase_fraction,phase_angle_rad,g_total_mean,g_total_std,g_open_mean,g_open_std,g_phase_mean,g_phase_std,g_kappa_mean,g_kappa_std,share_local_mean,share_local_std,share_radial_mean,share_radial_std,share_rotating_mean,share_rotating_std,abs_delta_x_mean,abs_delta_x_std,abs_delta_xdot_mean,abs_delta_xdot_std,abs_delta_Delta_mean,abs_delta_Delta_std,delta_rho_norm_mean,delta_rho_norm_std,abs_delta_kappa_mean,abs_delta_kappa_std,base_Delta_mean,base_Delta_std,base_activity_mean,base_activity_std
522.25,0.003125,0.019634954084936207,0.03085842778439892,2.248509977308634,-0.020990951370439652,2.23742700889596,0.04656063647195382,0.03821239111136073,0.00528874268288474,0.0043277766800127685,0.0022512629738012675,0.000826844281672064,0.002087180308455605,0.0001152507079083322,0.9956615567177434,0.0007192159520195677,0.008758769796682392,0.004746644563772249,0.009097086993067821,0.004199618334740909,1.0183906709212254,0.5457302419304163,0.020932260825531037,0.00944528328701042,0.0015373618599570185,0.0008331432934656888,-4.448921238520143e-07,3.161370072211747,9.273855746812491e-08,1.0090069575620328e-05
522.25,0.009375,0.05890486225480862,0.03221791429952615,2.2657287623683073,-0.019484030943852516,2.254626792326987,0.0464281166289348,0.037923216837907676,0.005273828614443889,0.004295326571997997,0.0022485341932712635,0.0008212167459053918,0.002087465039435671,0.00011497349833840238,0.9956640007672937,0.0007139889274737042,0.008762533733348572,0.004714057170291,0.009097936725097245,0.004217377978158621,1.0196953692489743,0.5395662848010021,0.020892625683663627,0.009506526475977606,0.0015380225158263012,0.0008274234701324557,-0.07854015916075623,3.16038203034538,7.146064964399913e-08,1.009363540979641e-05
522.25,0.015625,0.09817477042468103,0.031132148146576426,2.2817716403518107,-0.020416146106775605,2.270878809268811,0.0462900522339542,0.03760201959995155,0.005258242019397889,0.0042589984477313814,0.0022456001572245285,0.0008144945305610949,0.002087819088673999,0.00011440519706689657,0.995666580754101,0.0007080030803394064,0.008759975088831602,0.004689989135653241,0.00911657448796447,0.004201071011479814,1.0212510623893452,0.5329423344916229,0.020864506017735405,0.009563113861987814,0.001537573415942997,0.000823198986631333,-2.381584529587144e-07,3.1613701771579863,4.964252721405797e-08,1.0096359921132718e-05
522.25,0.021875,0.13744467859455345,0.027833050216593918,2.294496004243786,-0.023569977734528385,2.2840265693719637,0.0461595605940268,0.037287609630284,0.00524346735709568,0.004223153360034838,0.002242744312148449,0.0008074474489400319,0.0020882059009276685,0.00011359345633991698,0.995669049786924,0.0007019648268149178,0.00876728943440963,0.004646618845885227,0.00913845240393793,0.004179834984634205,1.0213958475536515,0.5294359324107181,0.0208504503872974,0.00960902468884215,0.0015388572487395236,0.0008155865215372189,0.07853968468170036,3.1603821226576443,2.744128559728868e-08,1.0098144512393352e-05
522.25,0.028125,0.17671458676442586,0.022795696717869858,2.3020168647766726,-0.028483944258560778,2.292141489834059,0.046048759693893146,0.037023149425080594,0.0052308812825376215,0.004192682103792927,0.002240238005171697,0.0008010008292715699,0.0020885858274679314,0.00011262726724568121,0.9956711761673602,0.0006966865289911415,0.008785184052587217,0.004584912443574181,0.009163388728320041,0.004151136634392145,1.0201809165959306,0.5292933329690892,0.020846949878971763,0.009649272159895503,0.0015419981582648697,0.0008047556546883036,-2.4150541122480718e-08,3.161370220049129,5.030104886972301e-09,1.0098938171695196e-05
522.25,0.034375,0.2159844949342983,0.01668518962297185,2.3030555637852532,-0.03450354405742095,2.2938752664099775,0.045967163185624195,0.036848660732795586,0.0052215704947686774,0.004172169402341508,0.0022383049010121646,0.0007960902634911847,0.0020889211570881664,0.00011162884533254058,0.9956727739418996,0.0006929516658785126,0.008797552396533568,0.004538351145084364,0.0092035342621742,0.004084431557576056,1.0193643612977876,0.529283577866684,0.020856707688683238,0.009673193477729065,0.0015441690818871752,0.0007965830955150472,8.354066878268896e-08,3.1613702473727936,-1.74193705901907e-08,1.009871597501247e-05
522.25,0.040625,0.2552544031041707,0.010270117286026031,2.2972071133518117,-0.040866420227432455,2.288735681571429,0.04592035693029585,0.03679268951048879,0.00521618058316257,0.004164950130160918,0.002237090085467508,0.0007934804724240045,0.002089181219256264,0.00011073584218734326,0.9956737286952764,0.0006913569847394898,0.008804081090131675,0.00450993541101743,0.009227275126202554,0.004048794173376777,1.0174418430053378,0.5324032548628415,0.020877186146877717,0.009680212512271377,0.0015453150150223141,0.0007915954925991977,1.9058862719134594e-07,3.1613702216056603,-3.973475238292079e-08,1.0097484538211374e-05
522.25,0.046875,0.2945243112740431,0.004315963260522715,2.28505753948339,-0.046808100781365464,2.277215830504452,0.045909236445560754,0.0368657382714591,0.005214827596327637,0.0041723475067632545,0.002236640198359817,0.0007936000622897179,0.0020893465886966367,0.00011007723710395344,0.9956740132129432,0.0006921789827877551,0.008799839283693456,0.004510662668069635,0.00925210461252009,0.004003185367947473,1.0155111797351215,0.5364326351523264,0.02090635834915487,0.00966803608077705,0.0015445704822184137,0.0007917231426322959,2.96175220881878e-07,3.1613701427161542,-6.174549586107994e-08,1.009528092700035e-05
522.25,0.053125,0.3337942194439155,-0.0005224417860140607,2.2681207254073628,-0.05166950798023588,2.2607443756865337,0.04592997428189427,0.037057755109416675,0.005217091912327478,0.0041933573264959926,0.0022368988345953487,0.0007964466695652204,0.002089411565963677,0.00010974898712624493,0.995673689599441,0.0006953101992194639,0.008801669318310588,0.004507112278155331,0.009258206919546689,0.003993613427080916,1.0124360180227039,0.5433318498604494,0.02094516591860037,0.009628173651051706,0.001544891694613316,0.0007910999690395505,0.07854021582911867,3.1603819814403584,-8.328252337278327e-08,1.0092172860406782e-05
522.25,0.059375,0.37306412761378793,-0.0037897397867258987,2.2486071737221627,-0.05498656115596592,2.24146711094485,0.04597472544527883,0.03734050109712434,0.0052220959239612915,0.004224885006221501,0.0022377181001130586,0.0008015941231933685,0.002089384485537952,0.00010979631881054558,0.9956728974143487,0.0007002867260778093,0.008791341580908071,0.004533986772767346,0.009264267390690062,0.003977206064375022,1.010875231039966,0.5477828999026335,0.020988187037494326,0.009567241863475351,0.001543078943513464,0.0007958170496320538,4.99734471048896e-07,3.16136999985617,-1.0417977179562259e-07,1.0088255526369706e-05
522.25,0.065625,0.41233403578366035,-0.005285146407768604,2.2290768862337034,-0.05654671453448593,2.2219098059758053,0.04603291925869275,0.037673713314921344,0.00522864886802445,0.004262425960677048,0.0022388836899411395,0.0008082935788789866,0.002089285884933261,0.00011020758811500694,0.995671830425126,0.0007063926625805679,0.008772263537594492,0.004582050835923231,0.009252041051895383,0.003998408761293444,1.0097580445953727,0.5515488628729028,0.021035980037683852,0.009480508009745127,0.0015397303161566853,0.0008042533779345066,-0.07853922019667534,3.1603818272192723,-1.2427725921142256e-07,1.0083647995694375e-05
522.25,0.071875,0.4516039439535327,-0.005077096215964294,2.2120549454829987,-0.056405404114903,2.2045990321733715,0.046092878275788944,0.03801271894221867,0.0052354296231496775,0.004300927430845877,0.0022401482955765285,0.0008156260877252253,0.0020891449990669154,0.00011092036852181302,0.9956707067053566,0.0007128000959997051,0.008747643226335838,0.004641970188512963,0.009221598128653563,0.004058415319070375,1.008757062517372,0.5549505674799887,0.021083815406758178,0.009377247064667608,0.0015354088956389697,0.0008147705772082748,-0.07853912836444961,3.160381729741972,-1.4342075072839877e-07,1.0078490905673873e-05
522.25,0.078125,0.4908738521234052,-0.003479464768187951,2.1996889034485942,-0.054864118971723566,2.1917191772562625,0.04614347912214908,0.03831518196605632,0.0052411750813866915,0.004335563144482319,0.0022412672900516918,0.0008226543448441157,0.0020889952937188333,0.00011183601616876376,0.9956697374162295,0.0007186994793396765,0.008731887542536431,0.004683589692470235,0.00919405798839137,0.004110003563393011,1.0088388390648415,0.5559643988925381,0.02112228120600476,0.009280251019982413,0.0015326434173911076,0.0008220757398623355,-0.0785390418168201,3.1603817059175094,-1.6146260927173058e-07,1.0072942040525007e-05
522.25,0.084375,0.5301437602932776,-0.0009976418071013572,2.193499074267477,-0.052418109743323574,2.1848571770911915,0.04617562066228682,0.038545732356690954,0.005244847273935367,0.004362270416621507,0.002242031471070361,0.0008285381024537201,0.0020888697720356114,0.00011283692985116411,0.9956690987568939,0.0007233932081784941,0.00872481866221424,0.004705545186845672,0.009170192821258345,0.004154176800784692,1.0077864748795442,0.5584851590747929,0.021144022917027792,0.009210612286894794,0.0015314026692892393,0.0008259294248492485,8.551231523767911e-07,3.1613698218730786,-1.7826466556381487e-07,1.006717136353901e-05
522.25,0.090625,0.56941366846315,0.0017450401306071007,2.1942321010641224,-0.04968407516509095,2.184846758191476,0.04618335287766882,0.038678520389730076,0.005245762418029364,0.004378049325216713,0.0022422934060627626,0.0008326056622965226,0.002088796635319946,0.00011380188662249689,0.9956689099586173,0.0007263499805297824,0.008708895320641771,0.0047392037826770005,0.00916207598842081,0.004166459394494057,1.0078046280528925,0.5583828655388264,0.021146946774288015,0.009179100932199487,0.0015286077633167286,0.0008318372683811552,9.291581925197079e-07,3.1613698820074094,-1.93698135165842e-07,1.0061355904479252e-05
522.25,0.096875,0.6086835766330224,0.0040910275146832185,2.201800099138043,-0.04731724378610058,2.1916961260432064,0.04616459738812591,0.03869853341694635,0.005243673912657924,0.00438111824075074,0.0022419855855519114,0.0008343950781872476,0.0020887956778057656,0.00011461782022733065,0.9956692187366427,0.0007272342771163255,0.008701894639557867,0.004750433146772661,0.009141116755432482,0.0042120761637210015,1.0085998534254843,0.5562059483755224,0.02113429463070996,0.009184479008091983,0.0015273789857210228,0.0008338082753231093,-0.07853882028083872,3.16038191624658,-2.0764437447778308e-07,1.0055674103775434e-05
522.25,0.103125,0.6479534848028948,0.005434909412923341,2.215287404038803,-0.04592532555685121,2.2045824246292036,0.04612142923087324,0.03860255601407464,0.005238805738901243,0.004371026980532489,0.002241129474464457,0.0008336842682324833,0.0020888756596208853,0.00011518906134633303,0.995669994865915,0.0007259278290188255,0.008692252341194954,0.00476078014482527,0.009137513995169284,0.004224886120179001,1.008954960318198,0.5542909234215099,0.02110593012861401,0.009232806548871814,0.0015256865446488664,0.0008356244071019302,-0.07853876102862314,3.1603820256489583,-2.1999619841867794e-07,1.005029999073126e-05
522.25,0.109375,0.6872233929727672,0.005305700113723369,2.2330273876114304,-0.045986027140439575,2.221916495963124,0.04605989401703989,0.038400112298498865,0.005231833237123156,0.004348767435700252,0.0022398346740878554,0.0008305205205948583,0.00208903287310656,0.00011544594387559894,0.9956711324528056,0.0007225506983702592,0.00868824071149682,0.004755772463690584,0.009142247291915142,0.004224830828915674,1.0104015992319322,0.5500071350171394,0.021068433236722035,0.00931324350532635,0.0015249824130599172,0.0008347454459964327,-0.15707852622012536,3.1574160210101025,-2.3065865777157788e-07,1.004539896739406e-05
522.25,0.115625,0.7264933011426397,0.0034371591983768713,2.25276954087579,-0.04777598461928268,2.24149943082286,0.04598933548457924,0.03811397150325786,0.005223808333080278,0.004316835835480078,0.0022382873840384792,0.0008252441341056575,0.0020892511431295545,0.00011535362986773285,0.9956724614728321,0.0007174755040197017,0.008695068866020266,0.004727339342847625,0.009147777727686697,0.004227337041892258,1.0110459823125504,0.5471250365776092,0.02103096211363582,0.009407640870352023,0.001526180908348858,0.0008297547913088219,-0.0785386672275119,3.1603822684891534,-2.3955016015875e-07,1.0041122103279837e-05
522.25,0.121875,0.7657632093125121,-0.00018372184595747966,2.2719507647809745,-0.05132099264758033,2.260786511208624,0.04592124085867085,0.03777923714495582,0.005216029942951896,0.004279137978125414,0.0022367279602907813,0.0008184871428950019,0.0020895034724252477,0.0001149198986360094,0.9956737685672836,0.0007113172013661316,0.00869223274291139,0.004715807743840343,0.009167949350466234,0.00420006720500473,1.0128239904974337,0.5423311916592087,0.021003331129967395,0.009495041712344783,0.0015256831047075997,0.0008277307353158414,1.1829409338304231e-06,3.161370450091354,-2.466021643335551e-07,1.0037601745120553e-05
522.25,0.128125,0.8050331174823844,-0.005300430345663574,2.2880522215315087,-0.05637799031391945,2.277241446407816,0.045867690750734644,0.03744001862581189,0.005209869217521259,0.004240625541277662,0.002235419010311707,0.0008111241334792724,0.0020897553640894006,0.00011419887877049412,0.9956748256255988,0.0007048791340528534,0.008700379399336728,0.004685318187327779,0.009177400484338235,0.004196393676653867,1.0157872610267455,0.5357647217554393,0.02098719140934893,0.009571111206462648,0.00152711302685023,0.000822379129736805,-0.07853860865435917,3.1603824324738006,-2.51760452842492e-07,1.0034946913915797e-05
522.25,0.134375,0.8443030256522569,-0.011410127757133733,2.2989829601670593,-0.06245630719948938,2.2887228348345867,0.045839608031309036,0.037143344456800564,0.005206571411046663,0.004206622510613208,0.0022346078363552568,0.0008041622170181584,0.002089969520422691,0.00011328746044105498,0.9956754226432215,0.0006990467509102988,0.00871189897035254,0.00465257623198525,0.009199937418487469,0.004160934982950191,1.0182035480483456,0.5309648486777115,0.02098147616347385,0.009635263100443506,0.0015291349716591335,0.0008166321773071284,-0.07853859318424083,3.160382431467931,-2.549853998395684e-07,1.0033239575473751e-05
522.25,0.140625,0.8835729338221293,-0.017826652880265463,2.3034087756742276,-0.06887880927737691,2.2938208496074566,0.04584509005553062,0.036931140089193557,0.005207066341580576,0.004181927391381569,0.002234489177142456,0.0007985792793769237,0.0020901112383850734,0.00011231274497965994,0.9956753995844722,0.0006946408789491387,0.008727328962859666,0.00461874717361109,0.009234394753552201,0.004092782631660674,1.0198383583075106,0.5285968817122567,0.02098893240137637,0.009676533985162671,0.0015318432837315515,0.0008106944137501512,-0.15707840344818588,3.1574163281599317,-2.5625199243856577e-07,1.0032532169244776e-05
522.25,0.146875,0.9228428419920017,-0.023774716885142523,2.300951451041668,-0.07487467214470309,2.2920678845882088,0.04588813293414372,0.036832254604449506,0.005211822325416643,0.004169906833283877,0.002235175033316446,0.000795145217584361,0.0020901535621533555,0.00011141175046708582,0.99567467140453,0.0006922644870998938,0.00875782255360987,0.004563667763369372,0.009261099480304636,0.004033964273523179,1.0201605807805854,0.5297668859093072,0.02100510580004198,0.00969853318030342,0.0015371955974103795,0.000801026733637515,-0.15707840681423715,3.1574163133338953,-2.555503213011291e-07,1.0032846982672713e-05
522.25,0.153125,0.9621127501618743,-0.028498941996706197,2.2922138077818897,-0.07968770687745161,2.283976690463379,0.04596799327051656,0.03685702114055886,0.005220771610228809,0.004171858796642236,0.0022366773170233297,0.0007942773991433562,0.0020900812389029995,0.00011070757140484068,0.9956732414440734,0.0006921888722051058,0.008778219158047393,0.004536409230770122,0.009272827935656796,0.004000872459362088,1.021259237384819,0.5303017797722385,0.021030675774969802,0.009693083653448226,0.0015407756620156574,0.0007962422457072179,1.2130847942160016e-06,3.161370519436274,-2.528861067834295e-07,1.0034175140152624e-05
522.25,0.159375,1.0013826583317464,-0.03136772054823381,2.27862711286678,-0.08268033696003255,2.2709004671376167,0.04607929626095262,0.036996211921133296,0.005233320150846269,0.004186863229877371,0.0022389063375430674,0.0007959774122756634,0.0020898927777412853,0.00011028810671713141,0.9956712008847155,0.0006943175074288893,0.008800116087808202,0.004514220750549242,0.009265040374426853,0.004004777655172371,1.0209983925052941,0.5341408365216579,0.02106369607736659,0.00965814900555925,0.0015446190675903978,0.000792347666443939,-0.07853862535091975,3.1603823959458848,-2.482799642795474e-07,1.0036475868067351e-05
522.25,0.165625,1.0406525665016189,-0.031953613223576746,2.2621600277125733,-0.08341488038969358,2.254751964300794,0.046212831494220515,0.037224625171017406,0.005248435671896324,0.004212161139509763,0.0022416845585506552,0.0007998684067814383,0.002089600353625705,0.00011019328433701293,0.9956687150878235,0.0006982380843848088,0.00881116649066805,0.0045200425509655815,0.009261102410793509,0.003991856830849132,1.0198689343156995,0.5399833599530669,0.02109980855199476,0.009598179520136712,0.0015465586627947745,0.0007933695238650292,-0.07853865659330195,3.160382276903353,-2.417671435415929e-07,1.00396781520545e-05
522.25,0.171875,1.0799224746714913,-0.03007862158743415,2.2449640296139033,-0.08170024590040478,2.2376546587103063,0.046356832945043794,0.03750773707156274,0.005264791367926904,0.004243895469734673,0.00224477178514537,0.0008053129824247344,0.002089227784659223,0.00011041397769247485,0.995666000430195,0.0007033386526503981,0.008824783721324034,0.0045251504662683585,0.00923992039940221,0.004013249153371603,1.0180296671709432,0.547130899261776,0.02113954793178372,0.009508528177755278,0.0015489487942327161,0.0007942660783301731,-0.15707851308059856,3.1574160651831638,-2.3339793396942045e-07,1.0043683127284217e-05
522.25,0.178125,1.119192382841364,-0.025821840127507694,2.229045845817874,-0.07760123807717983,2.2216156284731077,0.04649846422971214,0.037808888686373214,0.00528093371995997,0.004277928075107729,0.002247896023658606,0.0008115627477846205,0.0020888071856526,0.0001109014616760784,0.9956632967906888,0.0007089419291269229,0.00882522594510656,0.004557753006814492,0.009208713033367876,0.004053897653027791,1.017209342346677,0.5519842428401748,0.021174606914760277,0.009406514724782189,0.0015490264144913384,0.000799988560315293,-0.15707856182460328,3.1574159341456998,-2.2323669057954644e-07,1.004836665435131e-05
522.25,0.184375,1.1584622910112363,-0.019495395862513778,2.2160409069053753,-0.07141608428949117,2.2082947646028956,0.046625244191830326,0.03809480471919265,0.0052954442351470146,0.004310476028351724,0.0022507842448805104,0.0008178880631198065,0.0020883750508519172,0.00011158253896526611,0.995660840704268,0.0007144141374279847,0.008811739012786746,0.004615882467711666,0.009167096227904379,0.004116493245778886,1.017349176613867,0.5544216382513087,0.021196345816325613,0.009313167416606595,0.0015466591533533467,0.0008101915931837932,1.0138872760023786e-06,3.161370037490182,-2.113611372658811e-07,1.0053584212439962e-05
522.25,0.190625,1.1977321991811085,-0.011599370794024021,2.2071162968225035,-0.06363267894168209,2.198900895789876,0.04672623360121688,0.03833845160375925,0.0053070745464413,0.004338446730692784,0.00225318890409702,0.0008236573905900973,0.0020879684259611357,0.00011237438164351893,0.9956588426699412,0.0007192258672453802,0.008798965749245113,0.004667979534478037,0.00913874004694423,0.004149982107532958,1.0165385097518778,0.5577781382603367,0.021197839677830396,0.009248316155469704,0.0015444171571995563,0.0008193358046794065,9.491315715592918e-07,3.1613698928768788,-1.9786206109680645e-07,1.0059175411906691e-05
522.25,0.196875,1.237002107350981,-0.002766586741439159,2.202978673232082,-0.05487434894767886,2.1941928974920106,0.04679291520768693,0.038519529232419136,0.005314846998552752,0.004359501054167295,0.0022549084013508084,0.0008283640197937435,0.0020876215758610225,0.00011319487814212762,0.995657470022788,0.000722967329699869,0.00878642277336878,0.004712901736713938,0.009123674449351913,0.004157745858447269,1.0166675198340982,0.5584041121322232,0.02117989818932995,0.009215594799091096,0.0015422155817305973,0.0008272206654516249,8.770851984252204e-07,3.161369821449708,-1.828431559038364e-07,1.0064968563331974e-05
522.25,0.203125,1.2762720155208536,0.006295152873308907,2.2039282053516223,-0.045842758176306876,2.19452863833589,0.04681978805760829,0.038623672575318,0.005318122992007427,0.004371966086271606,0.0022558016438015117,0.0008316186569810996,0.002087363273605456,0.00011396740141606153,0.9956568350825933,0.0007253367595602448,0.008784976737420423,0.004728765609598105,0.00910199673023895,0.004186275550386012,1.016188168600085,0.5590933007483807,0.02114420392606096,0.009217277210107025,0.0015419617697722144,0.0008300051333266181,7.983039374437339e-07,3.1613698234589265,-1.664202805073724e-07,1.0070785651677911e-05
522.25,0.209375,1.315541923690726,0.014860213804785471,2.2098975758006247,-0.037261166382794975,2.1999010243807655,0.04680473451435685,0.038641591109329076,0.005316645673223667,0.004374737489673186,0.0022557978207169,0.0008331337978511748,0.0020872146460904277,0.00011462168392613977,0.9956569875331927,0.0007261250613221205,0.008769234030029039,0.0047624848484466445,0.009094905623776238,0.004190290994726187,1.0164184771801044,0.5574334407896967,0.021091924942312414,0.00925692919864489,0.0015391985691769485,0.0008359236210772793,-0.1570789192872736,3.157415560892276,-1.4871943479963694e-07,1.0076448238482823e-05
522.25,0.215625,1.3548118318605984,0.022241891974334786,2.220442233881264,-0.029817873147670017,2.2099260732929222,0.04674920323988428,0.03856905853720442,0.005310561882120522,0.004367276015965685,0.002254902305902837,0.0008327219705921647,0.002087187470121095,0.00011509387870202044,0.9956579102239761,0.0007252148424075767,0.008764715861391761,0.0047660309719497005,0.009081472929245975,0.0042167763801049096,1.01761795835379,0.5530254384296177,0.021031780706545062,0.009320368106364722,0.0015384055285672462,0.0008365460458185207,6.230022442821336e-07,3.161369889858305,-1.2987657962589562e-07,1.0081783246076397e-05
522.25,0.221875,1.3940817400304706,0.027849899501852005,2.2346899676879377,-0.024108725320619508,2.2237892616020187,0.046658202101450046,0.03840809387759328,0.005300422721021453,0.00434973912528133,0.0022531986016101025,0.0008303191754046036,0.002087282909637985,0.00011532871786953781,0.9956595184887524,0.0007226018019229255,0.008760714993747726,0.004760020061001743,0.00908224570063874,0.004220904380302229,1.0176420685274763,0.5500259337127875,0.02097326214739968,0.009391484145229128,0.0015377032859617832,0.000835490995229283,5.278290124977048e-07,3.1613699534328292,-1.1003659402544256e-07,1.0086628417360796e-05
522.25,0.228125,1.433351648200343,0.031247779927642227,2.2512963070228893,-0.020579416783896225,2.240195444612438,0.04654004076512507,0.03816900522556239,0.005287155946413473,0.00432321421327258,0.002250845032048726,0.0008260307459366839,0.0020874908568242847,0.0001152852993001716,0.9956616641111271,0.0007184340392988855,0.008757492919282388,0.004745226687005195,0.009096970970988005,0.004202630731001833,1.0187068620371194,0.5445442637436333,0.02092531278280546,0.009455014852249317,0.0015371377391432308,0.0008328944240794182,0.07854024494147564,3.160381968512257,-8.935149065071011e-08,1.0090836595103475e-05
522.25,0.234375,1.4726215563702154,0.03220547330667876,2.268469864399308,-0.019472262363009654,2.257386723719048,0.04640573549289437,0.03787234192763772,0.005272000176794028,0.004289948516297859,0.0022480641784461365,0.0008201825256218264,0.002087790190823302,0.00011494603393744065,0.9956641456307306,0.0007130527244155494,0.008764511010641508,0.004705794417638808,0.009102494989411083,0.004211109635950506,1.0198228549116846,0.5387207626264241,0.020887160855734752,0.00951630902320393,0.0015383695726353369,0.0008259731704807223,0.07854014242266442,3.1603820295558043,-6.798022617477362e-08,1.0094279555308775e-05
522.25,0.240625,1.511891464540088,0.03073795004056936,2.2841172227774327,-0.020786457542439477,2.273279691327702,0.04626801398568649,0.037549416806366635,0.005256393597322372,0.004253423823664742,0.0022451234219415033,0.0008133497834762023,0.0020881502983952738,0.00011432633438719417,0.9956667262796632,0.0007070093053093062,0.00876095811474499,0.004683310869513084,0.009122516525854154,0.004192279444557366,1.021273128090062,0.5323395773522358,0.020861328065202432,0.009571255874935286,0.0015377459591861308,0.0008220268001379277,-0.07853959527719026,3.160382093437786,-4.60874807623295e-08,1.0096852574917796e-05
522.25,0.246875,1.5511613727099605,0.027118598610869505,2.2961131448733294,-0.024263163676380758,2.2857303934289463,0.0461399429448876,0.037240157728529545,0.0052418193423625446,0.00421813086439177,0.0022423066577645133,0.0008063348656394663,0.002088534046874882,0.000113481349007455,0.9956691592953602,0.0007010346917109998,0.008769598545633141,0.00463755751508616,0.009140481106166085,0.004179769958667301,1.0213217135950143,0.529116997273901,0.0208491383447749,0.009616174653451938,0.0015392625498957158,0.0008139960533899435,-0.07853970199427449,3.160382132250937,-2.384103216321019e-08,1.0098477261427385e-05
522.25,0.253125,1.5904312808798327,0.021857913393686007,2.30264843144572,-0.029405033499582112,2.292881429956561,0.046033323236937505,0.03698777728131186,0.005229623656330542,0.004188978758074187,0.0022398798740669353,0.0008000760861271401,0.002088902072621701,0.0001125059390847257,0.9956712180533112,0.0006959479539508523,0.008784511906476139,0.004582186221209219,0.009167370720152508,0.00414635983150137,1.0202422444739214,0.5288475285446317,0.020847621580041085,0.009654523317115178,0.0015418801814462667,0.0008042771411090058,6.749666425776013e-09,3.1613702113140967,-1.4114025814686402e-09,1.0099104152372493e-05
522.25,0.259375,1.6297011890497053,0.015644391565335924,2.3025712884037466,-0.03553355366976476,2.293507821320364,0.04595710939718581,0.03683098854846601,0.0052208358379149476,0.004170416738854579,0.0022380558653617793,0.0007954939103221169,0.0020892178486411122,0.00011152537835841616,0.9956727262859972,0.0006925144683201119,0.008800458065507272,0.004529605405333998,0.009208471592177669,0.004076610778473967,1.0191154339713475,0.5296013196915009,0.020859607384221386,0.00967509501360333,0.001544679092397958,0.0007950480207224186,-1.0089822879422173e-07,3.161370244183197,2.1029086949741602e-08,1.0098714349834269e-05
522.25,0.265625,1.6689710972195777,0.009253629965125566,2.2956341401514573,-0.04187855508110208,2.287272964201527,0.045916160164638474,0.03679577243023872,0.005216024881588989,0.004165493720534747,0.0022369647284343143,0.0007933085132488056,0.002089452677244097,0.00011067678412573581,0.9956735825943216,0.0006912880683619761,0.008806246985697735,0.004503856247445018,0.009235059849282221,0.00403323201846337,1.0169016060520648,0.5334380218272895,0.020881319200432617,0.009679859789695823,0.0015456951785970169,0.0007905284621333206,0.07853960856785092,3.1603821045145293,4.3308179361093276e-08,1.0097320230779699e-05
522.25,0.271875,1.70824100538945,0.003440196996983019,2.282582664787498,-0.047685613054683676,2.274829940725937,0.045910586721035776,0.03688933897212932,0.005215223330631183,0.004175156922398806,0.0022366362620892355,0.0007938825421833278,0.002089589651718589,0.00011008455795131778,0.995673774086192,0.0006924862542739226,0.008800447595456104,0.00450896479488228,0.009253827497558214,0.004000417636413147,1.0150874532911949,0.5373702569642699,0.020912130878782083,0.009663453975392125,0.0015446772546675786,0.0007914251275523388,-3.130518059890619e-07,3.161370150654948,6.525503479543002e-08,1.0094964301163732e-05
522.25,0.278125,1.7475109135593225,-0.001168151750000218,2.2650633984762387,-0.052321930612307145,2.2577425861316667,0.045935843762028014,0.03709840221295639,0.005217935100278894,0.004198033708135577,0.0022369980256747913,0.0007971415922201907,0.0020896257988962013,0.00010983609488199898,0.995673376175429,0.0006959412941894783,0.0087980116573692,0.0045150013582254764,0.009257627093819339,0.00399506153748407,1.0122936047100677,0.5438224794574954,0.020951953591105674,0.009619766620843925,0.0015442496925332895,0.000792484680716136,-0.07854023226715681,3.160381970291035,8.670068329073611e-08,1.0091718103854518e-05
522.25,0.284375,1.7867808217291947,-0.004154653878450593,2.2453692018351905,-0.055361423344280646,2.2382434384295053,0.045983544083959896,0.037392283341718215,0.005223225381870233,0.004230760145140868,0.002237889352532292,0.0008025982620924218,0.0020895720081714982,0.00010996508016376202,0.9956725386392963,0.0007011424724350663,0.008786698603154538,0.004544617541369843,0.009262768359141181,0.003979827794320415,1.0107427032854022,0.5483005745800188,0.020995682816748372,0.009554982938346607,0.0015422639960858448,0.0007976829895495176,-5.156081222423836e-07,3.161369970530047,1.0748031652564471e-07,1.0087680052343936e-05
522.25,0.290625,1.8260507298990674,-0.005362291768064964,2.2260803397107534,-0.05663498792199626,2.2188841166183253,0.046042822902927466,0.037729484558059356,0.005229873251003847,0.004268707948122564,0.0022390881782632563,0.0008094651469890964,0.002089450847304411,0.00011044743346086552,0.9956714609744324,0.0007073491765037303,0.00877094106862426,0.0045866034869317335,0.00924904022412814,0.004003843287409404,1.0094596897454955,0.5523695665761121,0.02104421766656294,0.009463934693063992,0.0015394981929929296,0.0008050524709789224,-6.113297565946141e-07,3.1613699013819403,1.2743463158868053e-07,1.008297318999607e-05
522.25,0.296875,1.8653206380689396,-0.0049018553081109865,2.209681887437122,-0.05624039448279672,2.2021570819317406,0.04610198242244726,0.03806530107887679,0.005236556752238445,0.004306838365450427,0.002240345225574731,0.0008168106600345138,0.0020892927952886778,0.00011120993320266956,0.9956703619791369,0.0007137312048400562,0.008745230529153887,0.004648589331049041,0.009218809996359587,0.004062966691357499,1.0084355533606617,0.5557623613385236,0.021091051753495016,0.009360313591102464,0.001534985412808246,0.0008159323861742371,0.15707893032021597,3.1574155664910863,1.464108168978479e-07,1.0077741314448792e-05
522.25,0.303125,1.904590546238812,-0.003122599705475687,2.19823377685028,-0.05451477372159731,2.190164408453361,0.04615013523411206,0.038358273296554085,0.005242038782009608,0.004340434848853087,0.0022414195262851606,0.0008237065973017698,0.002089131648075177,0.00011214670182056941,0.9956694488256398,0.0007194935147444446,0.008729767210923058,0.004689249555719855,0.009188446443278644,0.004120968309093538,1.0088367573216168,0.5561065499252243,0.021127229575131933,0.00926640846040513,0.0015322712513188704,0.0008230691736543544,0.07853902834401891,3.160381719274962,1.642627512817752e-07,1.0072144441040576e-05
522.25,0.309375,1.9438604544086846,-0.0005544143750946251,2.1931381732822937,-0.05197836806235188,2.184378884501154,0.04617862499943478,0.038574446828136565,0.005245328687822558,0.004365594468850141,0.002242110311094315,0.0008293362252681038,0.0020889998333439106,0.00011313711232447073,0.9956688898555621,0.0007239626704378925,0.008720124575619258,0.004715334199706212,0.009165670307046955,0.004163030497287811,1.007789204625115,0.5585144353470691,0.0211456786493809,0.0092030625087936,0.0015305787511059811,0.0008276476176283441,-8.675810484248814e-07,3.161369816628136,1.8085325307036867e-07,1.0066353770025994e-05
522.25,0.315625,1.9831303625785568,0.002167985727537175,2.1950085023959622,-0.049259910920250095,2.185503271386232,0.04618209220801695,0.03868965896030123,0.005245804439770187,0.004379497645483474,0.0022422821128027575,0.0008330595818557562,0.0020889241856959146,0.0001140607185045617,0.9956687937015014,0.0007266360812518205,0.008707321916988161,0.004742237190812754,0.009159909954180858,0.00417078281974291,1.0080297697171576,0.5578964762083805,0.021145943128374665,0.009177397071216491,0.0015283315954502908,0.0008323696999990476,-9.405044700372401e-07,3.1613698828046095,1.9605499963311646e-07,1.0060546636717864e-05
522.25,0.321875,2.0224002707484297,0.0043896756874106935,2.2036203997664714,-0.04701273782179084,2.193409590296767,0.04615912515310586,0.03869074657947865,0.005243288356095723,0.004380553798742517,0.002241881494205308,0.0008344516612941264,0.0020889225260913064,0.00011480831150945182,0.9956691959797034,0.0007272094687691453,0.008703470042970717,0.004746666122998372,0.009141236525271627,0.004212217543417631,1.008400771531146,0.5563988731056,0.021130777891712367,0.009189271842485398,0.0015276555045903605,0.0008331470775966504,-1.0062025587842527e-06,3.161370022057192,2.0975053686565875e-07,1.0054901506164938e-05
522.25,0.328125,2.061670178918302,0.0055216856384149955,2.217929026398326,-0.045828855578493456,2.207144117226329,0.04611246820901412,0.038576499940173266,0.005238073007894204,0.004368516350275124,0.002240944551221412,0.000833332091512166,0.002089001270078162,0.00011529063118216319,0.9956700541787006,0.0007255984380303562,0.00869111822595926,0.004761159140304957,0.009138980877739646,0.004222993908951977,1.008925483627785,0.554101681238395,0.02110033515949062,0.009243906366438352,0.0015254874818182833,0.0008356909293657975,0.0785387521677218,3.1603820626766783,2.2183494774262417e-07,1.0049592201933008e-05
522.25,0.334375,2.100940087088174,0.005121928907684863,2.2361589703028852,-0.04615772611825224,2.225005377865526,0.046048760918872125,0.03835858172724022,0.00523089410706499,0.0043445950897144725,0.002239594388830821,0.0008297944769281693,0.0020891542760327164,0.00011544655470413676,0.9956712513351368,0.0007219597179670639,0.008687583104108058,0.004754605775551994,0.009140841662046872,0.004230026155978896,1.0107447312970137,0.5490922009487879,0.021062239472568182,0.009327811580244715,0.0015248669881153447,0.0008345406658859412,0.15707851870970996,3.157416039504918,2.322158665348083e-07,1.0044782532916257e-05
522.25,0.340625,2.1402099952580467,0.002962692862325768,2.2559878856341617,-0.048237939968918835,2.2447176499541706,0.04597778527665918,0.03806187773027981,0.005222847554585616,0.004311508293716999,0.002238027797155647,0.0008242275439862193,0.0020893631647334564,0.00011525121704626669,0.9956726090381112,0.000716703468218842,0.00869342714215802,0.004727668386375637,0.009146977432458618,0.004231747598461794,1.0112799561978008,0.5464276705197753,0.021025618963804858,0.00942269773556453,0.0015258927487432298,0.0008298125458773255,0.07853866112773415,3.1603822677547693,2.408132821008781e-07,1.0040620948139682e-05
522.25,0.346875,2.179479903427919,-0.0009254257911983074,2.274834022535062,-0.0520519163746479,2.263711812758835,0.04591123835441272,0.03772325256061951,0.00521525222903675,0.00427335767806967,0.0022364911189333017,0.0008173075637752994,0.002089599286649948,0.00011472262713051571,0.9956739095944165,0.000710477779884874,0.008693974853078358,0.004709901652228013,0.009171716607574317,0.004194593741781893,1.0133053855711596,0.5412266542102446,0.02099997929230995,0.009508063975526383,0.0015259888843762875,0.0008266940828866784,0.07853862875918152,3.1603823824744173,2.475608721547133e-07,1.0037235564149288e-05
522.25,0.353125,2.2187498115977915,-0.006243283355688227,2.290222315788358,-0.05731388672370101,2.27948967572811,0.045861133527716584,0.0373877705203333,0.00520946984029628,0.004235215381007648,0.0022352471038902515,0.0008099397128574333,0.0020898273105481565,0.00011392402063489532,0.9956749255855616,0.0007041065585694647,0.008705388997436512,0.0046737410958084015,0.009180411374440797,0.0041923450467699465,1.0158279866927749,0.5356053545447358,0.02098536267875271,0.00958282482920553,0.0015279923244263863,0.0008203470887807948,0.0785386055128721,3.160382442206121,2.5240682087728894e-07,1.0034730838488544e-05
522.25,0.359375,2.2580197197676637,-0.012453045815017414,2.3001648430624613,-0.06349779335091656,2.290008138948136,0.04583804192411279,0.037102205128635574,0.00520670561178625,0.0042023975917606085,0.002234536953876563,0.0008031383479875368,0.002090010073354391,0.0001129591282136121,0.9956754529727692,0.0006984748388391499,0.008712677456248005,0.004649879678936714,0.009206856988452378,0.004147393037138388,1.0186474046856389,0.530167076395507,0.020981855785068233,0.009643473828902358,0.0015292716135108997,0.0008161588713627549,0.07853859156580496,3.1603824463898387,2.553142312752199e-07,1.003318431079468e-05
522.25,0.365625,2.297289627937536,-0.018847071845673795,2.3034731754255033,-0.06990436283236875,2.294000068454021,0.045849467864871936,0.03690686558186337,0.005207823121822869,0.004179537889541578,0.0022345437565324602,0.0007978595252696965,0.0020901139772408037,0.00011195891459824531,0.9956753422662267,0.0006943775562050994,0.00873106543694033,0.0046116072917316685,0.009235159926606545,0.004092001598509766,1.0201970979503847,0.5281218069941906,0.02099112751550305,0.009681182261120583,0.0015324991192970094,0.0008094412032718739,0.1570784033638061,3.1574163239240596,2.5626099007794454e-07,1.0032644014955208e-05
522.25,0.371875,2.3365595361074085,-0.024645784006208978,2.299931400100179,-0.07575765479833754,2.2911591410004974,0.04589866273541905,0.036827867147501574,0.005213208056709403,0.0041697009419163706,0.002235364055375995,0.0007948241178527295,0.002090113994797977,0.00011106087291084626,0.9956745219498261,0.0006923692978049209,0.008760884408133818,0.0045591466950682105,0.009264819944344117,0.004024972701622869,1.020432740468888,0.5296148087853428,0.021008534482271347,0.009699823736227004,0.0015377330220116806,0.000800233184071331,0.07853859192155381,3.160382444286808,2.552400284089971e-07,1.0033126849638561e-05
522.25,0.378125,2.375829444277281,-0.029107250541597386,2.2902914595411454,-0.08031406222038459,2.282148355171524,0.04598410469957607,0.03687231127886763,0.005222706979211146,0.004173818007743644,0.0022369929530029415,0.0007943837279758113,0.002089997356626652,0.00011038495971839352,0.9956730096903706,0.0006926614829961334,0.008784873742785231,0.0045261983993579065,0.009274885571875717,0.003994285288974874,1.0210563677184297,0.5312005355006502,0.021035660223870472,0.009689242736730299,0.0015419436918882646,0.0007944500142482362,0.0785386062200156,3.1603824412256936,2.5225932414278815e-07,1.0034617716024632e-05
522.25,0.384375,2.415099352447154,-0.031628358394957694,2.276094344341575,-0.08296373589771781,2.268433641283923,0.0460997267296057,0.03702802691915884,0.005235650773154323,0.0041906350312815935,0.0022393252088110985,0.000796473441716585,0.0020897652678136046,0.00011001254491917608,0.9956709095233753,0.0006951014482702713,0.00880365213864008,0.004511318235827208,0.009265484287628802,0.004000640748250137,1.0205891693725493,0.5355129451345558,0.021069265247457353,0.00965038047307303,0.0015452397243504205,0.0007918382095755429,0.07853862981173973,3.160382382704494,2.4734133072118815e-07,1.0037070116470382e-05
522.25,0.390625,2.454369260617026,-0.03182007859063535,2.2593628840149877,-0.08330683983575222,2.251986194217062,0.04623580782629854,0.03726780134117921,0.0052509534188181885,0.004217170287084124,0.0022421711835877594,0.0008006646061389193,0.002089432455835054,0.00010997474513984409,0.9956683963605771,0.0006992375589171361,0.008811842587156761,0.004523668333691658,0.009257116113326443,0.003996991035415067,1.0198410100607989,0.5406402971149483,0.02110617942121063,0.009585319036484035,0.001546677332993847,0.0007940059305985038,0.07853866251647572,3.160382268974621,2.4052362412988033e-07,1.0040408510151786e-05
522.25,0.396875,2.493639168786898,-0.029546554680651822,2.2422453918464327,-0.08119412199446437,2.234931031820611,0.04638030600713582,0.037556297880873266,0.005267261306676656,0.0042494830403933676,0.002245283362682018,0.0008062916043611517,0.002089024846430266,0.00011025332609933432,0.9956656917908878,0.0007044410680023258,0.008824500092172347,0.004531121373366094,0.009231383366454678,0.004028144870137326,1.0178819969773285,0.5479776486662382,0.02114599972854343,0.009491798912137415,0.0015488990109126504,0.0007953141073404664,0.15707852042215203,3.157416038160904,2.3185869906610476e-07,1.004453063653842e-05
522.25,0.403125,2.532909076956771,-0.02492702560471134,2.2267003844896456,-0.07673049721382841,2.219231307614504,0.04652035030904889,0.037857096866665364,0.005283121300068109,0.004283466830833394,0.0022483875658303345,0.0008126013707976857,0.002088576026978502,0.00011079225546435902,0.9956630364071911,0.0007100379026284871,0.008823856446333002,0.004565795163299039,0.009204567353081217,0.004058164695905827,1.017190923560158,0.5525046891586323,0.02117936575119215,0.009389957885929105,0.0015487860365352327,0.000801400140358855,0.07853875418880092,3.160382058805259,2.214134167218235e-07,1.0049309665589772e-05
522.25,0.409375,2.572178985126643,-0.01830756830403667,2.214290579318451,-0.0702483439451295,2.206477482709417,0.046643636884699004,0.03813781303349781,0.005297138756393875,0.004315435464681866,0.0022512132449347146,0.0008188762841991455,0.002088123271284739,0.0001115140183879198,0.9956606634837805,0.0007154099237710428,0.00881248065790962,0.004619278166959834,0.009161659188501309,0.004123659290015745,1.0169332102105286,0.5555569343845157,0.02119808467743676,0.009300305199827406,0.0015467893288177088,0.0008107876150719349,-1.0038868147432823e-06,3.161370022044917,2.0926756147911568e-07,1.0054598649794783e-05
522.25,0.415625,2.6114488932965156,-0.010213691627162957,2.2061058037583217,-0.06226136643620994,2.197803249095392,0.04673956771677361,0.03837252115675678,0.005308107092273391,0.004342410196089896,0.0022535190828855928,0.0008245044368438707,0.0020877037615402863,0.00011233430171236306,0.9956587771555745,0.000720047649841826,0.008795116829678628,0.004679226167271692,0.00913685592794431,0.00414965738860002,1.0164679611430105,0.5581185662275897,0.021196070747123538,0.009241094172528075,0.001543741584912476,0.0008213098426677616,-9.379127398290166e-07,3.161369883331802,1.9551448077374187e-07,1.0060234650762412e-05
522.25,0.421875,2.650718801466388,-0.001294309574915009,2.2027828565501806,-0.05340949366198111,2.193898792240158,0.046800081207252334,0.038541954107734464,0.0053151028798138445,0.004362154346035275,0.0022551124463548984,0.0008289992049732333,0.00208735136040909,0.00011317126943775667,0.9956575361932357,0.0007235600311495392,0.008785102767483514,0.004718095501708666,0.009115865974369447,0.004171436728966895,1.016938894881568,0.5579447560844465,0.021175370924446178,0.009213243837074284,0.0015419838908938663,0.0008281322884760703,-8.64736330896676e-07,3.1613698178860488,1.8025999254064932e-07,1.0066044207656234e-05
522.25,0.428125,2.68998870963626,0.007736020047196923,2.2045607386469177,-0.04440173513088501,2.19506139013966,0.04682020546760475,0.03863261478808511,0.005317549710477291,0.004373080248051763,0.0022558630881575554,0.0008319887301912749,0.0020870940075707984,0.00011394917825781891,0.9956570429042714,0.0007256611434203802,0.008782819940275069,0.00473412916746963,0.00909866124141939,0.0041911798913274135,1.0162310424396808,0.558883413933576,0.021136797364474977,0.009221103238024437,0.0015415832031757735,0.0008309465588346247,0.07853903142190814,3.1603817175820725,1.6362088740882802e-07,1.0071849030506765e-05
522.25,0.434375,2.7292586178061327,0.01615410994989182,2.2113130228841107,-0.03595954101981783,2.2012250629798067,0.04679839356696196,0.03863600439680647,0.005315257402747799,0.004374164291438563,0.0022557122511698458,0.0008332012622751185,0.0020869516509701477,0.00011459858725545357,0.9956573360978602,0.0007261564550308343,0.008770049983149853,0.004760787514468239,0.009096192001360406,0.00418638939528164,1.0164118246899188,0.5571528429999512,0.02108260232346912,0.00926569016652117,0.0015393417873727205,0.0008356257006406674,0.15707893360926714,3.157415568689269,1.4572494528262327e-07,1.0077471638280461e-05
522.25,0.440625,2.7685285259760053,0.023284963504503473,2.2225298051222677,-0.028760154833593288,2.2119402939831496,0.0467366776285386,0.03854879931593946,0.0053084407095581486,0.0043649668045275605,0.0022546779673344865,0.0008324670650432117,0.0020869346110350922,0.00011505631526067743,0.9956583874216307,0.0007249454772532422,0.008765440728954835,0.004763057094272645,0.009081632895409366,0.004216789432598181,1.0174513471146256,0.5529033258439038,0.02102195982179867,0.009331737159817409,0.0015385327591910512,0.0008360240631402437,-6.078535882636515e-07,3.1613699043296886,1.2670977170150344e-07,1.0082740175878143e-05
522.25,0.446875,2.807798434145878,0.028559390102003236,2.237264255638264,-0.02337895213162583,2.2263170353424306,0.04664062643608394,0.03837421229016551,0.005297715797545177,0.004345786174994922,0.0022528562662041127,0.0008297460725094278,0.002087042391005509,0.0001152678892472664,0.9956601013427905,0.0007220468377860459,0.008759011884337689,0.004760276653329015,0.009083227697592308,0.004220500459113149,1.0178316075162264,0.5491352462114237,0.020964655417646038,0.00940242532935608,0.0015374043518065195,0.0008355360329762114,-5.119690861477011e-07,3.1613699738588843,1.0672152992985812e-07,1.0087493370844176e-05
522.25,0.453125,2.84706834231575,0.031571080242899306,2.2540949630835283,-0.020232025862069965,2.242981177327135,0.04651903925290242,0.03812410051168429,0.005284066852066879,0.004317899182698869,0.002250416833520071,0.0008251761240997376,0.0020872631224391467,0.00011519388507637433,0.995662320044041,0.0007176391005570442,0.00875635601558981,0.0047434097321999,0.00909478936071617,0.004210346971052821,1.0192622414575914,0.5428968405185828,0.02091844821212357,0.009465042990236252,0.0015369381868755052,0.0008325755074868182,-0.07854022849173062,3.1603819708651355,8.591349529041915e-08,1.0091585689848697e-05
522.25,0.459375,2.8863382504856223,0.032127625886588906,2.2711681558456926,-0.01952443537446542,2.2601091089097527,0.04638328841751409,0.037820781391243466,0.005268772843540248,0.004283770935393375,0.0022475910859970404,0.0008191225816589596,0.0020875739797227098,0.0001148195584889531,0.9956648349342798,0.000712098926034682,0.008764927781342358,0.004700395721239689,0.009104966506896076,0.004209528664157609,1.0199439395936167,0.5378910720260852,0.02088193000052646,0.00952605703196361,0.001538442725303429,0.0008250255773677448,-3.0916817266302133e-07,3.1613701484650125,6.444532524141239e-08,1.0094892641781643e-05
522.25,0.465625,2.925608158655495,0.03028583660133165,2.2863639723545863,-0.021213710304620426,2.275586561433433,0.04624625846720638,0.037497194578738714,0.0052532884387456475,0.004247081817410857,0.002244651215657755,0.0008122007671897568,0.0020879429108119968,0.00011416499109273276,0.9956674058735304,0.0007060112997909712,0.008762927257488739,0.00467476014097543,0.009129556529250831,0.004181092802384873,1.021120268583122,0.532089918016325,0.02085857691121976,0.00957888233055793,0.0015380915881981186,0.0008205259542162077,0.0785396125291892,3.1603821062491857,4.248231048235211e-08,1.0097314282573968e-05
522.25,0.471875,2.964878066825367,0.026360022998055656,2.297583823964864,-0.024999983304011673,2.287291347781912,0.04612092276899977,0.03719424388973923,0.005239083533067542,0.004212440168400835,0.002241880650466501,0.0008052431504375628,0.0020883318471823166,0.00011329151239777849,0.9956697875023511,0.0007001288772101219,0.008772490921770834,0.004627443304226089,0.009144186883741027,0.004175971329232899,1.0210739716713975,0.5291582182896182,0.02084812963602288,0.009622961740646724,0.0015397702272136459,0.0008122207810194187,-9.688614071023949e-08,3.1613702435607087,2.0192680354988644e-08,1.0098777778456155e-05
522.25,0.478125,3.00414797499524,0.020894540797709332,2.303103456827127,-0.0303516419482965,2.2934465132588233,0.04601872287195585,0.03695498268081453,0.005227459874049921,0.0041847395402264615,0.002239539078023817,0.0007991969091868201,0.0020887011945635403,0.0001123002825486046,0.9956717597274128,0.0006952713718383996,0.008785372935706696,0.004576631548015759,0.009171728556489869,0.004140644138667883,1.0203962787636929,0.528245665650798,0.020848575611157986,0.009659288203658831,0.0015420313115170512,0.0008033021705468863,1.0784184922840723e-08,3.1613702113859756,-2.2524421668363167e-09,1.0099239040682723e-05
522.25,0.484375,3.043417883165112,0.014598869166266265,2.3019045845199484,-0.03656852674880214,2.292957292049284,0.045948020788870274,0.03681659231417531,0.00521937512619802,0.004168259966149332,0.0022378276343841077,0.0007949624537222387,0.002089014991009305,0.00011132088009398604,0.9956731573746067,0.0006921788339673996,0.008801848924562074,0.0045240266775422415,0.009211274600214741,0.004073514506656938,1.0190158524933617,0.5296548250582437,0.020862509329892993,0.009676920956280465,0.0015449232195657056,0.0007940688280351789,-0.07853969796820293,3.1603821297717896,-2.4680268093613455e-08,1.0098683596853019e-05
522.25,0.490625,3.082687791334984,0.008252733554602543,2.2938994376749546,-0.04287550620100607,2.285645417972742,0.045912930750560514,0.03680232419584283,0.005215309005048255,0.0041657498507733275,0.002236860958061896,0.0007932111426337389,0.002089245823479683,0.00011049093761363905,0.9956738932184583,0.0006913561330854649,0.008806896392100215,0.004500993513423445,0.009242079603850619,0.004019194021822642,1.0163940140159697,0.5344320619834482,0.020885501668331124,0.009679121011765927,0.0015458091640833318,0.0007900259876760476,-0.07853959129148888,3.1603820917722096,-4.6918259672220154e-08,1.0097128115514313e-05
522.25,0.496875,3.121957699504857,0.0025969688857687854,2.2799908207517645,-0.04853101351055506,2.272321780883982,0.0459127821859275,0.03691604893694912,0.005215200210396406,0.00417778521618368,0.002236651958596551,0.0007942375031375975,0.0020893785489949366,0.00010993120005334496,0.9956739694924087,0.0006929578589000721,0.00880071894479553,0.004508140686752063,0.009258963551604306,0.003989444345762767,1.0144899376582475,0.5386570104937216,0.020918119035930514,0.009657932545477086,0.001544724882603333,0.0007912804779682892,0.07854014633647025,3.160382028361672,-6.879597891661462e-08,1.0094620378603346e-05
522.25,0.503125,3.1612276076747294,-0.0017699800629241314,2.2619509935130098,-0.052930782285352286,2.254678765257423,0.045942333960840784,0.03714133165976984,0.0052184682615875,0.004202631978562966,0.0022371125404578186,0.0007978957635746524,0.0020894120968001817,0.00010972261092149347,0.9956734753627419,0.000696753530366557,0.008797043370832449,0.004517744616339099,0.009256509829604392,0.003997598642136273,1.0120899031057433,0.5444402256558781,0.020958780958394402,0.009610659902772897,0.001544079736383548,0.0007929661844539665,4.3241130853743925e-07,3.1613700859725475,-9.014548099926809e-08,1.0091237157369408e-05
522.25,0.509375,3.200497515844602,-0.00447122806697881,2.242145438243826,-0.055688037013290795,2.235026138367153,0.045992693381066055,0.03744523324304499,0.00522411556524603,0.004236648653533107,0.0022380699879930594,0.0008036403986384171,0.0020893590553857045,0.00010989199149777206,0.9956725709566212,0.0007021833203393781,0.00878143568877865,0.004556540609036278,0.009259139693010893,0.003987330825963303,1.0109081703575944,0.5482657165105166,0.021003142691452606,0.00954210600356449,0.00154134023578371,0.0007997757571309888,5.315056675669894e-07,3.161369950160448,-1.1080284520013808e-07,1.0087081939271628e-05
522.25,0.515625,3.2397674240144743,-0.0053937160170554384,2.2231643788606967,-0.056677349762068716,2.2159311738773413,0.046052745623576224,0.03778522745309496,0.005230888121437189,0.004275057849104992,0.0022392953948377125,0.0008106496951802734,0.002089243230655878,0.00011041003354079026,0.9956714613745066,0.0007084792921248592,0.008768054547851742,0.0045942188399123686,0.00924392528062959,0.004014133827680045,1.0091183192105784,0.5532644816603717,0.021052044979700264,0.009447568918259175,0.0015389915434237944,0.0008063891373709277,-0.07853918982013211,3.160381791046809,-1.3060960159976215e-07,1.0082280975792386e-05
522.25,0.521875,3.2790373321843465,-0.004689789378624137,2.207444106377627,-0.05603806928342364,2.199843433826138,0.04611081634519781,0.038116750456602885,0.005237463559601686,0.004312805336304065,0.002240538463013016,0.000817983412112611,0.002089095744758604,0.00011120071366157842,0.9956703657922281,0.000714806672901092,0.008742991377088841,0.004654843290397069,0.009218170028821235,0.004062576782354521,1.0083815124780986,0.5560714450745762,0.021097639468565705,0.009344211049593277,0.001534592391063942,0.0008170300972453767,-0.1570789159569541,3.15741555866728,-1.494134467779388e-07,1.0076980063303904e-05
522.25,0.528125,3.3183072403542186,-0.002742539663494736,2.1969508622846625,-0.05414146651350125,2.188776486186433,0.04615629174248503,0.03839933102769716,0.005242635107521391,0.004345266497317326,0.0022415627290882324,0.0008247253167812554,0.002088950420372622,0.0001121573696080134,0.9956694868505391,0.0007203840448830796,0.00872895942871937,0.004692346875186393,0.00918347268795259,0.00413052088613903,1.008654833287636,0.5565638073915419,0.02113148466238773,0.009253660751175275,0.0015321294673035432,0.0008236128231538269,8.014191386962466e-07,3.1613698217559016,-1.6706943824682254e-07,1.007134085927344e-05
522.25,0.534375,3.3575771485240917,-0.00010435333719533979,2.192965344087972,-0.05153080938093013,2.184085445548142,0.04618098833487119,0.038600488696869065,0.005245467708863626,0.004368699994739184,0.002242176518601194,0.0008300838819252088,0.002088839148527944,0.0001131597137629474,0.9956689843328709,0.0007245633867697876,0.008716111879158826,0.0047236997318967225,0.009162621827197294,0.004168692250808571,1.0079663736557058,0.5582078752111592,0.02114684507872626,0.009196340254872768,0.0015298744322761622,0.000829115957409669,8.799583149254886e-07,3.1613698202221303,-1.8344184536239228e-07,1.0065536150246332e-05
522.25,0.540625,3.396847056693964,0.0025808931935509677,2.195966587633954,-0.04884467364299218,2.186340671771872,0.0461801541519347,0.03869777763760903,0.005245412684608424,0.0043804879035085585,0.0022422567681927943,0.0008334518458430295,0.00208878775462307,0.00011408803979596577,0.9956689554771841,0.0007268743729769507,0.008704156417515705,0.004748077751695167,0.009155677383732849,0.004179833329577985,1.0083083506362114,0.557295432442287,0.02114457266960871,0.00917644892566323,0.0015277759788203725,0.0008333948503055182,9.517387518087617e-07,3.1613698924173974,-1.984053176839289e-07,1.0059744178909852e-05
522.25,0.546875,3.436116964863836,0.004663158276341941,2.205594264484132,-0.04673226619492592,2.195278219145098,0.04615304952577289,0.03867990856855429,0.005242374945494767,0.004379268343848188,0.0022417643079067186,0.0008344418980638045,0.0020888126872705935,0.00011483398028263885,0.9956694230048229,0.0007270496692390598,0.008703465674863811,0.004745684971554803,0.009141741370472307,0.004211670251690738,1.0083166200341593,0.556367996458891,0.02112668077444587,0.009195516486949945,0.001527654737888974,0.0008329748633652918,1.0162088862841757e-06,3.1613700374854528,-2.1184487549472476e-07,1.0054142839411855e-05
522.25,0.553125,3.4753868730337083,0.005572030875753925,2.2206767311152507,-0.04576777999428687,2.2098155535764548,0.0461030811928751,0.038547702221006536,0.005236729677165736,0.0043650475652649845,0.0022407497957864335,0.0008329161487454187,0.0020889187538696936,0.00011530934886938065,0.9956703314503438,0.0007250460976833878,0.008689962813344367,0.0047614575612615435,0.009142892343672129,0.004215882804210666,1.0090108175635293,0.5536935132011331,0.021094253456552824,0.009256395619702441,0.0015252846808167864,0.0008357433089816016,-0.15707855980508167,3.157415934818955,-2.2365747395646346e-07,1.004890411966594e-05
522.25,0.559375,3.514656781203581,0.004896094056860016,2.2393346136694565,-0.046370653947439014,2.2281434129207325,0.04603746266559957,0.03831497072502377,0.005229285338699357,0.004339303819383287,0.002239349486575067,0.0008290150985004703,0.002089098125060207,0.00011545481688053516,0.9956715523883648,0.0007210648711281067,0.00868897753077769,0.004749566417490393,0.009139116737061404,0.004236025321676902,1.0109107693945396,0.5485065561225904,0.0210558245955935,0.009343267189369385,0.0015251117414800477,0.0008336561447645496,-0.15707851137705814,3.157416066728137,-2.337528728734863e-07,1.0044189315492483e-05
522.25,0.565625,3.5539266893734536,0.002447320621494964,2.259181324257141,-0.04874025167374467,2.2479166329991536,0.045966381602806236,0.03800868540208006,0.005221190692433452,0.0043050121997331185,0.0022377701198042508,0.0008231757331092369,0.0020893308507883407,0.00011524864559516207,0.9956728990294078,0.0007155601346442721,0.00869038483756402,0.004730593714067623,0.009149333832332589,0.00422930471846418,1.011723688060289,0.5453440003279628,0.0210205677712264,0.009437539497384934,0.0015253587555960463,0.0008303260069370328,-0.07853865521781626,3.1603822758587863,-2.420537267585708e-07,1.0040144141583803e-05
522.25,0.571875,3.593196597543326,-0.001699815581323924,2.277626199365024,-0.05281530686854424,2.2665513305341904,0.04590170235292008,0.037667372912832175,0.0052137889343002765,0.004266472926704663,0.0022362631423791406,0.0008161170304920787,0.002089587059880426,0.00011471354025724032,0.9956741497977403,0.00070921640569707,0.008694178192499853,0.0047069289415264315,0.009173390847424485,0.004193742452452102,1.0137550629854597,0.5401961299360803,0.0209970682012225,0.00952054168095372,0.0015260245750358763,0.0008261723050389459,-0.07853862431542594,3.160382395867364,-2.484957080767096e-07,1.0036894044498002e-05
522.25,0.578125,3.6324665057131984,-0.007204331122690829,2.292248131630911,-0.058268087595583315,2.2815976657002723,0.04585532409520106,0.03733687950483159,0.005208432377691431,0.004228846235074317,0.002235090432965944,0.0008087715738178899,0.0020898307809709424,0.00011391832164982697,0.9956750787860633,0.0007028777386328531,0.00870909814572392,0.004664721903758854,0.009186627723323685,0.004181087575552905,1.0161408070649627,0.5349455628810365,0.020983948796668487,0.009593982389640661,0.0015286433636981511,0.0008187640169354938,1.2137730429628846e-06,3.1613705172658286,-2.530295027400772e-07,1.0034540241936128e-05
522.25,0.584375,3.6717364138830706,-0.013495229986976201,2.301170642283481,-0.06453893599254847,2.2911194756798507,0.045837422727765545,0.03706350369258428,0.005206283277806581,0.004197389799256116,0.0022344861146370034,0.0008021564659179683,0.002090024958387338,0.00011297148738678902,0.9956754889269757,0.0006974258768416014,0.008715613447800571,0.004643273042446366,0.009213304909260287,0.004134714269857345,1.018918387868196,0.5297310057374369,0.02098256601822248,0.009651189046466462,0.0015297869463189136,0.000814999257490187,-0.15707840647631438,3.1574163122992913,-2.556207295496216e-07,1.0033155145869996e-05
522.25,0.590625,3.711006322052943,-0.01984600202342057,2.303355777130689,-0.07090901447450612,2.293997345194796,0.045854877744290014,0.03688572883480028,0.005208134706795603,0.00417652946134746,0.0022346208624589073,0.0007972011446628158,0.002090136878112982,0.00011200586206815426,0.9956752422594277,0.0006936267975767095,0.008734787514047946,0.004604708909207691,0.00923838723713855,0.00408538909659798,1.0203829281832935,0.5280112211725763,0.020993392638555403,0.009685739215562022,0.0015331524278686364,0.0008082303813831916,-0.1570784034610666,3.1574163283607586,-2.562493145411919e-07,1.0032781409966299e-05
522.25,0.596875,3.750276230222816,-0.0254757066352378,2.2987498334236314,-0.07660017373486452,2.2900865031538986,0.04591018188331135,0.036826805057292085,0.005214285216315453,0.004169009970232235,0.002235575364638495,0.0007945738091222287,0.0020901430293331297,0.00011115656724131053,0.9956742816060282,0.0006919851492181192,0.00876243019149168,0.0045578109985654446,0.009266380461987777,0.004020772588993397,1.0206758821109456,0.5295424888467467,0.021012246436040626,0.009700370678100173,0.0015380043418925873,0.000799998739176957,-0.07853859354508286,3.160382429509148,-2.5491022806237903e-07,1.0033430639703656e-05
522.25,0.603125,3.789546138392688,-0.029658553836062734,2.2882490490412435,-0.08088408603943607,2.2801957010639815,0.04600104108025806,0.03689059518301793,0.005224491123115257,0.0041753991431528244,0.002237327946535977,0.0007945590088748818,0.002090032502722135,0.00011053730245794857,0.9956726395507418,0.0006926524492835637,0.008790015054854532,0.004519157472217158,0.009274781290622588,0.003992543696434452,1.0210625567277725,0.5317083547690123,0.02104094682692395,0.009684439050643649,0.0015428461082399845,0.0007932141725608544,-0.0785386093589561,3.1603824315871583,-2.516136625342412e-07,1.0035082893105496e-05
522.25,0.609375,3.8288160465625602,-0.031821917787892076,2.2734958169908865,-0.08318064116521448,2.265895521722576,0.046120720118487064,0.037062100728876834,0.005238003258835387,0.00419411609999145,0.002239758249333794,0.0007970267799726085,0.0020898083542522953,0.00011022126275002313,0.9956704333964141,0.0006954201166248318,0.008807996964443936,0.004506986214777094,0.009267233061498433,0.003993228684866392,1.0202084313095552,0.5368351041173721,0.021074972373846628,0.009641864001117552,0.001546002339379021,0.000791077842070337,1.1818954014586326e-06,3.161370447095969,-2.463843404472361e-07,1.0037687389939767e-05
522.25,0.615625,3.8680859547324324,-0.031616194480133544,2.256557499071432,-0.08312889391088385,2.249206092441022,0.04625902323614383,0.037312286698229426,0.0052536761946066855,0.004221954525538617,0.0022426652454795534,0.0008015001386498387,0.002089486837206637,0.00011023200194922177,0.9956678479173137,0.0006997964403417444,0.00881380098186461,0.00452487250780104,0.009253788631290644,0.004000414588910955,1.0196352341033796,0.5416351645741012,0.021112510784615554,0.009572001432062428,0.0015470210754828576,0.0007942172903432493,-0.0785386686087615,3.160382269770838,-2.3926238652458043e-07,1.0041163547086854e-05
522.25,0.621875,3.907355862902305,-0.02894768631919693,2.2395707798152076,-0.0806214821045698,2.232245503864373,0.04640367242188964,0.03760519413836821,0.005270123363483252,0.00425488116619811,0.0022457949375662657,0.0008072893189891361,0.0020890948714564973,0.0001105461118553196,0.9956651101909777,0.0007051340459724208,0.008822644323035755,0.0045402137193645544,0.009224909988521119,0.004038104359517074,1.0178511781769384,0.5485942736959328,0.0211519663752147,0.009475573675329455,0.001548573281528535,0.0007969100193555148,-0.15707852792661026,3.1574160197931445,-2.303031144426674e-07,1.0045403556393707e-05
522.25,0.628125,3.9466257710721777,-0.02397499278644378,2.224440524283114,-0.07580267795571985,2.216927437538317,0.04654179929257663,0.0379047792007569,0.0052858858766993986,0.004288817075412959,0.002248871766908548,0.0008136398862606376,0.00208866642924454,0.00011110516857349514,0.9956624618038472,0.0007107599548684706,0.008820897731943552,0.004576882869446187,0.009198306441351677,0.004067249213902984,1.0172225182944596,0.5529144953157447,0.021183507547544424,0.0093742454576478,0.0015482667153562956,0.000803346283132409,-0.07853876304767864,3.1603820218484024,-2.195755195742261e-07,1.0050276378564466e-05
522.25,0.634375,3.9858956792420503,-0.01707685892263606,2.2126548085813567,-0.0690377536175569,2.2047708360303604,0.04666130743185727,0.03817960925432334,0.00529958726306349,0.0043201815418842235,0.0022516283453277953,0.0008198480852767337,0.0020882385847329206,0.00011183138293946824,0.9956601330699391,0.0007160700452652572,0.008812628814303914,0.004623703655361762,0.009159385931506312,0.004123745520568671,1.0166913871161667,0.5563445256847344,0.02119920191602743,0.009288402287727862,0.0015468153336100697,0.0008115643882077451,-0.07853882259819711,3.160381912890755,-2.0716152773820924e-07,1.0055632389766381e-05
522.25,0.640625,4.025165587411922,-0.008802724151978974,2.205226866224566,-0.06086474367923993,2.1968347575479457,0.04675196188190633,0.038404869827128665,0.005310057645354505,0.004346129735935032,0.0022538300964523644,0.0008253221057603613,0.002087847816658597,0.00011264130384117731,0.9956583220868893,0.0007205738183395532,0.008793826936262097,0.0046854114954730484,0.009134469790025423,0.004150562955734722,1.0162143685677332,0.5587691981330767,0.021193904253331345,0.009234453048107528,0.0015435151794939057,0.0008223955074230659,9.265585042328439e-07,3.161369882615736,-1.9315644312626032e-07,1.006130747981624e-05
522.25,0.646875,4.064435495581795,0.00018393531248379059,2.2027251901054488,-0.051938659179179426,2.1937421281424547,0.04680617121630411,0.03856230053851155,0.0053164232753590114,0.004364551440664138,0.0022552937143192277,0.0008295950740022775,0.002087526875753925,0.00011345431909699003,0.995657179409927,0.0007238984412150283,0.00878335352026893,0.00472387836624906,0.009111640434269661,0.004177326918800006,1.0170267216323536,0.5577953863995097,0.02117036490943372,0.009211822677334988,0.0015416768585121785,0.000829147311771815,8.522605064342769e-07,3.1613698232117473,-1.7766815913141358e-07,1.0067127566147362e-05
522.25,0.653125,4.103705403751667,0.009163310610659448,2.20532847515577,-0.04297435666981286,2.1957304119300822,0.04681950147625753,0.03863924991430747,0.005318165804214687,0.0043739659739753895,0.0022559000385943386,0.0008323121332951466,0.0020873022666487114,0.00011419587561560258,0.995656797694757,0.0007257734911687464,0.008779041797007081,0.004742288471065639,0.009094571589130959,0.004197932322638483,1.0162252965557599,0.558735249817213,0.02112874599879993,0.009226410931334247,0.0015409200537271086,0.0008323787008412643,-0.07853904492330158,3.1603817043002866,-1.6081526714665445e-07,1.0072913653267075e-05
522.25,0.659375,4.14297531192154,0.01741615951851482,2.2128506140960975,-0.03468997907770917,2.2026740903251665,0.046790980675365815,0.038628014895090566,0.0053151579208581285,0.0043734463502686964,0.002255602509768272,0.0008332173158238584,0.0020871922490327058,0.00011479773102812351,0.9956572052411984,0.000726018701781195,0.008769256270806287,0.0047618501379796995,0.00909538966606876,0.004187304056211703,1.016694491605741,0.5563122284913885,0.02107283219203807,0.009275636987427536,0.0015392024729355223,0.0008358122150594653,-0.07853913169134712,3.1603817288064473,-1.427274476105804e-07,1.0078488432646461e-05
522.25,0.665625,4.182245220091413,0.024280718468846843,2.2247147617478786,-0.027750183878508,2.2140564017058364,0.04672322359457419,0.03852621140009833,0.005307678752780437,0.004362658648164648,0.002254431857202734,0.0008321593628622738,0.0020872052702622813,0.0001151984235276141,0.9956583628725351,0.0007245499539442487,0.008767687264690757,0.0047570156779075,0.009082125381707763,0.004216298882226854,1.01721867155594,0.5528845853461031,0.0210120390602072,0.009343652961208608,0.0015389270769363057,0.0008349636581615208,-0.07853922371513518,3.1603818267867982,-1.2354400302109937e-07,1.0083681803132906e-05
522.25,0.671875,4.221515128261284,0.029210416087172137,2.239898280927559,-0.02270834242149109,2.22891040265534,0.04662235222389116,0.03833830406188374,0.005296406284772106,0.004342033942804057,0.0022524965320909053,0.0008291234646552271,0.002087338871980729,0.00011534653024310511,0.9956601645959282,0.0007214075845517949,0.008757762270949317,0.00475949775457372,0.009085975940454568,0.0042164452363397465,1.0178410685019115,0.548568915730628,0.020956410032552282,0.00941301913820837,0.0015371850164423567,0.0008353993186582243,4.960503808604244e-07,3.1613700032094294,-1.0341196198169087e-07,1.0088335256881508e-05
522.25,0.678125,4.260785036431157,0.03183046137847049,2.2569038156412575,-0.01994955543664366,2.245783800145829,0.04649763834763646,0.03807775057557058,0.005282378467477809,0.00431301498373711,0.0022499772741929247,0.000824281352866464,0.0020875792898355314,0.00011520763225233704,0.9956624434359712,0.0007167984719608642,0.008756229888213608,0.004739566035988351,0.009093664384043668,0.00421590099445549,1.0196390544251537,0.5415802000534072,0.020911965886342303,0.009474794532675,0.0015369160486732034,0.000831900852016465,0.07854021200576211,3.1603819821280656,-8.248565023973858e-08,1.0092307400162812e-05
522.25,0.684375,4.300054944601029,0.03198705690999883,2.2738196329371605,-0.01964063862744423,2.2627915058562134,0.04636078240374717,0.03776864377770996,0.0052669131336958615,0.004278253427070082,0.002247113784591687,0.0008180385775441698,0.0020879020873676452,0.00011477384846502428,0.9956649841280404,0.0007111320180269833,0.00876377773457226,0.004697885312621801,0.009105358405647924,0.004212602667160893,1.0202083477599473,0.5367891559217438,0.02087714506625416,0.009535451167553553,0.001538240866128848,0.0008245849439738282,2.922433843366434e-07,3.161370140560446,-6.092597258937111e-08,1.0095477484238465e-05
522.25,0.690625,4.339324852770902,0.029779086745143468,2.288507190031648,-0.021697182932292745,2.277796055305122,0.04622478789602475,0.03744548110298953,0.005251481781411462,0.00424160066434787,0.0022441822812609914,0.0008110496910620956,0.0020882741399584535,0.00011407300293794395,0.9956675435787805,0.0007050241314453939,0.008765134619358008,0.004665749928587418,0.009134485463290945,0.004174577268925804,1.0210595470791168,0.5316743842069175,0.020856118535910427,0.009586501265864147,0.0015384790300452854,0.000818944458504254,1.8657811935440803e-07,3.1613702201469387,-3.8898789447990616e-08,1.0097748988395934e-05
522.25,0.696875,4.378594760940774,0.02556105644298976,2.2989040988021774,-0.025778978728735878,2.2887066066004005,0.04610249151855605,0.03714998706865034,0.005237543653169611,0.0042077649120225115,0.0022414647901573665,0.0008041745676084871,0.0020886570688417585,0.00011317354957649218,0.9956698781410012,0.0006992472270726985,0.008777245207613419,0.004613805330572442,0.009147830489976971,0.004172261929447638,1.0206519868654549,0.5295598953740529,0.020847339082338,0.009629849532987768,0.001540604711724072,0.0008098270087170394,7.948087770159873e-08,3.1613702467889264,-1.6573091998875638e-08,1.009905264102824e-05
522.25,0.703125,4.417864669110647,0.019909445832613604,2.3033799899773575,-0.031321848988395136,2.2938357415069333,0.04600493399991936,0.036924839818434224,0.005226360821089288,0.004181611081886582,0.002239213765154837,0.00079836491274557,0.0020890118596845523,0.0001121817148895843,0.9956717743751604,0.0006946201792711609,0.008785961367539497,0.004571749522647374,0.009178881134210368,0.004128518497114809,1.0203770142474928,0.528006938814657,0.020850042885406463,0.009663404520636626,0.0015421345945896678,0.0008024452648655034,-2.822666900215154e-08,3.161370220197223,5.879832047257262e-09,1.0099349021507312e-05
522.25,0.709375,4.457134577280518,0.01355217263612859,2.3010561108670817,-0.037606507014254935,2.2922251917970233,0.045939853443563515,0.03680547130326241,0.005218826206819926,0.004167231726026196,0.0022376179332713095,0.0007944961652076945,0.002089304009716579,0.00011122903896087919,0.9956730780570118,0.0006918564601612073,0.008801716218595965,0.004521637382380603,0.00921220810817869,0.00407453054538159,1.0189113988261143,0.5297431527142,0.020865867888765422,0.009678084484517997,0.001544899926672341,0.0007936494527874044,0.07853968062229581,3.160382120305128,2.828756922094615e-08,1.0098629407441724e-05
522.25,0.715625,4.496404485450391,0.007270164869134632,2.2920061221368098,-0.043855779397394996,2.2838569879240147,0.04591060507219642,0.036812256159644015,0.005215339194333202,0.0041670509422891445,0.0022367760641509326,0.0007931868752774348,0.0020895082879682537,0.00011045134023243903,0.9956737156478811,0.0006914114591280126,0.008806019235347528,0.004501361280775101,0.009246936107979619,0.004009949937600563,1.0161324536301646,0.534973394512492,0.020890124553457713,0.00967760418596593,0.001545655203268275,0.00079009053914993,-2.4216622094286324e-07,3.1613701721103906,5.0478087588888356e-08,1.0096915869606391e-05
522.25,0.721875,4.535674393620264,0.0017877494608691037,2.2772867706661244,-0.04934374844408212,2.269697017871619,0.04591574215447099,0.036945701042341884,0.005215755750480224,0.0041812598338869696,0.002236684194107912,0.0007946617401715293,0.002089612177704914,0.00010996344978101669,0.9956737036281869,0.000693378593606242,0.00880336488609046,0.004502809465195813,0.009262181427578746,0.003982750116210781,1.0137444893111058,0.5402382595371468,0.020924365725378556,0.009651886880641175,0.0015451893050422065,0.0007903447282137216,-3.4675684972285127e-07,3.1613701465550887,7.228125353954697e-08,1.0094260151667717e-05
522.25,0.728125,4.574944301790136,-0.0023280620620072857,2.2587887366932855,-0.053496838227938846,2.2515592650168874,0.045949352149792115,0.03718632552846949,0.005219424016139519,0.004207779603961683,0.0022372390071760855,0.000798704727186555,0.0020896173205845305,0.0001098366160742649,0.9956731436722397,0.000697470062726927,0.008795801253529389,0.004521175327820816,0.00925815131897973,0.003993484000816018,1.0117101021633472,0.5453976767340426,0.02096571333919589,0.009601253100420669,0.0015438617167516087,0.0007935683517796228,-4.486849896068179e-07,3.161370068565801,9.352939110212399e-08,1.0090743208358195e-05
522.25,0.734375,4.614214209960009,-0.004741395213538752,2.2389403451014656,-0.055968767507826846,2.2318212022110138,0.04600207491273438,0.03749911698469302,0.005225297381553538,0.004242744356868707,0.002238256494480252,0.000804715525547959,0.0020895387252992718,0.00011008555802251136,0.9956722047802202,0.0007030858605001928,0.00877798249794449,0.004564993492155704,0.009255448411546725,0.00399482985848758,1.0109123785763683,0.5485332206975473,0.021010978487021055,0.009528251881899388,0.0015407341228241482,0.0008012594289725983,-5.47167201858656e-07,3.161369938598552,1.1405918265805754e-07,1.0086472527737572e-05
522.25,0.740625,4.653484118129881,-0.00538319239250426,2.220331699207376,-0.0566778834112036,2.2130557723607613,0.046062589808035966,0.03784072299397192,0.005232101210663491,0.004281300815499458,0.002239501832760377,0.00081184234178482,0.0020894019956625457,0.00011066879358831859,0.9956710961715771,0.0007094409488081674,0.008763593052263628,0.004604877221689623,0.009236699897255073,0.004029222239709198,1.009007348932075,0.5537263893377846,0.02106016056952428,0.009430391115944967,0.0015382084502138173,0.0008082599240240281,0.0785391748908661,3.160381761524686,1.3371332080669673e-07,1.0081578560334312e-05
522.25,0.746875,4.692754026299753,-0.004446426773812523,2.205341886065979,-0.055804237228779544,2.1976611319769956,0.046119288989088805,0.03816688292737838,0.005238521465878298,0.004318445176715818,0.0022407246388669103,0.0008191400611835245,0.002089239208505335,0.0001115005053618865,0.9956700361526281,0.0007157044969789915,0.008741736322352357,0.004659172670793842,0.00921541876442215,0.0040670287915762,1.008326410653642,0.5563695345373374,0.02110428943473635,0.009327845203366618,0.0015343721006203267,0.0008177900012562988,0.07853908553486474,3.160381718609531,1.5234064109591533e-07,1.0076210880026655e-05
522.25,0.753125,4.732023934469626,-0.002346381735344805,2.1958377318466136,-0.053751635332363656,2.187556382261193,0.04616186860265468,0.038438215085267506,0.005243384994364357,0.00434968324357559,0.002241693775276632,0.0008257070480529435,0.0020890842160470892,0.00011246815487173758,0.9956692220086767,0.0007211134618809471,0.008729172761952396,0.004693417130516097,0.009179518945375382,0.004137809807502954,1.0082922935537209,0.5573346504917605,0.0211353906357138,0.009241690328405126,0.0015321669121027026,0.0008238006771290424,-8.145488898492204e-07,3.1613698281960927,1.6979807249643732e-07,1.0070533456896495e-05
522.25,0.759375,4.771293842639499,0.0003441401078533579,2.192975385453593,-0.05108431400662513,2.183975558705426,0.046182644591592534,0.038623764305869585,0.005245809522885775,0.00437144232066347,0.002242227294426703,0.0008307784969992643,0.0020889680605732314,0.00011344973790762311,0.9956688046450001,0.0007250458744816057,0.008712536546274487,0.004731090025310547,0.009161367853223341,0.004170458548933931,1.0079624250351717,0.5582137919053614,0.02114751467910696,0.009190861469017608,0.001529246880629,0.0008304131207661722,-8.920386569855054e-07,3.161369832688951,1.8595172995317107e-07,1.006471963822395e-05
522.25,0.765625,4.81056375080937,0.0029743836952338234,2.197098452600377,-0.048448415578491354,2.1873552217873384,0.046177488018279374,0.038702829470995515,0.005245311255445898,0.004381288592428523,0.0022422149441738127,0.0008337807432599611,0.0020889149810795213,0.00011432739927571078,0.9956688700747472,0.0007270610245401251,0.008702529606261947,0.004750896370342331,0.009149384892481474,0.004193549877490354,1.0086632144209082,0.5565361276537302,0.021142797229485207,0.009176647698171819,0.0015274904367142401,0.0008338895815185196,-9.626775984372672e-07,3.1613699108534847,2.0067724855187433e-07,1.0058947578113786e-05
522.25,0.771875,4.849833658979243,0.004901490925778082,2.207711280940666,-0.04648670884458093,2.1972957476242065,0.046146335018695875,0.03866602034979073,0.005241864751663076,0.004378054851562375,0.0022416319840867466,0.000834364942893619,0.0020889393043389765,0.00011499750293594981,0.9956694287115744,0.0007269236122432655,0.008701872936158322,0.004747498290242043,0.009140172942044548,0.004215823133218259,1.0083833748710764,0.5560463980204536,0.021122367881654596,0.009202560623720813,0.0015273751762843707,0.0008332931417370748,0.07853879041688527,3.1603819634211407,2.1386146381131187e-07,1.0053394330530548e-05
522.25,0.778125,4.889103567149116,0.0055757464268386125,2.2235180420974037,-0.04575341154740841,2.2125881002133623,0.04609324596842556,0.03851621346333017,0.005235912005821312,0.004361955747252926,0.002240543528993378,0.0008324364935954746,0.0020890434310455843,0.00011537901617455812,0.9956704130399613,0.0007246252832500963,0.00869117412650727,0.0047572544130550405,0.009146015230065366,0.004210623508608444,1.009114323541906,0.5532438311533425,0.02108832901381257,0.00926887942570053,0.001525497293626615,0.0008350055615702161,0.15707855139061716,3.1574159652455416,2.2540315347333834e-07,1.0048231058387942e-05
522.25,0.784375,4.928373475318988,0.0046181479001676864,2.2425406485419703,-0.0466361560293175,2.2313202459356267,0.04602598650711478,0.038269377952572715,0.005228317422370194,0.004334690750979076,0.0022390985888884264,0.0008281833422742472,0.0020892171362986646,0.00011542171852351273,0.9956716842748131,0.0007204045601540935,0.008689993834485822,0.004745146812184276,0.00914099896730967,0.004234234447647696,1.0108992767538516,0.548251824889631,0.021049686442583787,0.009358471231056997,0.0015252901257275253,0.0008328804042448865,0.07853868798778434,3.1603822365632754,2.352139973252204e-07,1.0043617211804486e-05
522.25,0.790625,4.967643383488861,0.001881425474621912,2.262336350053672,-0.04929395685803849,2.2510855452424714,0.045955115619046055,0.03795453092305233,0.005220266713614368,0.0042994529089687246,0.002237513171780889,0.0008220904219701871,0.0020894384110451076,0.0001151140754810465,0.9956730484171736,0.0007147524473628844,0.008689937084567974,0.004728679175055367,0.009151210114374796,0.004227953935939149,1.012096191295285,0.5444001461164686,0.021015851920272652,0.00945198777794191,0.0015252801648356104,0.0008299899621127977,0.07853864959021406,3.160382292648535,2.432184089318862e-07,1.0039694697161072e-05
522.25,0.796875,5.006913291658733,-0.0025159408937407363,2.2803155999149447,-0.05362167605742282,2.269295407261906,0.04589262124065092,0.03761174974856994,0.005213113923031221,0.004260719910705082,0.0022360429175172555,0.0008149176449541208,0.0020896759725444773,0.00011448880609221417,0.9956742811099385,0.0007083834979198319,0.008693853143621826,0.004705004092013671,0.009172975759829704,0.00419749350998562,1.0145126370705375,0.5385923032245087,0.020994251704993316,0.009533103171760109,0.0015259675216186385,0.0008258344504890755,-1.196184246765597e-06,3.161370476475128,2.493544053867692e-07,1.0036584341041671e-05
522.25,0.803125,5.046183199828605,-0.00819209124364367,2.2941213132530494,-0.059250524556799966,2.2835585590905065,0.045850241438676304,0.037287479080661184,0.005208191874480025,0.004223736079430846,0.002234947815026302,0.0008076215696377154,0.0020898933197915992,0.00011362320770321883,0.9956751588651821,0.0007021563431944043,0.008711281774374927,0.0046587021916426295,0.009190723216484427,0.004174429352527017,1.016414811535825,0.5343814887833314,0.02098274671261731,0.009604845148592406,0.00152902663982965,0.0008177074215425073,0.07853859990847481,3.1603824382452337,2.53575116955914e-07,1.0034382466923896e-05
522.25,0.809375,5.085453107998477,-0.014544855557647224,2.30199629734425,-0.06558918394907125,2.292053865849536,0.04583771486618342,0.03702731992633126,0.005206613525240637,0.00419370148596481,0.0022344539553076984,0.0008012174270029987,0.0020900538540324833,0.00011263171128779159,0.9956754921906599,0.0006969442303218444,0.008718855656952901,0.004636257164236101,0.009221762192387859,0.0041172761150032175,1.0190163076374676,0.5296569871791271,0.020983676527307652,0.009658043530417016,0.0015303560272296453,0.0008137678124556743,0.1570784053451062,3.1574163203869077,2.5584797890911456e-07,1.0033157583881047e-05
522.25,0.815625,5.124723016168351,-0.020831558652100717,2.3030569185050886,-0.07190192483545453,2.2938137881808145,0.04586126709439104,0.036867729587119744,0.00520909908896285,0.004174827625991731,0.002234718892329003,0.0007966033645473534,0.0020901262563860217,0.0001116499418104077,0.9956751548512852,0.0006934792034113864,0.00873981553184675,0.004595501727033092,0.009242289501939102,0.004077011778126743,1.0203956712842752,0.5282643019965774,0.02099592821237297,0.009689549399563796,0.001534034958517859,0.0008066143130263926,0.07853858753037697,3.160382484352564,2.561554353766998e-07,1.0032948577036021e-05
522.25,0.821875,5.163992924338222,-0.026272829308592142,2.2974107301896676,-0.07741131285433166,2.2888544943251037,0.045922621598416806,0.03682898103832403,0.005215861947322707,0.004169526312909379,0.002235807129479008,0.0007943916114215961,0.002090089158671339,0.00011081233536602154,0.9956741037118494,0.0006922122747148933,0.00876480647606373,0.004555081823131218,0.009265792819667744,0.004021356759440495,1.0210910995710771,0.5291553202143976,0.02101621586332225,0.00970003058627614,0.0015384214334881287,0.0007995197072673273,0.07853859549269612,3.1603824234701174,2.5449557447811833e-07,1.0033762256510574e-05
522.25,0.828125,5.203262832508095,-0.03016164260228437,2.286092815924397,-0.08140693876518293,2.278125365178293,0.046018721402255325,0.036911713367871926,0.00522657476064306,0.00417799860558359,0.002237680314478776,0.0007947988465775516,0.0020899342435438716,0.00011022829309360528,0.9956723854419772,0.000693234597199007,0.00879363408921036,0.00451530672359389,0.009272527691107663,0.003995634137186535,1.0211354598771982,0.5321009812306048,0.021046231636759064,0.009679171188425819,0.0015434813304821117,0.0007925382792330109,-1.2035098968965485e-06,3.1613705006543844,2.5088141968166326e-07,1.0035573208055702e-05
522.25,0.834375,5.242532740677967,-0.0319577299001796,2.2708383943178347,-0.08334033850922944,2.2632933095701264,0.046142189353270135,0.03709823188232805,0.005240419255779683,0.004198359185915157,0.0022402034522951003,0.0007976318999587072,0.002089667254209694,0.0001099635684368362,0.9956701292934952,0.0006962857592894313,0.00881080641811262,0.004505842853302133,0.009269169217115902,0.00398517093368262,1.0199371578042442,0.5379502295078488,0.021080737539134125,0.009632647673230122,0.001546495461931367,0.000790877156315996,-1.1769301643482778e-06,3.1613704272006053,2.4534054112036243e-07,1.0038325223383034e-05
522.25,0.840625,5.281802648847839,-0.031351792636658306,2.253749845854615,-0.08289038902641596,2.2464179875739427,0.04628239173114421,0.03735787165654932,0.00525620465861345,0.004227223873722093,0.002243164866161504,0.0008023690938319965,0.002089306880713332,0.00011003256282049855,0.9956675282531251,0.0007008418349693433,0.008815687324413977,0.004526306427803634,0.009252935968580855,0.003997901534278496,1.0192513734085407,0.5429644827182614,0.02111910357892906,0.009557472419802574,0.0015473521711912197,0.0007944689756795909,0.15707849136697954,3.157416106520049,2.379156030248659e-07,1.0041933181506917e-05
522.25,0.846875,5.321072557017712,-0.028292196270512125,2.2369441652643864,-0.07999157710894109,2.229602454295451,0.04642685421339546,0.03765423506254995,0.005272526625033341,0.004260517693200949,0.0022463049115579166,0.0008083004976979863,0.0020888819589393514,0.00011040314019760862,0.9956648131295024,0.0007062457570322415,0.008822903763417884,0.004545145383960075,0.00921796532640971,0.0040490482281986696,1.017834670481896,0.5491725738409345,0.02115799763316401,0.009458580024820062,0.0015486188191733963,0.000797775637842043,0.1570785357470923,3.1574160103408264,2.2866402954003328e-07,1.0046286018619159e-05
522.25,0.853125,5.360342465187585,-0.022976043700436797,2.2222676478653964,-0.07482672560947602,2.214705827136324,0.04656274710510032,0.03795177859684364,0.00528793480393892,0.004294220401151174,0.0022493474389847323,0.0008146733772710415,0.0020884277090792687,0.00011101047422547663,0.9956622248519362,0.0007118327337083755,0.008816575925147866,0.004590533025835491,0.009189948064644286,0.004081095584864732,1.0174670678054327,0.5529093526670185,0.021187457793557334,0.009358420764162477,0.0015475081406833649,0.0008057421937799648,0.07853877221035885,3.1603819937566398,2.1765660645225718e-07,1.0051249586474215e-05
522.25,0.859375,5.399612373357457,-0.015813433930509553,2.2111322683685954,-0.06779272706840232,2.203173849520188,0.04667821010935909,0.03822007368128286,0.005301083028533859,0.00432485808233022,0.002252028868828808,0.0008207994359587494,0.0020879817668794107,0.00011177345449721795,0.995659989364292,0.0007170164809260203,0.008811176871333566,0.0046310812221992004,0.00915556504226725,0.004127384770750802,1.016402099759271,0.557195213562473,0.02119976229148208,0.009277362858610064,0.0015465604848359546,0.0008128593177627448,0.07853883303114584,3.1603818904487935,2.0497778688999463e-07,1.0056670918798679e-05
522.25,0.865625,5.438882281527329,-0.00737623861599509,2.204475611445502,-0.05945047816362929,2.195991706014078,0.04676339174156528,0.03843541237245529,0.005310847806068906,0.004349698051297098,0.002254121847321762,0.0008261072512131735,0.0020875805603089654,0.00011260785426579034,0.9956582975923693,0.0007213264650124976,0.008792112449773754,0.004692212989210185,0.009135196203337628,0.004144665450379091,1.0162316373495694,0.5588938601435948,0.02119119204226234,0.009228813540553783,0.0015432142484045203,0.0008235893231420461,-0.07854073127706825,3.160381734118804,1.9072498269383557e-07,1.0062382971714973e-05
522.25,0.871875,5.478152189697202,0.0016590214979567918,2.202799472046575,-0.050468575167672,2.1937165632710727,0.04681118403150901,0.03858051372253774,0.005316412634119667,0.004366726571682376,0.0022554527289849807,0.000830149303019021,0.002087256287058756,0.00011343364374136956,0.9956572909839563,0.0007244076584960518,0.0087835923414429,0.004725694990331031,0.009107103328123122,0.004184080010279602,1.0169313591677347,0.5579564036873216,0.021164893872146314,0.009211385880243277,0.0015417187770204554,0.0008294661703150048,0.07853897679914565,3.1603817430911025,1.75007644879176e-07,1.0068209956217499e-05
522.25,0.878125,5.517422097867074,0.010568776929900736,2.206222998466771,-0.0415662449900576,2.196526787757167,0.046817698761903934,0.03864355300417395,0.005317323158054473,0.004374544643101242,0.002255913657742569,0.000832587350377078,0.0020870344980476255,0.000114177178437625,0.9956570518442094,0.0007260047576812578,0.008775212869290372,0.004750287947081267,0.009092908546246597,0.00419957663237679,1.0164715814592693,0.5580960071653677,0.021120532845940447,0.009232160356481839,0.001540247990461051,0.0008337827894988661,0.07853905864418734,3.1603816998702423,1.5794608338696035e-07,1.0073973327020866e-05
522.25,0.884375,5.556692006036947,0.018639220370359033,2.2144997336993324,-0.03345684122257996,2.2042366246375433,0.046782542077282156,0.03861763245615541,0.005313519515656779,0.004372309329037114,0.0022554703921331422,0.0008331813465699472,0.002086932176827245,0.00011477097903854347,0.9956575974310395,0.0007259523758526594,0.008766850560108484,0.0047656793971783545,0.009092514911122718,0.004193013737515222,1.0169481784085215,0.5555009501780115,0.02106323012269466,0.009285414146741664,0.0015387802163905101,0.0008364843365080882,0.07853914630852854,3.1603817304414785,1.396714244339631e-07,1.0079497272870059e-05
522.25,0.890625,5.595961914206819,0.025223336989707114,2.2269843807970595,-0.02679092068387611,2.2162604880371597,0.04670890933095672,0.03850134886266852,0.0053053483426263644,0.004359797679664235,0.00225416636980122,0.0008317993582116363,0.0020869562390669083,0.00011515424496471796,0.9956588773911321,0.0007241849084556174,0.008768338708937203,0.0047537295139510475,0.009083950313965557,0.004213136932486678,1.0171796517360505,0.5524875276610788,0.02100241371147715,0.009355242593627182,0.0015390414201102475,0.0008343868621902269,0.07853923911741516,3.160381834337045,1.2032432836953862e-07,1.0084612929845544e-05
522.25,0.896875,5.635231822376691,0.029798669611075378,2.2425776357318234,-0.02209834737361126,2.231553537197147,0.04660346637199531,0.038300477238373404,0.005293550612691341,0.004337597788290631,0.0022521223214577437,0.0008284531851748144,0.0020871025196733265,0.0001152764985872683,0.9956607751588686,0.0007207680669326212,0.008757185772538489,0.004757289197583666,0.009090211206239998,0.004209346425796227,1.0178838986920127,0.5479293165387545,0.020948417524800842,0.00942348909443079,0.0015370838279547372,0.0008350116670403753,-0.07854029631815065,3.160381907322221,1.000527003188435e-07,1.008916419317331e-05
522.25,0.903125,5.674501730546564,0.03202325669486927,2.2597077006908557,-0.01973189820620689,2.2485865936047773,0.04647593854115113,0.03803012153875774,0.005279216359925115,0.0043073546917129875,0.002249529690452649,0.0008233497444108743,0.002087355491938762,0.00011510516818038116,0.9956631148176088,0.0007159413256706198,0.008757440046944233,0.004733100474496087,0.009093166717794973,0.00422024640797527,1.0198379919841467,0.5405987688119488,0.020905537586472813,0.009484916280115281,0.001537128458854101,0.0008307659999913348,-0.07854019538582788,3.1603820021697246,7.901218550944703e-08,1.0093012143328853e-05
522.25,0.909375,5.713771638716437,0.031782768066367116,2.27640979386694,-0.01981925338622423,2.2654177932840094,0.04633832461651647,0.03771614608497671,0.005263696836075059,0.004271937984479202,0.0022466358690066655,0.0008169352208233278,0.0020876890757243714,0.00011463578499105187,0.9956656750552693,0.0007101498997001859,0.008761063116652871,0.004698285002684799,0.009107951250564766,0.004210963324188725,1.0206016963683402,0.5354438726393661,0.020872696840476122,0.009544572127795924,0.0015377643893917593,0.0008246550986043209,-2.7520292249505475e-07,3.1613701415548445,5.736487528911747e-08,1.0096039959295678e-05
522.25,0.915625,5.753041546886309,0.029218261442879655,2.2905347310117246,-0.022233917440204132,2.2798943787320427,0.0462037080310201,0.037394522904184005,0.005248470852063767,0.004235378195781219,0.002243720285811224,0.0008099022687989436,0.0020880688449709103,0.00011390141773067166,0.995668210869218,0.0007040405423940754,0.008765800730463916,0.0046596926542019,0.009137316772534992,0.004172735101821069,1.0210472713761722,0.531180492267947,0.0208540557790418,0.009593641815985479,0.00153859594758422,0.0008178812700849035,-1.6924591434985813e-07,3.1613702267182817,3.527691113801855e-08,1.009815631382151e-05
522.25,0.921875,5.792311455056181,0.024723562543256552,2.3000658358013824,-0.026596157017936516,2.2899663654430573,0.04608474538450889,0.03710762970920934,0.005234974176684098,0.004202462504304078,0.002241062622345424,0.0008031351495068491,0.0020884556955741637,0.00011297694200817625,0.9956704816820805,0.0006984014480429932,0.008781404565175049,0.004601381030774009,0.009154734144762647,0.004161251131940675,1.020421763022672,0.5296097024718888,0.020846861862186362,0.009636301928234019,0.0015413347728885517,0.0008076462635792898,0.07853975435189353,3.1603821319804344,1.2917728676189718e-08,1.009929741565873e-05
522.25,0.928125,5.831581363226054,0.018905411155258945,2.3034752069159414,-0.03231104002240598,2.2940446113554467,0.04599203633189045,0.036897548327977654,0.005224414845774526,0.004177990658970211,0.0022389071868383153,0.0007975855783068006,0.002088810638186165,0.00011197447728482758,0.9956722821749759,0.0006940439289643454,0.008789278713247865,0.004561711805765085,0.009185502707467931,0.004117436921744289,1.0201849269669931,0.5281327916733223,0.020851721962526326,0.0096671260352413,0.0015427168636624616,0.0008006834189152055,-0.07853977059195741,3.160382128703048,-9.541008797852299e-09,1.009942895068766e-05
522.25,0.934375,5.870851271395925,0.012507546887805022,2.300029033786317,-0.03864272645928012,2.2913130339024073,0.04593266618770913,0.03679774925902967,0.005217607159376228,0.004165838865496927,0.002237429596548787,0.0007940991330137439,0.0020890999855159,0.00011102878561331557,0.9956734704179352,0.000691647822938788,0.00880085144947095,0.004520899583945853,0.009216561742438305,0.00406754849073383,1.018634152208353,0.5301944111206359,0.020869162122246602,0.009679249686830704,0.0015447481401656376,0.0007935199525036602,-0.07853966320603076,3.1603821195644235,-3.192684409006867e-08,1.0098546420865936e-05
522.25,0.940625,5.910121179565799,0.006309179720292363,2.289963221113698,-0.044814898516027116,2.2819151159846056,0.045909220032395594,0.036825599247215894,0.005214858203924063,0.004168099689163685,0.0022367124126203425,0.0007932378317936262,0.002089299979650483,0.00011027480055578465,0.9956739876077287,0.000691613666456541,0.008803615948689402,0.004504969324331865,0.009249637179794653,0.0040055342309091215,1.0158325322798707,0.5356110480730826,0.020894888150611586,0.009675437372200174,0.0015452333721969577,0.0007907238322586647,2.593447554488648e-07,3.161370152190284,-5.4067760838137494e-08,1.0096676072075723e-05
522.25,0.946875,5.949391087735671,0.0010154468572278585,2.2744843901701683,-0.050119968957104355,2.2669680147180595,0.04591948414751244,0.036978237954878194,0.0052159316668197704,0.004184587131910106,0.002236734893065365,0.0007951552732367142,0.0020893999519796015,0.00010982256589593528,0.9956738651549552,0.0006939703913462884,0.008804488150865342,0.004500687267162583,0.009263244487453314,0.003980935219985968,1.0132886965328445,0.5412823755024133,0.020930791135271107,0.009644928735695751,0.0015453864633719276,0.0007899722345426586,3.6356318489083606e-07,3.161370132274817,-7.579329498553042e-08,1.009387480330441e-05
522.25,0.953125,5.988660995905543,-0.0028400298231572698,2.255593582656886,-0.05401702902364665,2.248399535846729,0.04595690206848641,0.037233261470895125,0.005220097132002827,0.004212881090097476,0.002237379006785646,0.0007995667257753249,0.002089403415326968,0.00010973647294451297,0.9956732175778871,0.0006983705761919082,0.008796064730731232,0.004521791657243659,0.00926015692690958,0.003988349083605397,1.0112791561851453,0.5464586256456739,0.02097266927641244,0.009591147744503857,0.0015439079629494747,0.000793676531509179,0.07854028132604993,3.160381931321102,-9.693611550424357e-08,1.009022844468895e-05
522.25,0.959375,6.027930904075415,-0.004963317075027213,2.2357717889735573,-0.05620125744036504,2.22864486798603,0.046011686168893465,0.03755377974753557,0.005226254196444337,0.004248876782732097,0.0022384502562661068,0.000805820735692074,0.0020893269503761093,0.00011002473455268908,0.9956722227933577,0.0007041716245011528,0.008775096947686507,0.004572415246904003,0.009253383188808507,0.003998393236932997,1.0107397208496618,0.5491317712126962,0.02101868793400365,0.009513967576037197,0.0015402276436022266,0.0008025621145036544,5.62836350326279e-07,3.161369935864519,-1.1733408859501391e-07,1.0085847960504076e-05
522.25,0.965625,6.067200812245288,-0.00532920859588587,2.2175989856195066,-0.05663466903675205,2.210272687078409,0.046072354765905446,0.03789581508144289,0.005233105674960851,0.004287616450737157,0.0022397088459066897,0.0008130397322913575,0.0020891972146052187,0.00011064141047143196,0.9956710939394877,0.0007105687800644363,0.00875755467619422,0.004618556682276122,0.009230602725701966,0.004041586456218713,1.008934300065693,0.554111781290614,0.02106772709467417,0.009413751009422329,0.001537148578875641,0.0008106609782198395,-0.07853915997361964,3.1603817407713812,-1.3683145315183377e-07,1.0080866820551698e-05
522.25,0.971875,6.10647072041516,-0.004170233091365727,2.2033890852610125,-0.055536989439252914,2.1956217238574514,0.04612740884099592,0.0382155643217296,0.005239347506891149,0.0043241195522256476,0.0022409052345668387,0.0008202774034397465,0.002089046725844314,0.00011149862144824231,0.9956700480395888,0.0007167332146465524,0.008738903431142189,0.004666446276973477,0.009210569464862813,0.004076297309715592,1.0084034769273316,0.5564127734229867,0.02111027647505477,0.009312387789091188,0.0015338748642502644,0.0008190666833685694,-0.07853907148615162,3.1603817039204185,-1.5527769266150173e-07,1.0075436062986687e-05
522.25,0.978125,6.145740628585033,-0.0019321433244025743,2.1949043631808998,-0.05334287839984114,2.1865113241967356,0.046166889280932946,0.038474827744090855,0.005243845794505666,0.004354010495943851,0.0022418144033786004,0.0008266491720586293,0.0020889091720050334,0.00011248350860974418,0.9956692764246163,0.0007219200193097628,0.008729514588332044,0.004694146097755155,0.009177798565936843,0.004140150566998123,1.008025993625813,0.5579122067836351,0.02113864810132698,0.009230775532958967,0.0015322269103502872,0.0008239286273385464,-0.0785389887116632,3.1603817406717107,-1.7253299788515675e-07,1.006972457267499e-05
522.25,0.984375,6.1850105367549055,0.0007939386593284803,2.193173871979692,-0.050635477883526445,2.1840516683397224,0.04618363602970361,0.03864422150812846,0.0052457805131511616,0.004373893644050857,0.002242264723896189,0.0008314183487084113,0.0020888148944331127,0.00011347459737323502,0.9956689203816703,0.0007255352731012901,0.00871083361787684,0.004734844589324576,0.009159979334384859,0.004172647319027816,1.0077784503743454,0.5585317304195,0.021147783818540388,0.009186072690642567,0.0015289479782454958,0.0008310721315233817,9.040193724274559e-07,3.1613698541406117,-1.8845765428852247e-07,1.0063897430814136e-05
522.25,0.990625,6.224280444924777,0.003352629561449458,2.1984051867103376,-0.04806627209248213,2.1885446396743253,0.04617415649026611,0.03870481538258696,0.005244745163665358,0.004381546306633153,0.0022421591166131532,0.0008340457136052086,0.0020887869923648444,0.00011435481607834907,0.9956690538910224,0.000727172163278804,0.008700500908111171,0.004754308543047294,0.009146066256166572,0.004200813081329251,1.0088381931139065,0.5560907150419067,0.021140576374525256,0.009177853256626081,0.001527134354383642,0.0008344884948702765,9.73576606355664e-07,3.1613699381842735,-2.0295767507822796e-07,1.00581706895046e-05
522.25,0.996875,6.26355035309465,0.005110484172484582,2.209968398522227,-0.04626937789844256,2.1994556981561413,0.04613906404758097,0.038649143000907604,0.005240798023346209,0.004376037990302701,0.0022414873824651354,0.0008342216455081704,0.0020888383290425575,0.00011502141123589599,0.9956696742884923,0.0007266337415380254,0.008698693228839306,0.004752113456347194,0.009136914503729237,0.004223832003130057,1.0084305512856138,0.5557494284494149,0.021117453665207772,0.009211160635375831,0.0015268170658565864,0.0008341032075924546,-0.07853878108743784,3.160381972781548,-2.158147017269478e-07,1.0052589084984826e-05
550.0,0.003125,0.019634954084936207,0.011644986641822341,2.0638287286091908,-0.03718246943791723,2.0559367809175515,0.044679810037039906,0.03603549419724173,0.004147646042699813,0.003407044471597642,0.002043132037166787,0.0007393169260920452,0.0015786701080216666,0.00010978485381203036,0.9963781978548116,0.0006427812568486385,0.008399109218954138,0.004445155801966535,0.008693409984450402,0.0038656606790938193,1.030621375480039,0.5321883711559952,0.018687693136714693,0.008688490173507826,0.001399851536492357,0.0007408593003277557,-0.6283204741423134,3.0971276494295132,3.9596698372616874e-07,9.204406877377781e-05
550.0,0.009375,0.05890486225480862,0.013681700186501866,2.060406691032244,-0.03514035545073542,2.0524105238612123,0.04467968397163057,0.036111712575431894,0.004142371665606614,0.0033749161691260777,0.002043207980742143,0.0007409583550717328,0.0015783549911998745,0.00011321339536511833,0.9963784370280578,0.0006407851837781549,0.008474705904632934,0.004299197714167288,0.008600228413363767,0.0040681265027238366,1.0207338911705213,0.5509298184664632,0.01874681344737113,0.00854219797400157,0.0014124509841054885,0.0007165329523612146,-0.628320770919018,3.0971242813281705,4.5647666363848125e-07,9.204073454834455e-05
550.0,0.015625,0.09817477042468103,0.015732575601504643,2.0580033788758785,-0.03307498044125983,2.04991314314749,0.044670793202828234,0.03617117972520658,0.004136762839936263,0.0033407171907398558,0.0020431096757338547,0.0007422989003891882,0.0015780829521276896,0.00011680863137567929,0.9963788073721386,0.0006381823664379088,0.008501174558796256,0.004245902358388548,0.0085670900158567,0.004136638013346417,1.014390815352064,0.5622160289658416,0.01884497141479588,0.008303060354918495,0.0014168624264660429,0.000707650393064758,-0.6283210510002875,3.0971240132502906,5.13582422924272e-07,9.202693888394181e-05
550.0,0.021875,0.13744467859455345,0.0176710367612646,2.056023255068403,-0.031113352177076642,2.047840491692275,0.04465271930069914,0.03622505723536549,0.004131669637642193,0.003312866423349344,0.002042823894660292,0.0007435593542522278,0.001577905314580231,0.00011996961012864183,0.9963792707907592,0.000635860869044204,0.008471672696519297,0.004303113883943481,0.008593029107540147,0.0040817560008271775,1.0132042029004604,0.563690636280458,0.018914588601465505,0.008123448770395223,0.0014119454494198821,0.0007171856473239135,-0.6283213123004913,3.0971268474357148,5.668589795771609e-07,9.20031914326574e-05
550.0,0.028125,0.17671458676442586,0.01938299804553973,2.0546717557180822,-0.029369698514839327,2.046369722975188,0.04462501124945702,0.03627454592741336,0.004127685310922039,0.0032976977974755704,0.002042337244282473,0.0007448092251575737,0.0015778605290700473,0.00012219253115787585,0.9963798022266476,0.0006345258061372361,0.008390635104417387,0.004456830061690335,0.008676092787970621,0.0039017400342486012,1.0171775376275696,0.5554583595615636,0.018906382876146828,0.00812615505423634,0.0013984391840695636,0.0007428050102817228,-0.31416228750936914,3.145164054875651,6.159084448144682e-07,9.197029605984365e-05
550.0,0.034375,0.2159844949342983,0.02072336754464424,2.0548866685619194,-0.027988787857191926,2.0464253705279964,0.04458713071792268,0.03630544939239954,0.0041250246839134395,0.003297617548204165,0.002041633401995481,0.0007457959647716389,0.00157796781065592,0.00012311264660087715,0.9963803987873485,0.0006344220862894708,0.00833037042138706,0.004563460709579288,0.00875624666944834,0.0037205310265710032,1.0254404846310774,0.538638788917183,0.01882620589288108,0.008298589269224431,0.0013883950702311765,0.0007605767849298811,-3.240190512343588e-06,3.161015378052576,6.603647170819985e-07,9.192932665124545e-05
550.0,0.040625,0.2552544031041707,0.02150093473739715,2.05755941214236,-0.027161856697665594,2.048923699352385,0.044539241881106535,0.03629677995629382,0.004123549553956038,0.00331114132801055,0.0020407082859522914,0.0007460623511903587,0.0015782218685565005,0.00012254670270015814,0.9963810698454914,0.0006353420411347011,0.00831262137244421,0.004587281551034125,0.00876113769118353,0.0037161598685872366,1.0291066672700273,0.5300509571073836,0.01872948128680481,0.0085077742032628,0.0013854368954073683,0.0007645469251723539,0.31415583128039126,3.145166867694545,6.998965791211922e-07,9.188159612254656e-05
550.0,0.046875,0.2945243112740431,0.021518404316725366,2.062636303249697,-0.027087736283456298,2.053866358038931,0.044483247495351895,0.03623718407104891,0.004122893104829803,0.0033344432182399538,0.0020395922570853346,0.0007452713196190554,0.0015785908332071237,0.00012053612479244161,0.9963818169097077,0.0006368755707938029,0.008338210519259365,0.00452878481709972,0.008692747646181952,0.0038850211347189897,1.0261051562224257,0.5343149571648959,0.01867930109360382,0.008615201905907638,0.0013897017532098943,0.0007547974695166196,0.6283149283521098,3.0971312249006817,7.342086102475501e-07,9.182862033598988e-05
550.0,0.053125,0.3337942194439155,0.02065112429220453,2.0688099321230586,-0.02789466102118702,2.0599974411266575,0.044423189557121365,0.03613707402391028,0.004122595756270202,0.0033631182105515207,0.0020383611373622065,0.0007435021144541785,0.00157901975609093,0.00011737486539841789,0.9963826191065468,0.0006386947841875582,0.008404643814781221,0.004389475933426324,0.008605639311810475,0.004087880164138457,1.0171464573224682,0.5498183362003021,0.018698294431723713,0.008577142116203817,0.001400773969130203,0.0007315793222377206,0.6283147869221253,3.097127188566157,7.630446053114221e-07,9.177207289126293e-05
550.0,0.059375,0.37306412761378793,0.01891480201219817,2.0740935705507035,-0.02957189303239007,2.065341959735445,0.04436450734227147,0.03602703618748534,0.004122187702316835,0.0033930263294707163,0.0020371240169223368,0.0007412953668669703,0.0015794404527953196,0.0001135987297277622,0.9963834355302827,0.0006406635766591053,0.008443613398877692,0.00429911130434979,0.008579181537080862,0.004155947494845808,1.0110442378043623,0.559685635961426,0.018771321729537792,0.008425686623803887,0.0014072688998129483,0.0007165185507249646,0.628314673401998,3.0971262305157374,7.861899353083447e-07,9.171373599195722e-05
550.0,0.065625,0.41233403578366035,0.01647396408168648,2.076923967435673,-0.03195967770345952,2.06829767027637,0.044312425103814404,0.03594223578621378,0.004121216681331579,0.0034200756263971853,0.0020359914239105417,0.0007393900832323825,0.0015797856928076999,0.00010991427790784694,0.9963842228832812,0.0006427144569175938,0.008427499322918716,0.004317863778332003,0.008612173112778055,0.004098588134962512,1.0101916717493182,0.560081544151492,0.018844948576490217,0.008276305259752223,0.0014045832204864523,0.0007196439630553338,0.6283145886393029,3.097128358134497,8.034717776203799e-07,9.165544957172036e-05
550.0,0.071875,0.4516039439535327,0.013579392538753721,2.0770557861556425,-0.03481025884658582,2.068551849630649,0.044270377698120714,0.03590240420151861,0.00411927368721884,0.0034397254573706763,0.0020350415177577737,0.000738306957683929,0.0015800034640455426,0.00010705794163002673,0.9963849550181966,0.0006446200857028433,0.008357804897016005,0.004441803537289231,0.008702228727002388,0.003913143074548468,1.0146047876741906,0.5510897087227291,0.01885946981899695,0.008266440332218098,0.0013929674828360012,0.000740300589548205,0.4712349005901908,3.125241569050856,8.147605293253306e-07,9.159905653271128e-05
550.0,0.078125,0.4908738521234052,0.010469636803021981,2.075645765016839,-0.03788585224935743,2.067207082818402,0.04423941628057697,0.03590097534361295,0.0041160727718025005,0.003447183203558494,0.002034304445588765,0.0007380541967214603,0.0015800667342461695,0.00010560846694140417,0.9963856288201652,0.0006458732076720884,0.008300609555460182,0.004540261737353828,0.008802948908620118,0.0036889636423621613,1.0238400745812055,0.5329694634575074,0.01880443298523294,0.008418572434526497,0.0013834349259100299,0.0007567102895589712,0.1570756096715625,3.1570624397796028,8.199711947137103e-07,9.15463466527236e-05
550.0,0.084375,0.5301437602932776,0.007296440428578238,2.074448550205769,-0.041034073018356404,2.0660115398564884,0.04421892338812305,0.03591128719395727,0.004111590058811551,0.0034386830415397756,0.0020337737321286992,0.0007381644238235879,0.0015799760818194816,0.00010582308148794141,0.9963862501860516,0.0006458140988805808,0.008286852409464843,0.004558850933885447,0.008829096432059164,0.003634504458358655,1.0295791785199635,0.5214111478283656,0.018727391925936386,0.00861764817358709,0.00138114206824414,0.0007598084889809077,-0.15708365124356316,3.1570631059269867,8.19064329773484e-07,9.14990028308372e-05
550.0,0.090625,0.56941366846315,0.004118790157109298,2.074628560940405,-0.04419552210160459,2.066174805263885,0.04420811341449629,0.035905897849027736,0.00410619884421763,0.003413367198481766,0.0020334359739309815,0.00073804416747309,0.0015797556587339705,0.0001075833784009361,0.9963868083673351,0.0006439645453813984,0.008317275985900582,0.004497467503524339,0.008780621141904183,0.0037588848052281655,1.0287372849635081,0.5231320155439769,0.018694693773912866,0.008716591424433708,0.0013862126643167647,0.0007495779172540562,-0.4712428821868935,3.1252429249280658,8.120464219958906e-07,9.145855056146963e-05
550.0,0.096875,0.6086835766330224,0.0009648442683395597,2.075972323784573,-0.047343140270184804,2.0675492051452053,0.044207280152890424,0.03587599768980639,0.004100704385634137,0.0033747313501593886,0.002033298102574173,0.0007373999511214327,0.001579445388445883,0.00011047471135350446,0.9963872565089797,0.0006403746533689701,0.008392349509407603,0.004350963001603706,0.008678117721502928,0.003997864258958325,1.0213133656534858,0.5379803963565202,0.018733741187205014,0.008659113043388789,0.0013987249182345995,0.0007251605002672843,-0.6283224507336655,3.0971294082555585,7.989694378154933e-07,9.142631032697599e-05
550.0,0.103125,0.6479534848028948,-0.0020842996924151868,2.0770382561990517,-0.05039844476215297,2.068733612378265,0.044217931422841444,0.03583808044228336,0.0040962136468962965,0.003330627793228252,0.0020333932948127403,0.0007364575580530981,0.0015790927986765913,0.00011393262365514087,0.9963875139065109,0.0006357622250598606,0.008449921483651876,0.004236118372241942,0.008620969040659463,0.004124165928090924,1.0129818495352432,0.5543168907021432,0.018833190101503666,0.008465753031723403,0.0014083202472753137,0.0007060197287069903,-0.6283223573598008,3.09712728830151,7.79930449714863e-07,9.140335775417673e-05
550.0,0.109375,0.6872233929727672,-0.00484959626655253,2.0761400358295523,-0.05318515978111758,2.0680269479011653,0.044241705986710934,0.03582353647986047,0.004093857527854167,0.0032913965382249705,0.00203376110760167,0.000735831605706275,0.0015787464569700384,0.00011737038616485745,0.9963874924354282,0.000631328420620446,0.008453007255128063,0.004232463072792038,0.008623316404401535,0.00411960571402465,1.009919903068812,0.5608803231449154,0.018940989152178143,0.008244986405113027,0.001408834542521344,0.0007054105121320061,-0.6283222354394269,3.09712824606216,7.550711297619739e-07,9.139049022064507e-05
550.0,0.115625,0.7264933011426397,-0.007082384407016645,2.0724967728169035,-0.055455643004200486,2.0645836675117066,0.044278792699742955,0.03585794061070792,0.0040944658974409135,0.0032666290282118,0.002034414864270716,0.0007361300352981013,0.0015784508700140785,0.00012025502718409565,0.9963871342657153,0.000628310595439261,0.00840066414486285,0.004342505323446854,0.00868342246249574,0.0039870295002607655,1.0121200549690479,0.5580962825878817,0.01898923404457859,0.008153823573729216,0.0014001106908104754,0.0007237508872411425,-0.4712424532003775,3.1252409644498718,7.24576518635576e-07,9.138820262042688e-05
550.0,0.121875,0.7657632093125121,-0.008551658159617304,2.0667991491938755,-0.056976896756983066,2.0590156303431737,0.044326912096781516,0.03594378330336999,0.004098326500584152,0.003261984586166104,0.0020353179886765534,0.000737554554736785,0.0015782415232563393,0.00012215025869276232,0.996386440488067,0.0006274974580256729,0.008326734641835877,0.004492879505185811,0.0087860429114968,0.0037463345411383204,1.0195698484442688,0.5456925836110608,0.018955381373101193,0.008248098698498064,0.0013877891069726462,0.0007488132508643019,-0.15708301175441886,3.1570621095825,6.886733436479468e-07,9.139667158329259e-05
550.0,0.128125,0.8050331174823844,-0.009136978851160764,2.0608457331293675,-0.05762364888174064,2.0530716711572685,0.04438155230484177,0.03605820345092332,0.004105117725738102,0.0032776857482394203,0.0020363851358291786,0.0007397646003564053,0.0015781393010207,0.0001227548279148296,0.99638547556315,0.000628974426698789,0.008294862088050126,0.004562620861011009,0.008831946073321691,0.003626294037769622,1.0275170164892475,0.532012336680457,0.01887114364979698,0.008448109212839621,0.0013824770146750212,0.0007604368101685016,0.1570764549094461,3.157063179096754,6.476286518358842e-07,9.141574963268553e-05
550.0,0.134375,0.8443030256522569,-0.008870869453659563,2.0565080276859597,-0.05742221978804772,2.0486268001750254,0.04443733192887896,0.03616670364704557,0.004114018405509,0.003309340684025718,0.0020375077400851095,0.0007420876350441835,0.0015781453158496574,0.00012194773046672253,0.9963843469440651,0.0006322242303127693,0.008306385606207653,0.004552750257574602,0.00880230088063009,0.0036879416297058492,1.028810793408519,0.5310455015085648,0.01880373892554412,0.008597964664237045,0.0013843976010346085,0.000758791709595767,0.4712359452931659,3.125243550688614,6.01747930675507e-07,9.144496961714844e-05
550.0,0.140625,0.8835729338221293,-0.007908827620565332,2.0547196608298046,-0.05652239994479654,2.0466617485537166,0.044489652857483776,0.03624273437593142,0.0041239194667474985,0.003350212829530094,0.00203858812928026,0.000743914631860975,0.0015782386944016267,0.00011983110366604791,0.9963831731763186,0.0006364675739899103,0.008361867739409706,0.004460256168749196,0.008700206347481903,0.003915063307116296,1.023431335508152,0.54283400989911,0.01879725539554241,0.008605087765147686,0.0013936446232349507,0.0007433760281248657,0.6283158250400064,3.0971299525601976,5.513732009952043e-07,9.148355947183482e-05
550.0,0.146875,0.9228428419920017,-0.006452316376337525,2.055162187571564,-0.05512163612494193,2.046913491275668,0.04453568159383371,0.036279804645831866,0.004133638154770642,0.0033933352918818446,0.002039562056541008,0.0007450039963230481,0.001578379734768169,0.0001167494828664734,0.9963820582086909,0.0006409878841583759,0.008433002528863549,0.004333505198053504,0.008610953947461369,0.004100218098324134,1.0156676163448302,0.5585076289086779,0.01885410310715071,0.008466385832774082,0.0014055004214772583,0.0007222508663422507,0.6283160923090592,3.0971269835418354,4.96879848961995e-07,9.153046669444595e-05
550.0,0.153125,0.9621127501618743,-0.004677656190476694,2.0568130975575847,-0.05339395237348353,2.048389115299061,0.044574223062175775,0.0362889067243643,0.004142073120830826,0.003432467109234091,0.002040398917639843,0.0007455021986387834,0.0015785188253305213,0.00011326197673526038,0.9963810822570294,0.0006452476310324988,0.00845179920450695,0.004306028052759948,0.008582374212390654,0.00415149289613593,1.013015771636187,0.5642202672849835,0.018939414230211102,0.008256316491369311,0.0014086332007511584,0.0007176713421266579,0.6283163777895211,3.097127094422916,4.3867371308994936e-07,9.158439042712146e-05
550.0,0.159375,1.0013826583317464,-0.002713386202079615,2.058891105388733,-0.05146652942519255,2.0503030286859802,0.04460483958073681,0.03628447235393561,0.004148303642375858,0.003462053202784156,0.0020410850498058367,0.0007456957726708526,0.0015786087251312623,0.00011005095995619371,0.9963803062250628,0.0006487942301146957,0.008414518408401178,0.0043874400602926834,0.008612690598810903,0.004079315680097511,1.0155207396849246,0.5602693284903382,0.018987552835736644,0.008126726089404636,0.0014024197347335301,0.0007312400100487804,0.62831667935409,3.0971302846151203,3.77188559620297e-07,9.164382135196392e-05
550.0,0.165625,1.0406525665016189,-0.0006690061005607789,2.061465196484019,-0.049447741855333315,2.052707775671627,0.04462705760085007,0.03626990403404379,0.004151678153922521,0.0034770829431438424,0.0020416068039229326,0.0007456952248549434,0.0015786160006690923,0.00010777053826133807,0.9963797771954083,0.0006511154042398015,0.008345763658603875,0.004524693512693601,0.008699796927312379,0.003880447017832473,1.0231854230098418,0.5463664517050869,0.01895675120079602,0.008181919540623134,0.0013909606097673131,0.0007541155854489337,0.3141577293981701,3.1451667280139297,3.1288226932727707e-07,9.170708801227495e-05
550.0,0.171875,1.0799224746714913,0.0013217458051567265,2.065270821904094,-0.04747053456394834,2.0563428981457,0.044640354676901195,0.03623381172131009,0.004151925692203665,0.00347364073838734,0.0020419486177728104,0.0007452959055743735,0.001578527770617884,0.00010687378912403998,0.9963795236116093,0.0006516290905934777,0.008315369202318814,0.004585329805016807,0.008767367816528251,0.0037174698282065096,1.032421515088263,0.5286432740992864,0.018858762951281843,0.00839182180339924,0.0013858948670531358,0.0007642216341694674,-1.2090706498213422e-06,3.161017222127444,2.4623427974232947e-07,9.177240779331602e-05
550.0,0.178125,1.119192382841364,0.0030908361011685315,2.070874673169401,-0.04570338388182285,2.0618161859457436,0.044644949727714725,0.036160091037854586,0.004149270255276823,0.003450244731009703,0.002042108388245637,0.0007441288081678523,0.0015783522201460228,0.00010749183025144215,0.996379539391608,0.0006498771651078284,0.008327966681011439,0.004564528031611856,0.00875971290816873,0.003731883428483464,1.0352546305527164,0.5229400790251234,0.01875494564574187,0.008610257112913104,0.00138799444683524,0.0007607546719353092,-0.3141601384887981,3.145167791924393,1.7774135637444515e-07,9.183794003376307e-05
550.0,0.184375,1.1584622910112363,0.004480945598293468,2.0778268078239694,-0.04430625789316565,2.068740608487212,0.04464272622558536,0.03604460603331301,0.0041444772658739745,0.0034093229622539625,0.0020421176145053515,0.000741997664923066,0.0015781141622525595,0.00010942554220096614,0.9963797682232421,0.0006458269049113069,0.008384364935933319,0.004459490325704226,0.008678912899214087,0.003916549014198909,1.031411858654486,0.5303583944136264,0.018706485542433926,0.008705677677511715,0.0013973941559888862,0.0007432483876173708,-0.6283190613588232,3.097131106473022,1.0791373510952032e-07,9.1901841212017e-05
550.0,0.190625,1.1977321991811085,0.005423351261181197,2.0844765596508035,-0.04335282162967917,2.075511894672649,0.04463741450492224,0.035906118846033265,0.004138758385938144,0.0033578327008433858,0.0020420480321254038,0.0007391576324747556,0.0015778485512396568,0.0001122406640212431,0.996380103416635,0.0006400845383523853,0.008465822176351785,0.004300538973885835,0.008595883335054209,0.004097218585309529,1.0222675341745173,0.5477470070588731,0.018731066151855345,0.008644909804936249,0.0014109703627252974,0.0007167564956476392,-0.6283187148729183,3.097127254749673,3.727155469381069e-08,9.196231959881411e-05
550.0,0.196875,1.237002107350981,0.0059963339366431,2.088658462490533,-0.04277079324082504,2.0799597561945826,0.044633609803483965,0.03578260138476392,0.0041335173739843085,0.0033062446470644956,0.0020419942801957313,0.0007363214875331221,0.0015775944919879242,0.00011539639191037034,0.9963804112278165,0.0006338491094721152,0.008498534027655902,0.0042343953749217405,0.00857275638750405,0.004145755737476856,1.0167271662827084,0.557928996711937,0.018808815940652694,0.008468066318065189,0.001416422337942651,0.0007057325624869567,-0.6283183669732608,3.0971264808483387,-3.3658527356761174e-08,9.20176881008626e-05
550.0,0.203125,1.2762720155208536,0.0064179795200308976,2.0888291966886947,-0.04234702655265864,2.0804779942136253,0.04463500243457155,0.035713684026899575,0.004130003638118009,0.0032658304621714586,0.0020420383320905776,0.0007343552763357661,0.0015773905231489243,0.00011834692037547425,0.9963805711447605,0.0006285669042900577,0.008475836292549523,0.004280889560606333,0.008608264911040853,0.004069689924095106,1.0164027602214258,0.5585215599059263,0.018879368628461853,0.008304482049454191,0.0014126393820915871,0.0007134815934343886,-0.6283180202527177,3.097128790775482,-1.0434789250730345e-07,9.206641375665419e-05
550.0,0.209375,1.315541923690726,0.006966764954246257,2.084925200919425,-0.041805019111913574,2.076907965696552,0.0446427864800841,0.03571978960919549,0.004128997586075738,0.0032451890755977896,0.002042214707318171,0.0007338376015373321,0.001577270281280804,0.00012060522495762551,0.9963805150114011,0.0006254252715335817,0.008402259738654601,0.004427412808886638,0.008700161344919617,0.003864485649167301,1.0212972346845184,0.5495630480347853,0.018884025376351848,0.00828934410733925,0.0014003766231091004,0.0007379021348144397,-0.31415841193795196,3.14516506134915,-1.742694049171841e-07,9.210716237309497e-05
550.0,0.215625,1.3548118318605984,0.007869526440013763,2.078397846251814,-0.04091629000961074,2.0706170529539287,0.044655172598614006,0.0357917242176691,0.004130643851010401,0.003247669028822763,0.002042496446381016,0.0007347668251638471,0.0015772573937243711,0.00012178996067578702,0.9963802461598951,0.0006249489537154098,0.00835015781840623,0.004529397471917057,0.008787919070476612,0.003654028283177196,1.0305171569532416,0.5321031812107682,0.01882010349949929,0.008427573078645757,0.0013916929697343715,0.0007548995786528427,1.1900541771581175e-06,3.1610154059654714,-2.42901597689161e-07,9.213883684858936e-05
550.0,0.221875,1.3940817400304706,0.009217614960691812,2.071404269294582,-0.03958513599632506,2.0637253431678566,0.044668272819357424,0.0358977495297511,0.0041344781376594555,0.0032710212255203245,0.0020428095301582116,0.0007366119967977995,0.001577359783858863,0.00012167397858552717,0.996379830685983,0.0006269212631254843,0.008340994418740375,0.004550239227177054,0.0087992149141636,0.0036215824077129,1.0351532773702228,0.5231410800379922,0.018739772035317674,0.008595230468883185,0.0013901657364567299,0.0007583732045295091,0.3141607832152548,3.1451658661724315,-3.0973309642410163e-07,9.216060779340812e-05
550.0,0.228125,1.433351648200343,0.010953645472013279,2.065665897080734,-0.03786375088444595,2.057971707298943,0.044677792205959285,0.03600287882152263,0.004139604150499921,0.0033091879328959804,0.0020430661056906993,0.0007386632047612649,0.0015775654153381685,0.00012023449914889029,0.996379368478971,0.0006306397661060973,0.00837537543228189,0.00448926770062486,0.008735907414700367,0.003768945958027656,1.0331151341003486,0.5272870398444767,0.018704592823887742,0.008657185868363414,0.0013958959053803157,0.0007482112834374765,0.6283203650995361,3.0971291326611707,-3.7426530995068475e-07,9.217193752055138e-05
550.0,0.234375,1.4726215563702154,0.012925928772664014,2.061727799208845,-0.03589951083040392,2.0539487658560724,0.04468051662922379,0.036087018055874616,0.00414492297384413,0.003354787494670064,0.002043196249339207,0.0007404317974602127,0.0015778422831590967,0.00011768872610302421,0.9963789614675018,0.0006352948836307708,0.00845050610907164,0.004346686509387509,0.008627301074351824,0.00401068888149109,1.0243896398939871,0.5441171179946243,0.018736263877319588,0.008569755521145996,0.0014084176848452729,0.0007244477515645848,0.6283206679864705,3.0971246003216484,-4.3601681291824114e-07,9.217259613970085e-05
550.0,0.240625,1.511891464540088,0.014966539915546497,2.0590766071993007,-0.03385760657133629,2.0511827823280533,0.044674819565437056,0.03615043268094917,0.004149326921445618,0.003400792811995724,0.0020431610756707582,0.0007418361181720605,0.0015781442901633663,0.00011449162769510572,0.9963786946341656,0.0006402157191287988,0.008497733175690485,0.004253070829580921,0.008571628702172124,0.00412756189438842,1.0161398496469718,0.5591941830078224,0.01881898546739939,0.008365172511480038,0.0014162888626150798,0.0007088451382634866,0.6283209549775008,3.0971231655151663,-4.945273932893897e-07,9.216266831695626e-05
550.0,0.246875,1.5511613727099605,0.016939810336623274,2.056958517408576,-0.03187216149520998,2.0489281160898014,0.044660143813567366,0.03620446615628778,0.004151828018266026,0.003440954181705301,0.002042944265186523,0.0007430754148669911,0.0015784220133614629,0.00011127486726178697,0.9963786337214519,0.0006448754757706467,0.008489346364999113,0.0042686595045108005,0.00857585424405138,0.0041179955482575255,1.0130461850578594,0.5642497334026254,0.018898593441573998,0.008162482608776759,0.0014148910608331852,0.0007114432507517999,0.628321223932376,3.097124839184573,-5.493607519187894e-07,9.214254929617045e-05
550.0,0.253125,1.5904312808798327,0.0187359725221951,2.055240898678218,-0.03005180179306786,2.0470359906113305,0.0446361232738635,0.0362556034796084,0.004151651041399647,0.0034695990185509267,0.002042534303465571,0.0007443143774701632,0.0015786348440575842,0.00010871903423844697,0.9963788308524771,0.0006487488090297538,0.00842441353546981,0.004393604135091027,0.008638032971878564,0.003985396491105509,1.0151099363518097,0.559641252988426,0.018913867112867508,0.008109195885516996,0.0014040689225783022,0.0007322673558485043,0.4712418401650675,3.125238015850078,-6.001078500119056e-07,9.211293475694813e-05
550.0,0.259375,1.6297011890497053,0.02022879394594178,2.0546570813114777,-0.02852174212121463,2.0462295432294244,0.04460219824119341,0.03629530147573018,0.004148337825963099,0.0034817686381945333,0.0020419151769755775,0.0007454285042701309,0.0015787601847858713,0.0001073808526008241,0.9963793246382385,0.0006512163158185279,0.008348150457562974,0.004533077541515253,0.008734943611110189,0.003768963332631032,1.0223375480895718,0.5450500013972069,0.018849454955708504,0.008245354491775155,0.0013913584095938294,0.0007555129235858754,0.15708280181712536,3.157059316385674,-6.463898382060464e-07,9.207480153710553e-05
550.0,0.265625,1.6689710972195777,0.021244215731194706,2.056246771854221,-0.027455781715908685,2.047572554519623,0.04455812450455747,0.03630348358197676,0.0041418729425457676,0.0034741832021882996,0.00204107531788784,0.0007460098311464057,0.0015787968333913413,0.0001075373075543886,0.9963801278487207,0.0006516576747204897,0.008314118251785508,0.004588085181163053,0.008767925060568052,0.003696880999868077,1.028510398638875,0.5317896064627629,0.01874415015155658,0.008475171348136247,0.0013856863752975841,0.0007646808635271754,-0.15707626012522963,3.1570605011985267,-6.878615397517184e-07,9.202937942321338e-05
550.0,0.271875,1.70824100538945,0.02157889894644714,2.0604103835092484,-0.027058905700316195,2.0515258760014934,0.04450502256017042,0.03626329310718983,0.004132782086592925,0.0034467283175107387,0.002040029241608898,0.0007456357674834868,0.0015787624675890652,0.00010912255262402219,0.9963812082908021,0.0006497171397432817,0.008323105773769502,0.004561235878297624,0.008726734994516231,0.0038031457770354568,1.0280087257872954,0.531215735155267,0.01866861023303344,0.008638434536775838,0.00138718429562825,0.0007602059797162705,-0.4712353471793188,3.1252409357536717,-7.242136439466741e-07,9.19781148854014e-05
550.0,0.278125,1.7475109135593225,0.021069118641513198,2.06630843716435,-0.027499120236713692,2.057317685904156,0.04444611549144527,0.03617626822870693,0.004122123386781558,0.0034035839965451953,0.002038834914033213,0.0007442066465133075,0.0015786875379367985,0.00011178376183820539,0.9963824775480299,0.0006455814152842094,0.00837598004825324,0.0044496513197418465,0.008631981474596848,0.004026829274128627,1.020850724302031,0.5434229196376366,0.018662888067379868,0.008654027466597006,0.001395996674708874,0.0007416085532903077,-0.6283148279986761,3.0971277635709966,-7.551744072563192e-07,9.19226293155967e-05
550.0,0.284375,1.7867808217291947,0.019669614148815275,2.072108607602007,-0.02882814153296214,2.063149730596847,0.044386435927811684,0.03606651506999787,0.00411131975396568,0.0033530724176133436,0.0020375909436807253,0.000742103032733225,0.001578608522080214,0.00011500502545000234,0.9963838005342389,0.0006400736820566451,0.008435436778693146,0.004320597789007903,0.008582970488893596,0.004143416886745685,1.0127553567470005,0.5570696494624992,0.018725640955895288,0.008526270740302436,0.001405906129782191,0.000720099631501317,-0.6283147037180612,3.097125645612041,-7.805124997186701e-07,9.186467266759726e-05
550.0,0.290625,1.8260507298990674,0.017488810296526998,2.0759641427604545,-0.030944511458996026,2.0671526358209835,0.044331465495533726,0.03596972609624792,0.004101856259989313,0.003305799328129233,0.0020364108067345457,0.0007400313982450485,0.0015785622843364467,0.00011822505230521838,0.9963850269089288,0.0006344544979765108,0.008440075409156297,0.00429781661303444,0.008593680763468725,0.004133195952574191,1.0099026925369565,0.5610264187064818,0.018816467762643563,0.008338927322497474,0.0014066792348593842,0.0007163027688390735,-0.6283146079450631,3.097126617609057,-8.00038715869578e-07,9.180607214810147e-05
550.0,0.296875,1.8653206380689396,0.014751888160408877,2.07707451459504,-0.03362848259564032,2.0684576041517646,0.044285427651595405,0.035913278331020364,0.004094943104453784,0.0032715478931599744,0.002035387383349689,0.0007386364407824506,0.0015785813818207516,0.00012091512810525118,0.9963860312348295,0.0006299854194889035,0.00838915081024626,0.004385662579983452,0.008662355343219151,0.003997492666250422,1.012310879107572,0.5556406278810408,0.018866446208290723,0.008246449791471698,0.0013981918017077102,0.0007309437633305752,-0.5497747250542543,3.1122204304879286,-8.136074263883954e-07,9.17486783815958e-05
550.0,0.303125,1.904590546238812,0.011710030291765322,2.0761161093008718,-0.03663148736084185,2.067665559004491,0.04425024676726082,0.03590053173236097,0.004091270885346131,0.0032562721431518963,0.0020345687089858575,0.0007381292499472221,0.001578689119202623,0.00012262921839944344,0.9963867421718113,0.0006274707561369743,0.008316852178061142,0.004513263130883823,0.008773625449678914,0.003755153209828704,1.0199931064449732,0.5405638239795035,0.018842577959197384,0.008326604087817345,0.0013861420296768557,0.0007522105218139702,-0.2356154228635874,3.1521105967389786,-8.211172083724057e-07,9.169430912886143e-05
550.0,0.309375,1.9438604544086846,0.008550530094575548,2.0747414367631225,-0.03976620091787863,2.066388535513765,0.044225789908776916,0.03591044814071207,0.004090941103677315,0.0032607437133135827,0.002033959338363625,0.0007381890774436231,0.0015788938055066727,0.0001230501811105411,0.9963871468561296,0.0006270355317010677,0.008286947619724365,0.004561076564218437,0.008828252841707029,0.003633228700809368,1.028201046050527,0.5242211181459433,0.018771976625068708,0.008512058646585925,0.0013811579366207274,0.0007601794273697392,0.07854384932975007,3.1600290666671325,-8.22511378602219e-07,9.164469551427092e-05
550.0,0.315625,1.9831303625785568,0.005362723601998775,2.0744497599093576,-0.04294202132036824,2.066139831890042,0.044211177836965654,0.03591321673543177,0.004093567085401403,0.0032814598825914535,0.002033545179362676,0.0007382148788038268,0.00157918349809348,0.00012204222879559092,0.996387271322544,0.0006282571204077746,0.0083009424897614,0.004529584924635641,0.008807492230397203,0.003692028461878435,1.029828171937869,0.5209052508865932,0.018720419992279948,0.008651649917383488,0.0013834904149602324,0.000754930820772607,0.39270309147293353,3.136217382112697,-8.177791436812067e-07,9.160142955857725e-05
550.0,0.321875,2.0224002707484297,0.0021778656579903967,2.075564052154151,-0.04612684646377535,2.067294607924559,0.04420624904930558,0.035891376352112536,0.00409846307246024,0.0033129208796988364,0.0020333242233488025,0.0007377583486508038,0.0015795240390065323,0.00011970085877943244,0.9963871517376447,0.000630528968360351,0.00835959626641242,0.004415206363271191,0.008714437375126054,0.003915239088129244,1.0248742674943514,0.5309142231012006,0.01873134954460013,0.008653225744984656,0.0013932660444020708,0.0007358677272118653,0.6283224873955149,3.0971304211079933,-8.069549877335362e-07,9.156591540404119e-05
550.0,0.328125,2.061670178918302,-0.000948338147987432,2.077006495920252,-0.04926532257937614,2.0688237349726597,0.04421216606793957,0.03585235449704194,0.0041048183634492435,0.0033496498067481987,0.0020333218102877204,0.0007368483135803543,0.001579863000801631,0.00011637928965859976,0.9963868151889104,0.0006333907140936994,0.008434636136478015,0.004266678762930239,0.008634359778859966,0.004094815065927358,1.0154472056082453,0.5494462415755366,0.01880675556682068,0.00851195292447703,0.0014057726894130022,0.0007111131271550401,0.6283224048105766,3.0971271446511905,-7.901189087128921e-07,9.153932638970181e-05
550.0,0.334375,2.100940087088174,-0.0038704760068865697,2.077027841665925,-0.052213009094461874,2.06898501235005,0.044230736258023505,0.03582423675886273,0.004111796829551937,0.0033869129762439114,0.0020335795930098493,0.0007359938537281364,0.0015801399978757648,0.00011266661828831526,0.9963862804091145,0.0006366183639429865,0.008458272478212441,0.004220368114051245,0.008614770624583533,0.004137840006231963,1.0104365980763275,0.5595319283301607,0.018911344522686856,0.008299591793062859,0.001409712079702073,0.0007033946856752075,0.6283222933519894,3.0971269468699103,-7.673961728198516e-07,9.152256966133924e-05
550.0,0.340625,2.1402099952580467,-0.006353872983428255,2.0743926156871133,-0.0547353378332467,2.066499532848549,0.04426288984433344,0.035837497229646534,0.0041185750054848124,0.0034203091018249407,0.002034125165601644,0.0007358638596697517,0.001580300806771515,0.00010929680840301873,0.9963855740276271,0.0006400644996145897,0.008426849481312119,0.004288147866607106,0.008653740239621182,0.004053214471158796,1.0106910517378949,0.5601995623940131,0.018979025536402596,0.008164768208559334,0.00140447491355202,0.0007146913111011846,0.6283221538482863,3.09712982947787,-7.389556505808348e-07,9.151625733500772e-05
550.0,0.346875,2.179479903427919,-0.008145266622243224,2.0692351652114485,-0.056576978240384546,2.061432943605851,0.04430733028833232,0.035904702772015906,0.004124381329808755,0.0034452237904153147,0.00203494242672374,0.0007368524417992652,0.0015803106717433555,0.00010698512281536498,0.9963847469015326,0.0006434211170930739,0.008350018140462875,0.0044452922365985845,0.00874891899850572,0.0038359230195224242,1.0161995678441373,0.5514339699102777,0.01896761076475351,0.008209461191377755,0.0013916696900771464,0.0007408820394330973,0.31416272197761297,3.1451665071184496,-7.050087371892128e-07,9.152068718267764e-05
550.0,0.353125,2.2187498115977915,-0.009071628575188156,2.0630466123463655,-0.05756048371284145,2.055224513495104,0.044360264553148065,0.03601177812723312,0.004128590584505046,0.0034570983623961244,0.0020359623961021135,0.0007388199581262255,0.0015801623353983915,0.0001062293771360048,0.9963838752684989,0.0006461250774176413,0.008301759222922128,0.004545725832656555,0.00882355668687044,0.003650604192355731,1.0253093656227088,0.5356929315226763,0.018888405281193472,0.00840314690987774,0.0013836265371536878,0.000757620972109426,3.264337993158506e-06,3.1610171816152963,-6.658079936539353e-07,9.153583350530474e-05
550.0,0.359375,2.2580197197676637,-0.009106991745186711,2.0578245591295126,-0.057654274249794746,2.049868755602505,0.04441641349617818,0.03612638917110093,0.0041308690084299335,0.0034527175108224344,0.0020370807920049765,0.0007411792361086809,0.0015798766512305448,0.00010716183432054777,0.9963830425567639,0.000647511666336286,0.008296697255085727,0.004566251826163785,0.008822047643466474,0.003644047717833459,1.0291024086694873,0.5298969770757391,0.018802276607002007,0.008600030446392242,0.0013827828758476207,0.0007610419710272976,-0.3141562176367376,3.1451678825589955,-6.216456952341586e-07,9.156134774527257e-05
550.0,0.365625,2.297289627937536,-0.008369230381688453,2.0549583430330163,-0.05697121371926629,2.046801495624873,0.044470681876943224,0.0362169302728096,0.004131301460634595,0.003431873811956649,0.0020381914595861733,0.0007432517180122037,0.00157949672509167,0.00010953367785550453,0.9963823118153228,0.0006471340050270677,0.008335375942054284,0.004505961505916051,0.008746394315773284,0.0038135243944750056,1.0262289639543976,0.5369722462008003,0.018769858811071367,0.008668571364079869,0.001389229323675714,0.0007509935843193419,-0.6283157223336928,3.0971312824708925,-5.728506240835825e-07,9.159656978129389e-05
550.0,0.371875,2.3365595361074085,-0.007055045039099546,2.0545950265053445,-0.0557049458656404,2.046235124909865,0.04451948878660852,0.03626878221154301,0.0041304120399322615,0.0033983681195338014,0.0020392154061227435,0.0007446367479814386,0.0015790786325156213,0.00011282895983759628,0.9963817059613614,0.0006450429059718866,0.008411696185021899,0.0043713109037075,0.008638264212301773,0.004045309572270317,1.0180437767419892,0.5537309030890898,0.018808375108851465,0.008575614272052877,0.0014019493641703159,0.0007285518172845834,-0.6283159826127616,3.0971271567489995,-5.197858678138851e-07,9.164054816923117e-05
550.0,0.378125,2.375829444277281,-0.005359759848348494,2.0558842169180314,-0.05404985751894571,2.047363543294482,0.044561064679623605,0.036287457971897245,0.004129032990973761,0.003359532751102069,0.0020401098129468618,0.0007453492694043443,0.0015786818687763301,0.00011642229520724308,0.9963812083182771,0.0006418389813794696,0.008451289905554604,0.004303605112210849,0.008586955077888921,0.004145156287717037,1.0134284682285783,0.5631888721476385,0.018897545968835375,0.008362728849382717,0.0014085483175924336,0.0007172675187018083,-0.6283162618948751,3.097126109565176,-4.628465113332438e-07,9.169206960718893e-05
550.0,0.384375,2.415099352447154,-0.003432973999591496,2.0578554250320775,-0.05215580799609014,2.0492194764432825,0.04459477596314523,0.03628788061728216,0.004128058033353258,0.0033241793975251534,0.0020408562751559793,0.0007456576117971959,0.001578361173974405,0.00011970158040570932,0.9963807825508695,0.0006384431832873311,0.008435156112066095,0.004344326938641417,0.008595101095896248,0.004119578354865155,1.0139705933158045,0.5629129542314576,0.018976408679021558,0.008164801077511165,0.001405859352011016,0.0007240544897735697,-0.6283165580993539,3.0971281489652593,-4.024567258424631e-07,9.174969620357605e-05
550.0,0.390625,2.454369260617026,-0.0013898173666317154,2.0602316266630605,-0.05013819979895619,2.0515007017606885,0.044620200153143844,0.0362786033247141,0.004128182279180595,0.003299769962771978,0.002041441927216483,0.0007457634110283293,0.0015781596291848763,0.00012213932495434086,0.996380398443599,0.0006357037978228289,0.008367804571173715,0.004481218023413391,0.008660927589948703,0.003969955243727408,1.0196715150873392,0.552871098023207,0.01898465511775694,0.00812830925804958,0.0013946340951956188,0.0007468696705688982,-0.3926974199979262,3.136214871201138,-3.3906685996182695e-07,9.181180993116194e-05
550.0,0.396875,2.493639168786898,0.0006460811878586714,2.0635614457257283,-0.04812043384722916,2.0547357199911516,0.04463677742566417,0.0362531321524808,0.0041297376094236605,0.003290197338448065,0.0020418508424227223,0.0007455733616524419,0.0015781023301537998,0.00012333716048669943,0.9963800468274234,0.0006340682108822299,0.008321712279389503,0.004572338938326358,0.008751017988894699,0.0037581668419470657,1.0296372739018473,0.5340896820542185,0.01891424043962539,0.008275295484363676,0.0013869520465649167,0.0007620564897210597,-0.07853847795336533,3.160028033644146,-2.731492245497711e-07,9.187666121611712e-05
550.0,0.403125,2.532909076956771,0.0025159452790875668,2.0685747528085203,-0.04626107672667534,2.0596671078161277,0.04464434657039745,0.03619517453492821,0.004132675435365473,0.003295297907158642,0.002042073696613006,0.0007447426394514318,0.0015781908859268691,0.00012306808192255332,0.9963797354174604,0.0006335119596892284,0.008318324571573771,0.004581667787145399,0.008771399184180007,0.003705141562161551,1.0349780354094031,0.5235427484709192,0.01880964215810883,0.008496789899721592,0.0013863874285956284,0.0007636112978575663,0.23562045410361926,3.15211144882297,-2.0519496200600374e-07,9.194242192234482e-05
550.0,0.409375,2.572178985126643,0.0040506276751399615,2.0752527301863415,-0.04473015982592256,2.0663214328225683,0.04464412097718949,0.036094216429801027,0.00413666652387301,0.003312087927949451,0.002042128185038804,0.000742967089022883,0.0015784005523431254,0.00012132158965442751,0.9963794712626186,0.0006337399221575199,0.008358427883720071,0.00450843227953628,0.008717714408079735,0.003828764435543831,1.0336386435445089,0.5260377272514288,0.018738413509272862,0.00864068253811291,0.0013930713139533454,0.0007514053799227133,0.5497793786552945,3.11222231889658,-1.3571015504803227e-07,9.200724023375688e-05
550.0,0.415625,2.6114488932965156,0.00514122711398401,2.082340484640368,-0.04363923645550922,2.0734923096898217,0.0446392294586694,0.03596002240081096,0.0041412341108238515,0.003336591786717085,0.0020420725239255312,0.0007403147144950486,0.00157868248850881,0.00011833871520631574,0.9963792449875657,0.0006344841396396235,0.008439393763073292,0.00435296543075538,0.008619175038400416,0.004047456353612724,1.0256318015182597,0.5414196912843718,0.018734044512356416,0.008639720066144677,0.0014065656271788824,0.0007254942384592299,0.6283188492235766,3.0971277625014135,-6.521290176813073e-08,9.206929601138847e-05
550.0,0.421875,2.650718801466388,0.005811019440345039,2.0877281103785315,-0.04296898894382671,2.0790835566462706,0.04463416421254833,0.03582492879294642,0.004145844171623267,0.00336497463272429,0.0020419972074785368,0.0007373500827074954,0.0015789724648123914,0.00011461420965616348,0.9963790303277088,0.0006356703382122126,0.008492683689893869,0.004246246498488612,0.00857354172942918,0.004144210075852866,1.018164601085778,0.5552986013268888,0.018790328858639436,0.008508052340096097,0.0014154472816489774,0.000707707749748102,0.6283185010643664,3.097125829084009,5.771500999463523e-09,9.212685406006498e-05
550.0,0.428125,2.68998870963626,0.006235622528187634,2.0895003164460415,-0.042547518680903826,2.0811400049054303,0.044633206878779697,0.03573069068196841,0.004149934330311822,0.0033935339128261964,0.002041994393144881,0.0007349363290707851,0.0015792047210350703,0.00011084160624422896,0.9963788008858196,0.0006373433675509946,0.008490878823060969,0.004250087751303841,0.008587537488597629,0.004114243293609831,1.0159102058448914,0.5593933457267181,0.01886293081423013,0.008339279799391145,0.0014151464705101616,0.0007083479585506401,0.6283181531123845,3.0971269842497122,7.671396181095351e-08,9.217831565123072e-05
550.0,0.434375,2.7292586178061327,0.00668750858200351,2.086983524756658,-0.04210405419251444,2.078908267399425,0.0446386378293933,0.035707178550687654,0.0041529249451247065,0.0034181376780071772,0.0020421200528331312,0.0007338137162888038,0.0015793270780134823,0.00010778519038551147,0.9963785528691534,0.0006394335418755537,0.008433131419380142,0.004366502637310204,0.008658858507511405,0.00395832027254107,1.0188738276554445,0.5540097801177754,0.018887239722307447,0.00827932661887083,0.0014055219032300236,0.0007277504395517008,0.47123817528305467,3.1252394300663524,1.4708539305990134e-07,9.222226505853068e-05
550.0,0.440625,2.7685285259760053,0.007428657121357057,2.0811238873481024,-0.04137537292558006,2.073252848100975,0.04464975470268294,0.03575661350678504,0.00415427534425427,0.003434118807617655,0.0020423702673055214,0.0007342179365095031,0.0015793124832564319,0.0001060907745844795,0.9963783172494385,0.0006415717380839455,0.008364830083694732,0.004500462246696768,0.008763889430444398,0.0037136088148742126,1.0270537754016211,0.5387317791786083,0.018837866710846453,0.008386681925448298,0.0013941383472824548,0.0007500770411161281,0.1570785701503949,3.1570597720716065,2.1636095935333524e-07,9.225750972094818e-05
550.0,0.446875,2.807798434145878,0.008608758840537556,2.0739590057000608,-0.04020811777779746,2.0661677220436587,0.044663266556753206,0.035853985254478166,0.004153610061581816,0.0034372139837872124,0.002042685168194385,0.0007357917144747102,0.0015791635707580244,0.00010609754995384914,0.9963781512610475,0.0006431294207872758,0.008339246388553748,0.004551990212118988,0.008803744145163682,0.00361231846652343,1.034191005247949,0.5249845937396881,0.01874882311817936,0.008577517498009488,0.0013898743980922915,0.0007586650353531647,-0.15708102707197452,3.1570599534157706,2.84023950580563e-07,9.228311479490634e-05
550.0,0.453125,2.84706834231575,0.010222800150198155,2.0675150454184257,-0.03860286595511821,2.059690941471587,0.04467479385130284,0.035963065487651436,0.004150872254013373,0.0034252709507117795,0.0020429772189734133,0.0007378433939495396,0.0015789097519364828,0.00010774677650568291,0.9963781130290901,0.0006434930065103822,0.00835697694352384,0.004522636821729742,0.008768140602193083,0.0036941256984759302,1.034659017825629,0.524206301233366,0.01868870736135796,0.008697223090274668,0.0013928294905873062,0.0007537728036216239,-0.47124061391175703,3.1252393303881663,3.495702578502198e-07,9.229843026883954e-05
550.0,0.459375,2.8863382504856223,0.012143540963776619,2.062833089181527,-0.03668343117075287,2.0549149187133513,0.044680556700331116,0.03605665142937106,0.004146415434198483,0.0033997815862686653,0.002043166133510553,0.0007397632040448582,0.0015785991276845227,0.00011063704249842133,0.9963782347388049,0.0006424081372982742,0.008418642583084817,0.004408167419085073,0.00866452561714298,0.003929855214235099,1.028443866218662,0.5364044483365871,0.018696401785879512,0.008665599888203084,0.0014031070971808023,0.0007346945698475123,-0.6283205552922453,3.0971253562050185,4.125110752432387e-07,9.23031092839123e-05
550.0,0.465625,2.925608158655495,0.01419767828748399,2.059743690479939,-0.03462158662959118,2.0517225739565355,0.044678307121251745,0.036127642309591784,0.00414095779582334,0.0033662281960011708,0.0020432004000116378,0.000741312790214547,0.001578288631356509,0.00011417457419955881,0.9963785109686321,0.000640173030427311,0.008486501501812658,0.004275741506690191,0.008586354131284429,0.004097127867636973,1.0186678662341722,0.5546968358873446,0.018769804821642637,0.008486663767024097,0.0014144169169687762,0.0007126235844483653,-0.6283208489109853,3.0971227531596455,4.723769147572029e-07,9.229711754518898e-05
550.0,0.471875,2.964878066825367,0.016231164310087108,2.0574775353804706,-0.03257138353528168,2.0493648933916617,0.044667155657863715,0.03618484008411777,0.00413539218750499,0.003332751581497246,0.0020430563392922598,0.0007426134294694364,0.0015780349550017212,0.00011772251952187377,0.9963789087057062,0.0006375472263901404,0.008499089830696542,0.004249799325880838,0.008568090774406937,0.004134366221194131,1.0136114263176144,0.5634879596370733,0.018867836669924705,0.008245903021746742,0.0014165149717827565,0.0007082998876468062,-0.6283211252567952,3.0971232615941533,5.28721077769019e-07,9.228073484489814e-05
550.0,0.478125,3.00414797499524,0.018124324148411537,2.055598672885937,-0.030652931487529334,2.04738958043205,0.04464672968561306,0.036238129084668405,0.004130525950327896,0.0033075220427721498,0.002042721903540309,0.0007438764778656541,0.001577886959549644,0.00012069827089146185,0.9963793911369103,0.0006354120361878053,0.008455474756111598,0.004334401466272337,0.008608500666407688,0.004048890862039508,1.0137118881353535,0.5625564943256791,0.018920519809151628,0.00810515412206531,0.001409245792685266,0.0007224002443787227,-0.549781565926929,3.112216828461816,5.811228959192584e-07,9.225454724761185e-05
550.0,0.484375,3.043417883165112,0.019759082191191192,2.0545352464968314,-0.028984307272779935,2.046196960799949,0.04461652450215509,0.03628481950372172,0.004126864961815949,0.0032960164584531185,0.0020421824764607164,0.0007450965851926354,0.0015778789628854283,0.00012262799411449164,0.996379938560654,0.0006343756860683762,0.008371659880445607,0.004491423293161866,0.008703202045191684,0.003840972773832096,1.0189740552156648,0.5518398982024505,0.01889173361312307,0.00815676855015498,0.0013952766467409355,0.0007485705488603107,-0.23562253632523927,3.152107389892646,6.291915399025029e-07,9.221943055978821e-05
550.0,0.490625,3.082687791334984,0.02097825360540915,2.055304036431905,-0.02772235409376746,2.0467989037787073,0.044576078891473206,0.036307729868530494,0.00412452880770337,0.0032996002833054834,0.0020414228093730367,0.0007459479822180141,0.0015780245099590805,0.00012318751880802727,0.996380552680668,0.0006345586948836106,0.008321931489544297,0.004577044104503314,0.008764459862933038,0.003702457779244547,1.026980753696829,0.5353166689384508,0.018800720584803213,0.008354005750761284,0.001386988581590716,0.0007628406840838857,0.07853651628830347,3.1600263433354057,6.72568274037298e-07,9.217652497839296e-05
550.0,0.496875,3.121957699504857,0.021583225838481768,2.058632354537647,-0.02706598627669603,2.0499571823554055,0.04452590425986687,0.036286688962379535,0.004123307855311014,0.003316024964983009,0.0020404454616610996,0.0007459695424183688,0.0015783116565596205,0.00012224570969434693,0.9963812428817794,0.0006356741741232423,0.008314916592002985,0.004580487362798247,0.008750829321748602,0.0037429218324356787,1.0289813030088781,0.5299049377282448,0.018711002065918476,0.008547332462620693,0.0013858194320004974,0.0007634145604663744,0.3926955935009494,3.1362152373099286,7.10929438516117e-07,9.212720156703798e-05
550.0,0.503125,3.1612276076747294,0.02138690914809634,2.064148084004192,-0.027204330871324078,2.0553578435993485,0.044468441004696185,0.036215068456254544,0.004122799014724144,0.003341166454790637,0.0020392919100343768,0.0007449072211424541,0.0015787021015473666,0.00011990572980717395,0.9963820059884183,0.0006373093448859183,0.008351457788190356,0.004500892453408888,0.008665345845973577,0.003949247218896051,1.0243187817969726,0.5373693415839108,0.018677584997190626,0.008619186210086824,0.001391909631365059,0.0007501487422348149,0.6283148803778786,3.0971287766581446,7.439885530681629e-07,9.207302389583216e-05
550.0,0.509375,3.200497515844602,0.020295011388372707,2.0702892160067337,-0.02823571547209367,2.0614832054086762,0.0444081942979904,0.03610909003369083,0.004122532562476096,0.0033706367096331224,0.002038048382303713,0.0007429639058640064,0.0015791363128592965,0.00011652552903460216,0.996382815304837,0.0006391822426913698,0.008419487601501723,0.004357126685856977,0.008593312505210338,0.004117046436082548,1.0151336291904873,0.5531973041662137,0.018712896406769396,0.008546989892792255,0.001403247933583621,0.0007261877809761627,0.6283147454492692,3.097125497587065,7.714989547620798e-07,9.201570281992508e-05
550.0,0.515625,3.2397674240144743,0.018362539985376514,2.0750661439961133,-0.030110216588715506,2.066342422562368,0.04435071764545172,0.03600234065576588,0.004122038928640297,0.003400336142832422,0.0020368277590518667,0.0007407644704208014,0.0015795447776039133,0.00011269392278297068,0.9963836274633445,0.0006411910809349334,0.008444779197649377,0.004293371950989361,0.00858194626328809,0.00415323467270378,1.010339559616462,0.5606556838226442,0.01879244008538047,0.008381916115750447,0.00140746319960823,0.0007155619918315599,0.6283146387419904,3.0971253094670472,7.932551804443416e-07,9.195704486531646e-05
550.0,0.521875,3.2790373321843465,0.01578372729282914,2.077185194353499,-0.03263805429386135,2.06859252225203,0.04430091125548216,0.03592787447754821,0.004120870331208374,0.0034260749103127023,0.002035735248786901,0.0007390326335908236,0.0015798626913629654,0.00010914209032559204,0.9963844020598505,0.0006432473098485404,0.008414801378460481,0.004339839869326273,0.008629409579880681,0.0040646898524793204,1.0107996636384873,0.5587279192791588,0.01885554620261672,0.00825735730992193,0.00140246689641008,0.0007233066448877123,0.6283145610553575,3.0971282139432383,8.090942492301665e-07,9.189890033196487e-05
550.0,0.528125,3.3183072403542186,0.012815649438363918,2.0767812421216485,-0.035564605638170786,2.0683002045901215,0.044261618661354626,0.03589926518618453,0.004118636415180078,0.003443173469523188,0.0020348374596900003,0.0007381780137966724,0.0015800435120963238,0.00010658693899172019,0.9963851190282135,0.0006450547258478602,0.008339502121781295,0.004474061603983267,0.00873328146694577,0.003845243737720822,1.0165286767183976,0.5473254753216841,0.018851326616962934,0.00829163370345999,0.0013899170202968823,0.0007456769339972112,0.39269506395100173,3.1362151826183213,8.188977282006955e-07,9.184310932667863e-05
550.0,0.534375,3.3575771485240917,0.009679983894043958,2.075262911187604,-0.03866847958536673,2.0668295174316897,0.044233362018347114,0.03590367690577655,0.004115101461063599,0.003446929255390215,0.0020341533387199058,0.0007380721307303834,0.0015800670935816347,0.00010554078768717843,0.9963857795676981,0.0006460446149193501,0.00829307716293362,0.004552296105279838,0.008816573920616256,0.0036583538237907865,1.025888564026022,0.5288784405504909,0.01878435439985707,0.008470572135126725,0.0013821795271556038,0.0007587160175466396,0.07853578046794736,3.1600282316627255,8.225923201968038e-07,9.179144524703494e-05
550.0,0.540625,3.396847056693964,0.006502816777295128,2.074346692358934,-0.04182284618376757,2.0659044950045033,0.04421533222499103,0.03591218303529411,0.004110330736071758,0.0034341221926771806,0.002033671600084947,0.0007381752816312496,0.0015799404985434602,0.00010616734910409351,0.9963863879013717,0.0006455662650772074,0.0082902742448707,0.004551151489264157,0.008823894999106654,0.0036493247906819464,1.0299853618044756,0.5205823046549921,0.01871318921539715,0.008655645885013594,0.0013817123741451166,0.0007585252482106926,-0.2356234729170965,3.1521113496674737,8.201501163582959e-07,9.174556065388418e-05
550.0,0.546875,3.436116964863836,0.00332774493301109,2.074895383652878,-0.04498399380294089,2.066442260574734,0.04420692928727576,0.03590049488115469,0.004104809448676105,0.0034048934181478813,0.0020333819483927505,0.0007379327156832596,0.0015796926897022074,0.00010826228479753568,0.9963869253619047,0.0006432458667128562,0.008331841292067137,0.00446915500843424,0.008757196206091198,0.003815356751179668,1.0275010412637213,0.5256403884168562,0.018697542538110755,0.008717287161181433,0.0013886402153445233,0.0007448591680723732,-0.5497826962902079,3.1122217192161674,8.115886919161282e-07,9.17069372830109e-05
550.0,0.553125,3.4753868730337083,0.0001888328124009353,2.0763352505437824,-0.04811939680142755,2.067932759022596,0.044208790119089264,0.03586617193382904,0.004099439494739303,0.0033639099397314467,0.002033298384269713,0.0007371728673838761,0.0015793663330725585,0.00011135817957477287,0.996387335282658,0.0006392999579899259,0.008411770652446984,0.004312437729562416,0.008658230697219604,0.004042270467025254,1.0187403905214392,0.5430240624483409,0.01875412900183279,0.008621245282605881,0.0014019617754078306,0.0007187396215937359,-0.6283224409435348,3.0971274338946944,7.969715667820531e-07,9.167684170539562e-05
550.0,0.559375,3.514656781203581,-0.0028099838867075622,2.0770509994406363,-0.05112794386685029,2.0687889536430766,0.044222593339805515,0.03583099621326748,0.004095366640337073,0.0033199076436253947,0.0020334583691368167,0.0007362443112152551,0.0015790099071037755,0.00011487340886271857,0.9963875317237594,0.000634598539864331,0.008455829348180606,0.004224502341209781,0.008616032553490095,0.004134963975301695,1.011724210102618,0.5568416264312807,0.018862243549639952,0.008406746662613823,0.0014093048913634356,0.0007040837235349635,-0.6283223400888375,3.097126077805107,7.764073041016763e-07,9.165628635693219e-05
550.0,0.565625,3.5539266893734536,-0.0054667047204383975,2.0754862552201723,-0.05381014303979661,2.0674253084247267,0.044249759641450656,0.03582696681322773,0.004093678677907358,0.0032833914760500597,0.00203389799471157,0.0007358024376825106,0.001578671561932156,0.000118227766406963,0.9963874304433563,0.0006304018382300168,0.008445173855391116,0.004249432692258988,0.008632994504848264,0.004098669155340734,1.0099762284116722,0.5610604421151442,0.01896048191038853,0.00820547920795742,0.0014075289758985195,0.0007082387820431643,-0.6283222108148692,3.0971278085141654,7.50048663038185e-07,9.16459970754225e-05
550.0,0.571875,3.593196597543326,-0.007527604971987794,2.07120925552146,-0.0559126086448305,2.0633377440067546,0.04428991462119358,0.035875066545857405,0.004095089051649089,0.0032632492289459978,0.0020346195472981934,0.0007363846614652775,0.0015783941599359739,0.00012090769688829567,0.9963869862927659,0.0006278777545839267,0.008378842400595424,0.004386908126863206,0.008707135116141091,0.0039331332686525396,1.013487728907848,0.5559285585140201,0.01898813935044387,0.008160886366258531,0.00139647373343257,0.000731151354477201,-0.39270260506431703,3.1362146341808934,7.180918173901845e-07,9.164639087843816e-05
550.0,0.578125,3.6324665057131984,-0.008781743493113,2.0652563342644283,-0.05722162346937506,2.0574872911376527,0.044340146658324156,0.03597096437317533,0.0040997333179379255,0.0032638474507468295,0.002035573073197577,0.0007380560020318496,0.0015782101524887033,0.00012250593818784812,0.9963862167743136,0.0006276514058168052,0.008314749227688432,0.004517774429481659,0.008804660433945427,0.003699799095699904,1.022175008434067,0.5411318203805955,0.018936725043202384,0.008293852738134634,0.0013857915379480723,0.00075296240491361,-0.07854315668148315,3.1600279892933547,6.807743108000548e-07,9.165756358204951e-05
550.0,0.584375,3.6717364138830706,-0.009145708940279811,2.059553860220389,-0.05764842835520075,2.051762811156791,0.04439557018520723,0.03608714762128783,0.004107149229713896,0.003284103051734317,0.002036664351661958,0.0007403617839862034,0.001578135916774632,0.0001227614109484653,0.9963851997315633,0.00062963616790702,0.008293654974644049,0.004567633259347195,0.008831546826975161,0.0036246922716671225,1.0284637668797962,0.5305596869061431,0.018850247077989775,0.008495653851073953,0.001382275829107342,0.0007612722098911994,0.23561631663118598,3.152111546878437,6.38374035186612e-07,9.167928728767533e-05
550.0,0.590625,3.711006322052943,-0.008688117199270658,2.0558157228632123,-0.0572553947086788,2.047894794904923,0.04445085642582711,0.036189351138906,0.004116421083581115,0.0033187994153955984,0.0020377844789042777,0.0007426071139081826,0.001578167053010289,0.00012160533340035005,0.9963840484680855,0.0006332134335861572,0.00831609337206639,0.004537642448513239,0.008783387610933353,0.003730574427599999,1.0280939413168617,0.5328158028711262,0.018795742860850333,0.00861436832443424,0.0013860155620110653,0.0007562737414188736,0.549775813324406,3.112222512439336,5.912069238125303e-07,9.171101591574176e-05
550.0,0.596875,3.750276230222816,-0.007583880216443242,2.054656401483525,-0.056212078812119357,2.046550676607365,0.044501797624852374,0.03625542326763502,0.004126400970823662,0.003360966324765254,0.002038842821391065,0.0007442553566053494,0.0015782773455774598,0.00011920042331997926,0.9963828798330319,0.0006375943180409626,0.008382638473016114,0.004423386478636377,0.008672277282421467,0.003974740326400591,1.0210464532870913,0.5476658932587805,0.018806208264549033,0.00858268669951021,0.0013971064121693524,0.0007372310797727293,0.6283158826565639,3.0971277672791646,5.396241992671947e-07,9.175190214354189e-05
550.0,0.603125,3.789546138392688,-0.006033437082353837,2.0555029851224016,-0.05471537122601148,2.047209003851899,0.04454602218926178,0.03628405971326593,0.004135911954395901,0.0034037585886444164,0.0020397843836651992,0.0007451722978761317,0.0015784234500560996,0.00011595048600254448,0.9963817921662788,0.0006421042080513608,0.00844289274769226,0.00431652010134847,0.008598232081084586,0.004124830891732522,1.0145233720461067,0.5608466793779686,0.018875040914063616,0.008415539790562022,0.0014071487912820431,0.0007194200168914116,0.6283161554230177,3.097125559703145,4.840100596042404e-07,9.180082483987435e-05
550.0,0.609375,3.8288160465625602,-0.004200981961754932,2.057305529706492,-0.05292748783953598,2.048840425730836,0.04458261886471006,0.036288664864085024,0.004143887013071016,0.003441110954833057,0.0020405846881182315,0.0007455696591257375,0.0015785550018308878,0.00011245778889599852,0.9963808603100512,0.0006462391342820364,0.008447783892786883,0.004316200698756038,0.008584497952302537,0.004144949275365446,1.013158295420899,0.5641382940293952,0.018957427301234293,0.008210282559494186,0.0014079639821311476,0.0007193667831260066,0.6283164459311834,3.0971264427046714,4.2477891258489043e-07,9.185642327479303e-05
550.0,0.615625,3.8680859547324324,-0.0022061885652849113,2.059465132457079,-0.05096684269807235,2.05083579663127,0.04461119279540808,0.03628200765723731,0.004149461337379283,0.0034675822091340316,0.00204123126647219,0.0007457164914222608,0.0015786271342901176,0.00010941521738031554,0.9963801415992378,0.0006495406934449603,0.008396361414123763,0.004424277326432995,0.008629214692095526,0.004041944008640758,1.016950338805923,0.5577576866350263,0.018987709066410768,0.008122009310520041,0.0013993935690206276,0.0007373795544054991,0.5497769356779754,3.1122200883792264,3.6237187061068713e-07,9.191713891925932e-05
550.0,0.621875,3.907355862902305,-0.00016110906854713836,2.062267043443477,-0.04894439686658867,2.0534661977029396,0.04463122229807798,0.03626358051428193,0.004152065499963463,0.0034783355754825266,0.0020417094102838907,0.000745646686615464,0.00157861106467583,0.00010744388539999042,0.9963796795250401,0.0006514705439596425,0.008334191905086805,0.004547507074515548,0.008723769016886991,0.003823985533432501,1.025903656496738,0.5412426598717008,0.018936915762580317,0.00822404039784987,0.0013890319841811344,0.0007579178457525911,0.2356179897030672,3.152109869624726,2.9725399336878456e-07,9.19812633739041e-05
550.0,0.628125,3.9466257710721777,0.0017908055407447221,2.066496542550312,-0.04700301202519293,2.0575298476012804,0.04464227535977884,0.03621942388362197,0.004151542206158902,0.0034699110489203443,0.0020420049855965623,0.0007450898278635223,0.00157849932867836,0.00010692531896798687,0.9963794956857253,0.0006514515121665696,0.008314453192208896,0.004587786837367843,0.008772441794011567,0.0037041801282028373,1.0337543363577957,0.5260028880404917,0.018830353796476705,0.008452386123549099,0.0013857421987014825,0.0007646311395613073,-0.07854094535356734,3.16002797156343,2.2991039845067652e-07,9.204698954748591e-05
550.0,0.634375,3.9858956792420503,0.0034779877369509105,2.0725295732741893,-0.045315178940059014,2.063451917461595,0.04464491510011832,0.03613486811981959,0.004148251576891695,0.0034416821823384726,0.002042122616089245,0.0007436861374455296,0.0015783048490745515,0.00010790448024593476,0.9963795725348362,0.0006491030571774273,0.008337902374867742,0.004546443061810741,0.008746291570004764,0.00376298497557358,1.0349202864727034,0.5235659837918977,0.018736234320006387,0.00864839382786414,0.00138965039581129,0.0007577405103017903,-0.3926998719550901,3.136215915748641,1.608432994138532e-07,9.211246592780755e-05
550.0,0.640625,4.025165587411922,0.00475770102119556,2.0795982954857246,-0.04402689938994669,2.070527341218491,0.04464151269631146,0.03601094725626466,0.004143087714830743,0.0033972123564666367,0.002042104086963867,0.0007413338558023152,0.0015780556859914812,0.00011011126672568736,0.996379840227044,0.0006445403773772124,0.00840536369686973,0.004419268659985029,0.008652559096393732,0.0039749282214206014,1.0294134911625554,0.5342111230381708,0.01870589490978656,0.008704871402678532,0.001400893949478288,0.0007365447766641716,-0.6283189762880085,3.0971287041874502,9.056776233417078e-08,9.217585151765973e-05
550.0,0.646875,4.064435495581795,0.005594421701148433,2.085830503227294,-0.043179069795692686,2.0769199968062835,0.044636149575967385,0.03587220212322361,0.004137341920873724,0.003344517914485123,0.002042029412330427,0.0007384149426564198,0.0015777884722416307,0.00011307172421301931,0.9963801821154279,0.0006385355052737574,0.008479129416642087,0.004273790999142133,0.008584532492447696,0.004121195843095687,1.0203966820727397,0.551215445715979,0.018747134468381704,0.008608321105085923,0.001413188236107014,0.0007122984998570223,-0.628318628238523,3.097125610284641,1.9606883172471274e-08,9.223537074048401e-05
550.0,0.653125,4.103705403751667,0.006105079760900678,2.0891077075957787,-0.04266070856788841,2.0804913536698035,0.04463337263275284,0.03575902922634465,0.004132415696036274,0.0032945966119447144,0.0020419937543777944,0.0007357186414298032,0.0015775427218622383,0.00011623427341445088,0.9963804635237598,0.0006323932272148284,0.0084980912398679,0.004235341814987806,0.008576198495498743,0.004138416021330129,1.0161571931987095,0.5589618712804012,0.018830068201323453,0.008419337229706505,0.0014163485399779833,0.0007058903024979674,-0.6283182794202077,3.0971256065228325,-5.151041175300418e-08,9.228936669763402e-05
550.0,0.659375,4.14297531192154,0.006532505157609792,2.0882016785403263,-0.04223333159144147,2.0799387762960766,0.0446363675994995,0.03570802945658218,0.004129469149551752,0.0032583957822661562,0.002042069976646597,0.0007340796962204404,0.0015773563053230106,0.00011906139069101931,0.9963805737180303,0.0006275454752302168,0.008461431821458896,0.0043100398055994395,0.008626020808405402,0.004031031899374072,1.0171350916058575,0.5571952087111526,0.018887858184177053,0.008284038497035694,0.0014102386369098155,0.0007183399675999064,-0.5497781160940176,3.112218546021009,-1.2225390952085402e-07,9.233634806937679e-05
550.0,0.665625,4.182245220091413,0.00715271014001625,2.083460793025776,-0.04162199763563286,2.07551410602748,0.04464557393903899,0.0357325575396852,0.0041291338366100955,0.00324339202625002,0.0020422774559272347,0.0007339477043702082,0.001577260975371766,0.0001210870495592809,0.9963804615687011,0.0006250438374295012,0.008385272743721958,0.004460637120597254,0.008729270317376409,0.003796624559741622,1.0233315858935117,0.5457751278653106,0.01887329368044604,0.008312495346768183,0.0013975454572869937,0.0007434395200995424,-0.23561850816910104,3.152108158490331,-1.9209586596967973e-07,9.237503202385101e-05
550.0,0.671875,4.221515128261284,0.008164241401719974,2.0766132907271375,-0.04062570094005084,2.0688707707245255,0.044658549030769025,0.03581647161583012,0.004131393311001889,0.003251482048015897,0.002042575117525315,0.0007351696690152399,0.0015772770034866942,0.00012196298575650051,0.9963801478789879,0.0006252217872946927,0.00834382933482156,0.004542121654165489,0.008797849150771104,0.003628604638592562,1.0322983437679336,0.5286598680495045,0.01879876964461648,0.008473092734578969,0.0013906382224702595,0.0007570202756942482,0.0785410927817817,3.1600261187329575,-2.605157041667061e-07,9.240438193467705e-05
550.0,0.678125,4.260785036431157,0.00961949468420096,2.069811022169514,-0.03918729476870007,2.062137803353242,0.04467113499216779,0.03592520954814584,0.004135654460733112,0.003279240649777889,0.0020428820620426893,0.0007371300541738929,0.0015774075877639001,0.00012150837316160181,0.9963797103501932,0.0006277083551743916,0.008345474007992928,0.004542832081251223,0.008790301348898447,0.0036422010044263506,1.0352701844984233,0.5229450079971261,0.01872521006776287,0.008623781362323444,0.0013909123346654887,0.000757138680208537,0.39270068425786697,3.1362139660799087,-3.2700361157702973e-07,9.242363840756673e-05
550.0,0.684375,4.300054944601029,0.011430567844669967,2.0645213539929173,-0.03738957659837554,2.056810786298167,0.044679196916541666,0.03602615587066589,0.004140947526503806,0.0033200475260935377,0.0020431124548248728,0.0007391413429827828,0.0015776354089635032,0.00011975828579118957,0.9963792521362118,0.0006317398498399409,0.00839081915487171,0.004460670737002007,0.008708812277116564,0.003830874386926515,1.0315643150787415,0.5303404119345798,0.018706285924343185,0.008649233629873848,0.0013984698591452856,0.0007434451228336678,0.6283204474877451,3.0971265529185605,-3.9106386926276435e-07,9.243233907699735e-05
550.0,0.690625,4.339324852770902,0.01343475931459614,2.060979042305801,-0.035391309335992896,2.0531734995745463,0.044679915226776765,0.03610441318794396,0.00414615342381243,0.0033664854785080424,0.002043203817607556,0.0007408113207940317,0.0015779240389181468,0.00011699209464825483,0.9963788721434745,0.0006365261662789152,0.008467448748644867,0.004313499782411546,0.00860769166911923,0.004052426097703223,1.0218484630235745,0.5488635531783319,0.01875358887054403,0.008526645926598006,0.001411241458107478,0.0007189166304019243,0.6283207474480846,3.097122780921445,-4.522186677097898e-07,9.243033095994617e-05
550.0,0.696875,4.378594760940774,0.015469700453223522,2.058519107650542,-0.033352489454122926,2.0505938528855205,0.044672008103639964,0.036164341247302466,0.004150181803706609,0.003411701738898627,0.002043124353237609,0.0007421512371236134,0.0015782252680689723,0.00011371824449013835,0.9963786503786938,0.0006414387286249555,0.008500884321205802,0.004246546011427945,0.008567157891186741,0.004136629064547219,1.014885398258214,0.5613677497575708,0.018841980481165387,0.008307843059443903,0.0014168140535343007,0.0007077576685713243,0.6283210309196718,3.0971221200877515,-5.100116872585667e-07,9.241777622969466e-05
550.0,0.703125,4.417864669110647,0.017408836955494895,2.0564772021470104,-0.03139829199626717,2.0484077157658396,0.044655042182370694,0.03621754747748274,0.00415208676939119,0.003449591610539395,0.0020428605621283904,0.0007433834593850901,0.0015784906408973572,0.00011059642036903843,0.9963786487969749,0.0006459641351089024,0.008478473303439715,0.004289827739597775,0.008586032676600356,0.004096567257657555,1.0130783655379099,0.5640050043745775,0.01890997004852058,0.008131225710518367,0.001413078883906618,0.0007149712899329624,0.6283212957894889,3.0971245755867844,-5.640121814464443e-07,9.239514850229793e-05
550.0,0.709375,4.457134577280518,0.019142717088158206,2.054946959971372,-0.029637047818534303,2.046690822681412,0.044628605451216975,0.036267251411637245,0.004151159455475594,0.0034746026986858334,0.0020424000254525157,0.0007446164384874786,0.0015786832718894263,0.00010829480713492613,0.9963789167026581,0.0006495548087967225,0.00840146545327668,0.00443668957001961,0.008662319461479539,0.003932280572320176,1.0164298874721358,0.5569619267827075,0.018904663950733334,0.008126949956200526,0.0014002442422127804,0.000739448261669935,0.3927020910620377,3.1362117193943706,-6.13817283672136e-07,9.236321899768507e-05
550.0,0.715625,4.496404485450391,0.02053460905535947,2.0548168607665804,-0.028204566841737645,2.0463280805627644,0.0445921365347281,0.036301139465121667,0.004147039362369038,0.003482064528018022,0.002041726291016839,0.0007456423835623095,0.0015787857831349595,0.00010731392508814328,0.9963794879258483,0.0006515728145164491,0.008335670628455385,0.004554521117271563,0.008750224987441439,0.0037341874997454095,1.0245039031214453,0.5405990639039315,0.01882430783080952,0.008300365007318152,0.0013892784380758977,0.0007590868528785938,0.07854304759364608,3.1600252211254376,-6.590553384806403e-07,9.232303285619489e-05
550.0,0.721875,4.535674393620264,0.02139909447782855,2.0570549377832625,-0.0272863751655045,2.048321831648693,0.04454562964780495,0.03629831869292805,0.004139839995528419,0.0034693428195788217,0.002040832107213312,0.0007460174362922854,0.0015788021209631297,0.00010784706975564035,0.9963803657718231,0.0006514345185981275,0.00831229613820806,0.004589076282786524,0.008764504367785367,0.0037070901822961796,1.029009576809065,0.5304355429070016,0.018720068645482018,0.008527303433234032,0.0013853826897013435,0.0007648460471310875,-0.23561601993337017,3.1521088825812416,-6.993884750251915e-07,9.227587999098398e-05
550.0,0.728125,4.574944301790136,0.021534953409941375,2.0617799477049386,-0.027085967173681984,2.0528567662217667,0.044490692634285775,0.03624536942962875,0.004130227949337595,0.0034373306840107414,0.0020397417885868302,0.0007453711306025714,0.0015787538653076918,0.00010974732892205049,0.9963815043461057,0.000648897846213362,0.008332151470258444,0.004541567967774277,0.008705185614215903,0.0038554089991729846,1.0268449638982915,0.5330861776057797,0.018660074970753084,0.008657169397364918,0.0013886919117097403,0.0007569279946290461,-0.5497751129950867,3.1122198954780536,-7.34515790259561e-07,9.222325934709651e-05
550.0,0.734375,4.614214209960009,0.020801489139891105,2.0678457557777112,-0.02774896267574336,2.058849642567417,0.044431075086885395,0.03614967016827009,0.004119376728749053,0.0033913328568920898,0.002038524686141839,0.0007437203031399507,0.0015786736941478352,0.00011260758915652919,0.9963828016197104,0.000644311111072846,0.00839591283102629,0.004408101969461953,0.008614102649406817,0.004068323170575942,1.0183405882510683,0.547782269815323,0.018672925341716554,0.0086340161282217,0.0013993188051710484,0.0007346836615769921,-0.6283147838581471,3.097125784000463,-7.641751509013323e-07,9.2166834271043e-05
550.0,0.740625,4.653484118129881,0.019191148939894903,2.0733080902489744,-0.029289689841875095,2.0643770551574727,0.04437207945083445,0.03603977736415148,0.004108759330935612,0.0033404968129454537,0.0020372862398546293,0.0007415534155863218,0.0015785988027374812,0.00011588941204474173,0.9963841149574082,0.0006386383871997415,0.008441755852634182,0.0043046132369196615,0.008580101243235518,0.004152490870085596,1.0115514822058034,0.5589394315184264,0.018748250349551816,0.008479575115838316,0.0014069593087723635,0.0007174355394866101,-0.6283146662889834,3.0971244329702663,-7.881449737101199e-07,9.210838351510832e-05
550.0,0.746875,4.692754026299753,0.016847730810533163,2.0764962016862767,-0.031571117926614066,2.067731845392416,0.0443190238061637,0.035951253315700864,0.0040998249309836,0.0032955590280666523,0.0020361380258441223,0.0007396022526656136,0.0015785655531912613,0.00011903224566347633,0.9963852964209645,0.0006331886625450604,0.008432600638738665,0.004309444249975533,0.008605478576172953,0.004111290998381541,1.0100100556150329,0.5605595553664338,0.018835110402990917,0.00830145915860052,0.0014054334397897773,0.0007182407083292557,-0.6283145775060831,3.0971261809991235,-8.062461138256518e-07,9.204974973787572e-05
550.0,0.753125,4.732023934469626,0.014012450703075158,2.076973530264643,-0.03435683252714185,2.068403150138674,0.04427561014324467,0.03590648530468543,0.004093673086972238,0.0032656081850507878,0.0020351631428152457,0.0007384310263699466,0.0015786048080749647,0.00012152252398306327,0.9963862320491099,0.0006291490042177688,0.008367686497663143,0.004424325797444778,0.008688237362436627,0.003943067762322978,1.0137332904439456,0.5528158653225833,0.01886734477697686,0.008250517441316767,0.0013946144162771902,0.0007373876329074631,-0.4712348854943764,3.125239327881474,-8.183431124851637e-07,9.199278544473128e-05
550.0,0.759375,4.771293842639499,0.010927544804548772,2.0757411593240063,-0.03740647740267122,2.067321833701803,0.04424317457930833,0.03590206740478826,0.004090847627911735,0.0032553577821387695,0.002034397551999205,0.0007381129694501362,0.0015787367552366684,0.00012294095528138073,0.9963868656927641,0.0006271630559063487,0.008305322344728357,0.00453262557849876,0.008794402990217234,0.0037082285965248144,1.022657758102858,0.5353252322682465,0.018827063345014022,0.008368492701458237,0.0013842203907880597,0.0007554375964164598,-0.1570755906971284,3.157060467664912,-8.243455899622856e-07,9.193929765924616e-05
550.0,0.765625,4.81056375080937,0.007756082135454312,2.0745291785373516,-0.040556481629572136,2.066190604182128,0.044221250202515036,0.035912851361445154,0.004091313562511361,0.0032643547635859563,0.0020338382170589737,0.0007382222500866723,0.0015789650755332128,0.0001230101469723957,0.9963871967074077,0.00062719490197604,0.00828630218994537,0.004560685748297924,0.008830057646054369,0.0036310098725042183,1.0292233466039233,0.5221417149731794,0.018754859662117408,0.008556567260671489,0.0013810503649908947,0.0007601142913829873,0.15708367398449335,3.157061452867929,-8.242083338863642e-07,9.189099232236447e-05
550.0,0.771875,4.849833658979243,0.004566628992712896,2.074617024166176,-0.043736979165515735,2.0663153282405617,0.04420901845641979,0.03591024061786147,0.004094589701808687,0.0032883623190321453,0.002033471458189496,0.0007381545868693758,0.0015792722147873466,0.00012164784938537003,0.9963872563270227,0.0006287384941821008,0.008311369140695362,0.004509065061950715,0.008790814447508944,0.00373379919717074,1.0292082173142554,0.5221701771418952,0.018716640807085363,0.008666274894278013,0.0013852281901158942,0.0007515108436584526,0.4712429085524841,3.12524165630794,-8.179317251538656e-07,9.184942309217964e-05
550.0,0.778125,4.889103567149116,0.0013884038341248073,2.0759590386579503,-0.04691818029861411,2.067705967168022,0.04420664099209703,0.03588240188293322,0.004099943140641877,0.003321724912581654,0.0020333016339371107,0.0007375606132626261,0.0015796187138080158,0.00011901322866751502,0.9963870796522546,0.0006311990930987848,0.008381288039444868,0.00437275002494858,0.008688811848232928,0.003973683717393817,1.0226117668260362,0.5354107409396509,0.018744841731787365,0.008629997182324337,0.0013968813399074789,0.0007287916708247632,0.6283224805540002,3.0971281605184315,-8.055619380877409e-07,9.18159439690493e-05
550.0,0.784375,4.928373475318988,-0.0017046114736164243,2.0772111310528083,-0.05002671117657096,2.0690594672758955,0.0442155517056579,0.0358429967591263,0.004106547997296496,0.003359120030453582,0.0020333601999675314,0.0007366031504223825,0.0015799488351934802,0.00011552356554411321,0.9963866909648387,0.0006341766157318433,0.008445639495071534,0.004244619642065389,0.008623880222387737,0.0041177270399538855,1.0137038332588797,0.552869375752865,0.018832455226719315,0.008460631497476945,0.001407606582511923,0.000707436607010898,0.6283223904394404,3.097125644099379,-7.871907584262045e-07,9.1791668137758e-05
550.0,0.790625,4.967643383488861,-0.004541613174330406,2.0766408347444822,-0.05289267338705517,2.0686372006380904,0.04423749407800889,0.035822749348920914,0.004113566134715969,0.003395939463618074,0.0020336885121420914,0.0007358704746993116,0.0015802022005285154,0.00011181676480487384,0.9963861092873294,0.0006374861323890728,0.008455624009913966,0.0042265830355583825,0.008619096633779393,0.004128637180544843,1.010007744767813,0.560568746257476,0.018934226178767603,0.008252648564408637,0.0014092706683189941,0.0007044305059263967,0.6283222715581033,3.097126217604808,-7.629546992598256e-07,9.177743348715886e-05
550.0,0.796875,5.006913291658733,-0.006874568507692696,2.073302828492733,-0.055267686460650375,2.065440673207287,0.044272938531631674,0.03584931583083775,0.004120179421325989,0.003427741505645324,0.0020343055083156284,0.0007360014959305452,0.0015803282047175456,0.00010864136970501306,0.9963853662869668,0.0006409581896686563,0.008410309137358508,0.004322558683716906,0.0086723413568442,0.004011894334833867,1.0115745110796446,0.5589105879964273,0.018984051617505788,0.008157970750145831,0.0014017181895597506,0.0007204264472861507,0.5497823084531587,3.112219696216896,-7.330337172957024e-07,9.177377624032738e-05
550.0,0.803125,5.046183199828605,-0.008461235020666116,2.067709353055951,-0.056906812179796165,2.0599136257712756,0.044319937361162534,0.03592876584657581,0.004125639797967396,0.0034498437542203565,0.0020351816760773222,0.0007372691003232588,0.0015802983870761352,0.00010667840122285932,0.9963845199368464,0.0006442190254889661,0.00833395607230648,0.004478003186223551,0.00877473344066423,0.003774031529642671,1.0183918842157038,0.5477073673544163,0.018952537293549333,0.008248055658512174,0.0013889926787177458,0.0007463338643705919,0.23562286953822714,3.1521096982993084,-6.976506211375718e-07,9.178091485244486e-05
550.0,0.809375,5.085453107998477,-0.00916142419563849,2.06158075211763,-0.05766499460441783,2.0537347211786208,0.04437419050438307,0.036041073263073306,0.004129379904396222,0.0034578652557019406,0.002036236658694899,0.000739400138573592,0.001580112707046982,0.00010634544018305824,0.996383650634258,0.0006466555171425017,0.00829642701652722,0.004558279279753197,0.008830254876002837,0.00363175417967944,1.0268790997918384,0.5330473838934014,0.01886453458271905,0.00845882196277893,0.0013827378360878695,0.0007597132132921995,-0.07853659487509317,3.1600279683753403,-6.57068842058528e-07,9.179874247029292e-05
550.0,0.815625,5.124723016168351,-0.008988296092248393,2.056860343550298,-0.057549762595957496,2.0488579248818155,0.044430304448716026,0.036152174977493866,0.004131162054993266,0.003449194776465624,0.002037362386528821,0.0007417457259187103,0.001579798348315093,0.00010767559292699571,0.996382839265156,0.0006476248395599652,0.008302227429756177,0.004558936588274012,0.008810005198821755,0.0036706932349223997,1.0290103671230137,0.5304640305881684,0.018787743369391395,0.008631966107131933,0.0013837045716260294,0.0007598227647123355,-0.3926960833057982,3.1362160322597075,-6.115902720628527e-07,9.182683027883874e-05
550.0,0.821875,5.163992924338222,-0.008087053655621686,2.05465473479645,-0.056701710660605344,2.0464448036963705,0.04448347068668365,0.03623357671111651,0.00413118631830012,0.003424588024352376,0.002038457370059908,0.0007436678831132625,0.0015794026735238488,0.00011033864231869794,0.9963821399564161,0.0006467850764834667,0.008351911426945375,0.0044776915961780295,0.008716301539414714,0.0038800016940337967,1.024470306769593,0.5406922948771737,0.01877295868979214,0.008660211863411793,0.0013919852378242292,0.000746281932696338,-0.6283157777528998,3.0971288120367366,-5.615535527406483e-07,9.186444109698104e-05
550.0,0.828125,5.203262832508095,-0.006660904242087898,2.0548053101930863,-0.055321556369663294,2.046400231984691,0.044530577840963786,0.036276001972131544,0.004130074286611647,0.0033888531040790985,0.0020394517290499093,0.0007448690455819975,0.0015789836013904632,0.00011377566032901048,0.9963815646695597,0.0006443320003485025,0.008426743518719235,0.004344537655443296,0.008619832467890212,0.004082499201010738,1.0164087423044312,0.5570263825530415,0.018827546555687344,0.00853027285007607,0.0014044572531198719,0.0007240896092405492,-0.6283160437091709,3.0971254433473177,-5.073312746092714e-07,9.191055211882044e-05
550.0,0.834375,5.242532740677967,-0.004895741633570731,2.0563387143716554,-0.05359467202987837,2.0477855227270605,0.04457022837726683,0.036288719302139776,0.0041287020190408745,0.0033499533949203743,0.0020403104263977184,0.0007454525402599165,0.0015786002975593711,0.00011735366100992762,0.9963810892760433,0.0006409789866533547,0.00845251940070344,0.004303514672113388,0.008583472072749473,0.004150266565469791,1.0130805149773456,0.5640220365969613,0.01892119595703733,0.008304924027657833,0.0014087532334505738,0.0007172524453522309,-0.628316328212199,3.0971251660314065,-4.493274127824101e-07,9.196388669231317e-05
550.0,0.840625,5.281802648847839,-0.0029295681460062865,2.058400309381107,-0.051659424058219904,2.0497397809982996,0.044601917448315466,0.03628645895191595,0.0041279384638982855,0.003316651247964917,0.0020410180714490467,0.0007457008243607662,0.0015783053488485597,0.00012047508343888101,0.9963806765797019,0.0006376692970126032,0.00842233033277692,0.004371386578697138,0.008606213572366482,0.004094066593024959,1.014909617282147,0.5613381389012736,0.018986349867236834,0.008137261287946378,0.0014037217221294866,0.0007285644297828562,-0.6283166291420542,3.0971279823941917,-3.879741424471505e-07,9.202295319180735e-05
550.0,0.846875,5.321072557017712,-0.0008753941082016714,2.0609404144748926,-0.04962897974949113,2.0521859757255734,0.04462518580135734,0.036274331116171434,0.004128399839932113,0.003295689513040992,0.0020415611479977043,0.0007457544876531161,0.0015781380292497215,0.00012263976102149532,0.996380300822753,0.0006351759965397547,0.008352347216381624,0.004511773493456237,0.008686058753488034,0.003912266811996898,1.021898702798973,0.5487746907406169,0.01897359109363443,0.008150007934168615,0.001392057869396937,0.0007519622489093725,-0.3141576788984498,3.1451646649014404,-3.237283933783142e-07,9.208609157886321e-05
550.0,0.853125,5.360342465187585,0.0011352130176273735,2.064636359866783,-0.047634599653203324,2.0557877143245586,0.04463949287474424,0.03624235837293107,0.004130319796086235,0.0032899279883085984,0.0020419238093593857,0.0007454415166552722,0.0015781180759820545,0.0001234872654628578,0.9963799581146582,0.0006338246385201861,0.00831684105670696,0.004582259421912995,0.008763150918048506,0.0037281004266608063,1.0315962713927527,0.5302717713516172,0.018888609202762065,0.00833004752149096,0.0013861401761178266,0.0007637099036521659,1.2595086779754184e-06,3.161015442274254,-2.5706906941771564e-07,9.215152312797515e-05
550.0,0.859375,5.399612373357457,0.002936323137831348,2.070112969431281,-0.04584217429860192,2.061191996308731,0.04464493039114666,0.03617404842432012,0.004133567045286472,0.0032983369401706902,0.002042101501651301,0.0007443938193983903,0.00157824061493124,0.0001228402061402972,0.9963796578834175,0.0006334971152977616,0.00832422937867383,0.004571268810260579,0.008764847137438612,0.0037199797126811623,1.0352688467727242,0.5229300081694378,0.01878665728000267,0.008544324442986775,0.0013873715631123056,0.0007618781350434299,0.31416018851630306,3.1451663531247216,-1.8849301144158433e-07,9.221740343370836e-05
550.0,0.865625,5.438882281527329,0.004366194892176878,2.077057587241876,-0.044414742331054385,2.0681358954788958,0.044643174976898285,0.03606291563652536,0.004137762246332956,0.003317514030161388,0.0020421214444532538,0.000742373438094704,0.0015784743541047224,0.00012074856447428669,0.996379404201442,0.0006338784961348474,0.008375315893367246,0.004476664436558557,0.008693073161101518,0.003884725491184961,1.032264340073488,0.5287011216553937,0.018730748336623977,0.008654515285833931,0.001395885982227874,0.0007461107394264264,0.6283191106302539,3.0971300838168156,-1.1851110841509547e-07,9.228187822528421e-05
550.0,0.871875,5.478152189697202,0.005343397554095003,2.083931791524363,-0.04343680372695696,2.075124032174678,0.044637795104759154,0.03592477206437074,0.004142406176292969,0.0033434416452001927,0.002042051679835103,0.0007395728043580047,0.0015787654260031446,0.00011751882626941416,0.9963791828941618,0.0006347414057770285,0.008457808512263921,0.004316501358818831,0.00860210018888328,0.004083990188330248,1.0232812631381158,0.5458431536073811,0.018743453186688453,0.008616984402972686,0.0014096347520439864,0.0007194168931364717,0.6283187630492719,3.097125829249553,-4.764483923714879e-08,9.234313852036554e-05
550.0,0.878125,5.517422097867074,0.005930236330686361,2.0885627476646462,-0.042850121968198984,2.079984472704208,0.04463340420522596,0.035796053954664994,0.004146954093659275,0.0033723357432541637,0.0020419866218432193,0.0007366616169279049,0.0015790476415085733,0.00011370409532985403,0.9963789657366482,0.0006360555716598675,0.00849742401846926,0.004236579507466514,0.008571551820225209,0.004148311320146763,1.0171139369884665,0.5572115814212294,0.018809551038652273,0.00846365030793284,0.0014162373364115448,0.0007060965845777522,0.6283184137222818,3.097124663084083,2.357773733621984e-08,9.2399473924982e-05
550.0,0.884375,5.556692006036947,0.006334490974866986,2.0892638730287247,-0.04245028076885447,2.0809782747014838,0.044633936870285565,0.035717577951186144,0.004150834873436039,0.0034004173325341783,0.0020420127442095093,0.0007345154515499879,0.0015792571277468445,0.00011003176624396473,0.9963787301280442,0.000637859161448731,0.008481741100888594,0.004268770826577953,0.008600067712918972,0.0040873762477177805,1.0161613869800863,0.5589406486805784,0.018875527162039232,0.008309406057674397,0.0014136235168147654,0.0007114618044296584,0.6283180652555771,3.09712659425529,9.462521999933287e-08,9.2449322867405e-05
550.0,0.890625,5.595961914206819,0.006836957906373081,2.08576613737105,-0.0419574817197018,2.0777520680045267,0.04464097110158078,0.03571327407397229,0.004153468524494039,0.0034233770547397375,0.0020421723312766212,0.000733776301965492,0.0015793470123831323,0.0001072573236384394,0.9963784806563402,0.0006400164603181448,0.008412117159017438,0.004407972730635357,0.0086852951314379,0.003898581629970349,1.0204270999227107,0.5511558943260781,0.018881495721929164,0.008291366297787888,0.0014020195265029073,0.0007346621217725597,0.392698271227622,3.136212901307825,1.6496795098310601e-07,9.24913176789135e-05
550.0,0.896875,5.635231822376691,0.007679531932320499,2.079369714747241,-0.04112787580511844,2.071530661530705,0.04465306729795235,0.0357778083345557,0.004154340439486641,0.0034365088385837402,0.002042445987275412,0.0007345254785801474,0.0015792974682214606,0.00010596707112545882,0.9963782565445033,0.000642077913160185,0.008354419323755174,0.004520883785730285,0.008780999311312062,0.003671414172966964,1.0294586332457518,0.5341305943314556,0.018816767788188398,0.008432596778233622,0.001392403220625862,0.0007534806309550474,0.07853866688936036,3.160025431371656,2.3408161550031502e-07,9.252432463853387e-05
550.0,0.903125,5.674501730546564,0.008974227626975634,2.0722208567704232,-0.03984541012524578,2.064430190130746,0.04466649657481209,0.035881458212184185,0.004153141177409201,0.0034359015989953424,0.0020427636589307333,0.000736287177269516,0.0015791183413835816,0.00010640476421425577,0.996378117999685,0.0006433858608455377,0.008339587511274043,0.0045523124069858124,0.008801842125234792,0.0036157723405948238,1.0349328731423375,0.5235555091758852,0.018728725576328393,0.008619113552777656,0.0013899312518790075,0.0007587187344976356,-0.23562092889317662,3.1521080738921285,3.0145110098644235e-07,9.254747576727687e-05
550.0,0.909375,5.713771638716437,0.010679944257032748,2.066169606671682,-0.03814685626253282,2.0583251929199395,0.04467688709546909,0.03598851078179146,0.0041499134240963525,0.0034202052399991897,0.002043036573343535,0.0007383514795074522,0.0015788446558995684,0.00010841560412001222,0.9963781187707565,0.00064338663449546,0.008368222228921278,0.004502345197123765,0.008747775021233003,0.0037415542978028234,1.0337343121287592,0.5260606787463068,0.01868374242708052,0.008704533998191532,0.0013947037048202124,0.000750390866187294,-0.5497805136556277,3.1122180109865867,3.6657391494770847e-07,9.256019309097663e-05
550.0,0.915625,5.753041546886309,0.012650282878210234,2.06193974470099,-0.03617562886460649,2.053994965373692,0.044680797408179276,0.036076316789310066,0.004145114334637568,0.0033919499409566568,0.0020431904553604658,0.0007401844990868944,0.0015785277560786738,0.00011153359618177402,0.9963782817885607,0.0006419565611697343,0.00844070195221566,0.004365737413280302,0.008639382583354432,0.003984673992251376,1.025849395903729,0.541364489993689,0.018709381012048852,0.008633181056018091,0.0014067836587026096,0.0007276229022133838,-0.6283206359958541,3.0971232466982563,4.289641685207963e-07,9.256220614378078e-05
550.0,0.921875,5.792311455056181,0.014712179690368504,2.0591300312553265,-0.034103724618524255,2.0510848903456638,0.04467637362004871,0.036142709068751055,0.004139530688844284,0.0033574879283915166,0.0020431816610647566,0.0007416512699555076,0.0015782254510036877,0.00011514041381073883,0.9963785928879314,0.0006395307575326965,0.008494854985791086,0.0042589619137567165,0.008576215724035236,0.004118101188694703,1.0169229146568015,0.557823335542333,0.01879456355878118,0.008426682963657235,0.001415809164298514,0.0007098269856261194,-0.6283209263118096,3.0971214142731247,4.881566378322812e-07,9.255355980487523e-05
550.0,0.928125,5.831581363226054,0.01672101044017634,2.056971035009875,-0.032075992694461306,2.0488357776630957,0.04466294183614016,0.03619832726783952,0.004134061298497626,0.003325263156908289,0.0020429911729000455,0.0007429268357154601,0.0015779932896809415,0.00011860419532370497,0.9963790155374189,0.0006369391498706037,0.008493504849747759,0.004260633918521971,0.008572749581218002,0.004124508792077157,1.0131531140561048,0.5641577593215039,0.01888763821056694,0.008195462201631611,0.0014155841416246262,0.0007101056530869951,-0.6283211987771977,3.097122703370717,5.437096456056649e-07,9.253461236907662e-05
550.0,0.934375,5.870851271395925,0.018561743745188836,2.055221605950987,-0.03020784423746331,2.0469840708092866,0.044640131414305936,0.036250870809061156,0.004129456568346202,0.003303019640251698,0.00204260716204645,0.0007441927128218717,0.0015778772398875557,0.00012136407195840199,0.996379515598066,0.0006350304313462707,0.008435718763995844,0.0043722219285809855,0.008627494807570125,0.0040081531820475086,1.0145409695948417,0.560816330202201,0.018921119980666673,0.00809952091392036,0.0014059531273326411,0.0007287036547634976,-0.4712418186802575,3.125235806951239,5.952087888002838e-07,9.250602543650117e-05
550.0,0.940625,5.910121179565799,0.020109528094036856,2.054514351302991,-0.028623996371512833,2.0461373079823315,0.04460739528450672,0.03629363074873857,0.0041261291810430895,0.0032952825369085854,0.0020420139077706083,0.000745361768970261,0.001577907068151544,0.00012297885343149216,0.996380079024078,0.0006343017467482113,0.008355296291361149,0.004520635911749095,0.008725580033699,0.003790237064424021,1.0210926669390177,0.5475686435350701,0.018872949916518215,0.00819705710564709,0.0013925493818935247,0.0007534393186248486,-0.15708278413584492,3.1570573646939932,6.422696637453253e-07,9.246874589444805e-05
550.0,0.946875,5.949391087735671,0.021194849620307727,2.0558867428444345,-0.02749366831519217,2.047337495785639,0.04456441113829248,0.03630720229257956,0.004124106797207385,0.003302406396930588,0.002041198458557437,0.0007460472524963425,0.0015780903116413528,0.00012316788966372868,0.9963807112298013,0.0006347543746253168,0.008316151677392556,0.004585537177568791,0.008768002639780439,0.003695695912141054,1.0281049708101198,0.5327696551383702,0.018775390998649104,0.00840890944730011,0.0013860252795654254,0.0007642561962614651,0.15707627389933218,3.157058857770588,6.845409737000996e-07,9.24239787627915e-05
550.0,0.953125,5.988660995905543,0.02161513621140626,2.0598480001040977,-0.027020082262887418,2.051136899929309,0.044512101768981224,0.036273326092650035,0.0041231167053123975,0.003321488974885056,0.0020401714268798122,0.0007458068032691513,0.001578408275180888,0.0001218550280697515,0.9963814202979393,0.0006360405282824053,0.008319923694645754,0.0045685491805050335,0.008735994440716854,0.0037802433548897976,1.0284409629997953,0.5305663802005408,0.018696267032056027,0.008578806502848856,0.0013866539491076248,0.0007614248634175056,0.47123535697230157,3.1252396666769258,7.217072607981954e-07,9.237315116854574e-05
550.0,0.959375,6.027930904075415,0.021198851752603408,2.065701209349776,-0.027377330997173044,2.056897116346365,0.04445345549752454,0.03619071919913027,0.004122727252251792,0.003348209133654574,0.0020389858159867574,0.0007444859849071873,0.0015788165178384633,0.00011920675173864743,0.9963821976661744,0.0006377612991194213,0.008367473806444262,0.004467453541335472,0.008641703481069483,0.0040041694521816,1.022118676908222,0.5411935663396787,0.018680306425988998,0.008613902085405566,0.00139457896774071,0.0007445755902225787,0.6283148337630976,3.0971265096866865,7.534913028464524e-07,9.23178716035404e-05
550.0,0.965625,6.067200812245288,0.019885809381102078,2.071679904046039,-0.02863002790203558,2.0628867295717668,0.044393374897979385,0.03608105908043339,0.004122462385158341,0.003378226843543163,0.002037737091835781,0.0007424091809911745,0.0015792516223932795,0.00011564381660004619,0.9963830112857707,0.0006396834416103448,0.008430934508447292,0.0043311758053615375,0.008584819734020355,0.004137978359696901,1.0134467295920988,0.5559575484835416,0.018730471477319707,0.008510558875958545,0.0014051557514078823,0.0007218626342269229,0.6283147054350209,3.0971239937187947,7.796558923276923e-07,9.22598843673031e-05
550.0,0.971875,6.10647072041516,0.017769690058532354,2.075865605070926,-0.030689580189166947,2.0671728817395896,0.04433741646797432,0.035979758357017395,0.004121853779724722,0.0034074538100291587,0.002036539682830159,0.0007402643375061254,0.0015796436835095423,0.00011180277430347133,0.9963838166336598,0.0006417280348774317,0.00844250326756631,0.004294550039488121,0.00858837299983382,0.00414282297169965,1.009962054567811,0.5610446437641933,0.018812474034340793,0.008340740374457587,0.0014070838779277172,0.0007157583399146866,0.6283146056281922,3.0971245799761253,8.000051514311948e-07,9.220101769845303e-05
550.0,0.978125,6.145740628585033,0.01506943817380207,2.0772824804850343,-0.03334108660403953,2.0687220542359914,0.04429006445240976,0.035916509455448595,0.004120460325431897,0.003431574010169699,0.0020354914524455233,0.0007387326687983125,0.0015799312003873915,0.00010842968788075645,0.9963845773471671,0.0006437705816884347,0.008398612814421681,0.004368587878801183,0.00865016195210237,0.004022712154522753,1.0117357683690331,0.556787769746087,0.018861645227474615,0.00824905020569748,0.0013997688024036145,0.000728097979800197,0.6283145350853843,3.0971282643243785,8.143876299318173e-07,9.214313041841251e-05
550.0,0.984375,6.1850105367549055,0.012041984526343608,2.076435592159489,-0.036329486275544734,2.067973136836562,0.04425355392575473,0.035898268101041825,0.004117916876133668,0.003445800003456431,0.0020346468679831873,0.0007380978821651338,0.001580073641494315,0.00010620970508724414,0.9963852794905226,0.0006454416273568765,0.008323869695084172,0.004501147880454894,0.00876123781251849,0.003783029215057957,1.0187813155592358,0.5429245828543765,0.018838969047171646,0.008326554607241738,0.0013873116158473623,0.0007501913134091491,0.3141552289916323,3.145164965120799,8.22692409927033e-07,9.208805329208032e-05
550.0,0.990625,6.224280444924777,0.008888196069898102,2.074922047930299,-0.03945379539827512,2.066490123789116,0.044227943451874405,0.035906608258904606,0.004114048016298939,0.0034456202084657134,0.0020340148290305705,0.0007381031515119766,0.0015800578180231958,0.00010557907889800875,0.9963859273529463,0.0006461236694254994,0.00828826079824546,0.00455941475233393,0.00882546069854687,0.003638979382051094,1.0275271976070486,0.5255783496987346,0.0187640106024833,0.00852286983693741,0.0013813767997075772,0.0007599024587223215,-4.047047469413201e-06,3.1610155838949754,8.248692216600303e-07,9.20375433431879e-05
550.0,0.996875,6.26355035309465,0.005709387068828314,2.0743436890748743,-0.04261196354780659,2.0658960803500026,0.04421233389426952,0.03591170448817289,0.004109016722365371,0.0034284866693223216,0.002033581299602353,0.0007381625598225985,0.001579896976362856,0.00010660631709275692,0.9963865217240349,0.0006451988762515872,0.008296458835377152,0.004538444630721707,0.008814078385521996,0.0036751977774598546,1.0299816930469672,0.5205911376979552,0.01870269659237719,0.008685407957114604,0.0013827431392295251,0.0007564074384536179,-0.31416329273120774,3.145166148249172,8.208567670321916e-07,9.199321100103568e-05
