Q,stroke_phase,delta_x_mean,delta_x_std,delta_Theta_mean,delta_Theta_std,delta_Delta_mean,delta_Delta_std,delta_rho1_mean,delta_rho1_std,delta_rho2_mean,delta_rho2_std,delta_rho_sym_mean,delta_rho_sym_std,delta_rho_asym_mean,delta_rho_asym_std,delta_activity_mean,delta_activity_std,delta_kappa_mean,delta_kappa_std,H_total_mean,H_total_std,H_open_mean,H_open_std,H_phase_mean,H_phase_std,H_kappa_mean,H_kappa_std
522.25,0.0020833333333333333,-0.0075325314736181355,0.002317581619198108,-0.39517689329212974,0.07552381557331532,1.185530679876389,0.22657144671994586,0.03166200752389441,0.0008767401486284124,0.0038511583607587128,0.0006924270129199064,0.025111600418440985,0.0003940146390485609,0.01966524003380948,0.001045409451197753,-0.2471377860342284,0.04723146894493955,-0.0013221293475315053,0.0004067879018857378,-2.9580587755699663,0.19108292675549457,-3.0021737887536504,0.19180106811300984,0.03967217603195023,0.018569384224430382,0.004442837151733739,0.0020966906076636082
522.25,0.00625,-0.007696065825961335,0.002311148314601756,-0.4004738632426024,0.07494208805543207,1.2014215897278078,0.2248262641662962,0.03170896976930342,0.0008188707435361409,0.0038015642778317987,0.0007058348163680103,0.025109739428285108,0.00039980256897302857,0.01973351566834228,0.0010044451147072512,-0.2504504328377035,0.04686766494999353,-0.0013508333187422165,0.00040565871167415525,-2.9566666100863674,0.19493981461898574,-3.0022252407653762,0.19245740251182483,0.040969329074821224,0.01877608194588853,0.004589301604189247,0.0021207148222297475
522.25,0.010416666666666666,-0.007858833962801685,0.002303782498753359,-0.4057084138372335,0.07432253510893655,1.2171252415117004,0.22296760532680962,0.0317483757492171,0.0007629554858895254,0.0037506765814807773,0.0007192856927114105,0.0251016206287326,0.0004157421803159065,0.019797362939127316,0.0009626169646824394,-0.2537240435170648,0.0464802055523007,-0.0013794028018321131,0.0004043658446830531,-2.952331074474093,0.20342932475772052,-2.9993532957312685,0.19782590405087935,0.04228436875122487,0.01896650715250937,0.0047378525059488304,0.002142913531238527
522.25,0.014583333333333334,-0.00802113601616862,0.0022959009098835513,-0.41090674883529515,0.07368230165398441,1.2327202465058857,0.2210469049619532,0.03178352745651565,0.0007105880609485409,0.003699073314110106,0.0007327552227970863,0.025089987619044504,0.00044102175260659726,0.019858707970017597,0.0009205245366783121,-0.2569750054915199,0.04607981284016579,-0.00140789047674892,0.0004029824478812679,-2.946344693737523,0.21617355020484003,-2.9948406901398963,0.20774759597607895,0.04360852573658068,0.0191479373571659,0.004887470665793344,0.002164104499375126
522.25,0.01875,-0.008182897505982169,0.0022874308304186,-0.4160634762354585,0.07301846773612544,1.2481904287063759,0.21905540320837627,0.03181382217423626,0.0006628398769878646,0.0036466562030625024,0.000746243362138196,0.02507434472470688,0.0004744500811534226,0.01991719406502392,0.000878141775884804,-0.26019994667825697,0.04566466069579772,-0.0014362832705569469,0.0004014957576927491,-2.938475123541588,0.23258301532436676,-2.9884562642864494,0.22172742976451917,0.044942859621797455,0.019319039745322664,0.005038281123061884,0.0021841384683597025
522.25,0.022916666666666665,-0.008343710341420122,0.0022780202939232763,-0.4211507980439254,0.07231686659384667,1.2634523941317757,0.21695059978154008,0.03183629811791565,0.0006204698537213756,0.0035929571205058184,0.000759739219965095,0.025052266631476815,0.0005146629140595515,0.01997105794263251,0.000835050062344724,-0.26338148265429084,0.0452258895510376,-0.0014645095541027827,0.00039984399606121,-2.9275908027953337,0.25195629611228526,-2.9790729983159507,0.23906616936441577,0.046291428190223055,0.019473257299978872,0.005190767330393921,0.002202274640049531
522.25,0.027083333333333334,-0.00850390674297259,0.002268002026848884,-0.4261957264879329,0.0715910359667874,1.278587179463799,0.2147731079003621,0.0318542214451289,0.0005862680266531876,0.0035385349962366265,0.0007732584056681401,0.025026458084573423,0.0005608439851580028,0.020022213901963758,0.0007918919025500555,-0.26653650645765764,0.04477196568383735,-0.0014926276395835077,0.00039808556399134723,-2.914978733604422,0.2739478361131794,-2.9679693355647894,0.25940386319386205,0.047646567442507774,0.019616937856213962,0.005344034517860247,0.0022192268076858417
522.25,0.03125,-0.008663405510866036,0.002257295820841491,-0.43119308855187566,0.07083778140641098,1.2935792656556269,0.21251334421923287,0.03186707270008857,0.0005622868026815074,0.0034833113006070855,0.0007868056210869,0.02499649624444034,0.000612058987802901,0.020070350161154302,0.0007487411630820244,-0.2696617829619172,0.04430089133828704,-0.0015206232746054946,0.00039620638310605385,-2.9004464667927157,0.29811304962505725,-2.954953341355895,0.2822367382819282,0.049008735795393124,0.019748701342549826,0.005498138767785812,0.0022348397998126312
522.25,0.035416666666666666,-0.008821641184538726,0.0022454205910264874,-0.4361068571045578,0.070038844962599,1.3083205713136734,0.2101165348877971,0.03187123386880655,0.0005502346931855146,0.003426738377914053,0.0008003409383897374,0.024959435537790696,0.0006677010470143902,0.02011329564904026,0.0007053220165735717,-0.27273478130199164,0.043801248119961965,-0.001548397208072857,0.0003941220121476202,-2.882650689490157,0.3240534515183134,-2.938685290001489,0.3071064709923119,0.05038112736877252,0.01985890588485927,0.005653473142562302,0.002248031070194853
522.25,0.03958333333333333,-0.008979154505945301,0.002232927025386133,-0.4409739930815776,0.06921662265564404,1.3229219792447326,0.20764986796693216,0.031870654269931666,0.000551833406454407,0.0033694417297692606,0.0008138467142960244,0.024918510851053448,0.0007265712311660678,0.020153400659187908,0.0006625411903356149,-0.2757786163269481,0.04328704229899707,-0.0015760443524078238,0.00039192910929068887,-2.8630884888564503,0.3513447671374415,-2.9206560728894577,0.33353941601392895,0.051758207080641945,0.019957285745500354,0.005809376952366014,0.0022598901601230234
522.25,0.04375,-0.009135891696050709,0.002219773983670571,-0.44579116088575393,0.06836965154040749,1.3373734826572623,0.2051089546212225,0.03186500752566464,0.0005674049428265483,0.003311373030872435,0.0008273173303938931,0.02487345722912599,0.000788142432116406,0.020190468578789682,0.0006206720881526036,-0.2787912020064008,0.04275735898399464,-0.0016035552681754868,0.00038962045349252085,-2.84163995162024,0.37973606450431,-2.900746018211033,0.3612390792557964,0.053140189553991295,0.020042964068519808,0.005965877036802236,0.0022703177407856273
522.25,0.04791666666666667,-0.009291148069620515,0.0022054601703314033,-0.4505167530185127,0.06747774439038287,1.3515502590555386,0.2024332331711486,0.03185042672058862,0.0005958596883693381,0.003251983660580502,0.0008407370451925137,0.024821152416517743,0.0008521806550256978,0.02022215301910909,0.0005793752485070595,-0.2817465175912827,0.04219957323546507,-0.0016308062672064092,0.0003871080560658279,-2.8169042001518987,0.40896615274755216,-2.8775550780572154,0.3899080036153574,0.05452779027609268,0.020106837555319158,0.00612308762922466,0.00227829233509178
522.25,0.052083333333333336,-0.009445538259624481,0.0021904881720176913,-0.4551905199032395,0.0665610825088632,1.3655715597097184,0.19968324752658959,0.03183095967657494,0.0006364332089631284,0.0031918924712640196,0.0008541226389520081,0.024764896250230765,0.0009182179088621945,0.020250878627732616,0.0005398597815045923,-0.2846694224542092,0.0416263063233261,-0.0016579052314643248,0.0003844801323152162,-2.7904026383398635,0.43893056260398106,-2.8526001546788318,0.4194183781026718,0.055916996943893,0.02015831299842083,0.0062805193950750725,0.0022848674155113583
522.25,0.05625,-0.009599029538166463,0.0021748347706336867,-0.4598106196371347,0.06561885878459331,1.3794318589114036,0.19685657635377996,0.031806444455412516,0.000687413697717552,0.0031310776668331828,0.0008674722897733089,0.024704558810494954,0.000986032712271602,0.02027654630921597,0.0005027775409309498,-0.2875587646996173,0.041037053506250566,-0.001684846416464513,0.0003817326069406502,-2.7620790330544662,0.4695176174057684,-2.8258249587619875,0.44963826702255355,0.057307758002454315,0.020196943278357565,0.006438167705066401,0.0022899922241379927
522.25,0.06041666666666667,-0.009750653857237139,0.002157776203675663,-0.4643226215686956,0.06462397343012968,1.3929678647060866,0.19387192029038905,0.031772100983165553,0.0007477431944079204,0.003068896343214181,0.0008807272154572926,0.02463630547278549,0.001056049963891282,0.02029623064269481,0.0004685710048602444,-0.29038050415231326,0.04041486677483767,-0.0017114599079241827,0.00037873844328119186,-2.7302777324084118,0.50062835344726,-2.7955721489523677,0.4804657135894559,0.0586985197491186,0.020208504074589056,0.006595896794837466,0.0022920667421709013
522.25,0.06458333333333334,-0.009901260209606104,0.002140016089760478,-0.46877675668266294,0.06360399859780748,1.4063302700479892,0.19081199579342248,0.03173260814598618,0.0008152935951919397,0.0030060135150478534,0.0008939062694186513,0.024563914945591056,0.001127428089994056,0.02031276986393357,0.0004389509844610491,-0.29316605456579253,0.03977698949332334,-0.0017378947232434524,0.00037562114229081295,-2.696677407221857,0.5321178605424816,-2.7635192114619476,0.511734734739936,0.060088253409964903,0.020206080772110387,0.006753550830124794,0.0022925611313564576
522.25,0.06875,-0.01005084662843359,0.0021215568961362044,-0.4731729537468728,0.06255915301903074,1.4195188612406193,0.18767745905709224,0.0316879639108134,0.0008887054627925872,0.002942429474132124,0.0009070084677587523,0.024487385997652742,0.0012000316174509522,0.02032616232900875,0.0004151937828310031,-0.295915371393148,0.03912355845687826,-0.0017641505171975336,0.00037238113702725773,-2.6612782437136384,0.5639225024388299,-2.7296662869825687,0.5433720454589493,0.061476918096790886,0.020189702968049096,0.006911125172137714,0.0022914785608569755
522.25,0.07291666666666667,-0.010198331852971414,0.002101733802300786,-0.47745250891505203,0.06146489776862281,1.432357526745156,0.18439469330586844,0.03163323742413625,0.0009670721935835518,0.002877511215626928,0.0009199365677093615,0.024402784387000945,0.0012739718569466445,0.020333368999980637,0.0003981301595198496,-0.2985917420708004,0.038439227232063194,-0.0017900375041117848,0.00036890173648170807,-2.6224159750222538,0.595804288028092,-2.692344974263539,0.5751424604583117,0.0628607634068238,0.02014573284496176,0.007068235834462538,0.0022872808973542907
522.25,0.07708333333333334,-0.010344682624714914,0.0020812429949400857,-0.4816704486718821,0.060347192990765214,1.445011346015646,0.18104157897229567,0.03157333289262743,0.0010491514598932937,0.002811927784339202,0.0009327688661095095,0.02431405099755023,0.0013487523889638994,0.020337384588524007,0.0003894143508444724,-0.3012295793956455,0.037740231061139495,-0.0018157253689462913,0.00036530513713644387,-2.5818069441702596,0.6278029180071545,-2.653272595820864,0.6070686720125908,0.0642407059761698,0.02008832230813809,0.007224945674434434,0.0022815623928581427
522.25,0.08125,-0.010489899354697142,0.002060084685012605,-0.48582688487236153,0.059206157582471775,1.457480654617084,0.1776184727474153,0.031508269660384246,0.0011343492367174904,0.002745683060232657,0.0009455060407122034,0.0242212022511916,0.001424327265129962,0.020338220029432516,0.00038989960973592026,-0.3038289533197653,0.03702664430208927,-0.0018412141838466355,0.0003615913760194456,-2.539460632873144,0.6598923564218806,-2.612458544964457,0.6391204540156074,0.06561666655940432,0.020017503002370676,0.007381245531909077,0.0022743265425527993
522.25,0.08541666666666667,-0.010632659411417677,0.002037382489718536,-0.48985392092201124,0.05801014464595358,1.4695617627660331,0.17403043393786075,0.031432779360063896,0.0012232426453580184,0.0026781616484088046,0.0009580443321361557,0.02412007769974532,0.0015013499673521393,0.02033258517433812,0.0004001497061006379,-0.3063474023171677,0.03627867550402178,-0.00186627179712134,0.00035760662816186205,-2.4937298812980635,0.6918879733207111,-2.5682466859874107,0.6711282832836319,0.06698054602795027,0.019916026398279694,0.007536258661394337,0.002263620405985842
522.25,0.08958333333333333,-0.010774026400821967,0.0020138879467875804,-0.4938086015706638,0.05678763134649602,1.4814258047119921,0.17036289403948804,0.031351575651878745,0.0013146307699174365,0.0026099573930747516,0.0009704460977207535,0.02401443031557763,0.0015791534243030122,0.020323393173075393,0.00041987397193350847,-0.3088206013090936,0.03551413370000868,-0.0018910848956285565,0.00035348280540391534,-2.4461787065831064,0.7238358034870752,-2.522205789518457,0.7031216339137716,0.06833664701103712,0.019798308926081996,0.007690435924312481,0.0022510768474513134
522.25,0.09375,-0.010914052811885459,0.0019896406328019983,-0.49769372927825206,0.05554030778733794,1.4930811878347543,0.16662092336201376,0.03126488867700751,0.0014081604614932222,0.00254109914168353,0.000982714899837242,0.02390444323130626,0.0016576672843286334,0.020310786361802776,0.00044808886857570433,-0.3112503029139554,0.03473407586779327,-0.0019156626923685996,0.0003492268543293758,-2.3968831517520153,0.7557205474507237,-2.474412146859947,0.7350820544722253,0.06968519423690954,0.01966513204475534,0.007843800871021213,0.002236783561503078
522.25,0.09791666666666667,-0.011051454080804284,0.0019639924063497294,-0.501444319335432,0.05424653293509947,1.5043329580062967,0.16273959880529842,0.031167788552787377,0.0015036856145841926,0.0024710282486498304,0.000994675570767741,0.02378623547138821,0.0017368514184125346,0.02029167380914058,0.0004835256652422258,-0.31359586667403877,0.033924968179774875,-0.0019397797173902527,0.0003447250114863096,-2.3443342556116473,0.7871400235429606,-2.423347116152735,0.7666196642457115,0.07101745868105482,0.019501822506274705,0.007995401860032815,0.002219072016636944
522.25,0.10208333333333333,-0.011187298976890466,0.0019375815836335472,-0.5051168006559427,0.052927919704528016,1.5153504019678286,0.15878375911358403,0.031064837638644167,0.0016006413717908848,0.0024003053222659883,0.0010064786798656851,0.023663429521036818,0.0018164965645485098,0.020268885180451935,0.0005247783961790332,-0.3158925823683683,0.033100326865373814,-0.0019636235638390807,0.00034008931578058117,-2.2900130067133673,0.8183419203889133,-2.3704973284649875,0.7979654013918741,0.07233854011450808,0.019322887717443445,0.008145781637112584,0.002199589640701808
522.25,0.10625,-0.01132168916046771,0.0019104648181357197,-0.5087164358952868,0.051586800960227504,1.5261493076858612,0.1547604028806825,0.030956449452214194,0.0016988819680046245,0.002328979501514318,0.0010181338181172333,0.023536352527884483,0.0018965767534568922,0.02024267813035401,0.0005707828230177863,-0.3181437411898544,0.0322616108866574,-0.001987212075397237,0.0003353297111774839,-2.2340519555261174,0.8493390409980147,-2.315995995844449,0.8291299739324655,0.07364903590044332,0.019129521043767188,0.008295004417888531,0.0021784706527571305
522.25,0.11041666666666666,-0.011453213317378409,0.0018819340285463296,-0.5121747982010049,0.050199252104299784,1.5365243946030147,0.1505977563128993,0.030837787137369052,0.0017986044726493856,0.0022565574149672704,0.001029471301788294,0.023401235451881098,0.0019772052801555725,0.020209981351360803,0.00062084498094531,-0.3203065500544422,0.03139385840010217,-0.002010297534564584,0.00033032191341965253,-2.175094794428816,0.8797065423369216,-2.2584733406388553,0.8597027951234948,0.07493681586662343,0.018906796219205612,0.008441730343416309,0.0021540167697210203
522.25,0.11458333333333333,-0.011582884143812108,0.0018525312465730746,-0.5155432888995253,0.048785405140740284,1.5466298666985767,0.14635621542222088,0.030712770399568767,0.0018995282094705706,0.002183486318985387,0.0010405945917769676,0.02326116620134315,0.0020582526530013253,0.02017325023577791,0.0006742703756082901,-0.3224131545272115,0.030509659389710266,-0.002033057692387636,0.0003251610613100977,-2.1143566627020425,0.9096722660187171,-2.1991520683237007,0.8899007942420155,0.07620870215000926,0.018665984103817042,0.008586703471648336,0.0021275086841355158
522.25,0.11875,-0.011710885402092659,0.0018223647889008372,-0.5188309527829019,0.04734955723751379,1.5564928583487052,0.14204867171254135,0.03058205540025701,0.0020014869341778755,0.00210983601725864,0.0010515224793571402,0.02311665811113962,0.002139656722373665,0.020132899401149214,0.000730423563885587,-0.3244692110938773,0.029611701264213214,-0.002055524803303324,0.00031986616687265375,-2.052028099765977,0.9392729285968835,-2.138224346130273,0.9197577074430981,0.07746616153431482,0.018409301518846413,0.008730084829981404,0.002099196705404707
522.25,0.12291666666666666,-0.011835775915751672,0.0017908394613141878,-0.5219693601260527,0.04587318007627485,1.5659080803781587,0.13761954022882458,0.030440984866810003,0.0021043228502269375,0.002035161157072227,0.001062047149755439,0.02296410308029166,0.0022212204224722884,0.0200859505703452,0.0007888590755533625,-0.3264319248543792,0.028688396834236067,-0.002077445908301713,0.00031433276008386885,-1.9868759923066326,0.967967603647156,-2.0744420125194822,0.9487457621473984,0.0786956476977699,0.018123114030587865,0.008870372515080079,0.002067528428890517
522.25,0.12708333333333333,-0.011958632542740339,0.0017585133126343112,-0.5250114984715869,0.04437518678947618,1.5750344954147597,0.13312556036842857,0.03029340093278725,0.0022077192010513218,0.0019598697893603223,0.001072314146467554,0.02280650644307608,0.0023028410991515675,0.020034832006477408,0.0008490021033328034,-0.3283344333818708,0.02775157391653767,-0.0020990100202671726,0.0003086587911118145,-1.9200133521259062,0.9960841088566885,-2.0089276061503574,0.9771791895796811,0.07990574286612016,0.017819739407513312,0.009008511158331829,0.0020339029779260728
522.25,0.13125,-0.012079715682956432,0.0017255117907345957,-0.5279699056623737,0.042860340127693373,1.5839097169871215,0.1285810203830801,0.030140178964542953,0.002311605576864617,0.00188404949352826,0.0010823581730302657,0.02264454910496937,0.002384512957841895,0.019980100759039554,0.0009105589006764557,-0.3301845776682832,0.02680421109422733,-0.002120262845261221,0.00030286627889070615,-1.8516812743568416,1.0237048151097603,-1.941924785798286,1.0051371506479125,0.08109875585704172,0.01750197316739541,0.009144755584401724,0.0019986369180426417
522.25,0.13541666666666666,-0.012197586247125912,0.0016913061483402655,-0.5307782478655733,0.041311277980909555,1.5923347435967201,0.12393383394272868,0.029977058020027578,0.002415739135997815,0.0018073365834211004,0.0010919971273216555,0.022474960960007673,0.0024659898450079686,0.0199190010519605,0.0009732149729570462,-0.3319408735573441,0.025835450509970513,-0.002140951790623662,0.0002968624163354543,-1.7808547691897139,1.0503081379464483,-1.8723916925667607,1.0321083076296556,0.08225950856610052,0.017158386781953694,0.009277414810945885,0.001960429116291568
522.25,0.13958333333333334,-0.01231310876405118,0.0016562051242812524,-0.5334788720140398,0.03974064369700875,1.600436616042119,0.1192219310910263,0.029807085041988802,0.002520391813235413,0.0017300510130801418,0.001101332822686355,0.02230012276374201,0.0025475065070766395,0.019853461157446746,0.001037072550476856,-0.33362980416929566,0.02485319908521516,-0.00216122860067916,0.0002907013940815985,-1.7084276213666019,1.0761519131718928,-1.8012302958039719,1.0583447184819597,0.08339537318218618,0.016796425255294782,0.009407301255184292,0.0019201217685574665
522.25,0.14375,-0.01242664462366443,0.001620386213671693,-0.536088541029428,0.03815556929790795,1.6082656230882852,0.11446670789372389,0.029631350521678302,0.0026254633328496512,0.001652288313045483,0.0011104096184784927,0.022120873160224017,0.0026290350103603095,0.01978418461896452,0.001101926561639802,-0.33526185278644377,0.023861917046802912,-0.0021811567075204832,0.0002844143665292585,-1.6346664990715205,1.101355423433495,-1.728711376938956,1.0839617043911411,0.08451005122585374,0.016419771636084712,0.009534826641581775,0.0018781333381359085
522.25,0.14791666666666667,-0.012536657141463271,0.0015833424921532868,-0.5385379915338961,0.03654228872037911,1.6156139746016882,0.10962686616113732,0.029445610685076486,0.002730613849668976,0.001573723250585644,0.0011189989177025567,0.021933981373796693,0.0027101993527902015,0.01970840060939661,0.0011675744267322296,-0.3367937031121354,0.022852995172034853,-0.0022004663883213008,0.00027791235700791683,-1.5586600032837805,1.1252662466145176,-1.6539044686169357,1.108318539381631,0.08558638980346586,0.016016825517501138,0.00965807552968871,0.0018331432427172677
522.25,0.15208333333333332,-0.012644121626337622,0.0015455514477298329,-0.5408725615594795,0.03491838113813484,1.622617684678437,0.10475514341440453,0.029252827781112264,0.0028356148654194286,0.0014946183876809048,0.0011272184991794757,0.02174172769012198,0.002790923237000373,0.01962801809569143,0.001233726345285466,-0.33825370888513717,0.021837427385858373,-0.0022193288318128885,0.00027127917544324487,-1.4811397053768485,1.1482079143323338,-1.5775521916036996,1.1317285603677842,0.0866343324895206,0.015597289479889122,0.00977815373733196,0.001786248149883063
522.25,0.15625,-0.012749501927109762,0.0015071797840758914,-0.5431135170959637,0.0332903457971306,1.6293405512878916,0.09987103739139178,0.029054352801842574,0.0029405303543001532,0.0014150862400785804,0.0011351447939319597,0.02154514696549258,0.0028713147018395325,0.019543912812845905,0.0013003170193270435,-0.33965516953665126,0.020819278175298193,-0.002237825453936609,0.00026454408209406106,-1.4024195007406743,1.1703836429878147,-1.4999738944914942,1.1543905110375101,0.08765878575159763,0.015165322521422627,0.009895607999222268,0.0017379216728156605
522.25,0.16041666666666668,-0.012851311718013016,0.0014677550870371948,-0.5451957827274754,0.03164363392812808,1.635587348182426,0.09493090178438428,0.028846455286411377,0.003045058075455017,0.0013348901360557205,0.00114259976246684,0.021341434013560052,0.0029510665670074176,0.01945361427887199,0.001367157275946753,-0.34095738784009316,0.019789448794447505,-0.0022556953709612754,0.0002576241576098474,-1.3218266681113904,1.191238264494141,-1.4204768331190747,1.1757575618213656,0.08864174340978305,0.014711559516380084,0.010008421597901135,0.0016870969607817692
522.25,0.16458333333333333,-0.012950343570813112,0.0014275847747848404,-0.5471560302544753,0.029992489380123843,1.6414680907634258,0.08997746814037154,0.028631508993239303,0.003149282102980925,0.0012542366305911203,0.0011496708904698194,0.02113241339142669,0.003030286604855262,0.01935865493801959,0.0014342538174899164,-0.3421832978524347,0.018756847449372283,-0.002273077697126922,0.00025057336082069963,-1.2399462683996492,1.211021811629239,-1.339655449806963,1.1960739175882564,0.08959164843745124,0.014242777044032021,0.010117532969862201,0.0016345394914952613
522.25,0.16875,-0.013047144570367337,0.0013868622216134197,-0.5490186227678348,0.028346808710796444,1.6470558683035035,0.08504042613238931,0.028410967063527092,0.0032532904756378002,0.001173229196708032,0.0011564320587090845,0.020919185791565965,0.003109087946053876,0.01925998914980937,0.0015016012017137724,-0.34334813587353946,0.017727663212107215,-0.002290068458178404,0.00024342563328143632,-1.1570710895690086,1.2299492574318525,-1.257809584499794,1.2155505995411444,0.09051484320940803,0.013763338156874175,0.010223651721378244,0.001580744263448293
522.25,0.17291666666666666,-0.013140114910272995,0.0013451472524304072,-0.5507148124337843,0.02669952939866156,1.6521444373013534,0.08009858819598471,0.028181067089847304,0.0033566577082450515,0.0010916656422689333,0.0011626409640424576,0.020698947818740814,0.003187007136770362,0.019155099461867334,0.0015690348918253115,-0.3444089079875609,0.016697479061414236,-0.002306386851970686,0.00023610371432478824,-1.0726388965951512,1.2472881963971965,-1.174354982631058,1.23346529836399,0.09139152946086604,0.013263931021796104,0.010324556575040287,0.0015246420576993092
522.25,0.17708333333333334,-0.013230040604697957,0.0013028095328905494,-0.5522797299506752,0.025068189865207802,1.6568391898520254,0.07520456959562344,0.027943921711187005,0.0034592652494756463,0.001009700448499064,0.0011683985990920821,0.020473302569027116,0.0032640325853317705,0.019045370500825547,0.0016363870674392829,-0.34538758445863055,0.01567726353719599,-0.002322170841737315,0.0002286724886196911,-0.9870839646005783,1.2633396585952827,-1.0897359535698448,1.250111648097994,0.09223073347220925,0.012751941634853292,0.010421255497056973,0.0014670696585809462
522.25,0.18125,-0.013317615738344352,0.0012600584913079651,-0.5537436434430868,0.023465575288726583,1.661230930329262,0.07039672586617973,0.02770124941126818,0.0035612990130673614,0.0009274389692789051,0.0011738136987668388,0.020243539690361374,0.0033403749303104373,0.018931942921733818,0.0017036973278258033,-0.34630309450711105,0.014675012220481738,-0.002337542255014966,0.00022116871556386805,-0.9007017837209599,1.278422039456139,-1.004257275769817,1.2658032071549574,0.09304080709572687,0.012232495397722684,0.010514684953130182,0.0014086081457130022
522.25,0.18541666666666667,-0.01340134363124757,0.0012165718150388676,-0.5550433412687824,0.0218904738723157,1.6651300238063464,0.06567142161694711,0.027449745825289095,0.0036621486291824926,0.0008447369318149475,0.0011786748310799813,0.020007220627714085,0.0034154679101972784,0.01881258220210396,0.0017706456150391237,-0.3471159064650504,0.013689967023792802,-0.002352238390676932,0.00021353582201097084,-0.8130928510669617,1.2918832489864849,-0.9174981235126654,1.279894391639404,0.09380258121787043,0.01169884068002994,0.010602691227832682,0.0013484775588733218
522.25,0.18958333333333333,-0.013481894960728276,0.0011725790787929513,-0.5562088011169787,0.02035914259086654,1.6686264033509357,0.06107742777259963,0.02719121396846159,0.003761954107837578,0.000761726321727059,0.00118309653855107,0.019765713633295056,0.0034894950573798986,0.01868846993829208,0.0018372371576714887,-0.347844767995084,0.01273229518943334,-0.0023663769677359356,0.00020581410350602305,-0.7246282072389746,1.3040544448181492,-0.829838094698372,1.292710492810421,0.0945237541303496,0.011156868831619171,0.010686133329048279,0.0012873461123393654
522.25,0.19375,-0.013560015357731886,0.0011282676955648343,-0.5572720483351628,0.01889367777847363,1.6718161450054874,0.05668103333542092,0.026927404220064243,0.0038610275889673093,0.000678500489061909,0.0011871765608031258,0.019520322420612756,0.003562739107416242,0.018560777826904625,0.0019036313408257305,-0.3485097072639249,0.01181581540355265,-0.002380088861258189,0.00019803645526110067,-0.635571437496245,1.315232437098049,-0.7415512267947341,1.3045450159424123,0.09521372288975846,0.010611625410687144,0.010766066408730476,0.001225779338599161
522.25,0.19791666666666666,-0.013634126913131364,0.001083306562037855,-0.5581680935044921,0.017507921244683648,1.674504280513476,0.052523763734050946,0.026655155367012403,0.003958811743494744,0.0005949747425223063,0.0011906673537164815,0.0192687517886677,0.0036346334175383905,0.018427330438523216,0.0019695987123653615,-0.34907008083363533,0.010949184091146567,-0.002393097112564945,0.00019014476116828476,-0.545703136824346,1.3246527428530164,-0.6523951897141398,1.3146407951203791,0.09585188269144801,0.010057489277638861,0.010840170198345603,0.0011631139833947575
522.25,0.20208333333333334,-0.013704739544974753,0.00103797788773891,-0.5589191957120303,0.016235550714400106,1.676757587136091,0.04870665214320032,0.026375734250368457,0.00405520408047463,0.0005112271458049352,0.0011936397576492324,0.01901195272873512,0.003705155502594454,0.01828896836568451,0.0020350131957638648,-0.3495398092240346,0.010153462820594131,-0.0024054912237868554,0.0001821885553714379,-0.4552451348168644,1.3325309874075033,-0.5625987671386042,1.3232085729870393,0.09644448798237813,0.009500545693585029,0.010909144339361581,0.0011000304648065707
522.25,0.20625,-0.013772790008253393,0.0009925369511673981,-0.5595644527889284,0.015114925414673526,1.6786933583667847,0.0453447762440206,0.026091118191911362,0.004150537970736603,0.00042732906171010155,0.0011962335326186882,0.018751373879573503,0.003774639108418402,0.018147039324906918,0.002100009455284915,-0.3499433436342162,0.009452640945400935,-0.002417435616575511,0.00017421264501103209,-0.36439044789897623,1.339298580169506,-0.4723684458315388,1.3306752404067668,0.09700364619150088,0.008947460338994146,0.010974351741061561,0.0010372706051461084
522.25,0.21041666666666667,-0.01383682995431606,0.0009468625085397339,-0.5600446882930353,0.014179663943132385,1.6801340648791059,0.04253899182939717,0.025798498561466945,0.004243925504602407,0.00034322223801686394,0.0011982255798793195,0.018484988049200415,0.0038423048720225613,0.017999598505288917,0.002164102931776494,-0.35024367598109796,0.008867743067807066,-0.0024286760730409525,0.00016619574906553492,-0.27299356963515614,1.344270918882775,-0.381537460853268,1.3363597324377423,0.09751025146572999,0.008396291831022465,0.011033639752381842,0.0009745788474219354
522.25,0.21458333333333332,-0.01389728397332416,0.0009009928510437393,-0.5603791375893361,0.013462947454356297,1.6811374127680092,0.040388842363068916,0.02549906698944635,0.004335717709614929,0.00025900001147493754,0.0011997272018327558,0.01821370384660887,0.003908488726848341,0.017847422517726235,0.0022274445646043367,-0.35045283576794806,0.008419519978514551,-0.0024392871183431582,0.00015814458850297008,-0.1813229281378681,1.3477675357754928,-0.2903796313200245,1.3405782038558112,0.09796915385054955,0.00785173390994244,0.011087549331606978,0.0009124680566049589
522.25,0.21875,-0.013955161066778216,0.0008551802704488454,-0.5606092644713401,0.013012161567493973,1.6818277934140207,0.039036484702481944,0.025194826587600125,0.004426366786144244,0.00017471302229445272,0.0012008732733752487,0.017938973493737163,0.003973599949616612,0.01769189196808517,0.002290267011637458,-0.3505967538575161,0.008137606194389019,-0.0024494458550272905,0.00015010344622526402,-0.08950930829123907,1.3502112125193313,-0.19904063630193092,1.3437501880098868,0.09839373964869738,0.0073221153912320395,0.011137588361994712,0.0008518445814638907
522.25,0.22291666666666668,-0.014009066822973544,0.0008093130807022073,-0.5606794464284172,0.012851822935829172,1.6820383392852511,0.03855546880748754,0.024883336746330052,0.004515091318314446,9.036019852958586e-05,0.0012014556615316148,0.01765907046100802,0.004036943523517264,0.017531281842748755,0.002352154822131585,-0.35064064477810086,0.008037334412924991,-0.002458907532355338,0.00014205271880842954,0.002424146108596966,1.3509602470579658,-0.10752287794056539,1.3452366025646036,0.09876537188100472,0.0068087589840920715,0.011181652168157847,0.0007927970361048341
522.25,0.22708333333333333,-0.014059096566934414,0.0007635891115814326,-0.5605949345736273,0.013000084051221845,1.6817848037208831,0.039000252153665496,0.024565046953012582,0.0046018087055263454,5.999753199175338e-06,0.0012014742038700449,0.017374353746813714,0.004098455974504245,0.01736586881446855,0.0024130566196991048,-0.35058779245523575,0.008130056203970414,-0.002467688882021357,0.0001340271298451533,0.09430336654535144,1.3500174296577294,-0.016001768429035453,1.3450383680700486,0.09908526110253194,0.006320771417835474,0.01121987387185516,0.0007362879381594984
522.25,0.23125,-0.014106437058599845,0.0007183166549758777,-0.5604034243869233,0.013450774299741609,1.6812102731607688,0.04035232289922478,0.024242103844990724,0.0046870894480313015,-7.835237802013493e-05,0.001201105749752377,0.017086352521201293,0.004158664282191057,0.017197159516841552,0.002473251686335812,-0.3504680249555117,0.008411912709694484,-0.0024759982071900157,0.0001260807915228124,0.18610494515813306,1.3479320926828586,0.07548168672839399,1.3437015129989909,0.09936922066918738,0.005870695071238807,0.01125403776055181,0.0006836634840066933
522.25,0.23541666666666666,-0.014149781518845906,0.0006735598666013519,-0.5600534491972782,0.014168526155945606,1.6801603475918339,0.042505578467836834,0.023912349006068787,0.004770026488163823,-0.00016267052743054657,0.001200159487577373,0.0167935587032453,0.0042167961798052715,0.017023609569335962,0.0025322253990089716,-0.35024915580233623,0.008860785778184298,-0.002483606138619833,0.00011822496461807678,0.2777275317410343,1.3441170624336358,0.1668456220486296,1.3406394289274197,0.09959974473584945,0.005466495681092636,0.0112821649565547,0.0006357322718251862
522.25,0.23958333333333334,-0.014189168046205838,0.0006294778944082585,-0.5595479270116859,0.015107595902783292,1.678643781035057,0.04532278770834989,0.02357612193549077,0.004850611548650121,-0.00024689849768400355,0.0011986669261143947,0.016496252092689314,0.00427287218912818,0.016845419296643575,0.002589941708037734,-0.34993300982093717,0.009448067185563248,-0.0024905193634636048,0.00011048758318957783,0.3690018819315505,1.3386679894568374,0.257920443665408,1.3359457224677218,0.09977714970751467,0.005120206621082645,0.011304288558627517,0.0005937897020919155
522.25,0.24375,-0.014225898713561908,0.0005863879147652393,-0.5589385209749452,0.01623155243748065,1.6768155629248356,0.04869465731244194,0.02323564776850637,0.004929654752597781,-0.0003310457984826573,0.0011968205147045935,0.016195999373382515,0.004327599670637082,0.016664168831363325,0.002646838947675036,-0.34955189640851897,0.010150973856720607,-0.002496966424911138,0.00010292431885140628,0.45998282668022317,1.3321793491445615,0.34874158785749504,1.330213136482139,0.09991886244628545,0.004848429259727187,0.011322376376442875,0.0005596744719399388
522.25,0.24791666666666667,-0.014258811939334337,0.0005444067116097175,-0.5581804599650219,0.01749383017167112,1.6745413798950655,0.05248149051501338,0.022889198537971844,0.005006421545342609,-0.00041504991797930744,0.001194474592668326,0.015891622890591015,0.0043803625955194225,0.01647859211365919,0.0027024895511315473,-0.3490778163890834,0.010940384642073203,-0.0025027434391683046,9.555566982139604e-05,0.5504613515609594,1.3242018357877918,0.43911749069197253,1.3229920513287128,0.10000920735311138,0.004660686062261978,0.011334653515875754,0.0005345016154569937
522.25,0.2520833333333333,-0.014287578700177021,0.0005039521424803951,-0.5572627631592237,0.018869791758810497,1.6717882894776703,0.056609375276431506,0.02253661663007173,0.005080640711970208,-0.0004988244033269752,0.001191548037770516,0.015583072325911392,0.004430905567586032,0.01628851656233907,0.002756768510698534,-0.3485039024837705,0.011800891345483493,-0.002507792655208986,8.845497953222189e-05,0.6401776678364189,1.3145148961838127,0.5287927756309766,1.314060653878679,0.10004422393914823,0.004569914226908924,0.011340668266293505,0.0005198854315148136
522.25,0.25625,-0.014313614554662712,0.0004656313024351223,-0.5562402965581877,0.02033771735576235,1.668720889674563,0.06101315206728705,0.022180067483995775,0.005153138281002015,-0.0005824327515049136,0.0011882477328054107,0.015271833976934391,0.004479956803401238,0.016095518273282913,0.0028101163423076554,-0.347864467097347,0.012718910868218995,-0.00251236253552401,8.172880687388456e-05,0.7293481258171923,1.3037492578028296,0.6179627104405676,1.3040485036168687,0.10004285275333473,0.004584877384100484,0.011342562623290474,0.0005170837943496038
522.25,0.2604166666666667,-0.014335803939102066,0.0004299881432468165,-0.5550706780341372,0.021869588018908318,1.6652120341024113,0.06560876405672492,0.021818011641560494,0.0052230673307330135,-0.0006657902623309526,0.0011844232659104096,0.014956879174412277,0.004526813498358902,0.015898448793096653,0.0028620360524067505,-0.34713300508783146,0.013676920719283808,-0.0025162572734980498,7.547262766419308e-05,0.817700184931615,1.2914496087473504,0.7063712385290604,1.2924986026410739,0.09999028836499485,0.004701218474994037,0.011338658037559728,0.0005259229497803057
522.25,0.26458333333333334,-0.014353751622552154,0.0003978167314651756,-0.5537398126391556,0.023442259802902782,1.6612194379174676,0.0703267794087083,0.02145008329604,0.005289934893857821,-0.0007488294754073548,0.0011800342826923048,0.014637996955633266,0.004571099017312377,0.01569700175565909,0.00291220635661512,-0.3463007016482281,0.01466044678034623,-0.002519407497176857,6.982581851151955e-05,0.9050281371406576,1.2775048169340266,0.7938182999449074,1.2792965852480953,0.0998814579580872,0.004908817273572435,0.011328379237663142,0.0005455399351843633
522.25,0.26875,-0.01436902782369279,0.000369892297116466,-0.552308102451777,0.025051291972794314,1.6569243073553312,0.07515387591838289,0.021078595034489087,0.0053550028662173055,-0.0008316395008644077,0.0011753094655715828,0.014316759556208505,0.004613868625384368,0.015492875417336143,0.0029613551534308515,-0.3454053313539901,0.015666711926498388,-0.0025220888153920647,6.492444978907171e-05,0.9916250081584785,1.2626079643315682,0.8805736688393864,1.2651374776960616,0.09973724914132594,0.005197066533785189,0.011314090177766379,0.0005748671155568518
522.25,0.27291666666666664,-0.014380692435785802,0.0003469780876045489,-0.550740747494452,0.026679979484646704,1.6522222424833564,0.08003993845394013,0.020702428293122507,0.005417693880975045,-0.0009141118953902176,0.0011701434222694236,0.013992452713101454,0.004654644746229123,0.015285202153088878,0.003009140226549182,-0.3444251308100583,0.01668526905625896,-0.0025241362181848384,6.090248864927458e-05,1.077150224769689,1.2464456390764966,0.9663105720648494,1.2497065365651643,0.09954526890610982,0.0055480403181634,0.011294383798728129,0.0006119078225516934
522.25,0.27708333333333335,-0.01438812603434514,0.00033013042120906766,-0.5490158989262054,0.0283171168576876,1.647047696778616,0.08495135057306279,0.02032105685902036,0.005477430584552474,-0.000996130571810697,0.001164449095942536,0.013664786423616118,0.004692956656110638,0.015073527788165267,0.003055216085565654,-0.3433464361005302,0.017709110773284995,-0.0025254409825721494,5.794534280037887e-05,1.1612585437406204,1.2287863687422758,1.0506922139210002,1.2327689966520736,0.09929793360507357,0.005946865607340005,0.011268396214546873,0.0006549350770612821
522.25,0.28125,-0.014392886806855583,0.0003204404235810549,-0.547192110795915,0.029967563780874774,1.6415763323877453,0.08990269134262431,0.0199365053365522,0.005535277466699171,-0.0010778404848864954,0.001158421995798385,0.013335089800737217,0.004729690426147534,0.014859386432538499,0.003100204287866439,-0.3422058660473297,0.01874127602914931,-0.0025262766056392437,5.624452943021545e-05,1.2444093412403299,1.2102188258691973,1.1341549831199995,1.2149153451253594,0.09901588959081647,0.00638693018612598,0.01123846852951255,0.0007031211010816239
522.25,0.28541666666666665,-0.014394067102695808,0.0003184261882913117,-0.5452362195040942,0.03162002711430124,1.6357086585122824,0.09486008134290369,0.01954777864080682,0.005590513737427736,-0.0011591193678199886,0.001151944467679917,0.013002745668857871,0.004764253871872646,0.01464198799923823,0.003143676979165177,-0.3409826806156819,0.019774702175717668,-0.002526483774208616,5.589098565828037e-05,1.3262283441613782,1.1904094011174826,1.216337504391469,1.1958090260793504,0.09868755509495887,0.006855538308781586,0.011203284674951507,0.0007549516259388157
522.25,0.28958333333333336,-0.014390909784861955,0.0003240249037516092,-0.54312133082113,0.03326003170807786,1.6293639924633914,0.0997800951242336,0.0191541969134861,0.005642393510837684,-0.0012398332511119063,0.001144944569372629,0.012667368026306662,0.004796069742864029,0.014420757025110252,0.0031851558234509106,-0.33966006057769405,0.020800336954415275,-0.002525929593641001,5.6873686632642416e-05,1.4063151452279372,1.1691623075119408,1.2968497895229283,1.1752494351296774,0.09830357641990214,0.007340684325609198,0.011161779285106052,0.0008089876574371937
522.25,0.29375,-0.014385134768033684,0.0003367648681075763,-0.5409110899756279,0.03489702895543826,1.6227332699268828,0.10469108686631481,0.01875780247239846,0.005692301481992236,-0.0013201820889254953,0.0011376449557716282,0.012330259620910501,0.004826274077733865,0.014197279035870983,0.00322546287126015,-0.3382778086955901,0.021824090881989305,-0.0025249159477959233,5.9109838027498605e-05,1.4852869505209154,1.1471278748911535,1.3762842200120837,1.1538916491901505,0.09788624691554,0.007841527059188488,0.011116483593292379,0.0008650593255595483
522.25,0.29791666666666666,-0.014375990476034156,0.00035559182064408377,-0.5385785209030557,0.0365212605005138,1.6157355627091676,0.10956378150154139,0.018357865951504165,0.005739661711936418,-0.0014000450135746014,0.0011299651596660097,0.01199099017935721,0.004854404931456683,0.013970952825487234,0.003264244260311557,-0.3368190545219819,0.022839861119384772,-0.0025233109180848212,6.241439328362724e-05,1.5627771841498592,1.1240814357702882,1.454284713958334,1.1315082347509442,0.09742614438252054,0.008349856138641629,0.011066325809005148,0.0009221916487997977
522.25,0.3020833333333333,-0.014362649541145616,0.00037915302945942727,-0.5360950973682876,0.038121124112112985,1.6082852921048634,0.11436337233633892,0.01795381273891949,0.005783910424851282,-0.0014792405284385051,0.0011218427487467895,0.011649281727178558,0.004880024947383485,0.013741243744508235,0.0033011372992551983,-0.33526595820823246,0.0238403921584037,-0.002520969282792434,6.654991740950535e-05,1.6382481105877786,1.0998614905657031,1.5303245251363262,1.1079343093972562,0.09691340590360092,0.008857047302283948,0.01101017954785249,0.0009793583451042798
522.25,0.30625,-0.014346763097036792,0.00040685069511394996,-0.5335209244584876,0.03971150187714173,1.6005627733754626,0.11913450563142522,0.01754740936499473,0.00582623878030774,-0.0015580008400265357,0.0011134400386274494,0.011306219195167002,0.004904084568154845,0.013509565113321199,0.0033368790198576312,-0.333656108567739,0.02483499086299444,-0.002518180853157885,7.141148310600683e-05,1.7124163090176272,1.0749566616592203,1.6050965370986143,1.0836626163889755,0.09636930821791183,0.00936763930508748,0.010950463701100855,0.0010370424328121142
522.25,0.3104166666666667,-0.014327650574803537,0.0004377172683668829,-0.530832140269115,0.04128535396234321,1.5924964208073447,0.12385606188702963,0.01713810570874216,0.00586607942939966,-0.001636193410417947,0.0011046721991104023,0.010961507307504188,0.004926122691169913,0.013275434219182746,0.003371127967172733,-0.3319745827074643,0.02581925457510115,-0.002514826173972217,7.68292636354829e-05,1.784891988587326,1.049154138848498,1.6782199618288902,1.058476823057335,0.0957857694194839,0.009876260339316682,0.010886257338950834,0.0010946190030895638
522.25,0.3145833333333333,-0.014304239243165517,0.00047073136501578274,-0.5279916910552985,0.04282687544831755,1.5839750731658957,0.12848062634495264,0.01672514352697808,0.005902454902021527,-0.0017135864143887085,0.0010954506384707606,0.010614773830481088,0.004945386310095158,0.01303815097800788,0.0034032543565897843,-0.3301982078045857,0.026783299317217117,-0.0025107169566749754,8.262398300899331e-05,1.8549988399343114,1.0222342591061513,1.7490323425718846,1.0321500943248665,0.09515035781590687,0.01037435985308574,0.01081613954651931,0.0011511053203417465
522.25,0.31875,-0.014278323810987358,0.0005055484215814277,-0.5250633513995718,0.044350505403278874,1.575190054198715,0.1330515162098366,0.016310139184615973,0.005936788857455167,-0.0017904952370898326,0.001085982894931586,0.010266938695709943,0.004963026882031922,0.012799081343366818,0.0034341206959447863,-0.32836686751026417,0.02773615492929263,-0.002506168213193886,8.873516255617842e-05,1.9236774665695218,0.9947642195159415,1.818449810837765,1.0052562762861506,0.0944850423228874,0.010868310366658477,0.010742613408869754,0.001207198472559106
522.25,0.3229166666666667,-0.014249349258433816,0.0005415517230732811,-0.5220278412911981,0.04584818580636463,1.5660835238735935,0.1375445574190939,0.015892679150686234,0.005968588963427552,-0.001866804464180375,0.0010762190837105264,0.00991779110290103,0.004978661632684045,0.01255785129444356,0.003463413067731272,-0.32646850437974123,0.02867278200835445,-0.002501082525016307,9.505455487164657e-05,1.9905900565705925,0.9666222610913467,1.886141785366725,0.9776699045848419,0.09378333228124291,0.011353502359183882,0.010664938922625402,0.0012623693452704645
522.25,0.32708333333333334,-0.014216283421445057,0.0005780581067784703,-0.5188510263897641,0.04730962534686543,1.5565530791692916,0.1419288760405963,0.01547233006008265,0.005997280309612413,-0.001942229813238496,0.001066081248889454,0.009567225634677283,0.004991836450836181,0.012313953377804526,0.003490769140089568,-0.324481771309265,0.029586744484517803,-0.0024952787240449265,0.00010146224947444032,2.05491817739066,0.9376247099107275,1.9513021263197112,0.9492044488779554,0.09303419965058758,0.011823065890438248,0.010581851420362004,0.0013158333798818718
522.25,0.33125,-0.014180871655979827,0.0006152222128545571,-0.5155938147131806,0.04875201477421901,1.5467814441395424,0.14625604432265701,0.01505044670743531,0.006024156389378416,-0.0020171225906320243,0.0010557331210927852,0.009215951864393775,0.005003576860201301,0.012068593989034737,0.0035169946304649366,-0.3224447592812965,0.030488793349622886,-0.0024890631596581796,0.00010798538920376786,2.1177036810297025,0.9082197854322742,2.0149495182397716,0.9203141142975171,0.09225843993484092,0.012285159190387984,0.010495722855088837,0.0013684947193390484
522.25,0.33541666666666664,-0.014142673418410308,0.0006527316826947909,-0.5122413264323363,0.05016968804651669,1.536723979297009,0.15050906413955012,0.014626783493800451,0.006048844944385006,-0.0020913738294046085,0.0010451341705083926,0.008863873178645685,0.005013591656771852,0.011821522412181835,0.0035418539346963444,-0.32034816267141847,0.03137538518302897,-0.0024823585065025275,0.00011456914807152865,2.1786357793697118,0.8783215960820545,2.0767785262294676,0.8909098097312884,0.09145124918517032,0.012736424577579815,0.010406003955072194,0.0014199692679995228
522.25,0.33958333333333335,-0.014100340017434309,0.0006901018312177081,-0.5087488741619782,0.05154537827488557,1.5262466224859348,0.15463613482465677,0.014200757519387684,0.0060701461343409275,-0.0021646157929523457,0.0010341658809306224,0.008510837434084782,0.005020947419300244,0.011572066445804977,0.0035645841516448048,-0.3181640346420555,0.032235721341930035,-0.0024749280388028927,0.00012112845290242204,2.2366816323598973,0.8477028082339483,2.1357717787371073,0.8607538282864603,0.0905987499240308,0.013167245496558814,0.010311103698760763,0.0014691790566096897
522.25,0.34375,-0.014055708167246803,0.0007275646625022087,-0.5051791133736482,0.052897565326594474,1.5155373401209438,0.15869269597978344,0.013773513405628053,0.006089556826097139,-0.002237276698556361,0.0010230150320006094,0.008157351204943557,0.0050268331657056155,0.01132133825482327,0.0035861135534346216,-0.3159315590089851,0.03308135900148928,-0.002467094141370909,0.00012770402565061902,2.2930757914601827,0.8168189614308466,2.1931409164010405,0.8303102348316077,0.08972150322108409,0.013587445815668722,0.010213371838060065,0.0015172168871981006
522.25,0.34791666666666665,-0.014008436095738626,0.00076490122391381,-0.5015206813669351,0.05422091497156856,1.5045620441008045,0.16266274491470561,0.013344895935008816,0.006106777806011954,-0.0023092646779711563,0.0010116587093050506,0.007803369696525555,0.005031021605837499,0.011069163123221499,0.0036062459868551936,-0.3136436297090325,0.033908962239842085,-0.0024587968254846802,0.00013425743518512701,2.3475597368628813,0.7856345056366317,2.24863138830492,0.7995400067434217,0.08881594806703139,0.0139941422724333,0.010112400490930307,0.001563754188439111
522.25,0.35208333333333336,-0.013957189587999705,0.0008016029389244906,-0.4977303371725104,0.05549755978059047,1.4931910115175315,0.1664926793417714,0.012914517086201442,0.006120793976709503,-0.0023801768795574407,0.0010000158000847473,0.007448903395444068,0.00503274077147674,0.010814981819361072,0.0036243166021828373,-0.31127320445440726,0.03470735678672662,-0.0024498019063028047,0.00014069941484233918,2.399013041125793,0.7540010057868894,2.301137178353614,0.7682865245325982,0.08786915820811333,0.014377782825443818,0.010006704564064578,0.0016077173667910923
522.25,0.35625,-0.013903830959049889,0.0008380998021257015,-0.4938706332748476,0.056750862450668633,1.4816118998245427,0.1702525873520059,0.012483346950855938,0.006133187123512951,-0.0024504868858433106,0.0009882362751120909,0.0070943033866661355,0.005033214839990382,0.010559815175043162,0.003641338160892649,-0.3088594026655267,0.03549115354102867,-0.002440436262159705,0.00014710543838172523,2.44878359352486,0.7222584750513339,2.3519838877521972,0.7369000110178157,0.08690113291672694,0.014750191986034694,0.009898572855935187,0.0016504274745510424
522.25,0.36041666666666666,-0.013848132072507992,0.0008742678278226065,-0.48993423265040187,0.057977632218659904,1.4698026979512053,0.1739328966559797,0.012051330246476718,0.0061437888266654556,-0.0025201232920224474,0.0009763070794004716,0.0067395810703869945,0.005032316498218137,0.010303573608817467,0.0036571993822744064,-0.3063976358784479,0.03625835707217379,-0.002430659849969488,0.00015345374351441953,2.4966745813735316,0.6903937707613742,2.4009771036322958,0.7053646418195233,0.0859097198333857,0.01510956783609192,0.009787757907848344,0.0016916789321884465
522.25,0.3645833333333333,-0.013788565604027645,0.0009096762299063898,-0.4858728659423438,0.05915812770417481,1.4576185978270317,0.17747438311252436,0.011618262800982,0.006151239800836335,-0.002588574545433704,0.0009640998588383668,0.006384953797498726,0.005028992087723279,0.010045751026864844,0.0036710323080602026,-0.3038577171225303,0.036996621299887414,-0.002420204589824544,0.00015966871755178382,2.541312774569435,0.6582536261955343,2.446758314215274,0.6735128762023267,0.08488172152354803,0.015444110249737212,0.0096727388306129,0.0017301443956100559
522.25,0.36875,-0.013726945243648425,0.0009447319689853341,-0.48174565252330687,0.0603133850532838,1.4452369575699204,0.18094015515985143,0.011184738210699636,0.006157026845998262,-0.002656375256071412,0.0009517716044853394,0.0060304632776377555,0.005024402214897773,0.009787145191526249,0.0036837794657631497,-0.3012766188158836,0.03771910199576328,-0.0024093888252773687,0.00016582179126916667,2.5841784682749376,0.6261661755248997,2.490788066170285,0.6416807396744073,0.08383485354950883,0.01576573257941409,0.009555548555143937,0.0017671624168580872
522.25,0.3729166666666667,-0.013663113762315387,0.000979341928457631,-0.47754762621998914,0.06144068943359826,1.4326428786599679,0.18432206830079478,0.010750736017236752,0.006161016694451512,-0.0027234725732927217,0.0009393159287844248,0.005676132415583702,0.005018448386853735,0.009527704265485427,0.0036953507156782177,-0.2986512351912111,0.03842410135040483,-0.002398184959078814,0.00017189662060050962,2.6251294750325984,0.5941542470093346,2.532925693323924,0.6098864532014091,0.08276775198362887,0.01607296685069056,0.009436029725045729,0.0018025662827713727
522.25,0.3770833333333333,-0.01359550734106237,0.0010128707088684146,-0.4732298004573749,0.06251415245694529,1.4196894013721242,0.18754245737083586,0.010316132266804029,0.006161914003098475,-0.002789324955344599,0.0009266884376096211,0.005322256490617449,0.0050101830257345,0.00926695767233151,0.003704861898994661,-0.2959509307284604,0.03909542906979133,-0.0023863185056914953,0.00017778167859506248,2.6627180584247223,0.5622563901465262,2.571738061233484,0.5781528411973366,0.08166732504281762,0.016352750102515794,0.009312672148420907,0.0018348793869898922
522.25,0.38125,-0.013526039521176673,0.0010459710945782607,-0.46885393828466454,0.06356411212494938,1.4065618148539933,0.19069233637484814,0.009881434008889182,0.006161421571261597,-0.002854521474353327,0.0009139764542969531,0.004968777503975052,0.0050008746599555,0.00900568048709077,0.0037134514098385507,-0.2932143311513267,0.039752058099917054,-0.002374125334816393,0.00018359154364705393,2.6985566518405264,0.530580121018529,2.608817526034443,0.5465988720872422,0.08055158083827675,0.01662032935133411,0.009187544967806306,0.0018658206302349142
522.25,0.3854166666666667,-0.013454643611300108,0.0010786070871931213,-0.46441806043064476,0.06458972160481698,1.3932541812919343,0.19376916481445097,0.009446657386249297,0.00615949901124653,-0.002919034574162225,0.0009011761861815704,0.004615726355454767,0.004990492635421921,0.008743864639270954,0.0037210925605105976,-0.290440198653956,0.0403934588443482,-0.0023615937406143484,0.000189319897225536,2.7325736662857065,0.4991596541437596,2.644092991263419,0.5152525007795055,0.07942007833223892,0.016875161756775003,0.009060596690047244,0.0018953280160732442
522.25,0.38958333333333334,-0.013379753594131759,0.0011102169316673923,-0.45987484274031054,0.06556743962175722,1.3796245282209314,0.19670231886527162,0.009012016052125689,0.006154891909169322,-0.0029822508993390226,0.0008882249726656571,0.004263687828497792,0.004978107122101404,0.008481227496742395,0.0037269407691172336,-0.28759893739203723,0.04100490907766654,-0.002348448851690592,0.0001948681386363701,2.7631838822523664,0.4680351616741063,2.6759915104164773,0.48413661064008473,0.07826182105828625,0.017104287727801926,0.008930550777605612,0.0019219330498781743
522.25,0.39375,-0.013303073814649558,0.0011413406262791234,-0.45527734885688553,0.06652052564927435,1.3658320465706564,0.19956157694782306,0.008577581711080463,0.0061488913758795715,-0.0030447746353176545,0.0008752071512058515,0.0039122854022687935,0.00496468641515593,0.008218246985904615,0.003731854968920173,-0.28472373260167333,0.04160095479489632,-0.0023349898190704516,0.00020033104976975195,2.7919979615497237,0.4374151149273249,2.7061081695479046,0.4534561785215366,0.07709077266068223,0.01732021225596588,0.0087990193411363,0.001947050876915978
522.25,0.39791666666666664,-0.013224594678129132,0.0011719593118027498,-0.45062531998964683,0.06744864302088349,1.3518759599689403,0.20234592906265048,0.008143361750927091,0.006141487028601631,-0.003106600776536039,0.0008621226976478711,0.0035615278402076757,0.004950223190596726,0.00795492479126373,0.0037358277304447647,-0.28181442243940347,0.04218138544853374,-0.002321214958663163,0.00020570532040578023,2.8190039455861844,0.40739690826516806,2.7344310403487397,0.4232940697918248,0.07590690620838726,0.017522725197613928,0.008665999029057446,0.0019706572617724104
522.25,0.40208333333333335,-0.013142705937413826,0.0012013930770688503,-0.4458710565798312,0.06832450958489442,1.337613169739494,0.2049735287546833,0.007709763394222036,0.006131444853926954,-0.0031670597077894545,0.000848961427135492,0.0032121765815976045,0.004933838264896344,0.0076910753731988255,0.0037379929744925777,-0.2788411762987058,0.04272913929171196,-0.002306841635735633,0.00021087161078278845,2.842501417506297,0.37821361385911445,2.759270950299249,0.3938573730682487,0.07470015231127429,0.01769776151898981,0.008530314895772094,0.0019911576124392685
522.25,0.40625,-0.013059171808127712,0.0012302926386457557,-0.4410682742041805,0.06917614507015069,1.323204822612542,0.20752843521045206,0.007276624377369651,0.006120201501186747,-0.003226826100396115,0.0008357741069904204,0.0028636398240855835,0.0049165836396328835,0.007427061058685256,0.003739330165623037,-0.27583758711204387,0.043261739319751975,-0.002292179509963376,0.00021594413635077887,2.864243990238282,0.3499613617499934,2.7823671434970954,0.365230349942267,0.07348338693031221,0.01786017535510915,0.00839345981087271,0.0020102322570747554
522.25,0.41041666666666665,-0.012973995818035048,0.001258650143795629,-0.4362171076080825,0.07000351253846117,1.3086513228242476,0.21001053761538352,0.006843949709034858,0.006107760565657723,-0.003285900183668046,0.0008225609633059387,0.002515920947184449,0.0048984621909241065,0.007162885551532042,0.0037398414177402437,-0.27280373914711925,0.04377916243874249,-0.0022772292005486757,0.00022092151877695738,2.884233149252094,0.3228257865531877,2.8037210375328314,0.3375675763231887,0.07225667101180265,0.01800992440783672,0.00825544070745881,0.0020278758839790134
522.25,0.41458333333333336,-0.012885826649758651,0.0012859425544225005,-0.4312793001575425,0.07078647663044904,1.2938379004726277,0.21235942989134715,0.00641242700926531,0.006093249274502375,-0.003343647925216032,0.0008093103651142602,0.002169954500294687,0.004878853792885624,0.00689858674393586,0.00373891102541243,-0.2697157072636711,0.044268816405840385,-0.0022617535207809978,0.00022571195306602044,2.900910211618329,0.2969990179271162,2.8217808520273624,0.3110292224016164,0.07101383344033627,0.018136280074178883,0.008115526150628388,0.00204287062581753
522.25,0.41875,-0.012796083163430817,0.0013127155949365858,-0.42629681612978915,0.07154627060259697,1.2788904483893666,0.21463881180779087,0.005981684595920392,0.0060775822266978296,-0.0034006620466612123,0.0007960335205754622,0.0018250585469765533,0.004858407356366651,0.0066343209344122914,0.0037371851770758584,-0.26659973529765973,0.04474398011671097,-0.0022460015126494165,0.0002304112261736467,2.9157927595264406,0.272859624817764,2.8380541829892283,0.2859382522665567,0.06976381663026268,0.01824987768243746,0.007974759906949899,0.00205642163187446
522.25,0.42291666666666666,-0.012704814950880735,0.0013389780456584015,-0.4212710993590923,0.0722834869462527,1.263813298077277,0.21685046083875814,0.005551705010654746,0.006060798161676142,-0.0034569641590140626,0.0007827333402624062,0.0014812054610236118,0.0048371523318825604,0.0063700910593389995,0.0037346891646693097,-0.2634567262034096,0.045205024108883725,-0.0022299818806396686,0.00023502087924433412,2.928934999654393,0.25081324839342123,2.8525949270866757,0.262637537971851,0.0685068980275241,0.018351077013614797,0.007833174540193208,0.002068569409260127
522.25,0.4270833333333333,-0.012610734844996948,0.0013641547199148005,-0.4161666175729304,0.07297580043287932,1.2484998527187912,0.21892740129863797,0.0051233204292027755,0.006042010316231941,-0.0035119135868336665,0.0007694346821982153,0.0011394367054895973,0.004814479733039983,0.006106032529872117,0.003730777840044875,-0.26026445865025255,0.04563798652563005,-0.0022134686978612806,0.0002394399540300432,2.938806419344739,0.23144767803792204,2.8638775823682447,0.24165967995868912,0.06723860685340384,0.01842827666545779,0.007690230123089707,0.0020779991991229717
522.25,0.43125,-0.012515119909961481,0.001388711697837061,-0.41101971978328117,0.07364265842519761,1.2330591593498437,0.22092797527559285,0.0046959189721801214,0.006022182535150052,-0.003566101545918274,0.0007561692699530787,0.0007989015636124852,0.004791092063990271,0.005842130734649768,0.0037261120871301136,-0.2570456647442744,0.04605502944849776,-0.0021966861179124977,0.00024375025811724385,2.9468569567290483,0.21531895428773715,2.8733453894542946,0.2235002524744921,0.06596493129821532,0.018492425893969364,0.007546635976537953,0.0020859484588793445
522.25,0.4354166666666667,-0.012418080631353523,0.0014126959483811263,-0.40583356960557976,0.07428607589096016,1.217500708816739,0.22285822767288052,0.004269451383922257,0.006001396410172814,-0.0036195783740883896,0.0007429333647814198,0.00045952961216363903,0.004767044809709133,0.005578386438871797,0.003720751622826468,-0.2538023229661913,0.04645741300788179,-0.002179653533507078,0.0002479600356181968,2.953210600235477,0.20300385595302015,2.8811217300165097,0.20871082013027856,0.06468641404096555,0.018544521074540632,0.007402456178000662,0.002092530116036027
522.25,0.4395833333333333,-0.012318617731483688,0.0014357540798308273,-0.400582419528642,0.07489269634294014,1.2017472585859261,0.22467808902882047,0.0038449222364155882,0.005979084221414255,-0.003671772458797279,0.0007297149256472602,0.00012243538191484928,0.004741933606931071,0.005315105791093966,0.0037142963892149152,-0.2505183312225479,0.04683678421874427,-0.0021621955488482615,0.000252007258307629,2.9565617386804566,0.19476062362583305,2.885902001039408,0.19761816568644858,0.0634021767422648,0.018576948932931978,0.007257560898782016,0.002096880027951524
522.25,0.44375,-0.012217751928742731,0.0014582732691702312,-0.3952943805454919,0.07547755412193956,1.1858831416364757,0.22643266236581872,0.0034216587484726104,0.0059558844521157474,-0.003723193971878106,0.0007165190475574239,-0.00021321760123662716,0.0047162102328774,0.005052173809139141,0.003707198428971558,-0.24721126968569393,0.04720254541360665,-0.002144491323059999,0.0002559598844881528,2.958137531896359,0.19111761556975876,2.888909389930665,0.19085909731736506,0.062115762364635375,0.018597732146443953,0.007112379601059382,0.0020999079736239525
522.25,0.4479166666666667,-0.012115619426274708,0.001480304448689394,-0.38997312718396215,0.07604269635876472,1.1699193815518865,0.22812808907629423,0.0029995562071020625,0.005931883126881883,-0.0037739141643537218,0.0007033453797176125,-0.0005475537626384106,0.00468993487800524,0.004789566831822544,0.003699519292317051,-0.24388343635560486,0.04755597682465302,-0.002126564762869344,0.0002598268539266528,2.9581058044399025,0.1921968313791937,2.8903113205880473,0.18876051842953828,0.06082752761911058,0.018607968841165737,0.006966956232746974,0.0021017386290882317
522.25,0.45208333333333334,-0.012011227125729433,0.001501407499984192,-0.38459366351895696,0.07657116347526689,1.1537809905568706,0.22971349042580064,0.0025797285469224152,0.00590643809892271,-0.0038233410771945017,0.0006902232225679493,-0.0008793668533239531,0.004662673097085293,0.004527653951622673,0.003690785648489336,-0.24051919917423434,0.047886472122108795,-0.0021082415570930864,0.0002635309159059536,2.95515535687089,0.19763749801013983,2.8887963988650673,0.19122491240176395,0.059537675528768694,0.018598379598739632,0.006821282477055344,0.0021013171080290806
522.25,0.45625,-0.011905467749310037,0.0015219180740123632,-0.3791795746232596,0.07707663040411336,1.1375387238697785,0.2312298912123401,0.002161392079164948,0.0058801875878819595,-0.003871961504817376,0.0006771650683750965,-0.001209555240569211,0.004634884497815596,0.004266225232530062,0.003681440518386407,-0.23713330787612377,0.04820258346177295,-0.0020896783986342816,0.0002671309847476622,2.950409366701285,0.20699763416431788,2.8854860511725704,0.19796653001343195,0.05824775534738267,0.01857692738120136,0.006675560181330852,0.0020995469910877157
522.25,0.46041666666666664,-0.011798523460432652,0.0015419170437329197,-0.37373560844025305,0.07756227152662443,1.1212068253207585,0.23268681457987325,0.0017443742688290265,0.005853247723163608,-0.003919877514416364,0.0006641635781684266,-0.0015383130974481508,0.004606646155092746,0.004005230846280812,0.0036715709674544853,-0.2337287317588975,0.048506296043833316,-0.0020709072612854484,0.0002706412554820826,2.9441002124647913,0.21961900545417318,2.8806124108747997,0.20840356409557997,0.05695798278854674,0.018545269931589732,0.006529818801443198,0.0020966164538612567
522.25,0.46458333333333335,-0.011689578829990058,0.0015610420876170546,-0.3682423327515322,0.07801490589483395,1.1047269982545964,0.23404471768450183,0.0013298027875631572,0.005825207122028724,-0.003966558922288429,0.0006512575408783064,-0.0018644681431994694,0.004577696188144219,0.0037450932806528336,0.0036608567314407275,-0.2302933182201548,0.048789366653467614,-0.002051785018827042,0.0002739981325002011,2.935094278797985,0.2345195325112641,2.87303984176649,0.22156848526731493,0.05567019837803712,0.018496537031992992,0.006384238653459228,0.0020917412083889674
522.25,0.46875,-0.011579407653799632,0.0015796525310541073,-0.36271972842941275,0.07844824765202522,1.0881591852882377,0.23534474295607563,0.0009169081598256257,0.005796551268687014,-0.00401244625189045,0.0006384130616827686,-0.0021888759763203014,0.004548355506558332,0.003485579931396261,0.003649663002772264,-0.2268395629769614,0.049060371966367915,-0.0020324474898962166,0.00027726468552090593,2.9243899089963534,0.2512521954068828,2.863765946099663,0.2369416252887287,0.05438504587495877,0.01843788904240957,0.006238917021731577,0.0020857373540789457
522.25,0.47291666666666665,-0.011468198687389767,0.0015978307822813232,-0.35717247036477223,0.07886525238767626,1.0715174110943169,0.23659575716302886,0.0005054638312792223,0.005767364166058955,-0.004057655195629623,0.0006256201286081565,-0.00251177860180446,0.004518675470006388,0.0032266124072886063,0.0036380574440246444,-0.22337038963905986,0.0493211603601983,-0.002012927805350047,0.0002804553790504955,2.91224285441614,0.2694213795132372,2.8530466154980276,0.25406163495872486,0.053102394138361715,0.018370749709604454,0.006093844779750257,0.002078766786277008
522.25,0.47708333333333336,-0.011355202328674789,0.0016152540758861626,-0.35158379683496416,0.07925349511673034,1.0547513905048926,0.23776048535019093,9.672140852935131e-05,0.005737183961402488,-0.004101653582526162,0.0006129045214740151,-0.0028319146984253276,0.004488346137731318,0.0029686994261393655,0.0036256972718815878,-0.21987531566961566,0.049563961442643106,-0.0019930943930975375,0.00028351356047148215,2.8975746226942505,0.2884135010936834,2.8397993983920125,0.2722677644304007,0.05182582365198194,0.018287835783659504,0.005949400650254762,0.0020699987361602564
522.25,0.48125,-0.011241009631248376,0.0016321425181727324,-0.3459679957446815,0.07962186774564549,1.0379039872340439,0.2388656032369365,-0.0003100969407680444,0.005706418517995658,-0.004144817366134325,0.0006002729017302196,-0.0031501001160156345,0.0044576600950954936,0.002711556816731059,0.003612866775244916,-0.21636327653182955,0.049794336039519514,-0.001973050996389535,0.0002864778634099258,2.8811954899911356,0.30807730410589274,2.8248356986171674,0.2913457952332284,0.05055430373674188,0.018194606105737966,0.0058054876372236565,0.0020600557697575766
522.25,0.48541666666666666,-0.011125839623631239,0.001648588677238371,-0.3403301543794573,0.07997390164740521,1.0209904631383722,0.23992170494221562,-0.0007153199294314817,0.005675192794603331,-0.00418729451082136,0.0005877174957655606,-0.003466671916245874,0.0044266999036667075,0.0024550567706081074,0.0035996601330714095,-0.21283745373469534,0.050014492628622516,-0.0019528360596767764,0.0002893645356569663,2.8634141632328864,0.3282453696092853,2.8084650204848995,0.3110814319670865,0.04928711167895306,0.018093031132044177,0.00566203106903288,0.002049161481828614
522.25,0.4895833333333333,-0.011009039373001494,0.0016642484326875333,-0.3346561737551221,0.08029776675631531,1.003968521265366,0.2408933002689459,-0.0011177595838587134,0.005643282808983609,-0.0042286011972708,0.0005753193532597005,-0.0037804479630064837,0.004395363517229704,0.0021996972000409855,0.0035858629047707895,-0.20928902996875048,0.050217032894969496,-0.0019323349785067246,0.00029211317631343335,2.8432703632963126,0.34840569468344096,2.7897227242370293,0.3309393630399519,0.04802818614663978,0.01797752330284689,0.005519452912644359,0.002036674589630028
522.25,0.49375,-0.010891174799764035,0.0016794579168798059,-0.3289598019321077,0.08060539148024874,0.9868794057963227,0.24181617444074627,-0.0015181474491853784,0.005610938990159192,-0.004269094838200983,0.0005629941851314188,-0.004092198265780443,0.004363772633866256,0.0019452135534603612,0.0035717064834194325,-0.20572660309106772,0.05040941665113599,-0.0019116470846881179,0.0002947827841978277,2.821536187895837,0.3686251827954615,2.7693818735301168,0.35094632657571473,0.046776643224758906,0.017853543620332733,0.005377671140964455,0.0020232200462208883
522.25,0.4979166666666667,-0.01077246570028226,0.0016943096769145604,-0.3232458270448376,0.08090008446571152,0.9697374811345125,0.2427002533971346,-0.001916875236118952,0.005578254396577462,-0.004308936672018352,0.0005507303984197251,-0.0044023138186358455,0.004331983996544971,0.0016914428623392957,0.0035572659077383563,-0.20215316751925802,0.05059371308811495,-0.0018908109574454263,0.00029738960341567204,2.798535785158133,0.38890963274302787,2.747767980236333,0.37108889033051673,0.04553125053120074,0.017722832255741516,0.005236554390598761,0.0020089966121599762
522.25,0.5020833333333333,-0.010652369409608628,0.0017085547263807788,-0.3175036283972937,0.08117305537466456,0.9525108851918811,0.2435191661239937,-0.0023127415175907356,0.005545017820403146,-0.004347679814978102,0.0005385744205689565,-0.004709629089818964,0.004299881598208951,0.0014389186693788121,0.003542358434216343,-0.19856208119379354,0.05076442489463595,-0.0018697313468277463,0.0002998899312300712,2.7734374856267916,0.40890152094719645,2.7240436265236223,0.391002448473965,0.04429718981803681,0.01758065877865943,0.005096669285131436,0.001993464482323308
522.25,0.50625,-0.010531238795257258,0.0017223400324592932,-0.31174111414656525,0.08142957803365669,0.9352233424396951,0.24428873410097013,-0.0027063320148353093,0.005511386125511814,-0.004385574198825426,0.0005265121124581931,-0.005014734975218516,0.004267563462486401,0.0011874035355539203,0.0035271084648335347,-0.19495828980446758,0.050924850197239385,-0.0018484701890510583,0.0003023095636995727,2.746757574810645,0.4286969133883044,2.6987268329463308,0.41077036744619094,0.04307289233770106,0.017429796306912416,0.0049578495266140036,0.0019769383978589677
522.25,0.5104166666666666,-0.010409313552787456,0.0017357669580383864,-0.3059631365190053,0.08167339258144746,0.9178894095570164,0.24502017774434234,-0.0030981459744088076,0.005477474691011951,-0.004422810646483728,0.0005145308118905469,-0.0053181194276429745,0.004235102059561698,0.0009366793724224295,0.0035116066824400307,-0.1913448278515907,0.05107732803080438,-0.0018270695560980066,0.00030466629229970065,2.71885885953919,0.44835044247306466,2.6721826290850412,0.430436277715687,0.04185635302807956,0.01727239659993848,0.0048198774260688314,0.001959664243168028
522.25,0.5145833333333333,-0.010286116878052086,0.0017485903003699606,-0.30016091832754654,0.08189642086202667,0.9004827549826401,0.24568926258607995,-0.0034870195906584137,0.005443192045876483,-0.00445897397407372,0.0005027021666559593,-0.005618665932886762,0.00420248314506728,0.0006872755355169537,0.003495738052554714,-0.18771620618980384,0.05121680644801193,-0.001805445758075203,0.00030691707841183283,2.6889970940288155,0.46751913928792516,2.643660609030864,0.4496561163517644,0.04065312192192398,0.017104682009152758,0.004683363076029516,0.0019412094627909418
522.25,0.51875,-0.010161967311402073,0.0017609781831988754,-0.29434140189288255,0.08210463118932922,0.8830242056786478,0.24631389356798766,-0.0038735199487242794,0.005408669252793794,-0.004494297896704342,0.0004909868288731404,-0.005916940742236378,0.004169772769558416,0.0004389562966277746,0.0034796215602408555,-0.1840767664830661,0.05134701793699546,-0.0017836547060064282,0.0003090914315491883,2.657641096450938,0.48632063702722766,2.6136315729749766,0.46853740901738633,0.03946140963303326,0.01692961623473869,0.004548113842926659,0.0019219103491969342
522.25,0.5229166666666667,-0.010037116673836832,0.0017730521944513294,-0.28850939727064656,0.08230218806045676,0.8655281918119393,0.24690656418137033,-0.0042582276685399194,0.005373980503124386,-0.004528994530492747,0.0004793550194320932,-0.006213504404728961,0.004137002719403326,0.00019146108420744674,0.003463330215596724,-0.18042951685414146,0.05147056691409622,-0.0017617406001628395,0.0003112106931380984,2.6251799044277098,0.5048704323610084,2.5824874597856815,0.48718920127733356,0.03827860066878056,0.016749291288779923,0.0044138439732482595,0.0019020074763617142
522.25,0.5270833333333333,-0.009911196231759827,0.0017846579997769642,-0.28265903583141555,0.08248408363288295,0.8479771074942462,0.24745225089864886,-0.004640063394644385,0.005339064590213054,-0.004562705470786214,0.0004678428990669094,-0.006507340270438405,0.004104158354979604,-5.470031253862492e-05,0.0034467915332850245,-0.17677078712418381,0.05158432155110891,-0.0017396387194727632,0.0003132477740154238,2.5910151012613345,0.5229105944370177,2.549623255990876,0.5053528514867676,0.03711063428125841,0.016561099247959725,0.004281210989200628,0.0018812031725517976
522.25,0.53125,-0.00978438621897036,0.001795887109649327,-0.2767942336546404,0.08265294563893055,0.8303827009639212,0.2479588369167917,-0.005019350324301928,0.005303904348100239,-0.004595563525541772,0.0004564245619031534,-0.006798770783748936,0.004071204730534156,-0.0002996625191806488,0.003430017019867598,-0.1731030263666917,0.05168992521804354,-0.0017173806990374017,0.000315218736335449,2.555428152093076,0.5405419720710002,2.515321401336224,0.5231276452958273,0.03595662980742107,0.016365716476530172,0.0041501209494307564,0.0018595736054285628
522.25,0.5354166666666667,-0.009656931162728973,0.0018068383117188919,-0.27091911913092576,0.08281232805814322,0.8127573573927768,0.24843698417442958,-0.005396758076958695,0.005268595988411043,-0.004627796605931989,0.00044508438935687893,-0.007088430594647362,0.004038198586153986,-0.0005437378706341682,0.0034130859909375344,-0.16942881641929058,0.05178960049503864,-0.0016950094589120589,0.0003171409195613181,2.5188079735053184,0.5578828087781165,2.4799747365249467,0.5406274502009523,0.0348130527663031,0.01616531611207839,0.004020184214068016,0.0018373679307435778
522.25,0.5395833333333333,-0.009528487162876496,0.0018173453730851807,-0.2650285789273044,0.08295700514733818,0.7950857367819133,0.24887101544201454,-0.005771209742336358,0.005233126041523702,-0.0046590556994911105,0.0004338805851010188,-0.007375311423491906,0.004005171446769378,-0.0007864116654199114,0.003395947910463945,-0.16574495948400533,0.0518800792369443,-0.0016724646368540203,0.00031898514606569305,2.480598850416309,0.5746702142050396,2.443020554358026,0.5575909282261545,0.03368619691364969,0.015957432010351293,0.0038920991446334337,0.001814303110416733
522.25,0.54375,-0.009399192927430444,0.0018274510578050527,-0.25912532375707337,0.08308893091625752,0.7773759712712196,0.2492667927487725,-0.006143013188980318,0.005197619432063217,-0.0046894555058460555,0.00042282633488453146,-0.007659712071102719,0.003972219604625885,-0.0010278204945900445,0.0033786833652561777,-0.1620531507935052,0.051962583522816755,-0.0016497705792521923,0.00032075892190610466,2.4410181447161743,0.5909372910193795,2.4046776453725447,0.5740482388853345,0.032574775010408404,0.015743666248062307,0.003765724333219996,0.0017905588367508353
522.25,0.5479166666666667,-0.00926931786436485,0.0018373000378690287,-0.2532137239255383,0.08321264389668595,0.7596411717766153,0.2496379316900578,-0.006512940928737967,0.005162075251808807,-0.004719254396887178,0.00041186390231271337,-0.00794236148236138,0.0039393032407235426,-0.001268327909994674,0.0033613305039805626,-0.15835612347962288,0.0520399516632361,-0.0016269745732888678,0.0003224876402833781,2.4004959264945245,0.6068712662265777,2.3653807897927597,0.5901825751426474,0.031474545637150256,0.015525956397595462,0.003640591064616495,0.00176635918747849
522.25,0.5520833333333334,-0.009138610133742528,0.001846814080600996,-0.2472908787932432,0.08332557592799608,0.7418726363797302,0.24997672778398836,-0.006880039688560055,0.005126446466969493,-0.0047481626015388875,0.000401002772618672,-0.0082223806923379,0.0039063994251700455,-0.0015074647448888822,0.0033438451120503462,-0.15465206354097075,0.052110577552057266,-0.0016040324153688808,0.00032415756959647285,2.358614439836674,0.6223044887540204,2.3247053225926098,0.6058265888720371,0.030391725744521123,0.0153025060936945,0.0035173914995435796,0.0017414982704025712
522.25,0.55625,-0.009007142237339704,0.001856022174647438,-0.24135838673077908,0.08342870534790633,0.7240751601923373,0.250286116043719,-0.0072444349746652635,0.0050907606722943215,-0.004776232697353094,0.0003902443516823905,-0.00849989562527409,0.0038735264650915763,-0.0017452825676275143,0.0033262482770884234,-0.15094197052621608,0.052175073052071634,-0.0015809568311909484,0.000325773798007369,2.3154958114196478,0.6372609165386678,2.2827736144010786,0.6210037770140102,0.029326093071942796,0.015073769747317927,0.003396103946627226,0.0017160290637465065
522.25,0.5604166666666667,-0.0088751498106491,0.00186502024442981,-0.23541943523560793,0.08352510824330675,0.7062583057068237,0.25057532472992033,-0.007606926343145092,0.0050550436501811315,-0.00480371642607952,0.0003795623578783667,-0.008775649661002515,0.0038406823253739624,-0.0019821687414464427,0.0033085787227017617,-0.14722783787343482,0.05223536188902338,-0.0015577891801043576,0.00032735316241786985,2.27152544146888,0.6518950094660837,2.2399765200787987,0.6358664179615832,0.02827273853802111,0.014841445339960747,0.003276182852059734,0.001690145945305796
522.25,0.5645833333333333,-0.008742383861049856,0.001873707211264207,-0.2294712946002986,0.0836116109306695,0.6884138838008957,0.25083483279200847,-0.0079665443478822,0.005019290890146748,-0.004830321691398355,0.00036899508097724374,-0.009048750754311117,0.0038078896580739075,-0.002217644307710612,0.003290807615408309,-0.1435079584882401,0.05228945927943491,-0.0015344857582822477,0.00032887792123673646,2.2263022756078414,0.6660111467271138,2.195905713154102,0.6502207079012767,0.027238205128357097,0.014603716176568648,0.0031583573253818964,0.0016636384185552352
522.25,0.56875,-0.008608882018500071,0.0018820836273333804,-0.2235149023192542,0.08368875443709455,0.6705447069577629,0.2510662633112836,-0.008323333075096345,0.004983606913767706,-0.004856071420182329,0.0003585659244246107,-0.009319246290612015,0.003775238286699337,-0.0024517242283377924,0.0032729930143144542,-0.13978291862695175,0.052337703575046676,-0.0015110531706318934,0.000330348171384509,2.1798905345488135,0.6795930100266615,2.1506252892167206,0.6640490641312589,0.026222603408180105,0.014361474590974511,0.003042641923912685,0.0016366082851520232
522.25,0.5729166666666666,-0.008474896290722919,0.0018902626813706955,-0.21755333236624486,0.08375999081128757,0.6526599970987345,0.25127997243386263,-0.008678212994257067,0.004947974903546834,-0.004881248496006083,0.0003482279905543718,-0.009587987169002927,0.00374268365483842,-0.0026848593446378477,0.0032551555169208356,-0.13605464072992568,0.05238225364278566,-0.0014875356501986932,0.0003317837800395348,2.132698590333018,0.6928329433140872,2.104550252212569,0.6775412578506455,0.025219966134117595,0.014116411619442496,0.0029283719863320234,0.0016092502072690181
522.25,0.5770833333333333,-0.008340229407439942,0.0018981720102286962,-0.21158483919583052,0.0838232498519603,0.6347545175874912,0.2514697495558809,-0.009030334654581192,0.004912422613199242,-0.004905604599671714,0.00033801068864872634,-0.009854197148886029,0.003710267138471625,-0.0029166245923904497,0.0032372928377719587,-0.13232203318415822,0.05242181482201732,-0.001463898571594692,0.0003331720458355777,2.084410345843657,0.7055716163491121,2.0573577857084553,0.6905387466180577,0.02423633803642871,0.01386737138235356,0.002816222098774196,0.0015814291786405278
522.25,0.58125,-0.008204906567882682,0.0019058424068123753,-0.205610410443362,0.08387959080269072,0.6168312313300859,0.2516387724080722,-0.009379657371256804,0.004876959641530661,-0.004929140510524313,0.0003278981971025496,-0.010117848012835131,0.0036779874905705306,-0.0031469906520090077,0.0032194192942188596,-0.1285857135934925,0.05245704952657605,-0.001440146357853989,0.0003345183736227243,2.0350725937146232,0.7178300015179115,2.0090937467087118,0.7030614178736108,0.023272558061559725,0.013614686263777554,0.0027062889443528458,0.0015531858099199333
522.25,0.5854166666666667,-0.008069149916008789,0.0019133628891593187,-0.19963226620212401,0.08393145188521695,0.5988967986063721,0.25179435565565084,-0.009727088059404448,0.004841534784726917,-0.004952125493992648,0.0003178552047326373,-0.010379771446092558,0.0036457798234786187,-0.0033764084099145992,0.003201527835520496,-0.12484707038528581,0.05248948260018631,-0.0014163180002568492,0.0003358383880764721,1.9850496236632016,0.7297782133230318,1.9601293304484029,0.7152784695168448,0.022322413976084286,0.013359451390615264,0.0025978792387150534,0.001524646492905696
522.25,0.5895833333333333,-0.007932778994131912,0.0019206792921318383,-0.1936491132800905,0.08397706676957695,0.5809473398402717,0.25193120030873084,-0.010071790430592968,0.004806135877334877,-0.004974320159835214,0.00030790328299052267,-0.010639206828974491,0.003613648665082562,-0.0036044557953496324,0.003183596995291464,-0.1211052948225961,0.05251800942968893,-0.0013923818244048352,0.0003371225819921848,1.934067056153451,0.741271147059238,1.910183169993283,0.7270464464040258,0.021392190425533534,0.013100248987214206,0.0024916957346337283,0.0014956471714982224
522.25,0.59375,-0.0077957602932712654,0.0019277698856453598,-0.18766108779249405,0.08401627391502407,0.5629832633774822,0.25204882174507226,-0.010413535787546785,0.004770864809271196,-0.004995664521870632,0.0002980722190091894,-0.0108959500314509,0.0035816866215379124,-0.0038310135115553574,0.0031656782876950196,-0.11736047203011263,0.052542528912624197,-0.0013683319487152357,0.00033836714124938497,1.8820847596424892,0.7522487534776444,1.8592128736461002,0.73830474797239,0.02048391813775342,0.012837540991459643,0.0023879678586357727,0.001466239171024115
522.25,0.5979166666666667,-0.007658328478468463,0.0019347131806794874,-0.18167010110581078,0.08405147584173177,0.5450103033174322,0.25215442752519523,-0.010753366811359442,0.004735714840510778,-0.005016460774567394,0.0002883336793393415,-0.011150952024151544,0.0035498678377903817,-0.0040566051616456955,0.0031477880639421735,-0.11361379734810022,0.052564543594124435,-0.0013442095622012615,0.0003395858462976601,1.8294700243694044,0.7628930020408564,1.8075941906697857,0.7492333373401627,0.01958998912678088,0.01257297919468908,0.002285844572837717,0.0014366127464743412
522.25,0.6020833333333333,-0.007520331679930694,0.0019414506194149947,-0.17567521404020034,0.08408127245181786,0.5270256421206013,0.25224381735545365,-0.011090550597643562,0.004700768202483748,-0.005036501455848127,0.00027872869382650445,-0.01140354786757241,0.0035182781254718574,-0.004280859201800155,0.0031299569342198193,-0.10986468342776888,0.05258317790556321,-0.0013199880082852653,0.00034076841891758316,1.775995591363384,0.7730590886628347,1.7550936083036743,0.75968792962844,0.018716027917145932,0.012306062812817596,0.0021859551425632948,0.0014067076894561418
522.25,0.60625,-0.007381750180835815,0.001948022272218334,-0.16967710340981423,0.08410657420805075,0.5090313102294428,0.25231972262415225,-0.01142483615709475,0.004665939446475612,-0.0050557269771007085,0.000269210123540459,-0.01165351794996263,0.003486830320189181,-0.0045036402912912755,0.0031121502738465597,-0.10611355356000553,0.0525990012026109,-0.0012956638262197856,0.00034192189236319887,1.7216543769958939,0.7827725042649236,1.7017011946075724,0.7696937395974702,0.0178645936856545,0.012036156522799725,0.0020885887026674465,0.0013764536163571334
522.25,0.6104166666666667,-0.007242801006624539,0.001954493147304875,-0.16367711079495395,0.08412915670912799,0.4910313323848618,0.25238747012738405,-0.011757270927886943,0.004631190991265747,-0.005074434152053321,0.0002597543395025377,-0.01190181280095782,0.00345547730624791,-0.004725479201754799,0.003094362438447877,-0.10236124672045678,0.05261312392333022,-0.0012712751088697928,0.0003430576770440981,1.6667790111785696,0.7922009561177279,1.6477584396454135,0.7794174092499245,0.017027718128991804,0.011764507737915491,0.0019928534041645557,0.001345995386264376
522.25,0.6145833333333334,-0.0071033585195903835,0.0019608310950061125,-0.15767471590107038,0.08414817589170995,0.47302414770321144,0.2524445276751298,-0.012087198520275321,0.004596553220025506,-0.00509244098865985,0.00025038110549688444,-0.012147839595108382,0.0034242536672106825,-0.004946040483360967,0.0030766018632755964,-0.09860743750497845,0.05262501820914269,-0.0012467998039810786,0.000344170129967564,1.6111961986719456,0.801235137509112,1.5930861454759289,0.7887503608546246,0.01621070880849588,0.011490437398866401,0.0018993443875209525,0.0013152542719476394
522.25,0.61875,-0.006963330168110279,0.0019670197836399767,-0.1516698213816216,0.08416325356392321,0.45500946414486493,0.2524897606917696,-0.012414079619692986,0.004562059217101838,-0.005109601389000253,0.00024111036638822415,-0.012391113672596902,0.0033931928796921734,-0.0051650460899523454,0.00305888224525398,-0.09485206508339979,0.05263444753596155,-0.0012222216666541088,0.0003452563845546472,1.5548034919198066,0.8097828915609199,1.537576618447086,0.7976011922681819,0.01541828173665103,0.011213524082494939,0.0018085917360693535,0.0012841788228364127
522.25,0.6229166666666667,-0.006822944448625107,0.0019731146645467763,-0.14566351753388648,0.08417603257786957,0.4369905526016596,0.2525280977336088,-0.0127390798894549,0.0045276934684401965,-0.005126240897449568,0.00023192054286768585,-0.012632689476493136,0.0033622674588783237,-0.005383090075328338,0.0030412091045056316,-0.09109581128523132,0.05264243931422782,-0.001197580803173387,0.0003463261737675848,1.4979255591543827,0.8180294576169215,1.4815648410798277,0.8061533346871168,0.014641162110810872,0.010935348073014155,0.0017195559637442229,0.0012529521671359252
522.25,0.6270833333333333,-0.006682093863180491,0.0019790850990118406,-0.13965546219225647,0.08418589301398127,0.41896638657676954,0.2525576790419439,-0.013061617613067712,0.004493521237455621,-0.00514219958280082,0.0002228393410911541,-0.012872042582678923,0.003331541377543164,-0.005599874192252723,0.0030236108435313593,-0.08733846211176931,0.05264860585222977,-0.001172858345220766,0.00034737411982017306,1.4404226749331737,0.8258724290472396,1.424905720219897,0.8143046663151847,0.013884176016049372,0.010655657699003554,0.0016327786972279636,0.001221543681505684
522.25,0.63125,-0.006540686987753742,0.0019849242768660695,-0.1336457381443736,0.08419281353052673,0.40093721443312086,0.2525784405915802,-0.013381125133002405,0.004459571296324769,-0.005157325924178277,0.00021386963326955905,-0.013108664455227386,0.003301039318698171,-0.005815104187676108,0.0030061030892914063,-0.08358006938960424,0.05265293383654428,-0.001148038245816039,0.00034839902737397087,1.3822029322887415,0.8332419096634126,1.367501669793929,0.8219853500512804,0.013152428673259652,0.010374062473095497,0.001548833821552365,0.001189907035907548
522.25,0.6354166666666666,-0.006398955163179474,0.0019906947517077107,-0.12763520742003778,0.0841982493784492,0.38290562226011315,0.25259474813534766,-0.013698829806749113,0.004425746953513101,-0.00517195936812955,0.00020496902917033352,-0.013343662991898406,0.00327066224488125,-0.0060294079094470035,0.002988648001916228,-0.0798211721817382,0.05265633333314336,-0.0011231611104990306,0.00034941187599784283,1.3235782139255117,0.8403454424368825,1.3096757295397023,0.8294017627836334,0.012435888140851144,0.010091529020213917,0.0014665962449581936,0.0011581567375727694
522.25,0.6395833333333333,-0.006256815955282893,0.0019963835821453185,-0.12162376553115076,0.08420196116844567,0.3648712965934522,0.252605883505337,-0.014014254740918683,0.004392075744594381,-0.005185970885328224,0.00019614590797762868,-0.013576609740630907,0.003240436352164034,-0.006242539380527725,0.002971258119222309,-0.07606170512865075,0.05265865462322914,-0.0010982124702108155,0.00035041039418539174,1.264453987817984,0.8471163863178602,1.2513287686934247,0.8364874750869794,0.01173868858345578,0.00980770147187491,0.001386530541104173,0.0011262515008615027
522.25,0.64375,-0.0061141281402075885,0.002001990480929052,-0.11561131925025078,0.08420370130179619,0.34683395775075254,0.2526111039053886,-0.014326566202932883,0.004358524506680089,-0.005199135798785435,0.00018741118110375177,-0.01380675629284277,0.0032103360693842456,-0.00645406793358093,0.0029539128537829475,-0.07230160994789815,0.052659742910081575,-0.0010731675369759605,0.0003513945315177847,1.2047089287828612,0.8534274814193409,1.1923310212449516,0.8431170562004323,0.011068417594451537,0.00952141956330485,0.001309489943458431,0.0010940563351147848
522.25,0.6479166666666667,-0.005971119098414625,0.0020075466713587765,-0.10959836028421971,0.08420439622784609,0.32879508085265907,0.25261318868353827,-0.014637039914708634,0.004325084253688709,-0.005211801844370053,0.00017875409521374386,-0.014035250606543256,0.0031803451295346987,-0.0066646497538340255,0.002936615685633143,-0.06854119414115245,0.05266017752835826,-0.001048066221199312,0.00035236976838912625,1.1446125346636908,0.859465926337679,1.13296411511999,0.849475920342329,0.010414169353118565,0.009234307373096525,0.0012342501905820398,0.0010617580602052886
522.25,0.6520833333333333,-0.005827714116537893,0.002013038859845204,-0.10358480508372647,0.08420385380554905,0.3107544152511795,0.2526115614166472,-0.014945241473903898,0.004291798546461876,-0.005223851498419843,0.0001701936632252248,-0.014261702411112064,0.0031505041969171746,-0.006874060774223704,0.0029193875987305207,-0.06478040545651349,0.052659838296241414,-0.0010228954089981936,0.00035333377147434567,1.0840888549723438,0.8651623871984443,1.0731478194999997,0.855494902505399,0.009779791349687901,0.008946254562591826,0.0011612441226555624,0.0010293420419473756
522.25,0.65625,-0.0056837648643544075,0.0020184360675734414,-0.0975705891601004,0.08420186607518942,0.29271176748030114,0.2526055982255683,-0.01525028867090339,0.004258816615743292,-0.005235047615093235,0.00016178171090211924,-0.014485320202715058,0.0031209498000531162,-0.007081844865781276,0.0029023033325381365,-0.06101920357027901,0.0526585952321843,-0.0009976290650693875,0.00035428110329197146,1.0230075428357652,0.8703710337358295,1.0127428750091345,0.8610279538147616,0.009173295548576831,0.00865755780937224,0.0010913722780545806,0.0009968386915358677
522.25,0.6604166666666667,-0.005539516061743302,0.002023797758162448,-0.09155615909452305,0.08419934115963501,0.27466847728356925,0.2525980234789051,-0.01555357063161279,0.004225945029158155,-0.005245767774338866,0.0001534505438270773,-0.014707353231042216,0.003091498948666279,-0.007288717299512461,0.0028852716872528003,-0.05725786777392314,0.052657016228736184,-0.0009723101432771079,0.00035522220104973576,0.9616425812724969,0.8753347289800546,0.9520366510448692,0.8663173713555592,0.00858264731289024,0.008368374306932316,0.0010232829147375773,0.0009642711139128877
522.25,0.6645833333333333,-0.005394913376210048,0.0020291239975277543,-0.08554153504042235,0.08419628333980114,0.25662460512126717,0.25258885001940345,-0.01585475566734547,0.0041931800144468555,-0.0052559232021413,0.00014520039397995042,-0.014927504184065637,0.0030621474872862143,-0.007494506308805992,0.0028682912254642473,-0.0534964106764282,0.0526551039586993,-0.000946929107041815,0.00035615707631730167,0.8999516988712716,0.8800157591544681,0.8909834576622871,0.8713257061654522,0.008010919180512822,0.008078328435116274,0.0009573220284715167,0.0009315958475691495
522.25,0.66875,-0.005249787036740135,0.0020344085114188753,-0.07952670508923165,0.08419269377745887,0.23858011526769504,0.25257808133237675,-0.016152821965469917,0.004160564672920305,-0.005265240224409801,0.0001370592749709892,-0.015144857014339142,0.0030329353674850394,-0.007698682879826449,0.0028513832957121708,-0.04973482478334031,0.05265285915329637,-0.0009214561577172731,0.00035708462782204617,0.8378241074158035,0.8842628481562828,0.8294618440751929,0.8759025821431613,0.007467694994851654,0.0077868168052507986,0.0008945683457591174,0.0008987411194315716
522.25,0.6729166666666667,-0.005104361170002571,0.0020396740158756567,-0.07351178526317462,0.08418891090252939,0.22053535578952382,0.2525667327075881,-0.01644909892142348,0.004128033398305532,-0.005274076299815178,0.00012902520895853104,-0.015360604507841429,0.003003801374737357,-0.007901934275652294,0.0028345166330785,-0.04597318269102884,0.05265049345779039,-0.000895930634594356,0.0003580088427418576,0.7754675347481389,0.8882592520119948,0.7676928773314464,0.8802303591033975,0.00694098385240435,0.0074950170139697105,0.0008336735642878246,0.0008658419479386704
522.25,0.6770833333333334,-0.004958585769081395,0.0020449186675037634,-0.06749676867745301,0.08418493461439806,0.202490306032359,0.25255480384319423,-0.01674328621584918,0.004095598825339217,-0.005282350730279459,0.00012111931917474497,-0.01557447724456052,0.0029747570210311696,-0.008104105200587883,0.0028176976937604706,-0.04221148010222955,0.052648006810005005,-0.0008703437603302271,0.00035892939751940955,0.7128498099986432,0.8919603626372544,0.7056412513983783,0.8842646723437497,0.00643360346610032,0.007202870278166702,0.0007749551341644586,0.0008328894064897678
522.25,0.68125,-0.00481227450026103,0.0020501232410210244,-0.06148166607788116,0.0841808547656914,0.1844449982336434,0.2525425642970742,-0.017034257703610063,0.00406339733112367,-0.005289761997522692,0.00011340030091055955,-0.015785465714013052,0.002945924621301596,-0.00830461255539067,0.0028009972553429277,-0.03844972370016911,0.05264545538743779,-0.0008446628291506515,0.0003598429176836009,0.6498655921144703,0.8951970150473825,0.6431897418999939,0.8878363186333109,0.005956234255779415,0.006910586312949752,0.0007196159586968169,0.0007999021208862916
522.25,0.6854166666666667,-0.0046656726392604545,0.0020553117528974685,-0.055466558884169036,0.08417683697743687,0.1663996766525071,0.25253051093231066,-0.017323477111359863,0.004031309080494195,-0.005296703252286073,0.00010584902009806565,-0.015994882926796825,0.0029171940798496756,-0.00850421335154818,0.002784355512146513,-0.034687964440405804,0.05264294279194994,-0.0008189308924822886,0.00036075361866717983,0.5867043698898935,0.8981924446068161,0.5805428431592723,0.8911677130018043,0.005495388640448627,0.006618812850285147,0.0006661380901725973,0.0007669575506574685
522.25,0.6895833333333333,-0.004518744602135275,0.0020604834781548305,-0.049451456117376974,0.08417291577224081,0.14835436835213095,0.2525187473167224,-0.017610728021960106,0.0039993441404794945,-0.00530311649935936,9.849574321493698e-05,-0.01620253484407922,0.0028885739431865685,-0.008702795567840682,0.002767778087232199,-0.030926207972628253,0.05264049062004024,-0.0007931417045394609,0.00036166137322009143,0.5233494230910413,0.9009181618812475,0.517681520331178,0.8942304488403165,0.005053146745825552,0.006327578600767341,0.0006147560140377221,0.000734056789284547
522.25,0.69375,-0.004371301005626622,0.002065640667285555,-0.04343643218738156,0.08416938148074884,0.13030929656214468,0.2525081444422465,-0.017894853472210218,0.00396753507622903,-0.0053086927628495624,9.13625624500179e-05,-0.01640738489038635,0.0028600895123145655,-0.008899759586692606,0.002751285096182029,-0.02716450078678735,0.052638280406549255,-0.0007672620242842322,0.0003625665763545732,0.4597367617574601,0.903235199618507,0.4545292057080578,0.8968860395205985,0.004640812142444906,0.006036051697138973,0.0005667439069577576,0.0007011020840292518
522.25,0.6979166666666666,-0.004223567192902945,0.002070803365494231,-0.03742143101873874,0.0841661531283116,0.11226429305621625,0.25249845938493476,-0.018177223772037596,0.0039357591758465045,-0.005313798681076134,8.450168576555297e-05,-0.016610661273602164,0.00283163382047897,-0.009095815111104032,0.002734810913368025,-0.0234028078376688,0.05263626154119628,-0.0007413314045305948,0.0003634727464566226,0.39600961034270127,0.9053141368091044,0.3912435269752166,0.8993050859450381,0.004245439604850772,0.005745230435030044,0.0005206437626336987,0.0006682053981769016
522.25,0.7020833333333333,-0.004075515126996974,0.0020759741975240184,-0.031406451456661474,0.08416327394377432,0.09421935436998442,0.25248982183132296,-0.018457670015824233,0.0039040107162132457,-0.0053183889402833966,7.79861091551512e-05,-0.016812212517754842,0.0028032017433494236,-0.009290874748430999,0.0027183527165568063,-0.01964112840548828,0.05263446106431734,-0.0007153449241577584,0.0003643803442279274,0.332161652707459,0.9071299091783829,0.3278163226351797,0.9014627521209281,0.0038686874616216563,0.005455324465014863,0.00047664261065773894,0.0006353859070996767
522.25,0.70625,-0.0039269183902458735,0.0020811484720426906,-0.025391506779001347,0.08416109170479263,0.07617452033700405,0.2524832751143779,-0.018734823763284194,0.003872388719894165,-0.005322096591279996,7.192938243589739e-05,-0.01701081151717702,0.0027748790691912908,-0.009484230337529237,0.0027019649119456113,-0.015879470784023877,0.05263309640651244,-0.0006892628417537031,0.0003652885462337578,0.2681430853114049,0.9084881046807843,0.2641828119847979,0.9031648775932004,0.0035240140467135755,0.005166562273474191,0.0004362592798930707,0.0006026586123337029
522.25,0.7104166666666667,-0.0037780310516675976,0.0020863194518192284,-0.019376576285422976,0.08415932039786359,0.05812972885626896,0.25247796119359067,-0.01901022170776129,0.0038408753825369523,-0.005325333600136022,6.64417682770495e-05,-0.017207836182154476,0.002746652423061823,-0.009676677180680972,0.0026856356192973695,-0.012117822036992723,0.052631988757650176,-0.0006631297521676014,0.00036619616993795303,0.2040510480855811,0.9096031751779883,0.2004566857178398,0.9046245027353216,0.00319654599722406,0.004880645460973615,0.0003978163705173243,0.0005702163157994654
522.25,0.7145833333333333,-0.0036288372020426593,0.00209148638475613,-0.013361660279830347,0.08415798666844566,0.040084980839491094,0.2524739600053371,-0.019283767818724807,0.003809480639005317,-0.005328074229079249,6.166753259157553e-05,-0.01740320040949445,0.002718530636378029,-0.009868165573400004,0.0026693701134549246,-0.008356182355394074,0.05263115478661998,-0.0006369428629722233,0.00036710308333042006,0.139883385634762,0.9104612467557457,0.1366347296190377,0.9058277188931896,0.0028872348210778106,0.00459821743005499,0.0003614211946464399,0.0005381237529538742
522.25,0.71875,-0.0034791115835955248,0.002096672919127316,-0.007346755922856672,0.08415750587273385,0.022040267768569977,0.2524725176182016,-0.019554103799627267,0.0037781263304881986,-0.0053299538870843505,5.7698413416193635e-05,-0.017595685933711015,0.0026904368401445044,-0.010057992859773136,0.002653133484246924,-0.004594549981539389,0.05263085423824735,-0.0006106626363419624,0.0003680134372171769,0.07564954173431175,0.9109088412531695,0.07271111068211614,0.9066224405152182,0.0026098068891304825,0.004317679948667339,0.0003286241630649905,0.0005061913641671314
522.25,0.7229166666666667,-0.003329101558359496,0.002101873641009583,-0.001331837430790565,0.08415749370964355,0.003995512292371669,0.2524724811289307,-0.019822726872563985,0.003746781053837163,-0.005331374245902589,5.475480943018389e-05,-0.017786635475519834,0.002662348527104766,-0.010246933710877763,0.002636904752692433,-0.0008329087551481588,0.05263084676644551,-0.0005843324898987466,0.0003689262813324623,0.011405868266009669,0.9111304849199952,0.008758624057878564,0.907192380051543,0.0023494864584015203,0.004041446004416044,0.0002977577497298893,0.0004746792372426794
522.25,0.7270833333333333,-0.003178801582000737,0.0021070890330469115,0.004683096651573179,0.08415796002633658,-0.014049289954719562,0.2524738800790097,-0.020089603875485737,0.0037154441248852628,-0.005332326419861076,5.301080476115686e-05,-0.017976019302691458,0.0026342651321812757,-0.010434970960723555,0.002620683575699248,0.0029287422355319622,0.05263113852922038,-0.0005579514504868054,0.00036984170039119224,-0.0528463454604152,0.9111212375002726,-0.055221815645577425,0.9075326166822418,0.0021066102342056268,0.0037707213753832534,0.0002688599509565729,0.00044370589989505357
522.25,0.73125,-0.0030279356008726917,0.002112339356241973,0.010698099188661984,0.08415935812123242,-0.03209429756598595,0.2524780743636971,-0.020353079850984453,0.003684090632229522,-0.005332365478391829,5.2615683766766674e-05,-0.0181623525701983,0.0026061617263466274,-0.010621248991126483,0.002604460261318174,0.006690436014475853,0.05263201302573677,-0.0005314710644582672,0.0003707632506568007,-0.11706295417787799,0.910641349711176,-0.11920465727503346,0.907404718904614,0.0018978844795814224,0.003506523055948007,0.00024381861757359958,0.0004133557116678714
522.25,0.7354166666666667,0.0028158419188962234,0.0021197208400153193,-0.019133453179551764,0.084162146730701,0.057400359538655285,0.2524864401921031,0.020719429941721868,0.003640194863572241,0.005331612472408061,5.426859284350497e-05,0.01842086874800964,0.002566922230067387,0.010880830080212617,0.002581641723735656,-0.011965776821060712,0.05263376861689245,0.0004942438344959062,0.00037205886772249106,-0.20705215086187342,0.9095283784610356,-0.20890119940844637,0.9067867341018085,0.0016368097921295134,0.0031539799361243164,0.00021223875444310338,0.00037245487344792985
522.25,0.7395833333333334,0.0026642441569206202,0.0021249941853832203,-0.025148585468796118,0.08416470215793323,0.07544575640638845,0.25249410647379966,0.020978516826576213,0.0036089450343868277,0.005330471153541408,5.6999123839078445e-05,0.018603263806896538,0.0025389089490021398,0.011064839207719727,0.002565477442898419,-0.015727551607393878,0.052635366552232034,0.0004676350044060447,0.00037298445889924096,-0.271170201784534,0.9084558599547474,-0.27283476500634135,0.906067784522191,0.0014723613707924375,0.0029183117434289046,0.00019220185101526024,0.000344930690824879
522.25,0.74375,0.0025120991591733254,0.002130293433691813,-0.03116386650497504,0.08416803518002426,0.09349159951492507,0.25250410554007274,0.021234331572187244,0.0035776827754574183,0.005328450330975032,6.075652598059956e-05,0.018782723210905353,0.0025108770614354617,0.011247156486409053,0.0025493139821550323,-0.019489419396481644,0.052637450799949886,0.00044093012208244113,0.0003739145966269339,-0.33515240026956344,0.9069627875235234,-0.33666950266811396,0.9049298328934472,0.001341178533425247,0.0026980027454670675,0.00017592386512481294,0.00031889534364502376
522.25,0.7479166666666667,0.0023596550816573714,0.002135619342026252,-0.037179216859610245,0.08417170382262414,0.11153765057883061,0.25251511146787237,0.021488355663648418,0.003546335174112222,0.005325948473030206,6.54360573355943e-05,0.01896057628784394,0.002482768374756225,0.011428547724784353,0.002533108020210652,-0.023251330540642677,0.05263974492170223,0.00041417274450663915,0.00037484941379110827,-0.39902387390865784,0.9052184250757153,-0.40041379753219947,0.9035421255543847,0.0012282179729800813,0.0024999653308655115,0.00016170565056106208,0.00029505489184381646
522.25,0.7520833333333333,0.0022069172591554277,0.002140970976703417,-0.043194635135090594,0.08417569859134523,0.12958390540527168,0.25252709577403576,0.02174062101002722,0.0035149063288965744,0.0053229741568168966,7.086544918544819e-05,0.019136851665762934,0.002454586851375328,0.011609029421030991,0.0025168614983468603,-0.02701328416522162,0.052642242982135164,0.0003873638080534496,0.0003757887465092961,-0.4627855330852177,0.9032277065848925,-0.4640682000445632,0.9019095184739965,0.0011331562973454978,0.002330557452682696,0.00014951066199948292,0.00027405914460975787
522.25,0.75625,0.002053617567560634,0.0021463563363232404,-0.04921017803318852,0.0841802024220569,0.14763053409956547,0.2525406072661706,0.021989521234613396,0.0034833870567383446,0.005319096025051742,7.690758666234442e-05,0.01931010844913721,0.002426324186423085,0.011787770710944227,0.002500570156247732,-0.030775315716563285,0.052645059436567304,0.00036045625088825575,0.00037673399871638165,-0.5263021517764451,0.9007649403849891,-0.5275157291266626,0.8998067511290457,0.001072385269280287,0.0021968401381066206,0.00014119208093681636,0.00025665090127668916
522.25,0.7604166666666666,0.0019000066078839956,0.002151751209099384,-0.05522578138634522,0.08418491106909229,0.16567734415903557,0.25255473320727695,0.02223655555055435,0.003451860773331832,0.005314716783490101,8.34104427381342e-05,0.01948169149772015,0.002398056441681923,0.011965546942336536,0.0024842756294205033,-0.03453738508037994,0.05264800396201752,0.0003334940591467043,0.0003776809206971951,-0.5896624608345239,0.8980456713214414,-0.590828128712462,0.8974479002213236,0.0010306425787904028,0.0021067402427675133,0.00013502529914703336,0.000243741853069496
522.25,0.7645833333333333,0.0017461014401927934,0.0021571558767830763,-0.06124144300865448,0.08418980242223316,0.18372432902596356,0.25256940726669946,0.022481826445026443,0.003420320548725494,0.005309863959324909,9.027532312105911e-05,0.019651692745553947,0.002369777580237317,0.012142411119920572,0.0024679741712998224,-0.03829949088976181,0.052651062732941165,0.00030648022725579587,0.0003786295619054386,-0.6528719722110716,0.8950852717177149,-0.6540097535753514,0.8948483489733142,0.001006888581526038,0.002066070495601755,0.000130892782753671,0.00023608526184520123
522.25,0.76875,0.0015916616504245442,0.0021625930085469027,-0.06725723151730652,0.08419482291747396,0.2017716945519195,0.25258446875242185,0.02272389702300631,0.003388603339323246,0.005304151720822526,9.74303200069812e-05,0.019818823330188473,0.0023413391753051172,0.01231762002971666,0.002451582371594083,-0.04206167606807592,0.052654202253676084,0.000279372557119355,0.0003795839012927387,-0.7157504836540259,0.8917001859153116,-0.7168968318213367,0.8918260964174527,0.001015883810209117,0.0020755420846964813,0.0001304643571021214,0.0002339347268778983
522.25,0.7729166666666667,0.0014369035333564536,0.0021680496028285154,-0.07327302526261754,0.08419974188231379,0.21981907578785284,0.2525992256469414,0.022964048336149408,0.0033567547621989433,0.005297924476763043,0.00010483674131436307,0.01998423262572024,0.0023127860392250744,0.012491835978253565,0.002435120944150474,-0.04582386450939857,0.052657278284813765,0.00025220901335441185,0.0003805416567913462,-0.7784003576317001,0.8880488826797533,-0.7795770582256356,0.888538805146727,0.00104444960401354,0.00213709056272554,0.00013225098992263753,0.00023775499764788318
522.25,0.7770833333333333,0.0012818530126114888,0.0021735240183202976,-0.07928881380441458,0.08420454471077378,0.23786644141324378,0.2526136341323214,0.023202434729660174,0.003324783026652071,0.005291223812769356,0.00011245340361412784,0.02014805917616593,0.0022841260956899256,0.012665138698596019,0.002418593790053716,-0.0495860496880182,0.052660281689742974,0.00022499414614211543,0.00038150254031471623,-0.8408364755931503,0.8841520170508401,-0.8420635507681528,0.8850070090637926,0.0010910018078545082,0.0022471018881267298,0.00013607336714880963,0.00024734956858957175
522.25,0.78125,0.0011262564275558635,0.002179030682651507,-0.08530446779934989,0.08420884504458358,0.2559134033980495,0.2526265351337508,0.02343750077506558,0.003292535552924952,0.005283634612343836,0.00012029891563676005,0.02030890959581412,0.002255228661726694,0.012836721868413562,0.0024019171259026862,-0.05334815073765369,0.052662970826186886,0.00019768343231393813,0.0003824690842375391,-0.9028268053177493,0.879770085249208,-0.9041417796982303,0.8809923121261399,0.0011712634961623088,0.0024005227761384413,0.00014371088431905583,0.00026226371226669554
522.25,0.7854166666666667,0.0009703239609868114,0.002184545573419057,-0.09131997902956085,0.08421269248350631,0.2739599370886827,0.25263807745051897,0.023670512784766288,0.003260163215898907,0.0052754960918568955,0.00012830133549226135,0.020467919164946242,0.0022262275089032025,0.013007241043595972,0.0023851701208911775,-0.05711016249471685,0.052665376739832515,0.00017031376369642455,0.00038343707208568094,-0.9645195173241701,0.8750964393698507,-0.9659455409733319,0.8766865123949484,0.0012723205269885782,0.0025895894309928245,0.0001537031221729248,0.0002816641682402214
522.25,0.7895833333333333,0.0008140945542910132,0.0021900674491726457,-0.09733535449211755,0.08421611395049589,0.2920060634763528,0.2526483418514877,0.02390170703474192,0.0032276777482521933,0.005266871613197524,0.00013643490258475528,0.020625299759531104,0.0021971329565566465,0.013176818492869313,0.002368359115594234,-0.060872089339908314,0.05266751626161606,0.00014289197538217878,0.0003844062859565837,-1.0259445354983556,0.8701666438563249,-1.0275020852413286,0.8721250626153704,0.0013917715829804818,0.0028072520823678154,0.00016577815999180553,0.0003047142472476775
522.25,0.79375,0.0006573384496480019,0.002195598758395052,-0.10335040169119808,0.0842185443312339,0.3100512050735944,0.25265563299370164,0.024129659966653467,0.0031949478524631587,0.005257382190194749,0.0001447012535392611,0.020779776788122317,0.0021678310717052054,0.01334471559217015,0.002351412060291484,-0.06463381091953359,0.05266903593463207,0.00011537773968610222,0.00038537715561425825,-1.086852802773166,0.8647831729068807,-1.0885782976144773,0.8671111179769058,0.001543937384901305,0.003047127853838977,0.0001815574564100186,0.000330618309012578
522.25,0.7979166666666667,0.0005002473103037266,0.002201133796154368,-0.10936515626963177,0.0842201534294542,0.3280954688088956,0.2526604602883626,0.024355534733368506,0.003162035225485449,0.005247338727475551,0.00015306416567262325,0.020932392566770104,0.002138374206207178,0.013511534972008606,0.0023343631166233953,-0.06839534948937656,0.052670042002137284,8.780469783534378e-05,0.0003863486797143457,-1.1473992432907214,0.8591186940797929,-1.149315940397263,0.8618169054330387,0.001716993424931223,0.003304212251971965,0.00019970368160943092,0.00035874548323852563
522.25,0.8020833333333334,0.00034286673089295775,0.002206673104744306,-0.1153796031777867,0.0842209627260078,0.3461388095333602,0.25266288817802346,0.02457960344477495,0.0031289453698433735,0.005236814427816784,0.00016152036272608353,0.021083391268401405,0.0021087683192975142,0.013677417280951804,0.002317214735531989,-0.07215669564169984,0.05267054789176034,6.01808527177682e-05,0.00038732095344163643,-1.2076240086820589,0.8532044859498276,-1.2097520562048545,0.8562736518183168,0.001908146982080732,0.0035754010245083847,0.0002199005407154028,0.00038868601782689253
522.25,0.80625,0.00018496374595575714,0.002212227082919263,-0.12139311325868106,0.08421969865548919,0.364179339776043,0.2526590959664676,0.024800337998963955,0.003095384619281299,0.005225407004482739,0.00017014438523026796,0.02123140790211525,0.00207876513853119,0.013841566447456393,0.002299802285401077,-0.07591745592664728,0.05266975710797375,3.246531363512555e-05,0.00038829580201231684,-1.2672049938645948,0.8467763948082696,-1.269581146476984,0.8502187151641453,0.002132313599975109,0.0038600290153828153,0.00024383901241485206,0.00042032278132274
522.25,0.8104166666666667,2.670578698592646e-05,0.002217776699292818,-0.1274058331315662,0.08421680538429914,0.3822174993946988,0.2526504161528975,0.02501877702253438,0.003061550307797765,0.005213393287787222,0.00017887728086281578,0.021377372636415013,0.0020485378029878477,0.01400452114284147,0.002282231416512179,-0.07967772201918519,0.05266794746057154,4.687468594944636e-06,0.00038926988498836767,-1.3263198810301604,0.8400072950266635,-1.3289692719330817,0.8438234303474723,0.002379054339842937,0.00415464651745615,0.00027033656307851804,0.0004532240830622404
522.25,0.8145833333333333,-0.00013184739013852705,0.002223319801008685,-0.13341786140213457,0.08421251269330698,0.40025358420640395,0.25263753807992095,0.02523530022704099,0.0030274998953924237,0.005200873940065283,0.000187699521924947,0.021521625146935657,0.002018136012310173,0.014166478684702534,0.0022645338952969503,-0.08343755559027476,0.052665262643246454,-2.3142193896980835e-05,0.0003902428244949025,-1.3850412694818859,0.8329580776185947,-1.3879848365556662,0.83714832548316,0.0026446009476221006,0.004457255953373144,0.0002989661261573615,0.00048713430961583445
522.25,0.81875,-0.0002909083768346856,0.002228835403111428,-0.13942850949407007,0.08420556147819923,0.41828552848221,0.2526166844345977,0.025448490822796998,0.002993117161964979,0.005187477095571162,0.00019662389970252048,0.021662900663291636,0.001987466737533454,0.014326700200235114,0.0022466391055044077,-0.08719652602889208,0.0526609152058016,-5.1060988434363244e-05,0.0003912109371984316,-1.4430533348239896,0.8254263830490274,-1.4463272905876032,0.8299907862816694,0.0029426721392162205,0.004766207264283546,0.00033128362439662905,0.0005218504743738499
522.25,0.8229166666666666,-0.0004503189348409387,0.0022343378460494157,-0.14543797201484074,0.08419646970264134,0.43631391604452224,0.25258940910792405,0.02565934134040134,0.002958399500022325,0.005173466839997069,0.00020563370019403154,0.02180208774738377,0.0019565199229292303,0.014485700777772432,0.0022285516847425427,-0.09095475503567012,0.05265522908034869,-7.904114062949307e-05,0.0003921767401714311,-1.500527048545017,0.8175616283929515,-1.5041565552101555,0.8225009561320056,0.00326334234690853,0.0050802012968724185,0.00036616431822968917,0.0005571997125952202
522.25,0.8270833333333333,-0.0006100122104775468,0.002239827807957539,-0.151446379571162,0.08418551658042896,0.4543391387134861,0.2525565497412869,0.025868280552802374,0.002923402026574558,0.005158956475072077,0.00021471998538691032,0.021939569703892357,0.001925344006770191,0.014643703489152943,0.002210301910757644,-0.09471232428597914,0.05264837889227445,-0.00010707091615211457,0.0003931403524418851,-1.5575538125186235,0.8094237094596826,-1.561559322278313,0.8147384164323349,0.0036023809859893614,0.005398627619488003,0.000403128773700331,0.0005931022365226276
522.25,0.83125,-0.0007701843669394524,0.002245288117181115,-0.15745257128618265,0.08417082294649195,0.47235771385854786,0.2525124688394758,0.02607389862603062,0.002887867835458868,0.005143581109651953,0.00022392957044829292,0.022074091612654775,0.0018937260187556085,0.014799969448218923,0.002191740599041565,-0.09846850777384274,0.05263918946732342,-0.00013518474607202753,0.00039409875999668506,-1.6137719561700878,0.8007858010909645,-1.6181885675775054,0.8064768895868091,0.0039729405773260154,0.005721459507239758,0.0004436708300910969,0.0006295530812017333
522.25,0.8354166666666667,-0.0009307183999366364,0.0022507163037902792,-0.16345659579211372,0.08415266255827226,0.49036978737634124,0.2524579876748168,0.02627691086704582,0.0028518773413947,0.005127532595635266,0.0002332552706104326,0.022206294931851344,0.0018617403027686604,0.014954868793593833,0.0021729094405140096,-0.10222333592723269,0.05262783197027392,-0.00016336209349454288,0.0003950515293073732,-1.6693227701115794,0.7917437344091035,-1.6741775311316276,0.7978115758961247,0.004367790978140502,0.006048415606480017,0.00048697004190871736,0.0006665099026771772
522.25,0.8395833333333333,-0.0010915353465098857,0.00225611502407383,-0.16945884186532412,0.08413171368238033,0.5083765255959722,0.25239514104714106,0.026477869467702923,0.002815545935079161,0.005110954306095349,0.00024267017255679804,0.022336671500159586,0.0018294849477324584,0.015108690603810374,0.002153873847561621,-0.10597705187691739,0.05261473059008237,-0.000191589098637446,0.00039599912661260773,-1.7243420694361484,0.7823917049298795,-1.7296562158975983,0.7888361579991705,0.004781712211739906,0.006378659248319852,0.0005324342497100588,0.0007038710539830787
522.25,0.84375,-0.0012528159571888844,0.0022614491407352286,-0.1754578641603352,0.08410589485678083,0.5263735924810058,0.25231768457034254,0.026675402067988928,0.002778683566464384,0.005093494871393424,0.00025219905117185364,0.02246400245665382,0.00179680874987049,0.01526071292965144,0.002134517519333129,-0.10972875171569425,0.052598583637366754,-0.00021989748729978853,0.0003969353845234964,-1.778454264988521,0.7725275154511625,-1.784262930231614,0.779348094488968,0.005227183819393039,0.006711534494574197,0.0005814814237016012,0.0007415630526753052
522.25,0.8479166666666667,-0.0014144523220637724,0.0022667258494870144,-0.1814539615436896,0.08407593628298757,0.5443618846310689,0.2522278088489627,0.026870217935542274,0.002741377709101719,0.005075341555998604,0.0002618165701377464,0.022588921745266832,0.0017637818946986542,0.015411304883097842,0.002114893162382371,-0.1134786223707418,0.05257984771729191,-0.0002482683188559355,0.0003978615660500582,-1.8318153951261738,0.7622692182366644,-1.8381460104221399,0.769465408765725,0.0056972891390330025,0.007046306761920777,0.0006333261569318925,0.0007794941733195273
522.25,0.8520833333333333,-0.001576356657279825,0.0022719572345751924,-0.1874477218836148,0.0840427517166936,0.5623431656508441,0.2521282551500809,0.02706296131807331,0.0027037327906399553,0.0050566600112924515,0.0002715029667009974,0.02271200205113862,0.0017304907492536044,0.015560804882859137,0.002095062440801433,-0.11722703147841537,0.0525590942990356,-0.00027668618525734934,0.00039877979225031297,-1.8845952553542142,0.7517182637970893,-1.8914686253899866,0.759289388458597,0.006186076939760984,0.007382700308945736,0.0006872930960114384,0.0008176289614361404
522.25,0.85625,-0.0017386836934315622,0.002277110390386698,-0.19343738453448486,0.08400413087728996,0.5803121536034546,0.25201239263186986,0.027252355302192614,0.002665504138085577,0.005037128129746427,0.00028128444548811214,0.022832112695734767,0.0016967316294612229,0.015708537779236358,0.002074881930860344,-0.12097287794577884,0.05253494113882652,-0.0003051782452169646,0.000399684287446205,-1.9364104976081224,0.74068961825011,-1.9438598768384483,0.7486352998350374,0.006704725650879754,0.007720181193089637,0.0007446535794462031,0.0008559080918678682
522.25,0.8604166666666667,-0.001901358717056326,0.0022821836013771617,-0.19942242380723094,0.08395937178055811,0.5982672714216929,0.25187811534167426,0.027438748024993527,0.0026266007493269765,0.005016845713842558,0.0002912046286397966,0.02294957042016666,0.0016624409656505006,0.015854679171317172,0.002054293471691254,-0.12471583303143025,0.052506949199630656,-0.00033373138483516176,0.0004005747505209634,-1.9873192617313908,0.7291828572887437,-1.9953734060539066,0.737502488851758,0.007249194788542774,0.008059972554543415,0.0008049495339736726,0.0008944715723190866
522.25,0.8645833333333334,-0.0020642895117107037,0.002287191679912369,-0.2054038819009852,0.08390996465832261,0.6162116457029556,0.25172989397496787,0.027622899116038453,0.002587222279069036,0.00499600421695611,0.00030122435642876964,0.023065047741628934,0.0016277864029090583,0.015999630820336425,0.002033412565300385,-0.1284565485024847,0.05247605045356877,-0.0003623294180440037,0.00040145378137922556,-2.037544671346368,0.7173347332085702,-2.0462249172549023,0.726027083575604,0.007812822009266506,0.008401460953013144,0.0008674238992684697,0.0009332446188832398
522.25,0.86875,-0.002227617998975431,0.0022920817956661897,-0.21137930392954635,0.08385295647242327,0.6341379117886384,0.2515588694172698,0.027803473480468688,0.0025471176288615295,0.0049742744051825905,0.00031137637883161433,0.02317736780196705,0.0015925719354428834,0.01614268147519246,0.002012083023881266,-0.13219348909506196,0.05244039811862779,-0.0003909972552852998,0.00040231210710592135,-2.0866638562168065,0.7049454007137773,-2.0960038928621416,0.7140085863631548,0.008406697953720914,0.008744099986197266,0.0009333386916147046,0.0009721668682341389
522.25,0.8729166666666667,-0.0023912852788901093,0.0022968472951323186,-0.21734885557308112,0.08378894318463248,0.6520465667192438,0.2513668295538975,0.02798085875182822,0.0025064404865903734,0.004951758336243671,0.00032162419566100065,0.023286876865195594,0.0015569308488485015,0.01628403306848577,0.0019903900039836054,-0.1359267584469718,0.05240036489441572,-0.00041972455828612047,0.00040314855986046765,-2.1347744639723265,0.6921046279962995,-2.1448037926956207,0.7015357122274155,0.0090270620830017,0.00908687969722177,0.0010022666402930208,0.001011123690494973
522.25,0.8770833333333333,-0.0025551893210199127,0.002301524620222923,-0.22331396655975458,0.08371979598045437,0.6699418996792631,0.25115938794136317,0.028155949370953604,0.0024653292229839673,0.004928679130122492,0.0003319463801173373,0.023394365166148633,0.0015209715752509166,0.016424160295744183,0.001968421206005077,-0.1396572506831729,0.05235712098721091,-0.00044849341840145286,0.00040396953602125663,-2.1821475997201767,0.6789492083381711,-2.192887205089777,0.688745673694829,0.00966626709211122,0.009430016522131393,0.0010733382774865828,0.0010501344416930841
522.25,0.88125,-0.0027194416111532968,0.002306069424581433,-0.22927180328892904,0.08364254126258994,0.6878154098667871,0.2509276237877699,0.02832751995422512,0.0024234560360896426,0.0049047416056445855,0.00034238261699142964,0.0234987575031489,0.0014844229027003951,0.016562405404510726,0.0019459839827747174,-0.14338319370882963,0.05230880673537311,-0.0004773234039043604,0.0004047672518014323,-2.2283643411496596,0.6652898195995209,-2.239845896536316,0.6754495798383532,0.010333908993503825,0.009773257137538488,0.0011476463931523575,0.001089171821374686
522.25,0.8854166666666666,-0.0028839990564401494,0.002310465157387054,-0.23522164271596496,0.08355645330172853,0.705664928147895,0.2506693599051856,0.02849568938649747,0.0023808018614919274,0.004879985606210227,0.00035294277711745667,0.023600166114021888,0.001447284060776638,0.0166988242855339,0.0019230587497590114,-0.14710413534380087,0.052254968342110845,-0.0005062069510266738,0.000405538802158251,-2.2734343642135153,0.6511342174775996,-2.2856874396428273,0.661654118392112,0.01102809750892054,0.010116627922664058,0.001224977920391648,0.0011282408881006195
522.25,0.8895833333333333,-0.003048765660202992,0.0023147470508240184,-0.24116540838816145,0.08346371323990091,0.7234962251644839,0.25039113971970267,0.02866141205701083,0.0023375898575291624,0.00485464473119839,0.0003635988196647602,0.02369943103357615,0.0014097439386111309,0.0168339266142123,0.0018997769530221147,-0.15082127854408617,0.052196969829936234,-0.000535127210184026,0.00040629037113553855,-2.317670444318178,0.6366355805069134,-2.3307159712902883,0.6475119225594258,0.01174107704432243,0.010460276191679703,0.0013044499277872826,0.0011673544626857307
522.25,0.89375,-0.003213837216968113,0.0023188410006975842,-0.24709923151547322,0.08336013852901304,0.7412976945464193,0.25008041558703903,0.028823355266374508,0.002293471735884535,0.004828407281686137,0.0003744041294811746,0.02379538949661315,0.0013715384623691005,0.016966990434191604,0.0018759193217502666,-0.15453220382487703,0.05213219546090666,-0.0005641009954786854,0.00040700895177394974,-2.3606026078897444,0.6215825628931978,-2.374472322650264,0.6328103270187784,0.012482546867288504,0.010803854215332252,0.0013871678932298158,0.001206477581705476
522.25,0.8979166666666667,-0.0033791874029019437,0.0023227291873239497,-0.2530225606159127,0.08324570852947535,0.7590676818477391,0.24973712558842603,0.028981570214440328,0.002248550029287638,0.004801293036819269,0.0003853275380805566,0.02388809169286348,0.0013327642938909116,0.017098037963266175,0.0018515382477124586,-0.158236566296486,0.05206063238179549,-0.0005931236864835072,0.0004076914163166339,-2.4022286433851883,0.6060239844045062,-2.4169531212027016,0.617596700190171,0.013251463295719074,0.011146316925352352,0.0014730145217935718,0.001245490998261126
522.25,0.9020833333333333,-0.0035447199003668063,0.0023264734326730882,-0.2589383694306325,0.08312374444633888,0.7768151082918976,0.2493712333390166,0.02913721812573694,0.0022030946381641375,0.004773578732749574,0.00039633195875171337,0.023978554414075284,0.0012936392249407757,0.017227694629165072,0.0018268011829233554,-0.16193622569464672,0.0519843575945036,-0.0006221783772783613,0.00040834861591517417,-2.4429462112670626,0.5901476681674255,-2.458546187923604,0.6020590067698729,0.014038993436050895,0.011488057179612956,0.0015609832204910717,0.001284434463192854
522.25,0.90625,-0.0037105069328489003,0.002330001331786703,-0.26484264619876885,0.08299052576592174,0.7945279385963065,0.24897157729776526,0.0292890805966995,0.0021568139385811937,0.004744985030328542,0.0004074476024633178,0.0240657185962195,0.001253939783990632,0.017355296413071583,0.0018015257235290188,-0.16562867312741336,0.05190104430859768,-0.0006512777447157794,0.00040896784186458807,-2.4823103855859263,0.573782950272713,-2.498815964042204,0.5860253608187835,0.014853545465253387,0.011828220548693799,0.0016520329910239958,0.0013232147792549757
522.25,0.9104166666666667,-0.0038765244987888315,0.002333300973459462,-0.27073418053956977,0.08284557609375873,0.8122025416187093,0.24853672828127624,0.02943706626336436,0.00210966969107128,0.004715501095496453,0.0004186666506119739,0.024149511974380814,0.00121363621404095,0.017480786371744543,0.0017756900376270028,-0.16931315163604227,0.05181039466259234,-0.0006804175759801686,0.00040954700347940124,-2.5202618514707043,0.5569346580683492,-2.5377028675278406,0.5695002272227756,0.01569487746841165,0.01216640467981082,0.001746138588724125,0.0013617851103576882
522.25,0.9145833333333333,-0.004042681763878513,0.0023364276924169687,-0.27661615223584707,0.08269158721000532,0.8298484567075416,0.24807476163001596,0.029582343472438585,0.0020618915197230417,0.00468540307386642,0.0004299799679079803,0.02423095595887416,0.0011729371083928275,0.017604795386627677,0.0017494278926732058,-0.1729916498138119,0.05171409204153004,-0.0007095819275995477,0.0004100958132533374,-2.5572161861369795,0.539768515579663,-2.575612799300616,0.5526479941713743,0.0165543035501422,0.012503581259918434,0.0018423096134947542,0.0014002532170473132
522.25,0.91875,-0.004209020669826616,0.0023392803288429073,-0.2824831112620887,0.08252308570280553,0.8474493337862659,0.2475692571084165,0.029723595878665857,0.0020130647053038042,0.004654402059424404,0.00044145278976003867,0.024308915465640773,0.0011315509897929937,0.017726596948465515,0.0017224698635463285,-0.1766607593036512,0.05160871345420846,-0.0007387781612907738,0.00041059651535458724,-2.5926764147294676,0.5220814578278707,-2.6120577502499946,0.5352622799322896,0.01743987004667579,0.012839218216889122,0.0019414654738552203,0.0014385649561010259
522.25,0.9229166666666667,-0.004375528241808045,0.0023418142246624018,-0.28833279285490654,0.08233872016589783,0.8649983785647202,0.24701616049769354,0.029860459884403653,0.001963200895657271,0.004622426992832484,0.00045306427034839323,0.024383083145782265,0.0010895193490814447,0.0178459842014391,0.0016948075341327046,-0.18031906372793582,0.05149341371917146,-0.0007680039996790887,0.00041104127128269364,-2.6264916370742584,0.503878362723508,-2.6468885052536533,0.5173449422676487,0.018353087067117763,0.013172007862711877,0.002043781112276537,0.001476571530096805
522.25,0.9270833333333334,-0.004542136045436476,0.0023441311168093553,-0.29417070266010514,0.08214391941541399,0.8825121079803145,0.246431758246242,0.029994422500114675,0.0019127466708577844,0.004589812086086414,0.00046475793170583016,0.024454746798049123,0.001047214964498356,0.017963772297161777,0.0016667155066452484,-0.18397000625196144,0.05137158795690679,-0.0007972474309845411,0.00041144793816663325,-2.65921373701773,0.48541652958545667,-2.680646145223704,0.49915227871962065,0.019284259423486563,0.013502671113718534,0.0021481487824896476,0.0015143491877983148
522.25,0.93125,-0.0047088731757925295,0.0023461346123673766,-0.29999166019736045,0.0819343894810592,0.899974980592082,0.24580316844317765,0.03012429746668897,0.001861463331429214,0.004556300111340598,0.00047655177480953486,0.02452288572302645,0.0010044942401362111,0.01807930431132654,0.001638028891644724,-0.1876103470922203,0.05124055079657881,-0.000826513562050707,0.0004117995968731633,-2.6903899591421974,0.4665704616257852,-2.712885712660689,0.4805543139938265,0.020240385080014103,0.01382970046215864,0.0022553684384749506,0.0015517311797981705
522.25,0.9354166666666667,-0.00487570774429695,0.002347793444221931,-0.3057921864020399,0.08170806355275821,0.9173765592061199,0.24512419065827468,0.03024959836361959,0.0018091024755239823,0.004521801589610168,0.000488466669252052,0.024587092698278367,0.000961166109035299,0.018192299563891446,0.0016086053477342224,-0.191237910474514,0.05109900962946134,-0.0008557967957119266,0.00041209075931771574,-2.719807610223404,0.4472721507448602,-2.7433962918351926,0.4614816590831988,0.02122305643079329,0.014152977337532999,0.002365625180994065,0.0015887045439698414
522.25,0.9395833333333333,-0.005042585161554409,0.0023492113689417148,-0.31157860297567935,0.0814701401141051,0.9347358089270377,0.24441042034231528,0.030371887900835948,0.0017560962218738086,0.00448666113638181,0.0005004671723873242,0.024648716406540466,0.0009176298101567962,0.01830361937769704,0.0015787010048227722,-0.19485664990763082,0.05095021556759671,-0.0008850875502967684,0.00041233963712077325,-2.74806204164671,0.427782712270782,-2.772762453555967,0.44219148864271746,0.022222598815155887,0.014473749092592688,0.0024778130941006276,0.0016254053178282467
522.25,0.94375,-0.0052095035857671204,0.0023502818485869642,-0.31734487707936215,0.08121557255806923,0.9520346312380867,0.24364671767420767,0.030490000143850407,0.001702137986986825,0.0044506367568176285,0.000512586811296431,0.024706761291439294,0.0008737231918498962,0.01841261042875159,0.0015481042438680395,-0.19846279255280175,0.05079101258291655,-0.0009143855025281364,0.0004125275304684315,-2.774698157840646,0.40798600021612413,-2.8005357990342423,0.4225600227787043,0.023245020418713003,0.014790708768119411,0.002592620774882125,0.0016616891225099653
522.25,0.9479166666666666,-0.005376415638414061,0.0023508837964572567,-0.32308441714841074,0.08093887877417527,0.9692532514452331,0.24281663632252581,0.030602934845740358,0.0016469663983488115,0.004413537983933357,0.0005248597786901246,0.024760385391096793,0.0008293724831451813,0.018518700116169424,0.0015166137902506024,-0.202052216121556,0.05061797213710702,-0.0009436823364058504,0.0004126331859107997,-2.7993160456508095,0.3878237275063102,-2.826320716366718,0.40251728842392376,0.024294177682433304,0.015102304986611732,0.0027104930334759985,0.0016973860255235515
522.25,0.9520833333333333,-0.005543308348082739,0.0023511846604134844,-0.3288065858187813,0.08064839386869148,0.9864197574563438,0.2419451816060744,0.03071259696422279,0.0015912064213249163,0.004375765532250188,0.0005372163815862381,0.02481121906198779,0.0007851465404599416,0.01862295210051486,0.0014846158512942136,-0.2056307758763208,0.05043630693380868,-0.0009729757751541421,0.00041268599432820065,-2.8226547402303526,0.3676467986860409,-2.850844792531553,0.3824077150176207,0.02535979900661513,0.015410214880213704,0.0028302532945863753,0.001732677618054629
522.25,0.95625,-0.005710164036260327,0.002351079046409872,-0.33450524816047145,0.08033955442100973,1.0035157444814145,0.2410186632630292,0.030817896180333437,0.0015346504432724236,0.004337098926486214,0.0005496708205875902,0.024858335432612066,0.0007410374257632825,0.018724751309421472,0.0014519481835312883,-0.20919463512758946,0.05024316310549614,-0.0010022627157948549,0.0004126674566859518,-2.84428546961169,0.3474218967475557,-2.8736850149642654,0.3621828693486436,0.02644705073942786,0.015712735054176624,0.0029524946131484773,0.0017673737669820022
522.25,0.9604166666666667,-0.005876923153404743,0.002350461012528772,-0.3401729386160301,0.08000772731666433,1.0205188158480898,0.24002318194999295,0.03091773514572297,0.001477040241236887,0.004297332005638184,0.0005622327670485126,0.0249008127826671,0.000697002620660416,0.018823467578273616,0.0014184290272582056,-0.21273912501497313,0.05003564308031006,-0.0010315327060388083,0.00041255897778548744,-2.8637652324150675,0.3271241211098834,-2.894402856238359,0.34180090686846426,0.027559944032116243,0.016008086209322935,0.003077679791176055,0.0018012772444490485
522.25,0.9645833333333333,-0.006043601684496557,0.002349529577551388,-0.34582096341289614,0.0796619477992394,1.0374628902386878,0.23898584339771817,0.03101422334772879,0.0014189680689369172,0.004256897399199294,0.0005748569252780542,0.024940448660202376,0.0006536791323368836,0.018920286624623982,0.0013844256777270497,-0.21627131629356303,0.049819397428633935,-0.0010607885516110114,0.00041239548991647146,-2.8819202305748393,0.3071458519562732,-2.913812801753001,0.3216377337619174,0.028687967784593035,0.01629908310280431,0.0032046033935701624,0.0018346982528292765
522.25,0.96875,-0.006210163197942242,0.0023481926766263875,-0.35144320554727704,0.07929812928250408,1.0543296166418312,0.23789438784751227,0.031106387091611867,0.001360229235137173,0.004215605686264282,0.0005875561178713874,0.024976420618258482,0.0006111819141422476,0.019014653883126394,0.0013497786602237323,-0.21978738348426505,0.04959187048767647,-0.0010900238579442257,0.0004121608336188009,-2.898362577367619,0.28753671156847427,-2.9315314559680132,0.3017142602721585,0.029835149586671997,0.01658428611252991,0.0033337290137217686,0.0018674757013013264
522.25,0.9729166666666667,-0.006376462558791168,0.002346197861012776,-0.35702610479537306,0.07890468971390886,1.0710783143861193,0.23671406914172663,0.03119245620837743,0.0013003364147015763,0.00417314164616571,0.0006004102850881482,0.02500725406366388,0.0005697344994794099,0.019105540549952334,0.001314066171066559,-0.22327884623399408,0.04934581902029531,-0.0011192131505776738,0.00041181069843849565,-2.9123942445483513,0.2683981666870471,-2.946866513112534,0.28207759734469945,0.031006617676897705,0.01686062626142099,0.0034656508872888277,0.0018992703148664786
522.25,0.9770833333333333,-0.006542583344109173,0.0023438031288759834,-0.3625845779029517,0.07849375187768626,1.0877537337088552,0.23548125563305877,0.031274836877334615,0.0012401509730585656,0.004129975219952445,0.0006133414043670058,0.02503498272062717,0.0005304445386245633,0.019194315752305645,0.0012778069907980517,-0.22675503323250384,0.049088824380027235,-0.0011483710991734629,0.00041139036887882275,-2.9249667329773295,0.25033989688600383,-2.960758162410859,0.2632962815075875,0.03219222656987501,0.017131289684726134,0.003599202863654513,0.0019304348961064718
522.25,0.98125,-0.006708469743910989,0.002340902943102012,-0.36811203454063357,0.07806089399866567,1.1043361036219013,0.23418268199599693,0.03135257995461156,0.0011795944516698256,0.004085929177722379,0.0006263580677021555,0.025058810122614735,0.0004939848928433906,0.0192804336645838,0.0012408651921253647,-0.2302118229766528,0.04881812122945159,-0.001177487907819067,0.0004108813207933958,-2.935704433403714,0.2336898014810037,-2.9728345464578827,0.24563239480881485,0.03339533940623307,0.01739447950744469,0.00373477364793562,0.0019607689822472964
522.25,0.9854166666666667,-0.006873979243322186,0.0023372873795264493,-0.3735945867249463,0.07759799660562167,1.1207837601748383,0.23279398981686505,0.031423835516354054,0.0011185111693208436,0.00404067075849184,0.0006394484185654233,0.025077192878376377,0.00046119346451377514,0.01936282149063285,0.0012030220713648953,-0.23364053015854566,0.04852863185674997,-0.0012065385619362393,0.0004102467077515708,-2.9438765905814583,0.21883856412491412,-2.98237117404066,0.22939916786679496,0.03462157105672248,0.017645974425778393,0.003873012402479925,0.0019897968681823076
522.25,0.9895833333333334,-0.00703923580590948,0.0023332625321140976,-0.3790499463447357,0.07711771056362021,1.137149839034207,0.23135313169086066,0.031491311462804046,0.0010576306111099516,0.003994718103025908,0.0006525888105025678,0.025092412143384684,0.00043350266030153426,0.019443027624228115,0.0011647017251903851,-0.23705223150943783,0.04822826785768247,-0.0012355448199298591,0.0004095402561553386,-2.950552080562452,0.206558943969708,-2.9904251184408817,0.21531987729722302,0.03586033728934583,0.01789109132580492,0.004012700589082981,0.0020181139233621916
522.25,0.99375,-0.007204172117236868,0.002328742427726928,-0.3844719117108074,0.07661623208596215,1.1534157351324228,0.22984869625788643,0.03155420387575257,0.0009969436129599067,0.003947928448109537,0.0006657907566772042,0.025103798512785023,0.0004120923167439984,0.019520584558189953,0.001125768102931914,-0.2404430485781495,0.047914650374751636,-0.0012644948665965464,0.00040874687577782356,-2.955411759832115,0.197408745358643,-2.996679789401218,0.2039103239569055,0.03711392558288247,0.018128512656702105,0.004154103986218492,0.0020455734670484574
522.25,0.9979166666666667,-0.007368539443950361,0.0023234122861741017,-0.38984073822108295,0.07608045921113415,1.1695222146632487,0.22824137763340246,0.03161016092399994,0.0009362420277839222,0.003899902741334246,0.0006790818580455897,0.025109406818123833,0.0003983636852411545,0.01959411146939292,0.001085821200196739,-0.24380063342520183,0.04757958580213015,-0.0012933450436166262,0.00040781131558824185,-2.957540322128829,0.1919905306597273,-3.0002257770479495,0.19576788047207241,0.03838761637491601,0.0183529527588042,0.00429783854420444,0.002071579333789539
550.0,0.0020833333333333333,0.007117164945995329,0.002491408562104821,0.3900865394845072,0.08580112822659423,-1.1702596184535214,0.2574033846797827,-0.028164794369319623,0.0006752745370213415,-0.003152308886030113,0.0007000243167767905,-0.022144536078977095,0.0005030018472322369,-0.017686498099564078,0.0008324775589222556,0.23859598242534644,0.05248009457275076,0.0011861941576658882,0.00041523476035080353,-2.65687206676635,0.22320098618598314,-2.698078791550917,0.22490641982406973,0.03763038433920119,0.01975469352462769,0.0035763404453652624,0.0018678807000094813
550.0,0.00625,0.007271846179978715,0.0024834989796721405,0.3953755098799446,0.08512382706850498,-1.1861265296398338,0.255371481205515,-0.02818316621722599,0.0006411030145890952,-0.0031081902725215256,0.0007123462953553952,-0.022126330366426146,0.0005390601079668492,-0.01773068552859008,0.000792379025353745,0.2418309766075315,0.05206582430926818,0.0012119743633297862,0.00041391649661202344,-2.6561122696182053,0.2251273936459796,-2.6986421633494744,0.22392555382457205,0.03884018807471524,0.019966378409876646,0.0036897056565527294,0.0018870532137641933
550.0,0.010416666666666666,0.007425992171888181,0.0024749708856633217,0.40062229003387884,0.08442013742533963,-1.2018668701016362,0.2532604122760189,-0.028197026682706128,0.0006147595456119429,-0.0030633803355084865,0.0007246996492973172,-0.022104445785231075,0.000580561482659027,-0.017772171768047948,0.00075237440511052,0.24504016550870533,0.05163541444023542,0.0012376653619813641,0.00041249514761055353,-2.6536149843567243,0.23125645379957427,-2.697479644228089,0.22713897865961968,0.04006065825930396,0.020167488805476686,0.0038040016120622776,0.0019051884064145196
550.0,0.014583333333333334,0.007579227988754653,0.0024653980285050145,0.405800908245659,0.08367280554696534,-1.217402724736977,0.25101841664089597,-0.028203882562525946,0.0005980299784533544,-0.0030175260761874326,0.0007370842162794319,-0.022076869766630473,0.0006272437926978234,-0.017809443464871733,0.0007123890942029035,0.24820766361772037,0.051178311461898184,0.0012632046647924424,0.0004108996714175025,-2.648446603584058,0.2415432025206514,-2.693661732077738,0.234647475641497,0.04129558305740431,0.020349815206180483,0.0039195454362748695,0.001921520940309785
550.0,0.01875,0.007731913563131152,0.002455266985698237,0.4109395565850473,0.08290212835824143,-1.2328186697551415,0.2487063850747243,-0.028206734239566607,0.000592029081564885,-0.002971082697006813,0.0007494891622211747,-0.022046045778443865,0.0006776929954894123,-0.017844300333404783,0.0006730264791003004,0.2513507141375403,0.050706928710111704,0.0012886522605218588,0.0004092111642830394,-2.6417484090628505,0.25550093353417686,-2.688322089992861,0.24610145698522767,0.04253794256809774,0.020522323718693954,0.00403573836191238,0.0019369513198912935
550.0,0.022916666666666665,0.007884033240878162,0.0024445749180108277,0.4160373302204487,0.08210795410780271,-1.2481119906613474,0.24632386232340808,-0.0282055110553842,0.0005973909726057214,-0.0029240413653811716,0.0007619130643017214,-0.022011917612025294,0.0007312714371986358,-0.01787669865616331,0.0006345309896623572,0.2544687635721106,0.050221173142814324,0.0013140055401463606,0.0004074291530018047,-2.6334928356874556,0.2726425909636743,-2.681433118275946,0.261065390595747,0.043787703503189945,0.020684984150479844,0.004152579085300339,0.0019514839134105793
550.0,0.027083333333333334,0.008034990364007184,0.0024327210051063412,0.421054536594559,0.08126598850547835,-1.2631636097836767,0.24379796551643498,-0.028196550398917927,0.000614642605846861,-0.0028758868532083957,0.0007743204450169873,-0.021971531088972002,0.0007880925207426341,-0.01790441289731421,0.0005968817833064146,0.2575375340707057,0.04970618520457822,0.0013391650606678635,0.0004054535008510568,-2.62231604921086,0.2926045598131461,-2.671635690166997,0.27917569123859765,0.04504920689012963,0.020826105870983356,0.004270434066007392,0.001964007238331635
550.0,0.03125,0.008185301658046006,0.002420299132537781,0.426027945310588,0.08040110939890226,-1.2780838359317643,0.24120332819670676,-0.02818346997045325,0.0006428991433623526,-0.002827148922490231,0.0007867060518463399,-0.02192781890799201,0.0008471021684871072,-0.017929626558957842,0.0005609310445073827,0.2605795160777356,0.049177183019577846,0.001364216943007667,0.0004033831887562969,-2.6095842554234037,0.3148077427882562,-2.6602892282567367,0.2998375825575295,0.04631622721551964,0.020956546558588005,0.004388745617812422,0.0019754909432801223
550.0,0.035416666666666666,0.008334952774945068,0.0024072955660242863,0.43095688888253053,0.07951284066766696,-1.2928706666475913,0.23853852200300085,-0.028166235129761828,0.0006811542073303865,-0.0027778258048221675,0.0007990701446444121,-0.021880755324294083,0.0009080361934779291,-0.01795231639720462,0.000527213829067526,0.2635943013359903,0.048633875413080896,0.0013891587958241782,0.0004012159276707143,-2.5952884587953466,0.33888017831632905,-2.647384533909502,0.32263651182615005,0.04758857988917886,0.021076042207002335,0.004507495224974166,0.001985910442311823
550.0,0.03958333333333333,0.008483257276636144,0.0023930467952174806,0.4357989176751138,0.07857466256958803,-1.307396753025342,0.23572398770876415,-0.028141230785800754,0.0007290915835882166,-0.0027274477184296726,0.0008113900792795157,-0.021827451896608743,0.0009714362581718126,-0.01797025834254195,0.0004962257493535983,0.2665559258335114,0.04806004226681735,0.0014138762127726909,0.00039884113253624694,-2.5781227657406713,0.3646643316804852,-2.631617572444952,0.347378904115878,0.048868018053435214,0.02117178793716195,0.004626788650846823,0.0019940321472826125
550.0,0.04375,0.008630689362960959,0.002378082899424399,0.44058565593950144,0.07760832149078008,-1.3217569678185037,0.23282496447234013,-0.02811138249590629,0.0007846471887067449,-0.002676420413389263,0.0008236740986310916,-0.0217702642149978,0.0010363885655641743,-0.017985234167770498,0.0004690511407820822,0.26948373191071184,0.047468982737954,0.0014384482271601593,0.0003963471499040664,-2.55917091610977,0.3917184593477005,-2.614068251968169,0.37357993281368096,0.05015098138098035,0.021253682125139756,0.004746354477419395,0.0020008719904999386
550.0,0.04791666666666667,0.008777314095556767,0.00236246343896522,0.4453217917755328,0.07661621200721419,-1.3359653753265979,0.22984863602164254,-0.028077156654041934,0.0008466263769213197,-0.0026248116946464145,0.0008359295532665477,-0.02170957001513228,0.0011027319178210197,-0.01799752571788782,0.00044669537443553845,0.27238058701073337,0.04686216138517465,0.0014628856825927954,0.00039374390649420327,-2.5386125851724732,0.41984210162749525,-2.5949153476053057,0.401004263577156,0.05143663989597547,0.021323046863286,0.0048661225368581236,0.0020065570348712296
550.0,0.052083333333333336,0.008922520062786876,0.002345691004193196,0.4499716564718265,0.07557786098100094,-1.3499149694154793,0.22673358294300286,-0.028035732040457555,0.0009144603687821241,-0.0025722723285201937,0.0008481405207914274,-0.02164312744789165,0.0011707651524459166,-0.01800538503478135,0.0004299872869048361,0.2752246742201917,0.04622705484935253,0.0014870866771311462,0.0003909485006988659,-2.515449460929302,0.4488826773255456,-2.57315984368756,0.4294753015946733,0.05272437095006951,0.021370793678790825,0.004986011808189755,0.0020102617214674064
550.0,0.05625,0.009066615800198652,0.0023281065493905174,0.4545542508640773,0.07450870771697836,-1.3636627525922316,0.22352612315093504,-0.027988718696586777,0.0009867093807079546,-0.0025190132397384995,0.0008602530325866664,-0.021572224130797013,0.0012398398613549465,-0.018009801443361433,0.00042003309422827356,0.2780276158875599,0.045573108616105154,0.0015111026333664425,0.0003880177582317529,-2.4902678833202794,0.4785686487000856,-2.5493873256523503,0.458698520961673,0.05401348459199654,0.021401855712543626,0.005105957740073695,0.0020123793067371304
550.0,0.06041666666666667,0.009209785034356842,0.0023098532919574055,0.459081530116677,0.07341430221509453,-1.3772445903500314,0.2202429066452836,-0.027937194683803304,0.0010626848458902553,-0.0024651834788529375,0.0008722935178795113,-0.021497727763012026,0.0013098676060880785,-0.01801143185348012,0.0004176624444937496,0.2807967243675805,0.044903717442880214,0.0015349641723928073,0.0003849755486595676,-2.463471396776114,0.508822834640612,-2.5240002090553104,0.4885773956908129,0.055302937759847626,0.02141947381781925,0.00522587451934756,0.0020132138370716145
550.0,0.06458333333333334,0.00935149566349617,0.0022905399029154376,0.4635235770299839,0.07227901424530273,-1.3905707310899518,0.21683704273590812,-0.027878914072359862,0.0011421533938925225,-0.0024105226596239835,0.0008842287017354534,-0.02141786611150668,0.0013810470676186323,-0.018008872273858775,0.0004231829027441325,0.2835137010654528,0.04420932185141403,0.001558582610582695,0.00038175665048590626,-2.434288906161966,0.5395206885913827,-2.496225573633993,0.5189783815706802,0.056591093991331796,0.0214161602851074,0.0053455734806957395,0.0020120331105866226
550.0,0.06875,0.009491698102670336,0.0022701319084103087,0.46787941030263613,0.07110292450407556,-1.403638230907909,0.21330877351222685,-0.027814003971761755,0.0012248976864347877,-0.002355072416708833,0.0008960392259400796,-0.021332758496422504,0.0014533834174401742,-0.018002183144342092,0.0004369637039463493,0.2861779455315258,0.04348997050630506,0.0015819496837783898,0.0003783553180683848,-2.4028164802301637,0.5705730977712015,-2.46615747854344,0.5498067458804371,0.057876108395949276,0.021390577778196394,0.005464889917328033,0.0020087435267532156
550.0,0.07291666666666667,0.009630807198250437,0.0022489862788745004,0.47217333885004553,0.06989962758461868,-1.4165200165501366,0.20969888275385604,-0.027744398679636465,0.001310098518719956,-0.0022990689772981426,0.000907769353698911,-0.021243939710577177,0.0015265318254000107,-0.017992565182050908,0.00045837093527848437,0.2888043260300973,0.042753977589416195,0.0016051345330417403,0.0003748310464790833,-2.3697294571406586,0.6019189712098632,-2.4344715694571315,0.5809844120907703,0.05915823080667977,0.021350220144604283,0.00558388150979283,0.0020040839732992613
550.0,0.07708333333333334,0.009768443523814391,0.0022268897951905203,0.47638460424092255,0.06866053656862345,-1.4291538127227672,0.20598160970587034,-0.0276686037530184,0.0013974263034523468,-0.0022423436147238074,0.0009193934496727535,-0.021150233715444427,0.00160044666612403,-0.017979080964001304,0.0004864720524080839,0.2913801454553862,0.041996089852075584,0.0016280739206357316,0.00037114829919841996,-2.3345229007026713,0.6334171675675409,-2.4006609875144282,0.6123647840656221,0.06043570919497882,0.02129090212647646,0.005702377616780135,0.0019976939417691397
550.0,0.08125,0.009904247643446452,0.002203605248387609,0.48049498125435564,0.0673780803020046,-1.441484943763067,0.20213424090601378,-0.02758547142826625,0.0014869388399448712,-0.0021847867951577116,0.0009308419720631062,-0.021050751467457655,0.0016752077668120663,-0.017960996350851965,0.0005207041662052083,0.2938942565839903,0.04121167684877438,0.0016507079405744087,0.00036726754139793484,-2.296866058713735,0.6649417727483672,-2.364391793870847,0.6438244423745123,0.061705643791126225,0.021207064601937047,0.005820091365986778,0.0019890395911737473
550.0,0.08541666666666667,0.01003884348293621,0.0021796092730489956,0.4845393466824337,0.06607049932832025,-1.4536180400473013,0.19821149798496077,-0.0274975972900473,0.0015779684584670249,-0.0021267021355115463,0.0009421705213692714,-0.02094754301171341,0.0017504826691952914,-0.01793993200854517,0.0005598930005822304,0.2963679920175956,0.040411896694018366,0.0016731405804893686,0.00036326821217483253,-2.2576348095486773,0.6965211854279864,-2.3265421138942477,0.6753775389224296,0.06297007321210561,0.021108506830328323,0.005937231133464406,0.0019789994420619217
550.0,0.08958333333333333,0.010171980753734247,0.0021547816547557333,0.48850434984778596,0.06473331334960848,-1.4655130495433577,0.19419994004882538,-0.02740405925673332,0.0016702942943997775,-0.002067993002443056,0.0009533460376018335,-0.020839888007947914,0.001826198459746065,-0.017915304257000282,0.0006031176360683435,0.29879318602288957,0.03959400972763003,0.0016953301256223748,0.0003591302757926222,-2.2165287570388936,0.7280474813801406,-2.2868099271267526,0.70691404442564,0.06422752807759934,0.020992582407865567,0.0060536420102596375,0.0019673037359249283
550.0,0.09375,0.010302845587092668,0.002128567747633572,0.49234864914815435,0.06334744318975395,-1.4770459474444622,0.19004232956926187,-0.027302244678492706,0.0017644076600459037,-0.002008419013378967,0.0009642656901771943,-0.020725769057600773,0.0019026632818391065,-0.017885435649952246,0.0006502423763665381,0.301144552092151,0.03874634667300388,0.0017171409311821102,0.000354761291272262,-2.1727937718814503,0.7593119427421238,-2.244434047559974,0.7382369279395301,0.06547158426703689,0.020847536934633735,0.00616869141148821,0.0019528399667522942
550.0,0.09791666666666667,0.010432336437366277,0.0021016075395877223,0.49612057931937864,0.06193667824298639,-1.4883617379581353,0.1858100347289592,-0.027195539855561557,0.0018596168065773537,-0.0019483409509493577,0.0009750402185838549,-0.02060783574837633,0.0019795104041192262,-0.01785246555141685,0.0007002975475787005,0.3034516536420736,0.03788345648101437,0.0017387227395610466,0.0003502679232646203,-2.1275193140037048,0.7904527984497425,-2.200509109365839,0.7694677237359193,0.06670692263324508,0.020686780576322148,0.006282872728889111,0.0019369248374523952
550.0,0.10208333333333333,0.01056035844420037,0.0020738678660240867,0.4998153115457851,0.060500029994389644,-1.4994459346373554,0.18150008998316888,-0.027083638378624854,0.0019557885012261344,-0.0018877291736063865,0.0009856595521452827,-0.020485850456430626,0.002056687663990658,-0.017816198257029108,0.0007527743799122386,0.30571153705109066,0.03700473415945509,0.0017600597407000616,0.0003456446443373477,-2.0806128043162606,0.8214161337563209,-2.154941690515189,0.8005508943624956,0.06793277246242527,0.02050955577642303,0.0063961137365046595,0.0019194973730978487
550.0,0.10625,0.010685721229756485,0.0020446637446934254,0.5033734400206475,0.059012057574063435,-1.5101203200619435,0.17703617272219022,-0.026962916565918205,0.002053260798826968,-0.001826258258266195,0.000996012691866297,-0.02035702074294583,0.0021344077248252233,-0.01777430154570991,0.0008076043923634398,0.3078878665930951,0.03609461740602397,0.0017809535382927468,0.0003407772907822376,-2.031051111013091,0.8518777256043106,-2.1066971702707025,0.8311735231631597,0.06913865183878666,0.020302509920167428,0.0065074074188251315,0.0018993445003504942
550.0,0.11041666666666666,0.010809593894974507,0.0020147662695727507,0.5068551651116191,0.057502952479657705,-1.5205654953348586,0.17250885743897312,-0.026837278906245942,0.00215133378071421,-0.001764313201651879,0.0010061788102326142,-0.020224379732226194,0.00221224289505415,-0.0177292640741762,0.0008640684044019014,0.3100174642905548,0.03517157510261562,0.0018015989824957505,0.00033579437826212517,-1.9800153333863162,0.8820469923900737,-2.056966134572735,0.8615298414581127,0.07033321504784137,0.020080250735555197,0.006617586138578133,0.0018777788617584425
550.0,0.11458333333333333,0.010931968619132827,0.0019841809086351752,0.5102602120888383,0.055973349066380164,-1.5307806362665153,0.1679200471991405,-0.026706723102002002,0.002249938523646071,-0.0017018963021695123,0.0010161546744515357,-0.020087927424837414,0.00229016830431036,-0.017681082592556678,0.0009219125883339364,0.3121001621379637,0.03423599541125743,0.0018219947698554719,0.0003306968181058625,-1.9275100049859282,0.9119036187828822,-2.005752933483184,0.8915982919175981,0.07151629520945907,0.019842861614165843,0.006726633287797095,0.0018548073231046654
550.0,0.11875,0.011051478177155384,0.0019522073872579155,0.5135214207842692,0.05439818256711556,-1.5405642623528075,0.16319454770134667,-0.02656728645754041,0.002349228906755818,-0.0016386807889777262,0.001025774845058987,-0.019944630709938623,0.0023682245547434013,-0.017627186113766086,0.0009811233089695416,0.3140948819873177,0.03327254872421323,0.0018419130295258975,0.00032536789787631916,-1.8724688761189543,0.9410026484506842,-1.9519771823042569,0.9209468091284894,0.0726750104159798,0.01957608247462599,0.006833295769322754,0.001829067694689704
550.0,0.12291666666666666,0.011169159610308706,0.0019193968617343367,0.5166919887678246,0.05279956139686495,-1.550075966303475,0.15839868419059489,-0.026422394848000966,0.002449079301120057,-0.0015749960802398247,0.0010351535775462376,-0.01979714498088979,0.002446376188757218,-0.01756976416353018,0.0010415257535765442,0.31603416161797604,0.032294756440045196,0.0018615266017181179,0.00031989947695572275,-1.8159312497011006,0.9696011259578468,-1.896686993112947,0.9498222647662526,0.07381737098257328,0.019291249593662522,0.006938372429274186,0.001801652875810156
550.0,0.12708333333333333,0.011285131732904078,0.001885830131520991,0.5197780169826022,0.051180742900545896,-1.5593340509478053,0.15354222870163767,-0.026272441912042106,0.0025494038674259405,-0.0015108790608864837,0.0010443138291793138,-0.01964577466384024,0.002524597628336359,-0.01750906900482905,0.0011029316697148252,0.3179217325977603,0.03130461055441348,0.0018808552888173455,0.0003143050219201651,-1.7580130181320324,0.9977359607660334,-1.8399992056365437,0.9782586229652553,0.07494423750576429,0.018990267857943877,0.007041949998746664,0.0017727507771618774
550.0,0.13125,0.011398281667383037,0.0018510585228344151,0.5227258207759917,0.04952507820070329,-1.5681774623279763,0.1485752346021099,-0.026114385016134847,0.0026499804565712475,-0.0014460895520479746,0.001053146797968484,-0.019488198459881454,0.0026026946695746045,-0.017443119002969177,0.0011651158977753096,0.3197247583674893,0.030291925779274025,0.0018997136112305054,0.0003085097538057358,-1.697935673117428,1.0250217241035493,-1.7811228352957766,1.005877068455581,0.07604421523753233,0.01866397387948879,0.007142946940816423,0.0017415427954767455
550.0,0.13541666666666666,0.011509242196971307,0.0018154056296247713,0.5255676001110591,0.04784712947446974,-1.5767028003331771,0.14354138842340927,-0.025950266005271568,0.002750772709408529,-0.0013808209686077787,0.0010616904819904908,-0.01932599693642939,0.0026806534285686015,-0.017373221195415116,0.0012280205105287695,0.32146293438077295,0.029265610155822692,0.0019182070328285512,0.0003025676049374619,-1.6363157694074595,1.0515923692809181,-1.7206801916868082,1.0328066432465053,0.07712255750520249,0.01831872074697786,0.007241864774146004,0.0017086187220004836
550.0,0.13958333333333334,0.011618388044274685,0.0017790734917649301,0.528321747765332,0.04615455215844545,-1.5849652432959958,0.1384636564753364,-0.02578116828298791,0.002851705474364011,-0.0013151655796237742,0.0010699958307097668,-0.019160001419547393,0.0027584701785237165,-0.01730007642007718,0.0012914942758097256,0.32314751067110264,0.028230346794691243,0.001936398007379113,0.0002965122486274882,-1.5734401478380526,1.0775875612036334,-1.6589619231450343,1.0591818791255414,0.07818273959968039,0.017958963988187488,0.007339035707299246,0.0016743820459377058
550.0,0.14375,0.011724779271442259,0.0017417465986833904,0.530943600358146,0.044436812309607644,-1.5928308010744374,0.13331043692882288,-0.025604648277661714,0.0029524401904770154,-0.001248953329527539,0.0010779298664179249,-0.018988363795725497,0.0028358465667172967,-0.017222077058336612,0.0013552896831664583,0.32475116930339804,0.02717969419083915,0.0019541298785737096,0.0002902910997805651,-1.5087257053624274,1.1026333665317682,-1.5953738744497106,1.0846343683045574,0.0792146838734589,0.017577569552276566,0.007433485213823634,0.0016381450009122973
550.0,0.14791666666666667,0.011828516819025824,0.0017034488777947004,0.5334398764951097,0.04269934737188948,-1.60031962948533,0.1280980421156685,-0.02542132632269317,0.0030531101310621893,-0.001182272529012827,0.001085474704348848,-0.01881158515200796,0.002912842337213839,-0.01713959930705687,0.0014195373629145567,0.3262780194227197,0.02611697791179459,0.0019714194698376365,0.0002839081462991167,-1.4424500125761825,1.1266610691563108,-1.530193636068454,1.1090968767207288,0.08021839160017877,0.017175226979545023,0.007525231892092387,0.0015999774417116074
550.0,0.15208333333333332,0.011930281468966483,0.001664506979839283,0.5358431347915524,0.04095403699184739,-1.6075294043746582,0.12286211097554217,-0.025233011278986337,0.003153695027280921,-0.0011152532167912244,0.001092744771239529,-0.01863103649746106,0.002989528815784731,-0.017053830272794685,0.0014841162083073167,0.32774797527246136,0.025049463089093064,0.001988380244827747,0.0002774178299732138,-1.3750463229807723,1.1499644153082178,-1.4638620687462145,1.1328551224891563,0.08120080059595187,0.016759220806536704,0.00761494516949009,0.001560578414668301
550.0,0.15625,0.01202932025430889,0.0016246954817654095,0.5381183967665207,0.039194856931001595,-1.6143551902995616,0.11758457079300474,-0.025037894789854402,0.0032539024011274103,-0.001047781178705238,0.0010996465698870116,-0.0184453583692035,0.003065646765831944,-0.016963572015879273,0.001548842574915585,0.3291396420716494,0.023973463846963475,0.0020048867090514825,0.0002707825802942349,-1.3061339761776416,1.1722257143344361,-1.395989104587798,1.1555956339646136,0.0821533159211069,0.016324483792511404,0.007701812489050827,0.0015194907184733993
550.0,0.16041666666666668,0.012125321359787554,0.0015838819860146984,0.5402532378277971,0.037419617867728065,-1.620759713483392,0.11225885360318419,-0.02483561162163839,0.003353795821839352,-0.0009798796055955632,0.0011061541268740788,-0.018254308906438962,0.0031412253040856044,-0.016868549878712915,0.001613761740765949,0.3304454202752693,0.022887640264754903,0.002020886893297925,0.0002639803310024497,-1.23577731582602,1.193311108499653,-1.3266337955291283,1.1771859830462221,0.08307109841031292,0.01586975740623755,0.007785381292795013,0.0014766187370931936
550.0,0.16458333333333333,0.01221926130681512,0.0015425297602140748,0.5422928815984075,0.03564728560856523,-1.626878644795222,0.10694185682569571,-0.024628480973463738,0.0034533268151015805,-0.0009116920755065715,0.0011123784759930772,-0.018059629555604813,0.003216309764559381,-0.01677030225771534,0.0016787505663892648,0.3316929712071829,0.021803594330371556,0.0020365435511358536,0.0002570882933690124,-1.1644495454902375,1.213599738890977,-1.2562815093301416,1.1979965652430142,0.08396526250712481,0.01540398849043,0.00786670133277848,0.0014327885366501743
550.0,0.16875,0.012310620962834555,0.001500541685849946,0.5442134161050369,0.033878602960761874,-1.6326402483151123,0.10163580888228561,-0.024415293974255868,0.00355216010836863,-0.0008431508810272495,0.0011182291557657142,-0.017860417639397157,0.0032906097422010366,-0.016668022228321595,0.0017436070098567392,0.33286766934220235,0.020721781248834198,0.002051770160472427,0.000250090280974991,-1.0919130657077867,1.232832091973584,-1.1846880830470958,1.217770572702078,0.08482981945264174,0.01492425305894411,0.007945197886668084,0.0013877351242074013
550.0,0.17291666666666666,0.01239851456972473,0.0014576217400668436,0.5459763186183008,0.032108034519968735,-1.6379289558549006,0.09632410355990624,-0.024194411917331234,0.0036501334393924108,-0.0007742216294596111,0.0011235822216622443,-0.017655490097897724,0.003363933801516224,-0.016560575369233343,0.0018082755634091655,0.33394595235938584,0.0196388162816315,0.002066419094954122,0.00024293695667780722,-1.0180099315964943,1.2506142792943769,-1.1116829522197003,1.236119071262993,0.08565323483255459,0.014425643464167703,0.008019785790651813,0.001341001695064822
550.0,0.17708333333333334,0.012484176899683858,0.0014142231792899024,0.5476383947673003,0.030357711117519524,-1.6429151843019012,0.09107313335255855,-0.023968697130146106,0.00374753434328942,-0.0007050646111718854,0.0011286029468634798,-0.017446984244667157,0.00343658600603577,-0.016449872309198556,0.001872868091703659,0.3349625650280765,0.01856823454198305,0.0020806961499473114,0.0002357038632149838,-0.9433023388093525,1.267435875921103,-1.0378441521525117,1.2535233441089746,0.08644996511899586,0.013917958423908349,0.00809184822416278,0.0012935091415858754
550.0,0.18125,0.012567323475469426,0.001370297721844138,0.5491870218005686,0.02863423875026617,-1.647561065401706,0.08590271625079852,-0.023737576695373727,0.003844218380318729,-0.0006356586651863474,0.0011332409162518344,-0.01723448000290777,0.003508430403030089,-0.016335522897561263,0.0019373089678576796,0.3359097865765379,0.01751407631085129,0.0020945539125782372,0.0002283829536406895,-0.8677146414582205,1.2831362947532612,-0.9630922379240309,1.269824489099852,0.0872165365761817,0.013400244281744864,0.008161059889627887,0.0012451792732212314
550.0,0.18541666666666667,0.012646596686505732,0.0013254998923081936,0.5505627147095423,0.02692960887224927,-1.6516881441286273,0.0807888266167478,-0.023498456973949585,0.003939641555716088,-0.0005659214658473824,0.0011373654790687332,-0.017016085179819788,0.003579008212089028,-0.01621575136758036,0.0020012686072343275,0.336751232677955,0.01647144041049728,0.002107766114417623,0.00022091664871803218,-0.7909514088877354,1.2972049133903656,-0.8871124893561578,1.2845159862972746,0.08793531883091064,0.01286632665962766,0.00822576163751162,0.001195455299499053
550.0,0.18958333333333333,0.012723560535680472,0.0012803565146484342,0.5518360321657185,0.02527470798226646,-1.655508096497155,0.07582412394679938,-0.023254703937204014,0.0040342700362308885,-0.0004960138595577022,0.0011411620050047837,-0.01679429361213822,0.003648766959436567,-0.016092824084826693,0.0020649661311074635,0.33753006091341126,0.01545922040447725,0.0021205934226134126,0.00021339275244140567,-0.7135725353625871,1.3102672381832992,-0.8104857481498356,1.298214582463114,0.08862545807873448,0.012327548847607239,0.008287754708513883,0.0011454212206310807
550.0,0.19375,0.012798203515642603,0.0012348998812550989,0.5530065697419695,0.02368417155761143,-1.6590197092259091,0.07105251467283427,-0.02300631417105619,0.004128074263250376,-0.0004259390056505797,0.0011446257086070134,-0.016569105119729376,0.003717684463382913,-0.015966736401194625,0.002128376697494018,0.33824602395155945,0.0144863682801007,0.0021330339192737655,0.00020581664687584978,-0.6355871271526227,1.3223088691620575,-0.7332209312505911,1.3109056983898906,0.08928678194017078,0.011785133477838525,0.008347022157798055,0.0010952099810413766
550.0,0.19791666666666666,0.012868637446366411,0.001188765618692951,0.5539919727438799,0.022157446382468304,-1.6619759182316396,0.06647233914740493,-0.022749750558011282,0.004220048211972402,-0.0003556147430147111,0.001147492775575646,-0.01633796048614783,0.0037848905896913517,-0.015835045293596608,0.0021909244180107245,0.33884875004035825,0.013552548868654661,0.0021447729077277355,0.0001981276031154919,-0.5566367192711195,1.3325177856084875,-0.654932946437547,1.3217831419899504,0.0898949611559738,0.011231360037052609,0.008401266010453238,0.0010441218716389549
550.0,0.20208333333333334,0.012936576429087373,0.0011424314256908259,0.5548688063442822,0.02073695865135494,-1.6646064190328462,0.06221087595406481,-0.022488559828090487,0.004310944497122775,-0.0002851838371030696,0.0011499753107219218,-0.016103468578662534,0.0038510428215146283,-0.015700157728461773,0.0022530323698082473,0.3393850697395055,0.01268371024831495,0.002156096071514563,0.00019040523761513768,-0.4772510433915859,1.3415677348127462,-0.5761751294353908,1.3315134582008412,0.09047154605766902,0.010677969787333787,0.008452539986136237,0.0009932620152544955
550.0,0.20625,0.013002082453934178,0.0010959596577374677,0.5556398804617406,0.019449163263271514,-1.6669196413852216,0.058347489789814556,-0.022222877876862068,0.004400773135191152,-0.00021465209125799586,0.001152089024627753,-0.01586572959353409,0.003916161396998343,-0.01556216569488528,0.0023146907397637146,0.33985670169982823,0.011896033201987767,0.002167013742322363,0.00018265994295624455,-0.3974531856848492,1.3494998577944062,-0.49697134753417477,1.340136994292837,0.09101725027436335,0.010127463052951943,0.00850091157496227,0.0009428926683827148
550.0,0.21041666666666667,0.01306350037665677,0.0010491039651609408,0.556234261987484,0.018310941350150663,-1.6687027859624526,0.05493282405045203,-0.02194983839427272,0.004488583228714776,-0.00014397939420503664,0.0011536252716116916,-0.015622688380532596,0.00397943635505975,-0.01541907076854556,0.0023753561763300846,0.34022025941366696,0.01119984030048632,0.002177250062776128,0.0001748506608601569,-0.3170735981030172,1.3555821115740714,-0.41712836833644307,1.346925755810309,0.09151042086990162,0.009575447830836607,0.008544349363524559,0.0008926298943445868
550.0,0.21458333333333332,0.01312208266529955,0.0010021243458638483,0.5567076418304082,0.017363640011170797,-1.6701229254912249,0.05209092003351242,-0.021671985522866238,0.004575130821355743,-7.32620870624944e-05,0.0011547756648313805,-0.015376212043561167,0.004041532553983733,-0.015272603806429624,0.0024354349680695145,0.3405098063500123,0.01062042196955495,0.002187013777549924,0.00016702072431064137,-0.2364674501399076,1.3604212224504557,-0.33701851368362334,1.3524810069954945,0.09196673854020379,0.009031089296417723,0.008584325003511977,0.000843376733378323
550.0,0.21875,0.013178217391131694,0.0009552080613267821,0.5570766158548902,0.016646512889678156,-1.6712298475646699,0.049939538669034444,-0.021389984712358256,0.004660520041683109,-2.509142962097654e-06,0.0011555914060975912,-0.01512677747158857,0.004102560477531714,-0.015123229007581633,0.002494962140989576,0.340735493485238,0.010181788904164308,0.0021963695651886143,0.0001592013435544637,-0.15566987747864192,1.364199291646814,-0.2566824258033177,1.3569828178387566,0.0923912384151241,0.008500090394482004,0.008621309909551426,0.000795706558188686
550.0,0.22291666666666668,0.013230509655138493,0.0009083313414059048,0.5572818169152449,0.01618484516694416,-1.671845450745734,0.048554535500832455,-0.021101497085515817,0.0047436755772465216,6.8289028176924e-05,0.001155860764583921,-0.01487272404745186,0.004161621186885871,-0.014969299317260942,0.0025533078909783413,0.34086100929786867,0.009899410351269405,0.0022050849425230817,0.00015138855690098417,-0.07458722047603286,1.366243915546,-0.17600656689770927,1.359760711214611,0.09276575576435417,0.007982523319523364,0.008653590657322784,0.0007496738275115318
550.0,0.22708333333333333,0.013279578536193689,0.0008616213828212378,0.5573513433641374,0.016004711328282652,-1.6720540300924125,0.048014133984847954,-0.020807886538121177,0.0048250854110541315,0.00013906280172057658,0.0011556741797938254,-0.01461506542315833,0.004219122008284427,-0.01481172992337317,0.0026107549699310255,0.3409035399727294,0.009789234438937738,0.0022132630893656135,0.00014360356380353968,0.006539428098768315,1.366868521570947,-0.0952405109325093,1.361125570830562,0.09309802790192379,0.0074866102476763225,0.008681911129353919,0.0007060766486474331
550.0,0.23125,0.013326120342639374,0.0008153449399981859,0.5573148169789502,0.016123444269755288,-1.6719444509368502,0.048370332809265885,-0.02051031813042232,0.00490507693322682,0.0002098075048472956,0.001155123988137527,-0.014354628724893664,0.004275353470292839,-0.014651341343736368,0.002667478932044178,0.34088120348535883,0.009861861121314808,0.002221020057106562,0.0001358908233330309,0.08766489401582657,1.3663710368433137,-0.014439491727945963,1.361373178180297,0.09339724687435573,0.007022314784131308,0.008707138869417144,0.0006658769213579623
550.0,0.23541666666666666,0.013368970646952484,0.0007695789305588206,0.5571239524459028,0.016534922370161374,-1.6713718573377092,0.04960476711048414,-0.02020707652211303,0.0049827846788747295,0.0002804912978101561,0.0011540186641210367,-0.014090223537996232,0.0043295677809125615,-0.01448689813548698,0.0027230029496224033,0.3407644659014154,0.010113543872386888,0.0022281617744920827,0.00012826315509313673,0.16872246176957256,1.3641344826085435,0.06634628515273619,1.3598879058490962,0.09364830545170162,0.006595663326917988,0.008727871165135266,0.0006296464038606137
550.0,0.23958333333333334,0.013408261072161485,0.0007243573412083853,0.5567856760024774,0.01720331416709413,-1.6703570280074327,0.05160994250128238,-0.01989862899384882,0.005058444902080653,0.0003510727907530983,0.001152453370147236,-0.013822209546834148,0.004382006050294054,-0.014318701448897348,0.0027774154483864613,0.3405575635767871,0.0105223647040819,0.0022347101786935808,0.00012072622353473083,0.24955115673383296,1.3604040909872261,0.1469546351321924,1.3569127495625823,0.0938523159533227,0.0062144290355927,0.008744205648317443,0.000598100668362608
550.0,0.24375,0.013445016898076931,0.0006800982418217933,0.5563428389514017,0.018109154539491593,-1.6690285168542043,0.05432746361847476,-0.01958654845751977,0.005132579341830929,0.00042156584582470085,0.0011505522089604518,-0.013551689166051857,0.004433119622920675,-0.01414787330265044,0.002831005385831868,0.3402867067517827,0.011076420464889514,0.002240836149679487,0.00011334970697029889,0.33017269026163326,1.3556033434285364,0.22739231780037275,1.3528690006278294,0.09402295626299306,0.005893737286003991,0.00875741619826727,0.0005725723932006887
550.0,0.24791666666666667,0.013478441678300042,0.0006370287821606024,0.5557629669521071,0.019215907278094458,-1.6672889008563212,0.05764772183428339,-0.019269764352376498,0.005204564790164314,0.000491927606025416,0.001148193626602057,-0.013277935699358794,0.004482383972574991,-0.013973626391505657,0.002883414153671045,0.3399320326589176,0.011753365231196503,0.00224640694638334,0.0001061714636934337,0.4104792730421438,1.3493313942614802,0.3075628811538993,1.347355693548807,0.09414986368812316,0.005643454982492273,0.008766528200121575,0.0005538187705390556
550.0,0.2520833333333333,0.013507941535463893,0.000595304139349297,0.5550227317381432,0.020475031001832296,-1.66506819521443,0.061425093005496874,-0.018947643441481934,0.005274006435442633,0.0005620880709056016,0.0011453253698699127,-0.013000550878415281,0.004529496817673136,-0.013795463451538115,0.002934377730055708,0.339479272759709,0.012523510991717198,0.0022513235892439813,9.92173565582162e-05,0.49028652355889757,1.3414531231583169,0.38729082814167926,1.3402359055106996,0.09422490382720662,0.00546990435958929,0.00877079159001135,0.0005421715848218093
550.0,0.25625,0.013534855576704754,0.000555554717470137,0.554177523855484,0.021871271066738897,-1.662532571566452,0.06561381320021671,-0.018622132764131924,0.005341698000991467,0.0006320933048953759,0.0011420997111030273,-0.012720878895439734,0.004575113708435815,-0.013614793819908004,0.0029843699232468715,0.33896230633760743,0.013377524008086257,0.002255809262784126,9.259245291168949e-05,0.5696909732023994,1.3324859437036385,0.4666529870349192,1.3320257953165764,0.09426608365171621,0.0053870709484706535,0.008771902515764124,0.0005386961535983454
550.0,0.2604166666666667,0.013558732094679471,0.0005182771383529317,0.5532093248511687,0.023377313446909447,-1.659627974553505,0.07013194034072834,-0.018292699559573536,0.005407255217685795,0.0007019055520880771,0.0011384394429883478,-0.012438569729148653,0.004618907888877534,-0.013431214080416587,0.0030331737946591103,0.33837011230256003,0.014298696864470157,0.0022597886824465793,8.637952305882194e-05,0.6485875224052957,1.3221931369342514,0.5455505579363383,1.322487997165972,0.09426763447370877,0.005398591038703279,0.008769329995248577,0.0005434803291377491
550.0,0.26458333333333334,0.013578268862137366,0.00048382005507816576,0.5520666213414553,0.024954326586182133,-1.656199864024365,0.0748629797585464,-0.017957888356731892,0.005469762104114849,0.0007714071929498216,0.001134221180955144,-0.01215267737564518,0.004660150361851162,-0.013243611890026976,0.00308021975967246,0.33767118229104465,0.015263276175281462,0.0022630448103562297,8.063667584636091e-05,0.7266166470534116,1.3101291103782389,0.6236428632863923,1.311174554294919,0.09421231721288667,0.005497078913619797,0.008761466554132723,0.0005557153918991084
550.0,0.26875,0.013595265453627044,0.0004529541937301457,0.5508228185533633,0.026598270047887732,-1.6524684556600904,0.0797948101436632,-0.017620123443853452,0.005530580634372811,0.0008406907403372814,0.0011296860316709293,-0.011864850649119603,0.004699969693264469,-0.01305376689586607,0.003126307337074757,0.3369104148233982,0.016268792377966388,0.0022658775756045067,7.549236562169095e-05,0.8040214551048138,1.2970866916290718,0.7011470149582522,1.2988789620163546,0.09412391820645691,0.005681850335304727,0.008750521940105036,0.0005752823523586046
550.0,0.27291666666666664,0.013609665262245718,0.0004264418089976683,0.5494758658026406,0.02829512288810444,-1.6484275974079214,0.08488536866431332,-0.017279376656316677,0.005589680467398393,0.000909744296939936,0.0011248273217014761,-0.01157507804684604,0.004738340297397571,-0.012861650769870064,0.0031714185244649637,0.3360865556143276,0.01730666984029346,0.0022682775437076175,7.107363483294475e-05,0.8807654236177317,1.2830473798008861,0.7780272531327115,1.285582430679903,0.09400173994041951,0.005943735764148079,0.008736430544600913,0.0006013607841309188
550.0,0.27708333333333335,0.013619393301815252,0.0004050331516580956,0.5479435503811042,0.03001079846426564,-1.6438306511433132,0.09003239539279691,-0.016933304366805686,0.005645230085474343,0.0009783656807359586,0.0011193976933880731,-0.011281845338335478,0.004773804787761072,-0.012665463352992663,0.003214414684239836,0.3351493196794281,0.0183560631787348,0.0022698988836358765,6.750552527634927e-05,0.9562970085485875,1.2672048371065603,0.853761488062871,1.2704725415717968,0.09381884153910192,0.0062642664530819635,0.00871667894661518,0.0006321867550630699
550.0,0.28125,0.013626600514424785,0.00038962364961356587,0.5463124130348104,0.03175517305388369,-1.6389372391044306,0.09526551916165109,-0.016584581464613102,0.005698974307048854,0.0010467111205042711,0.0011136611898637802,-0.010986933485516699,0.004807775325741545,-0.01246720654802058,0.0032563546820643737,0.3341516393740161,0.019423011102631227,0.0022711000857374643,6.493727493559432e-05,1.0310421866703157,1.2504602259653428,0.9287447454290649,1.2544536664715285,0.09360352260474432,0.006639007757985419,0.008693918636506115,0.0006675411069360004
550.0,0.28541666666666665,0.013631280224209431,0.0003808962793459942,0.5445822907606246,0.03352091302446629,-1.6337468722818744,0.10056273907339891,-0.016233219314147944,0.005750886256314622,0.0011147768314713506,0.0011076153091151024,-0.010690353200479405,0.004840230821899576,-0.012266885714565499,0.0032972215571277423,0.33309341496165695,0.020503027635216563,0.0022718800373682383,6.348271322433238e-05,1.1049887021601963,1.232810281410994,1.0029647968730169,1.2375220990183156,0.09335575642303391,0.007057776611344096,0.008668148864145693,0.000706602520056212
550.0,0.28958333333333336,0.013631440306094526,0.0003792759555610942,0.5426761265939903,0.03528612159091982,-1.6280283797819723,0.10585836477275946,-0.015877316701000985,0.005799158675787015,0.0011823144284916272,0.0011009844308388652,-0.010390935756443086,0.00486969689911179,-0.012062980856205352,0.003335934677820657,0.33192751412432303,0.02158271720938861,0.0022719067176824198,6.321265926018238e-05,1.177410844319003,1.2134237503034857,1.0757230988557622,1.2188390284175368,0.09305066411002208,0.007505008010096543,0.008637081353218555,0.0007480477250547753
550.0,0.29375,0.013628877026245793,0.00038452048621944634,0.5406650099655882,0.03705623470861468,-1.6219950298967656,0.11116870412584405,-0.015518887418188116,0.005845479539599203,0.0012494979067557094,0.0010940548170651685,-0.010089982086926054,0.004897570621805921,-0.011857038972816774,0.0033734832139852063,0.3306974189429669,0.02266540518215102,0.0022714795043743,6.408674770324111e-05,1.2487836996658288,1.1931625446917078,1.1474697547833463,1.1992717184474881,0.09271112339378036,0.007976835697203437,0.008602821488702509,0.0007916658423937964
550.0,0.29791666666666666,0.01362385398832387,0.00039635017492662604,0.5385592490789909,0.03882988061553481,-1.6156777472369732,0.11648964184660444,-0.015158203850758572,0.0058899999971352875,0.0013163552356685031,0.001086854761721958,-0.009787665019887808,0.004923977881454652,-0.011649272447071039,0.0034099552874307195,0.32940943451547067,0.023750253284091975,0.0022706423313873115,6.605836248777097e-05,1.3191944219534923,1.1721206384692828,1.2182881429409262,1.1789140258350743,0.0923405911222643,0.008468448759516295,0.008565687890301888,0.0008370384488286075
550.0,0.3020833333333333,0.01361479261683651,0.0004140021597697452,0.5362988244541562,0.0405886172715199,-1.6088964733624678,0.12176585181455969,-0.01479395317961209,0.00593129180654869,0.0013826467512340866,0.0010791962663647726,-0.009483225720076824,0.004947780045342914,-0.011438583507643162,0.003444467984852487,0.32802685020225425,0.024825983227123406,0.0022691321028060875,6.90003599616242e-05,1.387956198115163,1.1497126045956492,1.287512547954863,1.157173064744338,0.09191976754873406,0.008968127017944109,0.008523882611565736,0.0008830289175634485
550.0,0.30625,0.01360272618250059,0.00043652847052288627,0.5339242003354122,0.042335232567516125,-1.6017726010062374,0.12700569770254835,-0.014427214011854211,0.005970307429087307,0.001448480718255507,0.0010712291803590505,-0.009177350323115254,0.004969761252320636,-0.011225811399708113,0.00347758189689333,0.3265744159021452,0.025894300855753345,0.002267121030416765,7.275474508714769e-05,1.4553887523014466,1.1264340097025725,1.355448401669896,1.1345476799838292,0.09146171737055159,0.009474374011076247,0.008478633260998182,0.0009295035983249568
550.0,0.3104166666666667,0.013588225243614952,0.00046326754293527054,0.5314573772494309,0.04407395269609164,-1.5943721317482933,0.13222185808827494,-0.014058518049470699,0.006007418153424925,0.0015139341228454727,0.0010630031552990604,-0.008870360361680455,0.004990213438054642,-0.011011386530747938,0.0035095325074622073,0.3250655880917091,0.02695779001578717,0.002264704207269158,7.721125715587842e-05,1.5217154489842595,1.102461146397573,1.4223110148251679,1.1112148489161748,0.09097380653135728,0.009986724668951903,0.008430627627734093,0.0009764790897345039
550.0,0.3145833333333333,0.013570056424027671,0.000493336689116846,0.5288523817631822,0.04579049069891398,-1.5865571452895473,0.13737147209674197,-0.013687011147025394,0.006041446655083894,0.0015787912567972536,0.0010543554708007448,-0.008561804392478157,0.005008187756625341,-0.01079455239999689,0.003539604291360808,0.3234722468360212,0.02800771100522417,0.0022616760706712776,8.222278151947435e-05,1.5863088236796157,1.0773560245410407,1.4874886787589072,1.0867290382515404,0.0904415971129137,0.010496407286131168,0.008378547807795107,0.0010231549100037736
550.0,0.31875,0.013548587935466365,0.0005258566340652877,0.5261240884718142,0.04748327340824307,-1.5783722654154428,0.14244982022472924,-0.013313162368677876,0.006072843254561109,0.0016430817863543551,0.0010453787489748192,-0.00825199311675441,0.005024068694368112,-0.01057566166310495,0.0035680492818270875,0.3218034902319731,0.029043100637018388,0.0022580979892443936,8.764277234421462e-05,1.6492299692309633,1.0513721466028751,1.5510372712539682,1.0613454121994352,0.08986987154147714,0.011001391948630769,0.008322826435517341,0.0010694279856824217
550.0,0.3229166666666667,0.013524768289985093,0.0005604545095803788,0.5233085492837637,0.049162384282057214,-1.5699256478512924,0.14748715284617167,-0.012937758299075333,0.006102407654386693,0.0017069468973664127,0.0010361703895840977,-0.007941382900375568,0.005038488671040847,-0.010355370352881815,0.0035953664859595556,0.32008136957412225,0.030070127146292078,0.002254128048330848,9.340908493006309e-05,1.710898275587977,1.0248120087689063,1.6133633294922924,1.035370140602107,0.08927039962376991,0.011504755927896375,0.008264546471914398,0.0011155795408861718
550.0,0.32708333333333334,0.013497831378706743,0.0005965254192556333,0.5203780906347755,0.050819338755030266,-1.561134271904326,0.1524580162650908,-0.012560432697566785,0.006129552969872205,0.0017702210900243942,0.0010266508286325864,-0.0076298317981310215,0.005050979332915477,-0.0101333024720424,0.0036211930786498913,0.3182889583857726,0.031083601033898626,0.0022496385631177876,9.942090320927223e-05,1.7708295353986179,0.9974615858102627,1.67399196703883,1.008585309330272,0.08863464931182917,0.012000803936227567,0.008202919047959077,0.0011610771438649967
550.0,0.33125,0.013467363153705903,0.0006334575921330896,0.5173176132685725,0.05244057767793412,-1.5519528398057185,0.15732173303380237,-0.012180960980386603,0.006153795929347377,0.0018328110245117797,0.0010168261871692282,-0.00731724700653436,0.005061209716051553,-0.009909233214665853,0.0036451743504407057,0.3164170214114667,0.03207523127476372,0.00224456052561765,0.00010557626535551493,1.8287766116724884,0.9693274857871927,1.732681176756698,0.9809921538801676,0.08795792121328351,0.012484164521547188,0.008137513702507827,0.0012053092739948527
550.0,0.33541666666666664,0.013434617064743996,0.0006712631740189558,0.5141740280045866,0.05404229988498106,-1.54252208401376,0.1621268996549432,-0.01180024649356336,0.006176219884530801,0.0018949330546309366,0.0010068019407385243,-0.007004114302447355,0.005070015421843864,-0.0096839543280955,0.0036680084285909066,0.3144942514935173,0.033054924930506074,0.002239102844123998,0.00011187719566982596,1.8853695348887007,0.9407559047155588,1.7900444640112534,0.9529428392061838,0.08725533754518087,0.012961070593308342,0.008069733332265861,0.0012489046155339512
550.0,0.33958333333333335,0.013399152859213522,0.0007096045741118024,0.5109317544943262,0.05561888439646536,-1.5327952634829771,0.1668566531893961,-0.011418138845259305,0.006196481848328214,0.001956479920976037,0.0009965333387858349,-0.006690403186634917,0.005077124625788367,-0.009457283625389872,0.0036894812001399316,0.31251111884699506,0.03401924388623808,0.0022331921432022553,0.00011826742901863375,1.9402994773332627,0.9116475922918981,1.8457780520443505,0.9243351462062137,0.08652226711092939,0.013427901124560692,0.007999158177982467,0.0012915183849028112
550.0,0.34375,0.013359883039953713,0.0007480302399443369,0.5075522026811344,0.057152508283858094,-1.5226566080434034,0.17145752485157426,-0.01103424722623494,0.006213449507033701,0.00201719770210791,0.00098591527504529,-0.006376016864805156,0.0050816564112540815,-0.009228765213113995,0.0037088747382440987,0.3104440194751473,0.034957284781780416,0.002226647173325619,0.00012467170665738945,1.9928297695356603,0.8817943272247477,1.8991574619222398,0.8949496613796866,0.08574753081474636,0.013875478197689434,0.007924776798673417,0.0013323452716644784
550.0,0.34791666666666665,0.013318450646226995,0.000786706165372268,0.5040954539545933,0.05866462300354021,-1.5122863618637796,0.1759938690106206,-0.010649493146656806,0.006228724908400678,0.0020774171802723815,0.0009751237333255917,-0.006061373044676646,0.0050848681773086905,-0.008999284595724721,0.0037271967883678032,0.3083297024784308,0.03588216869764826,0.0022197417743711647,0.00013111769422871137,2.0439110779843976,0.8516412226118201,1.9511131716560142,0.8652430174041073,0.0849496322214776,0.014313925162561405,0.007848274106904444,0.0013723617688295268
550.0,0.35208333333333336,0.0132747442726881,0.0008254710695341854,0.5005577682847213,0.06015351666556871,-1.5016733048541637,0.1804605499967061,-0.010263876255790783,0.0062422634982703,0.0021371047702216993,0.0009641547581697483,-0.005746495226599365,0.005086726832697829,-0.008768817776859133,0.0037444169251101074,0.30616588029669195,0.03679284851344085,0.00221245737878135,0.0001375785115890309,2.0934438889117484,0.8211845584451261,2.0015468078888485,0.8352104484635077,0.08412752807740077,0.014742064520345752,0.007769552945498391,0.0014114613278849114
550.0,0.35625,0.013227155762386039,0.0008637702691410667,0.496882842191766,0.06159375896707631,-1.490648526575298,0.18478127690122895,-0.009876960401013333,0.0062525601913292475,0.0021958427261704445,0.0009528940936686085,-0.0054313703949732456,0.005086093057381822,-0.0085367609591618,0.003759544322334317,0.3039181151944804,0.037673771470462185,0.002204525960397672,0.0001439617115235111,2.1402626635290716,0.7901765670197136,2.0493102865735584,0.8045893054953305,0.08326523153505241,0.015146892909307248,0.007687145420461254,0.0014483546287434403
550.0,0.36041666666666666,0.013177511491727857,0.0009019569446431673,0.4931359112069801,0.06300962589312994,-1.4794077336209406,0.18902887767938986,-0.009489481425179526,0.0062612713010722475,0.0022540514745682935,0.0009415023302151631,-0.005116221582877448,0.0050842506965329244,-0.008303931748499005,0.0037736374757302757,0.3016263083006057,0.038539786196836845,0.0021962519152879775,0.00015032615744052784,2.1855767796839474,0.7590363164981437,2.095591777519029,0.7738102765998149,0.08238215794887593,0.015540771150219002,0.007602844216042585,0.0014841928066887105
550.0,0.3645833333333333,0.013125816034835543,0.0009399642554720286,0.4893172357689195,0.06440069630230703,-1.4679517073067598,0.19320208890692106,-0.009101459246172571,0.006268395961763128,0.002311728751717124,0.0009299800812532102,-0.00480106447505854,0.005081199631465156,-0.008070342628264717,0.0037866952861531334,0.2992906188880506,0.03939063500265589,0.0021876360058059245,0.00015666070924533806,2.229381024406898,0.7277854217579219,2.140385904155589,0.7428930374502204,0.0814784557400876,0.015923315442677086,0.007516664511221794,0.0015189423055713839
550.0,0.36875,0.013070358892733386,0.0009772379227666727,0.48536817809853233,0.06573959534392883,-1.4561045342955967,0.19721878603178655,-0.008712662604974528,0.0062723013078229885,0.0023683967845292433,0.0009181872686894856,-0.004486073383286897,0.005075683137663291,-0.007835492237048986,0.0037976666839708256,0.29687518072855296,0.04020957296614018,0.0021783931487888977,0.00016287298712777874,2.2703339582534188,0.6962280611295683,2.1823682905454658,0.7116232764124192,0.08053846955261126,0.016279795082270388,0.007427198155342137,0.0015512322921295764
550.0,0.3729166666666667,0.01301278646712567,0.0010141588880901696,0.4813465826384498,0.06705015384378354,-1.4440397479153495,0.20115046153135063,-0.008323575520750009,0.006274542034571497,0.0024244725646037023,0.0009062732825238087,-0.004171295703208668,0.005068903222013782,-0.007600017685672703,0.0038075489664716584,0.29441537469263124,0.0410111756331955,0.002168797744520944,0.00016902648134836155,2.3096083878487232,0.6646837785278372,2.2226937029610663,0.6803318572986119,0.07957874592512207,0.016622673529835187,0.007335938962532707,0.0015822834504518862
550.0,0.3770833333333333,0.01295325054072518,0.0010507434779936525,0.4772578793300163,0.06833470776523617,-1.4317736379900472,0.20500412329570855,-0.007934260715782356,0.0062752434136982265,0.0024799904147371093,0.000894245733353643,-0.0038567515162934857,0.005060953802132164,-0.00736398759536998,0.003816425283621856,0.29191452204376095,0.04179687194189738,0.002158875090120864,0.00017512391299894208,2.347306269248548,0.6331989957024952,2.2614622837313147,0.6490628207014643,0.07860094734215974,0.016952864822594265,0.007243038175073436,0.0016121762827569996
550.0,0.38125,0.01289056515376164,0.0010866257561611675,0.47306299878303937,0.06957730690436154,-1.419188996349118,0.20873192071308455,-0.007544853174081333,0.0062734876492151394,0.002534560151570691,0.0008820202143623231,-0.00354281217194892,0.005051131066215188,-0.007127221512950601,0.003823700026847617,0.2893487261257268,0.042556905863294046,0.002148427525626938,0.00018110429269352794,2.3823550761181957,0.6016490664404931,2.297611666153578,0.6176811884171709,0.07759575865931263,0.017260906941480435,0.007147651305304118,0.0016400263602625177
550.0,0.3854166666666667,0.012825602635275187,0.0011219071175406696,0.46879147332802323,0.07078513316002594,-1.4063744199840698,0.21235539948007776,-0.007155401598046773,0.006269962049952169,0.002588433786438741,0.0008697082820956299,-0.0032293339090487217,0.00504000180817965,-0.00688993207513513,0.0038297778496059,0.28673605037493544,0.043295671886375,0.002137600439212531,0.00018698451959011156,2.415478603871375,0.5703210735195584,2.33185720835435,0.5864723100717049,0.0765709071149205,0.01755229573697409,0.007050488402103753,0.0016662944799633844
550.0,0.38958333333333334,0.01275877838598441,0.0011567256788390001,0.4644576557254456,0.07196537967675229,-1.3933729671763364,0.21589613903025687,-0.006765983101292746,0.006265001989905319,0.0026417256180474133,0.0008573223207372254,-0.002916290433762138,0.00502780996569032,-0.006652254630873231,0.0038348896260592684,0.2840852736020389,0.04401756941639856,0.0021264630643307355,0.0001927876131398333,2.4469990543652163,0.5392903527264786,2.3645167268308027,0.5555079985251957,0.07553041105017747,0.017830257122198406,0.00695191648423478,0.0016912919552836885
550.0,0.39375,0.012689203772434064,0.0011907765067760746,0.46003292194312523,0.07310495250298808,-1.3800987658293755,0.21931485750896434,-0.006376819979308662,0.006257933597444671,0.0026941200191975627,0.0008448081432536549,-0.002604062114869983,0.005014045320091021,-0.006414123184680041,0.003838591308931943,0.2813788877518857,0.044714589639268304,0.002114867295405678,0.00019846275112934576,2.476064523727074,0.5085375105686996,2.394745039434092,0.524756824963774,0.07446809265517437,0.018087275020086002,0.0068513916378061404,0.0017143034840819
550.0,0.39791666666666664,0.012617180511279092,0.0012240843943098214,0.45552787676314893,0.07420499471232814,-1.366583630289447,0.22261498413698444,-0.005988001774510447,0.006248878656135991,0.0027456994405517026,0.0008321955766694883,-0.0022926539669991973,0.00499880408622553,-0.0061756593540276345,0.003840962333123713,0.27862337911508767,0.045387430406720754,0.0021028634185465155,0.00020401406571830352,2.502908174022181,0.4782907939838018,2.4227717025023066,0.49443380699565365,0.07338725897143825,0.01832405413046346,0.00674921254843615,0.0017354297779864213
550.0,0.40208333333333335,0.012543409836432056,0.0012568969722866338,0.4509660047531196,0.07527830360480203,-1.3528980142593592,0.2258349108144061,-0.005599520051271738,0.006238487071064395,0.00279668037720652,0.0008195182530909085,-0.00198190694011021,0.0049825702251617,-0.005937010259178371,0.0038424373845671028,0.27583311222145424,0.04604391920106725,0.0020905683060720086,0.00020948282871443896,2.528125324447939,0.44863800244571095,2.4491856796168814,0.46462137768856804,0.07229374496747137,0.018547170466704666,0.006645899863588604,0.00175529503601068
550.0,0.40625,0.012467336103206278,0.0012890101430219653,0.4463300061304228,0.07631720172584358,-1.338990018391267,0.22895160517753074,-0.005211625154583339,0.006226443749156418,0.0028468457127721176,0.0008067564677743559,-0.0016721515793152552,0.0049651106651730816,-0.005698199396301284,0.003842802862792901,0.27299750578116666,0.04667935972260351,0.0020778893505343796,0.00021483502383699417,2.551133789752938,0.4196112311209561,2.4734082584794477,0.4353378377929404,0.07118436371326071,0.018752436034441072,0.006541167560228599,0.0017735193922805569
550.0,0.41041666666666665,0.012388782327573834,0.001320279692934713,0.4416148570544837,0.07731513872006386,-1.3248445711634502,0.23194541616019157,-0.004824487380842206,0.006212516983024172,0.0028961022068720167,0.0007939331788347338,-0.0013635742332539194,0.004946280270970714,-0.00545928125223098,0.003841875666627467,0.2701134870938342,0.047289746585613766,0.002064797054595639,0.00022004661548911876,2.571728294630098,0.3914950700778946,2.49523438299742,0.4068418759721487,0.07005890471461286,0.01893655934393524,0.006435006918063927,0.0017897714679016511
550.0,0.41458333333333336,0.01230861735419231,0.0013510211438165218,0.43684872311754835,0.07828723329330724,-1.3105461693526463,0.23486169987992175,-0.004437922763043813,0.006197442737111795,0.0029447518984343957,0.0007810811398851267,-0.001055831243835496,0.0049266223225583085,-0.0052203393164253365,0.0038401532153983318,0.26719828348726715,0.04788432738666289,0.002051436225698719,0.00022517019063608695,2.590720114532613,0.364450924627288,2.515468621888181,0.3792760279785622,0.06892351925191074,0.01910763458316521,0.0063279733925211724,0.0018048013575983051
550.0,0.41875,0.012226491587509823,0.0013810787219210663,0.432020899607553,0.07922759794578407,-1.2960626988226591,0.2376827938373522,-0.004052122317798125,0.0061810229765117035,0.002992649708322719,0.0007681987921116096,-0.000749160266641465,0.004906000328219015,-0.004981406071583343,0.003837490742644502,0.2642453473262265,0.04845950136481547,0.0020377485979183054,0.0002301797869868443,2.607733275860066,0.3386581253976928,2.5337368742712942,0.3527903671263177,0.0677764788506923,0.019262746802584396,0.00621992273808142,0.001818327552084609
550.0,0.42291666666666666,0.012141791690883492,0.0014101623517953406,0.42711308727879527,0.08012267988903214,-1.281339261836387,0.2403680396670964,-0.0036675108038861414,0.006162655564229906,0.0030395325965927524,0.0007552758279204199,-0.00044404764881452683,0.0048839722439325715,-0.0047425958701911046,0.0038334814855521264,0.26124348561685656,0.049006978225009705,0.0020236319484805815,0.00023502705863255672,2.6221025969605907,0.3145616790094943,2.549376212287162,0.32778361928851063,0.06661570318379335,0.019394215067762934,0.006110681489637962,0.0018296331657812366
550.0,0.4270833333333333,0.012055577074077081,0.0014386926596634095,0.4221587454108918,0.08099202425612778,-1.2664762362326747,0.24297607276838332,-0.0032836992457622614,0.006143230972254543,0.0030858001898628265,0.0007423431486497773,-0.00013993576441690631,0.00486118776573968,-0.004503916243694386,0.003828735252669943,0.25821316402735234,0.049538712338144934,0.0020092628456795133,0.00023978210994390157,2.6348763916054723,0.29241037850677054,2.563428068656466,0.30446731685740264,0.06544752436852447,0.01951256574106923,0.006000798580482562,0.0018397222745747289
550.0,0.43125,0.0119677054980167,0.0014665996382498914,0.4171537154093382,0.08183314322712083,-1.2514611462280139,0.2454994296813625,-0.0029008019906283235,0.006122679195035886,0.00313138764292068,0.0007294028832755983,0.00016304867838024749,0.004837599301922783,-0.004265402195285697,0.0038232005029153575,0.25515183900005833,0.05005318187881772,0.001994617583002784,0.00024443327304164854,2.645889278590585,0.27257226409309865,2.57572752904052,0.28316467649417176,0.06427151275519113,0.01961657486370254,0.0058902367948728915,0.0018484825804654487
550.0,0.4354166666666667,0.011877376311070378,0.0014936124042841112,0.4120753018956435,0.08263424158165512,-1.23622590568693,0.24790272474496539,-0.0025195954462151125,0.00610043990723304,0.003175900084242263,0.0007164209952548361,0.00046407746007318167,0.004812791008628284,-0.004027323511804085,0.0038164995495178745,0.25204562911318606,0.050543172118996664,0.0019795627185117304,0.00024893540071401854,2.6541824743510607,0.25539297603333194,2.5853171273840685,0.26418859531799777,0.06308643814317633,0.01969884487879978,0.005778908823816208,0.001855226881881939
550.0,0.4395833333333333,0.011785649630375017,0.0015200578924680986,0.40695524469482913,0.08341044348111254,-1.220865734084488,0.2502313304433376,-0.002139366160691602,0.006077313989976156,0.003219794959221914,0.0007034632621755101,0.000763978530030015,0.004787375902269705,-0.0037894991693621398,0.0038091518563005385,0.2489139478307915,0.051017934759431116,0.001964274938395836,0.0002533429820780164,2.660924223296524,0.24147999033019368,2.593360723178312,0.24811828594453578,0.061896333869151124,0.019768799292864386,0.005667166249061374,0.0018608270301378402
550.0,0.44375,0.01169252819198811,0.001545921385771766,0.4017936592840256,0.08416139769767533,-1.2053809778520774,0.25248419309302605,-0.0017601185440225522,0.006053310440548586,0.003263071893998117,0.0006905349707562151,0.0010627485055747592,0.004761364591322236,-0.0035519320219158375,0.003801159436802757,0.24575686576526687,0.05147725502846605,0.0019487546986646852,0.00025765356429529424,2.6661156475359555,0.23129750402918792,2.5998593720982153,0.23543292877592387,0.06070125960862646,0.019826358367410785,0.005555015829117073,0.0018652761693728475
550.0,0.4479166666666667,0.011596986141371304,0.0015708004612322293,0.39656182462916206,0.08487026246645318,-1.1896854738874856,0.2546107873993596,-0.0013829141312334129,0.006027765352845172,0.0033052148891527223,0.0006776203206956317,0.0013592719014047826,0.004734281846148708,-0.0033150078213924823,0.003792057469132967,0.24255681544024238,0.05191083190576881,0.0019328310235618837,0.0002618000768720382,2.6685148699962693,0.2250548125542987,2.6035722102390997,0.22643278538440254,0.05950024577446517,0.01986186981113546,0.005442413982704087,0.0018676625277002647
550.0,0.45208333333333334,0.011500088566451449,0.001595098923306958,0.39129106725123275,0.0855538787525044,-1.1738732017536984,0.25666163625751326,-0.0010069314115150603,0.006001339879868856,0.003346712148072461,0.0006647392527034439,0.0016544748253093935,0.0047065950837376575,-0.0030784908838534754,0.0037823169282234343,0.23933295787613432,0.052328965416211425,0.0019166814277419085,0.0002658498205511596,2.669336213891895,0.22314755904498168,2.6057099854364223,0.22162530136009928,0.05829661074197979,0.019884399057644633,0.005329617713492752,0.001868835418674816
550.0,0.45625,0.011401887929424058,0.001618842075310476,0.3859830497004302,0.08621352221235111,-1.15794914910129,0.2586405666370533,-0.0006321521672685011,0.005974082317885667,0.0033875830333129834,0.00065188965549516,0.0019483838504707764,0.004678337193262391,-0.002842382018905432,0.003771973060608142,0.236086310016808,0.05273243578231517,0.001900314654904009,0.000269807012551746,2.6686313007293476,0.22550494753521177,2.6063239660742896,0.2211047740116468,0.05709067964101697,0.019894589262543044,0.005216655014040607,0.0018688552238894094
550.0,0.46041666666666664,0.011301667436535073,0.0016417604435762301,0.3806187066802875,0.08683888752103927,-1.141856120040862,0.2605166625631178,-0.0002595047698047071,0.005945661098861235,0.0034274314006249706,0.0006390662153205038,0.0022400624029544616,0.004649275279610977,-0.0026070575679127844,0.003760788601407178,0.23280521087050587,0.0531149391533019,0.001883611239422511,0.00027362674059603823,2.6654739921563086,0.23151494246202714,2.6044871309319477,0.22442983119099758,0.05588323931837721,0.01988682877582853,0.0051036219059859365,0.0018672024597665737
550.0,0.46458333333333335,0.011200062467792852,0.001664071420234413,0.37521621060646576,0.08743882862534472,-1.1256486318193972,0.2623164858760342,0.0001115968039975619,0.005916433467891136,0.0034665586162078927,0.0006262915625371457,0.0025301379617666763,0.004619678029974346,-0.002372316248035833,0.0037490000000880088,0.22950077549853493,0.05348189171801442,0.0018666770779654752,0.0002773452367057355,2.6606222614695842,0.24099328605678952,2.600956080246478,0.23152336031218054,0.05467555582034549,0.019866016435568835,0.004990625402760661,0.001864347482764674
550.0,0.46875,0.011097289895136546,0.0016858735743111035,0.3697817389570021,0.0880176119341765,-1.1093452168710067,0.2640528358025295,0.00048135726984891114,0.00588655252809479,0.0035050704998451556,0.0006135618443884481,0.0028188301086610394,0.004589651262355958,-0.0021380881292938215,0.003736717823553564,0.22617678227152668,0.05383590315668657,0.0018495483158560905,0.00028097892905185057,2.6543305048677603,0.25341434055841217,2.5959848466032343,0.2419095343015555,0.05346796803913141,0.01983445928612932,0.004877690225395099,0.0018605035151322117
550.0,0.47291666666666665,0.010992786697441677,0.001706908162211274,0.3643006418581308,0.0885656108487235,-1.0929019255743924,0.26569683254617044,0.0008489867526135425,0.005855796667198423,0.003542643002579336,0.000600901363630514,0.003105351180357501,0.004559063802323726,-0.0019047026005363412,0.003723758088641994,0.22282427033007762,0.05417108584348582,0.0018321311162402781,0.0002844846937018789,2.645862153548209,0.2679818332032614,2.5888355182624494,0.25480306543290754,0.05226167283518941,0.019787486766511878,0.004764962450570689,0.0018552357771681439
550.0,0.47708333333333336,0.010886833077287323,0.0017272688724420504,0.35878114823976237,0.08908598794763642,-1.0763434447192861,0.2672579638429093,0.0012147036801085527,0.005824238562731736,0.0035794091936917913,0.0005883173398784811,0.0033899497228379507,0.004527957813548341,-0.0016720993041639263,0.0037101846539949533,0.21944827292051375,0.05448937385746987,0.0018144721795478865,0.0002878781454070084,2.6355542987471505,0.2843988581740065,2.5798440952841,0.26988084239645416,0.051057690564741263,0.019726269193449376,0.004652512898310733,0.0018486346103841064
550.0,0.48125,0.010779797093739744,0.001747133820903733,0.3532332959399186,0.08958620163033816,-1.059699887819756,0.26875860489101444,0.00157893859731028,0.0057921187768603865,0.003615563261072096,0.0005757957483170526,0.0036730674889483006,0.004496493049709883,-0.0014401111104777528,0.003696177880317639,0.21605492985039643,0.05479532890322246,0.0017966328489566247,0.0002911889701506221,2.623859072530761,0.3022785952962276,2.5694628705599523,0.2866998658455057,0.04985589024789247,0.019654818860519445,0.004540311722917054,0.001841077488145611
550.0,0.48541666666666666,0.010671281561261847,0.0017663157107181636,0.34764725204005326,0.0900593570393058,-1.0429417561201604,0.2701780711179175,0.0019410408970727852,0.005759296484139954,0.0036508602688538772,0.0005633582899779061,0.003954071234151703,0.00446458608895996,-0.0012090248723905317,0.003681621872134464,0.2126382269905907,0.05508473342507343,0.0017785469268769747,0.0002943859517863605,2.6102387929803443,0.3210673641755407,2.557152302338439,0.3046632362400899,0.04865796114620821,0.019569779709317524,0.004428529495696877,0.0018322478678014763
550.0,0.4895833333333333,0.010561383803640837,0.0017849146169933354,0.3420268579871374,0.09050891461846954,-1.0260805739614118,0.2715267438554086,0.0023009034008131188,0.005725772877539377,0.0036853072005962125,0.0005509706595375171,0.004232890109867338,0.004432215750809165,-0.0009789213147270472,0.0036665388653491617,0.20920051410006976,0.05535970386650458,0.0017602306339401393,0.0002974857694988892,2.5947714201360994,0.3405064924679205,2.5429881893906012,0.32346515015238675,0.04746587837650592,0.01947192805978828,0.004317352368991092,0.0018222268851234072
550.0,0.49375,0.010450524169719038,0.0018030743779207574,0.33638260907622686,0.09094117939348409,-1.0091478272286805,0.2728235381804522,0.002659198093904674,0.005691832821393595,0.0037191598473988036,0.0005386491079354826,0.004510180153130756,0.004399595666186261,-0.0007495061436940832,0.0036511178702211366,0.20574821040327318,0.05562409709091733,0.0017417540282865073,0.0003005123963201263,2.5780169943341344,0.36051570178752107,2.527532435953303,0.3429863549363598,0.046277947832335055,0.019365431383952122,0.004206610548494575,0.0018114124342173139
550.0,0.4979166666666667,0.01033842190217288,0.001820620603183055,0.33070759090884555,0.09134998537640238,-0.9921227727265371,0.274049956129207,0.0030154583051124695,0.005657421318395111,0.003752242053014637,0.0005264365069458421,0.004785486816270303,0.004366721011128124,-0.0005209847844096638,0.0036352852681253178,0.20227708656562043,0.05587414186977429,0.0017230703170288126,0.0003034367671971757,2.5595981843217857,0.3807659150260661,2.510406274861079,0.3628737090561074,0.045095464313187526,0.019247772195400525,0.004096445147519585,0.0017995818149988377
550.0,0.5020833333333333,0.010224916013015832,0.0018375289476676355,0.32499923777518186,0.09173401124180712,-0.9749977133255455,0.27520203372542135,0.0033691559401190833,0.005622426932745352,0.003784406504049965,0.0005143177341304846,0.005058332513913349,0.004333501498220881,-0.0002936264896470644,0.003618973903003279,0.19878557312404363,0.05610903021455525,0.001704152668835971,0.0003062548246112726,2.5392538782056215,0.4010318104399264,2.4913451405645395,0.3828786184850407,0.04392158004511555,0.019117306645295276,0.003987157595967255,0.001786571639935916
550.0,0.50625,0.01011051013580041,0.0018540088311743627,0.31926974792490065,0.09210138605457427,-0.9578092437747017,0.2763041581637227,0.0037211663023460836,0.005587075552115474,0.0038159758929329083,0.0005022835775520214,0.005329564357049037,0.004300080871465961,-6.70405044254635e-05,0.0036023612417659377,0.19528113132618904,0.056333734069289126,0.0016850850226334028,0.0003090014718623938,2.517673032499334,0.421425826630869,2.4710408927535297,0.40309198238568883,0.04275367104563007,0.018978450681113476,0.0038784687001754757,0.0017727790251760407
550.0,0.5104166666666666,0.009995058696670191,0.001869974593876793,0.31351581720156335,0.09244891358864166,-0.9405474516046914,0.2773467407659249,0.004071195119634738,0.005551315583173271,0.003846850773913419,0.0004903553471226423,0.005598903945074198,0.00426643432946812,0.00015863540818040426,0.0035853997242664697,0.19176174021510828,0.0565462984661345,0.0016658431161116992,0.00031166243231279893,2.49465470249345,0.44177811237870207,2.4492912829799094,0.42333263972432345,0.0415929269202946,0.018829628836196464,0.003770492593243772,0.0017580496841336163
550.0,0.5145833333333333,0.009878248309850358,0.0018853413593362843,0.30773165382942,0.09277371914796195,-0.92319496148826,0.2783211574438857,0.004418362950684365,0.005515076723806715,0.003876765858207023,0.0004785201476269669,0.00586554183158299,0.004232509260157979,0.0003829669767616458,0.003568041222272592,0.18822385766775937,0.05674496451619125,0.0016463747183083932,0.0003142235598893807,2.469712069957752,0.46180351178228857,2.4256043098535898,0.4433015923101904,0.04044407489128619,0.01866896694110091,0.003663685212875989,0.0017422050464333558
550.0,0.51875,0.009760634968811372,0.0019003322898643203,0.3019298952637614,0.0930842884082069,-0.9057896857912844,0.2792528652246207,0.004763790368694829,0.005478580827584023,0.0039061024752010307,0.00046676594204893756,0.0061305400220794835,0.004198453313831307,0.00060647692563107,0.003550451816404073,0.1846752131194456,0.056934922706042154,0.0016267724948018957,0.00031672204831072,2.4436318656482996,0.4817265440874955,2.400771450982981,0.4632124965282987,0.03930278682917461,0.018501165587841928,0.0035576278361420773,0.0017257086479730169
550.0,0.5229166666666667,0.009642199320789776,0.0019149315847284583,0.29611016895422765,0.09338007300092528,-0.8883305068626819,0.2801402190027758,0.005107425828647537,0.0054418260576674276,0.003934844500770613,0.00045509849219132337,0.0063938506672534924,0.004164269198633327,0.0008291402084344991,0.003532626150729341,0.181115578679928,0.05711583761840593,0.0016070332201316292,0.0003191552641214097,2.4163865624487793,0.5014832702708638,2.3747648642160755,0.4829952770362559,0.03816934827294472,0.01832598299843447,0.003452349959761034,0.0017085419120812268
550.0,0.5270833333333333,0.009522405101177038,0.0019288961936331506,0.2902618863120297,0.0936527727575442,-0.8707856589360892,0.28095831827263257,0.005447890416253887,0.005404748787578961,0.0039625663950830815,0.00044356790091264496,0.006654197825359508,0.004129957454643961,0.0010502826876291468,0.0035144719891310947,0.17753847740553916,0.057282632921638904,0.001587067516862839,0.00032148269893885845,2.387181650880336,0.5206840155142217,2.3467822615872227,0.5022573282476235,0.03705083892964358,0.018139503845933606,0.003348550363467947,0.001690357186708243
550.0,0.53125,0.009401860806483111,0.001942498885598412,0.28439824385128387,0.09391199945740553,-0.8531947315538512,0.28173599837221647,0.005786528710461342,0.005367477153760489,0.003989713325470915,0.00043214099996667253,0.006912847038128679,0.004095568053188757,0.001270540343267047,0.0034961234477192947,0.1739519811883463,0.057441187678048546,0.0015669768010805184,0.000323749814266402,2.356897914623618,0.5396505793425164,2.317710858428052,0.5213138055272182,0.03594142084978298,0.017946288490609096,0.003245635345785342,0.0016715472624358606
550.0,0.5354166666666667,0.009280573143067933,0.0019557427026009005,0.2785194567802664,0.09415792335917347,-0.8355583703407989,0.28247377007752034,0.006123342545635078,0.0053300185780927704,0.004016287592716341,0.0004208187319708144,0.007169801229551779,0.004061105783955182,0.0014899128455415397,0.0034775862691696626,0.1703562216938535,0.05759160599649233,0.0015467621905113228,0.00032595711710015014,2.32554332591181,0.5583514395932403,2.2875585614915166,0.5401293465549059,0.03484115458202413,0.017746447896306423,0.0031436098382691935,0.0016521212578999621
550.0,0.5395833333333333,0.009158079963112319,0.001968417657845544,0.2726170559209228,0.09438342965824525,-0.8178511677627687,0.2831502889747357,0.00645702157984947,0.0052923375887718015,0.004041897713720212,0.0004096460672433413,0.007423857027613404,0.0040265788608123505,0.0017077504631454695,0.003458801776857701,0.16674601912118478,0.05772953577689408,0.0015263466605187196,0.00032806960964092396,2.2924281205399315,0.576447911850966,2.255627519253446,0.5583652370071857,0.03375741888810303,0.017536568291358995,0.00304318239838218,0.001631747945253896
550.0,0.54375,0.009034871370679256,0.0019807959913499184,0.26670150962611194,0.09459786668760013,-0.8001045288783356,0.28379360006280047,0.006788678644447433,0.005254467036533014,0.004066903161490842,0.0003985438891164815,0.007676055508704261,0.003991955914217846,0.0019245859008658963,0.003439847242030565,0.16312777639641415,0.05786069474996866,0.0015058118951132092,0.00033013266522498633,2.258259190253777,0.594242317088651,2.222630161289756,0.5763168452928135,0.03268516396450661,0.017320536116826414,0.0029438649995152336,0.0016108023824425327
550.0,0.5479166666666667,0.0089110213935317,0.0019928970206703842,0.26077419599219487,0.09480217399673413,-0.782322587976585,0.2844065219902024,0.0071185196231951485,0.005216462689824139,0.004091365944393997,0.0003875193645728859,0.007926586101167494,0.003957281261746214,0.0021405208939741,0.00342075711907153,0.15950233632072905,0.05798565767176156,0.0014851702322552845,0.000332149503445064,2.223145443086435,0.6117514839065078,2.188676658138664,0.5939986068933506,0.03162323683674671,0.017099201722314612,0.002845548111023835,0.001589369548485367
550.0,0.5520833333333334,0.008786141423655032,0.0020044917380933436,0.2548280719279306,0.09498911360076293,-0.7644842157837919,0.28496734080228875,0.007445427971870106,0.0051784151293576336,0.004114954549802822,0.00037665965871263067,0.008174424874185368,0.003922686136914754,0.002355000341305342,0.0034015274836047345,0.155865390660231,0.05809999751691682,0.0014643569039425061,0.00033408195634889056,2.1865138100533543,0.6286469465992168,2.1531868815421684,0.6110839283064182,0.030578064729449652,0.016870043608818837,0.0027488637817364605,0.001567244389654721
550.0,0.55625,0.00866051670773316,0.002015763714149428,0.24886927751194435,0.09516460956727073,-0.7466078325358331,0.28549382870181217,0.007770042552534093,0.005140271024530614,0.004137880231357903,0.00036590596086102754,0.00842017295033582,0.003888085279632649,0.002568326607673953,0.0033821688657023805,0.15222069498639654,0.05820733802031221,0.0014434194512888592,0.00033596061902490463,2.148780546035569,0.6451311715623489,2.1165801728465277,0.6277714737262841,0.02954684643121506,0.016634954303716358,0.0026535267578263297,0.0015445858401884392
550.0,0.5604166666666667,0.008534293521270919,0.0020267693841360063,0.2429003972135297,0.0953307062954268,-0.7287011916405898,0.2859921188862803,0.008092796043918323,0.005102065920157465,0.004160270190813552,0.00035525564976026123,0.00866422622490683,0.003853496237733976,0.0027807156979217994,0.0033627146736065643,0.14856983020794204,0.05830892964630357,0.0014223822535451532,0.0003377948973560011,2.110164938086542,0.6612818685270934,2.0790785887486205,0.6441370930717477,0.028527060218442247,0.016395146929544864,0.0025592891194799942,0.0015214975720094096
550.0,0.5645833333333333,0.008407179957506155,0.002037358042299962,0.23691673556973272,0.09548226734363424,-0.7107502067091983,0.2864468020309026,0.008412739020266676,0.005063805563551444,0.004181856112665898,0.0003447707004574103,0.008905723624795707,0.003818958511887521,0.0029916859943707615,0.0033431346825741684,0.144909924495933,0.05840163088810895,0.0014011966595843578,0.0003395596737166604,2.0702434294452154,0.6768567603345969,2.0402519097831013,0.6599413425058487,0.02752479354726277,0.016148155553760285,0.002466726114849742,0.0014977364886869197
550.0,0.56875,0.008279328972291682,0.0020476514868676813,0.2309218708745176,0.09562360306612795,-0.6927656126235531,0.2868708091983838,0.008730160894226817,0.005025485498474983,0.004202735909968896,0.0003343847078600923,0.009144939030632617,0.0037844305963227213,0.003201372907682173,0.0033234624550082517,0.1412431668382301,0.05848807762701642,0.0013798881620486131,0.00034127524781128016,2.029229637191723,0.691976591271134,2.000314861019032,0.6753004112738046,0.026539034271492245,0.015895633401545727,0.002375741901198956,0.0014734516096069161
550.0,0.5729166666666666,0.008150942351469835,0.0020577223143790633,0.2249189864720994,0.0957572879026644,-0.6747569594162983,0.2872718637079932,0.00904572958528269,0.004987146415854508,0.004223098270882334,0.00032409196893315115,0.009382478155491243,0.003749934987405567,0.0034101153055750835,0.0033037331259847622,0.1375715041075898,0.05856984449337029,0.0013584903919116392,0.0003429537190631773,1.9874273427185436,0.7067633304592088,1.9595758620762578,0.6903346719475025,0.02556554532760196,0.015639205064679893,0.00228593531468294,0.0014488088044816636
550.0,0.5770833333333333,0.008021832931310424,0.0020674799235675745,0.21890542327424084,0.09588032966134022,-0.6567162698227218,0.28764098898402063,0.009358770864237937,0.0049488089831653355,0.004242756878956118,0.0003139263459555071,0.009617732501709473,0.0037155106161413146,0.003617568181637987,0.0032839368087531897,0.13389330980208805,0.058645101136954106,0.0013369721552184033,0.0003445799872612624,1.9445669726044368,0.7210535065552537,1.9177602626039183,0.7048822243370398,0.024608954645147958,0.01537743553068013,0.0021977553553708677,0.0014236886009188537
550.0,0.58125,0.00789196928432165,0.0020769269157177475,0.21288146893737753,0.0959932454169716,-0.6386444068121329,0.28797973625091483,0.009669034755148376,0.00491052733241777,0.004261658022143502,0.0003038950844432374,0.009850487329449547,0.0036812049745226557,0.003823592756338105,0.0032641018428229813,0.13020875946580576,0.05871416421981711,0.0013153282140536083,0.00034615448595295777,1.9006002084693498,0.7348126746898349,1.8748173056619895,0.718906734565854,0.023671491323923655,0.015110701763089011,0.002111411483436917,0.0013981388401249472
550.0,0.5854166666666667,0.007761602043919322,0.00208616488874599,0.20685075955703558,0.0960992192370081,-0.6205522786711074,0.2882976577110243,0.009977410129518798,0.004872280534172478,0.004280047839608359,0.0002939851469708927,0.010081545212451993,0.0036469802642582,0.004028643510072185,0.003244237941709381,0.12652007731915982,0.058778981464513574,0.0012936003406532198,0.0003476941481243317,1.8559057556554583,0.7482152578938776,1.8311321652655141,0.7325815203026745,0.022747260680790284,0.014840568304698553,0.0020263297091524,0.0013722865815563123
550.0,0.5895833333333333,0.007630623043447647,0.002095146372154838,0.20081195640379038,0.09619662465184917,-0.6024358692113706,0.2885898739555475,0.010283470476148564,0.004834073259052295,0.00429781309038973,0.00028422548512490025,0.010310524488303196,0.003612852963693342,0.004232498927329412,0.003224335879372865,0.12282644457435934,0.05883855820765503,0.001271770507241274,0.00034919106202580636,1.810334082445749,0.7611603486827245,1.7865518914482381,0.745806780604547,0.02183938772587872,0.014566132311469143,0.001942803271632084,0.001346044099372443
550.0,0.59375,0.007498868105920824,0.00210382036440905,0.19476366782624988,0.09628418983327613,-0.58429100347875,0.28885256949982835,0.01058644927994517,0.004795965960479809,0.004314754652258757,0.00027462417650612087,0.010536742348305043,0.003578876059420253,0.004434757800768298,0.0032044272629771532,0.11912701046463657,0.05889211624614049,0.001249811350986804,0.0003506367274015083,1.7636529151239422,0.773510513065458,1.7408376520490876,0.7584446875406565,0.02095386121319768,0.014286765448617187,0.001861401861658381,0.0013193386805483603
550.0,0.5979166666666667,0.007366666866070724,0.0021123427586462796,0.18871036944853878,0.09636663599349393,-0.5661311083456168,0.2890999079804818,0.010887572608234279,0.00475786109773958,0.004331205508844151,0.00026511683978493747,0.010761301207959597,0.003544933055800678,0.0046360516359271325,0.003184490350748906,0.11542451236836335,0.05894254309195526,0.0012277778110117883,0.00035205712644104656,1.7163459876176432,0.785542777465479,1.6944824788382207,0.7707699577783076,0.020082188625276703,0.014004348293205739,0.0017813201541448317,0.001292351337763136
550.0,0.6020833333333333,0.007233994768375029,0.0021207120061612155,0.18265191401201664,0.09644382972625623,-0.5479557420360496,0.2893314891787688,0.01118671447113013,0.004719742231292841,0.0043471337863958655,0.00025570212187422703,0.010984089440819467,0.0035110096080053846,0.004836313882648133,0.003164516051069103,0.11171886023778438,0.05898975708669765,0.0012056657947291708,0.0003534520010268692,1.6683824389185657,0.7972389978391705,1.6474543598615783,0.7827645601766263,0.01922542025319265,0.013718598362000345,0.0017026588037939556,0.00126505618437796
550.0,0.60625,0.007100535398379996,0.002128765890048291,0.17658492519860772,0.09651164499280326,-0.5297547755958228,0.2895349349784098,0.011482526604739477,0.004681861051802079,0.004362188968501447,0.00024648058829859553,0.01120390582781075,0.0034773588245650923,0.005034839026921706,0.003144606683515216,0.10800798846426465,0.05903123446789719,0.001183422566396666,0.00035479431500804853,1.6193240246296885,0.8082770283550256,1.5993038509291757,0.7941070787108601,0.01839377664950694,0.013428838026859475,0.0016263970510059158,0.001237424488265268
550.0,0.6104166666666667,0.006966659689220068,0.002136681676346997,0.1705139017861415,0.09657510399307556,-0.511541705358424,0.2897253119792266,0.01177648881643007,0.0046440400711822965,0.004376766885252926,0.00023738321913308323,0.011422076644900308,0.003443793390401475,0.005232393556430172,0.003124699355090019,0.10429464880618403,0.05907004740590801,0.0011611099482033446,0.00035611361272449947,1.5697047638119,0.8189920451590446,1.5505767311963055,0.8051306855947927,0.017576529689604225,0.013136711232191896,0.0015515029259892846,0.0012095916795553468
550.0,0.6145833333333334,0.006832368691307441,0.002144461155544566,0.16443890051550106,0.09663425130356786,-0.4933167015465033,0.2899027539107036,0.01206859710669038,0.004606276847694516,0.004390867170098823,0.00022841770980737015,0.011638598804815383,0.0034103111551121433,0.005428974902282854,0.0031047928873079197,0.10057887598537743,0.05910622319594836,0.0011387281152179078,0.00035741019259076084,1.51952857401419,0.829382105966802,1.5012768348121177,0.8158333605075372,0.01677375646596256,0.012842226148798343,0.0014779827361093751,0.0011815577728431044
550.0,0.61875,0.006697318082826771,0.002151975659692164,0.15835686008431576,0.0966852532598225,-0.4750705802529471,0.2900557597794675,0.012357270345269502,0.004568688355902384,0.004404084706880751,0.00021967370897578743,0.011852067819250835,0.0033770430607939278,0.005623751496940147,0.003084923013191218,0.09685879788760052,0.0591374174371483,0.001116219680471129,0.000358662609948694,1.468360681074853,0.8391070848111615,1.4509555147186297,0.8258778338832633,0.015998138117987663,0.012543522930269701,0.0014070282382354694,0.0011531434305167214
550.0,0.6229166666666667,0.006561863638239936,0.00215937831628335,0.1522716311293596,0.09673280161334828,-0.4568148933880788,0.2901984048400448,0.012644014326339003,0.004531154071165438,0.004416810029919754,0.0002110518687987751,0.01206382459494318,0.0033438421194862864,0.005817511948205148,0.0030650644345448985,0.09313676987899507,0.05916649924418838,0.001093643939706656,0.00035989638604722507,1.4166804700577664,0.8485161646986099,1.4001047123681682,0.8356097286149646,0.015238197558671488,0.012242649604278644,0.0013375601309277044,0.0011245279405822277
550.0,0.6270833333333333,0.006426029359991026,0.0021666742426149754,0.14618342729758466,0.09677707988552946,-0.4385502818927539,0.29033123965658836,0.012928939214882001,0.004493679933820176,0.00442907168365953,0.00020256274467210213,0.01227396721426871,0.0033107130227245317,0.006010313970514769,0.003045220894173262,0.0894129225643829,0.05919358082236246,0.0010710048933318382,0.00036111237376916256,1.3645219247595604,0.8576227486726203,1.348759349630367,0.8450422844218878,0.014493077122647833,0.011939847785064267,0.001269498006545004,0.0010957370238113158
550.0,0.63125,0.006289553454916158,0.0021737791238656706,0.1400903531849522,0.09681568810471144,-0.4202710595548567,0.29044706431413436,0.013210762322570476,0.004456363246844333,0.004440545528314757,0.0001942569374023116,0.012481359478172287,0.0032777576052159265,0.006201479767694363,0.003025427941135444,0.08568609648003146,0.05921719384767587,0.0010482589091526933,0.0003622965206442785,1.3115780549469653,0.8661673285198023,1.2966007255179475,0.8539178203327842,0.013773467543390627,0.011633882436146332,0.0012038618856286855,0.0010666720282949535
550.0,0.6354166666666666,0.0061526447837807864,0.002180764794401207,0.13399438001829214,0.0968509987663852,-0.4019831400548767,0.2905529962991556,0.01349042143316418,0.004419175729622327,0.004451478192888098,0.00018612630221886107,0.012686838892949947,0.0032449404521590086,0.006391498059959528,0.003005681052873503,0.08195749698229517,0.059238789858031896,0.0010254407972967972,0.00036346079906686787,1.2581198697605556,0.8743493403412712,1.2439079599992866,0.86243343332667,0.0130719689210183,0.01132621585307177,0.0011399408402504815,0.0010374741306575987
550.0,0.6395833333333333,0.006015371963395372,0.002187651767239986,0.12789601235448889,0.0968835286382891,-0.38368803706346666,0.29065058591486725,0.013768251308882191,0.004382094125111661,0.004461953940527264,0.0001781870344238944,0.012890701754280021,0.0032122389999915237,0.006580545976902287,0.0029859705536907704,0.078227432785661,0.05925868506675741,0.0010025619938992284,0.00036460862787333095,1.2042380466136158,0.8822192646330881,1.1907747111522877,0.8706395209000914,0.012385861024102341,0.011017233973671754,0.001077474437226178,0.001008175272982795
550.0,0.64375,0.0058775303009621265,0.0021943884322006154,0.12179403463686486,0.09691169060634118,-0.3653821039105947,0.2907350718190235,0.01404319946523105,0.004345166577127176,0.004471711450251729,0.00017050337454063146,0.0130920190614027,0.003179711052114004,0.006768064081437649,0.00296630774006624,0.074495160537744,0.05927590911722779,0.000979588383493688,0.0003657314053667693,1.1497209736728717,0.8895661326943838,1.1369794251898901,0.8783269637386086,0.011724234733967047,0.010705894910256107,0.0010173137490141026,0.000978683159567855
550.0,0.6479166666666667,0.005739221455520851,0.0022010119720374493,0.11568947741674666,0.09693680652071529,-0.3470684322502398,0.2908104195621458,0.014315709204359522,0.004308384730549513,0.004480861132741378,0.00016304279068670737,0.013291182348413949,0.003147330389939195,0.006954287763380634,0.002946705508630323,0.07076131090183385,0.05929127020280433,0.0009565369092534752,0.00036683532867290815,1.0947026855240054,0.8965008925042619,1.082659888609942,0.8856051154281458,0.011083656027324406,0.010392982861729766,0.0009591408867402137,0.0009490554200310766
550.0,0.6520833333333333,0.0056005702366315685,0.002207565273526606,0.10958317508396404,0.09695989016196015,-0.3287495252518918,0.2908796704858805,0.014586404910873367,0.0042716687050870575,0.004489559640609932,0.00015579999796603878,0.013488743892028037,0.0031150196923426248,0.0071395477591945904,0.0029271281970053875,0.06702639413751225,0.059305388251027505,0.0009334283727719285,0.0003679275455877675,1.0393326564062861,0.9031418944279962,1.0279712891556507,0.8925919574645145,0.010458903067718862,0.0100788774172203,0.0009024641829165515,0.0009193270958330171
550.0,0.65625,0.00546145352590803,0.0022140422574718115,0.10347472454856302,0.09698051712227783,-0.3104241736456893,0.2909415513668335,0.014854592462571316,0.004234976064370072,0.004497635875803578,0.00014877630698591684,0.013684091889135358,0.0030827414031233845,0.007323474234958145,0.002907552595702553,0.06329016379563582,0.05931800350218212,0.0009102422543180053,0.00036900704291196855,0.983508461952676,0.9093872375012033,0.9728042928417396,0.8991867595255206,0.00985628659195066,0.009762462455629208,0.0008478825189865692,0.0008893951844604914
550.0,0.6604166666666667,0.005321842358448204,0.002220401399790609,0.097364029562398,0.09699840735261524,-0.2920920886871941,0.2909952220578457,0.015120108725471506,0.004198517467823163,0.004505055153224732,0.00014206057527893517,0.01387708646052339,0.0030506886932158144,0.0075059763635941775,0.0028880839031700557,0.05955256048379345,0.05932894457204703,0.0008869737264080335,0.0003700668999651014,0.9272064915912374,0.9151776989580872,0.9171336672097825,0.9053286768385624,0.009277291538895265,0.009445307551904774,0.0007955328425603154,0.0008594228910828629
550.0,0.6645833333333333,0.005181903000042564,0.002226697955593257,0.09125200508347837,0.09701471105957463,-0.27375601525043497,0.2910441331787239,0.015383822110539973,0.004162160276246298,0.0045120334612044465,0.00013566085872262245,0.014068494392288642,0.003018739227810707,0.007687515477572087,0.002868657440028146,0.05581414389336914,0.05933891521073508,0.0008636505000070938,0.0003711163259322095,0.8706087228863594,0.920676154508327,0.8611495803879105,0.9111803944073976,0.008714438088518205,0.00912767531824349,0.0007447044099301895,0.0008294303987552444
550.0,0.66875,0.0050415585331024535,0.0022329295804184874,0.08513846814270844,0.09702923972775813,-0.25541540442812544,0.29108771918327425,0.015645286131835707,0.0041258830974944035,0.004518463501240408,0.00012961236488791004,0.014257924099695873,0.0029868772220381207,0.007867851735153876,0.002849258703556365,0.05207480209427973,0.05934780021668284,0.0008402597555170755,0.0003721549300697479,0.8136629436050564,0.925816772493668,0.8047952768710603,0.9166767236550893,0.008171881048265661,0.008808992856370492,0.0006957856857297054,0.000799368503843238
550.0,0.6729166666666667,0.004900675163322565,0.0022390692623488564,0.07902301097192971,0.09704139475306946,-0.2370690329157892,0.29112418425920844,0.01590374088940684,0.004089766113820847,0.004524158269018236,0.00012399571907813504,0.014444706020317331,0.0029551800450895375,0.00804658003794936,0.0028299245052141524,0.0483342860623291,0.05935523391498422,0.0008167791938870937,0.0003731782103914761,0.7562881948790834,0.9304379140128709,0.7479820794127428,0.9216567727471574,0.007656678927018448,0.008489472248722074,0.0006494365393216881,0.0007692645209266318
550.0,0.6770833333333334,0.004759479208715366,0.002245168838642603,0.07290663442694197,0.09705247910402856,-0.2187199032808259,0.2911574373120857,0.016160413977062017,0.00405370364735987,0.004529417025884155,0.0001187883507785477,0.014629919803786898,0.002923537229885323,0.008224356816137925,0.002810614523262459,0.04459320798216401,0.05936201285036841,0.0007932465347858948,0.00037419480644043386,0.6986851972107583,0.9347840568038495,0.6909226753159097,0.9263636374611479,0.007157887748288987,0.008169730048454837,0.0006046341465602463,0.0007391621323924086
550.0,0.68125,0.004617943085908793,0.002251229940234275,0.06678933449161772,0.09706251935428711,-0.2003680034748534,0.29118755806286134,0.01641513382686212,0.004017684162376564,0.004534197519749053,0.00011401733609597972,0.014813414256512666,0.0028919354419133067,0.008401090629605106,0.002791325022520234,0.040851565473028977,0.05936815321062101,0.0007696571809847998,0.00037520499003904583,0.6408419675391783,0.9388390789530919,0.6336032587972258,0.9307812837014485,0.006677171416890131,0.007849578812311225,0.0005615373250630784,0.0007090446511905063
550.0,0.6854166666666667,0.004475854779522806,0.002257222288668504,0.06067061610991855,0.09707084606491984,-0.18201184832975567,0.2912125381947595,0.016666667987949215,0.0039817926228397004,0.004538202110440698,0.0001097558602971915,0.014994107440751359,0.002860454896826157,0.008576120467375926,0.002772096070375898,0.0371090554958445,0.05937324507015773,0.0007459757965871343,0.0003762037147780842,0.5826459316805987,0.942374244432469,0.5758985754541363,0.9346819467278027,0.006226116414798229,0.007528963738390855,0.0005212398116648103,0.0006789172501997187
550.0,0.6895833333333333,0.0043334663834584,0.0022631799681405063,0.05455125517260609,0.0970784290029048,-0.16365376551781843,0.2912352870087143,0.016916446928129356,0.003945979197979626,0.004541783876591051,0.0001060675335290756,0.015173260514283868,0.0028290509311138436,0.008750208158641352,0.0027529026466115297,0.03336615237857318,0.05937788189945652,0.0007222443972430672,0.0003771966613567509,0.5242763513766338,0.9456450745998233,0.5180022921654197,0.9383194596833015,0.005791566451767255,0.007209065830454071,0.0004824927594470516,0.000648890759983452
550.0,0.69375,0.004190779522189753,0.0022691036690003223,0.04843127381176849,0.09708529714832677,-0.14529382143530556,0.29125589144498026,0.017164476671835696,0.0039102438174531025,0.00454494488299616,0.00010300758525902772,0.015350879197059008,0.002797724006273115,0.008923356503287643,0.0027337442563769958,0.029622869638513065,0.05938208144959173,0.000698463253698292,0.000378183944833387,0.4657373316314268,0.948654136651376,0.4599185504258989,0.9416963291143859,0.005373489123868836,0.006890121411610309,0.00044529208165912317,0.0006189906400421569
550.0,0.6979166666666666,0.004047515075508478,0.0022749737429254256,0.042310197574615495,0.09709076402208222,-0.12693059272384655,0.29127229206624655,0.017409101776196114,0.0038746131394493477,0.004547286215693789,0.00010066622917590585,0.015525510839428238,0.0027665117876189,0.009094677001201847,0.002714622109807495,0.02587891734185671,0.05938542444232774,0.000674585845918079,0.0003791622904875708,0.4069265783511535,0.9510963340660727,0.4015277846726748,0.9445093811155316,0.00498768030527508,0.006571912488450539,0.0004111133732037696,0.0005892257563597579
550.0,0.7020833333333333,0.0039039463010174347,0.0022808181040151147,0.036188667169135345,0.09709567279540411,-0.10856600150740602,0.29128701838621235,0.017651910177640253,0.003839044461965048,0.004549187400455966,9.902282617286095e-05,0.01569854664725608,0.0027353581667001517,0.00926502412775444,0.0026955303005001714,0.02213468752900793,0.05938842624281605,0.0006506577168362393,0.0003801363506691858,0.3479947245822711,0.9532612027679843,0.3429968896993369,0.9470463181232817,0.004619264546800172,0.006255607832941143,0.00037857033613424305,0.0005596919071759442
550.0,0.70625,0.003760080664695886,0.0022866405741286174,0.030066714674864135,0.09710005707372184,-0.09020014402459224,0.29130017122116536,0.01789294254580783,0.0038035202150238363,0.004550658340306415,9.810270372900164e-05,0.01587002238081579,0.002704247021638832,0.00943441963822822,0.002676460015119115,0.01839019981032738,0.05939110736911271,0.0006266801107826475,0.0003811067623547695,0.28895107047181207,0.9551558896699363,0.2843355571280389,0.9493143695372547,0.004267883683040081,0.0059416113716951255,0.00034762966073241926,0.0005304359356608046
550.0,0.7104166666666667,0.003615715348637481,0.0022924549190183325,0.023944240792330634,0.09710373875785615,-0.07183272237699176,0.2913112162735684,0.018130950274204177,0.0037679211105081643,0.004551397006967087,9.786964911232153e-05,0.016038841575744454,0.0026730691299111558,0.009602194200747285,0.0026573500691377612,0.014645393591177983,0.0593933586812875,0.0006026192247729135,0.00038207581983638867,0.22977639305165468,0.956594442447829,0.2255111504214637,0.9511295526231806,0.003945794970231943,0.005628661874709959,0.0003194476599587291,0.0005013591465211628
550.0,0.7145833333333333,0.0034710106516621523,0.0022982379544899813,0.017821424927599385,0.09710692608834191,-0.05346427478279831,0.2913207782650257,0.018366901345435307,0.003732431383248478,0.004551643391228279,9.839180293763946e-05,0.016205858398222073,0.0026419931827145705,0.009768862583261179,0.0026382943353676818,0.010900378091591433,0.05939530741954765,0.0005785017752770253,0.0003830396590816634,0.17051699604933274,0.9577191374082048,0.16658021826004232,0.9526315489556895,0.0036436424780434333,0.005319815646678839,0.0002931353112470945,0.00047274747313656934
550.0,0.71875,0.0033260141943485485,0.0023039996500965948,0.011698350394067348,0.09710970960319379,-0.035095051182201985,0.2913291288095814,0.018601077765227094,0.0036970056089706384,0.004551465592560383,9.965633451637037e-05,0.01637132041000708,0.002610979845678069,0.00993457604033369,0.0026192682381215807,0.007155204294678675,0.059397009048943274,0.0005543356990580918,0.00038399994168276583,0.11119669701271123,0.9585750239036969,0.10756951759990345,0.9538655415250201,0.003358740166164941,0.005015872806094641,0.0002684392466426965,0.0004446933025831275
550.0,0.7229166666666667,0.00318056408886089,0.0023097489171923563,0.005575006251255046,0.09711194470624925,-0.016725018753765156,0.29133583411874775,0.018832470159503723,0.0036615608871796543,0.004550624584729647,0.00010162268260166794,0.016534344858774933,0.0025799614555559068,0.010098789853781829,0.002600221949755224,0.003409865498368673,0.059398375284907004,0.0005300940148101485,0.00038495815286539257,0.05182647485758467,0.9590102774515844,0.04847910750623754,0.9546810111808202,0.00310107738494686,0.004716681513950195,0.00024628996640020537,0.0004172077720242784
550.0,0.7270833333333333,0.003034725991148658,0.002315483291392023,-0.0005484882970275349,0.09711361392899959,0.001645464891082637,0.29134084178699887,0.019061466587318596,0.0036261283232025517,0.0045492101269840384,0.00010426686885133701,0.01669526961308671,0.002548966846276783,0.010261714953420853,0.0025811714807144432,-0.00033556504958392764,0.05939939581494221,0.0005057876651914432,0.00038591388189867045,-0.0075565803593617645,0.9590565864152405,-0.010649791464282351,0.9551091468153359,0.0028668751792903747,0.0044252698376142895,0.0002263359256298362,0.0003906251463666761
550.0,0.73125,0.0028885968969587605,0.002321210525095832,-0.0066720579426614674,0.09711490615950126,0.020016173827984467,0.29134471847850374,0.019288659014677263,0.003590681654942873,0.004547362645864832,0.00010751708178250661,0.016854612552678748,0.0025179658838404436,0.010423670625867899,0.0025621089902332275,-0.004081041300970854,0.059400185991594405,0.00048143281615979357,0.00038686842084930534,-0.06693585717160223,0.9588249954993834,-0.06979431447822244,0.9552606303444602,0.0026504123466792266,0.0041431880709384365,0.00020804495994076894,0.00036512120410513984
550.0,0.7354166666666667,0.0027420671742306823,0.0023269356187436484,-0.012795657865817626,0.09711577129059998,0.038386973597452904,0.2913473138718,0.01951335419523052,0.0035551649733337365,0.004544913314958115,0.00011126592591092601,0.017011764100054387,0.0024869012665009824,0.010584286050230549,0.0025430100637952027,-0.007826535664083551,0.05940071510574196,0.0004570111957051137,0.00038782260312394143,-0.12628394259025993,0.9582319856313101,-0.12893466944332718,0.9550525487252896,0.0024586509747581654,0.003871141818427929,0.00019207587830897554,0.0003408225482119545
550.0,0.7395833333333334,0.0025951224551519774,0.002332652488067792,-0.01891918057755641,0.09711604456170089,0.05675754173266919,0.2913481336851026,0.019735442290415437,0.0035196069045724133,0.004541840708165207,0.00011550836542801102,0.017166631437081255,0.0024558038197214226,0.0107434987094558,0.002523886396856903,-0.011571982740546124,0.05940088196370073,0.00043252040919199635,0.0003887754146779653,-0.18556656787229658,0.9572313484450811,-0.18803774533152293,0.9544384627360745,0.0022926540207841898,0.003613561692122997,0.00017852343844224126,0.0003181922877496957
550.0,0.74375,0.002447894930499513,0.0023383626919353897,-0.025042622761116004,0.09711593971599534,0.075127868283348,0.291347819147986,0.01995574853330099,0.0034840260645210824,0.004538344746603215,0.0001202047446392237,0.017319939457236106,0.0024246920688588227,0.010901750765865144,0.0025047465281160027,-0.015317380610818172,0.059400817409134006,0.00040798248841658597,0.00038972711532256484,-0.24479209755812578,0.9559663708947354,-0.24710304245524306,0.9535609209757326,0.00214432206711606,0.0033740173174587273,0.0001666228300011909,0.0002976143084240493
550.0,0.7479166666666667,0.0023003079686041584,0.002344063271418546,-0.031165934429558013,0.09711537969079276,0.09349780328867406,0.29134613907237833,0.020173784834396802,0.0034484178409717424,0.004534312112540558,0.00012529444900784257,0.017471262901394048,0.002393564732853563,0.011058777215806587,0.002485584875743341,-0.01906269880439699,0.059400474298089784,0.00038338466143402676,0.00039067721190309097,-0.3039324608932335,0.9543749192938797,-0.3061078377712306,0.952357858609856,0.0020185502096892395,0.0031559824812677035,0.0001568266683078719,0.0002794594433152036
550.0,0.7520833333333333,0.002152263012875975,0.0023497577250483135,-0.03728884467450576,0.09711388847303716,0.11186653402351728,0.29134166541911144,0.020388885069388036,0.003412705922844691,0.004529584549754014,0.0001307643819220592,0.01762001884448631,0.0023623678743853816,0.011214218942308559,0.0024663493397064783,-0.0228077713206859,0.0593995620024363,0.00035871050214599556,0.00039162628750805204,-0.3629100299121986,0.9523056429796806,-0.3649816056130068,0.9506787517808679,0.0019218349810055252,0.0029668928097034675,0.0001497407198025462,0.0002645185362438937
550.0,0.75625,0.0020039343952434614,0.0023554467860591845,-0.04341147347382486,0.09711183705374844,0.13023442042147457,0.2913355111612454,0.0206021607392363,0.0033769359037325356,0.004524422489843738,0.0001365451284686529,0.01776717738933067,0.002331128521559418,0.011368677742287813,0.0024470759052384536,-0.02655267149895543,0.05939830727862548,0.0003339890658739102,0.0003925744643431973,-0.4217710204075985,0.94995754796508,-0.4237586020730156,0.9487216758774972,0.0018432322556298265,0.002812236529551962,0.00014434940978718815,0.00025332497739129564
550.0,0.7604166666666666,0.0018552810667916693,0.0023611288284787935,-0.049533763676250876,0.09710915262373469,0.14860129102875255,0.29132745787120407,0.020813344762170585,0.0033411001306316735,0.004518761010747709,0.0001425837399857979,0.017912503773765402,0.002299837311137519,0.011522010667243242,0.0024277620452002845,-0.030297364304335137,0.059396665617367506,0.0003092135111319451,0.00039352147141313225,-0.4804906798378944,0.9472965452729859,-0.4824170070264619,0.9464525722088402,0.0017854211872070924,0.0026977596764916323,0.0001409060013605456,0.00024638315435503784
550.0,0.7645833333333333,0.001706153999161951,0.002366822378348576,-0.05565528127429013,0.09710521249221699,0.16696584382287039,0.29131563747665096,0.021021425276418013,0.0033049696378734624,0.004512359894651576,0.000148860809986405,0.018055112643823805,0.002268291892485237,0.011673672082499127,0.0024082848125794817,-0.03404158424540805,0.05939425599309756,0.0002843589998603253,0.0003944703963914293,-0.5389308367501506,0.9441538838414723,-0.5408296060154935,0.9437045833058099,0.0017584189826666287,0.002628644354215707,0.00014035028267635536,0.0002440971893109307
550.0,0.76875,0.001556749164505531,0.0023725043641381143,-0.06177633295156036,0.09710054976974483,0.18532899885468115,0.29130164930923447,0.021227683666037014,0.003268785694582009,0.00450552923546667,0.00015536224868795877,0.01819612934437041,0.0022367084310586736,0.011824348793904961,0.0023887722243555202,-0.037785519250596464,0.059391404263716474,0.0002594581940842555,0.00039541739402301903,-0.5972037743922864,0.9407415324356574,-0.5990947574143566,0.9406872775819841,0.0017495012298333439,0.002609970774531772,0.0001414817922367882,0.00024663765102756445
550.0,0.7729166666666667,0.0014070602809271191,0.0023781709683246975,-0.06789690566776593,0.09709515081614645,0.2036907170032978,0.2912854524484393,0.02143207824825224,0.003232569734167404,0.004498260117808057,0.0001620609591534582,0.018335518097102932,0.0022051070407703385,0.011974017631416782,0.002369234851060979,-0.041529161387585584,0.05938810204716543,0.0002345100468211864,0.00039636182805411624,-0.6553050645429931,0.9370551108018781,-0.6572084829453808,0.9373960444534656,0.0017590808580477436,0.0026429444854019464,0.00014433754434025866,0.0002538583060758638
550.0,0.7770833333333333,0.001256864652578431,0.002383830841157248,-0.07401625821568564,0.09708796489534298,0.2220487746470569,0.2912638946860288,0.021633079717331978,0.0031960739963945006,0.004490197026879519,0.00016895596464642552,0.018471946132644777,0.0021732842515547438,0.012121848599504416,0.0023495256266665514,-0.045272057271980096,0.05938370680074148,0.000209477442096405,0.00039730514019287465,-0.7130186221816103,0.9328453396286229,-0.714971131511278,0.9335833885729931,0.0018021959558835133,0.002725772743942255,0.00015031337378402468,0.00026536516158936547
550.0,0.78125,0.0011063861087898912,0.0023894797777016773,-0.08013472468230723,0.09707948376798607,0.24040417404692166,0.2912384513039582,0.021832148710327938,0.0031594330012574196,0.004481680223193279,0.00017602983976392243,0.018606686877875627,0.0021413546056205652,0.0122686339240164,0.0023297218389561804,-0.04901441100839537,0.05937851961936978,0.0001843976847983152,0.00039824662961694625,-0.7704881752366368,0.9283217027305266,-0.7725104870755671,0.9294574944800174,0.0018642559029527605,0.0028564319458188898,0.00015805593597732209,0.0002808644843094427
550.0,0.7854166666666667,0.0009556263332995874,0.0023951181536578784,-0.08625229678072852,0.09706970589309352,0.2587568903421855,0.2912091176792806,0.02202929420549369,0.0031226430052741514,0.004472711447621124,0.00018326227671846675,0.018739747912361705,0.002109314013052488,0.0124143787225545,0.0023098222431165616,-0.052756217520378894,0.059372539557869926,0.00015927105554993135,0.0003991863589429799,-0.8277109741017586,0.9234887634370079,-0.8298237037649031,0.925022911195288,0.001945171952119898,0.0030289179623769597,0.00016755771102454716,0.00029975071409746887
550.0,0.7895833333333333,0.0008043998124370058,0.0024007454325553493,-0.0923682615069342,0.09705773456998323,0.27710478452080267,0.29117320370994976,0.022223224481669173,0.0030855128039064894,0.004462982600742995,0.0001906102307471261,0.018869997992122113,0.002076984877698501,0.012558387469516215,0.0022897282242545936,-0.05649704052179256,0.05936521823814317,0.00013406663540616758,0.0004001242387592248,-0.8844750187417778,0.9181718358857611,-0.8867126750553059,0.9201061326746871,0.00205764366793969,0.003234800287695847,0.0001800126455889191,0.00032133958378407254
550.0,0.79375,0.0006528685632543167,0.0024063555222682224,-0.09848289065178222,0.09704392962586947,0.2954486719553466,0.2911317888776084,0.022415002285554684,0.0030481723835047267,0.004452751184481421,0.00019810195978282465,0.01899837067391092,0.0020444886300123553,0.012701229558944429,0.002269507767728696,-0.06023704662156562,0.05935677528741347,0.0001088114272090526,0.0004010592537113703,-0.9409062162202458,0.9125130852273858,-0.9432916523452771,0.9148481288887217,0.0021910194071183054,0.003470201574807047,0.00019441671791322417,0.000345255535656884
550.0,0.7979166666666667,0.0005010663985164679,0.0024119491970999115,-0.10459631317862421,0.09702849462602214,0.3137889395358726,0.2910854838780664,0.02260486287082397,0.0030106501600963894,0.004442073334108233,0.0002057240185493608,0.019125072000827494,0.002011850614502443,0.012843031646675766,0.002249176263262321,-0.06397631472049685,0.059347335210277186,8.351106641941122e-05,0.00040199153284998547,-0.9970357519880063,0.9065574812961152,-0.9995893166449733,0.9092936808343767,0.002343010153161931,0.0037294185459734916,0.00021055450380564724,0.00037102802853176666
550.0,0.8020833333333334,0.00034884023257856963,0.0024175114909166244,-0.11070775321644948,0.09701050403336615,0.33212325964934863,0.29103151210009837,0.022791705346379275,0.0029728476423630376,0.004430698592824231,0.00021346052228181416,0.019249146425610163,0.001978993583772825,0.012983192384850751,0.0022286706563918956,-0.06771437037557952,0.0593363317527098,5.814003876309494e-05,0.00040291858181943735,-1.052665064685429,0.9001567912553196,-1.0554187583228771,0.9032947962700867,0.002524283797248209,0.004006600321545395,0.00022940984019961255,0.00039814154467512854
550.0,0.80625,0.00019627493593994493,0.0024230419410942532,-0.11681700558307949,0.09698957578913496,0.35045101674923845,0.29096872736740487,0.02297602179592357,0.002934737757050115,0.004418742221385487,0.00022133209033964966,0.019371023405644453,0.0019459071018312164,0.01312197822753049,0.0022079671981060987,-0.07145108780907203,0.05932353168020855,3.271248932332418e-05,0.0004038403235157087,-1.1078341400467488,0.8933360157693939,-1.110814247150224,0.8968762374211074,0.0027296064451724253,0.004300896829100444,0.000250500658303144,0.00042658037388176656
550.0,0.8104166666666667,4.344255332150582e-05,0.002428545574827764,-0.12292449437834066,0.09696633343541616,0.3687734831350219,0.29089900030624843,0.02315834128493626,0.0028963944398971847,0.004406324757043629,0.00022931360919816216,0.019491162279426537,0.0019126462134995451,0.013259678047795102,0.00218711452485156,-0.07518672642525778,0.05930931637683344,7.2404255535845425e-06,0.0004047575958046273,-1.1626313278401688,0.8861959858737101,-1.1658586108175268,0.8901385403963566,0.0029539235487575735,0.004608555767991283,0.0002733594286009349,0.0004560659441719305
550.0,0.8145833333333333,-0.00010977449037995448,0.002434006308247033,-0.12902934638203845,0.09693975164926558,0.38708803914611545,0.2908192549477966,0.02333776670110024,0.0028577162761239234,0.004393236013326199,0.00023738486936680951,0.019608780068473507,0.0018791212112555288,0.013395806115721684,0.002166055715912551,-0.0789207520038211,0.059293058885210075,-1.8295748396658956e-05,0.0004056677180411723,-1.216870460565031,0.8786101050614995,-1.2203749689736219,0.8829552349637836,0.00320572640358492,0.004926502193913784,0.0002987820050062094,0.0004863804577518203
550.0,0.81875,-0.00026334355679276074,0.002439432071519304,-0.1351311059862432,0.09690922570326316,0.4053933179587295,0.2907276771097895,0.02351441710680738,0.002818547550690455,0.004379508409022685,0.00024558072839774643,0.019723983886155906,0.0018451983635005983,0.013530423697589009,0.0021447058513927356,-0.08265288600074823,0.059274389183129376,-4.389059279879341e-05,0.00040657201191988414,-1.2705200168196495,0.8705698623223421,-1.2743300535149176,0.8753187271784616,0.0034834192530996976,0.005254043286685677,0.0003266174421679539,0.0005175003554151118
550.0,0.8229166666666666,-0.0004171662121126736,0.0024448218689683185,-0.141230612398484,0.09687592262214892,0.42369183719545184,0.2906277678664467,0.023689063694620684,0.0027791088736922043,0.004365322651225814,0.0002538753711672795,0.019837446827175347,0.001811068601243938,0.013663948329677326,0.0021231884884551364,-0.08638364183725124,0.05925402084198191,-6.952770201877891e-05,0.0004074703114947197,-1.32374200968779,0.8622219183685875,-1.3278779881618803,0.8673744092407404,0.003779789701171701,0.005588874938325833,0.0003561887729183174,0.0005492062989290043
550.0,0.8270833333333333,-0.0005713285040843508,0.0024501501757934452,-0.1473270698018388,0.0968389734892668,0.4419812094055164,0.29051692046780037,0.023861020686728202,0.002739396071211042,0.004350525812783153,0.0002622578471638903,0.019948575837564084,0.0017767373454805663,0.01379600322967192,0.0021014933781813823,-0.0901125328608469,0.05923142216906824,-9.522141734739189e-05,0.00040835836263224085,-1.3763878689698328,0.8534747512515531,-1.3808771598001535,0.8590300377144089,0.0041012085979793625,0.005929035149793338,0.00038808223234067154,0.0005813162352206877
550.0,0.83125,-0.0007258642296036459,0.0024554116218714716,-0.15341925561781752,0.09679687535455292,0.4602577668534526,0.29039062606365873,0.024029849326661756,0.0026991694264324687,0.004335025137249618,0.0002707607301036438,0.020056995080936856,0.0017420120002421397,0.013926343738610162,0.0020794761735991162,-0.09383881118675451,0.05920567396726036,-0.00012097737160060755,0.00040923527031191194,-1.4283048008721104,0.8442287520467102,-1.433178565513682,0.8501870033373639,0.004451146943254846,0.0062746099969038386,0.0004226176983154216,0.0006138369262254308
550.0,0.8354166666666667,-0.0008806456152374809,0.002460617714647842,-0.15950823293068372,0.09675087627501625,0.47852469879205123,0.2902526288250487,0.024196545837611872,0.0026586055601898455,0.004319044996916346,0.00027936336556754415,0.02016356764863586,0.0017070418346975783,0.01405551563749711,0.002057239798683157,-0.09756312693252639,0.05917753985957052,-0.00014677426920624675,0.00041010295244130695,-1.4797105089983447,0.8346392723327676,-1.4849897053152716,0.8409997817870537,0.004820262911874843,0.006625042565214841,0.0004589334050528113,0.0006467416016226976
550.0,0.8395833333333333,-0.0010357231714904233,0.002465749919967817,-0.16559309419722928,0.09669985206770271,0.4967792825916879,0.2900995562031081,0.02436062569909432,0.0026176274908749297,0.004302476576074285,0.00028807020660151397,0.020267873988615306,0.001671772675199108,0.01418325326293848,0.0020347319841623464,-0.1012849249095932,0.05914633238691482,-0.0001726205285817372,0.0004109583199946361,-1.5304801603448652,0.8246198415887698,-1.536190340585737,0.8313815227938407,0.005212758591888635,0.006979888140495031,0.0004974216489831693,0.0006799950531624959
550.0,0.84375,-0.0011911811346615871,0.002470790923265538,-0.17167217469154808,0.09664227613600956,0.5150165240746445,0.2899268284080287,0.024521252697689778,0.002576016031201687,0.0042851298984316315,0.0002968757777412823,0.02036918847517159,0.001636001898208152,0.01430909965627913,0.0020118378685860614,-0.10500318691872243,0.05911111808309789,-0.00019853018911026454,0.000411798487210923,-1.5803645978706176,0.8140618895783037,-1.5865391677292051,0.8212246767973164,0.005635816550390651,0.007337647738795718,0.0005387533081951755,0.0007135082959554202
550.0,0.8479166666666667,-0.001346867266643023,0.002475761114438962,-0.1777472049785784,0.09658005600573483,0.533241614935735,0.2897401680172045,0.024679700112311884,0.0025340264213315317,0.004267298717726747,0.0003057791879087684,0.020468619167719356,0.0015999543370049407,0.014433747446412879,0.001988702324447658,-0.10871897165514531,0.05907306323835118,-0.000224477877773837,0.00041262685240649373,-1.629673882382584,0.8031631358804069,-1.6363335391875844,0.810725811318805,0.006077815902238447,0.007698288093021454,0.0005818409027610897,0.0007472659334593398
550.0,0.8520833333333333,-0.001502796817388543,0.00248065128919258,-0.18381775346552176,0.09651268405520372,0.5514532603965651,0.2895380521656112,0.024835792305120175,0.002491631482754886,0.004248945765058476,0.0003147860304698226,0.02056601551845788,0.0015636149787527746,0.01455709879172445,0.001965305545978594,-0.11243201517392735,0.05903185730828692,-0.0002504661362314238,0.00041344188153209663,-1.6783573725374694,0.7918939113615091,-1.6855243792735963,0.799854921076599,0.006540191017859491,0.008061490940806283,0.0006268157182675388,0.0007812419059302863
550.0,0.85625,-0.0016591145550815172,0.0024854050720847223,-0.1898806244381213,0.09643714667739754,0.569641873314364,0.28931144003219256,0.024988029827833606,0.0024485849644389013,0.004229748823609636,0.0003238975175672594,0.02066008941564306,0.0015267882130508468,0.01467832126386267,0.0019414931579718462,-0.11614036284811748,0.05898565657684611,-0.00027651909251358623,0.00041423417868078705,-1.7259824463817643,0.7800486877500344,-1.7336929055664743,0.78840653684233,0.007035615970135836,0.008425455698874963,0.0006748432145738999,0.0008152437649111397
550.0,0.8604166666666667,0.0017442536519425601,0.0024879398439390326,0.1931770413536568,0.09639273379350251,-0.5795311240609704,0.28917820138050754,-0.02506989259568647,0.002424957993900474,-0.004218823776429862,0.00032722498221988386,-0.020710249958972908,0.0015079769309656354,-0.014743932157083714,0.0019270451569296644,0.1181565266703565,0.05895848202022728,0.0002907089419904267,0.0004146566406565053,-1.7516196616348239,0.7734216594094563,-1.7596359381196547,0.7819960882608543,0.007313118340577711,0.008624607545935498,0.0007031581442526383,0.0008372044647087045
550.0,0.8645833333333334,0.001900870750574137,0.0024925547777322303,0.19923213808329,0.09630836037810664,-0.5976964142498701,0.28892508113431997,-0.025218812631001945,0.002381251381407444,-0.004198873322630989,0.00033652698817488325,-0.020801445224630084,0.0014706992190802834,-0.01486334162507877,0.0019028011883067456,0.12186011809309334,0.058906872128657556,0.0003168117917623561,0.000415425796288705,-1.798294478594325,0.7610417874045191,-1.8068842494371793,0.7700096062001505,0.007835978439608147,0.008991921662462795,0.0007537924032470089,0.0008715384534097601
550.0,0.86875,0.002057847699530175,0.002497004105042116,0.20527790962643022,0.09621444819480764,-0.6158337288792904,0.288643344584423,-0.025363748304988096,0.0023368281515960963,-0.004178049797889127,0.000345914627990358,-0.020889205766988373,0.0014328834354088462,-0.014980551078543394,0.001878102180521783,0.12555800568140216,0.05884942851286027,0.00034297461658836247,0.0004161673508403527,-1.8438074470661447,0.7480721074395911,-1.8530067195264293,0.7574308504988753,0.008391788835266341,0.009359116124891983,0.0008074836250179984,0.0009058518432641431
550.0,0.8729166666666667,0.0022150283502666585,0.002501321465528019,0.21131661579210453,0.09611284682211037,-0.6339498473763133,0.28833854046633106,-0.02550609585694802,0.0022918899366463443,-0.004156671802000773,0.00035541751913082,-0.020974744160403704,0.0013947233269782575,-0.015096322523680396,0.0018530590750940976,0.129251571874866,0.05878728197032994,0.0003691713917111098,0.0004168869109213364,-1.8885371366180892,0.7346959009086342,-1.8983683386022177,0.7444419509727347,0.008968131712979437,0.00972744549080209,0.0008630702711493825,0.000940258556135268
550.0,0.8770833333333333,0.0023723971752242622,0.0025055158319789235,0.21734868605139937,0.09600414573051487,-0.6520460581541981,0.28801243719154446,-0.02564603225934436,0.002246489290915333,-0.004134778456159899,0.00036502626167156393,-0.021058213206166063,0.0013562683154959097,-0.015210753436056651,0.0018277019894635672,0.13294107933989635,0.05872079297578867,0.00039539952920404376,0.0004175859719964874,-1.9325333914275065,0.7209546622687876,-1.9430173645230646,0.7310841773751316,0.00956355535922294,0.010096618759081147,0.0009204177363346937,0.000974731921061631
550.0,0.88125,0.0025300619052038022,0.0025095087634028814,0.22336960796382538,0.09588421600920366,-0.6701088238914765,0.287652648027611,-0.025782044306501335,0.002200328385184307,-0.004112054160143613,0.00037475609352827954,-0.02113831974322301,0.00131729019371526,-0.0153229969807352,0.0018018417460548435,0.1366237680564845,0.05864743568220826,0.0004216769842006337,0.0004182514605671469,-1.9753118284427134,0.7066305329281993,-1.9864821522870388,0.7171390566955803,0.010189725165321881,0.010465223841547772,0.0009805986790041262,0.0010091281860784682
550.0,0.8854166666666666,0.00268791571632416,0.0025133405886717444,0.22938104333009382,0.09575461952807798,-0.6881431299902818,0.28726385858423387,-0.025915108811943213,0.002153464344789534,-0.004088715588907684,0.0003846121832444604,-0.021215907695372065,0.0012778446421487328,-0.015433590656852526,0.0017755135274932895,0.14030065431369787,0.058568165441244,0.0004479859527206933,0.0004188900981119574,-2.017137433092029,0.6918524009371633,-2.029018275473759,0.7027358245775484,0.010838022545761293,0.010834307895280516,0.001042819835968476,0.0010435430987421877
550.0,0.8895833333333333,0.002845925783896157,0.002517034115900973,0.2353845651315021,0.09561718963850081,-0.7061536953945065,0.2868515689155025,-0.02604572371724533,0.002106096801662302,-0.004064865008012845,0.0003945618118386377,-0.02129140147314926,0.0012380998736133113,-0.01554281424960167,0.0017488371748942983,0.14397270022046926,0.058484103849695136,0.00047432096398269296,0.00041950568598349546,-2.0581702194271374,0.6767296370554533,-2.0707816391333784,0.6879830894863657,0.011504683893930518,0.011203445964038676,0.0011067358123105176,0.001077943567698114
550.0,0.89375,0.0030041716777375748,0.0025205026927799506,0.24137592502830563,0.09546831892042423,-0.7241277750849167,0.2864049567612727,-0.02617260094123518,0.0020580915442094116,-0.0040402287547541575,0.0004045860517660924,-0.02136369675686835,0.0011979652709405645,-0.015649950456805267,0.0017217171333439919,0.14763730724846982,0.0583930449603908,0.0005006952796229292,0.00042008378212999176,-2.09799049685902,0.6611040133832534,-2.1113630231214184,0.6727205136047808,0.012199290615647115,0.01157064242742886,0.0011732356467502793,0.0011121425979966962
550.0,0.8979166666666667,0.0031625919622060216,0.0025237531482704646,0.24735482735378997,0.09530755548813197,-0.7420644820613703,0.285922666464396,-0.02629606922657957,0.0020093451937535475,-0.004014888986605797,0.0004147222890577041,-0.021433084096805444,0.0011573746659105134,-0.015755173640525172,0.001694091664406112,0.15129429471533076,0.05829471241261017,0.0005270986603676703,0.00042062552471174394,-2.136665112751585,0.644995512889365,-2.1508252926555476,0.6569680347657675,0.012918204746433772,0.01193680064553004,0.0012419751575291334,0.0011462279824996098
550.0,0.9020833333333333,0.0033211340624405856,0.0025268232331961096,0.25332375447905353,0.09513718874109382,-0.7599712634371609,0.2854115662232814,-0.026416919209505615,0.001960077736337366,-0.003989014445078755,0.0004249592576047222,-0.021500241875464864,0.00111653439400626,-0.015858923546732302,0.0016660870475789795,0.15494518098445548,0.05819050624158402,0.0005535223437400978,0.0004211372055326846,-2.1744529849432985,0.6285432765612697,-2.1894208265116655,0.6408636964106184,0.013655442356228445,0.01230218140187072,0.0013123992121361137,0.0011802282526673395
550.0,0.90625,0.0034798325347582715,0.0025296155816439776,0.25927781254171134,0.09495233382534862,-0.7778334376251345,0.2848570014760459,-0.026534023809548234,0.0019100473084859627,-0.003962383149702835,0.00043533385376208115,-0.021564216162711026,0.0010753120039354155,-0.015960560173082675,0.0016375287414510363,0.15858697285193216,0.05807743849185817,0.0005799720891263784,0.00042160259694066284,-2.2109623846482664,0.6115783835157224,-2.226765945438704,0.6242353431728769,0.014418380455585005,0.012665772040019556,0.0013851803348508683,0.0012140463815756074
550.0,0.9104166666666667,0.0036386694416542654,0.0025321379038580343,0.2652158002600984,0.09475315206787148,-0.7956474007802949,0.2842594562036144,-0.026647271466622952,0.001859163746982633,-0.003934982385133507,0.00044582882228092857,-0.021624919082545397,0.0010336256397437912,-0.016060013625790365,0.0016083753336006935,0.1622189353266727,0.057955607182127854,0.0006064449069423777,0.000422022983976339,-2.2461219810342397,0.59410690397359,-2.2627894253965954,0.6070903421748418,0.015207113798724612,0.013027190756860534,0.0014603305636314205,0.0012476496744261035
550.0,0.9145833333333333,0.0037975870051893674,0.0025344527218859694,0.27114192210438637,0.09454327228313425,-0.8134257663131597,0.28362981684940264,-0.026757805972129716,0.0018077624005273121,-0.003907043102131288,0.0004564141560450147,-0.021683322724471977,0.0009917892695030155,-0.016157929380661663,0.0015788200731866905,0.16584364001501278,0.05782723225198748,0.0006329311675315611,0.0004224087869809947,-2.2803246988174424,0.5763285012440779,-2.297875323466593,0.5896265066204507,0.016013518294168392,0.013387048137908718,0.0015371063549827655,0.0012810938686496189
550.0,0.91875,0.003956595116448418,0.0025364880812248003,0.27705243441919997,0.09431918603969103,-0.8311573032576004,0.28295755811907297,-0.026864868526006787,0.0017556901691703369,-0.0038784167822517894,0.00046710312160516476,-0.021738785517422404,0.0009497500365836789,-0.016253875903426498,0.0015487440603094993,0.16945879706696582,0.057690167881986734,0.00065943251940807,0.0004227480135374667,-2.313297345444028,0.5581459647167453,-2.3317554535646656,0.5717432213618754,0.01684217681643047,0.013744471267516555,0.0016159313042077123,0.0013142906171048241
550.0,0.9229166666666667,0.004115697378078459,0.00253818095538798,0.28294254187691403,0.09407814167397635,-0.8488276256307423,0.28223442502192897,-0.026967543768232537,0.0017027683965565607,-0.003848924283964772,0.00047788058329050544,-0.021790533531927312,0.0009073805911046984,-0.016347332608997175,0.0015180416750156637,0.1730614736400228,0.05754273191320226,0.0006859495630130764,0.00042303015923132986,-2.3446917352630887,0.5394657616679657,-2.364087379899716,0.5533458401593933,0.01769836074007366,0.014097827208037692,0.0016972838965537184,0.001347078288885903
550.0,0.9270833333333334,0.004274829448054475,0.0025396128949035876,0.28881800790870393,0.0938242179779168,-0.8664540237261116,0.2814726539337504,-0.027067306727858346,0.0016493579664867927,-0.003818869491722678,0.0004887539586168795,-0.021839824649788443,0.0008650794881101499,-0.016439127621661366,0.0014869094165174284,0.17665519498939164,0.05738741872714198,0.0007124715746757459,0.0004232688158172646,-2.3750282089143724,0.5205233456022895,-2.3953803240180007,0.5346663563521719,0.018571893613834805,0.014448611013568183,0.0017802214897936499,0.0013796065808874165
550.0,0.93125,0.004433984119850566,0.002540735929672354,0.29467642771458813,0.09355505541048742,-0.8840292831437644,0.2806651662314623,-0.02716375467670206,0.0015953928307661043,-0.0037881790398623955,0.0004997412651095109,-0.02188632222181926,0.0008229175067392298,-0.016529028046948373,0.001455275366937552,0.18023849028334885,0.057222785128877435,0.000738997353308428,0.0004234559882787256,-2.4041569104990597,0.5012892057495696,-2.425486696506679,0.5156703944346975,0.019464854915021323,0.014796307371990005,0.0018649310925961888,0.001411825315240066
550.0,0.9354166666666667,0.004593148986039362,0.0025413986212349674,0.3005077690435978,0.09326362434225596,-0.9015233071307933,0.27979087302676786,-0.027255097289343586,0.0015404843652379505,-0.0037565213289323398,0.0005108504308115246,-0.0219285258205539,0.0007806856179146878,-0.016616002409833974,0.0014228809536233357,0.18380522316072959,0.057044530579079766,0.0007655248310065601,0.00042356643687249456,-2.4314012394621067,0.48155851111979986,-2.453740567112264,0.49614865331690766,0.02038701842936854,0.015138195252439283,0.0019523092207861218,0.0014434915524870469
550.0,0.9395833333333333,0.00475228154524998,0.002541771039341954,0.306321819392808,0.09295776899448119,-0.9189654581784231,0.2788733069834435,-0.02734342241152744,0.0014850931933526156,-0.0037243029288107623,0.0005220599984063517,-0.02196819926419429,0.0007388736681474346,-0.01670123955188426,0.0013900050853851813,0.1873613799847756,0.05685745300592855,0.0007920469242083303,0.00042362850655699243,-2.45751563324297,0.4616535484291295,-2.4808821549982274,0.47642103595513857,0.021325354478518514,0.015477090782223566,0.0020411672767374264,0.0014748747290198277
550.0,0.94375,0.004911376814579566,0.002541849890980797,0.31211834131373617,0.09263731094973991,-0.9363550239412085,0.2779119328492197,-0.027428716966260296,0.0014292676176740269,-0.0036915227093890224,0.0005333702463602697,-0.022005332506802273,0.0006977029905430245,-0.01678473102537605,0.001356650389607183,0.1909068155097257,0.05666144326594557,0.000818562802429928,0.0004236416484967995,-2.482493153750339,0.44162236644802827,-2.506904448880964,0.4565293487368197,0.022279795789903033,0.01581297194802479,0.0021314993407210354,0.0015059726222246268
550.0,0.9479166666666666,0.005070395981166044,0.0025413859296697858,0.3178822443994014,0.09229192292757529,-0.9536467331982043,0.27687576878272585,-0.027508413795131675,0.0013726645420821968,-0.003657699655563041,0.0005447525272179823,-0.022037770164215504,0.0006571460593574711,-0.016865001704230838,0.0013225438811892227,0.19443229987005659,0.05645018577155045,0.0008450659968610074,0.00042356432161163107,-2.505367986912861,0.4212392387128108,-2.5308563004060316,0.4362362370915902,0.02326378105832026,0.01614067934325921,0.002224532434848897,0.0015362679927810392
550.0,0.9520833333333333,0.005229323929252016,0.0025405865063450445,0.32362573943603806,0.09193065248872324,-0.9708772183081145,0.27579195746616975,-0.027584880789213406,0.0013157800774599817,-0.0036232904771224977,0.0005562159046390703,-0.02206750953085727,0.000617876885733725,-0.016943402997693358,0.0012879757369182265,0.197945301867247,0.056229214394565505,0.0008715539882086698,0.0004234310843908408,-2.5270143048391085,0.40086670626634313,-2.5535967747959583,0.4158978873990486,0.024263478012609682,0.01646409945768835,0.0023189919442376207,0.0015661333825413726
550.0,0.95625,0.005388156046960454,0.002539450071788094,0.3293488903628608,0.09155351763810837,-0.9880466710885821,0.27466055291432506,-0.027658158664957057,0.0012587389671030627,-0.0035883048952060734,0.0005677606751425565,-0.022094586271489698,0.0005803806195832688,-0.017019956822759506,0.0012529701943598485,0.201445860609248,0.05599854008784405,0.0008980260078267423,0.0004232416786313491,-2.547447265525134,0.3806076717560432,-2.575140638222361,0.3956043952035219,0.025278528459057537,0.016783161913776105,0.002414844238169768,0.0015955648239678569
550.0,0.9604166666666667,0.005546765002566539,0.002537651576389279,0.3350338538924752,0.09114585880644589,-1.0051015616774264,0.27343757641933764,-0.027725720722318756,0.0012011522616873329,-0.0035523070404252363,0.0005794392601162336,-0.02211690553317739,0.0005450920207527433,-0.017093184738894575,0.0012171241928547528,0.20492306244385683,0.0557491962007716,0.0009244608337610894,0.00042294192939821315,-2.5657026043435853,0.36032018200644317,-2.5945353256671315,0.3751853477676531,0.02631966813887864,0.01709283006430309,0.002513053184667672,0.0016240836030220777
550.0,0.9645833333333333,0.005705198029194375,0.0025354451855651525,0.34069266730699643,0.0907192245554659,-1.022078001920989,0.27215767366639765,-0.027789513118213458,0.0011435036553761092,-0.0035156508627302973,0.0005911991904694845,-0.022136093737082176,0.0005127396928047034,-0.017164212606440323,0.0011807688597235424,0.20838426953468414,0.05548824533626252,0.0009508663381990622,0.0004225741975941921,-2.582504458730533,0.3403414533564665,-2.612494400568859,0.3549695515695779,0.02737719053666068,0.017396772089195534,0.002612751301667156,0.00165207607830486
550.0,0.96875,0.0058634653037116504,0.002532869524786196,0.346328131561629,0.09027559565442239,-1.0389843946848871,0.2708267869632671,-0.02784999377057555,0.0010861295846291048,-0.003478418751881958,0.0006030295682946858,-0.022152532938439252,0.0004843045682755672,-0.017233305963914907,0.001144015393249445,0.2118311950903,0.05521689921767149,0.000977244217285275,0.0004221449207976992,-2.5980297198119753,0.32092261769597813,-2.6291922462700543,0.33518216046517596,0.02844879667284872,0.01769549592859271,0.0027137297852293514,0.0016795844235945388
550.0,0.9729166666666667,0.006021420406716832,0.0025296434636454287,0.35192403231439134,0.0898025249455697,-1.0557720969431736,0.2694075748367091,-0.027905058556179807,0.0010288604390180428,-0.0034402536756857945,0.0006149484775426964,-0.022164482837561793,0.00046072896766388797,-0.01729922943140306,0.0011065460909351437,0.2152539215990422,0.0549275446606091,0.001003570067786138,0.00042160724394090475,-2.61146851233328,0.3021107897130705,-2.643827512272469,0.3158254528664998,0.029542300306663313,0.017984395544253687,0.002816699632525094,0.0017061621163443716
550.0,0.9770833333333333,0.006179097262898558,0.0025259212672015556,0.35748703107182284,0.08930734818098478,-1.0724610932154688,0.2679220445429543,-0.02795573575166116,0.0009721574093531862,-0.003401339271895865,0.0006269148442796916,-0.022172800387332468,0.00044299446517074664,-0.017362580258785114,0.001068582310524843,0.2186565239092058,0.054624669823954954,0.0010298495438164257,0.00042098687786692595,-2.623205650335998,0.28425929866768884,-2.6567796768313383,0.2972235539739229,0.030652824603218977,0.018265346675672263,0.0029212018921224874,0.001731951243863786
550.0,0.98125,0.006336525537789072,0.002521771616142442,0.36302279020288725,0.08879325036707908,-1.0890683706086615,0.2663797511012371,-0.028002894276032593,0.0009166507052735861,-0.0033618332869549154,0.0006389346562569595,-0.022178211549857087,0.0004323998153729479,-0.01742386132100813,0.0010302991847566426,0.22204246538042613,0.054310222603595124,0.0010560875896315118,0.00042029526935707354,-2.6335813445683485,0.2678510639761155,-2.6683845118351583,0.2798113680364593,0.03177630244590514,0.018539601241628883,0.003026864820906412,0.0017570796758954227
550.0,0.9854166666666667,0.00649353422214229,0.0025169207073888248,0.36851607763359484,0.08824817150035637,-1.1055482329007844,0.2647445145010691,-0.028044766472171873,0.0008625748075127196,-0.003321455485779007,0.00065104282486993,-0.022179268246669458,0.0004300450384717904,-0.017482020851862273,0.0009914400250423724,0.2254024295133772,0.0539768267619459,0.001082255703690381,0.0004194867845648042,-2.6419174832103676,0.253248737612332,-2.6779696093972416,0.26388302849155526,0.032917978479885694,0.018802746695009063,0.003134147706986944,0.0017811170326840504
550.0,0.9895833333333334,0.006650100688533758,0.0025114201086949466,0.37396666578751975,0.08767473735571635,-1.121899997362559,0.2630242120671491,-0.0280814513986613,0.0008104487266252607,-0.003280232503296206,0.0006632084207918937,-0.022176059356503148,0.00043608670182538787,-0.017537110062604604,0.0009521034273590445,0.2287362767183599,0.05362608693641773,0.0011083501147556264,0.0004185700181158245,-2.6482419513106867,0.240897076362505,-2.6855615588554325,0.2498470812032281,0.034076652297737514,0.01905505809670735,0.003242955247007505,0.001804143492274767
550.0,0.99375,0.006806318230583555,0.002505438324867656,0.37938569346151246,0.08708016183166147,-1.1381570803845371,0.26124048549498435,-0.02811444010868828,0.0007613264722525905,-0.0032384168130641443,0.0006754296204195637,-0.022169817738942724,0.0004506122281537,-0.017590004761290357,0.0009125633070264487,0.2320508199426731,0.053262415443252,0.0011343863717639259,0.00041757305414460923,-2.6531344639694154,0.2314744066457963,-2.691733740657082,0.23836155644657314,0.03524651012820514,0.01929972051900547,0.003352766559463359,0.001826463705185241
550.0,0.9979166666666667,0.00696204430255369,0.002498801487164394,0.3847621240747106,0.08645653271658178,-1.1542863722241319,0.25936959814974536,-0.028142568310580374,0.0007159090847810282,-0.00319583091194876,0.0006877257800088388,-0.022159594601781574,0.0004732362137668246,-0.017640007183052468,0.000872662622174466,0.23533930858661498,0.0528809724033893,0.0011603407170922828,0.000416466914527399,-2.656145381200579,0.2254539395306979,-2.696039378799434,0.2299018735431953,0.03643017950692697,0.019534091382668744,0.003463818091929615,0.0018478373845737491
