period,full_local_log_factor,full_cumulative_lambda,full_x_rms_half_separation,full_end_local_norm,phase_only_local_log_factor,phase_only_cumulative_lambda,phase_only_x_rms_half_separation,phase_only_end_local_norm,kappa_only_local_log_factor,kappa_only_cumulative_lambda,kappa_only_x_rms_half_separation,kappa_only_end_local_norm,open_local_log_factor,open_cumulative_lambda,open_x_rms_half_separation,open_end_local_norm
1.0,-1.8984544148004652,-1.8984544148004652,3.7023685599618315e-07,1.4979996900631622e-07,-1.8991711468573733,-1.8991711468573733,3.7041030556755066e-07,1.496926410336994e-07,-1.8422136749669584,-1.8422136749669584,3.746233461437976e-07,1.584662447906435e-07,-1.84218237260989,-1.84218237260989,3.748090507114636e-07,1.5847120523525762e-07
2.0,-2.122042488096268,-2.0102484514483665,3.4705883639684415e-07,1.1978671554022368e-07,-2.1140550715159465,-2.00661310918666,3.478032133097375e-07,1.207473332577896e-07,-1.8996402099880811,-1.87092694247752,3.407259723032951e-07,1.4962244219998168e-07,-1.8810594672306082,-1.8616209199202491,3.4155814870633966e-07,1.5242852714900596e-07
3.0,-1.733232818912766,-1.9179099072698331,5.591416733514172e-07,1.7671220698922123e-07,-1.9318998499073037,-1.9817086894268747,5.402847962946268e-07,1.4487270047763081e-07,-2.010985845567596,-1.9176132435075453,3.372127571349767e-07,1.338566476177431e-07,-1.9231931629878076,-1.8821450009427687,3.2985188863228804e-07,1.461395688338942e-07
4.0,0.8492570862893744,-1.2261181588800312,1.8273645622209554e-06,2.337909341694013e-06,0.975474571789883,-1.2424128741226852,2.0621964447691234e-06,2.652425678746884e-06,-2.8358163749259546,-2.1471640263621476,4.153552168211679e-07,5.8670609063437395e-08,-1.9305052726124754,-1.8942350688601954,3.5100395449823913e-07,1.450748775994022e-07
5.0,-0.00928604564030906,-0.9827517362320867,8.143423926853269e-07,9.907569365347973e-07,-0.03699193960199726,-1.0013286872185476,8.043424935303031e-07,9.63683902994519e-07,0.7947013786308368,-1.5587909453635507,2.0042663626321002e-06,2.2137798161301444e-06,-1.8886218870455098,-1.8931124324972584,3.8652630547592753e-07,1.512801463766965e-07
6.0,-0.13942652073781706,-0.8421975336497084,7.773709657568061e-07,8.69856937303017e-07,-0.11019978942165849,-0.8528072042523994,7.871638115903152e-07,8.956551749914145e-07,-0.2383215604628596,-1.3387127145467688,7.683731396202209e-07,7.879492770185405e-07,-1.8424267790869169,-1.8846648235955348,3.9818019093675707e-07,1.5843247857899147e-07
7.0,0.27635559366625123,-0.6824042297474284,9.461175887304204e-07,1.3183165657108885e-06,0.25401142856133374,-0.6946902567075804,9.321685218874137e-07,1.2891865377323193e-06,0.2811938523373199,-1.1072974907061848,9.606947536056314e-07,1.3247103772506263e-06,-1.8430558108708963,-1.8787206789205864,3.73577755361742e-07,1.583328508521391e-07
8.0,-0.3089911877562081,-0.6357275994985259,7.142740323255344e-07,7.341872398354371e-07,-0.31944573031801876,-0.6477846909088852,7.12548085902544e-07,7.26551631032773e-07,-0.24599506357710713,-0.99963468731505,7.19402523195329e-07,7.819260848345579e-07,-1.8827021825513133,-1.8792183668744271,3.406364446251963e-07,1.5217833602480422e-07
9.0,0.24941663069440675,-0.5373782405881999,9.48714073068766e-07,1.2832765741204494e-06,0.2715993183639859,-0.5456309121007884,9.604730458519363e-07,1.3120611771564006e-06,-0.0005504372797122208,-0.8886253262000126,8.274529507787362e-07,9.994497141840952e-07,-1.9242491940104203,-1.8842217921117599,3.300540315169039e-07,1.4598532237443218e-07
10.0,-0.03521430695151389,-0.4871618472245314,7.900111832737397e-07,9.653985024777312e-07,-0.0721583818301524,-0.49828365907372485,7.768408851734443e-07,9.303835282963207e-07,0.09114923905199561,-0.7906478696748117,8.476489800663102e-07,1.0954324743652696e-06,-1.9297642156622794,-1.8887760344668116,3.522204527465403e-07,1.4518242619063974e-07
11.0,-0.15777384253095453,-0.457217483161479,7.703244450514393e-07,8.540429083126302e-07,-0.12083318429799804,-0.46396997954865876,7.827972405586756e-07,8.861817762994599e-07,-0.34515836541626677,-0.7501488238331259,7.060465685707831e-07,7.081082047378973e-07,-1.8866847613168167,-1.888585918725903,3.8756128542461424e-07,1.5157347905990063e-07
12.0,0.2842758369238561,-0.3954263731543677,9.517929644368318e-07,1.3287994121495183e-06,0.25790755671440563,-0.40381351819340344,9.350506739836401e-07,1.2942191712228508e-06,0.2822890798565262,-0.6641123318589882,9.659071975351337e-07,1.3261620313113993e-06,-1.843220333708447,-1.8848054533077818,3.9791067350741784e-07,1.5830680362498005e-07
13.0,-0.30486255640821897,-0.38845992571235627,7.148953724478658e-07,7.372246942392496e-07,-0.31844205723948893,-0.39724648273540997,7.126915890249871e-07,7.272812174168623e-07,-0.2627865585654748,-0.6332411185287179,7.169604687074624e-07,7.689059961973988e-07,-1.8545454338896472,-1.8824777595063868,3.7302908899086134e-07,1.5652407704712877e-07
14.0,0.2388792337226886,-0.34364998575271016,9.431002895117339e-07,1.269825175265602e-06,0.268186629057068,-0.34971554617880446,9.586417032149069e-07,1.3075911517493768e-06,0.02872821679363952,-0.5859575945771208,8.405568579923709e-07,1.0291448521755189e-06,-1.9065352745231883,-1.8841961534361586,3.432601229911797e-07,1.4859433431340754e-07
15.0,-0.0227758578708076,-0.32225837722725,7.947062975888951e-07,9.774815540186658e-07,-0.0674062267975322,-0.3308949248867196,7.785090684519773e-07,9.348153771386122e-07,0.06883787248123617,-0.5423045634398971,8.36738996883899e-07,1.071262513936082e-06,-1.7372740324820521,-1.8744013453725514,3.3214974230730047e-07,1.7599951625814105e-07
16.0,-0.17093302984217087,-0.31280054301568255,7.658165010303391e-07,8.428780192563305e-07,-0.12632694020046661,-0.3181094258438288,7.808319275297139e-07,8.813266585622803e-07,-0.33275137246030334,-0.5292074890036724,7.099550185417275e-07,7.169484251219619e-07,-0.8658541269065385,-1.8113671442184256,3.6012321219276964e-07,4.2069207470933853e-07
17.0,0.2912952342206062,-0.27726549729590083,9.566304788269402e-07,1.3381595961433596e-06,0.26117719305894294,-0.28403374237895984,9.371548733181661e-07,1.2984577227479086e-06,0.2821779035426385,-0.48147893650094825,9.647156316e-07,1.3260146017006326e-06,-0.02347936897631912,-1.7061972750865368,7.066035657885708e-07,9.76794126724701e-07
18.0,-0.3002497873264555,-0.27854240229759836,7.155782345788371e-07,7.406331967889988e-07,-0.3174628545935564,-0.2858909152797708,7.127465181829662e-07,7.27993721895498e-07,-0.2809452341920975,-0.4703381752615676,7.124742020808552e-07,7.550696863500416e-07,-0.1012226357591205,-1.617032017346125,7.476631304969511e-07,9.037318074706151e-07
19.0,0.2277919730333428,-0.2518932246486014,9.372210385254947e-07,1.2558240529902869e-06,0.2646519632086936,-0.2569149743066937,9.567313637846486e-07,1.3029774127780568e-06,0.05669403191090771,-0.44259963804196367,8.531531769351211e-07,1.0583319450500025e-06,-0.23688469531522185,-1.5443926846076563,7.371227049026651e-07,7.890822676552448e-07
20.0,-0.01030697628403274,-0.23981391223037302,7.99523630830373e-07,9.897459585748087e-07,-0.06264404928640632,-0.24720142805567935,7.801959956441565e-07,9.392777507791111e-07,0.04598173629384984,-0.418170569325173,8.25974361978318e-07,1.0470552876732567e-06,0.23751809507323474,-1.455297145623612,9.322188940095548e-07,1.2680979429095268e-06
21.0,-0.1836964489791636,-0.23714165207555352,7.6149765855757e-07,8.321883771225273e-07,-0.13177927379395743,-0.24170513499559734,7.788933957191249e-07,8.765344478525561e-07,-0.318027105914962,-0.4134018329723058,7.145135845065185e-07,7.275830663433079e-07,-0.3586407523713673,-1.4030754126116003,6.960324699024498e-07,6.986252857529887e-07
22.0,0.29783925976059095,-0.21282433790118335,9.612342441110176e-07,1.3469452621752577e-06,0.26438713529034563,-0.21870094089169087,9.392358423879422e-07,1.302632393669539e-06,0.27966128163572324,-0.38189896412648633,9.620141349071446e-07,1.322681719865858e-06,0.19193908756802452,-1.3305747535125265,9.197603311270458e-07,1.2115967134159707e-06
23.0,-0.29508300411195454,-0.21640080164947773,7.164178619599144e-07,7.444697908481363e-07,-0.31638914451448685,-0.22294825409268199,7.128257801638464e-07,7.287757958774203e-07,-0.2978580871676882,-0.37824501295436463,7.085024912164486e-07,7.424066893091198e-07,-0.09279141064538653,-1.2767580864313464,7.693091472644593e-07,9.113835853853805e-07
24.0,0.21620276285597623,-0.19837565312841712,9.311298283832621e-07,1.2413540539791446e-06,0.261027930712264,-0.20278257972580924,9.547747495940707e-07,1.2982639263647592e-06,0.08389281524992916,-0.3589892701125191,8.658064015192704e-07,1.0875123228261885e-06,-0.19654188970146655,-1.2317490782342682,7.527769867339063e-07,8.215669153824241e-07
25.0,0.002180582852642053,-0.19035340368917478,8.044610716801983e-07,1.0021829620534661e-06,-0.0578705367554357,-0.1969860980069943,7.819025050115652e-07,9.437721233301435e-07,0.02275768333397635,-0.3437193919746593,8.154633528877217e-07,1.0230186150512557e-06,0.21909094961061779,-1.1737154771204727,9.200944907962214e-07,1.2449444987573493e-06
26.0,-0.1960506176150756,-0.19057252730170943,7.573661086582939e-07,8.219706274331649e-07,-0.13718760102041472,-0.19468615581520277,7.769820722646704e-07,8.718066589719506e-07,-0.3010987656153327,-0.34208013711468516,7.197309077543058e-07,7.400046821203082e-07,-0.3676117561459217,-1.1427114878522209,6.947783064769153e-07,6.923859441008168e-07
27.0,0.3038753894675924,-0.17225964149543901,9.655796735321599e-07,1.3551001858141182e-06,0.26753610329739214,-0.17756681288510667,9.412923921104018e-07,1.3067408066377272e-06,0.27482380453964783,-0.3192318429793395,9.578827598108356e-07,1.316298728575154e-06,0.21652229622739938,-1.092369495849272,9.328267328935555e-07,1.241750771403995e-06
28.0,-0.28937903966962286,-0.176442477144517,7.174136740213578e-07,7.487283538634342e-07,-0.31522184159542643,-0.18248306391047525,7.129293337464962e-07,7.296269946980693e-07,-0.3133752086691775,-0.31902267746826224,7.050511638873177e-07,7.309755927298912e-07,-0.12385674931440646,-1.0577797549015981,7.583544704969805e-07,8.835063947157256e-07
29.0,0.20414623773159477,-0.16331872835568556,9.248553153501851e-07,1.2264774976307804e-06,0.2573175382403,-0.1673175259052761,9.527735051823762e-07,1.2934557832309427e-06,0.11010925752204431,-0.304225024537562,8.783793103728728e-07,1.116400038898742e-06,-0.16138169767239158,-1.0268694770661084,7.648894694273788e-07,8.509671969117418e-07
30.0,0.014670935940629659,-0.15738573954580837,8.095143996636757e-07,1.0147790823447663e-06,-0.05308717215886578,-0.1635098474470624,7.836282368073395e-07,9.482973437533915e-07,-0.0007333742131687308,-0.2941086361934156,8.052540592023902e-07,9.992668946409715e-07,0.19778406856041295,-0.9860476922118909,9.068840889589892e-07,1.2186992099342217e-06
31.0,-0.20793605674635718,-0.15901639493937447,7.534311186071484e-07,8.122589735337973e-07,-0.14254961741553307,-0.16283371099443242,7.750982523290462e-07,8.671445277553374e-07,-0.28210979483432724,-0.2937215767947353,7.256131219823198e-07,7.541908737257952e-07,-0.37257102899546757,-0.966258122430716,6.946062152758352e-07,6.889607136331787e-07
32.0,0.3093967012064593,-0.14437848568481715,9.696471159639285e-07,1.3626028094797453e-06,0.27062268868774525,-0.14928819850436437,9.433229879619208e-07,1.3107804047956952e-06,0.26777505601731744,-0.27617480701935865,9.524294368435236e-07,1.3070530932170886e-06,0.23743926102785123,-0.9286425791976357,9.440523862293688e-07,1.267997977559133e-06
33.0,-0.2831582071211143,-0.14858393178894735,7.185647821557649e-07,7.534005850937427e-07,-0.3139617878112948,-0.15427830727124103,7.130571163457797e-07,7.305469434244606e-07,-0.3273490978872703,-0.27772554310626507,7.02126058873103e-07,7.208320581499779e-07,-0.15437297860711538,-0.9051798640282259,7.482003447229098e-07,8.569523365094449e-07
34.0,0.1916477061069152,-0.1385771189096573,9.184221545050694e-07,1.2112437280245372e-06,0.25352068279953455,-0.14228421932798294,9.507288947753448e-07,1.2885540301156688e-06,0.13513337671021478,-0.265582633699898,8.907213996572063e-07,1.1446894490842094e-06,-0.1246687802175454,-0.8822236556808529,7.780900590180197e-07,8.827892514307569e-07
35.0,0.027153540047249628,-0.13384195722517425,8.146811065339139e-07,1.0275255569759807e-06,-0.04829444358379575,-0.1395987971638633,7.853731670687875e-07,9.528531842632303e-07,-0.02439599277546579,-0.2586915868163428,7.953859748333627e-07,9.758991842067447e-07,0.17416849854600347,-0.8520410227029428,8.928863616426727e-07,1.190256105348892e-06
36.0,-0.21935728618234263,-0.13621738302954,7.496840790039153e-07,8.030347536718325e-07,-0.14786654224018422,-0.13982845674931665,7.732417087360899e-07,8.625462207482142e-07,-0.2612215508951735,-0.2587618635963103,7.321647972873862e-07,7.701102820917197e-07,-0.3733573771611356,-0.8387442547712259,6.954511232355044e-07,6.884191635911424e-07
37.0,0.3143673433022199,-0.12403941745300595,9.734111660074705e-07,1.3693926813959983e-06,0.2736455939009,-0.1286534824074189,9.453266488197858e-07,1.314748764680654e-06,0.25864027865830375,-0.2447780219137532,9.457798959373726e-07,1.2951678215158201e-06,0.25435299051760885,-0.8092010859796357,9.530578881918033e-07,1.28962695001791e-06
38.0,-0.27644313227396344,-0.1280500415272417,7.198701015463063e-07,7.584767507540858e-07,-0.3126100568199069,-0.13349444489195808,7.132090724982398e-07,7.315351140885433e-07,-0.33961794672640316,-0.2472738094088229,6.997348120495374e-07,7.120423088984707e-07,-0.18410411208815242,-0.7927511656140704,7.388708380625426e-07,8.318491937624141e-07
39.0,0.17873969288050337,-0.12018363808088925,9.118579976281502e-07,1.1957094519718523e-06,0.24963943813820608,-0.12367049917323591,9.486424398826206e-07,1.2835625295489328e-06,0.158758156610391,-0.2368627333570482,9.02670275388958e-07,1.1720544587803165e-06,-0.08692866012372491,-0.7746531526527795,7.922935896508998e-07,9.167424935973694e-07
40.0,0.039613051040782436,-0.11618872085284745,8.199561388380164e-07,1.0404081114576e-06,-0.043493504784164916,-0.12166607431350913,7.871370539760818e-07,9.574387728432069e-07,-0.04813523615410532,-0.2321445459269746,7.858921685986088e-07,9.530048976461976e-07,0.1485817525095357,-0.7515722800237217,8.783992055851594e-07,1.1601876421499297e-06
41.0,-0.23026199548787096,-0.1189709958439456,7.461306595006648e-07,7.943254655519724e-07,-0.1531289069200232,-0.12243346047464362,7.714133297052321e-07,8.580191100822947e-07,-0.23861147033784993,-0.23230227579065446,7.393865054740597e-07,7.87720875851618e-07,-0.36981538535191694,-0.7422611362512386,6.973382197975229e-07,6.908618620851395e-07
42.0,0.31877136104567266,-0.10854855877514517,9.768513703194654e-07,1.3754368105195644e-06,0.27660328247265703,-0.11293258564256503,9.473018703240761e-07,1.3186431384100459e-06,0.2475571582310125,-0.22087705117109097,9.380739025599838e-07,1.2808925738463021e-06,0.26704045265685655,-0.718230146039141,9.595663062121329e-07,1.306093280206605e-06
43.0,-0.26925691667273854,-0.11228596244718222,7.213282469705014e-07,7.63946959723154e-07,-0.31116805249577506,-0.11754271277868619,7.13384973329921e-07,7.325907518204779e-07,-0.3500294960594449,-0.22388059640105268,6.978853098682352e-07,7.046673045041762e-07,-0.212793209002123,-0.7064757986661871,7.303868387539761e-07,8.083232739119385e-07
44.0,0.16544581451062976,-0.10597387660723195,9.05186265118893e-07,1.1799190264985798e-06,0.24567496143963363,-0.10928776563736074,9.465156998264008e-07,1.2784839494173725e-06,0.18078235220143554,-0.2146837112055416,9.14055411264161e-07,1.198154375251601e-06,-0.048653431989873354,-0.6915252903326345,8.073913210070618e-07,9.52511182408409e-07
45.0,0.05203627764911187,-0.10246253984597986,8.253351931538291e-07,1.0534139572031535e-06,-0.0386845141006765,-0.10771880449210108,7.889199939405838e-07,9.62054175801937e-07,-0.07185867147264684,-0.2115098214336995,7.767994803485785e-07,9.306624156668329e-07,0.1213436625668367,-0.6734615358237573,8.636861873198037e-07,1.1290128451580242e-06
46.0,-0.24063914872991352,-0.10546637916954364,7.427681748089046e-07,7.861252495079044e-07,-0.15834538327143674,-0.10881938229165186,7.696122126088644e-07,8.535549274601621e-07,-0.21447344120461703,-0.2115742479504586,7.472750237865596e-07,8.069662434994475e-07,-0.36187428629546026,-0.6666878999644466,7.002947573429181e-07,6.963699055805659e-07
47.0,0.3225886571119678,-0.09635882520610722,9.799468081208056e-07,1.3806972940695104e-06,0.27949478397188815,-0.10055737875412973,9.49247361190678e-07,1.3224615147818275e-06,0.23467659911983776,-0.20207954907662248,9.294588017113564e-07,1.264499762265114e-06,0.2753701289060384,-0.6466441121161385,9.633907940951009e-07,1.3170180511178483e-06
48.0,-0.2616220628259519,-0.09980180932318732,7.229381814850169e-07,7.698019054941022e-07,-0.30963650682128846,-0.10491319392219554,7.135849151740394e-07,7.337136076506085e-07,-0.35844917937715964,-0.2053372497078837,6.965842186551167e-07,6.987591363114763e-07,-0.24016487469491363,-0.6381757946698629,7.227649279835277e-07,7.864981767298626e-07
49.0,0.15181223602624205,-0.09466682880585202,8.984357268205446e-07,1.1639416696013236e-06,0.24162880109006993,-0.09784090830970033,9.44350166620227e-07,1.273321449547941e-06,0.20102884476474442,-0.1970440641064015,9.247038007130604e-07,1.222660038657093e-06,-0.010345730413020412,-0.6253629362156417,8.232342657496359e-07,9.897076025754965e-07
50.0,0.06441021643634305,-0.09148528790100813,8.308133882092e-07,1.0665298170991659e-06,-0.03386909374674332,-0.09656147201844117,7.907215575649448e-07,9.666980431748123e-07,-0.09547817791951689,-0.1950127463826638,7.68128673736998e-07,9.089381963606373e-07,0.09275423014156334,-0.6110005928884976,8.489753630732072e-07,1.0971920453960412e-06
51.0,-0.2504591720953544,-0.09460242288521098,7.395969041261811e-07,7.784432615729864e-07,-0.16350302737343936,-0.09787405153520584,7.678397165701159e-07,8.491639282622198e-07,-0.18900826877513227,-0.19489501152761418,7.558217069284288e-07,8.27779661943379e-07,-0.3495588303967782,-0.6058742838200325,7.043475539481899e-07,7.049990452713801e-07
52.0,0.3257957524801629,-0.08651784258972303,9.826768557662308e-07,1.3851324301168867e-06,0.28231901421534256,-0.09056264642461836,9.511622006940713e-07,1.3262017297156636e-06,0.2201477114205385,-0.18691342070168815,9.200838070912355e-07,1.2462608039471362e-06,0.27930291552040126,-0.588851645371178,9.644457812599836e-07,1.322207800479499e-06
53.0,-0.2535617883345032,-0.08966961515094529,7.246988371585887e-07,7.760317937324598e-07,-0.3080166107829685,-0.09466555141251176,7.138087168824083e-07,7.349031105923437e-07,-0.36473738544560474,-0.1902685898477998,6.958409379549699e-07,6.943789809630253e-07,-0.2659187165222179,-0.5827585712419523,7.160206473355596e-07,7.66501428871579e-07
54.0,0.13784978964333508,-0.0854562928399401,8.916248165477365e-07,1.1478031254088019e-06,0.2375020816256088,-0.08851429894884287,9.421471018427075e-07,1.2680776364521222e-06,0.21931382018274395,-0.1826837304027897,9.344415191586236e-07,1.2452219911713505e-06,0.02748891656927077,-0.5714576918380407,8.396279341586077e-07,1.0278702227167353e-06
55.0,0.0767185338727664,-0.08250765962698181,8.363839912390095e-07,1.0797381239113593e-06,-0.029047061007306255,-0.08743307644081492,7.925419401220329e-07,9.713707497059444e-07,-0.11888010282738204,-0.18152366444687318,7.599020163556452e-07,8.879142527894986e-07,0.06308976332662491,-0.5599204653805013,8.344575394969752e-07,1.0651224438752361e-06
56.0,-0.259703535236431,-0.08567187169143627,7.36615407384575e-07,7.712802093181559e-07,-0.16860881442339964,-0.08888264319050394,7.660949097619455e-07,8.448393277135962e-07,-0.162424493818216,-0.18118260782850432,7.650116182332217e-07,8.50080274118786e-07,-0.33298806170685574,-0.5558681010291863,7.095230585280363e-07,7.167787512201889e-07
57.0,0.32838669721446107,-0.07840768627203455,9.850250844935503e-07,1.3887258849041465e-06,0.28506934297058234,-0.08232208202978313,9.530435589381563e-07,1.3298542409691207e-06,0.20412520214319285,-0.17442282168864998,9.100960941439322e-07,1.2264516982263098e-06,0.2788957361295943,-0.5412231214299095,9.62754166532807e-07,1.3216695343056626e-06
58.0,-0.2450986005800716,-0.08128166755320759,7.266094114470461e-07,7.826273669257864e-07,-0.30630982377655724,-0.08618393964610681,7.140562613729256e-07,7.361585047129007e-07,-0.36877348807874044,-0.17777369524709982,6.95665006294273e-07,6.91582044288175e-07,-0.28973332720089573,-0.5368870904949264,7.101680648038372e-07,7.484631357278634e-07
59.0,0.12361433340623518,-0.07780885397762383,8.847843129234664e-07,1.1315793744717258e-06,0.233296794038061,-0.08076901195654464,9.399084464199544e-07,1.2627562022303582e-06,0.23548429686757616,-0.17076932249939347,9.431033340689625e-07,1.2655215084506108e-06,0.06434596796337794,-0.5266966996735992,8.563313776512604e-07,1.0664612963882446e-06
60.0,0.08894943256604924,-0.07502954920189595,8.420416928403e-07,1.0930253834410475e-06,-0.02422032342843637,-0.0798265338144095,7.943805829402964e-07,9.760706348380701e-07,-0.14198558297512803,-0.17028959350732237,7.521296199938159e-07,8.676337650941842e-07,0.032609328756373714,-0.5173749325330997,8.202907220342105e-07,1.033146839629872e-06
61.0,-0.26833424436253467,-0.07819847863075888,7.338255468765445e-07,7.646521577126547e-07,-0.17365754107494738,-0.0813647470481888,7.6437843789949e-07,8.405847141114128e-07,-0.13493440108672297,-0.16971000018895188,7.748225452537629e-07,8.737732283831637e-07,-0.3123742081866425,-0.5140142649208628,7.158448432772784e-07,7.317076659926514e-07
62.0,0.33033366986154394,-0.07160925042927013,9.869730393756398e-07,1.3914323300487405e-06,0.2877583774804733,-0.07541114826546844,9.548932659790991e-07,1.3334350772546603e-06,0.18676073841690352,-0.16396047214692194,8.996365485536712e-07,1.205338859264266e-06,0.27429395099874243,-0.5012996162769982,9.584409596832513e-07,1.3156014677722947e-06
63.0,-0.23625381244810587,-0.07422265617560085,7.286690189489191e-07,7.895802432042579e-07,-0.3045168079129559,-0.07904774603765077,7.143275957321143e-07,7.374796326376977e-07,-0.37045629718888345,-0.1672381836555245,6.960664047764204e-07,6.904192224016785e-07,-0.31126841000866934,-0.49828324792353257,7.052213863452414e-07,7.325172345237241e-07
64.0,0.10911662997048929,-0.0713579798295682,8.779284489311289e-07,1.115292419279395e-06,0.22901373671695233,-0.0742342853696101,9.376352039950123e-07,1.2573593108814278e-06,0.24940686183852245,-0.16072810481968003,9.505381747630123e-07,1.2832640380377688e-06,0.09972394584328695,-0.48893938552092603,8.730552299572043e-07,1.1048658731573357e-06
65.0,0.10108130203175031,-0.06870506780093252,8.477780095949114e-07,1.106366587959538e-06,-0.01938843213202876,-0.07339050301210885,7.962377407371711e-07,9.807983146625615e-07,-0.1646867728261194,-0.16078900740439447,7.448246990366405e-07,8.481593290357507e-07,0.0015560708256965854,-0.48139330157713184,8.06602765558664e-07,1.0015572821331169e-06
66.0,-0.2763480063318991,-0.0718511729301896,7.312235158723177e-07,7.585489050013511e-07,-0.17864833604154312,-0.07498531866406997,7.626900725935016e-07,8.363999794137836e-07,-0.10676180300422987,-0.15997041339833137,7.852209338838595e-07,8.987397245993459e-07,-0.2880100264445377,-0.4784632519539107,7.233323871455094e-07,7.497540748344566e-07
67.0,0.33162206125388277,-0.06582918436027806,9.885055490795646e-07,1.3932261948376296e-06,0.29037159650347977,-0.06953223037798714,9.567072554421781e-07,1.3369241920895447e-06,0.16819767515744,-0.15507238222585715,8.888363501744716e-07,1.1831704709431693e-06,0.2657179058450448,-0.46735607049422484,9.517192319399108e-07,1.3043670524630546e-06
68.0,-0.22705173191691574,-0.06820010417728743,7.308764016773959e-07,7.968795571175765e-07,-0.3026428543826573,-0.07296032778982053,7.146220623707371e-07,7.388629309123341e-07,-0.3697070286455266,-0.15822877408496994,6.970559209889404e-07,6.909367256569974e-07,-0.33016737234773824,-0.46533858963912944,7.011962296854688e-07,7.1880341554876e-07
69.0,0.09439658601268837,-0.06584363040641822,8.710818185992927e-07,1.0989955057500217e-06,0.22465530235468797,-0.0686470577877262,9.353293745593625e-07,1.2518911178914068e-06,0.2609733273563085,-0.15215338131045866,9.566154276633126e-07,1.2981930387328326e-06,0.13312636030425623,-0.45666518456748617,8.894640414541851e-07,1.1423943425088575e-06
70.0,0.11311786609423576,-0.06328703759926602,8.535890693764092e-07,1.119763907370126e-06,-0.014553819381700712,-0.0678742972390687,7.981128909342312e-07,9.855515755295755e-07,-0.18688171260250933,-0.15264950032891653,7.379960525692132e-07,8.295418549301547e-07,-0.029838297483836717,-0.45056765760914835,7.934955317167657e-07,9.706024697221981e-07
71.0,-0.2837216273002341,-0.06639175013026558,7.288087499587688e-07,7.529762235592919e-07,-0.1835785648068035,-0.06950393481044524,7.610302087374304e-07,8.322864847431662e-07,-0.07809522418651711,-0.1515994401015588,7.961738273676273e-07,9.248763517528811e-07,-0.26025785238043414,-0.44788723781719464,7.319982961611752e-07,7.708527939480783e-07
72.0,0.33224832191558745,-0.060855082462962055,9.896112043255472e-07,1.3940989908666962e-06,0.29291145918135747,-0.06447038767167021,9.584848162777052e-07,1.3403241117850435e-06,0.14858982110614968,-0.1474301448070073,8.778188532217333e-07,1.1601970032737762e-06,0.25344918843250036,-0.43814645411928216,9.428700136719045e-07,1.2884619090540039e-06
73.0,-0.2175191569027581,-0.0630011656744661,7.33229613767638e-07,8.045121928111634e-07,-0.3006778226176859,-0.06770610595860194,7.149410297971234e-07,7.403162474805003e-07,-0.36647903914541285,-0.1504308145924649,6.986431896309876e-07,6.931706657805038e-07,-0.3460692764882591,-0.43688512291885717,6.981094047672827e-07,7.07463474824422e-07
74.0,0.07949004009320243,-0.061075608839767884,8.642629823477879e-07,1.0827347755393671e-06,0.2202190196240237,-0.06381522588316106,9.329916354400387e-07,1.2463496757347457e-06,0.27009807975307437,-0.14474799169590355,9.612285982636735e-07,1.3100929380253197e-06,0.16406872163091132,-0.428764125019536,9.051830436252697e-07,1.1782952866854149e-06
75.0,0.12502601629812168,-0.05859425383792935,8.594628790955564e-07,1.1331779337794184e-06,-0.009715395060257242,-0.06309389480552234,8.000059288643725e-07,9.903316469242435e-07,-0.20844621568639812,-0.14559730134911017,7.316538429063932e-07,8.118446980389792e-07,-0.06134811020606496,-0.42386524482202304,7.810493048386146e-07,9.404957866032838e-07
76.0,-0.29043848793286076,-0.06164483586549424,7.265801714275018e-07,7.479355349587595e-07,-0.18844672623449166,-0.06474327416642983,7.593988606137759e-07,8.282446259741608e-07,-0.04918794973977963,-0.1443287572489874,8.076179471532617e-07,9.520021843208024e-07,-0.22953588078473344,-0.4213082795057429,7.418442649355461e-07,7.949024464033753e-07
77.0,0.3321915235564207,-0.05653007795092392,9.902779593190376e-07,1.3940198105801754e-06,0.295377386726057,-0.06006638246652741,9.602249500624058e-07,1.3436333324033644e-06,0.1280617243850422,-0.14079121852646753,8.66692392234099e-07,1.1366231578984774e-06,0.237814122948592,-0.41274824830503726,9.322194436171791e-07,1.2684733908180928e-06
78.0,-0.20765660591801446,-0.0584675975402456,7.357321296287992e-07,8.124859916955094e-07,-0.29863429863725105,-0.0631249454943572,7.152830125287638e-07,7.418306483155332e-07,-0.360733617835953,-0.14361099287658916,7.008432843776658e-07,6.971646859722985e-07,-0.3586196718844766,-0.41205429219708134,6.959798339025855e-07,6.986400132693975e-07
79.0,0.06442341559365959,-0.05691201509551262,8.574897971591942e-07,1.0665438944869091e-06,0.21571700464759,-0.05959530055585154,9.306254438320902e-07,1.2407512024897945e-06,0.2767425160142787,-0.13829006238429967,9.64306732581832e-07,1.3188267505465292e-06,0.19209071691268859,-0.40440688701847666,9.198124569424586e-07,1.2117804409605146e-06
80.0,0.13679628296483967,-0.05449066136975822,8.65391839447974e-07,1.1465945438867196e-06,-0.004874916249259551,-0.058911295752019144,8.01916922864935e-07,9.951369468708881e-07,-0.22927624930351168,-0.13942738972078983,7.258024198348858e-07,7.951088548968738e-07,-0.09274710152538432,-0.400511139699813,7.693271083267854e-07,9.114239688847055e-07
81.0,-0.2964861499088956,-0.05747825999369819,7.245359752735391e-07,7.434259237103171e-07,-0.19325159324331476,-0.06056981794326971,7.577958954843766e-07,8.242745661383242e-07,-0.02022780226150242,-0.13795578987561344,8.194958386752042e-07,9.799754072644547e-07,-0.19630366933470186,-0.39799005981876223,7.528576811818308e-07,8.217626526677065e-07
82.0,0.3314461292172649,-0.05273527963746693,9.904980431255242e-07,1.3929811032760635e-06,0.2977679470921048,-0.05619984519893587,9.619263268289878e-07,1.3468492113391686e-06,0.1067472557712643,-0.13497160639211492,8.555562308239858e-07,1.1126530023145846e-06,0.2191671094912215,-0.3904637528759575,9.201154856660919e-07,1.2450393171923675e-06
83.0,-0.1975066321461829,-0.05447951280022255,7.383786264756834e-07,8.2077469711272e-07,-0.2965095012327228,-0.059095142259583906,7.156484358085936e-07,7.434085639335187e-07,-0.35249630618791356,-0.13759238590772696,7.036636113111305e-07,7.029311663022638e-07,-0.36748870895888275,-0.39018694511792046,6.948279291033468e-07,6.924711454853716e-07
84.0,0.04923223158701522,-0.053244849176564954,8.507798562016369e-07,1.050464273402024e-06,0.211140343494491,-0.05587805314346397,9.282303200127748e-07,1.2350856791400978e-06,0.2808687186639017,-0.13261070609139805,9.65804264922032e-07,1.3242797393106968e-06,0.2167678045505732,-0.3829612933361527,9.329455579900901e-07,1.242055668979597e-06
85.0,0.14841159358146838,-0.050872420438235144,8.713654836918574e-07,1.1599902426595035e-06,-3.3171064039622277e-05,-0.055221054530764854,8.038454804886907e-07,9.99966829487114e-07,-0.24922691649393386,-0.13398266150789845,7.204518718504556e-07,7.794030939003737e-07,-0.12380335034517696,-0.3799123763597883,7.583782876619319e-07,8.835535743061707e-07
86.0,-0.30185128281325246,-0.05379077930306093,7.22675089490657e-07,7.39448025343639e-07,-0.19799119538802198,-0.05688117244770971,7.56221491854518e-07,8.20377076208685e-07,0.008546312348113708,-0.13232534785840994,8.317218244832193e-07,1.0085829363354927e-06,-0.16105092674825064,-0.37736747578290997,7.650062804287374e-07,8.51248718674918e-07
87.0,0.3300045335854879,-0.04937933892503163,9.902658406311806e-07,1.3909744345523874e-06,0.30008155812526105,-0.05277815255606637,9.635874758561946e-07,1.3499689040206348e-06,0.08476426103448224,-0.12983006499757208,8.444953886381855e-07,1.0884604439136256e-06,0.19787642361190022,-0.37075547693929145,9.0690796047495e-07,1.218811768160083e-06
88.0,-0.18708500512078366,-0.05094417604089245,7.411694912111057e-07,8.293732324178803e-07,-0.2943047971548696,-0.055522773517416406,7.16037223572154e-07,7.450493679049132e-07,-0.34179647999338847,-0.13223877425888816,7.071168997700963e-07,7.104927894936557e-07,-0.37238939567068985,-0.3707740441976028,6.946755307002491e-07,6.890858632235612e-07
89.0,0.03394153897489848,-0.04999040396206334,8.44146457488069e-07,1.0345241256204e-06,0.20649433827783686,-0.0525787610253349,9.258086466414707e-07,1.2293607738994481e-06,0.2825078996128826,-0.1275786992715649,9.657221264394357e-07,1.3264522535159981e-06,0.23772833550580866,-0.3639369388076768,9.441933188757174e-07,1.268364576397178e-06
90.0,0.15985502466748847,-0.047658788088401655,8.773725153092547e-07,1.1733407531959958e-06,0.004809254942974728,-0.05194111640346479,8.057914109622189e-07,1.0048208379716664e-06,-0.2681809951961572,-0.12914094700406037,7.156047510916697e-07,7.64769348997897e-07,-0.15427207606266827,-0.36160732922162114,7.482420354028153e-07,8.570388095432699e-07
91.0,-0.3065256524671033,-0.05050347890575002,7.209958404880591e-07,7.359996377314372e-07,-0.2026637815430667,-0.053597409426976904,7.546756522817851e-07,8.165527353795678e-07,0.03692414149177179,-0.1273160559216886,8.442030499191444e-07,1.0376143059802688e-06,-0.12428976582460152,-0.35899944390956595,7.782319364209945e-07,8.831239046781779e-07
92.0,0.3278628350553192,-0.04639080158008623,9.895787677370582e-07,1.3879985744854606e-06,0.3023171948682096,-0.04972877242376835,9.652072249859076e-07,1.352990320240422e-06,0.06223613109056849,-0.1252557060628597,8.335854770072422e-07,1.064213608982366e-06,0.1743148520674785,-0.3532025493880764,8.929334881318052e-07,1.190430316269247e-06
93.0,-0.17640257696557746,-0.04778877765950011,7.441047260378262e-07,8.382804430024426e-07,-0.29202155391676654,-0.05233407114949952,7.164492696047391e-07,7.467524403606981e-07,-0.3287092569906549,-0.12744337865348115,7.112131678455726e-07,7.198522783433375e-07,-0.3730999604372786,-0.35341650004451947,6.955446718737297e-07,6.885963970073183e-07
94.0,0.018603609435419388,-0.047082475669128626,8.376111211489156e-07,1.0187777346884453e-06,0.20178051417916193,-0.04963072449706695,9.23361835870289e-07,1.2235794203046264e-06,0.28169537177312387,-0.1230908387553258,9.640876090832056e-07,1.3253749118762151e-06,0.254672432107828,-0.3469474688514093,9.532127830349335e-07,1.290038976307276e-06
95.0,0.17111090739244794,-0.04478570321584888,8.834024501109325e-07,1.1866223469154907e-06,0.00965147241963385,-0.04900670137162799,8.077545692096239e-07,1.0096981980834108e-06,-0.28599054377895544,-0.12480557249241664,7.112679429154972e-07,7.512697200865854e-07,-0.18389215676493384,-0.3452310971452359,7.38949592541839e-07,8.320255273139045e-07
96.0,-0.31050311652084084,-0.04755359293777587,7.194962609682819e-07,7.330780397559526e-07,-0.2072675815989303,-0.05065525220732906,7.531585287628089e-07,8.128021299939502e-07,0.06468090216913838,-0.12283175504802545,8.568261625749468e-07,1.0668185505805094e-06,-0.0865482836213072,-0.34253648450436164,7.92444316030061e-07,9.170912672291435e-07
97.0,0.325018037250289,-0.0437126482966618,9.884366206661616e-07,1.384055610314448e-06,0.30447338742581553,-0.046994132211111074,9.6678414970311e-07,1.3559107752996957e-06,0.03926328693445448,-0.12116067214098956,8.228894018846455e-07,1.0400442776759876e-06,0.14885219653266993,-0.33747062181325815,8.785042646850656e-07,1.1605014503953328e-06
98.0,-0.1654879382903661,-0.04495525329659756,7.4718243984521e-07,8.474800852028309e-07,-0.2896608975236766,-0.04947032369389236,7.168845671934939e-07,7.485173486344826e-07,-0.31333453379688614,-0.12312162991298851,7.159618476322527e-07,7.310053256734613e-07,-0.36948428432539476,-0.33779729183889223,6.974562397150249e-07,6.910906450299047e-07
99.0,0.0032346861907891064,-0.044468486231068395,8.311796984826669e-07,1.003239923434592e-06,0.1970006780074171,-0.04698071761610135,9.208914892822832e-07,1.2177448663468978e-06,0.2784867550546819,-0.11906497955977971,9.609589185917e-07,1.3211291069986466e-06,0.26738396174187534,-0.3316843498835309,9.597330241791354e-07,1.3065420121815804e-06
100.0,0.18216109554074592,-0.04220219041335025,8.89442212307605e-07,1.1998074619452115e-06,0.01449262669584052,-0.046365984172981926,8.097346168042317e-07,1.0145981539840447e-06,-0.30251349446965287,-0.12089946470887844,7.074468632962189e-07,7.389585163391271e-07,-0.21238060177159807,-0.3304913124024116,7.305267715196535e-07,8.086568627552079e-07
101.0,-0.3137781912402204,-0.044891061708665796,7.181751201009896e-07,7.306810816515647e-07,-0.2118010637462037,-0.048003955257865306,7.516700650544798e-07,8.09125645982403e-07,0.09162323898352584,-0.11879527952380511,8.694731858489183e-07,1.0959518323612182e-06,-0.048368228453456785,-0.32769801454153086,8.075133529268096e-07,9.527828807089245e-07
102.0,0.3214703647739695,-0.04129928301765957,9.868421705998945e-07,1.379154133877387e-06,0.3065490046293461,-0.044527945847206374,9.683170279397739e-07,1.358728049811637e-06,0.015951302038233122,-0.11747423460653023,8.124615025804863e-07,1.0160792032160895e-06,0.12185264732150046,-0.32329065511150107,8.639022633706205e-07,1.129587641752972e-06
103.0,-0.15435680956998665,-0.04239692890651711,7.504021069094336e-07,8.56966192715612e-07,-0.2872242569904789,-0.046884220712675034,7.173429849994043e-07,7.503434402068466e-07,-0.2957894507955715,-0.11920545029768596,7.213719373446104e-07,7.439440483597224e-07,-0.36151171667881066,-0.3236617333791449,7.004273599549422e-07,6.96622433927065e-07
104.0,-0.01212157732098094,-0.042105819756656185,8.248694665728855e-07,9.87951593053202e-07,0.19215651118956537,-0.044585752136691956,9.183990966622523e-07,1.2118601718012487e-06,0.27300169275944436,-0.11543422776829047,9.564332800037444e-07,1.3139024689449841e-06,0.2757723231304727,-0.3178979443742447,9.635902212180254e-07,1.3175478547063135e-06
105.0,0.1929872405554407,-0.03986683822987431,8.95478168661139e-07,1.212867317908302e-06,0.01933192477447895,-0.04397701235658557,8.117313688052261e-07,1.0195199964071984e-06,-0.3175985083062861,-0.11735960186865234,7.041478248086507e-07,7.278949735422208e-07,-0.23942967697738055,-0.3171506275418936,7.229956360910783e-07,7.870766210036384e-07
106.0,-0.316351441120224,-0.04247518354016063,7.170300415857174e-07,7.288032737165822e-07,-0.2162624851893672,-0.045602347005951435,7.502103298473721e-07,8.055238360455313e-07,0.11751423938647804,-0.11514381091341525,8.819946715352085e-07,1.124697644835272e-06,-0.010304881181043928,-0.3142558563498101,8.232618792125036e-07,9.89748032196697e-07
107.0,0.3172222746123542,-0.03911352505275394,9.848010576852893e-07,1.3733077894610661e-06,0.3085426941842751,-0.042292580265855854,9.69804516040392e-07,1.361439633862769e-06,-0.007598941823643235,-0.1141387186789314,8.02347641542988e-07,9.924298571423788e-07,0.09367437368267256,-0.31044342429343175,8.493770869498299e-07,1.098202084189041e-06
108.0,-0.1430251142920961,-0.04007566939756267,7.537632104602925e-07,8.667323012548346e-07,-0.2847128378928519,-0.044537212280920634,7.178245020524295e-07,7.52230235327307e-07,-0.276231297191259,-0.11563957588737887,7.274481935880104e-07,7.586374397584945e-07,-0.34927342621021146,-0.3108029613482167,7.044676835056614e-07,7.052002836662003e-07
109.0,-0.027444572253268993,-0.039959787772385666,8.18687142679025e-07,9.7292860830041e-07,0.18724967171211382,-0.04241072710667261,9.158861863865527e-07,1.2059283336596573e-06,0.2653328466828548,-0.11214441604728499,9.506185108034546e-07,1.30386489066585e-06,0.27983358429482813,-0.30538427744323465,9.647263758260129e-07,1.3229096410784918e-06
110.0,0.20357116291612817,-0.03774587003885373,9.014960049495494e-07,1.2257723840761124e-06,0.02416866702886686,-0.04180545988725861,8.137445960349699e-07,1.0244630964668766e-06,-0.33108791880947563,-0.11413481152694127,7.013778037181643e-07,7.181420280735472e-07,-0.26471082758267533,-0.3050145188081387,7.163745202143461e-07,7.67427836856e-07
111.0,-0.31822198504564725,-0.040272681885761774,7.160598109958556e-07,7.274412894029696e-07,-0.2206502859948228,-0.0434166745368763,7.487793238318335e-07,8.019971008729234e-07,0.14215201374751218,-0.1118259212091534,8.942392752474266e-07,1.1527518693514458e-06,0.027074057590316006,-0.302022729831576,8.394602282043995e-07,1.0274438899657406e-06
112.0,0.31227938146744044,-0.037124895605822474,9.823220818895418e-07,1.3665364246556236e-06,0.3104533240830352,-0.040257120977769956,9.712454163265773e-07,1.3640433276881524e-06,-0.0312931678526548,-0.11110687876847036,7.925852387535869e-07,9.691913956629117e-07,0.06468999705398511,-0.2987485090558121,8.351501362464445e-07,1.0668282532165014e-06
113.0,-0.131512900283849,-0.03796018768261917,7.572642801202557e-07,8.767679645101067e-07,-0.2821280815593825,-0.0423975719563683,7.183289919019766e-07,7.541770821707497e-07,-0.2548241411528658,-0.11237871294886324,7.34194373137611e-07,7.750527858671785e-07,-0.3329931227872546,-0.29905155873485145,7.09574348671611e-07,7.167751235544808e-07
114.0,-0.042696361576113,-0.03800173306764982,8.126441305140555e-07,9.582022929351013e-07,0.18228195892645027,-0.04042669887844884,9.133542218964929e-07,1.199952483500977e-06,0.2556173258613006,-0.10915067752070391,9.436472321853907e-07,1.2912585021481643e-06,0.27970950598803307,-0.2939747072899139,9.632177559729682e-07,1.3227455068731416e-06
115.0,0.21389223125954268,-0.03581135076915249,9.074798133609651e-07,1.2384891771837681e-06,0.029001956910123302,-0.03982297143680908,8.157740199023074e-07,1.0294266089695414e-06,-0.34283246078249774,-0.11118269302732821,6.991431620407033e-07,7.097571137517048e-07,-0.28788009569453354,-0.29392171066734535,7.106782119083648e-07,7.498514972726666e-07
116.0,-0.31939754963739947,-0.03825605938008565,7.152619639668472e-07,7.265866376281754e-07,-0.22496301188882406,-0.041419006268291966,7.473770121505735e-07,7.985457549130908e-07,0.16533244134695516,-0.10879894186892922,9.060420347442889e-07,1.1797852629284087e-06,0.06320937712727677,-0.29084299439325373,8.55827731661249e-07,1.0652498548388106e-06
117.0,0.3066490007744452,-0.035308152883038374,9.794163289334674e-07,1.358863924172199e-06,0.31227959903076674,-0.03839594126573591,9.726384319811375e-07,1.366536721963866e-06,-0.05503708066146147,-0.1083394387816859,7.832054760694075e-07,9.464500523097697e-07,0.03525887201494875,-0.2880557989538674,8.214093627642803e-07,1.0358878364652737e-06
118.0,-0.1198360696995527,-0.03602449116114443,7.609042360742499e-07,8.870658417695298e-07,-0.2794711306732728,-0.0404389513454608,7.188564616500317e-07,7.561835580110137e-07,-0.23175137383617278,-0.10938530263807987,7.41610017438304e-07,7.931432949702377e-07,-0.31303746763921003,-0.28826750801052287,7.157242825254162e-07,7.312225148749835e-07
119.0,-0.05784256637857942,-0.03620783633103885,8.067496820342921e-07,9.437985213612792e-07,0.1772551862011936,-0.038609588845068744,9.108047525511478e-07,1.1939357301805473e-06,0.24399481303369458,-0.10641572183411538,9.356615476461028e-07,1.2763377101528644e-06,0.2756647576438106,-0.2835285814083856,9.592632917293017e-07,1.3174061396520826e-06
120.0,0.22393104388501683,-0.03404001232923838,9.134131329246093e-07,1.2509847534068647e-06,0.033831075680974945,-0.038005916640685054,8.178194101184957e-07,1.034409854989312e-06,-0.3526854289141117,-0.10846796939311536,6.974515237084406e-07,7.027982386139826e-07,-0.30858891003368644,-0.2837374174802631,7.059164513036602e-07,7.344826464199429e-07
121.0,-0.31987046095735383,-0.03640224744186744,7.146369399882247e-07,7.262431078182837e-07,-0.22919889530714188,-0.039586023902391305,7.460034766307297e-07,7.951703621232333e-07,0.1868605416609695,-0.1060272378968006,9.172312722745462e-07,1.205459161995821e-06,0.09752047771440184,-0.2805865257844394,8.720263787121651e-07,1.1024340166622247e-06
122.0,0.30034069305716116,-0.033642059404990154,9.760973603574272e-07,1.3503187734503831e-06,0.3140203657249614,-0.036687610872658906,9.739822955521344e-07,1.368917615264506e-06,-0.07873789895002598,-0.1058035547906795,7.7423369712657e-07,9.242821480225664e-07,0.005771576267175153,-0.2782393282266393,8.083214199658664e-07,1.0057882639036915e-06
123.0,-0.10801040136498218,-0.03424668007133155,7.646822544880521e-07,8.976182599276403e-07,-0.2767435083369218,-0.03863928483578299,7.194067826533399e-07,7.582489567075009e-07,-0.2072071610247597,-0.1066279743535582,7.496906684055293e-07,8.128512414489878e-07,-0.2898992051228332,-0.27833412397376284,7.22868601156645e-07,7.483389925148558e-07
124.0,-0.07285265384367119,-0.03455801856949558,8.01010836814601e-07,9.297378132276732e-07,0.17217101434599333,-0.03693920177786544,9.082392293588465e-07,1.1878809605313392e-06,0.23062093349843546,-0.10390822509668728,9.268107272351742e-07,1.25938175952017e-06,0.2680910805731234,-0.2739274690983848,9.531750255314396e-07,1.3074662193658527e-06
125.0,0.23366733834697354,-0.032412215714163826,9.19278911260786e-07,1.2632241960555081e-06,0.03865535024464102,-0.03633444536168539,8.19880518940537e-07,1.0394121887550487e-06,-0.3604966215324776,-0.1059609322681736,6.963119331139099e-07,6.973299310062452e-07,-0.32651367595119485,-0.2743481587532073,7.020910397003978e-07,7.214345086787374e-07
126.0,-0.3196624310144,-0.03469197932765777,7.141807518479633e-07,7.263942038462779e-07,-0.2333565632799706,-0.037898112964211465,7.446586044857656e-07,7.918711709988672e-07,0.20655138668368803,-0.10348067576855566,9.276320515471063e-07,1.2294309089723431e-06,0.12946134524390707,-0.27114332141989683,8.876819179738996e-07,1.1382151131859759e-06
127.0,0.2933675587757283,-0.032108833358339764,9.723816734504482e-07,1.3409355725016464e-06,0.31567439092186206,-0.03511407750054159,9.752758812505793e-07,1.3711837130674344e-06,-0.10230324626846315,-0.10347140467012972,7.656907062326934e-07,9.027557528442583e-07,-0.023355031184348618,-0.26919223252040436,7.960328142191931e-07,9.769155867005038e-07
128.0,-0.09605289317606934,-0.03260839632566578,7.685967721006748e-07,9.084159657932371e-07,-0.2739463167573566,-0.03697995436973546,7.199799566684693e-07,7.603728934485448e-07,-0.1813991167386401,-0.10408021492066497,7.584252394189962e-07,8.341023880291585e-07,-0.2642335434165277,-0.26915349276178036,7.309140196837627e-07,7.677942054351983e-07
129.0,-0.0876927011518359,-0.033035406440597326,7.954347999137697e-07,9.160423322301141e-07,0.16703119617675471,-0.03539847258255337,9.056590657572397e-07,1.181791132099533e-06,0.21564203429772208,-0.10160174787246042,9.172427353640988e-07,1.2406581864248118e-06,0.2575018971843886,-0.265070892839717,9.453591203167233e-07,1.2936942653558454e-06
130.0,0.2430800136874691,-0.030911441670381432,9.250585141246409e-07,1.2751706511438514e-06,0.0434736010917067,-0.034791764323520595,8.219569380606008e-07,1.044432422073405e-06,-0.3661419214056084,-0.10363667228425386,6.95732637057901e-07,6.934043853019354e-07,-0.3413820579981895,-0.2656579018024745,6.991913971537098e-07,7.10787294353483e-07
131.0,-0.3187791977585152,-0.03310890545731376,7.138923993142054e-07,7.270360627778477e-07,-0.23743443564217417,-0.03633865494427368,7.433424960338915e-07,7.886485965256078e-07,0.2242372240300315,-0.1011338181139158,9.37073647077188e-07,1.251367838743643e-06,0.15852456682229446,-0.26241986769083503,9.024005498090924e-07,1.1717807108012634e-06
132.0,0.2857373123240629,-0.03069340380745484,9.682851653700759e-07,1.3307428395919681e-06,0.31724057262241523,-0.033660024432404824,9.765178565988407e-07,1.3733329184907197e-06,-0.1256319892741964,-0.1013194103196755,7.575936146300467e-07,8.819393502106504e-07,-0.05166751552307765,-0.2608232589622914,7.846735699484422e-07,9.496445564335947e-07
133.0,-0.08398537789172456,-0.031094095341923034,7.726447977231897e-07,9.194447002177131e-07,-0.27108097260262054,-0.03544514434345907,7.205758792348984e-07,7.625547478633166e-07,-0.1545269030735886,-0.10171946665617108,7.67798703024432e-07,8.56820440729509e-07,-0.23681500468364233,-0.2606427457722264,7.397172602305738e-07,7.891372612130915e-07
134.0,-0.10232812295452232,-0.03162569256291258,7.900282064468324e-07,9.027332955521394e-07,0.1618376396794339,-0.033972884761198675,9.030657571290537e-07,1.1756693437739665e-06,0.19921388730136932,-0.0994736953579805,9.071037098294157e-07,1.2204429752412555e-06,0.24453667022947723,-0.2568727501304226,9.362943061244242e-07,1.2770294903314673e-06
135.0,0.25214581058021335,-0.029523681428519053,9.307316288079803e-07,1.2867836502784715e-06,0.04828551637142462,-0.03336356327132739,8.240485438138302e-07,1.049470253492089e-06,-0.36950359936139715,-0.10147391686911691,6.957235167072736e-07,6.910772967181271e-07,-0.3530171088362086,-0.25758493056528026,6.97188691490869e-07,7.025651732026446e-07
136.0,-0.317232387426474,-0.03163918661968049,7.137704786795653e-07,7.281615198814576e-07,-0.24143099921021835,-0.03489347088852512,7.420550653617755e-07,7.855030022474118e-07,0.2397674072297101,-0.0989647894860373,9.453937079905701e-07,1.270953501345314e-06,0.1842744922145002,-0.25433596422131133,9.158005301154896e-07,1.2023458123703212e-06
137.0,0.27748477647521,-0.029382807327017053,9.638353384296817e-07,1.3198060268923735e-06,0.3187178495552435,-0.032312366359738484,9.777072264412463e-07,1.375363210815075e-06,-0.14863089930469994,-0.09932731583507864,7.499557970620709e-07,8.618871793544733e-07,-0.0786624265156191,-0.2530536756249194,7.743628628482194e-07,9.243519084788191e-07
138.0,-0.07180429910850802,-0.02969020944137568,7.768293821277086e-07,9.307130193582965e-07,-0.268148811637916,-0.03402132610813108,7.21194464795007e-07,7.647939623928527e-07,-0.12681383979139646,-0.09952649354490703,7.777845402713231e-07,8.808976454243869e-07,-0.20855252755146414,-0.25273120353743056,7.490664629907317e-07,8.117583939026448e-07
139.0,-0.11673091100348117,-0.030316401538944788,7.847947958839792e-07,8.89824602961074e-07,0.1565920138477997,-0.032650007115642365,9.004606620074229e-07,1.1695183692547e-06,0.18148699563262913,-0.09750481376665138,8.965320866795302e-07,1.1989989443867788e-06,0.22994311803017295,-0.24925872640385072,9.2650798937787e-07,1.2585284203190458e-06
140.0,0.2608461727575009,-0.02823666886539875,9.362800870371491e-07,1.2980279780121549e-06,0.05308978948956356,-0.03203757999703375,8.261548458271116e-07,1.05452432607064e-06,-0.37049094219594336,-0.09945471468400346,6.962941628827602e-07,6.903953032371864e-07,-0.36138527663420866,-0.2500596303340676,6.960277380947372e-07,6.967105204673972e-07
141.0,-0.31504393080692644,-0.030270762921721643,7.138112664974929e-07,7.297568147598593e-07,-0.24534494618462227,-0.033550398196945726,7.407962689704039e-07,7.824345938593169e-07,0.2530156846445869,-0.09695492461784323,9.524466168870784e-07,1.2879034769858005e-06,0.20638263711721572,-0.2468224511322854,9.275524059150205e-07,1.229223460543355e-06
142.0,0.2686111892069078,-0.02816596044194256,9.59046764726426e-07,1.3081464207088885e-06,0.3201050244244266,-0.031059867051724793,9.788427193886809e-07,1.3772724039833607e-06,-0.17119525829406337,-0.09747774386908421,7.427883261776241e-07,8.426570216354051e-07,-0.10378042076617246,-0.24581511289027053,7.652124793372767e-07,9.014232095103172e-07
143.0,-0.05954212626242818,-0.028385374188938967,7.811442347519928e-07,9.421958415668593e-07,-0.26515114310120114,-0.03269686898214071,7.218357299857625e-07,7.670900008527594e-07,-0.09847207510039119,-0.09748469723433811,7.883496217924097e-07,9.062209983922483e-07,-0.18047528497093507,-0.2453581910167087,7.586688237959538e-07,8.348733143610266e-07
144.0,-0.13086524715647474,-0.029097039973435743,7.797399555666975e-07,8.773359899461732e-07,0.15129633696120792,-0.03141913838531191,8.978453084770306e-07,1.1633413480482006e-06,0.1626074077190082,-0.09567850206105098,8.856569381065871e-07,1.1765746848665255e-06,0.21459252530977815,-0.24216408881999701,9.165577885929539e-07,1.2393567875415594e-06
145.0,0.2691557189969126,-0.02704012439432989,9.416812375189635e-07,1.308858939380868e-06,0.057885969387405416,-0.030803241090327647,8.282756548563937e-07,1.0595941626506757e-06,-0.3690197405491647,-0.09756361405062418,6.974572427872107e-07,6.914117614684109e-07,-0.3666418620523348,-0.24302255622159932,6.956187200475654e-07,6.930578109056371e-07
146.0,-0.3122048462941149,-0.028993307421040747,7.140194383240051e-07,7.318315998822838e-07,-0.2491747376212897,-0.032298936272046566,7.395661364659835e-07,7.794437633361821e-07,0.2638804269792013,-0.09508796993398155,9.581078719343043e-07,1.3019725062086503e-06,0.22465660841249793,-0.23981927427205074,9.374195398101436e-07,1.2518927529346462e-06
147.0,0.25914901079529673,-0.02703315559643981,9.539469052962945e-07,1.2958268826379967e-06,0.3214009216695483,-0.02989281478945068,9.799232222803697e-07,1.3790583644581567e-06,-0.19321675285269535,-0.09575551267492517,7.361005644177895e-07,8.24303284686466e-07,-0.12639720371439767,-0.23904769556077418,7.573328210434277e-07,8.812647356298155e-07
148.0,-0.04720692828916552,-0.02716946487139066,7.85589401133016e-07,9.538899903437037e-07,-0.262089465782026,-0.03146171107994105,7.224995197861814e-07,7.694421818823715e-07,-0.06971963370400246,-0.0955795945737703,7.994489779844229e-07,9.326552683575333e-07,-0.15372366813200206,-0.23847118186193111,7.681393518828374e-07,8.575089453246248e-07
149.0,-0.1447028003493056,-0.0279582792034572,7.748662108194155e-07,8.652794156414324e-07,0.14595233538353525,-0.03027101278152846,8.952210036205885e-07,1.1571410320539807e-06,0.1427162632434984,-0.093980293514594,8.745969844177737e-07,1.1534024925523692e-06,0.1994750492209005,-0.23553194541171077,9.07016255805917e-07,1.2207617500954625e-06
150.0,0.27705456100503767,-0.025924860268733904,9.46915099547529e-07,1.3192383480428448e-06,0.06267312471151573,-0.029651385198241495,8.304105853851107e-07,1.0646787651685573e-06,-0.3650591386480399,-0.09578748581548363,6.992220699242367e-07,6.94155598241177e-07,-0.3691650290567814,-0.23642283263601124,6.958289594031976e-07,6.913113145825044e-07
151.0,-0.30875716295864486,-0.027797921875951856,7.143871277056359e-07,7.343590779620203e-07,-0.2529190842260787,-0.031129979231538433,7.383645902045597e-07,7.765307128660742e-07,0.2722900288389283,-0.0933498863806862,9.62281654809586e-07,1.312967744607003e-06,0.2390518309103794,-0.23327399380457822,9.452895190176033e-07,1.2700443624347122e-06
152.0,0.24910837044086437,-0.025976169952814907,9.485576125407635e-07,1.2828810519233644e-06,0.3226047133508618,-0.028802777306654218,9.809477676644566e-07,1.380719463053079e-06,-0.21458078224467403,-0.09414745806400192,7.299001768501911e-07,8.068796275523854e-07,-0.14581437635737338,-0.2326986015845308,7.508414932954462e-07,8.643181261748653e-07
153.0,-0.03481307880644494,-0.02603392752702164,7.901622818749826e-07,9.657859252453946e-07,-0.2589648560622483,-0.030307104618782284,7.231858225430299e-07,7.718501484213961e-07,-0.040773291478440755,-0.09379860730200479,8.110264898683206e-07,9.600467560596738e-07,-0.12953431604016927,-0.23202432520842386,7.769960400485033e-07,8.785044411061699e-07
154.0,-0.15820942848435748,-0.026892210000770574,7.701773150691516e-07,8.536709802273713e-07,0.14056166763206573,-0.02919756713663392,8.92589028419962e-07,1.1509200518919258e-06,0.12194697826734166,-0.09239766194116487,8.634584172926532e-07,1.1296942018495073e-06,0.18570729385430998,-0.22931178222749704,8.984626141764342e-07,1.2040697701717572e-06
155.0,0.28451838430283716,-0.024883109392360204,9.519585781914183e-07,1.329121748053411e-06,0.06745043916610964,-0.02857403161210009,8.325593143278273e-07,1.0697772392330628e-06,-0.3585907316125764,-0.09411503658420624,7.016004451951585e-07,6.98660232393914e-07,-0.36956252967200104,-0.23021662575939708,6.96478495492107e-07,6.910365725183369e-07
156.0,-0.3047100853035949,-0.026676872058457864,7.149154215077726e-07,7.373371082724644e-07,-0.25657669906768726,-0.030035587172712826,7.371915526983964e-07,7.736956505493893e-07,0.27820242289443714,-0.09172838620293287,9.649028737415683e-07,1.3207535209038247e-06,0.24964883397089596,-0.22714056512010034,9.511829965346899e-07,1.2835745897443653e-06
157.0,0.23852402362737626,-0.024987694378930256,9.42906514427574e-07,1.269374200644177e-06,0.32371516328404765,-0.027782397679357664,9.819151339190102e-07,1.382253534485696e-06,-0.23516600813056096,-0.0926420016292235,7.241940816742974e-07,7.904396193336527e-07,-0.16123986077201063,-0.22672081541087685,7.458790017963868e-07,8.510879040214363e-07
158.0,-0.022373979302452617,-0.02497115187844622,7.948608782031e-07,9.778744618515188e-07,-0.25577846493150336,-0.029225410763232006,7.238946689087326e-07,7.743134873850953e-07,-0.011850803526302309,-0.09213066493236957,8.230123947531709e-07,9.882191406758197e-07,-0.10922370109797734,-0.2259771627886433,7.846631529199493e-07,8.965298403556481e-07
159.0,-0.17135469036421044,-0.025891803063891276,7.656754305455057e-07,8.425226857910272e-07,0.13512617292726048,-0.028191753004172305,8.899507185432088e-07,1.1446812030195696e-06,0.10042672297891156,-0.09091961217821057,8.523359297420718e-07,1.105642620539103e-06,0.17454037604496186,-0.22345818455698543,8.914812049323542e-07,1.190698817124641e-06
160.0,0.29152534562000665,-0.023907945884616914,9.567899434709555e-07,1.3384675573519828e-06,0.07221724616054728,-0.027564196759392805,8.347215247605446e-07,1.0748888341737947e-06,-0.34963198672083395,-0.09253656451910196,7.046036779345206e-07,7.049474720192431e-07,-0.3686305042259624,-0.22436551155491652,6.973441071345968e-07,6.916809364232002e-07
161.0,-0.30008379160929716,-0.02562332380837269,7.156026445635661e-07,7.407561489321333e-07,-0.2601462044021648,-0.029008805502515615,7.360470380443856e-07,7.709388629086893e-07,0.2816055638329617,-0.09021270036784691,9.659414898616961e-07,1.3252558880301602e-06,0.25657243299982796,-0.22137831935271318,9.552248400720695e-07,1.2924923815109456e-06
162.0,0.22741515846225385,-0.024061357868430555,9.37018793088988e-07,1.2553509293339381e-06,0.32473144513659274,-0.02682522370844705,9.828244702382678e-07,1.3836590077259166e-06,-0.25484421486160513,-0.09122894428447503,7.189884858990271e-07,7.750372278394515e-07,-0.17175174881833744,-0.2210719824975627,7.426361527887681e-07,8.421882214411832e-07
163.0,-0.009904227559637836,-0.023974504308253913,7.996821466900428e-07,9.901446577795085e-07,-0.25253195227439496,-0.028209927564679858,7.246259150334212e-07,7.768313909137729e-07,0.016830294237198375,-0.09056600417084514,8.353228102575462e-07,1.01697272154954e-06,-0.09416815167181056,-0.22029343138820226,7.904859694196402e-07,9.101297095417803e-07
164.0,-0.18410818647622598,-0.024950929199522038,7.613624208091819e-07,8.318458044928846e-07,0.12964790386295877,-0.0272473798120723,8.873074689123272e-07,1.1384274768341942e-06,0.07827473772838678,-0.08953648745194738,8.413118733932619e-07,1.081419724660264e-06,0.16736627944710192,-0.21792965266359673,8.866650647845198e-07,1.1821871968905813e-06
165.0,0.29805199925690645,-0.0229933356937255,9.613858800291926e-07,1.3472318411141461e-06,0.07697239090461588,-0.02661574483803177,8.36896738437023e-07,1.0800122578206082e-06,-0.3382306782722792,-0.0910437249720706,7.082429047313154e-07,7.130307882161661e-07,-0.3672486008165465,-0.2188346159857358,6.981763458811529e-07,6.926374334084788e-07
166.0,-0.29489939924238573,-0.024631324028355984,7.164473685374479e-07,7.446064916760678e-07,-0.26362637674359496,-0.028043519729029135,7.349309432733301e-07,7.682605260412491e-07,0.2825269283871662,-0.08879329934942459,9.654034213245997e-07,1.32647749451668e-06,0.2598253559937204,-0.21595112217863066,9.575627024400653e-07,1.2967036053782443e-06
167.0,0.21581039310798847,-0.023191553267060506,9.309211646744401e-07,1.2408670797450476e-06,0.3256525367692436,-0.025925579270955644,9.836747129246866e-07,1.3849340715955574e-06,-0.2734801074332224,-0.0898992083798665,7.142888211171749e-07,7.607274690280878e-07,-0.1762308042782619,-0.2157132759636584,7.414038784122635e-07,8.384244490546604e-07
168.0,0.002582987263831197,-0.023038133382948058,8.04623145008663e-07,1.0025863260504979e-06,-0.24922655816663156,-0.027254751764382284,7.253794807698787e-07,7.794033731818317e-07,0.04505137237022008,-0.08909593111349692,8.4785755239904e-07,1.0460815982205633e-06,-0.08578018564606246,-0.21493986471176796,7.937590561148904e-07,9.177959537741254e-07
169.0,-0.19643926063416453,-0.024064175556032175,7.572398836429143e-07,8.216512363554933e-07,0.12412874795105232,-0.02635899141103652,8.846606161528696e-07,1.1321616251068271e-06,0.0556045941888907,-0.0882397149874473,8.304579072007919e-07,1.057179586132262e-06,0.16572367167248658,-0.21268741775091438,8.846243638120505e-07,1.180246921002312e-06
170.0,0.304076261753167,-0.022133937689507475,9.657237525951276e-07,1.3553724152263818e-06,0.08171527902266423,-0.025723260408485337,8.390846174840951e-07,1.0851468017842289e-06,-0.32446643072676495,-0.08962928390356094,7.125280727191101e-07,7.229129749064503e-07,-0.36617882428546417,-0.2135903083775882,6.987376722865066e-07,6.933787971553542e-07
171.0,-0.2891769741224443,-0.02369559287332582,7.174485233903763e-07,7.488796613544464e-07,-0.2670158964139906,-0.02713432845530116,7.338432830462087e-07,7.656609001067549e-07,0.2810090960306148,-0.08746180799751312,9.63326644502837e-07,1.3244656512619026e-06,0.2590088216756084,-0.21082657077493794,9.582204408992727e-07,1.295645234540892e-06
172.0,0.20373804102723347,-0.02237330430413652,9.246404626425227e-07,1.2259769557250025e-06,0.3264774471369349,-0.025078446039067226,9.84464912580376e-07,1.386076989407351e-06,-0.29093256236751763,-0.0886447774996643,7.101008944515997e-07,7.475660904062345e-07,-0.17327184466058645,-0.21060822934404053,7.426524328618343e-07,8.40908987153067e-07
173.0,0.015074351907637694,-0.022156843863606036,8.096805469625228e-07,1.0151885430155031e-06,-0.2458645965683289,-0.026354666562357756,7.261552558815538e-07,7.820281070470536e-07,0.07259702942485202,-0.08771274393362664,8.605024196372099e-07,1.0752971364922878e-06,-0.08546937836361392,-0.20988488338461608,7.937775570053855e-07,9.180812557750333e-07
174.0,-0.20831941598539783,-0.023226743703386447,7.533082466328992e-07,8.119476462307113e-07,0.11857034485045087,-0.02552176419791633,8.820113484420419e-07,1.1258860716048422e-06,0.032522042603509896,-0.08702173941329827,8.198342471536367e-07,1.03305666415249e-06,0.17129182370685817,-0.2076942126542053,8.859942054981525e-07,1.1868370456777602e-06
175.0,0.3095755765726437,-0.02132501615895199,9.697809273677497e-07,1.3628465673567448e-06,0.08644490136393036,-0.024881954680420065,8.412847368376963e-07,1.0902912925007184e-06,-0.30844546888886093,-0.08828701786744433,7.174686314242774e-07,7.345880090080843e-07,-0.36574878146959644,-0.20859738161886468,6.988648103874215e-07,6.936770438505738e-07
176.0,-0.2829394630999473,-0.022811461880207648,7.18604769953703e-07,7.535654049933022e-07,-0.27031372395980624,-0.02627645336950749,7.327839295117147e-07,7.631400414628342e-07,0.2771316957232689,-0.08621077517658803,9.59782571845744e-07,1.3193401110457808e-06,0.2529377605436423,-0.2059750228565777,9.568876883044803e-07,1.2878031221753331e-06
177.0,0.19122296279818152,-0.021602227842476635,9.182021916258281e-07,1.2107293695986958e-06,0.3272053754902298,-0.02427938089007394,9.851942359563742e-07,1.3870863214639325e-06,-0.3070545404440744,-0.08745848006510488,7.064306619748415e-07,7.356104792916673e-07,-0.16112887688342353,-0.2057216548002322,7.471457894210254e-07,8.511823663083531e-07
178.0,0.027555415789024335,-0.021326061305221012,8.148503520993279e-07,1.0279385775573005e-06,-0.2424441755831267,-0.025505025804079855,7.269534780601455e-07,7.847075521983298e-07,0.09925114456462446,-0.08640954958965698,8.731262812820519e-07,1.1043436146317345e-06,-0.09454327474680728,-0.20509705715948262,7.899356756196446e-07,9.097883629139923e-07
179.0,-0.21971922844097808,-0.02243440302106323,7.495685268926252e-07,8.027441540526394e-07,0.11297453152575593,-0.02473139699218133,8.793607763345871e-07,1.1196034179957762e-06,0.00913042887164258,-0.08587580669322513,8.094931498908501e-07,1.0091722383877332e-06,0.18584772464996172,-0.20291300809909465,8.914326192839312e-07,1.204238870520773e-06
180.0,0.3145282854039182,-0.020562388085368886,9.735350368315669e-07,1.369613092068395e-06,0.09116056712242587,-0.02408755274710018,8.434967333527912e-07,1.0954448835717769e-06,-0.2903056436604567,-0.08701152800970975,7.230706350217063e-07,7.480349005106323e-07,-0.365436983533471,-0.2038159190737301,6.98545034078099e-07,6.938933646436199e-07
181.0,-0.27620960079997275,-0.021974803625228575,7.199147433573374e-07,7.586538996317912e-07,-0.2735186262922061,-0.02546562497663115,7.317528347148255e-07,7.606981672383227e-07,0.27099508494590535,-0.08503359092155718,9.548685654238612e-07,1.311268625413834e-06,0.23926655482913525,-0.20136794960465348,9.526958446185523e-07,1.2703171006178658e-06
182.0,0.17830538208488866,-0.020874363044403755,9.116348264623654e-07,1.1951902552029844e-06,0.32783539956229263,-0.02352441055608761,9.858617493774438e-07,1.3879604945826224e-06,-0.32168960766671323,-0.08633389870587121,7.032844415912421e-07,7.249231660064093e-07,-0.13789285928502185,-0.20101918537212804,7.560523794589128e-07,8.711920268832271e-07
183.0,0.04001379506714897,-0.02054164086893079,8.201287559633002e-07,1.040825132346984e-06,-0.2389697533074321,-0.024701707511012992,7.277737746409364e-07,7.874386994295378e-07,0.12480060231425162,-0.08518015826313831,8.85584165416757e-07,1.1329225284139835e-06,-0.1139281030113323,-0.2005432778182439,7.819276114204558e-07,8.923221088496184e-07
184.0,-0.23061179276683463,-0.021683326477071573,7.460207237262556e-07,7.940476612559369e-07,0.10734334840025399,-0.023984071337582194,8.767102899355676e-07,1.1133164442846767e-06,-0.014474307130689229,-0.08479588733307064,7.994768947942006e-07,9.856299420693425e-07,0.21109613270999256,-0.19830610710885133,9.015780888122385e-07,1.2350310762403277e-06
185.0,0.3189138818618781,-0.01984226048605022,9.769647093920845e-07,1.3756328528661644e-06,0.09586138279815434,-0.02333625807198362,8.457201749525333e-07,1.1006064904286272e-06,-0.2701851203598584,-0.0857979912953776,7.293433881481136e-07,7.632381903304442e-07,-0.3635405671770436,-0.1991992663524632,6.979705519576243e-07,6.952105239163888e-07
186.0,-0.26900805891053897,-0.021181861552848548,7.213778699072954e-07,7.641370975116408e-07,-0.2766295328225612,-0.024698049871717906,7.307499277093274e-07,7.583353834475276e-07,0.2627138707180177,-0.08392427160713355,9.487024130487823e-07,1.3004545675821892e-06,0.21458213359628922,-0.19697463516994304,9.441996113372602e-07,1.23934390856783e-06
187.0,0.16500512148992375,-0.0201862092371118,9.049614099253823e-07,1.1793991589780113e-06,0.32836682744652534,-0.022810002399427834,9.864666976959074e-07,1.3886982915172252e-06,-0.33469026219922865,-0.0852652662092303,7.006686246057e-07,7.155596879163691e-07,-0.10231875758756753,-0.19646845400640092,7.708863556666219e-07,9.027417500203041e-07
188.0,0.05243569510028306,-0.019799922511912888,8.25511127468308e-07,1.0538347931599855e-06,-0.23544159664198946,-0.023941021517739334,7.286162307371384e-07,7.902218132693894e-07,0.1490375678857248,-0.08401897453851247,8.977186392109337e-07,1.1607165940595348e-06,-0.1434722742067336,-0.19618655943299845,7.701177205982911e-07,8.663448199525015e-07
189.0,-0.24097149404609755,-0.020970142467120215,7.426644693103753e-07,7.858640278735942e-07,0.10167861631082221,-0.023276367349334245,8.740610412963886e-07,1.1070276339268577e-06,-0.03819796823562405,-0.08377653535172469,7.898214774857352e-07,9.625223731736414e-07,0.24812541121551607,-0.19383570244544016,9.168723327205164e-07,1.2816206517208394e-06
190.0,0.32271175923678275,-0.019161290352889146,9.800487712740848e-07,1.3808672713022012e-06,0.10054650769593426,-0.022624668006990725,8.479545601752318e-07,1.1057750675599387e-06,-0.24827134644088136,-0.08464229751535184,7.362855060679044e-07,7.801482241115199e-07,-0.35744573390643314,-0.19469680787418223,6.974908089319156e-07,6.99460654910904e-07
191.0,-0.2613591801883011,-0.02042934213213214,7.229928259022194e-07,7.700042996512765e-07,-0.27964547188854305,-0.023970326666056443,7.29775141226342e-07,7.560517355419212e-07,0.25243178919267334,-0.08287751172106898,9.414211926139133e-07,1.2871516955053375e-06,0.17583182724130264,-0.19275686737619538,9.299896989374386e-07,1.19223753991533e-06
192.0,0.15135605533893773,-0.019534626520303654,8.982075023638049e-07,1.1634108229806965e-06,0.3287987261758894,-0.02213298784917131,9.870083156807225e-07,1.3892981980849182e-06,-0.3459029126606902,-0.08424743568429617,6.985905478402598e-07,7.075811809467081e-07,-0.05569837758206292,-0.19204302107518426,7.928808245196815e-07,9.458243747068116e-07
193.0,0.06480542951721459,-0.01909763141130097,8.30991720460659e-07,1.066951406937445e-06,-0.23186089800757745,-0.023219660958800358,7.294807832071292e-07,7.9305643136497e-07,0.17175966507011484,-0.08292097402235621,9.093621090231641e-07,1.1873924270442314e-06,-0.18063519723522495,-0.19198391317964045,7.560293381109954e-07,8.347398185530249e-07
194.0,-0.25077297045957325,-0.02029183418990031,7.394995091162256e-07,7.781990256732847e-07,0.09598222821420105,-0.022605218231104476,8.714141528419297e-07,1.1007395017146071e-06,-0.0619438993357554,-0.08281284477139436,7.805561498816339e-07,9.399356163253571e-07,0.29608411680061497,-0.18946809859211336,9.370332171359143e-07,1.3445832541181366e-06
195.0,0.32589912237238033,-0.018516495951119382,9.827666082701187e-07,1.3852756185074515e-06,0.10521488576993603,-0.02194973051827863,8.50199416761499e-07,1.1109493119073634e-06,-0.2247473225826792,-0.0835407138883753,7.438964240237175e-07,7.987180112691521e-07,-0.3451654533585602,-0.1902665465652746,6.97388388385376e-07,7.081031857255918e-07
196.0,-0.2532852615130291,-0.01971429577541484,7.247585124733713e-07,7.762464170109223e-07,-0.2825652229343098,-0.02327940139795226,7.288284495601655e-07,7.538474722124349e-07,0.24028454231379687,-0.08188854421387443,9.331679390043721e-07,1.2716109259651195e-06,0.12346475222182475,-0.18866587667350368,9.101196414178933e-07,1.1314101241472857e-06
197.0,0.13739119065646987,-0.018916805996572788,8.913976314401541e-07,1.147276864738897e-06,0.3291305367779277,-0.021490518463049314,9.874858790923484e-07,1.3897592584445632e-06,-0.3551795820186191,-0.08327580836516753,6.970573923972159e-07,7.010475363725804e-07,-0.003876210709602173,-0.18772785806454986,8.214827043184832e-07,9.961312920988419e-07
198.0,0.07711244132835404,-0.018431809797962048,8.365652171511012e-07,1.0801635245871985e-06,-0.22822899543117808,-0.02253465218511057,7.30367359508457e-07,7.959419718904474e-07,0.19277354889300946,-0.08188161969214644,9.203407958574409e-07,1.2126081659651205e-06,-0.21933848732901964,-0.1878875077072997,7.424641079994742e-07,8.03049849946276e-07
199.0,-0.25999275031578706,-0.01964568387091594,7.365251893784492e-07,7.710571757051089e-07,0.09025590210952719,-0.02196786548011239,8.687707246678457e-07,1.0944543210432398e-06,-0.08561506791407832,-0.08190038073848781,7.717071102386661e-07,9.179475106724582e-07,0.35025142246926944,-0.1851832919777692,9.600828616104682e-07,1.4194243789175049e-06
200.0,0.3284699464693107,-0.01790510571921481,9.8510295111975e-07,1.3888415001116285e-06,0.10986587017670599,-0.021308696801828297,8.524543559919854e-07,1.116128354320574e-06,-0.19981034322267285,-0.08248993055090872,7.521698847280414e-07,8.188860456406061e-07,-0.32746412284514714,-0.1858946961321061,6.976037041957881e-07,7.207491492412412e-07
201.0,-0.24480870165950566,-0.019033979330858045,7.26674014141731e-07,7.828542826443853e-07,-0.2853881246935262,-0.02262252480128948,7.279096649452919e-07,7.517224356528281e-07,0.2264251540375783,-0.08095303958280681,9.240920415787598e-07,1.2541087413466356e-06,0.06369082312071746,-0.18465297713084827,8.871310443271747e-07,1.0657628385905132e-06
202.0,0.12313941719044895,-0.01833015063520801,8.845537528769996e-07,1.131042096668409e-06,0.3293614555976801,-0.020880029848819332,9.878987751254665e-07,1.3900802170685302e-06,-0.36237136745747606,-0.08234619962179032,6.960803318078993e-07,6.960238392373628e-07,0.04391378089767216,-0.18352145852674667,8.531274346463208e-07,1.0448922613328504e-06
203.0,0.0893402157848536,-0.017799754741513126,8.422254463159997e-07,1.093452602888282e-06,-0.2245470172908294,-0.02188331550124303,7.312759707286685e-07,7.988780147377408e-07,0.2118943381357843,-0.08089673884465941,9.304788319905954e-07,1.2360172782899558e-06,-0.25148805098595056,-0.1838562693270383,7.324685418113218e-07,7.776427496191705e-07
204.0,-0.26860944516576796,-0.01902921400829869,7.337406077851976e-07,7.64441753777652e-07,0.0845017248109439,-0.02136182020559505,8.661318896287109e-07,1.0881747211271415e-06,-0.10912038803900857,-0.08103509006620034,7.632921527709613e-07,8.96622468380672e-07,0.4019304786966515,-0.18098476566025554,9.819297079871008e-07,1.4947074150577157e-06
205.0,0.3303960478817426,-0.01732470053566434,9.870379711515397e-07,1.3915191275498294e-06,0.11449849838755521,-0.02069908694416505,8.547188105762932e-07,1.1213109572893318e-06,-0.17366944749310934,-0.08148696498047793,7.610933848763215e-07,8.405747058178876e-07,-0.3076251691159044,-0.18160252372589283,6.978240060317928e-07,7.351908386017764e-07
206.0,-0.23595217659893689,-0.01838599896315596,7.287384768675171e-07,7.898184448346733e-07,-0.2881130238914835,-0.021997212851676304,7.270188161084418e-07,7.496768560556482e-07,0.21100380026460472,-0.08006710689676394,9.143412223650673e-07,1.2349170480652597e-06,0.00565399953619392,-0.18069351147704776,8.648039732831139e-07,1.0056700135594432e-06
207.0,0.10863156316368874,-0.01777238755191516,8.776971416189513e-07,1.114751559134183e-06,0.32949089242041624,-0.020299202681279722,9.882463679853959e-07,1.3902601562803047e-06,-0.3673653870526429,-0.08145502129365224,6.956655978958344e-07,6.925565476129172e-07,0.08057735338623093,-0.1794313333859208,8.828098845702001e-07,1.083912687717371e-06
208.0,0.1014739855792605,-0.017199087681092202,8.479648131981223e-07,1.106801125228379e-06,-0.2208164328988873,-0.021263227826556683,7.322064640095496e-07,8.01863862606414e-07,0.2289739302848649,-0.07996257441106322,9.396126615553867e-07,1.2573092608895721e-06,-0.271770313967201,-0.17987527079256158,7.275721054574175e-07,7.620292684710064e-07
209.0,-0.27660290445554087,-0.018440254268529754,7.311446082302319e-07,7.583555769493014e-07,0.07872145801896359,-0.02078483220050156,8.634987331690828e-07,1.0819029247134984e-06,-0.13236766687896312,-0.08021331648028761,7.553265461176932e-07,8.760188527458434e-07,0.4429225543951739,-0.1768953768921418,9.983184270559307e-07,1.5572517273712645e-06
210.0,0.3316661580962952,-0.016773080876316303,9.885575462723974e-07,1.3932876330681944e-06,0.11911176230281778,-0.020118657940961945,8.569922766710425e-07,1.1264958110202717e-06,-0.14652543566177514,-0.08052908847638994,7.706499504689676e-07,8.637037631794331e-07,-0.28842587513769663,-0.1774264745028349,6.979207866830442e-07,7.494423554007978e-07
211.0,-0.2267383529324444,-0.017768176952411695,7.309507762890357e-07,7.971293215573512e-07,-0.29073909310429685,-0.02140121924505358,7.261557913818624e-07,7.47710735458689e-07,0.19418380119520945,-0.0792271316533018,9.040621770623072e-07,1.2143194558144447e-06,-0.04438538636308633,-0.17679594801876028,8.456775856982585e-07,9.565852315242318e-07
212.0,0.09390805891520594,-0.017241402254922933,8.7085180033051e-07,1.0984587477865316e-06,0.32951819812932526,-0.019745938974419716,9.88528086728514e-07,1.3902981188377349e-06,-0.3700456525135276,-0.08059891712905758,6.958236955652732e-07,6.907027975994588e-07,0.10484203564216867,-0.1754674669637559,9.073675530437395e-07,1.1105351715254205e-06
213.0,0.11350029851272357,-0.016627591453196894,8.537765568242531e-07,1.1201922232850824e-06,-0.21703831802188803,-0.02067219427511206,7.33158869965858e-07,8.048991265725443e-07,0.2438482232805421,-0.07907569111774491,9.475768988550292e-07,1.2761506258356508e-06,-0.28036594135941845,-0.175959948064205,7.272842091983273e-07,7.55507219525198e-07
214.0,-0.28395520384335393,-0.01787678590361819,7.287361012393029e-07,7.528003665147814e-07,0.07291696049551895,-0.020234861776183877,8.608722591928176e-07,1.0756412124938178e-06,-0.15525727717520005,-0.07943167983763956,7.478232632394529e-07,8.561948697480996e-07,0.4704921079671536,-0.1729391440640585,1.0076605362600975e-06,1.6007817568761244e-06
215.0,0.3322678195035105,-0.016248206343585033,9.896490967763104e-07,1.3941261726993333e-06,0.12370491471744342,-0.01956537444365538,8.592742322744345e-07,1.1316818790576316e-06,-0.1186026686716172,-0.07961387048337899,7.808101544913336e-07,8.881606247050247e-07,-0.2706351153568243,-0.17339354393053646,6.980366686605395e-07,7.628948142278606e-07
216.0,-0.21718832598306903,-0.017178484675249312,7.333102040178313e-07,8.047783943512344e-07,-0.29326572611602686,-0.020832505701397837,7.253204322458214e-07,7.458239294681662e-07,0.17610437731328274,-0.0784299897065426,8.933879404471603e-07,1.1925625286284881e-06,-0.08498146210571506,-0.17298422873690303,8.302776478066797e-07,9.185293118438296e-07
217.0,0.07899745727397633,-0.016735277569492512,8.640347748717163e-07,1.0822015703258027e-06,0.3294429012701359,-0.019218333319040538,9.887434685836913e-07,1.3901934376971795e-06,-0.3703238824978728,-0.0797751228530464,6.965648740291627e-07,6.905106501027325e-07,0.11932237000413523,-0.17163719371966324,9.26394491545741e-07,1.1267330846985295e-06
218.0,0.12540350070878345,-0.01608326482509675,8.596519058309364e-07,1.1336057715298864e-06,-0.21321384043163222,-0.020108220966346006,7.341331032787593e-07,8.079833392363437e-07,0.25641331098833653,-0.0782329740739575,9.542370740277354e-07,1.2922867338853279e-06,-0.28061015975200204,-0.17213706971063727,7.302057703273131e-07,7.553227332948424e-07
219.0,-0.290651138772578,-0.017336999409331824,7.265135070509168e-07,7.477765027489619e-07,0.06709014991681256,-0.019710054889253956,8.582534782389445e-07,1.0693918794192919e-06,-0.177675152026627,-0.07868704794588749,7.407942729323159e-07,8.372143467041669e-07,0.4866453258553224,-0.16912893091809864,1.0110328964533897e-06,1.6268495055874522e-06
220.0,0.332188703172489,-0.015748246215778094,9.903017386095779e-07,1.3940158789146456e-06,0.12827687193257736,-0.019037387040063816,8.615640821238185e-07,1.1368677258915295e-06,-0.09011750539880144,-0.07873900457067347,7.915373994982231e-07,9.138237997330536e-07,-0.25390827154900936,-0.16951429155733005,6.983452400413146e-07,7.757629583181771e-07
221.0,-0.2073237110565024,-0.016615103522749697,7.358157611209256e-07,8.127565091316294e-07,-0.29569185785878244,-0.0202892172247639,7.245127843800821e-07,7.440166555871273e-07,0.1569142112012926,-0.07767270042690891,8.824459170562894e-07,1.16989524568917e-06,-0.11746944549587338,-0.16927879451632796,8.179938865990967e-07,8.891676794098177e-07
222.0,0.06392775161051392,-0.016252297868996256,8.572639526259959e-07,1.066015378086061e-06,0.32926438424941873,-0.018714651452357674,9.888920412676677e-07,1.3899452866567125e-06,-0.36812734615177795,-0.07898105468693084,6.979032552125396e-07,6.920290488415637e-07,0.1273305506661683,-0.1679427163848753,9.408868041017778e-07,1.1357923926710207e-06
223.0,0.13716396980664944,-0.0155643325430965,8.655808535433672e-07,1.1470162091290277e-06,-0.20934423147046272,-0.019569492618358147,7.351291857681449e-07,8.11115975936878e-07,0.2665700792316807,-0.0774314980325873,9.594741546602064e-07,1.3054790731014693e-06,-0.2758343315308489,-0.1684265352868752,7.350865283916415e-07,7.589386525523924e-07
224.0,-0.2966761376945788,-0.01681929595895133,7.244755515200684e-07,7.432846952815149e-07,0.0612429269464892,-0.019208722888157937,8.556434099653975e-07,1.0631571523411417e-06,-0.19952352660880118,-0.07797655173158824,7.342466875292362e-07,8.191209494489106e-07,0.49443626370309396,-0.16546732636281283,1.0102244401519905e-06,1.639573691281372e-06
225.0,0.33142152036533173,-0.015271558997510072,9.905076811496952e-07,1.3929468240321354e-06,0.13282672655619998,-0.018533009779516347,8.638612630574069e-07,1.1420520938874326e-06,-0.06127723084218228,-0.07790233252763533,8.027855645549434e-07,9.405624507088993e-07,-0.23751078811332027,-0.16578751952614842,6.989921006674093e-07,7.885883835551311e-07
226.0,-0.19716472205441882,-0.01607639600218666,7.384670027532143e-07,8.210553762455072e-07,-0.2980169438377262,-0.019769664354995147,7.237326538442348e-07,7.422887624216265e-07,0.1367474072159044,-0.07695255491815065,8.713501448703791e-07,1.1465385045891545e-06,-0.1438409378291013,-0.16569041075757743,8.079477723863966e-07,8.66025488999428e-07
227.0,0.04873481900210268,-0.01579088404181534,8.505569458849695e-07,1.0499418891834456e-06,0.32898221617098,-0.01823331245840495,9.889734202862206e-07,1.3895531437937425e-06,-0.36343498762252024,-0.07821459206662804,6.998459387090854e-07,6.952839278087108e-07,0.13154204919425597,-0.1643810166608733,9.520346395999129e-07,1.1405858674318765e-06
228.0,0.14877286410588153,-0.015069113216606143,8.715549599062927e-07,1.1604093886507707e-06,-0.20543080866500224,-0.019054354108433886,7.361469691830575e-07,8.142964348762279e-07,0.27426020265279544,-0.07666864998452531,9.63202588511973e-07,1.3155570691480262e-06,-0.26823794976611065,-0.16483652952536995,7.411024281501529e-07,7.647257931288759e-07
229.0,-0.3020190263806387,-0.01632216960596873,7.226207639092636e-07,7.393239980966484e-07,0.05537720685942707,-0.018729325457919208,8.530429930078348e-07,1.0569392242180705e-06,-0.22067436890179076,-0.07729749591866183,7.28188917404949e-07,8.019777866839264e-07,0.49583430530487393,-0.1619515040457619,1.0065007160557683e-06,1.6418674865479658e-06
230.0,0.32995815872167256,-0.014816602961065942,9.902614021524272e-07,1.3909099297981255e-06,0.13735361474798619,-0.0180507039787631,8.661652244874806e-07,1.14723375557836e-06,-0.032311906676683134,-0.07710190640021844,8.144923701111986e-07,9.682045455168629e-07,-0.22038276389020794,-0.1622055530016073,7.00186536615478e-07,8.022116815264983e-07
231.0,-0.18673302531305064,-0.01556082989765462,7.41262614081903e-07,8.296652064302296e-07,-0.3002402846355567,-0.019272303895026276,7.229800044085189e-07,7.406402348307774e-07,0.11574774531716,-0.07626705942308692,8.602064834881709e-07,1.1227126268932931e-06,-0.16590659278772632,-0.16222157481886323,7.993269599436662e-07,8.471253581129644e-07
232.0,0.033451482321929425,-0.015349569931190896,8.439295407669834e-07,1.0340172743930342e-06,0.3285961500055765,-0.017772870904075398,9.889873470700222e-07,1.3890167878809907e-06,-0.3562364412039157,-0.07747382399972844,7.02405477667644e-07,7.003070192245371e-07,0.13393318611261304,-0.16094504567691723,9.60769279318433e-07,1.14331642767875e-06
233.0,0.1602136141094905,-0.014596079870930461,8.775634472738588e-07,1.1737615762488052e-06,-0.2014747276334997,-0.018561290890038593,7.371864309710571e-07,8.175242380720126e-07,0.2794417505433385,-0.0759419974995436,9.653641245844847e-07,1.3223913819732817e-06,-0.2589697351236141,-0.16136575249857688,7.477540590976974e-07,7.718463825263437e-07
234.0,-0.30667142572378925,-0.01584426510961789,7.209472740042914e-07,7.358923564868836e-07,0.049494927505539604,-0.01827045234988655,8.504532028197032e-07,1.0507402623281972e-06,-0.24101186196207697,-0.076647424270751,7.226273928692362e-07,7.858323048208469e-07,0.4913259712656252,-0.15857647162778968,1.000372123749454e-06,1.6344820599645647e-06
235.0,0.3277938623324766,-0.014381975205608978,9.895598988944575e-07,1.3879028437459196e-06,0.14185648660165853,-0.017589061120305508,8.684753357155333e-07,1.1524112502151986e-06,-0.0034309013030712834,-0.07633586459854812,8.265847733296812e-07,9.96574977514666e-07,-0.2010310769244199,-0.15875712952266896,7.022948212454309e-07,8.178870137468155e-07
236.0,-0.1760454071237132,-0.015066989747634844,7.442020550894473e-07,8.385799049719163e-07,-0.30236128875321155,-0.018795723101800874,7.222547274494249e-07,7.39070998609532e-07,0.09402880536137792,-0.07561398040380266,8.491033904856563e-07,1.0985913907845175e-06,-0.18512110191800138,-0.1588688412701068,7.914438448513397e-07,8.310036416242295e-07
237.0,0.018109351217023575,-0.01492700518660253,8.373957340141755e-07,1.0182743198390685e-06,0.3281055982984816,-0.01733200444610348,9.889334913716529e-07,1.388335570424366e-06,-0.34655725240336377,-0.07675720096076283,7.055933884225859e-07,7.071183339049682e-07,0.13609709535557477,-0.15762425925902798,9.677272717496881e-07,1.1457931393874793e-06
238.0,0.17146240165311682,-0.014143856418368414,8.83593334521954e-07,1.1870395111711389e-06,-0.1974772354044125,-0.018088917181222425,7.382475203949158e-07,8.2079882556919e-07,0.2821185988987546,-0.07524931944874805,9.65940699119963e-07,1.3259359652086714e-06,-0.2484467454277169,-0.15800586634377037,7.547027877554022e-07,7.800113989032814e-07
239.0,-0.31062623969422826,-0.015384368482284146,7.194536167746695e-07,7.3298778641761e-07,0.04359790705156304,-0.017830813314139642,8.478749253047185e-07,1.0445622593177404e-06,-0.26040591919644446,-0.07602403325522376,7.175678538067042e-07,7.707386646788531e-07,0.4799946907946516,-0.15533640794570164,9.916972168683776e-07,1.6160658221464268e-06
240.0,0.3249268112648842,-0.01396640523333761,9.884034942438037e-07,1.3839293542365473e-06,0.14633450845169993,-0.01714679114011531,8.707909798329749e-07,1.1575833447071085e-06,0.025142281372978997,-0.07560250694427292,8.38973658435337e-07,1.025461014147265e-06,-0.1773625143619147,-0.15542818338910255,7.059437422139128e-07,8.374761323622803e-07
241.0,-0.16512776828659134,-0.014593630806172687,7.472835421973303e-07,8.477853770835061e-07,-0.3043794711900426,-0.018338627986795506,7.215567168030678e-07,7.375809226289179e-07,0.0717115389255299,-0.0749912453431534,8.381207479090448e-07,1.0743453925362792e-06,-0.20269853954844702,-0.15562432594578032,7.83690795180133e-07,8.165243541284389e-07
242.0,0.002738567213196719,-0.014522010153200086,8.309684523937773e-07,1.0027423205148302e-06,0.3275105027457885,-0.016909499347404666,9.888117245392546e-07,1.3875096238836925e-06,-0.33445563016106256,-0.07606341222256625,7.094202184057203e-07,7.157276008424801e-07,0.1395119293392195,-0.15440475464294975,9.732914539791829e-07,1.1497125209480726e-06
243.0,0.18250171121939618,-0.013711212945905453,8.896316349707434e-07,1.2002162047862699e-06,-0.1934392741151133,-0.0176359593258726,7.393302179750443e-07,8.241198800854108e-07,0.28231772926319887,-0.07458859271027916,9.649472276508588e-07,1.3262000256110027e-06,-0.2365601164403472,-0.154742842551581,7.616440702563002e-07,7.893384286598403e-07
244.0,-0.31387985651885314,-0.014941412304810976,7.181379406419257e-07,7.306068005317762e-07,0.037688166706449616,-0.017409221104428656,8.453090481333927e-07,1.0384073723959391e-06,-0.2787108204379503,-0.07542515921735977,7.13016953240236e-07,7.567587107294948e-07,0.4596524112333676,-0.15222482921639677,9.798403781827656e-07,1.5835234743545667e-06
245.0,0.321355989358917,-0.013568769849040657,9.867951021777497e-07,1.3789964015714245e-06,0.15078648347801857,-0.0167227080245003,8.731114255106248e-07,1.1627483655896915e-06,0.05319349514719535,-0.07490018511791262,8.515557342211759e-07,1.0546336918801923e-06,-0.14663784439956865,-0.15220202519673626,7.121417943366384e-07,8.636066807861435e-07
246.0,-0.15398718655788454,-0.014139576421027828,7.505082691631239e-07,8.572830056881088e-07,-0.30629410502386356,-0.017899827524497713,7.208859246055371e-07,7.361700762973248e-07,0.04890723119121751,-0.0743969029377942,8.273266322613947e-07,1.0501229275691667e-06,-0.21972000924928387,-0.1524764885465434,7.75515315403243e-07,8.027435272635813e-07
247.0,-0.01261613724710079,-0.0141334086510929,8.246622871593341e-07,9.874631125877196e-07,0.3268104560081037,-0.016504239332058034,9.886218726597056e-07,1.3865386422039187e-06,-0.3200180019201269,-0.07539132034258096,7.138964084267508e-07,7.26135965115112e-07,0.1457013775100801,-0.15126929070825745,9.776704998536519e-07,1.1568506748365275e-06
248.0,0.19331910585620765,-0.01329690657646669,8.95666228452278e-07,1.213269893282254e-06,-0.1893621037710428,-0.017201246849957164,7.404344598666398e-07,8.274868163426468e-07,0.2801036605240721,-0.07395787283908639,9.624334796258319e-07,1.3232669757776167e-06,-0.22280484538010825,-0.15155774052548268,7.682217828359384e-07,8.002710106419469e-07
249.0,-0.3164303221909115,-0.01451430985202671,7.169987621406741e-07,7.287457872013596e-07,0.03176729792789682,-0.017004586027556143,8.427563104470087e-07,1.032277264296558e-06,-0.2957919255609086,-0.07484877264921419,7.089792334606952e-07,7.439422072750569e-07,0.4271672576268363,-0.14923354374575448,9.639273801172023e-07,1.5329090310117778e-06
250.0,0.31708797234506275,-0.013187900723238352,9.847407091802635e-07,1.3731233634959424e-06,0.1552116581541722,-0.016315721050829228,8.754361560749298e-07,1.1679051315919468e-06,0.08050427584799515,-0.07422736045522535,8.642106428383308e-07,1.0838334809406434e-06,-0.10581267229871802,-0.14905986025996634,7.223779676418386e-07,8.99593151010765e-07
251.0,-0.14265575126200702,-0.013703708892715518,7.538724934255712e-07,8.670524992549136e-07,-0.3081050365594738,-0.017478228283931398,7.20242184228936e-07,7.348381290871958e-07,0.025721642034668514,-0.07382915725805446,8.167795077247568e-07,1.026055298054694e-06,-0.237175019214512,-0.1494109166701438,7.664667770681736e-07,7.888532114662902e-07
252.0,-0.0279386651435906,-0.013760196814345975,8.184840425522114e-07,9.72448009932154e-07,0.32600530181083387,-0.016115198402602966,9.88363893575719e-07,1.3854227141038538e-06,-0.30336001249633743,-0.0747399939851905,7.190302016928168e-07,7.383332393255448e-07,0.1560946847589145,-0.14819859285494916,9.809583864889083e-07,1.1689368783578385e-06
253.0,0.20389357370570035,-0.01289990523126279,9.01681664196247e-07,1.2261676500338792e-06,-0.18524695525787804,-0.01678370337041038,7.415601540292345e-07,8.30899063621365e-07,0.27555431522783236,-0.07335543149818251,9.584774695202598e-07,1.3172606501694477e-06,-0.20652424185280882,-0.14842912901699604,7.739972317436107e-07,8.134065427370835e-07
254.0,-0.31827818039251715,-0.014102181905125995,7.160342654452203e-07,7.274004117359623e-07,0.02583749038267866,-0.016615903395004517,8.402176240168186e-07,1.0261741717514686e-06,-0.31149652177872605,-0.0742929948457437,7.054611974753931e-07,7.323501577775705e-07,0.3796598041829648,-0.14635003872880722,9.434313268500075e-07,1.4617872109428842e-06
255.0,0.31212110133534327,-0.012822874912026118,9.822479971178562e-07,1.3663201462065557e-06,0.15960889493135863,-0.015924825754508976,8.777643688395565e-07,1.1730519946835073e-06,0.1068607411282589,-0.07358258803800252,8.768038042278894e-07,1.1127792793029223e-06,-0.052954293826097544,-0.14598378090565933,7.384455777893403e-07,9.484233602956466e-07
256.0,-0.13113543833737906,-0.013285033362906401,7.57378301291762e-07,8.770989735203157e-07,-0.30981177798796655,-0.017072821661670918,7.196254320877851e-07,7.335850200797639e-07,0.002256290283023881,-0.073286342419561,8.065285106109307e-07,1.0022588376224316e-06,-0.2557030046159421,-0.14641237162327764,7.56399435275778e-07,7.743719195298231e-07
257.0,-0.04318014328129322,-0.013401356747802847,8.124479935373059e-07,9.577388443089398e-07,0.32509490763115445,-0.01574142971889728,9.88037749006532e-07,1.3841620072856874e-06,-0.2846205639994178,-0.07410865456578612,7.248286658200513e-07,7.522996497423995e-07,0.1714570803653468,-0.14517552550659038,9.83217342944093e-07,1.1870331946091115e-06
258.0,0.2142042146404847,-0.012519164610638943,9.076628544895091e-07,1.2388756255041181e-06,-0.1810948089581981,-0.016382334289592244,7.42707318631608e-07,8.343562504997245e-07,0.2687775311057659,-0.07277963834225298,9.53183868269578e-07,1.308364038367459e-06,-0.18750944255930613,-0.1453396104564071,7.785101661045902e-07,8.290212900615733e-07
259.0,-0.3194277296625358,-0.01370413976527947,7.152426452587498e-07,7.265647095560845e-07,0.019900534784380995,-0.016242245992009335,8.376937581700994e-07,1.020099870527942e-06,-0.3256726927039738,-0.07375605940156464,7.024690590396538e-07,7.220414782043312e-07,0.31705719790850284,-0.1435542945939943,9.190863848163036e-07,1.373081107048316e-06
260.0,0.306473096649187,-0.012472688855993062,9.793304403500459e-07,1.3586249154242012e-06,0.16397729691344146,-0.015549093903911447,8.800954188604907e-07,1.1781875662959616e-06,0.13205022157664767,-0.07296449678241768,8.891855469098379e-07,1.1411656289663755e-06,0.009985808731602073,-0.1429637557350497,7.615012552908e-07,1.0100358332938693e-06
261.0,-0.11945507619392143,-0.012882583060352941,7.610223196288721e-07,8.874038724839759e-07,-0.3114139068281011,-0.01668267556262482,7.190355963302207e-07,7.324106633489935e-07,-0.021393142694480623,-0.07276690538744474,7.966138926339891e-07,9.788340674529236e-07,-0.2749537451548348,-0.143469464506773,7.457754650899512e-07,7.596072579292486e-07
262.0,-0.0583209199814694,-0.01305601182722743,8.065587904590068e-07,9.433471599019808e-07,0.3240791732218293,-0.015382057819172705,9.876435059275608e-07,1.3827567800964275e-06,-0.26395935702590645,-0.07349664756927093,7.312963870537745e-07,7.680047530204487e-07,0.19091857819903574,-0.14219317426743786,9.845097677882086e-07,1.2103608983061947e-06
263.0,0.22422880579824134,-0.012153788186065951,9.135923696659672e-07,1.2513573044834618e-06,-0.17690671943986797,-0.01599622003065824,7.438759248740307e-07,8.378579367363838e-07,0.25989780299289666,-0.07222898806143,9.4667716145271e-07,1.2967975510662754e-06,-0.1667682471858519,-0.14228661560933295,7.81472223680987e-07,8.463957432054714e-07
264.0,-0.31988398179079613,-0.013319432858811141,7.146222580875005e-07,7.262332884725673e-07,0.013958218245178096,-0.015882756249310376,8.351854332268462e-07,1.014056089011481e-06,-0.3381666364661048,-0.07323632763872044,7.000097044615956e-07,7.130764534579281e-07,0.24467557214974803,-0.1408208497466092,8.933442503170559e-07,1.277206884499827e-06
265.0,0.3001411891533322,-0.012136562587067204,9.759982618359984e-07,1.3500494064544434e-06,0.1683156701123739,-0.015187667847945526,8.824285347668346e-07,1.1833100873264196e-06,0.15586721846857468,-0.07237178595529668,9.011957331117712e-07,1.1686710148611149e-06,0.07534972278453157,-0.1400051117370577,7.90347369447134e-07,1.078261177455908e-06
266.0,-0.10762724265913005,-0.01249555010613511,7.648040642913057e-07,8.979622560768146e-07,-0.3129112468616806,-0.01630692942318513,7.18472546546941e-07,7.313148161744064e-07,-0.04513157086390055,-0.07226937913164481,7.870697483651004e-07,9.558717086937061e-07,-0.29308274076430174,-0.14058059154543082,7.357205062451529e-07,7.459604168094362e-07
267.0,-0.07332202583052055,-0.012723364621956779,8.008263967184106e-07,9.293015227423054e-07,0.3229580762775022,-0.015036273971122631,9.871812890763205e-07,1.381207444335582e-06,-0.2415534087328066,-0.0729034017144207,7.384345367516962e-07,7.854068550846992e-07,0.21156510942980525,-0.13926169378896927,9.848295926962603e-07,1.2356104129004146e-06
268.0,0.23395582178440377,-0.011802919896559912,9.194546662082393e-07,1.2635886678833465e-06,-0.17268402950235567,-0.015624511864895888,7.450658008948505e-07,8.414034315091147e-07,0.24905234386872768,-0.07170207430552836,9.390956797648798e-07,1.2828091785089955e-06,-0.14645241929950964,-0.1392885248543071,7.82991427745292e-07,8.63766829988722e-07
269.0,-0.3196553244835691,-0.012947352627366637,7.141713374884242e-07,7.263993660074254e-07,0.008012625897053434,-0.015536641464293847,8.326934772565912e-07,1.0080448128949668e-06,-0.3488270056223413,-0.07273227851116706,6.980905186520658e-07,7.055151698720138e-07,0.17208511204233187,-0.13813100204056494,8.69327026332687e-07,1.1877789232030376e-06
270.0,0.2931525214114737,-0.011813649390185746,9.722728128248985e-07,1.3406472522514248e-06,0.1726231067186329,-0.014839753508060785,8.847629605625631e-07,1.188418113865513e-06,0.1781115402819256,-0.07180322733045191,9.126644449347453e-07,1.1949585998220055e-06,0.13306992793395953,-0.13712655415177039,8.20858162602701e-07,1.1423298763073036e-06
271.0,-0.0956671378177924,-0.01212307185670828,7.687224750436834e-07,9.087664597176946e-07,-0.31430347539642656,-0.015944785692150697,7.179362268381078e-07,7.302973672445057e-07,-0.06886553943982011,-0.0717923871537337,7.779237482316516e-07,9.334521841448541e-07,-0.30765281543426704,-0.13775580234838478,7.274304985840844e-07,7.351705135627526e-07
272.0,-0.08815288113291128,-0.01240259321434138,7.952566102429449e-07,9.156208848652618e-07,0.32173167447190404,-0.014703328118018144,9.866513123017485e-07,1.3795145673178416e-06,-0.21759285388730518,-0.07232841828143066,7.462406460437336e-07,8.044529048732197e-07,0.22969910955142422,-0.13640486517228254,9.840503473987185e-07,1.2582213661771723e-06
273.0,0.24335580380179295,-0.011465749269227334,9.252296184041803e-07,1.2755223791028305e-06,-0.16842778596998564,-0.015266421370223151,7.462769186813595e-07,8.449922815145528e-07,0.23638573215674655,-0.07119759721755455,9.305853531732296e-07,1.2666628085243298e-06,-0.12850203481567243,-0.13637591707573818,7.835693269445146e-07,8.794117729766166e-07
274.0,-0.3187516734774089,-0.012587230744439674,7.138882541061661e-07,7.270560741982126e-07,0.002065498762655471,-0.015203166187256442,8.302184725553975e-07,1.0020676333756533e-06,-0.3575080233060128,-0.07224252577992119,6.967193940151901e-07,6.994170872835948e-07,0.10772017267056523,-0.13548505543432832,8.490672113066576e-07,1.1137360479948855e-06
275.0,0.2855104818516339,-0.011503239062272134,9.681682699480076e-07,1.3304410207971261e-06,0.17689848268239233,-0.014504614736821356,8.870979517866812e-07,1.1935099250519782e-06,0.19859258080820072,-0.07125767084687347,9.234174373431474e-07,1.2196849416061906e-06,0.1772659814694208,-0.1343477789364965,8.484177639951342e-07,1.1939486191065703e-06
276.0,-0.08359110961929068,-0.011764426999072927,7.72775892329603e-07,9.198072795633357e-07,-0.3155905605517334,-0.0155955058448464,7.174264807165824e-07,7.293580169857289e-07,-0.09250205104852349,-0.07133464323890844,7.691984809466453e-07,9.116473411305229e-07,-0.3174799830513551,-0.13501130141517353,7.214128599306635e-07,7.279812525925451e-07
277.0,-0.1027806313477326,-0.012093005354122239,7.898556066127978e-07,9.023248935687031e-07,0.32040004422464297,-0.01438252551968579,9.860537992737547e-07,1.3776787865553325e-06,-0.19227806866926722,-0.07177126210327796,7.547068375426083e-07,8.250774084141568e-07,0.2429448748156741,-0.13364683868509825,9.821202425231312e-07,1.2749983376640968e-06
278.0,0.2524098083090003,-0.011141556384111006,9.308984626569296e-07,1.2871234030845964e-06,-0.1641388138744064,-0.014921217204415,7.475093410206407e-07,8.486242128895772e-07,0.22205498334653256,-0.07071433316281102,9.212963932771756e-07,1.2486400303856274e-06,-0.1135518546801443,-0.13357455456997253,7.838086945359555e-07,8.926579067216883e-07
279.0,-0.3171847650634199,-0.012238485447477705,7.137715332170015e-07,7.281961974794274e-07,-0.0038810711342904844,-0.014881646788393047,8.277612465233521e-07,9.96126450489483e-07,-0.3640726674440618,-0.07176579672654311,6.959052801889496e-07,6.948407006112445e-07,0.0550796180663256,-0.1328983747397349,8.329503599576714e-07,1.0566247377460995e-06
280.0,0.2772351682943971,-0.011204650969828152,9.637062574267436e-07,1.3194766336223124e-06,0.18114074040451225,-0.01418156683413267,8.894326880068912e-07,1.1985838566010835e-06,0.217138579239519,-0.07073399538380716,9.332816059724549e-07,1.2425162771695686e-06,0.2082679614199838,-0.1316799235391645,8.707138852905026e-07,1.231543131385861e-06
281.0,-0.0714140558260901,-0.011418919314512358,7.769628132507332e-07,9.310762947402385e-07,-0.31677233072392935,-0.015258402292815219,7.169432349253903e-07,7.284965925395153e-07,-0.11594606735568372,-0.07089489243708787,7.609124023119541e-07,8.905232502769531e-07,-0.3231013642234084,-0.1323611386305675,7.174163400766374e-07,7.239004730403068e-07
282.0,-0.11717254149525276,-0.011793932159124913,7.846285257906076e-07,8.894317160458843e-07,0.31896328889430065,-0.014073218990733249,9.853890666964301e-07,1.3757008204821528e-06,-0.1658166020104463,-0.07123149424408558,7.638191022325712e-07,8.472015950126521e-07,0.25103223217156995,-0.13100158767027623,9.792553541989267e-07,1.2853515133353094e-06
283.0,0.2610959536738941,-0.010829656944167248,9.364409409693485e-07,1.2983522411256897e-06,-0.15981840160661565,-0.014588219636019053,7.487629110053007e-07,8.522985509619119e-07,0.20620862014756375,-0.07025114048298435,9.113756975951342e-07,1.229009573412261e-06,-0.10116509782832152,-0.13089615837754848,7.841389287212833e-07,9.037838078247962e-07
284.0,-0.31496877870187223,-0.011900569344722547,7.138194322842317e-07,7.298116595814922e-07,-0.009825418551343813,-0.014571449209664564,8.25322353657364e-07,9.902226931729613e-07,-0.36840259728216657,-0.07130096955622091,6.956567637221902e-07,6.918385932763656e-07,0.013514602332884271,-0.13038766978349767,8.203665264647369e-07,1.0136063373603072e-06
285.0,0.2683442809946783,-0.010917254080373773,9.58908785143415e-07,1.3077973122784286e-06,0.18534873083373293,-0.013869974893722818,8.917662920425222e-07,1.2036381126708122e-06,0.23358741451745768,-0.07023118575245361,9.420900314606047e-07,1.2631232383747382e-06,0.2294916555661702,-0.12912493530858654,8.878446076155482e-07,1.2579603702136894e-06
286.0,-0.05915075741701921,-0.011085902693438966,7.81281461517656e-07,9.425646598328043e-07,-0.31784866694505387,-0.014932837453342857,7.164864046821262e-07,7.277129071001698e-07,-0.13910047982956142,-0.07047198747999595,7.530803183253007e-07,8.70140592487992e-07,-0.3257682820493138,-0.12981249945802967,7.148852444802857e-07,7.219724620307794e-07
287.0,-0.13129630394565212,-0.011504754265746328,7.795797636995654e-07,8.769578898084875e-07,0.31742162630446447,-0.013774807962897534,9.846575036922722e-07,1.373581587982876e-06,-0.1384203203064314,-0.07070874125291035,7.735563289133719e-07,8.707326282149798e-07,0.2549382378628654,-0.12847190455447252,9.758114215652972e-07,1.2903819216678073e-06
288.0,0.2693917685353478,-0.010529419117131419,9.41836040112052e-07,1.3091679313966623e-06,-0.15546747053210075,-0.014266796374596158,7.500376138945577e-07,8.560149221868196e-07,0.18899865626548695,-0.06980697945597147,9.009650250013239e-07,1.2080393291988795e-06,-0.09057893012394884,-0.12834033172658876,7.847609611942997e-07,9.134022361048489e-07
289.0,-0.3121196275964661,-0.01157298385235403,7.140304306495302e-07,7.318939682755629e-07,-0.015765339301488965,-0.014271981644239387,8.22902501228576e-07,9.843582831585392e-07,-0.3703809857570691,-0.07084702792068116,6.959863425855837e-07,6.904712208198829e-07,-0.019291982214199716,-0.12796300179748016,8.104466066751005e-07,9.80892917141545e-07
290.0,0.25886325452508846,-0.010640445099328365,9.538001394699674e-07,1.2954566448825778e-06,0.18952159823877784,-0.013569245161884154,8.940981160900682e-07,1.2086712288785362e-06,0.2478027812225819,-0.06974823547535956,9.49688895874163e-07,1.2812072291538764e-06,0.24439863909582937,-0.12667899613922737,9.009439687744921e-07,1.2768532326680176e-06
291.0,-0.04681517465567561,-0.010764756884745368,7.857300096294226e-07,9.54263753420112e-07,-0.3188217079715411,-0.014618222697312527,7.160555523479421e-07,7.270051569768521e-07,-0.1618630596087976,-0.0700647812627597,7.457148187441874e-07,8.50557672266714e-07,-0.3265729963195835,-0.12736591710204645,7.133170865573884e-07,7.213917141872193e-07
292.0,-0.14512026394330746,-0.011224878484260991,7.747127640554359e-07,8.649182683749259e-07,0.3157753645314538,-0.01348673780954278,9.838595629425989e-07,1.3713221734266598e-06,-0.11030760398480267,-0.07020259914879409,7.838879987113751e-07,8.955586155253468e-07,0.25584898874844325,-0.12605353728749,9.720811816065794e-07,1.291557673472928e-06
293.0,0.27727470442384117,-0.010240238269557571,9.470626322598688e-07,1.319528801652552e-06,-0.1510893208017673,-0.013956371198594742,7.513329974973063e-07,8.597708998041421e-07,0.17057827708967085,-0.06938082141419182,8.901987768990629e-07,1.185990484185128e-06,-0.08111225697559647,-0.12590015407823438,7.857330892789694e-07,9.220901745811683e-07
294.0,-0.30865412443394147,-0.011255251487803774,7.144030830335429e-07,7.344347491364722e-07,-0.021698827228191827,-0.013982706083049154,8.205023659776637e-07,9.785348987453867e-07,-0.3699387546610324,-0.07040312730958924,6.969020653164403e-07,6.907766361917577e-07,-0.04572776889977488,-0.12562745889055255,8.024207359075352e-07,9.55301989707981e-07
295.0,0.2488097817312171,-0.010373675104010483,9.48404176098899e-07,1.2824980553075179e-06,0.19365766439883125,-0.013278840420398712,8.964269354623509e-07,1.2136807257106227e-06,0.25967270839768203,-0.06928422617159848,9.559443997141109e-07,1.2965056817967727e-06,0.2554742476032873,-0.124335588699048,9.11208100175335e-07,1.2910737643473287e-06
296.0,-0.03442231514601825,-0.010454920509557807,7.903061472110893e-07,9.661633930342763e-07,-0.3196852966999867,-0.014313997367289213,7.156515802754388e-07,7.263775945346931e-07,-0.18412836254705825,-0.06967221311881286,7.388254535155033e-07,8.318290212823219e-07,-0.3262147287039459,-0.12501761282068616,7.123663162484269e-07,7.216502117794949e-07
297.0,-0.15861292139730146,-0.010953768997395327,7.70030548559343e-07,8.533265995191235e-07,0.31402470791943815,-0.013208479841071276,9.829957286450295e-07,1.3689235593839191e-06,-0.08168699137879912,-0.06971266691766803,7.947757300510253e-07,9.215603698980543e-07,0.25468529585785177,-0.12373915184870454,9.682241667631355e-07,1.2900555711529238e-06
298.0,0.28472341502783827,-0.009961563681874409,9.520983860542419e-07,1.3293942867874814e-06,-0.14667893577288846,-0.013656367277084086,7.526499490830246e-07,8.635711947307122e-07,0.15108743876621775,-0.06897172696570869,8.791996430825984e-07,1.1630983535218786e-06,-0.07226349990440506,-0.12356641476164312,7.870530949213038e-07,9.302857333116101e-07
299.0,-0.30459084629615524,-0.010946945897975681,7.149359161306049e-07,7.374250328593194e-07,-0.02762469923319953,-0.013703084106368753,8.181222687600724e-07,9.727533733912502e-07,-0.3670158315553781,-0.0699685299910922,6.984158486385692e-07,6.927986768776444e-07,-0.06770323899418693,-0.12337958139787236,7.957061858997159e-07,9.345377667988509e-07
300.0,0.23820943967637895,-0.010116424612727834,9.42746683868565e-07,1.2689749386968373e-06,0.19775656209912132,-0.01299821861901712,8.987522834483955e-07,1.2186656882926106e-06,0.2691108717575362,-0.06883826531859677,9.607476251758523e-07,1.3088002419869215e-06,0.2642757986562466,-0.12208739679769195,9.195635475397967e-07,1.302487371036675e-06
301.0,-0.021984224613169474,-0.010155852519706045,7.950077471895334e-07,9.78255667292034e-07,-0.32044584555679506,-0.014019639306518042,7.152733319457728e-07,7.258253589132632e-07,-0.20578781919628797,-0.06929324722516716,7.324200171639311e-07,8.140057743609084e-07,-0.32507933032402664,-0.12276178860342729,7.118213228606896e-07,7.224700375871929e-07
302.0,-0.1717443201321556,-0.010690913670740647,7.655353613926577e-07,8.421944778164246e-07,0.3121700908082604,-0.012939540862429372,9.820665790857393e-07,1.3663870831499439e-06,-0.05278422554909405,-0.06923858159047819,8.061665619809879e-07,9.485846707389077e-07,0.252041503485878,-0.12152071809982033,9.642933124527202e-07,1.286649436614713e-06
303.0,0.2917115894334854,-0.009692885607690396,9.569203988348736e-07,1.338716861869073e-06,-0.14224286400583722,-0.013366284503166691,7.539876219898297e-07,8.674105680982305e-07,0.13066295374317674,-0.06857884054977305,8.680789988198592e-07,1.1395836241825379e-06,-0.06368441483118566,-0.12132983921114497,7.887032319804625e-07,9.383010667125419e-07
304.0,-0.29994925042044085,-0.010647676281416548,7.156275799134291e-07,7.408558178497003e-07,-0.03354056772856591,-0.013432647276934452,8.157629126980094e-07,9.670156808069729e-07,-0.3615855725105034,-0.0695426784838544,7.005389852896217e-07,6.965709861977123e-07,-0.08660103529722812,-0.12121559972458602,7.898918048475076e-07,9.170428904038152e-07
305.0,0.22708831122097042,-0.00986821402731036,9.368541591980987e-07,1.254940688392555e-06,0.20181674737198155,-0.01272691155677407,9.010730483719043e-07,1.2236237552968869e-06,0.2760678100440648,-0.06840952934113992,9.640210492557654e-07,1.3179372303802857e-06,0.27174165870223427,-0.11992721527072761,9.266553695223518e-07,1.3122479496804765e-06
306.0,-0.009516857329056105,-0.009867065802806264,7.998315632580688e-07,9.905282846419178e-07,-0.32110141285807964,-0.013734671364948272,7.149210750125411e-07,7.253496874758724e-07,-0.22671153640453912,-0.06892685616160854,7.265080873605839e-07,7.971506980846678e-07,-0.3233609858786332,-0.1205920315145443,7.115591096220396e-07,7.237125571958449e-07
307.0,-0.18448007563483113,-0.010435837821803087,7.612293922393998e-07,8.315365075722131e-07,0.31021182795732477,-0.012679471041422951,9.810727041659544e-07,1.3637139562817746e-06,-0.023815176510141728,-0.06877991257968194,8.179965723958644e-07,9.764661669667138e-07,0.24826883936457175,-0.11939053030646901,9.602821879861698e-07,1.2818044853818528e-06
308.0,0.2982230268773022,-0.009433698650702095,9.615072205198999e-07,1.3474622746747432e-06,-0.1377804674423956,-0.013085643107659875,7.553461505329546e-07,8.712899472630327e-07,0.10943615559817997,-0.06820128898170187,8.569370458341672e-07,1.1156488407295851e-06,-0.05514618048745275,-0.11918194475510857,7.906636813261729e-07,9.46346800406238e-07
309.0,-0.29475011669948,-0.010357052754419822,7.164767060614497e-07,7.447176567239034e-07,-0.039444622580369945,-0.013170947248348257,8.134248438198603e-07,9.613231881151502e-07,-0.35365232197990776,-0.06912507873250512,7.032827850583368e-07,7.021190362813403e-07,-0.10338021673027406,-0.11913080647671105,7.846966238566175e-07,9.017840349138912e-07
310.0,0.21547241306874543,-0.00962857060660316,9.307525522482224e-07,1.2404477623051939e-06,0.20583734109454646,-0.012464468898855047,9.033884123831996e-07,1.2285533525995517e-06,0.2805128146601805,-0.06799721456027065,9.657186808342583e-07,1.3238085067111878e-06,0.27839984131303736,-0.11784844954835702,9.329033879709248e-07,1.321014287714521e-06
311.0,0.0029676163893346324,-0.009588068397613007,8.047750556553854e-07,1.0029720241229294e-06,-0.32165214240577383,-0.013458641482478582,7.145947247072701e-07,7.249503259507588e-07,-0.24678775000030873,-0.06857210374174988,7.210931565045084e-07,7.813065082405822e-07,-0.3211466632494304,-0.1185021415538267,7.115106411167502e-07,7.253168658612491e-07
312.0,-0.1967941287692561,-0.010188087821881095,7.571135527231391e-07,8.213597102432754e-07,0.3081505533200312,-0.012427842781188487,9.80014849013756e-07,1.3609058624117692e-06,0.005002448439403628,-0.06833628786937439,8.301878582787275e-07,1.005014981575676e-06,0.24356504531673598,-0.11734166980103644,9.561600454980728e-07,1.275789299262193e-06
313.0,0.30422779288287394,-0.00918356424135472,9.658347105540085e-07,1.3555778119012368e-06,-0.13329273388192928,-0.01281399259301194,7.567254648060054e-07,8.752088513217499e-07,0.08752927138926776,-0.06783831483659918,8.458609871608068e-07,1.0914742129430152e-06,-0.0464851724055365,-0.11711529121510833,7.929218544401406e-07,9.54578714572053e-07
314.0,-0.28901444938968646,-0.010074745404247496,7.174820848635105e-07,7.490013827123735e-07,-0.04533495006889442,-0.012917562521279081,8.111085540190144e-07,9.556773240330848e-07,-0.3432516094454161,-0.06871542723981197,7.066583197994142e-07,7.094596823448218e-07,-0.11869128264838921,-0.11712031029610605,7.799321110202811e-07,8.88081924747067e-07
315.0,0.20338990034734644,-0.009397079862178944,9.244687784509013e-07,1.225550217560878e-06,0.20981681359813759,-0.012210469263757124,9.056972717958144e-07,1.2334520876112792e-06,0.2824629411954508,-0.06760057527652542,9.658330370485987e-07,1.326392619662413e-06,0.2845579546454346,-0.11584514120105353,9.385796685386236e-07,1.3291743428969262e-06
316.0,0.015455363194620073,-0.009318432890480214,8.098346080374312e-07,1.0155754150054243e-06,-0.32209830986347826,-0.013191126987173962,7.142941830656802e-07,7.246269488524006e-07,-0.2658708602434151,-0.06822801288718013,7.161837122429163e-07,7.665381116554056e-07,-0.31846941737320583,-0.11648635726488947,7.116376903220861e-07,7.272613191777146e-07
317.0,-0.20865579202120396,-0.009947257367233285,7.53188928837808e-07,8.116745724305061e-07,0.30598670391111965,-0.012184256858157263,9.788937100656123e-07,1.3579642508158404e-06,0.03344928441129722,-0.06790726431526065,8.426465305266562e-07,1.0340150017179706e-06,0.23803761513510252,-0.1153679851122081,9.518901660623187e-07,1.2687569163914322e-06
318.0,0.30971043177785607,-0.008942044508286463,9.698814392273366e-07,1.3630303667031294e-06,-0.12878052053565126,-0.012550911775382086,7.581255354923116e-07,8.791669034537766e-07,0.06505977624998002,-0.0674891289675712,8.349276215352273e-07,1.0672228170564943e-06,-0.037617645929865884,-0.11512348719025103,7.954618329640956e-07,9.630811084841865e-07
319.0,-0.28276441609394976,-0.009800421848680392,7.186424063897687e-07,7.536973259071133e-07,-0.05120964713892521,-0.012672099033575012,8.088145266323985e-07,9.500794682107464e-07,-0.33045080935945115,-0.06831346025406612,7.106759700793178e-07,7.185997089270097e-07,-0.1329652881040182,-0.11517941760063902,7.754753178047428e-07,8.754954816902966e-07
320.0,0.19086946977302466,-0.009173328437362564,9.180291057310875e-07,1.2103014608470256e-06,0.21375427718279102,-0.011964516607898868,9.079987631547113e-07,1.2383183343372674e-06,0.2819499172637962,-0.06721888719932281,9.64388359281636e-07,1.3257123230249049e-06,0.29037898454821504,-0.11391204759392386,9.438524371013305e-07,1.3369340693817703e-06
321.0,0.027932889898698052,-0.009057732741611596,8.150064957951454e-07,1.0283266709996682e-06,-0.32244032832146996,-0.012931730974607812,7.140193446696571e-07,7.243791554381112e-07,-0.2838289388387885,-0.06789368486798157,7.117842631868879e-07,7.528954248576409e-07,-0.31533515545424606,-0.11453953391124573,7.119203251425288e-07,7.295443225318407e-07
322.0,-0.22003835187619672,-0.00971295205569416,7.494557588768443e-07,8.024880204518875e-07,0.30372088578554973,-0.01194833775485577,9.777101255625455e-07,1.3548908340191012e-06,0.06130768017416871,-0.0674924383926954,8.552637935992048e-07,1.063225997427233e-06,0.23174765455351437,-0.11346410786011292,9.474409414234847e-07,1.2608015311581025e-06
323.0,0.31464464144331317,-0.00870874897984584,9.736243565210366e-07,1.3697724640950607e-06,-0.12424493332424325,-0.012296005233398764,7.595462632819737e-07,8.83163498218483e-07,0.04213809814693472,-0.06715302496687611,8.242023967133112e-07,1.0430385104917996e-06,-0.02848535306756799,-0.11320101574001216,7.98273161137706e-07,9.719165296385943e-07
324.0,-0.276022379218561,-0.00953379104848385,7.199566070546134e-07,7.587959493115924e-07,-0.057066778188551576,-0.012434186631408497,8.065432367644327e-07,9.445309931926789e-07,-0.31534735164150807,-0.06791905683932868,7.153452024924545e-07,7.295354249269257e-07,-0.14648435491762535,-0.11330374209549862,7.712468917757003e-07,8.637392455015646e-07
325.0,0.17794101570665408,-0.008956945489237273,9.114597518861513e-07,1.1947548473871963e-06,0.2176484632878374,-0.011726240016272354,9.102918661814237e-07,1.2431499779423018e-06,0.27904006825102995,-0.06685149030058911,9.614430647511608e-07,1.3218603074404003e-06,0.29594271085512586,-0.11204452224026594,9.488232780748638e-07,1.344393135494068e-06
326.0,0.040386587047877655,-0.00880558495998232,8.202865263774061e-07,1.0412132159423956e-06,-0.3226784882732053,-0.012680081268594235,7.137701334079469e-07,7.242066578752349e-07,-0.3005146870000451,-0.06756824857267334,7.079006829872399e-07,7.404370292804214e-07,-0.3117375573238305,-0.11265707756260816,7.123489032626512e-07,7.321736566304629e-07
327.0,-0.2309105736566972,-0.009484805108901937,7.459147206783548e-07,7.938104504279093e-07,0.30135372578551584,-0.011719733234789616,9.764649502966775e-07,1.3516873836680286e-06,0.08836091854766073,-0.06709140096680076,8.679150429945213e-07,1.0923823119272989e-06,0.22472885401410225,-0.11162531630396379,9.427878291210423e-07,1.2519831999468862e-06
328.0,0.31901126215727893,-0.008483292708700166,9.77042233166968e-07,1.375766818922461e-06,-0.11968680608937071,-0.01204890113983407,7.609876262408518e-07,8.871982583017805e-07,0.018869345991686125,-0.06682932551875659,8.137409199052919e-07,1.0190484971494113e-06,-0.01906477804527033,-0.11134311954097996,8.013442455045031e-07,9.811158054212071e-07
329.0,-0.26881079037218725,-0.00927456169855879,7.214234958958556e-07,7.642878525890953e-07,-0.06290447015313214,-0.01220347733744288,8.042951516150583e-07,9.390331751008442e-07,-0.2980618814279038,-0.06753216003519777,7.206740067042983e-07,7.422554065029003e-07,-0.15942800482288266,-0.11148927420749032,7.671971788339002e-07,8.52631350532702e-07
330.0,0.16463451043153368,-0.008747564510285782,9.047860360861152e-07,1.1789621415941778e-06,0.22149806393487864,-0.011495290848738876,9.125755069391157e-07,1.2479448321172113e-06,0.2738341295101101,-0.06649771673354532,9.570868355833722e-07,1.3149966650082467e-06,0.30127498039088113,-0.1102384734359801,9.535475449224998e-07,1.3515809487022655e-06
331.0,0.05280302095372387,-0.008561611079880918,8.256701171177745e-07,1.0542219650295339e-06,-0.3228132591522525,-0.01243582851732955,7.135463980859077e-07,7.241090624839973e-07,-0.3157749591438927,-0.06725082018493611,7.045395598500246e-07,7.292235367935768e-07,-0.3076688613504974,-0.11083493986472488,7.129190424191846e-07,7.351587171729192e-07
332.0,-0.24125034815924049,-0.00926248076987899,7.425651633738903e-07,7.856449170084534e-07,0.29888592736962466,-0.01149811238513993,9.75159075882665e-07,1.348355804207874e-06,0.11439242045898174,-0.06670370199022552,8.804596934990951e-07,1.1211920172542637e-06,0.21700620355510583,-0.10984746654117117,9.379162570301359e-07,1.2423518091130098e-06
333.0,0.32279008402484766,-0.008265325920645578,9.801142357596526e-07,1.3809754316743353e-06,-0.11510738486920812,-0.011809251341548543,7.624493994812518e-07,8.912704298101576e-07,-0.004643735818343679,-0.06651733572544509,8.035908324138195e-07,9.953670296533798e-07,-0.009349636406417325,-0.10954567125548122,8.046647476946448e-07,9.906939355453378e-07
334.0,-0.26115264502242264,-0.009022473582626946,7.230419711564911e-07,7.701633490411127e-07,-0.06872088741526423,-0.011979645461529726,8.020706344323832e-07,9.335872196594616e-07,-0.278746269347922,-0.06715275169437467,7.266675534691097e-07,7.567318849335632e-07,-0.1719036084035713,-0.10973237166610424,7.632972606516433e-07,8.420603367976865e-07
335.0,0.15098116799935113,-0.008544850771934474,8.980329137640639e-07,1.1629747567353875e-06,0.22530204184731553,-0.011271341917324217,9.148487353920283e-07,1.252701027189751e-06,0.2664379776876043,-0.0661569584723389,9.51430242806361e-07,1.3053066286904904e-06,0.3063736752914824,-0.10849026406324576,9.580523450897404e-07,1.3584898458050122e-06
336.0,0.06516831617933905,-0.008325466346484255,8.311519739437526e-07,1.0673386596323267e-06,-0.3228451981193752,-0.012198645060782705,7.133480419961443e-07,7.240859355577844e-07,-0.3294576920392866,-0.06694059160795482,7.017072272278107e-07,7.193137172325333e-07,-0.3031201148861949,-0.10906951957164741,7.136302119602658e-07,7.385103849527045e-07
337.0,-0.25103079489488667,-0.00904566019974361,7.394068549275661e-07,7.779984128114892e-07,0.2963182636594854,-0.01128316461947627,9.737935016777023e-07,1.3448981209246764e-06,0.13919079910373564,-0.06632892576014565,8.927443502197325e-07,1.1493433727709746e-06,0.20859991633346683,-0.10812688029596457,9.328197412359756e-07,1.2319520160413714e-06
338.0,0.3259620768576801,-0.008054513048686145,9.828206005495737e-07,1.3853628305661792e-06,-0.11050709903455959,-0.011576726555615572,7.639317265637704e-07,8.953799738344413e-07,-0.028302240436360614,-0.0662164207739806,7.937915263771129e-07,9.720945161269402e-07,0.0006520212646011376,-0.10780504922625876,8.082241632164925e-07,1.0006522338776734e-06
339.0,-0.25307056771890446,-0.008777274271902127,7.248110948071763e-07,7.764130901905745e-07,-0.07451410043613454,-0.011762382525764595,7.998701395039014e-07,9.281943860219778e-07,-0.2575684791330377,-0.06678088112312237,7.333283329741235e-07,7.729286950149976e-07,-0.1839702762448419,-0.10802972541215429,7.595314716064377e-07,8.319605324511559e-07
340.0,0.13701214165035414,-0.008348481872130786,8.912241847413918e-07,1.1468420729924737e-06,0.22905913893686522,-0.01105408393322745,9.171104891887472e-07,1.2574163990813257e-06,0.25698576545230334,-0.06582862628025347,9.44604682514448e-07,1.2930267209791153e-06,0.31121694284311235,-0.1067966469761094,9.623443794732771e-07,1.365085334560097e-06
341.0,0.07746841576120535,-0.00809681941572804,8.367263579262391e-07,1.0805481036313425e-06,-0.3227746840628874,-0.011968220590499179,7.131750448394177e-07,7.241369955945503e-07,-0.3414091934953115,-0.06663678043630937,6.994105629397208e-07,7.107680070485892e-07,-0.2980853630871973,-0.10735761095297475,7.144833122908075e-07,7.422379773189699e-07
342.0,-0.26022973895470186,-0.008834050174613927,7.364390378873572e-07,7.708744655654818e-07,0.29365144323603765,-0.011074595842468369,9.72369167043844e-07,1.3413162973113273e-06,0.16254942043074813,-0.06596664534605481,9.046041498245729e-07,1.1765064604692078e-06,0.19953097480467386,-0.10646027590689976,9.274996277624813e-07,1.2208300238180909e-06
343.0,0.3285094834928041,-0.007850541330102505,9.851430414621739e-07,1.3888964118561633e-06,-0.10588726789968711,-0.011351017626891747,7.654343258322558e-07,8.995260478218702e-07,-0.05201185283800733,-0.06592596081979228,7.843749691579859e-07,9.493176146692498e-07,0.010924028749732159,-0.10611804761344018,8.120124561424869e-07,1.0109839138162106e-06
344.0,-0.24458898704323834,-0.008538734486245342,7.267296162712118e-07,7.830263060700281e-07,-0.0802822179727667,-0.011551399023246036,7.976940022935449e-07,9.228558631219121e-07,-0.23471502254986806,-0.0664166266969146,7.406546946430167e-07,7.9079617659943e-07,-0.1956540118167996,-0.10637832657914761,7.558930173946104e-07,8.22296690404976e-07
345.0,0.12275953826785926,-0.008158159782610256,8.843828023214608e-07,1.1306125192141992e-06,0.23276797084222675,-0.010843226936679448,9.193595602141714e-07,1.262088603996209e-06,0.24562277310870959,-0.0655121646684925,9.367540452004275e-07,1.2784172292149624e-06,0.31577364579838135,-0.10515469767370551,9.664181633957305e-07,1.371319816491913e-06
346.0,0.08968914481020614,-0.007875364104596336,8.423869686521557e-07,1.0938342068117479e-06,-0.32260250225506504,-0.011744265304651662,7.130272347442054e-07,7.242616895462698e-07,-0.3514798283901013,-0.06633866080641622,6.976569513171785e-07,7.03646043493044e-07,-0.29256182380936663,-0.10569633676658313,7.154803355943369e-07,7.463491014656873e-07
347.0,-0.26882471907576505,-0.008627379536789907,7.336608949054312e-07,7.642772071242874e-07,0.2908863992303449,-0.010872130824723719,9.70887222485446e-07,1.3376126214967082e-06,0.18427052733053373,-0.06561644412590628,9.158670931593473e-07,1.2023410452181381e-06,0.1898204372816663,-0.10484470341197723,9.219627460463434e-07,1.2090324810071729e-06
348.0,0.3304161693618707,-0.00765311646524203,9.87065029217029e-07,1.391547127255999e-06,-0.10124855872128603,-0.011131833203736828,7.669573165964258e-07,9.037083803688134e-07,-0.07566166709879373,-0.0656453097091617,7.75372140180959e-07,9.271298320282752e-07,0.021442451027137016,-0.10448180929002575,8.160188362922698e-07,1.0216739923576774e-06
349.0,-0.2357253944007393,-0.00830661869428357,7.287971541150484e-07,7.89997581909552e-07,-0.08602324776001273,-0.011346421784127304,7.95542629995511e-07,9.17572899458551e-07,-0.21038756604345843,-0.06606004396799922,7.486395291932955e-07,8.102701519119245e-07,-0.20695944651478262,-0.10477544148837749,7.523801697992706e-07,8.130526214372904e-07
350.0,0.10825483392481562,-0.007973585972514715,8.775305207894895e-07,1.1143316787233575e-06,0.23642763957722202,-0.010638495894523448,9.215950969378657e-07,1.2667158922075395e-06,0.2325045184056119,-0.06520700236121747,9.280298931402809e-07,1.2617561474734258e-06,0.320005084694516,-0.10356178284214065,9.70258555177277e-07,1.3771347666291278e-06
351.0,0.10181645274434224,-0.007660793839418256,8.481269317499151e-07,1.1071802331843535e-06,-0.322329138355901,-0.011526503422903442,7.129045195949562e-07,7.244597036094544e-07,-0.3595280372573514,-0.06604552382815804,6.964538867815411e-07,6.980056810195813e-07,-0.2865526250356905,-0.1040831242728915,7.166227812464939e-07,7.508475641122669e-07
352.0,-0.276796737076839,-0.008425384587251838,7.310711716598137e-07,7.582085971451457e-07,0.28802394504688894,-0.010675507830659712,9.6934868377787e-07,1.3337892413882722e-06,0.2041672934665351,-0.06527787377902537,9.263579934564895e-07,1.2265033222877585e-06,0.17949490017321015,-0.10327750488526054,9.162222655407263e-07,1.1966128015350943e-06
353.0,0.33166716814254577,-0.007461949593683007,9.8857161924365e-07,1.3932890403538547e-06,-0.09659216579533808,-0.010918897796565318,7.685003867112676e-07,9.079262140027127e-07,-0.09916297768511607,-0.06537386557479334,7.668025787574905e-07,9.055951042029811e-07,0.032180871199548884,-0.10289377010881631,8.202328339303237e-07,1.032704274876e-06
354.0,-0.22650656684120785,-0.008080719698902004,7.31012384342837e-07,7.973141064614631e-07,-0.09173546389981913,-0.011147193181037785,7.934162741884517e-07,9.123464662022947e-07,-0.18479916264751298,-0.06571122517104395,7.57269160707499e-07,8.312712173996512e-07,-0.21787477526202725,-0.10321857520811915,7.489953513899435e-07,8.042261443701971e-07
355.0,0.09352864161031144,-0.007794496145918303,8.706875641801184e-07,1.0980420525845927e-06,0.2400364206526056,-0.010439633705450056,9.238156761917158e-07,1.2712954508894985e-06,0.2177926967389655,-0.06491262257411434,9.185858834317306e-07,1.243329294685316e-06,0.3238720306043427,-0.10201550307906997,9.73846176937497e-07,1.382470381901311e-06
356.0,0.11383442410846516,-0.007452841875540822,8.539381571105411e-07,1.120566570715079e-06,-0.3219552304879112,-0.011314677516636744,7.128068471137478e-07,7.247306354412908e-07,-0.36542578659657876,-0.06575676067530105,6.958090770729074e-07,6.939011341673311e-07,-0.2800629354895073,-0.10251563631617795,7.179126316255986e-07,7.557361773335025e-07
357.0,-0.28412781350742966,-0.008227841796078326,7.286686484133979e-07,7.526704371102592e-07,0.285065121518331,-0.010484482001132634,9.67754743945863e-07,1.3298486270647907e-06,0.2220699422056652,-0.06495052341232915,9.359057078567489e-07,1.2486587087556524e-06,0.16858297930110874,-0.10175625644049928,9.102950605231401e-07,1.1836264392658911e-06
358.0,0.332249704160385,-0.007276787198434573,9.896500042188063e-07,1.3941009178541054e-06,-0.09191880438624997,-0.010711952175392737,7.700635879638902e-07,9.121792114901364e-07,-0.12240720028647925,-0.0651110169231508,7.586867937901225e-07,8.847880092084644e-07,0.04311106634466605,-0.10135159911428375,8.246441469529675e-07,1.044053847656804e-06
359.0,-0.21695290535973083,-0.00786084323788108,7.333744297751122e-07,8.049678780857959e-07,-0.09741696118274454,-0.010953470306332437,7.913153658385894e-07,9.071776693898053e-07,-0.15817218055914734,-0.065370240220187,7.665219687696814e-07,8.537027782923992e-07,-0.2283794685810208,-0.10170543719079275,7.457425894860434e-07,7.958222130053192e-07
360.0,0.07861940146654046,-0.007620620335924354,8.638747806908821e-07,1.0817925150650555e-06,0.24359353693094396,-0.010246395286228891,9.260204537988627e-07,1.2758256490765484e-06,0.20165337569750968,-0.06462850795374896,9.085741346426568e-07,1.2234238661636162e-06,0.3273347475297542,-0.10051365889990234,9.771585700079793e-07,1.3872657832587556e-06
361.0,0.1257286664707277,-0.007251231729811744,8.598126999620844e-07,1.1339744412504672e-06,-0.3214816027908864,-0.011108542675438468,7.127340894086581e-07,7.250739692428989e-07,-0.36906362014173244,-0.06547181851382648,6.957300261191881e-07,6.9138142326764e-07,-0.27310160764016206,-0.10099174186040169,7.193515725295144e-07,7.610154587162708e-07
362.0,-0.29080158868925576,-0.008034520008705236,7.264521582770278e-07,7.476640082990322e-07,0.2820109319621096,-0.010298820369809883,9.661066644027038e-07,1.3257932134300712e-06,0.23782907958360416,-0.06463397072902695,9.443489859658035e-07,1.268492363053502e-06,0.15711633040237072,-0.10027873613591888,9.042010454784681e-07,1.1701317278795643e-06
363.0,0.3321526056417167,-0.007097365392588372,9.902898329263267e-07,1.393965559291772e-06,-0.08722944308402576,-0.01051075045993169,7.716467704939708e-07,9.164667945411793e-07,-0.14528479004891393,-0.06485614929464648,7.510410109298966e-07,8.647759784460871e-07,0.05420355150450617,-0.09985316509558713,8.292422047526959e-07,1.0556994695024316e-06
364.0,-0.2070856324728299,-0.007646783708742881,7.358824889503734e-07,8.129500320861154e-07,-0.10306563156316258,-0.010765022111314191,7.892401986065586e-07,9.020677674218923e-07,-0.13073794964676874,-0.0650371432516578,7.763658347741031e-07,8.774476797416344e-07,-0.23844717468382376,-0.10023391786918119,7.426268815589143e-07,7.878503056001875e-07
365.0,0.06355346539444479,-0.00745171453311771,8.571089258037725e-07,1.0656164578837492e-06,0.24709749138849754,-0.01005854947158868,9.282081217732528e-07,1.280303925302755e-06,0.18425461191321868,-0.06435415214161704,8.981417158606044e-07,1.2023219096109245e-06,0.3303545506499769,-0.09905422343488213,9.801718400636612e-07,1.3914613845561826e-06
366.0,0.13748379783944734,-0.007055715865433105,8.657413482211027e-07,1.1473831157371625e-06,-0.32090907283502396,-0.010907867841434132,7.126861083344373e-07,7.254892146693867e-07,-0.370356820623558,-0.0651902250063218,6.962234418531771e-07,6.904879063507227e-07,-0.2656809528615845,-0.09950948772293323,7.209408906538107e-07,7.666836967246655e-07
367.0,-0.29680489921763314,-0.00784522317701948,7.244201471799036e-07,7.431889949734784e-07,0.2788622690965557,-0.010118303435608546,9.644056170993392e-07,1.3216253026878465e-06,0.2513207007562432,-0.06432779741568811,9.515439640371959e-07,1.2857223503520119e-06,0.14512868934584075,-0.0988428986845987,8.979621020636732e-07,1.1561883498182078e-06
368.0,0.33136678165866573,-0.006923451424748597,9.904830330010241e-07,1.3928705780113566e-06,-0.082524884275399,-0.01031506044876015,7.73249837591113e-07,9.207885244174086e-07,-0.16767988427500527,-0.06460864547780583,7.438790783666e-07,8.456244890592208e-07,0.06542825756888444,-0.09839650967304032,8.340162375704281e-07,1.0676161411895354e-06
369.0,-0.19692586180127,-0.007438363105985783,7.385355921135534e-07,8.212515171647286e-07,-0.10867988511169967,-0.010581631789310122,7.871910238906297e-07,8.970175202070394e-07,-0.1027347543553344,-0.06471196826609181,7.86757165923526e-07,9.023662904705616e-07,-0.24804892100226753,-0.09880207176336343,7.396533718901794e-07,7.803217682220487e-07
370.0,0.04836565410557196,-0.007287541437846438,8.504074328339422e-07,1.0495543590302274e-06,0.2505469615094347,-0.009875878834448648,9.303774978658969e-07,1.2847279212730603e-06,0.1657661516234778,-0.06408905442855244,8.874285213405471e-07,1.180297058898594e-06,0.3328942482450528,-0.09763532495252987,9.828617159268288e-07,1.3949997669969694e-06
371.0,0.1490827397587738,-0.006866058200119699,8.71713841688763e-07,1.1607690269864053e-06,-0.3202381641724075,-0.010712434859618349,7.126629452367855e-07,7.259761149826986e-07,-0.3692521593736559,-0.06491159649039907,6.972945796125537e-07,6.912510830326409e-07,-0.2578161144469579,-0.09806707910211054,7.226814225719704e-07,7.727373142722628e-07
372.0,-0.30212668487286143,-0.007659769562143198,7.225709708678708e-07,7.392444078741078e-07,0.27562043308302253,-0.009942722849019852,9.626528476322255e-07,1.3173477474976759e-06,0.2624515574321723,-0.06403158801211259,9.573718037126942e-07,1.30011348580857e-06,0.13265671736882548,-0.09744685384278007,8.916018325247614e-07,1.1418579510425127e-06
373.0,0.32988576201458825,-0.006754821756307456,9.902243564187472e-07,1.3908092361443456e-06,-0.07780603570739157,-0.010124662025583852,7.748727253728543e-07,9.251438540158458e-07,-0.18946853422946172,-0.06436788009312426,7.372132379259631e-07,8.273987512279362e-07,0.07675549686826709,-0.09697982341191937,8.389553833245795e-07,1.0797780350043875e-06
374.0,-0.1864932745048514,-0.007235405854565595,7.413330166383155e-07,8.298641431806765e-07,-0.1142578103600514,-0.010403092903483497,7.85168063498773e-07,8.920279521883773e-07,-0.0744086045522631,-0.06439472694996688,7.976379053986589e-07,9.282923118744321e-07,-0.2571539149039931,-0.0974080963838233,7.368272471226969e-07,7.732491900318477e-07
375.0,0.03308837825152009,-0.007127875763616033,8.437858796021793e-07,1.0336418866683584e-06,0.253940745886849,-0.00969817600004261,9.325274348691091e-07,1.289095417800261e-06,0.14635926903663346,-0.06383271629400261,8.765659030433238e-07,1.157612007502685e-06,0.3349194112992708,-0.09625522303000172,9.852046372856251e-07,1.39782773156389e-06
376.0,0.16050746969728588,-0.006682037078879592,8.77718948306257e-07,1.174106543329495e-06,-0.3194701829440655,-0.010522037720638417,7.126642930008905e-07,7.265338651546479e-07,-0.36573326887056756,-0.06463564329553602,6.989463533378141e-07,6.936878046678745e-07,-0.24952357916283194,-0.09666285163673799,7.245739245141022e-07,7.791719083921402e-07
377.0,-0.30675805923650257,-0.007477994697334825,7.209030675537577e-07,7.358286063085529e-07,0.2722863703204587,-0.009771882792147442,9.608497368918592e-07,1.3129629410990462e-06,0.2711642429489326,-0.06374492741690349,9.61745791127994e-07,1.3114904557576016e-06,0.11973860614923026,-0.09608884246489191,8.851444990470257e-07,1.127202169352477e-06
378.0,0.32770506510384,-0.006591267025903146,9.895112044414352e-07,1.3877796072913869e-06,-0.07307369118754707,-0.009939347893722575,7.765153502756222e-07,9.29532329161599e-07,-0.21051923652091958,-0.06413321923992998,7.310538591857839e-07,8.101634702777147e-07,0.08815577698372025,-0.09560142283672098,8.440484420368675e-07,1.0921582418952333e-06
379.0,-0.17580797754307248,-0.007037749111700427,7.442738612261827e-07,8.387790322855093e-07,-0.11979732541433744,-0.010229210631243985,7.831716572679899e-07,8.871002111673126e-07,-0.046012302816171705,-0.06408540679554013,8.089340107027186e-07,9.550302125582496e-07,-0.2657312217065995,-0.09605031412661512,7.341534063696737e-07,7.666451573894114e-07
380.0,0.01775497563730915,-0.006972505099203033,8.372589154833711e-07,1.0179135322176042e-06,0.25727749571513103,-0.009525245614542998,9.346566938295423e-07,1.29340399103214e-06,0.12620782430258065,-0.0635846351347556,8.65676137982208e-07,1.1345179241817666e-06,0.33639914362711876,-0.09491228923778951,9.871787234509473e-07,1.3998976735493871e-06
381.0,0.1717469401222081,-0.006503425190485418,8.837464757910034e-07,1.187377317633586e-06,-0.31860537469143974,-0.01033647954912803,7.126903450559879e-07,7.271624494002911e-07,-0.3598268037417732,-0.06436217363503649,7.011780403172964e-07,6.977971714655408e-07,-0.24082072614392744,-0.09529525101444604,7.266190680596936e-07,7.859825198766386e-07
382.0,-0.31069248889149587,-0.007299731639964503,7.194147312621495e-07,7.329392281736429e-07,0.26886151507423284,-0.009605594746449075,9.589975968885765e-07,1.3084739245858763e-06,0.27744130314247256,-0.06346740013561891,9.646170170795835e-07,1.3197486517729701e-06,0.10641523700165467,-0.09476721308770232,8.786152293995216e-07,1.1122836419544329e-06
383.0,0.3248223875729397,-0.006432572059774152,9.883437460255755e-07,1.3837848467691204e-06,-0.06832888856486585,-0.00975891927339011,7.781774904176333e-07,9.339532565146406e-07,-0.23069206950507395,-0.0639040180713094,7.25410164588929e-07,7.939839202581786e-07,0.0996039011107383,-0.09425971670598315,8.492854954580625e-07,1.104733247789738e-06
384.0,-0.16489064963036246,-0.00684522330344756,7.473569059047627e-07,8.4798642664825e-07,-0.12529658759436313,-0.010059798617975978,7.812020654576091e-07,8.822352037623378e-07,-0.0178065529809351,-0.06378397258930323,8.205531260714985e-07,9.823510468615115e-07,-0.27375153043770756,-0.09472714330424285,7.316363276586391e-07,7.605210181118812e-07
385.0,0.0023974346440035366,-0.0068212163996879465,8.308393924111809e-07,1.002400310789439e-06,0.2605560444814283,-0.009356900324211291,9.367640908293856e-07,1.2976514380176912e-06,0.10548954974141118,-0.06334430110272994,8.548722248472589e-07,1.1112544915664895e-06,0.3373054547670643,-0.09360498071184985,9.887642060413442e-07,1.4011669915173311e-06
386.0,0.1827753926655422,-0.0063300334746484894,8.897817676876492e-07,1.200544726646002e-06,-0.31764527869966425,-0.010155574879588113,7.127407537501769e-07,7.278609304040819e-07,-0.35160936717535485,-0.06409110179203725,7.039829290806356e-07,7.035548999427612e-07,-0.23172552530954715,-0.09396280595692161,7.288175142935786e-07,7.931637968207859e-07
387.0,-0.3139262083524791,-0.007124855631955546,7.181042935718143e-07,7.305729363517514e-07,0.26534682517161556,-0.009443682372995857,9.570978547668354e-07,1.3038831168539569e-06,0.28130947957267954,-0.06319859382985452,9.659792047940988e-07,1.3248635587050033e-06,0.0927221193931141,-0.09348041596893701,8.720359770997572e-07,1.0971568143039225e-06
388.0,0.3212385243953502,-0.006278558260751149,9.867252007390322e-07,1.378834427322691e-06,-0.06357241345044212,-0.009583189411855254,7.798590904041956e-07,9.384061636129559e-07,-0.24984011468700643,-0.06367962867742451,7.202898565374389e-07,7.789253118340397e-07,0.1110680532489165,-0.09295322919260235,8.546533899186217e-07,1.1174709517968334e-06
389.0,-0.15375542624453845,-0.006657676173305873,7.505819448670518e-07,8.574817128914658e-07,-0.1307540145298084,-0.00989468253555179,7.792593853786044e-07,8.774335837605114e-07,0.009940241495593668,-0.0634903745124553,8.323830186948997e-07,1.0099898098012663e-06,-0.28118876453095304,-0.0934371251703359,7.292788428035852e-07,7.548858263621164e-07
390.0,-0.012950955360993846,-0.006673812786607637,8.245395096452768e-07,9.871325473935195e-07,0.26377481469035413,-0.009192965875998186,9.388483051891209e-07,1.3018350091730696e-06,0.08439035129953225,-0.06311119316421943,8.442593819471803e-07,1.0880535340360614e-06,0.33761010842682165,-0.0923318758534201,9.899413576213358e-07,1.401593927199685e-06
391.0,0.1935823887277705,-0.006161648588361145,8.958130969954189e-07,1.2135893685180715e-06,-0.3165905095464179,-0.009979148852137368,7.128155258191127e-07,7.286290606901766e-07,-0.34121118854015575,-0.06382244634932413,7.073467694743501e-07,7.109087565700425e-07,-0.22226140211366335,-0.09266417643209081,7.311682381283317e-07,8.007060307276732e-07
392.0,-0.3164579483594119,-0.006953220781654642,7.169698973868739e-07,7.287256550255371e-07,0.2617437092615732,-0.00928597829572484,9.551517986558437e-07,1.2991935284895338e-06,0.28284371819893056,-0.06293809388874186,9.65872004838699e-07,1.3268977756393517e-06,0.07870386822847705,-0.09222701305285466,8.654318727133258e-07,1.0818838944350956e-06
393.0,0.3169558406248503,-0.006129024696650812,9.846612362819235e-07,1.372941942329869e-06,-0.058805119780921344,-0.009411981200267325,7.815599973238e-07,9.42890501962106e-07,-0.267812341648646,-0.0634594024072149,7.156987845985011e-07,7.650513359059762e-07,0.12252050510049999,-0.09168058170895299,8.601397699064865e-07,1.1303422976199237e-06
394.0,-0.14242421218803128,-0.006474951568456347,7.539475158939464e-07,8.672532790309642e-07,-0.13616753909641507,-0.00973369581421694,7.77343897573163e-07,8.726964094730104e-07,0.036951905360718504,-0.06320455137227089,8.44290847245299e-07,1.0376431145677943e-06,-0.2880167643861171,-0.09217889689341278,7.270843455428386e-07,7.497490230523206e-07
395.0,-0.028259634049164963,-0.006530102663344217,8.183695999926165e-07,9.721359344446212e-07,0.26693285813800954,-0.009033274158641682,9.40908250319879e-07,1.3059527592883276e-06,0.06310650446881796,-0.06288477654735675,8.339353472836861e-07,1.0651402753907815e-06,0.33729069154146435,-0.091091632112565,9.906944173324004e-07,1.4011463059256257e-06
396.0,0.20414319854237628,-0.005998099377471185,9.018245408663432e-07,1.2264737701392573e-06,-0.315442212035424,-0.00980703410277497,7.129145688941898e-07,7.294662241913978e-07,-0.3288219449759352,-0.06355633505348952,7.112442942581654e-07,7.197711642107714e-07,-0.212450494162439,-0.09139809388541822,7.336707576799046e-07,8.086003457687767e-07
397.0,-0.3182882405559665,-0.006784724418223063,7.160100105930716e-07,7.27393094005736e-07,0.2580513464345494,-0.009132327854570122,9.531602988500783e-07,1.2944052800152306e-06,0.2821702368156811,-0.06268548726540597,9.64381770978628e-07,1.3260044355477103e-06,0.06440251568839947,-0.09100564902503078,8.588259134189581e-07,1.0665216040534934e-06
398.0,0.3119801948785327,-0.005983807535567898,9.82160859280845e-07,1.366127636439138e-06,-0.05402804793680687,-0.009245131171359661,7.832800215633062e-07,9.474055333595565e-07,-0.28445892073308304,-0.06324270694748556,7.116401372591184e-07,7.524212637438238e-07,0.1339317961122297,-0.0904404795648869,8.657306685272333e-07,1.143314838469582e-06
399.0,-0.13091383836978915,-0.006296915382270207,7.574524820345967e-07,8.772933601616622e-07,-0.14153551729684233,-0.00957668602380448,7.754558418061552e-07,8.68024345159923e-07,0.0629522120483442,-0.06292642895501481,8.561240571990045e-07,1.0649759449973406e-06,-0.2942114847420186,-0.0909511838385138,7.250558660161873e-07,7.451188935028757e-07
400.0,-0.04349059010904863,-0.006389899569087153,8.123403764832143e-07,9.574415634702403e-07,0.2700283055473461,-0.008877673544876605,9.429423354905953e-07,1.3100015305201187e-06,0.0418506913983723,-0.06266448615413134,8.23992543324872e-07,1.0427387772596138e-06,0.336328413987908,-0.08988298484394776,9.910105562866578e-07,1.3997986627935438e-06
