period,full_local_log_factor,full_cumulative_lambda,full_rolling_lambda,full_x_rms_projection,phase_only_local_log_factor,phase_only_cumulative_lambda,phase_only_rolling_lambda,phase_only_x_rms_projection,kappa_only_local_log_factor,kappa_only_cumulative_lambda,kappa_only_rolling_lambda,kappa_only_x_rms_projection,open_local_log_factor,open_cumulative_lambda,open_rolling_lambda,open_x_rms_projection
1.0,-1.0725175525165638,-1.0725175525165638,nan,0.09443124924410416,-1.6125481289182353,-1.6125481289182353,nan,0.09447337300283835,-1.134698422742933,-1.134698422742933,nan,0.09549720315841768,-1.842172993430238,-1.842172993430238,nan,0.09554238027080413
2.0,-0.8063583713753161,-0.9394379619459399,nan,0.0387173961657797,-0.3558371412040964,-0.9841926350611658,nan,0.06653904573176408,-2.0180461801256384,-1.5763723014342856,nan,0.04288533269674383,-1.8810233189921834,-1.8615981562112107,nan,0.08722533600524636
3.0,0.1535536432470391,-0.5751074268816135,nan,0.01631396419639231,0.16977403967749247,-0.5995370768149464,nan,0.017373620305143167,-1.300677760792324,-1.4844741212202983,nan,0.047077637146764974,-1.9231883934162906,-1.8821282352795707,nan,0.08312436387254891
4.0,-0.1868838992245234,-0.47805154496734104,nan,0.008124311099245028,-0.19367313423277144,-0.4980710911694026,nan,0.008147066251083293,-0.19920617854745132,-1.1631571355520867,nan,0.028100797581382647,-1.9304996787562476,-1.89422109614874,nan,0.08719344335644735
5.0,0.14537845913896366,-0.35336554414608007,nan,0.010215255993957312,0.1555303217954899,-0.3673508085764241,nan,0.010240956678040253,-0.0583992960129011,-0.9422055676442496,nan,0.009745978781251158,-1.8886149701137824,-1.8930998709417484,nan,0.09612114836331101
6.0,-0.011910905939011934,-0.2964564377782354,nan,0.008351000810220874,-0.03287015678195894,-0.3116040332773466,nan,0.008264468048500576,0.07143599250821722,-0.7732653076188384,nan,0.008791930388987053,-1.8424175733949606,-1.884652821350617,nan,0.1002826745082774
7.0,-0.10104531711386498,-0.26854056339761107,nan,0.008951299233225756,-0.08484893295668416,-0.27921044751725194,nan,0.009062688634108218,-0.23766808021815786,-0.6967514179901697,nan,0.008071820274108028,-1.8430502602113235,-1.8787095983307178,nan,0.09525745402615368
8.0,0.18513116530450693,-0.2118315973098463,nan,0.009854520526991114,0.1718271285547894,-0.22283075050824677,nan,0.009720071247647047,0.1490310396993425,-0.5910286107789807,nan,0.010162494398653014,-1.8826980150409258,-1.879208150419494,nan,0.0869695893586961
9.0,-0.18393063105468355,-0.20873148994816154,nan,0.007984557357032428,-0.1925021685701264,-0.21946090807067786,nan,0.008015547491265948,-0.15728546820208356,-0.5428349282704366,nan,0.007869612122410866,-1.924247898750215,-1.8842125669006853,nan,0.08312330023395158
10.0,0.13887513591240788,-0.17397082736210462,nan,0.010259283571997143,0.15360678450418483,-0.1821541388131916,nan,0.010315302990906978,-0.03665089227702798,-0.4922165246710957,nan,0.009431417887471706,-1.929778440109699,-1.888769154221587,nan,0.08747320949734587
11.0,-0.0037618490590927305,-0.1584972838800126,nan,0.008401147802427737,-0.029721686974409137,-0.1682966431914841,nan,0.008290054262664274,0.05824503236173124,-0.4421745649408387,nan,0.00892920232425706,-1.88663394820362,-1.8885750445835898,nan,0.09640885201481449
12.0,-0.10870086446708103,-0.15434758226226833,nan,0.008902245387722305,-0.08803446076797167,-0.16160812798952473,nan,0.009043604233592127,-0.23285137172138248,-0.424730965505884,nan,0.008155574324496236,-1.8415109083861718,-1.8846530332338052,nan,0.10024980180179517
13.0,0.1887870468651078,-0.1279526107909317,nan,0.009903867286881448,0.17357804695827728,-0.13582457607046303,nan,0.009740514639859844,0.15263519112067378,-0.38031818422691804,nan,0.01014016678562669,-1.8439790166617347,-1.8815242627282613,nan,0.09496838648595235
14.0,-0.18110528228339512,-0.13174923018325052,nan,0.007973730735616778,-0.1918190803258365,-0.1398241835172754,nan,0.008009444360628698,-0.1698795284513682,-0.3652868516715216,nan,0.007842398617741553,-1.884375119643791,-1.881727895365085,nan,0.08671983751199855
15.0,0.1318541775609534,-0.11417566966697025,nan,0.010230121027187462,0.1512431450724744,-0.12041969494462543,nan,0.010307067704666842,-0.019286783103996594,-0.3422201804336866,nan,0.009524343328884521,-1.9252601933539517,-1.8846300485643428,nan,0.08313335440803461
16.0,0.004355300704436628,-0.10676748401875732,nan,0.008441735509252616,-0.02661048899536497,-0.11455661957279664,nan,0.008303809426110283,0.0445400578193013,-0.3180476655428749,nan,0.008827538541079462,-1.9289877309839047,-1.8874024037155654,nan,0.08775961628436564
17.0,-0.11611377382202347,-0.10731726577189063,nan,0.008853165358954624,-0.09119591295060293,-0.11318246035972643,nan,0.00902382168529171,-0.2266299012233708,-0.31267014999466874,nan,0.008220619612753033,-1.8846499565599533,-1.8872404950593529,nan,0.09668942752148187
18.0,0.19211244859685425,-0.0906822816402937,nan,0.009951612621216337,0.17528407917320715,-0.09715654149678568,nan,0.00976076997264892,0.15480166349939467,-0.286699493689443,nan,0.010105410626673184,-1.8406725098723755,-1.8846533847711875,nan,0.10020410063925225
19.0,-0.17793498157734866,-0.09527452900540184,nan,0.00796466138176679,-0.19108012794147908,-0.10209988815176954,nan,0.008003607176267373,-0.18175138819426065,-0.2811759091896966,nan,0.007821698484800667,-1.844957697694254,-1.8825641380829279,nan,0.09467558321691658
20.0,0.12456103245903893,-0.08428275093217981,nan,0.010198560922878687,0.14883172613413762,-0.08955330743747418,nan,0.010298426608694186,-0.002112599214250604,-0.2672227436909243,nan,0.00961455024580125,-1.8860528433461046,-1.8827385733460869,nan,0.08647636618574667
21.0,0.012475150229756699,-0.07967523182923045,nan,0.008483839596113242,-0.023492731415395308,-0.08640756572213709,nan,0.008317812216561953,0.030350641731793956,-0.25305258248031864,nan,0.008728254843994343,-1.926223663839032,-1.884809291940989,nan,0.08315456452017378
22.0,-0.12326156259230014,-0.08165642868209726,nan,0.008804885782055285,-0.09432665891638202,-0.08676752450369368,nan,0.009004121242058042,-0.21903258459026803,-0.2515062189398618,nan,0.008290289950820892,-1.9281282158623805,-1.8867783339374158,nan,0.08805228334251994
23.0,0.19509732064363605,-0.06962365697228277,nan,0.009997635047279498,0.17694482494144131,-0.07530177017999215,nan,0.00978085143469124,0.1555308032014624,-0.2338089571076303,nan,0.010060366358419507,-1.8826665057805603,-1.8865995588001614,nan,0.09696240143633254
24.0,-0.17442945767183543,-0.07399056533476413,nan,0.007957354087319665,-0.19028580988281477,-0.08009277183427643,nan,0.007998024796487247,-0.19281645136466913,-0.23210093603500692,nan,0.0078074074105248335,-1.8399031364781249,-1.8846538745367434,nan,0.10014570909442329
25.0,0.11701134170511765,-0.06635048905316886,nan,0.010164717769200735,0.14637325017529454,-0.07103413095389359,nan,0.010289379369425207,0.014740006463220712,-0.22222729833507782,nan,0.009701067689013819,-1.8459847086518997,-1.8831071079013495,nan,0.09437944902263458
26.0,0.020585921991753436,-0.06300678093605647,nan,0.008527411718269541,-0.02036910440721262,-0.06908547608671355,nan,0.00833205997511782,0.015759896199656665,-0.2130739446991265,nan,0.008631964978762183,-1.8877293967175188,-1.883284888240433,nan,0.08623945493655326
27.0,-0.13012892972287557,-0.06549278644667939,nan,0.008757469560171972,-0.09742568159845283,-0.07013511332788908,nan,0.00898450731739434,-0.21010778191378784,-0.21296408681818801,nan,0.00836433344873191,-1.9271367243204103,-1.8849090303174691,nan,0.08318695605296698
28.0,0.19773229238844112,-0.05609189077399652,nan,0.010041785960321133,0.17855963981440276,-0.06125315785852152,nan,0.009800750087041335,0.1548383400673327,-0.19982828585799087,nan,0.010005572811849765,-1.9272006955906613,-1.886419446934369,nan,0.08835081639562346
29.0,-0.1705988490464926,-0.06004040657649639,nan,0.00795182194992667,-0.18943657669100475,-0.0656732757492968,nan,0.007992698219141331,-0.20299185717882062,-0.19993737452422636,nan,0.007799501617877832,-1.880687104944113,-1.8862217799691878,nan,0.09722731289468557
30.0,0.10922138191364882,-0.05439834696015822,nan,0.010128715590543784,0.14386848948817815,-0.05868855024138097,nan,0.010279931704215739,0.031141326969166053,-0.19223475114111327,nan,0.009783028602995944,-1.8392034111407423,-1.8846545010082396,nan,0.10007478640286166
31.0,0.028675831517706075,-0.05171853475119485,nan,0.008572399956210253,-0.017240296225508638,-0.05735150978925606,nan,0.008346550678565285,0.0008502275473411318,-0.18600620344148572,nan,0.008539244391934066,-1.84705842821433,-1.8834417244665007,nan,0.09408038747358603
32.0,-0.13670127045721334,-0.05437424524200793,nan,0.008710976408776142,-0.1004919752124182,-0.05869964933372988,nan,0.008964984257566595,-0.19991657558786005,-0.1864409025710599,nan,0.008442473902185508,-1.8894029902886555,-1.8836280140234432,nan,0.08600937704607675
33.0,0.20000856151265667,-0.046665675340351424,nan,0.010083920423952942,0.1801278877622378,-0.05146245123991267,nan,0.009820456990595338,0.152751979707016,-0.1761623303808152,nan,0.00994169712327036,-1.9279978194424054,-1.8849725535815935,nan,0.08323054155442508
34.0,-0.16645372336405453,-0.05018885322340152,nan,0.00794807703697367,-0.18853289398642414,-0.05549393485010418,nan,0.007987628419025991,-0.21219648632619106,-0.17722215849685566,nan,0.0077979403722309125,-1.9262061091714668,-1.8861853052165898,nan,0.08865480767513806
35.0,0.10120799806931872,-0.04586322890075237,nan,0.010090682157779675,0.141318233803678,-0.04987073003142469,nan,0.010270089499518673,0.046964980097070515,-0.17081681167988635,nan,0.009859554582761353,-1.8787152517763837,-1.8859718751182981,nan,0.09748371479463133
36.0,0.03673307655932805,-0.043568887082416796,nan,0.008618747999708076,-0.014106994755406109,-0.04887729294042417,nan,0.008361282225443412,-0.014296628907672622,-0.16646902882510262,nan,0.008450603511765584,-1.8385738234586528,-1.884655262572197,nan,0.09999151220830718
37.0,-0.1429647236342026,-0.046255261043275875,nan,0.00866546297873368,-0.10352454412709286,-0.05035424567519901,nan,0.008945556332893475,-0.18853203486957978,-0.16706532628576418,nan,0.008524406335995665,-1.848177211135053,-1.883669369290112,nan,0.09377880047127356
38.0,0.2019179481338018,-0.0397243871175633,nan,0.01012389810049389,0.1816489400311002,-0.04424889868292797,nan,0.009839963200712861,0.14931042690531607,-0.15873964857020942,nan,0.00986951704016932,-1.8910718345568667,-1.8838641710076582,nan,0.08578639940216182
39.0,-0.1620050244786182,-0.04285978807553907,nan,0.007946130360661673,-0.18757524199146078,-0.047923933126736505,nan,0.007982816348312485,-0.22035188859292013,-0.16031944959643277,nan,0.007802667574555241,-1.9288054274717312,-1.8850165109169934,nan,0.08328532035595015
40.0,0.09298855517685684,-0.03946357949422917,-0.03946357949422917,0.0100507481546781,0.13872329033471742,-0.04325775254020016,-0.04325775254020016,0.01025985880887193,0.062088977175828626,-0.15475923892712623,-0.15475923892712623,0.009929770414582742,-1.9251455351599374,-1.886019736523067,-1.886019736523067,0.0889638363663682
41.0,0.04474582847857539,-0.037409691494892476,-0.011531994969350695,0.008666394983398723,-0.010969886716602586,-0.04247024361767339,-0.0032182964851593387,0.008376252436515467,-0.029599508777102407,-0.1517065625820037,-0.12713176607798046,0.00836649033748023,-1.8767544229124031,-1.8857937532642703,-1.8868842722601211,0.09773117494858335
42.0,-0.1489062203697939,-0.040064370753818704,0.004904308805787355,0.008620982990703605,-0.10652240442267591,-0.04399529506541154,0.0030145719343761756,0.008926227727726877,-0.1760382992659392,-0.15228588964590695,-0.081081569056488,0.008609793852002298,-1.8380147324015388,-1.8846561575294434,-1.885809057595355,0.09989608576778664
43.0,0.20345295009854644,-0.034401177245624165,0.006151791477075041,0.01016158421682353,0.18312217648565707,-0.0387134934014332,0.003348275354580288,0.00985925978504477,0.14456224855734587,-0.1453824445714127,-0.04495056882274626,0.009789900565097577,-1.8493393907991893,-1.8838348373729257,-1.8839628325299274,0.09347508784527359
44.0,-0.15726402256142055,-0.03719351463916499,0.006892288393652612,0.007945991842703682,-0.1865641150934559,-0.04207373480352462,0.0035260008330631754,0.007978262935310855,-0.22738334980098157,-0.14724610150844833,-0.04565499810408451,0.0078136129921351,-1.8927341399548132,-1.8840370942497868,-1.8830186940598914,0.08557078237153061
45.0,0.0845808873526132,-0.03448741681712548,0.005372349098993851,0.010009046357332567,0.13608448280900118,-0.03811466330102405,0.0030398548584009534,0.010249245838920867,0.07639684074450381,-0.14227625834727162,-0.042285094685149384,0.009992820826198229,-1.9295580635818481,-1.8850486713460548,-1.8840422713965932,0.08335127829448434
46.0,0.0527022237023026,-0.03259198984931182,0.006987677340026715,0.008715275325356426,-0.007829657781288453,-0.03745629361581241,0.003665867333417716,0.008391459050141657,-0.044977656999533384,-0.14016107136145123,-0.04519543592284314,0.008287293730588998,-1.9240201926815497,-1.885895878331609,-1.8860823368787578,0.0892774691001617
47.0,-0.15451353132198184,-0.03518606519979416,0.005650971984823794,0.00857758737279967,-0.10948458609710363,-0.03898881047711648,0.003049976004907229,0.008907002543113897,-0.16252952904080506,-0.14063699599292684,-0.04331697214340933,0.008698264368332985,-1.8748080642034828,-1.8856599673927128,-1.8868762819785618,0.09796927720512878
48.0,0.20460679658423067,-0.030190380579293644,0.006137862766816887,0.010196850520482477,0.18454698646873635,-0.03433181470741121,0.0033679724527559017,0.009878337844458138,0.13856462707663475,-0.13482029551231098,-0.043578632458977015,0.009703784186054875,-1.8375263693337327,-1.8846571840998172,-1.885746990835882,0.09978872511501838
49.0,-0.15224226494322138,-0.03268123536223094,0.006930071919603442,0.007947670285381018,-0.1855000206941041,-0.03741688013571106,0.003543026149656464,0.00797396909290534,-0.23322107201037148,-0.13682847462451628,-0.04547702255418422,0.007830693193016144,-1.8505432816176484,-1.8839609820083445,-1.8839043754075675,0.09316964698008753
50.0,0.0760032507564579,-0.030507545639857168,0.005358274790704692,0.009965710871090024,0.1334026519826645,-0.03400048949334355,0.003037922836618456,0.010238256947443446,0.08977876769459976,-0.13229632977813396,-0.04231628105489353,0.010047889109684557,-1.8943881168492562,-1.8841695247051626,-1.8830196173260567,0.08536277966362589
51.0,0.060590353743190044,-0.028721312318620948,0.00696707986076176,0.008765318564792561,-0.004686994889355841,-0.03342571508934379,0.0036637901387447935,0.008406899707489592,-0.060350527669432844,-0.13088562777600257,-0.04528117005567265,0.008213347168669942,-1.9302542833858458,-1.8850731474243918,-1.8841101257056123,0.08342838744429201
52.0,-0.15977530641148968,-0.0312415814357915,0.0056902188121515426,0.008535324410381982,-0.11241013034126193,-0.03494464615188068,0.003054398399412539,0.008887884803214851,-0.1481087645031476,-0.1312168419438323,-0.04316260487521677,0.008789407360190122,-1.9228314418160464,-1.885799268470385,-1.8861431390413592,0.08959526049453777
53.0,0.20537350008072053,-0.026777145935479953,0.006104880142541863,0.010229576184008084,0.1859227686985285,-0.030777336437722014,0.0033630164429188205,0.009897188497653307,0.13138205986075152,-0.12626214568336844,-0.04369393315671484,0.009612150731515768,-1.8728795812584207,-1.8855555007871405,-1.8868656531562764,0.09819762252065911
54.0,-0.146951532312218,-0.029002597535049173,0.006958723891821295,0.007951173308248434,-0.18438348027652818,-0.03362189465695917,0.003548906444151523,0.007969935704858787,-0.2378014390620746,-0.1283276881533445,-0.04539198092198251,0.00785381214397827,-1.8371088413500176,-1.8846583404271937,-1.8856839961989316,0.09966966619288326
55.0,0.06727427402272221,-0.027252108961271514,0.005344226303365512,0.009920876397946227,0.13067865406955503,-0.030634611952840726,0.0030347941690785363,0.010226898634623683,0.10213281150756016,-0.12413749725041896,-0.04235649105669359,0.010094217011316738,-1.8517871812445355,-1.8840606829875088,-1.8838471708961961,0.09286287247403774
56.0,0.06839826105581556,-0.025544066639537816,0.006945300312149988,0.008816449252308475,-0.0015425833702241369,-0.030115111442436858,0.003661491809707057,0.008422571975749985,-0.07563755937188875,-0.12327142693115949,-0.045360931486473334,0.008144932806454007,-1.896031975619952,-1.8842744560702311,-1.8830232770120972,0.08516263818442887
57.0,-0.16468111592438056,-0.02798506750418418,0.00573111675959106,0.008494239881430454,-0.11529809151180742,-0.03160954968926792,0.0030589373456769487,0.008868878454278598,-0.13288674819013507,-0.12344011677780818,-0.04301735266064244,0.008882770698000208,-1.9308926864590543,-1.8850923197612632,-1.8841793452595752,0.08351660586138757
58.0,0.20574790405686497,-0.02395518868416609,0.006072003146091331,0.010259648694881223,0.18724893120946695,-0.027836127604806974,0.003358058646583445,0.009915802894330684,0.1230850556546168,-0.11918968277035258,-0.0438102678567619,0.009516007873951998,-1.9215807836503314,-1.8857214312076263,-1.8862020521040237,0.08991675373203788
59.0,-0.14140379515944979,-0.0259458430312048,0.006985282806538801,0.007956507307102706,-0.1832150273870754,-0.03046966827908271,0.0035546861604435374,0.007966163635921047,-0.24106832004730233,-0.12125542238521614,-0.04529319115308794,0.007882861528780401,-1.8709723301581873,-1.8854714464440765,-1.8868524179156219,0.09841582999291759
60.0,0.05841291474939411,-0.024539863734861483,0.0053315798637976804,0.009874677566676638,0.12791336168564021,-0.027829951113003994,0.0030317270492311033,0.010215177533753854,0.11336606077141226,-0.11734506433260568,-0.042406224653446366,0.010131125152415963,-1.8367621348620988,-1.8846596245843767,-1.885620150203522,0.09953916195889473
61.0,0.07611393181295349,-0.022889801512766154,0.006922549403377604,0.008868586798950383,0.0016028906271516592,-0.027347445510706357,0.0036591176002947756,0.008438473322501914,-0.0907579561909338,-0.11690921010077499,-0.04543393960151456,0.008082285593435132,-1.8530693726333198,-1.8841417516015724,-1.8837912929233789,0.09255515582532385
62.0,-0.16922148868852302,-0.02524999001560094,0.005773551250972031,0.008454377185391769,-0.11814753837165295,-0.02881196313749582,0.0030635956139130004,0.008849987362123493,-0.11698074381069243,-0.11691036387028977,-0.04288264358202516,0.00897785774421375,-1.8976639266796569,-1.884359851199606,-1.8830296856938105,0.08497059788087646
63.0,0.2057257316752171,-0.02158370871892129,0.006039261526761558,0.010286964725514146,0.188524893480721,-0.02536217176260349,0.0033530973273949937,0.009934172239006998,0.1137488818463979,-0.11324910600177092,-0.04392719161590177,0.00941636810524344,-1.9314719202004746,-1.8851076618186675,-1.8842498210543084,0.08361587733401281
64.0,-0.1356111749190417,-0.02336538787829817,0.007009718595581404,0.007963677389016946,-0.1819952087586531,-0.027809562965666765,0.003560362355499036,0.007962653727882723,-0.24297436696881053,-0.11527606320438091,-0.04518113950600531,0.00791772073568717,-1.9202698597040933,-1.8856570711606273,-1.886258989134958,0.09024148119385762
65.0,0.049438409222081696,-0.022245329461369253,0.005320395283505502,0.00982724830115985,0.1251076617742323,-0.025456990277360623,0.003028722645472481,0.010203100410739442,0.12339576391564268,-0.11160418894099593,-0.04246474556969475,0.010158033048981118,-1.8690896084215298,-1.8854021871184874,-1.8868366116291988,0.09862353783786487
66.0,0.08372529557433168,-0.020639713930525296,0.006898879623069959,0.008921645418201025,0.00474874284587858,-0.024999327654281242,0.003656668826799758,0.008454601143346136,-0.10563048651284157,-0.1115136782981451,-0.0454995051375072,0.008025597435109841,-1.8364861194133437,-1.8846610345775003,-1.8855555296965938,0.09939748146651183
67.0,-0.1733879404006505,-0.022919538206198808,0.005817404356125588,0.008415777483861792,-0.12095755196811428,-0.026431539957472782,0.0030683720675582227,0.008831215318657791,-0.10051337594807012,-0.11134949468097981,-0.042759644988364265,0.009074124913252846,-1.8543881259250397,-1.8842092001200008,-1.8837368147367097,0.09224688514540502
68.0,0.20530362544007286,-0.019563315211400693,0.006006687682416384,0.01031143087875312,0.18975008468135834,-0.023252398418666442,0.003348133189232111,0.009952287769025138,0.10345239424070726,-0.10819064337330793,-0.04404429363402988,0.009314230736559499,-1.8992821806478772,-1.8844308615983518,-1.8830388518631402,0.08478689157414969
69.0,-0.1295859084452138,-0.02115784554812262,0.007032011197448357,0.007972687300419662,-0.18072458292238117,-0.025534603991184048,0.003565933033447699,0.007959406797038205,-0.24348225039556481,-0.11015139130116673,-0.0450565534644485,0.007958256530658982,-1.931990683724494,-1.885120134382789,-1.88432144133265,0.08372613115237817
70.0,0.04037023268662699,-0.02027887300191191,0.005310732466772816,0.009778721255615953,0.1222624566705834,-0.023423217410301653,0.0030257822130078326,0.010190674148146592,0.13215036965244237,-0.10668993757325802,-0.042531327397366606,0.01017447773547915,-1.9189004507973304,-1.8856027103315682,-1.886313867324065,0.0905689651339523
71.0,0.0912202187760151,-0.018708463258560827,0.0068743421482305445,0.008975533998770954,0.007894287421714516,-0.022982125792949313,0.003654146804188413,0.008470952728098948,-0.12017333319405324,-0.1068798445538326,-0.04555691641590145,0.007975021157606406,-1.867234646334346,-1.8853440052048467,-1.8868182727770648,0.09882040430556929
72.0,-0.17717300348207138,-0.02090935965055403,0.005862548822609092,0.00837847982455006,-0.12372722792243246,-0.024381363322525468,0.0030732654864380595,0.008812566041720942,-0.08361151904404457,-0.10655667336619666,-0.042649290002306064,0.009170979885808946,-1.8362805517116627,-1.8846625683507747,-1.88549021181264,0.09924490893364567
73.0,0.20447918695952297,-0.017821845313429684,0.005974314458780749,0.010332964425937636,0.19092394574373958,-0.02143197552709718,0.0033431669359756,0.009970140783544077,0.09227698923716281,-0.10383292456341092,-0.04416116476405241,0.009210566452048638,-1.8557417001796408,-1.8842663920744578,-1.8836838088310706,0.09193844489936435
74.0,-0.12334031553172524,-0.019247770586649893,0.007052149654588985,0.007983539357238147,-0.17940372069810445,-0.0235667288402189,0.003571396268183591,0.007956423636473317,-0.2425657786746662,-0.10570769286221167,-0.044920397072764275,0.008004322418675637,-1.9008849485152315,-1.8844909671614951,-1.8830507798146647,0.08461174478301774
75.0,0.031228052636802613,-0.018574759610337197,0.005302651018776078,0.009729227304491972,0.11937866262969277,-0.021660790287286746,0.0030229069888339623,0.010177905747404325,0.13957042071775785,-0.10243731801447874,-0.04260526105724709,0.010180129948795327,-1.9324477318597018,-1.8851303906908046,-1.8843940918167477,0.08384728188850904
76.0,0.09858650962895914,-0.01703316396245172,0.006848986845516852,0.00903015609391436,0.011038839817146099,-0.021230531996438942,0.0036515528531477657,0.008487525288463235,-0.13430399964522635,-0.10285661645698858,-0.04560544532568593,0.007930674360824631,-1.9174744755136928,-1.8855559707542637,-1.8863666081181236,0.09089871839753405
77.0,-0.180570247234672,-0.01915702218676627,0.00590884875550512,0.008342521262754449,-0.1264556749716533,-0.02259709229481835,0.0030782745820337578,0.008794043177166361,-0.06640523579110078,-0.10238322190288614,-0.04255227534872397,0.009267780736555948,-1.8654105985499958,-1.8852943425438187,-1.8867974428034973,0.09900610854271542
78.0,0.20325100908001273,-0.016305637170525508,0.0059421752791603945,0.010351493914304975,0.1920459287321698,-0.019845258691908244,0.0033381992995605014,0.009987722634596208,0.08030569431040087,-0.10004105631040809,-0.04427739366359684,0.009106304551771301,-1.8361450797996663,-1.8846642237906888,-1.8854242739345675,0.09908174279766396
79.0,-0.11688676949991923,-0.017578816060771,0.00707013165362787,0.007996234355476502,-0.17803320354348318,-0.021847637740662357,0.0035767502607599367,0.007953705010714079,-0.2402108475041593,-0.10181535746475937,-0.04477386763637781,0.008055757670737254,-1.8571283449550804,-1.8843156683623898,-1.8836323468716512,0.09163021566763092
80.0,0.02203169022077171,-0.017083684732251712,0.005296210029725745,0.009678895078214338,0.11645721059549718,-0.020118827136460366,0.0030200982672794253,0.01016480230699587,0.1456092669186684,-0.09872254965996652,-0.04268586039280679,0.010174806878437468,-1.9024704418487628,-1.8845426030309693,-1.8830654695388713,0.08444537553625237
81.0,0.10581191702270666,-0.01556645508095593,0.006822862243329031,0.009085409849232952,0.014181714208792752,-0.01969536366306218,0.0036488882904143092,0.00850431592746611,-0.1479393083295003,-0.09933016396452865,-0.04564435538161673,0.00789264295747741,-1.932841879452027,-1.885138890394192,-1.8844676559523617,0.08397922919112494
82.0,-0.1835743027030023,-0.017615331271468693,0.005956160184998821,0.008307936961820674,-0.12914202115669096,-0.021030078998350334,0.003083397872063931,0.008775650293118054,-0.049026773155687764,-0.09871670797905499,-0.04246906722886046,0.009363836233415426,-1.9159939878738024,-1.8855151720707726,-1.8864171373391685,0.09123024519667268
83.0,0.20161870490184788,-0.014973957341669697,0.005910304055081356,0.010366959762580627,0.19311549914070278,-0.01845001179185572,0.003333230938440074,0.010005024782137292,0.06762241050138164,-0.09671262221423045,-0.044392563180259546,0.009002323007693854,-1.8636205361424634,-1.8852513812764558,-1.8867741659727504,0.09918035137515417
84.0,-0.11023766744947043,-0.016108049128667326,0.007085962932880108,0.008010771525137298,-0.17661362018276858,-0.02033291189174754,0.0035819933112072543,0.007951251681941001,-0.2364161703387136,-0.09837575969190288,-0.04461838369370286,0.008112386077443705,-1.836079247388308,-1.8846659987301682,-1.885357793658588,0.09890829476500926
85.0,0.012801075440146848,-0.015767941780798923,0.005291467635068448,0.009627850568243465,0.11349904393961975,-0.018758418293731455,0.0030173573394727204,0.010151371013442765,0.15023354535287461,-0.09545094433843491,-0.04277246607849361,0.010158480675030973,-1.858546301726374,-1.8843587081771822,-1.8835824996122006,0.09132257393242363
86.0,0.11288413798187939,-0.014271987364953826,0.0067960154920578665,0.009141188047631801,0.017322224775658538,-0.018338875932459475,0.0036461544033963957,0.008521321656498815,-0.16099549881991926,-0.09621309032077774,-0.04567291212400324,0.007860984505066239,-1.9040368731867419,-1.8845875240493866,-1.8830829166248306,0.08428799417362696
87.0,-0.18618086326097355,-0.016247951455712673,0.0060043321935830726,0.008274760318510162,-0.13178540661568366,-0.019642859043760903,0.0030886338904318965,0.008757390888418924,-0.03160958738405433,-0.09547052132150505,-0.04239991358258446,0.00945840764594225,-1.933172005505666,-1.8851459663649761,-1.8845420151573855,0.08412185760392833
88.0,0.19958292954322474,-0.013795327807997476,0.005878735517557926,0.010379314607899556,0.19413213443765887,-0.017213597754199315,0.0033282625896549622,0.010022038737282059,0.05431131589883445,-0.09376845498945574,-0.04450624636202947,0.008899441110037133,-1.9144611746391762,-1.8854790937317283,-1.8864653852900215,0.09156304191588799
89.0,-0.10340541715374103,-0.014802182744466505,0.0070996567122949324,0.008027148366325924,-0.17514557341352757,-0.018988114334641204,0.0035871237716693706,0.007949064367279652,-0.23119377220348264,-0.0953125596772538,-0.04445556386685725,0.008174014264341885,-1.8618674390662209,-1.8852137942411047,-1.886748489226236,0.09934285602764442
90.0,0.003556207225518011,-0.0145982006336889,0.005288480624021435,0.009576216794229882,0.11050511957999357,-0.017549300624478598,0.003014685461602595,0.010137619157424938,0.15342340680323815,-0.09254882671635944,-0.042864447889141274,0.01013128211661561,-1.8360824982892097,-1.8846678909527503,-1.885290848762235,0.09872488886221518
91.0,0.11979082612292397,-0.01312139814185799,0.006768492433514783,0.009197378155649851,0.02045968622146983,-0.017131619450347295,0.0036433524893732363,0.008538539395717675,-0.17338845015147233,-0.0934371742266354,-0.045690395951192266,0.007835731208597915,-1.859993805181959,-1.8843967471530716,-1.8835343368071382,0.09101589188332763
92.0,-0.18838669686548268,-0.015026455736679996,0.006053207672164962,0.008243023058072306,-0.1343849896986301,-0.018406112605219935,0.003093981005439028,0.008739268391170552,-0.014287406273432567,-0.09257685066192668,-0.04234486199544938,0.00955071229770802,-1.9055824563351857,-1.8846270266007032,-1.883103112170117,0.0841398031378304
93.0,0.19714539594398017,-0.012745037976672898,0.005847505068746451,0.01038852369173733,0.19509532569661936,-0.01611039821487758,0.003323294930391296,0.010038756120395075,0.04045641724512265,-0.09114638541561432,-0.04461800306084009,0.008798414653180377,-1.9334370576665503,-1.885151865644422,-1.88461704908032,0.08427503639223134
94.0,-0.09640240923709273,-0.013635010011358216,0.007111233145624579,0.008045360609738305,-0.17362967204776436,-0.01778613517054659,0.0035921401361103944,0.007947143775262183,-0.2245691929414791,-0.0925657769850384,-0.04428719690782519,0.00824042981888813,-1.9128783519591261,-1.8854468282647912,-1.886511286845548,0.09189659797682875
95.0,-0.005682886042334011,-0.013551303443263222,0.0052873041439981784,0.009524113497690792,0.10747640685152582,-0.016467582096630035,0.0030120839556596612,0.01012355409711541,0.1551724662453162,-0.08995800600366625,-0.04296120553938128,0.01009349909988921,-1.860154189040118,-1.8851805899571632,-1.8867204620404376,0.09949336876624258
96.0,0.1265195997355766,-0.012092231535150308,0.006740337610992203,0.009253862386787779,0.023593411995847507,-0.016050280074833397,0.003640483839811448,0.008555965958647119,-0.18503404244176688,-0.0909483813832298,-0.04569611761612824,0.007816892608359214,-1.836154180906674,-1.8846698981962204,-1.8852235171726057,0.09853186048708087
97.0,-0.1901896418917752,-0.01392828731202273,0.006102624461807338,0.008212755327424085,-0.13693994500915108,-0.017296565280341826,0.0030994375023778555,0.008721286156780798,0.0028067089515629363,-0.0899818340601907,-0.04230378118758578,0.009639929166261989,-1.861469084356021,-1.8844307145483834,-1.88348792712003,0.090710537240729
98.0,0.1943088857348724,-0.01180341819929931,0.005816649003757524,0.010394565036590682,0.19600457790294373,-0.01512002300296136,0.0033183286697147764,0.010055168646791662,0.026141251593333595,-0.08879690461474657,-0.04472737628911785,0.00869993325233077,-1.9071054069119382,-1.8846620889602566,-1.8831260427015704,0.08400099675361851
99.0,-0.08924100894045263,-0.012585616085573586,0.00712071865923245,0.008065402068648371,-0.17206653582573161,-0.016705341314302475,0.0035970409587483708,0.00794549058589983,-0.2165814261682853,-0.09008765735771161,-0.04411520394214243,0.008311399010433025,-1.9336360566892914,-1.8851567755029741,-1.8846926358648481,0.08443861939908334
100.0,-0.014896188433829888,-0.01260872180905615,0.005287991079651849,0.009471656918910786,0.10441388749030563,-0.015494149026256393,0.003009554103865003,0.010109183273668535,0.15548747235561802,-0.08763190606057832,-0.04306216865253727,0.010045570024635516,-1.911247961349737,-1.8854176873614419,-1.8865547815270394,0.09223039674248605
101.0,0.133058058162746,-0.011166476462800681,0.006711594238396662,0.009310517862230106,0.026722714972859874,-0.015076160273789895,0.0036375497125077094,0.00857359806111964,-0.19584866489070799,-0.08870335911830236,-0.04568943637003162,0.007804457988735531,-1.8584835629905978,-1.8851510128627205,-1.8866901362859712,0.09963165945356912
102.0,-0.191588598945108,-0.012935320800862519,0.006152416481982037,0.008183985793829401,-0.13944946257827365,-0.016295506374814247,0.003105001607342195,0.00870344748026444,0.019541316193901506,-0.08764213681131998,-0.042276384869916785,0.009725206775116771,-1.8362935528219853,-1.8846720181564387,-1.8851558769395294,0.09832955547133165
103.0,0.1910772526115183,-0.010954616204625811,0.005786204505389569,0.010397429533324924,0.19685940952378783,-0.014226041171915196,0.0033133645084188644,0.010071268128131002,0.011448715585203363,-0.08668008970067412,-0.04483388902644665,0.008604619525183932,-1.8629703636516188,-1.8844613224816347,-1.8834433380258075,0.09040687309877504
104.0,-0.08193354146700864,-0.011637105870610261,0.007128145341690395,0.008087264532524108,-0.17045679342164874,-0.01572825994354725,0.0036018248918439745,0.0079441054545524,-0.20728257975630424,-0.0878397290281321,-0.043941594346134004,0.008386664266738057,-1.908603942927642,-1.8846934630628462,-1.8831516901063963,0.08387176099864103
105.0,-0.024063735034868677,-0.011755454719793675,0.0052905917352666365,0.009418959604547361,0.10131855587685917,-0.014613528364305283,0.0030070972444096455,0.010094514199034274,0.154387715332464,-0.08553280098660263,-0.0431667955607135,0.009988072407360807,-1.9337681008379546,-1.8851608405654663,-1.8847686524168072,0.08461244491848015
106.0,0.13939379829426246,-0.010329518370604465,0.006682304303264908,0.009367216780181072,0.029846907173495744,-0.014194090293193953,0.003634551352600074,0.008591432314305059,-0.20574988111936393,-0.0866669243840815,-0.04566978042587655,0.007798398445606433,-1.9095725653442064,-1.8853911398558318,-1.8865958135650789,0.09256391645607566
107.0,-0.19258351811638996,-0.012032826779443583,0.006202414860371419,0.008156741718734735,-0.14191274999334483,-0.015387722626840223,0.0031106714019693118,0.008685755589600453,0.035787574068612604,-0.08552248981910306,-0.042262256675459485,0.009805673494491827,-1.8568582269333735,-1.885124477118239,-1.8866575660902876,0.09975752203626789
108.0,0.18745542053081604,-0.010185713378422659,0.00575620973764,0.0103971209241675,0.1976593540660194,-0.013415064509313745,0.0033084031365858413,0.010087046495797168,-0.0035389861213305424,-0.08476338330338294,-0.04493704118451045,0.008513029819644911,-1.8364997853555416,-1.8846742484908063,-1.885088006207979,0.09811832915476536
109.0,-0.07449228057097175,-0.01077568188477632,0.00713355043449605,0.008110937650932404,-0.16880108047155928,-0.014840624288783886,0.0036064906978563903,0.007942989012324502,-0.1967372934956787,-0.08579066688312877,-0.04376841726201328,0.008465941364980153,-1.8644958637387377,-1.884489125694916,-1.8834006357083346,0.09010525777983532
110.0,-0.033165655269314545,-0.010979227097363032,0.005295153235597511,0.00936613024625104,0.0981914160042266,-0.013813060286120156,0.0030047146811974677,0.010079554434974299,0.15190419610146014,-0.08362980449235978,-0.04327457160078783,0.009921707396916687,-1.9100762853717406,-1.8847217362374322,-1.8831800315726945,0.08375227326386347
111.0,0.14551443595449648,-0.00956937427707601,0.006652508665059542,0.009423826667198706,0.032965301370102784,-0.013391633604532561,0.003631490029907175,0.008609465234299887,-0.214657250022096,-0.0848102319295646,-0.045636669521488905,0.007798668648972781,-1.93383237065477,-1.8851641743853365,-1.8848449746807057,0.08479633558642494
112.0,-0.19317538018305308,-0.011208713615522234,0.006252449247534997,0.008131049025729703,-0.14432903363160055,-0.014560717533345669,0.0031164448871779716,0.008668213639641195,0.051420270348240274,-0.08359388815922707,-0.04226087478668179,0.009880450330995183,-1.9078548422883639,-1.8853667696344707,-1.8866343319451233,0.09289663124071361
113.0,0.18344937397902225,-0.009486075672207682,0.005726703923022475,0.010393655646218102,0.19840396028437313,-0.012676074366817183,0.0033034452506938094,0.010102495808351743,-0.0187402984806543,-0.08301996258685032,-0.04503630697962722,0.00842565612935264,-1.8552807304306291,-1.8851005214999232,-1.8866228077013978,0.09987077493370212
114.0,-0.06692944507937613,-0.00998996487753372,0.007136975684331204,0.008136408798773675,-0.1671000408139639,-0.014030670563721979,0.0036110372477973275,0.007942141866447459,-0.1850219460110862,-0.08391471682741378,-0.0435977111630377,0.008548916409864995,-1.8367719681595491,-1.884676586821499,-1.885019983192506,0.09789854547340766
115.0,-0.04218221269827892,-0.01026989746727933,0.005301719050954168,0.0093132735897373,0.09503348332719054,-0.013082286616844479,0.0030024077652347713,0.010064311600317281,0.14807859913140245,-0.0818973836451632,-0.043385006702696585,0.009847281070256933,-1.8660438023048234,-1.8845145626083106,-1.8833598849536344,0.08980604470499093
116.0,0.15140762885526898,-0.008876125688636672,0.006622247031611917,0.0094802106591683,0.036077208963116406,-0.012658497861844814,0.0036283669938840303,0.008627693230059897,-0.22249329644527632,-0.08310941737619866,-0.045589739122697814,0.007805208299589819,-1.9115206591482712,-1.884747373785379,-1.8832110395444985,0.0836427021026888
117.0,-0.19336616982263635,-0.010452963672687951,0.006302348966912808,0.008106932376437163,-0.146697557327679,-0.013804130848732285,0.0031223199349833864,0.008650824725444718,0.06631890669911127,-0.08183225221316183,-0.042271635560442514,0.009948666136980804,-1.9338281333497997,-1.88516686745687,-1.8849214779144936,0.08499009830923883
118.0,0.17906614469540452,-0.008846869533975303,0.005697727357297599,0.010387062572450296,0.19909279246325456,-0.011999919634223923,0.0032984915282605054,0.010117608253064438,-0.03407419693247651,-0.08142752293112211,-0.045131132841514446,0.008342928905360068,-1.906097580797198,-1.8853442463834829,-1.8866702904394317,0.09322801211595538
119.0,-0.05925719424435309,-0.009270485708012092,0.007138466738686749,0.008163662939638112,-0.16535432556070434,-0.013288612121001069,0.0036154634778299776,0.007941564599459005,-0.17222369244969077,-0.08219051595228656,-0.04343145396515276,0.008635242648931696,-1.8537535016084576,-1.8850787779399953,-1.8865859193557661,0.09997126134817028
120.0,-0.05109384687100776,-0.009619013717703722,0.00531032831139226,0.009260490366857043,0.09184578372129329,-0.012412492155648614,0.003000177805974885,0.01004879335975028,0.142962117641463,-0.08031424400567197,-0.043497632697082886,0.009765683539519414,-1.8371091137929287,-1.8846790307387697,-1.8849518861543708,0.09767057607142528
121.0,0.15706110467719958,-0.008241492078076423,0.00659155800275458,0.0095362278580299,0.03918194075569251,-0.01198609188365406,0.0036251834696473806,0.008646112604794113,-0.2291846128687666,-0.08154457763263971,-0.04552876531056458,0.007817943270482311,-1.8676123947574983,-1.884537984160412,-1.8833211490370076,0.08950958227529995
122.0,-0.19315884409851658,-0.009757208078243967,0.006351944467866721,0.00808441522645186,-0.14901758311272958,-0.01310930082815468,0.0031282944207464136,0.008633591877561516,0.08036883061608611,-0.08021741854863376,-0.04229387521627022,0.010009474946977393,-1.9129352938366968,-1.8847707489938244,-1.8832446816860802,0.08354320697528728
123.0,0.17431379083845364,-0.008260695891929352,0.005669321616281864,0.010377382632389276,0.1997254307974232,-0.011378937156402013,0.003293542712164427,0.010132376152439948,-0.0494600109670017,-0.07996735832439285,-0.04522093575297981,0.0082652205128189,-1.9337547474760983,-1.885168992883924,-1.8849980369694208,0.08519352420033328
124.0,-0.051487626713147334,-0.008609300172745627,0.00713807263468994,0.008192682479824303,-0.1635645932479912,-0.01260624083455999,0.0036197683855338616,0.007941257765567797,-0.15843938474991404,-0.0806001972471793,-0.043271516113259786,0.008724537191063904,-1.9043036736609498,-1.8853233048256743,-1.886703647626237,0.09355752806679632
125.0,-0.05988121718153626,-0.00901947550881595,0.0053210153191478645,0.0092078772611737,0.08862935294302057,-0.011796356084339345,0.0029980261106188843,0.010033007420042383,0.13661418534807696,-0.07886248218641725,-0.043612000113379734,0.009677866968849676,-1.8522788426837868,-1.885058949128539,-1.8865469611501724,0.10005884949157423
126.0,0.16246269205728572,-0.007658505924958001,0.00656047917103302,0.009591733752561277,0.04227880679946404,-0.011367188124944081,0.003621940661214018,0.00866471956159915,-0.23466306858958602,-0.08009899477691859,-0.04545368935762144,0.007836786448102095,-1.8375101622100245,-1.884681577803789,-1.8848837933757543,0.09743479943168491
127.0,-0.19255729829201568,-0.00911440192784822,0.0064010682952569675,0.008063519880837316,-0.15128839188734045,-0.012468929886852715,0.003134366029422597,0.00861651807020001,0.09346240602914163,-0.07873236957372128,-0.04232688952229156,0.010062075037933821,-1.8691998547530633,-1.8845596744726811,-1.8832844896069396,0.08921621376083963
128.0,0.16920137256069184,-0.007721309939656501,0.0056415293706936435,0.010364668361521964,0.20030147235816992,-0.010806661119313474,0.003288599477435372,0.010146791982577105,-0.06481721461910361,-0.07862365742563833,-0.045305102785240026,0.008192849101394204,-1.914318424786859,-1.8847921647095107,-1.883280920860632,0.0834539379795536
129.0,-0.04363278064033969,-0.007999693433460246,0.00713584528352868,0.008223447127106294,-0.16173150769037584,-0.011976621170251943,0.0036239511205141683,0.007941221897616174,-0.14377441541628574,-0.07912870206122474,-0.04311961886556008,0.00881637777186867,-1.9336116675585775,-1.8851706104680306,-1.8850745265729407,0.08540638855643695
130.0,-0.06852524449357471,-0.008465274595461127,0.005333808990551364,0.00915552690626617,0.08538523652792819,-0.011227683803342865,0.002995954044212534,0.010016961511677235,0.12910117051796818,-0.07752693381061557,-0.043727674772691835,0.009584823527440826,-1.902476111039444,-1.8853037297031954,-1.8867343668916967,0.09388464714830122
131.0,0.16760035431437648,-0.007121262161034885,0.006529047195337678,0.009646580668072275,0.045367115557818374,-0.010795662434173695,0.0036186397776212464,0.00868351018164344,-0.2388670892253203,-0.07875853805042246,-0.04536464074953801,0.007861638241257624,-1.8508589261312742,-1.8850407922713488,-1.8865059949154293,0.10013343271073241
132.0,-0.19156632422173858,-0.008518573237252337,0.006449556511431276,0.008044267528585641,-0.1535092842745152,-0.011876826235994464,0.003140532413224123,0.008599606210705747,0.10550019689277568,-0.07736263854327703,-0.04236995067038283,0.010105729034469255,-1.8379739852506805,-1.884684225551495,-1.884815783138316,0.09719160003329394
133.0,0.16373892029548687,-0.0072234041129460285,0.005614394620218943,0.010348983316731484,0.2008205308065923,-0.010277597987553962,0.0032836625409734476,0.010160848373470727,-0.08006520220044529,-0.07738295857077454,-0.04538299115652204,0.008126082682664182,-1.8708043946788242,-1.8845798659208735,-1.8832499665636235,0.08892627720157208
134.0,-0.03570463708395663,-0.007435950627655063,0.007131838924047345,0.00825593373206526,-0.1598557392900462,-0.011393852773393456,0.003628010859916403,0.007941457502313053,-0.1283415364044956,-0.07776324646505603,-0.042977299743097455,0.008910299640174648,-1.9156682943426424,-1.8848118691180509,-1.8833197151232113,0.08337503557820315
135.0,-0.07700715799731185,-0.007951292904467337,0.005348732125172895,0.009103527916898804,0.08211448943410292,-0.010701198386671261,0.0029939629244808306,0.010000663398604573,0.12049508270872522,-0.07629466624895395,-0.04384423433151223,0.009487564254128058,-1.9333984483646096,-1.8851717697050625,-1.8851508216063237,0.08562845086077243
136.0,0.1724622285934869,-0.0066247228934529665,0.006497297846620653,0.009700618334014036,0.04844617502129343,-0.010266291229259756,0.0036152820001169816,0.008702480444313413,-0.24174296351419264,-0.07751119784649248,-0.04526195735832288,0.007892386815367452,-1.9006179735206044,-1.885285344733118,-1.8867624164216714,0.09420883760247172
137.0,-0.19019156637073825,-0.00796462686044045,0.006497249734646576,0.008026678287558986,-0.15567958070704085,-0.011327702101360347,0.0031467911076697385,0.008582859149989878,0.11639213393021779,-0.07609584505980116,-0.04242232173385654,0.010139784318200522,-1.8494957913775942,-1.885024107117384,-1.8864630840972105,0.10019492954359573
138.0,0.15793740143263374,-0.006762438249621072,0.005587962627090609,0.010330401443505886,0.20128223761676056,-0.009787050364272513,0.0032787326005151605,0.010174538121780081,-0.09512307128467938,-0.07623372351070606,-0.04545392980580685,0.008065143284697528,-1.8384993909903862,-1.8846869714932752,-1.884747933699171,0.09694136753910822
139.0,-0.027715124484326153,-0.0069131769995110365,0.007126109738493774,0.008290116128012257,-0.15793796379791453,-0.010852884273867061,0.0036319469012105867,0.007941965060997527,-0.1122596805346269,-0.07649290305764075,-0.04284588616496539,0.00900579277277966,-1.8724242260618857,-1.8845987503031212,-1.8832176379334853,0.08864010531043658
140.0,-0.08530854059798709,-0.007473143882357295,0.005365800934389842,0.009051964934936766,0.07881817532390968,-0.010212376705311513,0.002992054097050689,0.009984120861606396,0.11087233910689671,-0.07515457989932264,-0.04396126449618345,0.009387099548936484,-1.9169831529535242,-1.8848300674649099,-1.8833610177235804,0.08330663031918482
141.0,0.17703666624306105,-0.006164563668701845,0.006465266136397715,0.00975369447295193,0.05151529186439074,-0.009774591821838449,0.0036118685193389567,0.00872162621459885,-0.2432461284327778,-0.07634671854140389,-0.045146201084735216,0.007928907984042803,-1.9331147496242616,-1.8851725120192317,-1.8852267973894228,0.08585945480216363
142.0,-0.18843947277881726,-0.007448189789195617,0.006543994290554983,0.00801077123269647,-0.1577986213217543,-0.010817014564795602,0.0031531395507519377,0.008566279679287912,0.12605862118815414,-0.07492132882499855,-0.04248326845987891,0.010163692744884099,-1.8987324243776478,-1.885268004359784,-1.886787769178315,0.09452956903459604
143.0,0.15180868101665265,-0.006334505377965908,0.0055622800006833424,0.010309006350131635,0.2016862419211154,-0.00933097780615287,0.0032738103606851253,0.010187854193201732,-0.10990943434169742,-0.07516600089154889,-0.04551722220805141,0.008010211051526685,-1.8481913420760419,-1.8850087270011566,-1.8864182936389262,0.10024328367475935
144.0,-0.01967612499958006,-0.006427155514227118,0.007118715412369056,0.008325964963336784,-0.15597886244433787,-0.010349365893918043,0.0036357586351178973,0.007942745027105345,-0.09565281698043822,-0.07530827044772173,-0.04272647813865475,0.009102299584455726,-1.8390851280169846,-1.884689813119322,-1.8846803232661593,0.0966844960080411
145.0,-0.09341137671921607,-0.007027046694951179,0.005385024370260371,0.009000918699978034,0.07549736615523618,-0.00975731946599284,0.0029902288920773236,0.009967341695875152,0.10031262814335853,-0.07409709183674876,-0.044078355318382376,0.009284421899774806,-1.8740575598098876,-1.8846164872344295,-1.8831875597404575,0.0883580253837508
146.0,0.1813122776969221,-0.0057370513224041025,0.006432986355326858,0.009805655473950655,0.054573772060535236,-0.009316695551427579,0.0036084005142533126,0.008740943250458048,-0.2433423756933455,-0.07525630610973914,-0.045018167682731924,0.007971064801377166,-1.9182612608615264,-1.8848469308894096,-1.8834047771283906,0.08324884254502138
147.0,-0.18631724477599904,-0.006965488012564612,0.00658964318883663,0.007996564420809564,-0.1598657664609171,-0.010340838890947916,0.003159575102564005,0.008549870534967358,0.13443153652155593,-0.07382985820068272,-0.04255206862140835,0.010177028663567232,-1.9327603401053566,-1.8851728724487016,-1.8853023299576896,0.08609912834952048
148.0,0.14536548039830163,-0.005936224712491192,0.005537394685523769,0.01028489053811438,0.20203221131829327,-0.008905885848993583,0.003268896533870852,0.010200789733797313,-0.12434228053340021,-0.07417115835157946,-0.04557215098171006,0.007961428202884901,-1.8968227015839823,-1.8852515875104265,-1.8868104028634007,0.0948463135847949
149.0,-0.011599481524773997,-0.0059742331474729555,0.007109714661678715,0.008363447533264328,-0.15397912120372728,-0.009879531723857568,0.0036394455155666474,0.007943797826425911,-0.07864885317012155,-0.07420120999465693,-0.042619939973571164,0.009199213379440909,-1.8469473439894584,-1.8849945120505545,-1.8863716898696694,0.10027846380868832
150.0,-0.10129810039383849,-0.0066097255957820586,0.005406403533565615,0.008950466136009532,0.07215314166417212,-0.009332647234604037,0.002988488657065286,0.009950333702149579,0.08889789906379937,-0.07311388260093389,-0.0441950973995127,0.00918049118833783,-1.8397298896208492,-1.8846927479010231,-1.8846130299758976,0.096421383144409
151.0,0.18527797875685018,-0.005338946096758004,0.006400492103624459,0.009856347105911375,0.057620919988189204,-0.008889246127168321,0.003604879122517446,0.008760427192177825,-0.24200892724223516,-0.07423239283034648,-0.04487888933001618,0.008018706818160361,-1.8757026065282507,-1.8846332105409385,-1.8831597858727342,0.08808035921483248
152.0,-0.183832784215699,-0.006513247663329985,0.0066340570028083105,0.007984074903402869,-0.1618803972584814,-0.009895766858295381,0.003166095031845423,0.008533634396172659,0.14145507803632643,-0.0728133963114868,-0.04262801913781402,0.010179504191489169,-1.9195008895041064,-1.884862603165696,-1.8834509370531272,0.08320178210634517
153.0,0.13862133234207955,-0.005564655637150838,0.005513355961884745,0.01025815457920767,0.20231983200364778,-0.008508736800374183,0.003263991824827295,0.010213338076141288,-0.13833890886689507,-0.07324166763537836,-0.04561798439747004,0.007918902783853352,-1.9323351018275492,-1.885172880934728,-1.8853772963380506,0.08634718383309596
154.0,-0.0034970062767945165,-0.00555122934260307,0.007099166931949283,0.008402527608219343,-0.15193943063314483,-0.00944010494214542,0.0036430070793477707,0.00794512385761931,-0.06137859041688252,-0.07316463466642709,-0.042526900507614984,0.009295877792972213,-1.8948921095301166,-1.885235992808724,-1.8868302998723152,0.09515854713291662
155.0,-0.10895164404340406,-0.006218328792285657,0.005429931148321155,0.008900680457376783,0.06878658928723452,-0.008935416592278454,0.0029868347283488693,0.009933104684249473,0.07671149677801165,-0.07219769188291457,-0.04431107806644974,0.009076222755497137,-1.8457654233835616,-1.884981343973723,-1.8863233403992836,0.10030046347041384
156.0,0.18892304083859068,-0.004967422576703116,0.006367816447904196,0.009905615302704342,0.06065603920616842,-0.008489317516647384,0.0036013054844251657,0.00878007356923683,-0.23923532626669383,-0.07326844594947726,-0.04472962881198521,0.008071669030068425,-1.8404323177932969,-1.8846957732930791,-1.8845461318654089,0.09615242957758595
157.0,-0.1809946391960475,-0.006088615039246711,0.0066771047135689154,0.007973318736583024,-0.163841915816274,-0.009478824512186406,0.003172696522210289,0.008517573888016211,0.14708641204231582,-0.071864911822141,-0.04271044117840508,0.010170980817003558,-1.8773575766299624,-1.8846490331869445,-1.8831343679474124,0.08780742300648639
158.0,0.1315905346559631,-0.005217228015859307,0.005490214462582882,0.010228906264300447,0.20254880937032993,-0.008136877462297064,0.003259096944887169,0.010225492747803116,-0.15181595117459265,-0.07237093105854892,-0.045653985034457986,0.007882712167074599,-1.9207003232915854,-1.8848772059091259,-1.8834994365097728,0.08316554806181448
159.0,0.004619510181924053,-0.005155361737885826,0.007087132073239813,0.008443165257967082,-0.14986048544507358,-0.009028220908729621,0.003646442947777939,0.007946723491004032,-0.04397472836481257,-0.072192338588777,-0.04244776093233602,0.009391587497745373,-1.9318390342578682,-1.8851725633201242,-1.8854515748260077,0.0866033180728687
160.0,-0.11635548838917945,-0.0058503625294564114,0.005455591035285523,0.008851631281285674,0.06539880357348443,-0.008563052005715782,0.002985268444082717,0.009915662441564605,0.06383745108855259,-0.07134215240329368,-0.04442587759615879,0.00897247821373591,-1.8929440100594708,-1.885221134862245,-1.886847447232671,0.09546575053217163
161.0,0.19223714223948732,-0.0046200053569785,0.006334991974342716,0.009953306986631426,0.06367843203033544,-0.008114347135926644,0.0035976807259487874,0.008799877794920792,-0.23502410289102463,-0.07235881048085722,-0.04457186484671523,0.008129770488962108,-1.844647066009028,-1.884969122012225,-1.8862733140139596,0.10030930070573746
162.0,-0.177811948813432,-0.005689091427697349,0.006718664356469834,0.007964310981822497,-0.16574974552288546,-0.00908740515066096,0.0031793766656948884,0.008501691581290025,0.1512960837431946,-0.0709782247140421,-0.04279868351853753,0.010151476545126225,-1.8411910071702422,-1.8846988867354229,-1.8844797068472985,0.09587803817347688
163.0,0.12428810167113219,-0.004891685335066493,0.005468022127286798,0.010197259727158637,0.20271886820064333,-0.007787980160775657,0.0032542126007753915,0.010237247476846777,-0.16468950580776318,-0.0715531405489729,-0.045679420889556566,0.007852906270394885,-1.879020680456893,-1.8846640511140822,-1.883111355171819,0.08753952728803824
164.0,0.01273828915323533,-0.004784185490625628,0.007073670023946368,0.008485316675313643,-0.1477429842485237,-0.008641364332042413,0.0036497528257620816,0.007948597068252685,-0.026570906850145435,-0.07127885863617517,-0.04238270894206235,0.009485590474969245,-1.9218578616936501,-1.8848908426420063,-1.8835502098726358,0.08314022838032585
165.0,-0.12349371242863476,-0.005503637169037804,0.005483357642768904,0.008803384753577904,0.06199088591175701,-0.008213290088140597,0.0029837911499804915,0.009898014765066604,0.05035992286208741,-0.07054165389982206,-0.04453906550421207,0.008870058880262925,-1.9312722577294426,-1.885171942127385,-1.885525045248778,0.08686721254932306
166.0,0.19521042148825204,-0.004294516333752925,0.006302050878543064,0.009999270942493713,0.06668739937261942,-0.007762081115485417,0.003594005964309377,0.008819835168945718,-0.22939118172721507,-0.07149857876625214,-0.04440726833265276,0.008192812597729348,-1.8909818136502181,-1.885206941353426,-1.886861836534783,0.0957674108186768
167.0,-0.17429438851345314,-0.005312479640218196,0.006758623623007129,0.007957065702340109,-0.16760333144962128,-0.008719214351019165,0.003186132475252357,0.008485989997471575,0.15406816381109517,-0.07014787970890275,-0.04289212438810393,0.010121168082415413,-1.8435936166237723,-1.8849577597682186,-1.88622168058155,0.10030501772389629
168.0,0.1167297156661827,-0.004586038001489619,0.0054468322006444025,0.0101633345714915,0.20282975366543857,-0.0074599943033021535,0.0032493395079340737,0.010248596204737207,-0.17687539737875985,-0.0707831625521757,-0.04569357895709532,0.00782951048141639,-1.842004508771247,-1.8847020856551413,-1.8844138326811595,0.09559861338737713
169.0,0.020847554511270013,-0.004435543371236604,0.007058840579434641,0.008528934000760276,-0.14558762861858005,-0.008277317583274211,0.003652936484728969,0.007950744901709142,-0.009300767214534648,-0.07041936139633168,-0.04233173775205157,0.009577092134773096,-1.8806901284311208,-1.8846783462632832,-1.8830907942029733,0.08727697682717055
170.0,-0.13035104358963018,-0.005176222784285978,0.005513195602033255,0.008756003674842998,0.05856394369714814,-0.007884133693389375,0.0029824041639594677,0.009880169425737922,0.03636280189249262,-0.06979123102404448,-0.04465019696768846,0.008769701588083411,-1.922971820970807,-1.884903601996857,-1.8836031869512575,0.08312589964474856
171.0,0.19783353159286193,-0.003989031238220786,0.00626902503399539,0.010043358715549885,0.06968224080409956,-0.007430529164164293,0.0035902822951164983,0.00883994086980124,-0.2223660129570212,-0.07068348121078703,-0.044237670060981005,0.008260577076120464,-1.9306350174077422,-1.8851710371746984,-1.8855975892331684,0.0871385335812598
172.0,-0.1704521143891429,-0.004956839861191263,0.006796880279810286,0.007951595947843367,-0.16940214052726738,-0.008372224579066055,0.003192960888797691,0.00847047160399343,0.15540011684563365,-0.06936904168720319,-0.042990172062159535,0.010080387828870184,-1.8890089699835495,-1.8851933507375405,-1.8868734638514901,0.09606302247169361
173.0,0.10893167577673936,-0.004298524741896866,0.005426699166841598,0.010127254979478768,0.20288123078924278,-0.007151106339942884,0.003244478388363953,0.010259533084824156,-0.18828958003176108,-0.07005644364295208,-0.0456957815079424,0.007812528261612458,-1.8426062789969042,-1.884947182692797,-1.8861685109594426,0.1002876804558358
174.0,0.0289355216480616,-0.004107524475287909,0.007042703135142053,0.008573965146641296,-0.14339512378527836,-0.007934117934456307,0.0036559937759831464,0.007953167273978566,0.007702985279117128,-0.06960955037328502,-0.0422946684658521,0.009665261556951488,-1.8428713335959168,-1.8847053674681022,-1.8843485869407737,0.09531456064392915
175.0,-0.13691290717486002,-0.004866412376428322,0.005545059405703351,0.008709547644421887,0.055119090649094295,-0.007573813885407445,0.002981108806357935,0.00986213417954979,0.02192944680501537,-0.069086470389409,-0.044758809363444826,0.008672076597804113,-1.8823641309460637,-1.8846919889736906,-1.8830727290053104,0.08702007054151228
176.0,0.20009769581326262,-0.003701843579895987,0.006235946086197744,0.01008542555381875,0.07266225479694426,-0.007117927131530447,0.003586510800749204,0.008860189961923984,-0.21399142594486092,-0.06990979400051954,-0.04406502092421154,0.008332823635335208,-1.9240405367777238,-1.8849155602680319,-1.8836582930867394,0.08312262674240063
177.0,-0.1662957099467632,-0.004620452994398062,0.006833342496797121,0.007947913736931884,-0.17114566187739672,-0.008044637497326302,0.0031998587714903047,0.008455138819316099,0.15530239442839075,-0.06863740875515846,-0.043092264411757196,0.010029615835595088,-1.9299276863496422,-1.885169866065103,-1.8856690904610403,0.08741693258151684
178.0,0.10091084867990029,-0.004027580513081779,0.005407678677978783,0.010089148855987724,0.20287308542644525,-0.006859706469664663,0.0032396299667324215,0.010270052494603206,-0.19884869064220784,-0.06936893281070368,-0.04568540489569543,0.007801943448844891,-1.8870289583958775,-1.8851803104040399,-1.8868823296461783,0.09635208864245393
179.0,0.03699038840069468,-0.0037984298487590052,0.007025316500104304,0.008620353626794778,-0.14116617763437855,-0.007610021951031781,0.0036589246208208193,0.00795586443720984,0.02430954026136564,-0.06884558938572005,-0.04227117437579562,0.009749240059122427,-1.8416861164575655,-1.8849373260803166,-1.8861138769060701,0.10025737803759113
180.0,-0.14316547517268174,-0.004572691211669687,0.00557889313573694,0.008664073195139784,0.05165744596046411,-0.0072807582404123584,0.002979906386734682,0.00984391675580964,0.007142551492638398,-0.06842343304750695,-0.04486441906615206,0.00857778725695018,-1.8437899561036692,-1.884708729580446,-1.8842840469848228,0.09502628575775007
181.0,0.20199476240428144,-0.003431434561857802,0.0062028455397674515,0.010125331348846887,0.07562673840035876,-0.0068227057727837884,0.003582692550133887,0.00888057738979285,-0.20432321892681748,-0.06917426059380148,-0.04389134632850302,0.008409287352803392,-1.884040898526102,-1.8847050399061127,-1.8830572007073685,0.08676910140707957
182.0,-0.16183613358821866,-0.0043017900510136315,0.006867929019532417,0.007946030029951971,-0.17283340709882747,-0.007734852483366446,0.0032068229057070573,0.008439994012287738,0.15379776977223633,-0.06794913954783424,-0.043197867613900966,0.009969467154994856,-1.9250623663604034,-1.8849267834580594,-1.8837154492569368,0.08313046257416866
183.0,0.092684618361142,-0.0037718096771767154,0.005389827453144649,0.010049146984160963,0.20280512436015105,-0.0065843608066259145,0.003234794966682947,0.010280149040216404,-0.20847075997681694,-0.06871701725509645,-0.04566190075477898,0.00779772224001467,-1.9291507684339615,-1.8851684445781463,-1.8857394349158838,0.08770204631780654
184.0,0.04500032544132981,-0.003506743725445702,0.0070067387141673956,0.008668038390732173,-0.13890150064870418,-0.007303475697071992,0.0036617290115737887,0.007958836612719868,0.04039097777232401,-0.06812403902125178,-0.04226080588595993,0.009828152229922752,-1.885045278408945,-1.885167775196792,-1.8868884386756832,0.09663412238180727
185.0,-0.1490957134790672,-0.004293711129519331,0.005614630295171119,0.0086196339365059,0.04818013412787034,-0.007003564292612845,0.002978798210889638,0.009825524855008556,-0.007915877990777281,-0.06779858950216813,-0.04496651853931333,0.008487371096952525,-1.8408340529024685,-1.8849281334546606,-1.8860578510029982,0.10021422224662085
186.0,0.2035172594028045,-0.0031764478470874824,0.006169754837818181,0.010162941591402833,0.07857498742139378,-0.00654346455221496,0.0035788285949110987,0.008901097981739946,-0.19342951151615104,-0.06847402456675943,-0.043718696934883464,0.008489675802148492,-1.8447588174505467,-1.8847121693901223,-1.8842202899177238,0.0947341943902484
187.0,-0.15708466827381387,-0.00399948645899511,0.006900569250372812,0.007945954698003788,-0.17446491032368358,-0.00744144019805169,0.003213849998341939,0.00842503950626843,0.15092044637242974,-0.06730079210184398,-0.043306474188611596,0.009900675331808372,-1.8857186417259324,-1.8847175515951267,-1.8830442474582383,0.08652435635920017
188.0,0.08427083724125982,-0.0035299634605894985,0.0053732031714467665,0.010007382219687933,0.2026771759693791,-0.0063237879843951435,0.003229974114619083,0.010289817564620038,-0.21707607768706136,-0.06809746915282917,-0.04562481911745313,0.007799814865623823,-1.9260356910600673,-1.884937328932706,-1.8837745721951407,0.08314944774985814
189.0,0.052953467884667364,-0.00323110932648761,0.0069870269066828,0.008716953664227827,-0.13660180534910454,-0.0070130896635735,0.0036644070109846548,0.007962083989347252,0.055823313022981054,-0.06744180363867144,-0.04226301496262552,0.00990111943568723,-1.9283049014137177,-1.885166786988161,-1.885808511130746,0.08799349722188769
190.0,-0.15469142765837032,-0.004028268896655414,0.005652193725069504,0.008576280692533913,0.04468828418578431,-0.006740977169629511,0.0029777855740249605,0.009806966140358062,-0.023164456133759607,-0.06720876496759295,-0.04506457384256448,0.008401302036352967,-1.8830614396755887,-1.885155706212832,-1.8868917998821146,0.09690864788964762
191.0,0.20465844792938018,-0.0029356682850007775,0.006136705454382755,0.010198128310476163,0.08150629602705947,-0.006278949561269884,0.0035749199749967155,0.008921746442283291,-0.18138989831724822,-0.0678065719484812,-0.043549098119439786,0.008573665965977757,-1.840050874221361,-1.8849195552599967,-1.8860005065744416,0.10015834685345536
192.0,-0.15205287341777457,-0.003712320395067308,0.006931203224330865,0.007947696479774965,-0.1760397287351708,-0.007163120286133951,0.003220936688079484,0.008410277575643336,0.14671498290352786,-0.06668927218362698,-0.04341760049775974,0.009824072953132599,-1.8457763286372675,-1.8847156842880033,-1.8841573925527713,0.09443869153366263
193.0,0.07568777683459968,-0.00330092092755608,0.005357864336643869,0.00996398871518145,0.20248909006144825,-0.006076839403503991,0.0032251681395244923,0.010299053150743193,-0.2245882041312236,-0.06750740136470261,-0.04557383287936791,0.007808156947415984,-1.8873955710545662,-1.8847295697116644,-1.8830339042834467,0.086286116191621
194.0,0.06083790714440202,-0.002970308411721244,0.006966237172173784,0.008767028802965338,-0.13426780642205424,-0.006737617584011982,0.0036669587448017573,0.007965606724269967,0.07048759429789254,-0.06679608695407067,-0.04227717826149853,0.00996727568309029,-1.9269589194493069,-1.8849472467721677,-1.883835574531426,0.08317961029102264
195.0,-0.15994130527768116,-0.0037752878828287307,0.005691495641316857,0.008534061647248816,0.041183029909004305,-0.006491870673791385,0.0029768697603460015,0.009788248239315197,-0.03852227915296033,-0.06665109306791114,-0.045158022659772847,0.008319993413981123,-1.9273908586628834,-1.885164906320325,-1.8858762104134086,0.08829089376584207
196.0,0.20541237414579977,-0.002708003892886748,0.006103728973997085,0.010230771001919148,0.08441995734975864,-0.006028034816528375,0.0035709677139357577,0.00894251735901936,-0.16829444856260686,-0.06716968161635346,-0.04338450071717066,0.00866090101713792,-1.8810809523817396,-1.8851440698206385,-1.8868924262781206,0.09717520169220394
197.0,-0.14675253957588835,-0.0034391944293486855,0.0069597814645010634,0.007951262936710531,-0.1775574425616327,-0.006898742470056824,0.003228079545301793,0.008395710449875984,0.1412350866816314,-0.06611178939149061,-0.043530783851187804,0.00974057034090977,-1.8393372302172717,-1.8849115477921952,-1.8859419176178036,0.10008990693493629
198.0,0.06695408060852272,-0.0030836728382483253,0.005343870113315052,0.009919101198302289,0.2022407384866905,-0.005842482465224766,0.0032203777732108087,0.010307851128793217,-0.23093510640922757,-0.06694423038652968,-0.04550876273205366,0.007822670552778984,-1.8468408734358353,-1.8847192716590822,-1.8840954313714093,0.09414018104095809
199.0,0.06864168460322348,-0.0027232439063816327,0.006944424473847538,0.008818188155761858,-0.13190022020115552,-0.006475938433747031,0.003669384404308762,0.007969404941270028,0.08427104884324323,-0.0661843546115057,-0.042302618301852266,0.010025785514372734,-1.8890698971377178,-1.8847411340986735,-1.8830262029434066,0.08605465544512002
200.0,-0.16483495609219584,-0.003533802467310704,0.005732437781272126,0.008493022479160698,0.037665509070980326,-0.006255231196223394,0.0029760520417461576,0.009769378735589833,-0.05390873712372553,-0.06612297652406679,-0.04524627300715922,0.00824380158027896,-1.927830489699824,-1.8849565808766793,-1.8838983649344159,0.08322096535046115
201.0,0.2057739181194024,-0.002492470524093226,0.006070857178270004,0.010260757514342224,0.08731526308666596,-0.005789706349044839,0.0035669728181544234,0.008963405197768151,-0.15424260036328322,-0.0665613826128191,-0.04322673544396567,0.008750987033203376,-1.9264095515810666,-1.8851628145617756,-1.8859424270737164,0.08859383082640787
202.0,-0.14119564602341977,-0.0031791199077532578,0.00698626474802031,0.007956660398300803,-0.17901765535241004,-0.006647270453021895,0.0032352750724163105,0.00838134031307761,0.13454232944062014,-0.06556581968186148,-0.04364557930153001,0.009651133450234375,-1.879107317337698,-1.8851328368527454,-1.886890334827902,0.09743333385370873
203.0,0.05808871715035234,-0.0028773079025409152,0.005331280135000815,0.00987285429419352,0.20193201524807022,-0.005619786287006664,0.003215603748601981,0.010316207080552992,-0.23605039290825744,-0.06640564516573536,-0.04542960147904238,0.007843264936503126,-1.8386936368520825,-1.8849040723207227,-1.8858821587377819,0.10000907813468457
204.0,0.07635278628867134,-0.0024889250878781096,0.006921642563386715,0.008870350945413389,-0.12949976457786638,-0.0062270410825500935,0.0036716842403684115,0.007973478730487281,0.0970682608687065,-0.06560430248909593,-0.042338622286071104,0.01007586345424477,-1.8479508111492837,-1.8847229288836078,-1.8840344824741735,0.09383906517971267
205.0,-0.16936294805290017,-0.0033029447120977297,0.005774911672780078,0.00845320649782768,0.034136863287136845,-0.0060301439880638165,0.0029753336747529056,0.009750365167370222,-0.06924329687227725,-0.06562205368120902,-0.04532870277943024,0.008173029843374332,-1.8907398304072718,-1.8847522796227476,-1.8830211717911183,0.08583024229130609
206.0,0.2057388398949307,-0.002288178767403417,0.006038122132947044,0.010287984894308934,0.09019150374780709,-0.005563048610705219,0.0035629362841326007,0.00898440430671088,-0.13934199517629806,-0.0659799174748745,-0.04307747311565735,0.008843489771599596,-1.928648873168332,-1.8849653698826776,-1.8839628482790716,0.08327351491049237
207.0,-0.13539432169761098,-0.0029312036124768837,0.007010623803343097,0.007963893903490442,-0.18041999404643264,-0.006407768153872984,0.0032425197192123166,0.008367169308083755,0.12670484043092328,-0.0650490732337837,-0.043761556200161644,0.009556762009489368,-1.9253620309153052,-1.8851605228345263,-1.8860070586363604,0.08890189015280588
208.0,0.04911093526715225,-0.0026810010217094356,0.005320154293367335,0.009825381907422128,0.2015628371736876,-0.005407909474413559,0.003210846806918538,0.01032411684738562,-0.23987460632647234,-0.06588958060442161,-0.04533653642385445,0.007869836977115673,-1.8771440160690438,-1.8851219819366152,-1.8868855463188055,0.09768260913129144
209.0,0.08395913972685794,-0.00226645489372586,0.0068979439237570345,0.008923431167144143,-0.12706715836182877,-0.005990011143731335,0.0036738585633373177,0.007977828146833931,0.10878235567240137,-0.06505382971314495,-0.04238445835168103,0.010116794314079131,-1.838120478870894,-1.8848970943621381,-1.8858213050798,0.09991605586348505
210.0,-0.17351683968819567,-0.0030819329165566686,0.005818799021292895,0.008414654770389725,0.030598237195116326,-0.005815781389736823,0.0029747159007865232,0.009731215018639328,-0.08444527775229023,-0.0651461699419028,-0.04540466034280062,0.008107932581629824,-1.8491044792331195,-1.8847266533377143,-1.8839746215363575,0.09353574422094835
211.0,0.20530382139184364,-0.00209432270656425,0.006005556266267439,0.010312360162391275,0.0930479682232509,-0.005347232813371953,0.0035588590862653036,0.009005508908668006,-0.12370729363692307,-0.0654237108124953,-0.04293819235979814,0.00893793162988097,-1.892403581330992,-1.8847630368827062,-1.8830188356344393,0.0856131384068496
212.0,-0.1293608091144773,-0.0026946363216959154,0.007032838898134078,0.007972967130202646,-0.18176410928735925,-0.006179387891079439,0.0032498098672630094,0.0083531995327431,0.11779602662134867,-0.06455946676799604,-0.04387829461540527,0.00945846877437899,-1.9294125774975246,-1.884973647923342,-1.8840289258222895,0.08333724752003992
213.0,0.04004021883688978,-0.002494003198885654,0.005310552474637839,0.00977681664837574,0.20113314355118164,-0.005206089621397463,0.003206107686311482,0.010331576530414612,-0.2423565322449253,-0.06539419477492997,-0.045229968420734366,0.007902271294244097,-1.9242494875362306,-1.8851580415365483,-1.886070006035773,0.0892146408412171
214.0,0.09144861174346099,-0.0020550190169120715,0.0068733797270228245,0.008977337511453009,-0.12460312164961138,-0.005764019677604069,0.0036759077397031602,0.007982453210426968,0.11932615401967443,-0.06453101557495519,-0.042439389202220436,0.010147953514457029,-1.875194501415085,-1.88511148293785,-1.8868780852312526,0.0979226080796923
215.0,-0.17728920692360545,-0.0028700617513618084,0.005863972233304188,0.00837740625330227,0.027050778765538953,-0.005611392708101078,0.002974199942614275,0.009711935722870784,-0.09943364050774986,-0.06469335336534028,-0.045473466385039574,0.008048719393422108,-1.8376180128285573,-1.8848905830768765,-1.8857594322783142,0.09981105448514613
216.0,0.20446650476006328,-0.0019101702397348404,0.005973192456974204,0.010333801028925792,0.09588394449349312,-0.005141506887723328,0.003554742185027998,0.009026713108961045,-0.10745900546461927,-0.06489134249542954,-0.042810155873033516,0.009033788983067899,-1.850300195688902,-1.8847304423945246,-1.8839159237510927,0.09323061606710485
217.0,-0.12310743211843121,-0.0024686829672864365,0.007052899402682505,0.007983882322715075,-0.1830496754311153,-0.005961360198983198,0.0032571418461850355,0.008339433044088001,0.10789336458947986,-0.06409509960563732,-0.04399538161900631,0.009357260630843701,-1.8940593603420646,-1.8847734327998127,-1.8830192156009034,0.08540359883845754
218.0,0.030896244098154356,-0.002315632843133038,0.005302534288138858,0.009727289327640045,0.20064289677402863,-0.005013634249565713,0.0032013871298746167,0.010338582497904564,-0.24345446748114696,-0.06491784899956168,-0.04511052603997978,0.00794044005875485,-1.930120149745476,-1.8849814452628662,-1.8840964953846424,0.08341213801895556
219.0,0.09880900928510639,-0.0018538764863830863,0.00684799981024915,0.009031973310827389,-0.12210837522482215,-0.005548313432101131,0.003677832190113528,0.007987353904947567,0.1286232541829642,-0.06403409966996111,-0.04250268319193982,0.010168826431834085,-1.9230732536533468,-1.8851553804609962,-1.8861311738145374,0.0895316398454031
220.0,-0.18067366563504172,-0.00266669370978608,0.00591029504869015,0.008341497908859961,0.023495638508940812,-0.005416295468732758,0.0029737870038254455,0.009692534654873058,-0.11412681177537906,-0.06426179381589482,-0.04553441727364023,0.00799555915814576,-1.873262187693793,-1.8851013204938725,-1.886867979604291,0.09815292817509517
221.0,0.20322552510155215,-0.0017350547106397534,0.005941064116121916,0.010352236515215588,0.09869871931605238,-0.004945186804548209,0.0035505865267177862,0.009048010890619818,-0.09072235736732652,-0.06438152487268863,-0.042694395734652967,0.009130490080588144,-1.8371863702809226,-1.884884510764402,-1.885696616398161,0.09969430644534845
222.0,-0.11664656674413676,-0.0022526741342140644,0.007070803287223965,0.007996640209284332,-0.18427639064967613,-0.005752985020066804,0.0032645119379465736,0.008325871857139946,0.09707729872940954,-0.06365423287448098,-0.04411240751072363,0.009254122037698723,-1.85153626134725,-1.8847342934246851,-1.8838584637728317,0.09292407589526007
223.0,0.02169883690075186,-0.0021452682551334995,0.005296158750714213,0.00967692849907863,0.20009208220712743,-0.00482991296972064,0.003196685884120987,0.010345131386299646,-0.24313739637390439,-0.0644590901099044,-0.044979073420650814,0.007984202479389992,-1.8957053776891168,-1.8847834911119696,-1.8830223290042114,0.08520187186042723
224.0,0.10602808190180851,-0.0016623515133614372,0.00682185266222618,0.009087236517278163,-0.1195836407067147,-0.005342206397117936,0.0036796323826707223,0.007992530177090446,0.1366089940199077,-0.06356146473432489,-0.042573623014461236,0.010179025743867672,-1.9307701806822248,-1.8849887888332653,-1.8841654515610429,0.08349814726931724
225.0,-0.18366488818303225,-0.002471251676337752,0.0059576232946270515,0.008306964822458207,0.01993396941300259,-0.005229867837961845,0.002973478264799029,0.009673019131293217,-0.12844256423905867,-0.06384982517656815,-0.045586790170668266,0.007948583940067137,-1.921834802135777,-1.8851525488923875,-1.886190470291875,0.08985243259191586
226.0,0.20158053811570237,-0.0015683676507092558,0.005909205262449498,0.010367607488103265,0.10149157817817425,-0.004757649050279827,0.0035463930337185424,0.009069396119814443,-0.07362621148269591,-0.06389308352305544,-0.04259170766983189,0.009227413754750658,-1.8713504415732183,-1.8850914776210637,-1.8868552608949414,0.098373184814968
227.0,-0.10999061662908165,-0.0020459987034774163,0.007086556553567802,0.008011239915990913,-0.18544397720577332,-0.00555362406418068,0.003271916361666294,0.008312517951177587,0.08543027153280609,-0.06323527138624548,-0.044228962040822495,0.009150001127915319,-1.8368255613852866,-1.8848788524394084,-1.8856329338864257,0.09956606138114149
228.0,0.012467932294968797,-0.001982341111378968,0.005291483929910526,0.009625860074680066,0.19948070932170317,-0.004654350672137329,0.0031920046954743986,0.010351220112615007,-0.24138601793667352,-0.06401663430971227,-0.0448367105470628,0.008033403977300407,-1.85281096192872,-1.8847382037968174,-1.8838023156581414,0.09261651584530348
229.0,0.11309352797800866,-0.001479826399198236,0.006794985432244058,0.009143019713956793,-0.11702963936287994,-0.005145072456813062,0.00368130884513001,0.007997981935350144,0.14323124642048654,-0.06311162173010441,-0.042651512212125195,0.01017830574834838,-1.8973398439163371,-1.8847932327929726,-1.8830281892207068,0.08500819881813228
230.0,-0.1862586145096993,-0.002283212434461284,0.006005805760960834,0.008273840303862547,0.016366925878324036,-0.0050515420292689866,0.0029732748874435055,0.009653396397717354,-0.14229797383015,-0.06345591021749591,-0.045629850154534954,0.007907892662722698,-1.9313613077008425,-1.8849957026838764,-1.8842356859213383,0.08359522192963767
231.0,0.19953224190016378,-0.0014095524589867166,0.005877650610230424,0.010379867078209504,0.10426180530991284,-0.004578324075419715,0.0035421626195148437,0.00909086253576022,-0.056302035343321406,-0.06342494106219645,-0.04250265358018681,0.009323889189305318,-1.92053574658928,-1.885149555687796,-1.886247807730537,0.09017655355199347
232.0,-0.1031519898741118,-0.0018480974478450143,0.007100172698821995,0.008027678868098947,-0.18655218129198192,-0.005362694149629034,0.0032793513055945633,0.008299373262512955,0.07303590287997011,-0.0628367477693423,-0.04434463058077576,0.00904579856497516,-1.8694625730144285,-1.8850819393831693,-1.886839963839965,0.0985830123280757
233.0,0.003223531854588058,-0.0018263307984783487,0.0052885665743217045,0.009574206966342473,0.1988088104647193,-0.004486421597636124,0.0031873443156763383,0.01035684586490537,-0.23819357924651183,-0.06358935219628294,-0.04468476495865796,0.008087875018526662,-1.83653547867769,-1.8848735854745622,-1.8855684615305435,0.0994265852176682
234.0,0.11999300155307573,-0.001305735361078545,0.006767443934538546,0.009199210163970035,-0.11444709339872534,-0.004956338998495479,0.0036828621412595573,0.008003709049721506,0.14845100256140709,-0.06268319683407059,-0.04273567975207011,0.010166572759347856,-1.8541225699903165,-1.8847421708784755,-1.8837475527940684,0.09230832472662898
235.0,-0.1884516565434465,-0.0021021009831311745,0.006054685152894412,0.008242155998975782,0.01279566442790788,-0.004880798558383125,0.0029731780042321467,0.00963367364043791,-0.1556094731284824,-0.06307862779702553,-0.04566285960145815,0.007873554536126974,-1.898960969490792,-1.8848026764044854,-1.8830368055647668,0.0848228139672448
236.0,0.1970823936377063,-0.0012580988872801682,0.005846435640192074,0.01038898101000021,0.10700868426350738,-0.0044066905803242665,0.0035378961770758666,0.009112403763058812,-0.03888291860032538,-0.06297610360551409,-0.04242757135240112,0.009419197058432971,-1.9318922192825656,-1.8850022083658333,-1.8843070872372878,0.0837032941903453
237.0,-0.09614308134045738,-0.0016584574630319707,0.007111672096077851,0.008045952689657939,-0.18760077320400956,-0.0051796613930824315,0.0032868129110164455,0.008286439690928528,0.05997832500810789,-0.06245730854807264,-0.04445899039423917,0.008942359136223708,-1.9191778403731106,-1.885146409344767,-1.8863031024911834,0.09050352694000674
238.0,-0.0060143356912507485,-0.0016767594723942345,0.005287461688583514,0.009522088809415236,0.19807644195432764,-0.0043256441521269265,0.0031827054977073776,0.01036200611363109,-0.2335664687300214,-0.0631762545992573,-0.04452477445225904,0.008147429638923087,-1.8676018262760394,-1.885072692609184,-1.8868221263121883,0.09878206491460045
239.0,0.12671412417686972,-0.0011395591223973141,0.00673927267792467,0.009255689901158664,-0.11183672483893783,-0.004775481309812328,0.0036842928817628186,0.008009711350317264,0.15224271006426662,-0.06227492001907519,-0.04282548292173347,0.010143890862714404,-1.8363159009774477,-1.8848686892969173,-1.8855032764081812,0.09927615922304324
240.0,-0.1902418969270774,-0.0019274855299168147,0.006104099157052631,0.008211941978439738,0.00922134260155215,-0.004717161210181643,0.0029731887200271146,0.009613857974364865,-0.1682930206563232,-0.06271666210506373,-0.04568509001004841,0.007845612181955404,-1.8554693466688312,-1.884746192035967,-1.8836942478324061,0.09199988774705116
241.0,0.19423381890457314,-0.0011135382086118772,0.0058155966766819,0.010394927795820687,0.10973149755060393,-0.004242270509929421,0.00353359458162556,0.009134013305476961,-0.021502622225790306,-0.06254564949145679,-0.042366590556611114,0.009512572300333389,-1.9005669653014061,-1.884811838398064,-1.8830481831754142,0.08464594429556865
242.0,-0.08897625702679354,-0.0014766072946374212,0.007121081401597553,0.008066055093556509,-0.18858954724782223,-0.00500403611628435,0.0032942972842402553,0.008273719098372687,0.04634167354343602,-0.062095701875610115,-0.04457160695404072,0.008840465896565317,-1.9323616590420185,-1.8850083252602294,-1.8843795417180231,0.08382228157278575
243.0,-0.015225655313923978,-0.0015331877391612345,0.005288222089990645,0.009469621720575468,0.19728368377973818,-0.004171576363625821,0.003178088997531958,0.010366698609906164,-0.2275245459905747,-0.0627764790118857,-0.04435846078109864,0.00821186363620209,-1.9177629744931528,-1.8851431180554266,-1.8863562751590492,0.09083286742894267
244.0,0.133244498606227,-0.0009808201721719383,0.006710514897929535,0.009312335865950531,-0.1091992558671749,-0.004602017673066595,0.003685601715299247,0.008015988626305294,0.15459434036403777,-0.06188561499804994,-0.042920308793715334,0.010110482605774553,-1.865771371812201,-1.8850637256527905,-1.8868017891756224,0.09897001747687852
245.0,-0.19162828140344426,-0.0017589730751567233,0.0061538815641659335,0.008183226827374513,0.005645119076266812,-0.004560192625110132,0.002973308110027495,0.009593956444785105,-0.18026440201198826,-0.0623687937205558,-0.04569583642220807,0.007824084463709084,-1.8361664976737644,-1.8848641451304273,-1.8854374558572857,0.09911507907789699
246.0,0.1909904158284201,-0.0009754389739226713,0.005785170962503168,0.010397698825748343,0.11242952703132345,-0.00408462465902707,0.0035292586921154,0.009155684551060266,-0.004294641375227732,-0.062132719930534146,-0.04231965257718131,0.009603208835567695,-1.856849543287848,-1.8847502646351322,-1.8836424726102734,0.09169158628208267
247.0,-0.08166384280118523,-0.0013021126736281878,0.007128432934913813,0.008087977765591075,-0.18951832221536835,-0.004835368373830071,0.0033018004878920095,0.008261213312607004,0.03220972722314268,-0.06175076670319133,-0.04468203040737584,0.008740836618400204,-1.9021560429190951,-1.884820733373124,-1.883062322910368,0.0844778093391237
248.0,-0.024390465532627175,-0.0013952108706402806,0.005290897914919326,0.009416918117453925,0.19643064049003364,-0.004023811886475781,0.0031734955708006634,0.010370921396562269,-0.22010119223379782,-0.06238927648355668,-0.044187695055059,0.008280952455552722,-1.9327684291761167,-1.8850140708562007,-1.8844529332380446,0.0839520867218745
249.0,0.1395717271172314,-0.0008290785895644907,0.006681212599678662,0.009369020094795955,-0.10653540765948721,-0.004435505042190687,0.0036867893383592033,0.00802254062588097,0.15550717782405188,-0.06151419032167873,-0.04301957450126772,0.010066724508366785,-1.9162931764638511,-1.8851396897542234,-1.8864072506778684,0.09116408086674023
250.0,-0.19261080466915384,-0.001596205493882848,0.006203863475154709,0.008156037721830421,0.0020681526026292154,-0.004409490411611407,0.002973537223547024,0.009573976016896068,-0.19143967563191341,-0.06203389226291967,-0.04569443444825829,0.0078089690013152715,-1.8639742979363139,-1.8850550281869516,-1.8867789961454478,0.09914656647476548
251.0,0.1873571512219584,-0.0008434032758914486,0.005755196720907578,0.010397298321339413,0.11510205320452488,-0.003933348803578992,0.0035248893480788746,0.009177410764126844,0.012608736850518882,-0.061736511270435855,-0.04228653368607227,0.009690266459342718,-1.8360868328985045,-1.8848599357754439,-1.8853710774346353,0.0989436539236233
252.0,-0.07421811404022546,-0.001134572763051504,0.007133764097763876,0.008111710241054308,-0.19038694069259118,-0.00467324400948777,0.003309318562948077,0.008248924123791499,0.017665686411758204,-0.0614214231843954,-0.04478979219131203,0.008644122232553314,-1.8582614028515858,-1.8847543860416192,-1.883592298068487,0.09138379764454027
253.0,-0.033488900198345016,-0.0012624554801870516,0.005295536121883005,0.009364086560953807,0.19551744012799047,-0.0038819764832526784,0.003168925977368298,0.010374672796663388,-0.2113430864467046,-0.0620139989285152,-0.044014456046356544,0.008354448759652263,-1.9037264144288142,-1.884829374296114,-1.8830792212408014,0.08431862098792284
254.0,0.14568343093490163,-0.0006839283683166237,0.006651406601669021,0.009425609955451506,-0.10384590177437222,-0.004275535244241338,0.0036878564742492737,0.00802936705389194,0.15499533476561886,-0.061159631473026485,-0.04312272652770792,0.010013137612351626,-1.9331113958975483,-1.8850194609953321,-1.8845271436028626,0.08409259719171087
255.0,-0.1931904906408704,-0.001438856063503109,0.006253874508737401,0.008130400509058649,-0.0015083974305215061,-0.004264683723403221,0.0029738770693477634,0.009553923586136751,-0.20173577356188055,-0.06171091046161022,-0.0456802798540612,0.007800244380841952,-1.914770606723747,-1.8851361321550513,-1.8864559584502416,0.09149666514948392
256.0,0.18334005349446397,-0.0007170634480423001,0.005725713227097418,0.01039374319870266,0.1177483565523715,-0.003788070284825976,0.0035204873708197222,0.00919918509745827,0.029077403533373736,-0.06135626861006732,-0.042266869629111394,0.009772880137487833,-1.862213603295045,-1.885046591026692,-1.8867537936403962,0.09931143061397052
257.0,-0.06665129024926138,-0.0009736168597201953,0.007137116773826663,0.008137239774381877,-0.19119526947299068,-0.004517281176608718,0.0033168475197728363,0.008236853288150357,0.0027920725687967333,-0.061106664169682634,-0.04489440192962846,0.008550906936036733,-1.836076369988661,-1.8848560454195402,-1.885304218881562,0.09876220540297025
258.0,-0.04250122912768982,-0.001134576597192946,0.005302179943180557,0.009311231661167301,0.19454423508802432,-0.003745724912017117,0.00316438097762273,0.010377951423774503,-0.20130972178598386,-0.06165008687362179,-0.043840783287249385,0.008432079736493079,-1.8597031612693224,-1.8847585536205083,-1.8835437941696582,0.0910768948930197
259.0,0.1515672753023955,-0.000544994157426195,0.006621136593612785,0.009481968445509565,-0.10113145904036809,-0.004121731607493376,0.003688803882234082,0.008036467571664738,0.15308501727921722,-0.06082099380739461,-0.04322923920984305,0.009950373616769969,-1.905276293572854,-1.8848377726936834,-1.883098870167646,0.08416858327234614
260.0,-0.19336936659537357,-0.0012866263591106081,0.006303744069604489,0.008106339768749042,-0.005083371897464341,-0.004125430223993264,0.002974328622073952,0.009533805968005777,-0.2110712587477963,-0.061398879441780775,-0.04565285038415352,0.007797872042534651,-1.9333894926658555,-1.8850245100781917,-1.8846020527919478,0.08424368531746913
261.0,0.1789461969085522,-0.0005960791435256931,0.0056967608647794914,0.010387062792667103,0.12036771683334667,-0.003648444986225678,0.0035160535600063077,0.009221000586059912,0.0449844375653845,-0.06099128052604451,-0.04226018051083576,0.009850171765639331,-1.9131975558401642,-1.8851324527822606,-1.8865023324309291,0.09183011100741349
262.0,-0.058975530969643516,-0.0008189014787398832,0.007138536759141822,0.008164551202621375,-0.19194319930198103,-0.004367127254606424,0.0033243833436986834,0.008225002527153163,-0.012329266925377677,-0.06080554764970609,-0.04499534465220543,0.00846170963482715,-1.8604921898116582,-1.8850384059770293,-1.8867262306425403,0.09946435151330407
263.0,-0.05140790052753168,-0.0010112550872904223,0.005310868323434734,0.009258454007684231,0.19351120175979555,-0.0036147381709014732,0.0031598613325153845,0.01038075617835367,-0.19007269560650147,-0.06129705771798287,-0.04366872713302032,0.008513544156914231,-1.836134476047056,-1.8848524594753946,-1.8852369581014883,0.09857106672760779
264.0,0.15721099677518888,-0.00041192837569012196,0.0065904411952692424,0.009537954546380293,-0.09839279996810406,-0.003973745980739362,0.003689632350980654,0.00804384179554967,0.14981357487103794,-0.06049739623090325,-0.04333861261174206,0.009879197393179356,-1.8611730486518983,-1.8847627647374268,-1.8834970298007305,0.09077124665465033
265.0,-0.19315043199594265,-0.001139243483691075,0.006353302599946484,0.008083878874244088,-0.008655611970077772,-0.003991413399567054,0.002974892816403646,0.009513629900656562,-0.2193672356898989,-0.0610969050590504,-0.04561172939801308,0.0078017978630728945,-1.9068038954635942,-1.8848459388156387,-1.8831212571339264,0.08402789215550725
266.0,0.174183681711387,-0.00048013474235619486,0.0056683811898386,0.010377298487734707,0.12295941368132925,-0.003514154651142632,0.003511588703982521,0.00924285015467764,0.060207167705331334,-0.060640874710312126,-0.04226589491831238,0.009921264399086055,-1.9336017251757964,-1.885029231245564,-1.8846775392239905,0.08440520801897726
267.0,-0.05120293528371594,-0.0006701077780916246,0.007138073223472744,0.008193626803261711,-0.19263064521919937,-0.004222456113944343,0.00333192200364687,0.008213373531619488,-0.02761706986479834,-0.06051719004796938,-0.04509207845325251,0.008376986413075523,-1.9115764409948293,-1.885128658997434,-1.8865463112142293,0.09216390292726861
268.0,-0.06018958316102973,-0.0008921953728040803,0.005321635337072779,0.009205850147412925,0.19241854140210177,-0.003488721048585962,0.0031553678056568334,0.010383086257632405,-0.17771481155885355,-0.060954494605845816,-0.04350029829380704,0.008598509253087798,-1.8588128556966235,-1.8850304657015353,-1.8866963585584273,0.09960509431145187
269.0,0.1626024353167776,-0.0002844086416160443,0.0065593580205420025,0.009593423641826266,-0.09563064358817591,-0.0038312560766141776,0.003690342700024435,0.008051489296451102,0.1452283817898758,-0.060188015511437924,-0.04345036990957225,0.009800466869481607,-1.836260426322147,-1.8848491644399021,-1.8851693731185732,0.09837058172335099
270.0,-0.19253762230872407,-0.0009964575811238518,0.0064023828255663825,0.008063040038220755,-0.01222396014956789,-0.0038623401657732655,0.0029755705493271336,0.009493402034067028,-0.22654840148114322,-0.060804165089103496,-0.04555663060084707,0.0078119534212689,-1.8626692902407993,-1.884767016757683,-1.8834520726820714,0.09046721695259462
271.0,0.16906160757378916,-0.00036893704549686664,0.0056406169674070175,0.010364503233040775,0.12552272587047536,-0.0033849044977428276,0.003507093563341196,0.009264726608610191,0.07462828650202528,-0.06030441434522479,-0.04228337255471337,0.009985298749696848,-1.9083074374832627,-1.8848538817788105,-1.8831463649544204,0.08389673529583463
272.0,-0.043345541546479814,-0.0005269392679269511,0.007135778175597816,0.008224446144053281,-0.1932575458827128,-0.004082965679305217,0.0033394594485729235,0.008201967957294982,-0.04299050423731162,-0.0602407602639457,-0.045184032732645464,0.008297133743696783,-1.9337471762918812,-1.8850336365380496,-1.8847534800363561,0.08457700669255656
273.0,-0.06882721153993555,-0.000777123415443466,0.005334509590734726,0.00915351257085676,0.19126647889750684,-0.0033673999482546238,0.0031509011593926135,0.010384941142122447,-0.16432904335770995,-0.060622036026193926,-0.04333741933542545,0.008686607460240525,-1.909909800612844,-1.885124758018177,-1.8865878380847334,0.0924975201193377
274.0,0.16772956775736897,-0.00016213549145509943,0.006527923745842057,0.009648227994520371,-0.0928457089400181,-0.0036939631197574103,0.003690935770860293,0.008059409597863701,0.13938559996276964,-0.059892081150321796,-0.04356405440039142,0.009715111354055592,-1.8571782895771263,-1.8850227636078083,-1.8866642310744055,0.09973344810342884
275.0,-0.19153576820407725,-0.0008580396104100891,0.006450820954326288,0.008043844364923065,-0.0157872595963107,-0.0037379387433085134,0.0029763626702548284,0.009473128942270346,-0.23254421565797043,-0.060519907093985977,-0.04548742296362862,0.00782825696713794,-1.836453408998504,-1.8848461477728655,-1.8851015420620982,0.09816110390599576
276.0,0.16359004445660366,-0.00026221321886293783,0.0056135122247987215,0.010348740988260276,0.1280569327017979,-0.003260421093145084,0.0035025688812120926,0.00928662264737972,0.08813701038551575,-0.059981295074132704,-0.04231192473898258,0.01004145161990814,-1.8641901073530907,-1.884771307046707,-1.8834089892638617,0.09016516507438528
277.0,-0.035415331102388425,-0.00038911978161934753,0.007131705980750444,0.00825698592813452,-0.19382386383304023,-0.003948375760076114,0.003346991615486322,0.00819078742903599,-0.05836897122609978,-0.05997547441042139,-0.04527060714483775,0.008222492201464104,-1.909785140266574,-1.88486160969371,-1.8831741717611976,0.08377529181296928
278.0,-0.0773020301668069,-0.0006657849268898063,0.005349513618861541,0.009101529747905072,0.19005526360292443,-0.0032505209422235937,0.0031464621567012406,0.010386320604572515,-0.1500174039327124,-0.06029936624323538,-0.04318188052490499,0.00877743315066019,-1.9338250092706462,-1.8850377370303177,-1.8848297513360635,0.08475890711760962
279.0,0.172580546704495,-4.48303332289289e-05,0.006496174182052172,0.009702217290103834,-0.09003871397755626,-0.003561589734464929,0.0036914124282357796,0.008067602175180742,0.132348881931924,-0.05960887073006277,-0.04367922622821352,0.009624109379941896,-1.9082002906879465,-1.8851207569359008,-1.8866268610788268,0.09283043741649344
280.0,-0.1901505509012608,-0.0007237793352576141,0.006498457832697589,0.008026311881348362,-0.019344355131268722,-0.003617956753739228,0.0029772699849152594,0.009452817113072087,-0.23729015721589208,-0.06024344675322644,-0.04540415464220273,0.007850614070906266,-1.855591064644762,-1.8850152937491467,-1.8866299040282244,0.09984922641608213
281.0,0.15777999691524144,-0.0001597089571419591,0.005587112282964297,0.010330086066812526,0.13056131334451695,-0.0031404504544571775,0.0034980153797630866,0.009308530858712928,0.1006302634787441,-0.0596709424463511,-0.04235083249958933,0.010088955685294396,-1.8367125296361215,-1.884843397791449,-1.885033543136592,0.09794299557595272
282.0,-0.027424232360954807,-0.0002563916642476785,0.007125912899610265,0.008291219833984155,-0.19432958513113227,-0.003818426109339004,0.003354514432680339,0.008179833539511587,-0.07367188457612632,-0.05972059117730774,-0.045351171452578366,0.008153350471123786,-1.865733718292964,-1.8847756329705323,-1.8833678446178652,0.08986544542619644
283.0,-0.08559564023520226,-0.0005579437793393907,0.0053666632765783095,0.009049986173243938,0.18878516881655574,-0.003137848035395913,0.0031420515586007753,0.01038722470403849,-0.1348897685541921,-0.05998620664507059,-0.04303530201666881,0.00887053944966719,-1.9112352274800721,-1.8848691297709195,-1.8832046509425395,0.08366373204661467
284.0,0.1771437414539233,6.776637993266104e-05,0.006464144347770717,0.009755239241787634,-0.08721037606559931,-0.0034338780636712775,0.0036917735536401626,0.008076066454225756,0.12418806477708202,-0.059337705689358776,-0.04379545890634269,0.009528467057479183,-1.9338344740951567,-1.88504154295516,-1.8849062284996136,0.08495071931732116
285.0,-0.18838845409356889,-0.00059348351646559,0.006545140030517602,0.00801046156953527,-0.022894093265504553,-0.003502159520519815,0.002978293245095881,0.00943247295171365,-0.24072902843124033,-0.05997416647090923,-0.04530707456682399,0.00787891797018607,-1.9064506782879678,-1.8851166627282578,-1.8866633330149696,0.09316212639480188
286.0,0.15164336585073168,-6.118684035650862e-05,0.005561463781075392,0.010308622422110674,0.13303514760043952,-0.0030247563487682087,0.003493433759323786,0.009330443728896026,0.11201385887691363,-0.05937280973892384,-0.04239936206052044,0.010127119917116678,-1.8540536335226219,-1.8850080507380285,-1.8865934352708393,0.09995226749710598
287.0,-0.019384128032406002,-0.0001285141615831619,0.007118456650294873,0.008327118350265858,-0.19477471980465327,-0.0036928746883357526,0.0033620238195916584,0.008169107854101007,-0.08881845036320891,-0.05947540778987954,-0.04542506650017923,0.008089949482765998,-1.8370368157410248,-1.88484090357776,-1.8849654545913879,0.09771662690598788
288.0,-0.09369004585202356,-0.0004533805910638577,0.0053859671423099635,0.008998962448861886,0.18745649287728414,-0.0030291616065106835,0.003137670129272921,0.010387653796970996,-0.11906268808242361,-0.05968230806867309,-0.04289910389639484,0.008965435310095228,-1.8672983387753153,-1.8847799918944181,-1.8833287023313674,0.08956840741601166
289.0,0.18140778334383806,0.00017589679279393438,0.006431868547975131,0.009807140259059662,-0.08436141072734092,-0.003310588074056809,0.003692020052576578,0.008084801810667099,0.11497790628293596,-0.05907794746538033,-0.04391233568492279,0.0094291977833831,-1.9126559279959603,-1.8848764484207212,-1.88323777111967,0.08356221728301033
290.0,-0.18625671308828948,-0.00046697427576152564,0.006590720837496738,0.007996311382568282,-0.02643532315571269,-0.0033903285398556226,0.0029794331586180307,0.009412102769694902,-0.24281225729295175,-0.05971151405099264,-0.0451966502264487,0.007913049596843597,-1.933774910684182,-1.8850450638078364,-1.884982786438367,0.08515223757310127
291.0,0.14519290561962098,3.357513968652417e-05,0.005536614697438304,0.010284442860957024,0.13547771483232984,-0.0029131187688171845,0.003488824699313156,0.009352353628945528,0.1222036368558991,-0.059086376075367576,-0.042456777726314156,0.01015534972351424,-1.9046638357241035,-1.88511248226803,-1.886697211509008,0.09349205635660697
292.0,-0.011306860620259577,-5.261969080414529e-06,0.00710939603293745,0.008364648607509687,-0.19515930083012906,-0.003571496104643595,0.0033695156958747086,0.008158611904986521,-0.10372746380611125,-0.05923925651280164,-0.04549160648176094,0.008032486543620493,-1.8525683239281299,-1.8850010296709756,-1.8865548845359215,0.10004243454475417
293.0,-0.10156770406358183,-0.00035189146428349106,0.005407425936306529,0.008948535354915937,0.18606955739564845,-0.002924257014198912,0.003133318627566159,0.010387608518053365,-0.10265822701606148,-0.059387444125440746,-0.04277448499599483,0.009061582982287111,-1.8374252214596853,-1.8848386548989235,-1.884897354711694,0.09748237508649718
294.0,0.18536161157042022,0.00027978711746720186,0.006399380452194495,0.009857766171011313,-0.0814925333756947,-0.003191496049442095,0.003692152837533097,0.008093807567890134,0.10479690113311554,-0.05882899397150008,-0.04402944583680739,0.00932730395507814,-1.8688821828424578,-1.8847843811844456,-1.8832916243853162,0.08927439534911213
295.0,-0.18376326197948464,-0.00034408762523432983,0.006635061168729137,0.007983878268646325,-0.0299668960555498,-0.0032822601172594096,0.002980690371907388,0.009391712798965593,-0.24350114548228496,-0.059455001264756974,-0.04507358013481748,0.007952877304229567,-1.9140454758805465,-1.884883571335958,-1.8832734961142379,0.08347089951277467
296.0,0.1384421808186688,0.00012478490329236993,0.005512614351834258,0.010257648236435386,0.13788829591688084,-0.0028053325630900167,0.0034841888560201233,0.009374252835355475,0.13112651902098788,-0.05881114477730513,-0.042522352247627106,0.010173165843598725,-1.9336457537219738,-1.8850483084386134,-1.8850592998749107,0.08536324033019346
297.0,-0.003204242032232689,0.00011357605839161214,0.007098790557259975,0.008403774204339265,-0.19548338449309768,-0.003454080212686002,0.0033769859805174497,0.008148347196153784,-0.11831715029533685,-0.059011501698241264,-0.04555008281923043,0.00798111936171713,-1.9028427347547918,-1.885108222331934,-1.8867284589940638,0.09381969542966308
298.0,-0.10921157286100835,-0.0002532868574453005,0.005431031963927012,0.00889877796448449,0.18462470832707586,-0.002822943338391499,0.003128997811493739,0.010387089790353047,-0.0858028409786939,-0.05910140552133003,-0.04266241079904818,0.009158396149056372,-1.851137334404223,-1.8849942260637202,-1.8865143133224378,0.10011961591521934
299.0,0.1889945237410341,0.00037964896395429617,0.006366713174892976,0.009906963007771802,-0.07860445813328047,-0.0030763932206486523,0.0036921728341709316,0.008103082996189191,0.09372621431640506,-0.058590276357993125,-0.044146380873118486,0.009223761147764891,-1.8378766317734603,-1.8848366421363283,-1.8848293217774539,0.09724062347033932
300.0,-0.18091667931198305,-0.00022467213029882832,0.0066780303569777405,0.007973178173069051,-0.03348766623792551,-0.0031777641307062423,0.002982065475659401,0.00937130918136181,-0.24276800638282534,-0.05920420212474256,-0.04493879956399418,0.00799825626160489,-1.8704834631022023,-1.8847887982062146,-1.8832566710383631,0.08898374830995442
301.0,0.13140551861224553,0.0002126374734970001,0.005489513399570073,0.010228346585244697,0.14026617238422248,-0.0027012062020852164,0.0034795268644312954,0.009396133522572634,0.1387214258870691,-0.0585466418987897,-0.04259537485595204,0.010180220905390428,-1.9154021116932514,-1.8848905035666366,-1.8833117849346892,0.08338992113982924
302.0,0.004911937826242475,0.00022819807069152152,0.007086700119467222,0.008444455033969242,-0.19574704998561962,-0.003340430850375065,0.003384430597340332,0.00813831520266692,-0.13250506674890591,-0.05879153734531326,-0.04559976985154024,0.007935969891790257,-1.933446538324186,-1.8850512851386816,-1.8851356436475029,0.08558349020562327
303.0,-0.11660516128729861,-0.0001573905740543205,0.005456768600473049,0.008849759754644597,0.18312231549327695,-0.0027250422485808343,0.0031247084406773678,0.010386098819153181,-0.06862630763483446,-0.05882399533306745,-0.04256361015224854,0.009255238926988268,-1.9009904380839446,-1.8851038896038472,-1.8867570426984244,0.09414451176730416
304.0,0.192296227328118,0.00047568053746598315,0.006333899364296278,0.009954577829374534,-0.07569789821821833,-0.002965084537954642,0.003692080984424509,0.008112627311090744,0.08184875134864814,-0.05836125603477233,-0.04426273074030829,0.009119504997209014,-1.8497627311245355,-1.8849876357930602,-1.8864717847602406,0.10018372510863027
305.0,-0.17772613308670956,-0.00010858770392475634,0.006719506837027103,0.007964226040784709,-0.0369964911777847,-0.003076662920380314,0.0029835590042318364,0.009350897971247428,-0.24059714012722877,-0.05895875073671481,-0.0447934783512415,0.008049027534554117,-1.83838986715514,-1.8848348562237554,-1.8847614340525283,0.09699176074404953
306.0,0.12409796047880416,0.0002973160483063839,0.005467363806212533,0.010196652254651703,0.14261062671837987,-0.0026005606666588757,0.0034748393301581026,0.00941798776684861,0.14494001430610914,-0.05829241490324153,-0.0426751571862221,0.010176312685119412,-1.8721003911232552,-1.884793240324734,-1.8832239007012148,0.08869680008353105
307.0,0.013029901011012125,0.00033879026642594657,0.007073184713580735,0.008486647107460223,-0.19595039951293952,-0.00323036470198878,0.003391845472814603,0.008128517371727952,-0.14620808648460024,-0.05857878516897885,-0.04563993260171708,0.007897127945806916,-1.9167240847095663,-1.8848972495898313,-1.8833525917940832,0.08331941470466152
308.0,-0.12373257945872364,-6.403885605830531e-05,0.005484609806138387,0.00880154673335353,0.18156277281045985,-0.002630386982792518,0.0031204512580235546,0.010384637093937263,-0.05126070888728557,-0.058555025181051275,-0.04247858003492784,0.009351426026809419,-1.9331769022411494,-1.885054001708829,-1.8852116929576965,0.08581273406276536
309.0,0.19525689346570965,0.0005680677210347948,0.0063009712598616876,0.010000459600718395,-0.07277356547042008,-0.0028573875604223807,0.003691878210967453,0.00812243967287093,0.06924838099553518,-0.05814142192481636,-0.044378080054786384,0.009015420860387934,-1.8991100933952094,-1.8850994906786878,-1.8867829346345217,0.0944659745694861
310.0,-0.17420132524667836,4.295485655074975e-06,0.006759378686412831,0.007957035809006825,-0.04049223203896582,-0.002978790284546714,0.002985171413732507,0.009330485131915712,-0.23698559816799705,-0.058718338622375015,-0.04463900997195776,0.008105016838078027,-1.848446445033012,-1.8849812550475726,-1.8864273635043276,0.10023470081144216
311.0,0.11653521276782856,0.00037899296887749774,0.005446218816263816,0.010162685021635712,0.14492094288977297,-0.0025032284415424707,0.003470126839214946,0.009439807550933972,0.1497471918357994,-0.058048031450483775,-0.0427610373386134,0.010161393201207907,-1.8389636877379503,-1.884833288593201,-1.884693769760696,0.0967361801590254
312.0,0.021137872416089012,0.0004455278389006116,0.007058304165328037,0.008530302380020954,-0.19609355758532515,-0.0031237102657212614,0.003399226546649636,0.008118955122289275,-0.15934248497440254,-0.058372693160496335,-0.045669836857040645,0.007864654536688293,-1.8737311781086323,-1.8847977049057505,-1.8831933698061163,0.08841387905225193
313.0,-0.13057858883850817,2.692043737534391e-05,0.005514519732863722,0.008754201566231745,0.17994649765149345,-0.002538821422535272,0.0031162270154993037,0.010382706379075138,-0.0338394564566658,-0.05829431221256077,-0.0424075971845145,0.009446224345706402,-1.918009652506467,-1.8849038133645388,-1.8833958661034587,0.08325950261823649
314.0,0.19786721099714794,0.0006569850569924541,0.006267960813858195,0.01004446009562235,-0.06983217104171999,-0.0027531314531696184,0.0036915654629567584,0.008132519183873836,0.056009313840810225,-0.05793028792576659,-0.04449200433756344,0.008912336162316391,-1.9328365925915942,-1.8850564655276822,-1.8852873236788183,0.08605070296199571
315.0,-0.17035243729221736,0.00011409800191559753,0.006797544086654693,0.00795162039593456,-0.0439737538183505,-0.00288399057178924,0.002986903107405764,0.00931007653996069,-0.23194370120027574,-0.05848271145997139,-0.044476991476121074,0.008166032969641876,-1.8972049245203586,-1.8850950320641668,-1.8868061115668637,0.09478355539554874
316.0,0.10873359684242595,0.00045783059318303535,0.00542613289630025,0.010126569216140678,0.14719640642625134,-0.002409052606605567,0.0034653899505170975,0.009461584766271522,0.1531213761450223,-0.05781307827134798,-0.0428523823321334,0.010135573012449831,-1.8471902694373945,-1.8849750802837024,-1.8863811156189711,0.10027250676985909
317.0,0.0292240693486802,0.0005485758258502189,0.007042117907576967,0.008575368575723443,-0.19617667107620015,-0.0030203069235443516,0.0034065697694381004,0.008109629846170065,-0.17182414698709464,-0.05817273463953646,-0.04568876172615832,0.007838584928228212,-1.83959679742162,-1.8848319311264086,-1.884626407047847,0.0964742787475195
318.0,-0.137128651744408,0.00011562856933997292,0.005546452368136939,0.008707783715656075,0.17827393105068368,-0.0024501992569587287,0.0031120364556320806,0.010380308715068379,-0.016496344959341536,-0.058041676810353465,-0.04235073525182411,0.009538856300875047,-1.8753740345042322,-1.8848021893131315,-1.883165132678687,0.0881353081093226
319.0,0.20011844202875947,0.0007425966366108804,0.00623489975124355,0.010086434831816572,-0.06687442496489635,-0.002652156077359787,0.0036911436809485775,0.008142864887813779,0.042215636589430276,-0.057727390561451326,-0.04460406638538652,0.008811015243004316,-1.9192570844957622,-1.884910198388939,-1.8834415525238797,0.08321029683211957
320.0,-0.1661900762534136,0.00022093203382955398,0.006833911617439731,0.00794799167942191,-0.04743992584459476,-0.0027921178578823964,0.0029887544131154244,0.009289677981965963,-0.22549528553542944,-0.05825166523324501,-0.04430919459337499,0.008231865917781881,-1.932425468640975,-1.8850586836084766,-1.885362412623786,0.0862971123613665
321.0,0.10070999868134722,0.0005339820856909797,0.005407161661592375,0.010088432855669833,0.1494363046182955,-0.0023178860121622165,0.0034606291949598883,0.009483311214924734,0.1550544791097105,-0.05758716011068128,-0.04294858920260083,0.01009912037197421,-1.895278222888996,-1.8850905201794441,-1.8868265549551098,0.09509672929633273
322.0,0.03727669248334472,0.0006480898819569852,0.007024684782699864,0.008621789018611194,-0.1961999085737188,-0.0029200040946515226,0.0034138711088952224,0.008100542907255868,-0.1835689082125905,-0.057978407775594036,-0.045696014793512416,0.007818931382708852,-1.8459958585437026,-1.8849691081867863,-1.8863331084613777,0.100297131558557
323.0,-0.14336898042254168,0.00020221659928051873,0.005580351278016378,0.008662349575723684,0.17654553703742581,-0.002364383224273574,0.0031078803144169746,0.010377446409182561,0.0006353856232994096,-0.05779694092296589,-0.042307885939075175,0.009628505163788516,-1.840287848208693,-1.884830776112551,-1.8845594239795929,0.09620645660912641
324.0,0.20200247674794017,0.00082505690838132,0.0062018196603667985,0.010126244017317881,-0.06390103676334603,-0.0025543111672954024,0.003690613796973308,0.008153475767470419,0.027950991942288908,-0.057532286809184235,-0.044713812759944994,0.008712156421516322,-1.8770271708660764,-1.884806690911173,-1.8831392413988652,0.08786140458351845
325.0,-0.1617252226430503,0.0003249022020692227,0.006868400446629763,0.007946160472066383,-0.050889621927738625,-0.0027030352004044586,0.0029907255804174555,0.009269295158689388,-0.2176776703024566,-0.058025041835317384,-0.04413752880672543,0.008302284663544069,-1.9204646624866646,-1.88491640774679,-1.8834895910038312,0.08317189858761112
326.0,0.09248181946122448,0.0006075921323120303,0.005389361786892083,0.010048406809790212,0.15163992755542754,-0.002229590529374299,0.0034558450792921552,0.009504978622559545,0.15555161308717969,-0.05736989872205819,-0.04304908495146877,0.01005245524085439,-1.9319435054389225,-1.8850606626476858,-1.885436837801737,0.08655166216602496
327.0,0.04528391480646201,0.0007442169722941404,0.007006062857863785,0.00866950246557686,-0.19616346136238694,-0.002822660470759659,0.003421126540348815,0.00809169564599675,-0.19449304753595095,-0.05778923556858385,-0.04569094988078728,0.007805685596533338,-1.8933333401888954,-1.885085961355763,-1.8868442509129324,0.09540497599168389
328.0,-0.14928658313347334,0.0002868059963619224,0.005616149425827539,0.008617952628070132,0.1747618041232316,-0.0022812444201682222,0.003103759321497501,0.010374122050910924,0.017424000789586128,-0.0575599269211504,-0.04227878265898708,0.009714322668438928,-1.8448647261614133,-1.8849633356387068,-1.886283410597585,0.10030858839085686
329.0,0.2035118895021212,0.0009045114173520723,0.006168752079784619,0.01016375350776803,-0.06091271361967584,-0.002459455572750312,0.0036899767491891276,0.008164350745646766,0.013298394651717439,-0.05734455208354291,-0.04482077044976753,0.008616390971597537,-1.8410354437888188,-1.8848298162105916,-1.8844928984924052,0.09593311622546292
330.0,-0.1569691796012973,0.0004261062930531348,0.006900940416959422,0.007946136480264921,-0.05432172137966211,-0.0026166139539833782,0.0029928167935903945,0.009248933671475529,-0.2085413517299227,-0.05780272420368346,-0.043963997810691866,0.008377034674790963,-1.87868879761326,-1.8848112070633267,-1.8831157456656313,0.087592480136298
331.0,0.08406692427328985,0.0006787975860447865,0.005372790883301145,0.01000662397687244,0.15380656627758352,-0.0021440363702022094,0.0034510380797217353,0.009526578619660029,0.15463052502637362,-0.05716093190993706,-0.04315332560643004,0.009996138436129003,-1.9216306821518105,-1.8849224441481862,-1.8835399168263223,0.08314439808997041
332.0,0.0532338760802163,0.0008370960152440984,0.0069863093008130425,0.008718442955195882,-0.19606754127928647,-0.002728143312699451,0.0034283320684927983,0.008083089373523441,-0.20451392871703855,-0.05760476623766929,-0.04567298722920317,0.007798820827392547,-1.9313907999591775,-1.8850624090753278,-1.8855104787270989,0.08681403686263023
333.0,-0.1548693114592634,0.00036950920601134315,0.005653769115921003,0.008574643559697993,0.1729232426100096,-0.0022006616732919166,0.0030996741988518262,0.010370338479248047,0.03374024858523038,-0.057330456883846775,-0.04226302533917092,0.009795438983817446,-1.8913736774601229,-1.88508136183324,-1.8868591901271088,0.09570778124538101
334.0,0.20463999017186946,0.0009810974723761876,0.006135728580957234,0.01019883574271532,-0.05791016315423237,-0.0023674565879055107,0.0036892334543883855,0.008175488680062815,-0.0016598392850063787,-0.05716377838804187,-0.04492444384962404,0.00852428365400254,-1.8437982450976147,-1.884957759687325,-1.8862320916834876,0.10030691467970296
335.0,-0.1519335256806906,0.000524635910725242,0.006931471988427085,0.007947928274062696,-0.05773510843610638,-0.0025327331605867072,0.0029950281448744703,0.00922859904245339,-0.19814944823242706,-0.05758463113384601,-0.04379065141837764,0.008455835154793446,-1.8418381435996143,-1.8848290444154212,-1.8844269083764629,0.09565466177412313
336.0,0.0754835958989755,0.0007477280535474154,0.005357507365434752,0.009963218537195867,0.15593551585798335,-0.0020611014670790582,0.0034462086434020323,0.009548102772009185,0.15232079565170117,-0.05695991260174617,-0.04326079450260982,0.00993085663110655,-1.8803571248760087,-1.884815735131078,-1.8830946926553138,0.08732884069315237
337.0,0.06111467314829764,0.0009268584544220453,0.006965480244948011,0.008768539655898792,-0.19591238162445615,-0.0026363278176944204,0.0034354837151180707,0.00807472537617084,-0.21355080373676802,-0.05742457399977294,-0.045641635838645646,0.007798293704988104,-1.9227534571528995,-1.8849283099738725,-1.8835924607152663,0.08312787419987584
338.0,-0.16010590177764747,0.0004504301697117804,0.0056931220220320326,0.008532470418343164,0.17103038608467314,-0.002122520971829428,0.0030956256590580016,0.01036609879740554,0.04945838478290955,-0.05710835222822654,-0.04226010519460557,0.009870975219817734,-1.9307675713406813,-1.8850639290903424,-1.8855832166386761,0.08708390582665586
339.0,0.2053808770821585,0.0010549447623738651,0.006102780855560143,0.01023137067202085,-0.05489409169934884,-0.002278189322058099,0.0036883848199062903,0.008186888363890072,-0.016842059764350898,-0.0569895726044393,-0.04502431204662445,0.00843633450741616,-1.889402677477171,-1.8850767277581502,-1.8868713677812678,0.09600463790902942
340.0,-0.1466300691858861,0.0006205770742907475,0.006959946108712567,0.007951543232443422,-0.061128673225993135,-0.002451278980599084,0.0029973596452046005,0.009208296701634798,-0.18657692824712302,-0.05737071188574131,-0.04361953509323193,0.008538376039938386,-1.8427976472537042,-1.8849523775213723,-1.8861792223850558,0.10029217166269852
341.0,0.06675048531086374,0.000814506423958117,0.005343570276178022,0.009918325215200021,0.15802607374991495,-0.0019806709080755825,0.0034413571793469127,0.009569542568127363,0.14866282941682882,-0.05676650795230269,-0.04337100000498797,0.009857403958193851,-1.8426944663879592,-1.8848284540283124,-1.8843615312524236,0.09537149854122028
342.0,0.06891435472962432,0.0010136287874249771,0.006943630698762568,0.00881971673669395,-0.19569823609947667,-0.002547096537290206,0.0034425775265004843,0.00806660491475751,-0.22152576198529916,-0.057248260157077534,-0.04559651738589778,0.007804045736952318,-1.8820303634510613,-1.8848202724769167,-1.883076126880593,0.08707078634497659
343.0,-0.16498601540241312,0.0005296648101951285,0.005734109345884706,0.008491478742900285,0.16908379043141517,-0.002046714942629257,0.00309161439995394,0.010361406358221952,0.06445724756819113,-0.05689343360394263,-0.04226942850582214,0.009940058316495026,-1.9238313182861606,-1.884934007304349,-1.883647148885649,0.08312239418310355
344.0,0.20572948527786356,0.0011261759162057927,0.006069940794628345,0.010261246639100895,-0.05186520536010142,-0.002191536135703304,0.003687431721406864,0.008198548521941693,-0.0321671729144627,-0.05682155493914763,-0.0451198266123999,0.008352981572053522,-1.9300741672053723,-1.88506522869941,-1.8856549347876694,0.08736092337353815
345.0,-0.141070806377701,0.0007140107501364977,0.006986323962353559,0.00795698749143987,-0.06450131193187762,-0.0023721441814893163,0.002999811202554542,0.009188031993622604,-0.17390966576708095,-0.057160940767634394,-0.043452639753396215,0.008624314837550745,-1.8874238147096523,-1.8850720651805992,-1.8868807834765335,0.0962950473157739
346.0,0.05788656690269677,0.0008792493517334926,0.005331039122950874,0.009872078614967549,0.16007754198798946,-0.0019026364179937129,0.003436484084294783,0.009590889436469758,0.14370669559262614,-0.05658039846601514,-0.04348347272123325,0.009776661331818537,-1.841864023847753,-1.8849471864484233,-1.8861248742946457,0.10026444391954832
347.0,0.0766209142639462,0.0010975250431231546,0.006920814454274225,0.00887189324202803,-0.19542538031299114,-0.0024603388499677688,0.0034496095642934906,0.008058729224732452,-0.22836481740100403,-0.057075454428363814,-0.045537390994143404,0.007816004499655207,-1.8436028935329825,-1.8848280386302232,-1.8842968445152308,0.09508403230844881
348.0,-0.16950027449575486,0.0006073014812298269,0.005776622078348445,0.008451711709352872,0.16708403498647648,-0.0019731423734262623,0.0030876411186939066,0.010356264779963622,0.07862138403317076,-0.05668552098450883,-0.042290338671132056,0.010001838146364714,-1.8837067234902751,-1.8848248164602808,-1.883060090046459,0.08681861125616859
349.0,0.20568163404449233,0.0011949070186603784,0.006037240592818012,0.010288361234223076,-0.04882420788397426,-0.0021073861141441648,0.0036863750583550512,0.008210467815320572,-0.0475544690061085,-0.05665935751179135,-0.04521040992117316,0.008274604300007335,-1.9248626185567825,-1.8849395379562592,-1.8837039031754983,0.08312801333102333
350.0,-0.13526788085802688,0.0008050133390127005,0.007010576702534299,0.007964265879410369,-0.06785192743241726,-0.0022952276607678024,0.003002382673518764,0.009167810165861308,-0.1602433690549255,-0.05695531183048602,-0.04329185419334634,0.008713273353876297,-1.9293110656531463,-1.8850663137496788,-1.885725518691001,0.0876447291815255
351.0,0.048911088975504995,0.0009420676855554136,0.00531997360772621,0.009824612578291786,0.16208922415730495,-0.0018268958892063414,0.003431589705207064,0.009612134727229465,0.1375108612886917,-0.0564012771492348,-0.04359776245702403,0.009689574491285052,-1.8854405848321638,-1.8850673800490592,-1.8868874411183554,0.09657852048338211
352.0,0.08422229021497948,0.0011786592268321868,0.006897084052698473,0.008924983007128592,-0.19509410871897276,-0.002375950471109087,0.0034565759268658735,0.008051099516513725,-0.23399909892538065,-0.0569058164156443,-0.04546417780579848,0.007834084532249746,-1.8409983264129952,-1.8849421838739566,-1.8860691198259645,0.10022383873402578
353.0,-0.1736402943254593,0.0006834213980721542,0.005820541415524695,0.008413210242032853,0.16503172022361498,-0.0019017077779228998,0.003083706491168911,0.01035067791025582,0.09184221359734364,-0.05648443389436106,-0.0423221360544483,0.010055506331869581,-1.8445618726759792,-1.8848277920575318,-1.8842329253302013,0.09479266879929009
354.0,0.20523406647307746,0.001261248079074994,0.0060047128024229325,0.010312622053966956,-0.045771803976763725,-0.002025634603343354,0.0036852156677928184,0.008222644830379537,-0.0629234183160617,-0.056502623115891284,-0.04529545435837008,0.008201527374265612,-1.88538441564859,-1.8848293644405572,-1.883046620906626,0.08657260357822397
355.0,-0.12923355002234413,0.0008936570985076161,0.007032684984169762,0.007973381853756217,-0.07117942930527914,-0.0022204340250389478,0.003005073780619602,0.009147636387119726,-0.14568243361112565,-0.05675383384968067,-0.0431389226686413,0.008804834445178635,-1.9258457348031897,-1.8849449035120012,-1.883762641163696,0.08314477473535661
356.0,0.039843533907525264,0.0010030668648250815,0.005310433410797245,0.00977605964997561,0.16406042957871816,-0.0017533529475003042,0.0034266743594312727,0.009633269744214107,0.1301408901000288,-0.056228848670046655,-0.043713434819766125,0.009597131942508358,-1.9284788763730423,-1.885067189952622,-1.8857948563370854,0.08793494854137393
357.0,0.0917063620587374,0.00125713771970999,0.006872490728548675,0.00897889457106846,-0.1947047361041812,-0.0022938330123649566,0.0034634727337317485,0.0080437169754649,-0.23836612283207126,-0.05673903711307754,-0.04537698421589056,0.007858187910709987,-1.8834564969300016,-1.8850626782074604,-1.8868913488247956,0.09685457922130555
358.0,-0.17739871017899847,0.0007580990384286814,0.005865739267683913,0.008376013151202932,0.16292746894093177,-0.001832320995735636,0.003079811180987951,0.010344649841495595,0.10401921071759969,-0.056289991728075646,-0.04236409532396701,0.010100316273686762,-1.8402013683020741,-1.8849373672859369,-1.8860120321697393,0.10017048557134832
359.0,0.20438448876643447,0.0013253034666403966,0.0059723904361257876,0.010333947419538515,-0.04270869728680824,-0.001946182768134167,0.003683954372940154,0.00823507808284319,-0.07819344429846942,-0.0563510041307787,-0.045374322346164495,0.008134024798803785,-1.845569820525658,-1.8848277083813119,-1.884169850570487,0.0944978131932407
360.0,-0.12298015136138246,0.0009800105365625554,0.007052638558426566,0.007984337422307534,-0.07448273444761634,-0.002147673189466062,0.003007884157864615,0.009127515736385528,-0.13033875877885048,-0.05655652567146779,-0.04299540917725002,0.008898538877814936,-1.8870616507161249,-1.8848339137766863,-1.8830357551223642,0.08633304533297646
361.0,0.030703572156004253,0.0010623472723504826,0.005302477895292992,0.009726550551004418,0.16599047160206967,-0.0016819165556944946,0.0034217383324589706,0.009654285734643341,0.12166813939111212,-0.05606282853833045,-0.04383006767021502,0.009500343617119477,-1.9267790687531423,-1.8849501053417181,-1.883823276268967,0.08317270896290463
362.0,0.09906095202621389,0.0013330616501235858,0.006847084383864721,0.00903353113228047,-0.19425759665490322,-0.0022138935725431372,0.003470296130429362,0.008036582762012414,-0.24141109446936143,-0.05657484032267031,-0.04527612232663429,0.007888204519130615,-1.9275783469372925,-1.8850678629151865,-1.8858628384788063,0.08823119260797549
363.0,-0.18076919957591636,0.0008314025282887651,0.005912078905030355,0.008340157248399618,0.16077192550803818,-0.0017648968257646764,0.003075955842194672,0.01033818489822958,0.11506107181443977,-0.05610201411843584,-0.0424154801718557,0.010135603526437286,-1.8814750614442213,-1.885057965390473,-1.8868925188096939,0.0971227575792358
364.0,0.2031316025411706,0.0013871723085439349,0.005940307049861116,0.01035226699450843,-0.039635591219212646,-0.0018689371949774456,0.0036825919807980056,0.00824776601407279,-0.09328370419613664,-0.0562041616186493,-0.04544634757531636,0.008072324059357075,-1.839473826161336,-1.8849327342387445,-1.885953685192075,0.10010453531652351
365.0,-0.11652007409640407,0.0010641387567495567,0.007070435763527272,0.007997133062476632,-0.07776076732046985,-0.002076860017239069,0.003010813345979724,0.009107453207812546,-0.11433056820978359,-0.05636341204766611,-0.042862670022999524,0.008993882485385931,-1.8466251260656157,-1.8848277818875854,-1.8841076967815495,0.09419986959259002
366.0,0.02151102014982124,0.0011200045529054905,0.00529616578074219,0.009676213730130945,0.16787866820027744,-0.0016125006505245429,0.0034167818621009703,0.009675173896286785,0.11216851593696864,-0.055902942299074214,-0.04394724745175482,0.00940022113397339,-1.8887366386960571,-1.8848384618242207,-1.883027525112979,0.08610021231953509
367.0,0.1062738276571448,0.0014065272316636358,0.00682091360200926,0.009088790528785817,-0.19375304410370484,-0.0021360443656558243,0.0034770422935680224,0.008029698012426313,-0.2430881948026004,-0.05641298385902932,-0.045162126133421056,0.007924012006100337,-1.9276610538349526,-1.8849551446362391,-1.8838857179541322,0.08321183372034766
368.0,-0.18374649845533944,0.000903394009688084,0.005959415718962609,0.008305677463806088,0.1585657561262577,-0.0016993546904060595,0.003072141093643674,0.010331287638295968,0.12488682832235982,-0.05592032132592772,-0.04247555544510169,0.010160805634062008,-1.9266103601648854,-1.8850683381566973,-1.8859293588042192,0.08853305901453923
369.0,0.20147513270879797,0.001446948857111146,0.005908496799129526,0.01036752231334496,-0.03655318825226246,-0.0017938095239070253,0.0036811292278290083,0.008260706990761825,-0.10811289337043947,-0.056061764610601195,-0.045510837645655576,0.008016610252702934,-1.8794997818023014,-1.8850532472180677,-1.8868909672545584,0.09738260278803329
370.0,-0.10986573352586528,0.001146103769589588,0.007086082951015327,0.008011767630081284,-0.08101246068320093,-0.0020079139864997114,0.0030138607452405374,0.009087453706153256,-0.09778126061658747,-0.05617452000521197,-0.04274183536782221,0.009090313792065655,-1.838816242455549,-1.884928282340331,-1.8858941533756166,0.1000261595577686
371.0,0.01228579853888373,0.001176129901043211,0.005291554807655174,0.009625174970208466,0.16972434271302164,-0.0015450238067166353,0.0034118051561264906,0.009695925385332215,0.10172132441538206,-0.055748924737231934,-0.04406456538309698,0.009297760224035955,-1.8477261533042428,-1.8848280070599104,-1.8840465401544293,0.09389924061825326
372.0,0.11333270838406538,0.0014776260797610124,0.006794025615251399,0.009144565254637698,-0.1931914506401221,-0.0020602023734731015,0.0034837074221056004,0.008023063837741649,-0.2433617945721386,-0.05625326040883114,-0.04503576202947448,0.007965475424599668,-1.8904075907794695,-1.884843005940877,-1.8830219599249347,0.08587437398688455
373.0,-0.1863264123401513,0.0009741299982062877,0.0060075980932292015,0.008272606947278969,0.15630964781323065,-0.0016356183247151826,0.003068367552186127,0.01032396283676175,0.13342685841948052,-0.05574473462108768,-0.04254359678361821,0.010175480371841293,-1.928490153578002,-1.8849600224224776,-1.8839498718278804,0.08326215368009268
374.0,0.1994158485676721,0.0015047228286059289,0.005876994553124268,0.010379667201117559,-0.033462191225787224,-0.0017207161132207227,0.003679566850397256,0.008273899300554013,-0.12259909879161095,-0.055923489605500844,-0.04556707827128328,0.00796703007644896,-1.9255759389191582,-1.8850686211296879,-1.8859943141734192,0.08884013203403977
375.0,-0.10302954964518252,0.0012259647686758263,0.0070995939540119705,0.008028238266468686,-0.08423675548896858,-0.0019407588848893837,0.003017025674075702,0.009067522055577558,-0.08081830766765657,-0.055989875786999925,-0.04263379975716397,0.009187232346667172,-1.8775341446470262,-1.8850485291924008,-1.8868867141996049,0.09763367657039881
376.0,0.003047891338131493,0.0012308103180626766,0.00528870133999087,0.009573557050165372,0.17152682408121278,-0.0014794089301923036,0.003406808379656437,0.00971653132061134,0.09040823985245827,-0.05560051909646945,-0.044181613652145034,0.00919392571543589,-1.8382290279327018,-1.8849240092422421,-1.8858335117760219,0.0999355498641357
377.0,0.12022527335877264,0.0015464454985420133,0.0067664663452527436,0.009200742510764309,-0.19257320704719458,-0.0019862890312984105,0.0034902877440879747,0.008016681323412257,-0.24220754481445367,-0.05609549794452777,-0.04489803217908719,0.008012446550129086,-1.8488712437943584,-1.8848283785646616,-1.8839864564420594,0.09359632697836742
378.0,-0.18850582039253294,0.0010436617263434023,0.006056468379880607,0.008240977170733379,0.15400430829016512,-0.0015736154934109408,0.0030646357992252737,0.010316215482355416,0.1406237517783217,-0.055575076648964675,-0.04261889800420189,0.010179321397170569,-1.892072716939551,-1.8848475434809973,-1.8830190850820316,0.08565579331670933
379.0,0.19695557924586793,0.0015605797145215672,0.005845835933973342,0.0103886680821833,-0.030363303797753607,-0.0016495777316809744,0.0036779054967651546,0.008287341148290607,-0.1366597189155225,-0.05578902029610598,-0.045614339482981145,0.007923695621655619,-1.9292648680769768,-1.8849647395881106,-1.8840156398470271,0.08332366005871872
380.0,-0.09602392948207293,0.001303778374530529,0.007110989426568672,0.008046540293710143,-0.08743260233063983,-0.001875322533257182,0.0030203072691489864,0.00904766299817826,-0.06357220732239735,-0.05580950236722781,-0.042539221459863,0.009283987995215655,-1.9244762471854122,-1.8850687172396827,-1.8860576048453197,0.08915198323975959
381.0,-0.006182695147376099,0.0012841288377276243,0.005287659915112675,0.00952147946662034,0.17328544703575513,-0.0014155829805826091,0.00340179160129499,0.00973698279392619,0.078312422638478,-0.05545747631734406,-0.04429798162932173,0.0090896392687991,-1.8755816085469788,-1.8850438166919328,-1.8868797833992972,0.09787555631811871
382.0,0.12693917568481114,0.001613068750939885,0.006738280438992346,0.009257204314232352,-0.19189871938951156,-0.001914229934532685,0.0034967795190441187,0.008010551534095075,-0.23961328634868476,-0.05593955958967741,-0.04475016973840642,0.00806476288530338,-1.8377124642574179,-1.884919912627968,-1.8857718359194564,0.099832916859605
383.0,-0.19028267387435005,0.0011120354803777703,0.006105863977193923,0.008210818014702324,0.15165046512664798,-0.0015132777281066257,0.003060946386424937,0.01030805075535617,0.1464329802471993,-0.055411171757205155,-0.04270077642143129,0.010172170314948508,-1.8500587192962976,-1.8848288912354572,-1.8839275209447095,0.09329152705633079
384.0,0.19409722353627173,0.0016146010742733273,0.005815057433654125,0.010394504172577411,-0.02725722973265868,-0.0015803192697851466,0.003676145777111006,0.008301030653523955,-0.15021147061258525,-0.055658047535474375,-0.04565188386388437,0.00788668791669852,-1.8937302275631702,-1.8848520717988106,-1.8830189224536553,0.08544472669000405
385.0,-0.08886125076881438,0.0013795988616938787,0.00712029632387629,0.00806666710373449,-0.09059895948133971,-0.0018115365170878856,0.003023704588374454,0.009027881198670725,-0.04617548424490167,-0.05563341750095341,-0.0424585293258299,0.009379881386551138,-1.9299837374608089,-1.8849692969044263,-1.8840829205224339,0.08339633045096302
386.0,-0.01538597063104873,0.0013361647438370327,0.005288482885532654,0.00946905818770898,0.17499955517804291,-0.0013534766940435053,0.003396754918125788,0.009757270877265101,0.06551779292170258,-0.055319554261516475,-0.04441325189260299,0.008985769869052664,-1.9233125871900834,-1.885068631853353,-1.886119134605994,0.08946817203231411
387.0,0.133462048300913,0.0016775752956641023,0.006709511236456825,0.009313827601646946,-0.19116841752781205,-0.0018439545773348972,0.0035031789877552648,0.008004675506653264,-0.2355797529129056,-0.055785342888522646,-0.04459362528040049,0.00812224630434134,-1.873645596909617,-1.8850391149671932,-1.8868702021904085,0.09810783594906221
388.0,-0.19165598839263132,0.0011792929150241658,0.0061556183890349135,0.008182157892697264,0.14924886979056376,-0.001454540081541344,0.0030572998578574455,0.010299474096063355,0.15082334016636004,-0.055252846282711085,-0.042788576377070696,0.010154024480623983,-1.837266707819543,-1.8849159902065036,-1.8857092017986417,0.09971848946924783
389.0,0.19084475734195677,0.0016668648030111392,0.005784696471471526,0.010397167606538435,-0.024144669592737037,-0.0015128694633181968,0.003674288315138374,0.008314965866814057,-0.16317049866886785,-0.05553026955362666,-0.045678977118639705,0.007856060222733238,-1.8512868838378733,-1.884829540061597,-1.8838698084306713,0.09298523661930652
390.0,-0.08155384775444774,0.0014534783605561164,0.007127547299061005,0.008088610041521192,-0.0937347957530546,-0.0017493359409841874,0.003027216607122443,0.009008181223197123,-0.028761736175450175,-0.05546163228855441,-0.04239193629665285,0.009474165969433603,-1.8953783336416916,-1.8848565882502641,-1.883021490130386,0.08524142373860646
391.0,-0.024542008157232464,0.0013869937403060177,0.005291219870742566,0.009416405444962035,0.17666849434708035,-0.0012930243545697002,0.0033916983618668267,0.009777386598671152,0.0521084504677143,-0.05518651698738749,-0.04452699656717733,0.008883126948314423,-1.93064534149876,-1.884973695036066,-1.884151609047052,0.08348012856257794
392.0,0.13978153193517834,0.0017400410316194671,0.006680200913747536,0.009370484463693879,-0.19038274447328732,-0.0017753960895664288,0.003509482468008965,0.007999054252346746,-0.23012099597758617,-0.05563277841338289,-0.04443004399348247,0.008184701417287355,-1.9220864055092919,-1.8850683703178854,-1.8861788110244588,0.08978824597130909
393.0,-0.19262583102953895,0.001245471382608886,0.006205562496145544,0.008155023774059125,0.14680029050132068,-0.0013973409074013216,0.0030536967249516073,0.010290491095055022,0.15377712480201983,-0.055099928786880595,-0.042881671213365544,0.010125039701840567,-1.8717294863695455,-1.8850344291373553,-1.886858001366798,0.09833012729306356
394.0,0.1872032236167002,0.0017174453730507422,0.005754791424736114,0.010396663332002787,-0.021026327261441324,-0.00144716066972122,0.0036723336428346686,0.008329144739971803,-0.17545262445078397,-0.05540539248145904,-0.04569490136673364,0.007831840952940932,-1.836891792572581,-1.8849122397044498,-1.885645685789899,0.09959251398842342
395.0,-0.07411400627188859,0.0015254670144559592,0.007132780018497503,0.008112358280429876,-0.09683909030497018,-0.0016886592257598248,0.003030842117842392,0.008988567564605681,-0.011464700774662497,-0.05529415022397347,-0.042339458045822106,0.009566051847661771,-1.8525540260576139,-1.88483032017623,-1.8838133930712615,0.09267784842292918
396.0,-0.033630978812520196,0.001436688110852484,0.005295917200496367,0.00936362962059445,0.17829162078805808,-0.0012341635691592748,0.0033866218980758895,0.009797320990269127,0.03816826655269292,-0.055058134019991996,-0.044638773634505566,0.00878245598947668,-1.8970152444868733,-1.8848610901871155,-1.8830268022741081,0.08504612720908697
397.0,0.14588529090916844,0.001800538495734892,0.006650390421757144,0.009427042365787841,-0.18954216222292625,-0.0017084910216876548,0.0035156862451072636,0.007993688756847115,-0.22326455794537764,-0.05548182778302823,-0.04426123451233819,0.008251913570704142,-1.9312483099103288,-1.8849779345692896,-1.8842215975986165,0.08357500383618546
398.0,-0.19319329689196202,0.0013106042359668094,0.006255525753933055,0.00812944129373355,0.14430551737591218,-0.0013416216538544893,0.0030501374559817745,0.010281107556423214,0.1552900324333868,-0.05495225024479603,-0.04297946396944345,0.010085527974018278,-1.9207992869556612,-1.8850679379672455,-1.8862365455649581,0.09011174177012038
399.0,0.1831787277317238,0.0017664140692895088,0.00572538172806529,0.010393008981677035,-0.01790290638090231,-0.0013831286331202732,0.0036702822286294235,0.008343565138513658,-0.1869737210503054,-0.05528313112400783,-0.045698970888239286,0.007814036346596385,-1.869836598619566,-1.8850297641844194,-1.8868432150173078,0.09854206080642026
400.0,-0.06655395528608687,0.0015956131459010678,0.00713603662994768,0.00813789869930292,-0.09991083218333625,-0.0016294478919958134,0.0030345797852364244,0.008969044642930605,0.00558267522972182,-0.055130966608123506,-0.04230093503802497,0.00965471169551509,-1.8365876340998524,-1.8849086588592079,-1.8855813646019015,0.09945525313771215
