cell_index,side,step_index,physical_left,physical_right,direction,h,rb0,rb1,rb2,rq,fT_center_norm,fC_center_norm,T_tube_radius,C_tube_radius,T_endpoint_radius,C_endpoint_radius,active_center_separation,active_product_radius,active_lower,picard_iterations_used,step_pass
39,left,0,663.2746766493331,663.274974901015,1,0.00029825168189745455,0.03535183082982458,0.03535119271009226,0.03535130616917479,0.0003544212565518931,0.048790675366593005,0.00039313501778753953,0.016562081079239614,1.7207599505298666e-06,0.016547529203284374,1.6035152713384818e-06,0.011077842947355922,0.0006421884532316493,0.010435654494124272,7.0,True
39,left,1,663.274974901015,663.2752731526967,1,0.0002982516817837677,0.04539201898750168,0.04539129418830842,0.04539140300682476,0.0003545080020043332,0.04881495094614088,0.00039316272802166196,0.01689859471481982,2.9190385979491903e-06,0.01688403559863772,2.8017856541786374e-06,0.011077810685287643,0.0006576515011890197,0.010420159184098622,7.0,True
39,left,2,663.2752731526967,663.2755714043786,1,0.00029825168189745455,0.045392151347496044,0.04539145341619975,0.045391524149710344,0.00035450371145464107,0.048839535025238384,0.00039323566460102067,0.01724079449502111,4.1375793267346534e-06,0.01722622804659054,4.0203046294620065e-06,0.011077778337218035,0.0006733766978046283,0.010404401639413405,7.0,True
39,left,3,663.2755714043786,663.2758696560605,1,0.00029825168189745455,0.04539226928187889,0.045391598309714155,0.04539167441852079,0.00035443690731517673,0.04886431604436927,0.0003932876866147625,0.017588776443735563,5.376685647318576e-06,0.017574202604324376,5.259395434392902e-06,0.01107774589301268,0.0006893684181702034,0.010388377474842473,7.0,True
39,left,4,663.2758696560605,663.2761679077423,1,0.0002982516817837677,0.03985307440222002,0.03985236956337365,0.039852554828464455,0.0003547749620450422,0.048889184310590146,0.00039325177808595803,0.01793566187848162,6.507225110633675e-06,0.017921080622073787,6.389945607531886e-06,0.011077713365718772,0.0007050933125140374,0.010372620053204733,7.0,True
39,left,5,663.2761679077423,663.2764661594242,1,0.00029825168189745455,0.045391577050484806,0.04539133779407693,0.04539218957428977,0.00035504538849179414,0.04891404154155868,0.000393070612105862,0.018295384009992657,7.786486351765869e-06,0.01828079533986834,7.669260881677706e-06,0.011077680791527785,0.0007216229097488571,0.010356057881778926,7.0,True
39,left,6,663.2764661594242,663.2767644111061,1,0.00029825168189745455,0.04539171207901963,0.045391441604835915,0.04539248411201853,0.0003550319027769788,0.04893892564779854,0.0003928145870067861,0.01866118431010179,9.08734016486001e-06,0.01864658821825095,8.97019105468832e-06,0.011077648226224193,0.0007384327106089594,0.010339215515615232,7.0,True
39,left,7,663.2767644111061,663.2770626627879,1,0.0002982516817837677,0.04539184630458789,0.0453915717923865,0.04539269787758604,0.00035469840117751745,0.04896397164203103,0.00039264339722327616,0.0190331655357094,1.041010212754017e-05,0.01901856197385425,1.0293004075054043e-05,0.011077615697017868,0.0007555273816372848,0.010322088315380581,7.0,True
39,left,8,663.2770626627879,663.2773609144698,1,0.00029825168189745455,0.04539197922283021,0.045391741279773655,0.04539302094653566,0.0003552863820712254,0.0489893147175492,0.00039271737813017556,0.019411432188286244,1.175547225577351e-05,0.019396821067810644,1.1638352138312902e-05,0.011077583167618556,0.0007729124573627641,0.01030467071025579,7.0,True
39,left,9,663.2773609144698,663.2776591661516,1,0.0002982516817837677,0.0242779120133436,0.02427846032318731,0.024278902587557813,0.00035659987118559597,0.049015087844343254,0.0003932062181462288,0.019769475740893935,1.2630102572566336e-05,0.019754856933545513,1.2512836657793532e-05,0.011077550537557204,0.0007885402697373133,0.010289010267819889,7.0,True
39,left,10,663.2776591661516,663.2779574178335,1,0.00029825168189745455,0.045390149424107094,0.04539230099519382,0.04539092972136145,0.00035762085491159855,0.04904133563009129,0.00039424406990202354,0.02016018287581863,1.4013964934731257e-05,0.020145556240018413,1.3896389478882096e-05,0.01107751764229405,0.0008064870745571878,0.01027103056773686,7.0,True
39,left,11,663.2779574178335,663.2782556695154,1,0.00029825168189745455,0.0453903227316109,0.04539256401726324,0.045391322672714514,0.0003580119377103966,0.049067718725315235,0.00039570211728703734,0.02055749187588474,1.5421463125506325e-05,0.02054285737128202,1.530345280457237e-05,0.011077484277814617,0.0008247387750705575,0.010252745502744057,7.0,True
39,left,12,663.2782556695154,663.2785539211972,1,0.0002982516817837677,0.04539052922503741,0.04539278898361296,0.04539180476622466,0.00035796924228950164,0.0490937967722765,0.0003973428965080446,0.020961514153148494,1.6852793525250128e-05,0.020946871870730008,1.673429383919913e-05,0.011077450309409308,0.0008433001341730562,0.01023415017523625,7.0,True
39,left,13,663.2785539211972,663.278852172879,1,0.00029825168189745455,0.045390769334263316,0.045393241761718044,0.04539237703211959,0.0003574115663369948,0.04911913597856929,0.0003988763764845146,0.021372363172683963,1.8308118386327314e-05,0.021357713332799018,1.8189161337249077e-05,0.011077415701721417,0.0008621759247244282,0.010215239776996987,7.0,True
39,left,14,663.278852172879,663.279150424561,1,0.00029825168189745455,0.03669741932684401,0.03669833750510314,0.03669691909575538,0.0003562325784828548,0.04914331390086396,0.0003999673113990523,0.02177918378108215,1.9584063593091592e-05,0.021764526730091237,1.9464781170840327e-05,0.011077380518592115,0.0008805243831339225,0.01019685613545819,7.0,True
39,left,15,663.279150424561,663.2794486762427,1,0.0002982516817837677,0.04538977887120277,0.04539105459057954,0.045389408850698,0.0003549671140055726,0.04916623092303374,0.0004004428076886806,0.022203845755530395,2.1084414219749223e-05,0.022189181869504686,2.0964989979975436e-05,0.011077344922092133,0.0009000291006312269,0.010177315821460904,7.0,True
39,left,16,663.2794486762427,663.2797469279246,1,0.00029825168189745455,0.04538993177475003,0.04539147805833055,0.045389736614618245,0.0003548200985967696,0.04918831213550211,0.000400451365360449,0.02263568310953909,2.2609937783525378e-05,0.022621012637749054,2.2490510991366137e-05,0.011077309114699306,0.0009198643307967857,0.01015744478390252,7.0,True
39,left,17,663.2797469279246,663.2800451796065,1,0.00029825168189745455,0.04539006927043995,0.04539199100662931,0.045390037933918694,0.0003550474357443951,0.049210025400159,0.00040019075219648373,0.023074817271002006,2.4161233876373473e-05,0.02306014032319429,2.404188481252878e-05,0.011077273243708895,0.0009400360722765211,0.010137237171432372,7.0,True
39,left,18,663.2800451796065,663.2803434312883,1,0.0002982516817837677,0.03850307724235815,0.038504734392585546,0.03850304957704008,0.00035500660805441817,0.04923183134831449,0.0003998636881934928,0.023512674050885647,2.557751666394614e-05,0.02349799059942283,2.5458265147535952e-05,0.011077237392337526,0.0009598788242872304,0.010117358568050292,7.0,True
39,left,19,663.2803434312883,663.2806416829702,1,0.00029825168189745455,0.04538978897825901,0.0453891793892965,0.045389493352612484,0.0003546529657595174,0.04925415708714045,0.00039965824834993757,0.023966624464985074,2.7178811698278903e-05,0.023951934354827526,2.7059621454602198e-05,0.011077201579823141,0.000980729078147338,0.010096472501675802,7.0,True
39,left,20,663.2806416829702,663.2809399346521,1,0.00029825168189745455,0.04538988369231417,0.045389524317877905,0.04538957078199708,0.0003544143723279259,0.04927710360925869,0.00039961237958935976,0.024428245487598605,2.8807143671078148e-05,0.024413548533602263,2.8687967107836497e-05,0.011077165765515562,0.0010019331071299483,0.010075232658385612,7.0,True
39,left,21,663.2809399346521,663.2812381863339,1,0.0002982516817837677,0.04539000654829838,0.045389843007442275,0.04538966425082287,0.0003544982295430668,0.049300556292984764,0.0003996655725246484,0.024897666691905844,3.0463048737807474e-05,0.024882962743112764,3.0343856309728916e-05,0.011077129897833382,0.0010234971038284974,0.010053632794004883,7.0,True
39,left,22,663.2812381863339,663.2815364380158,1,0.00029825168189745455,0.04539017366539134,0.045390135216836165,0.0453897738463122,0.0003544857297080687,0.049324398324232556,0.0003997554273945018,0.025375019850391114,3.214694451959721e-05,0.02536030879066653,3.2027725292107227e-05,0.011077093947085302,0.0010454271018281054,0.010031666845257196,7.0,True
39,left,23,663.2815364380158,663.2818346896977,1,0.00029825168189745455,0.022929918819160768,0.022929572269187102,0.022929391255328484,0.0003544383008814583,0.04934851467010177,0.0003998185668606788,0.025832043401785562,3.333347966640252e-05,0.02581732514932028,3.321424160746062e-05,0.011077057906043096,0.0010655375449445882,0.010011520361098506,7.0,True
39,left,24,663.2818346896977,663.2821329413795,1,0.0002982516817837677,0.04539075176565932,0.045389518120833215,0.045389841114222264,0.00035455412049035156,0.04937280884581024,0.00039981013313346943,0.026325184321881336,3.5065859757917384e-05,0.026310458823642923,3.494662421439433e-05,0.01107702178991559,0.0010881809108379333,0.009988840879077655,7.0,True
39,left,25,663.2821329413795,663.2824311930614,1,0.00029825168189745455,0.04539100258528981,0.045389601064199245,0.04538997125327314,0.0003545495049853197,0.049397252981175595,0.0003997636428016062,0.026826657826185277,3.6827500251905206e-05,0.026811925037436787,3.670827857415645e-05,0.011076985628382316,0.001111208621286975,0.009965777007095339,7.0,True
39,left,26,663.2824311930614,663.2827294447433,1,0.00029825168189745455,0.045391207948143476,0.045389700057256475,0.04539006662116164,0.00035441377806988915,0.04942183653713039,0.0003997326591808422,0.027336604685018865,3.861887180911941e-05,0.027321864564183486,3.8499659372287726e-05,0.011076949433423303,0.0011346271798803808,0.009942322253542921,7.0,True
39,left,27,663.2827294447433,663.283027696425,1,0.0002982516817837677,0.045391637405664494,0.04538981524457449,0.04539023189868496,0.0003547900197839082,0.04944654893907274,0.00039977129859173927,0.027855168217994965,4.044064947839749e-05,0.027840420726649783,4.0321425517342034e-05,0.011076913191170027,0.0011584436185346787,0.009918469572635346,7.0,True
39,left,28,663.283027696425,663.283325948107,1,0.00029825168189745455,0.038044450966644036,0.038045215405961265,0.03804474024050816,0.0003552935918134503,0.049471378848030864,0.0003999354656774611,0.028373195347472215,4.2121415677587456e-05,0.028358440450559325,4.200214275337719e-05,0.011076876861943452,0.0011819470032454974,0.009894929858697953,7.0,True
39,left,29,663.283325948107,663.2836241997887,1,0.0002982516817837677,0.04538929331379345,0.045389890015916624,0.04538937387749257,0.0003557107982594225,0.04949627809313022,0.0004002517697449463,0.028909272208511222,4.400272784370885e-05,0.02889450988536225,4.388336058132404e-05,0.011076840380571464,0.0012065675200856902,0.009870272860485772,7.0,True
39,left,30,663.2836241997887,663.2839224514706,1,0.00029825168189745455,0.045389675661061585,0.045390007203896424,0.045389468845390975,0.0003560116436342429,0.049521142669771416,0.0004006974647275577,0.029454407174703854,4.591596027326061e-05,0.029439637435647474,4.579646008155219e-05,0.01107680367270301,0.001231606407490525,0.009845197265212482,7.0,True
39,left,31,663.2839224514706,663.2842207031525,1,0.00029825168189745455,0.04539015360689238,0.04539010522956864,0.04538956241727688,0.0003561955368588478,0.04954586517294935,0.0004012440437199748,0.030008753313166103,4.7861607952450645e-05,0.02999397620058159,4.774194474263852e-05,0.011076766679740148,0.0012570707135274699,0.009819695966212676,7.0,True
39,left,32,663.2842207031525,663.2845189548343,1,0.0002982516817837677,0.03715515080746261,0.037155370242334645,0.03715451933001269,0.00035625206908113956,0.04957033957117104,0.00040185929290490125,0.03056203130445194,4.9647310941948283e-05,0.030547246892342648,4.952746423307772e-05,0.011076729360922325,0.0012821618404190776,0.009794567520503247,7.0,True
39,left,33,663.2845189548343,663.2848172065162,1,0.00029825168189745455,0.04538734326701541,0.04538931078542438,0.0453875726622398,0.000356238687099899,0.049594465507895834,0.0004025061843132138,0.031135089910911146,5.16560157835866e-05,0.031120298303195036,5.1535976138219884e-05,0.011076691693310528,0.0013084846755045739,0.009768207017805952,7.0,True
39,left,34,663.2848172065162,663.2851154581981,1,0.00029825168189745455,0.04538768384608859,0.04538940665523115,0.04538770075419101,0.00035613022386420985,0.04961818987459195,0.0004031459585394599,0.03171783133719747,5.3698627989542644e-05,0.03170303265364912,5.3578397530437e-05,0.01107665367174821,0.0013352545868639681,0.00974139908488424,7.0,True
39,left,35,663.2851154581981,663.2854137098799,1,0.0002982516817837677,0.045387996437989686,0.045389501096195016,0.04538786600664315,0.0003559056562664235,0.04964148876840665,0.0004037367460381356,0.03231041916424577,5.577567298579819e-05,0.03229561353176881,5.565526632337339e-05,0.01107661530877663,0.0013624791088723874,0.009714136199904242,7.0,True
39,left,36,663.2854137098799,663.2857119615618,1,0.00029825168189745455,0.045388280811824236,0.04538959419278152,0.04538806883347778,0.0003555650345325133,0.04966433915008252,0.00040423209249626697,0.03291301973789056,5.7887683709494914e-05,0.03289820729024321,5.776712930911003e-05,0.011076576634570411,0.0013901659029755009,0.009686410731594909,7.0,True
39,left,37,663.2857119615618,663.2860102132437,1,0.00029825168189745455,0.023816936776627926,0.023816766012139102,0.023816323770687587,0.0003551082883131427,0.04968671836026201,0.00040458272153672724,0.033498428996665566,5.9529855218914924e-05,0.03348360987438117,5.940919624282906e-05,0.011076537696912879,0.001416208490951915,0.009660329205960962,7.0,True
39,left,38,663.2860102132437,663.2863084649255,1,0.0002982516817837677,0.045387657395557564,0.045387612422749524,0.045387095108374124,0.0003546097603613553,0.04970864848478998,0.0004047567724284519,0.03412110082490122,6.170487632428082e-05,0.034106275161925964,6.158416543726985e-05,0.011076498561175877,0.0014448071223454124,0.009631691438830463,7.0,True
39,left,39,663.2863084649255,663.2866067166074,1,0.00029825168189745455,0.045387730204604876,0.04538775325178857,0.045387242777808166,0.00035446278457023066,0.04973031621224719,0.0004047910263956444,0.03475429367053068,6.391656381517787e-05,0.03473946154511364,6.379584271181764e-05,0.011076459302617478,0.0014738915896693784,0.009602567712948097,7.0,True
39,left,40,663.2866067166074,663.2869049682893,1,0.00029825168189745455,0.045387820049303355,0.045387931375718886,0.045387373288628546,0.0003545425920744207,0.049751944214283556,0.00040474125374398705,0.03539818540521092,6.616562316102307e-05,0.03538334682920592,6.604491690243997e-05,0.01107641997783128,0.0015034703803508019,0.009572949597480477,7.0,True
39,left,41,663.2869049682893,663.287203219971,1,0.0002982516817837677,0.045387927049937465,0.04538814713490703,0.04538748649298245,0.0003545193322908919,0.049773752320552686,0.000404664658543238,0.03605295690547479,6.84526721478174e-05,0.036038111825171096,6.833198873392784e-05,0.011076380618142395,0.0015335519200906336,0.00954282869805176,7.0,True
39,left,42,663.287203219971,663.287501471653,1,0.00029825168189745455,0.03939121277979014,0.039390399290881596,0.039390461009037404,0.00035439489584484254,0.04979595458536869,0.0004046179978461112,0.03671117019243119,7.063780285455689e-05,0.03669631849025904,7.051713335725279e-05,0.011076341229629867,0.0015635559037092042,0.009512785325920661,7.0,True
39,left,43,663.287501471653,663.2877997233348,1,0.00029825168189745455,0.04538800147493648,0.045387147711001226,0.04538714951687818,0.0003544663414930937,0.04981862488986246,0.00040462420430135016,0.03738812619986587,7.300040896220911e-05,0.03737326773623729,7.287973761381935e-05,0.011076301793540912,0.0015946588141073365,0.009481642979433574,7.0,True
39,left,44,663.2877997233348,663.2880979750166,1,0.0002982516817837677,0.04538810828303279,0.04538728949310076,0.04538724986366906,0.00035445654371486367,0.04984164174877549,0.00040465796930787913,0.03807652065122037,7.540294282763619e-05,0.038061655322780594,7.528226140882253e-05,0.011076262284205943,0.0016262905780882238,0.009449971706117718,7.0,True
39,left,45,663.2880979750166,663.2883962266985,1,0.00029825168189745455,0.04538819237790227,0.045387414095001265,0.045387386030804895,0.0003544199019743782,0.04986487034497369,0.00040468938854705625,0.038776546752252485,7.78460621052624e-05,0.03876167449583918,7.77253713155619e-05,0.011076222694351809,0.0016584602054111972,0.00941776248894061,7.0,True
39,left,46,663.2883962266985,663.2886944783803,1,0.0002982516817837677,0.035805845532282644,0.035805110725947185,0.03580523568509624,0.00035474659755396266,0.04988817739656765,0.00040468778206383723,0.039476206890781906,8.010596164582423e-05,0.03946132768300697,7.998527133530611e-05,0.011076183037002814,0.00169023476133052,0.009385948275672292,7.0,True
39,left,47,663.2886944783803,663.2889927300622,1,0.00029825168189745455,0.04538734014243174,0.04538710050809946,0.045387966694862836,0.0003549704226918444,0.04991144933617811,0.0004046285307093034,0.04019988206215878,8.262868769915784e-05,0.040184995913483054,8.250801506040993e-05,0.011076143345458226,0.0017234920633247626,0.009352651282133462,7.0,True
39,left,48,663.2889927300622,663.2892909817441,1,0.00029825168189745455,0.04538741121962999,0.04538718046756372,0.045388231763400955,0.000354940672973877,0.04993475432613561,0.000404542051229885,0.04093578491847727,8.51940255413371e-05,0.040920891819049114,8.507337869523942e-05,0.011076103668709826,0.0017573150347176296,0.009318788633992195,7.0,True
39,left,49,663.2892909817441,663.2895892334259,1,0.0002982516817837677,0.045387480822856485,0.04538729150294501,0.045388404382439504,0.0003545956024092215,0.04995826318856492,0.00040448711053352583,0.04168412213735379,8.780261663869952e-05,0.041669222026373576,8.768198617880301e-05,0.011076064026069704,0.0017917131990134096,0.009284350827056292,7.0,True
39,left,50,663.2895892334259,663.2898874851078,1,0.00029825168189745455,0.04538754909845484,0.04538745646752048,0.04538866636451684,0.00035528829602590663,0.049982146151240234,0.00040452205789276793,0.04244510390397394,9.045552595061852e-05,0.04243019666985428,9.033488506756743e-05,0.011076024381213022,0.0018266971123741412,0.009249327268838878,7.0,True
39,left,51,663.2898874851078,663.2901857367897,1,0.00029825168189745455,0.025161937957255336,0.02516401478161176,0.025162295115921385,0.00035652429462550833,0.05000657157137401,0.00040471527484120995,0.043193161315188314,9.267949559764383e-05,0.043178246796146035,9.255879708731297e-05,0.011075984641914283,0.0018602840586932716,0.00921570058322101,7.0,True
39,left,52,663.2901857367897,663.2904839884715,1,0.0002982516817837677,0.04538549585907472,0.045388069714598245,0.045386165687505614,0.00035742392343414994,0.05003156381990663,0.0004051309094257351,0.04397964000566008,9.541554790039107e-05,0.04396471803264335,9.529472542639244e-05,0.011075944660100409,0.00189643612212434,0.009179508537976068,7.0,True
39,left,53,663.2904839884715,663.2907822401534,1,0.00029825168189745455,0.04538561571279454,0.04538829804801938,0.045386444797323997,0.0003577359109946282,0.05005666373050712,0.00040574058056362064,0.044779407700590475,9.819798915696247e-05,0.04476447824147754,9.807698484747559e-05,0.011075904259666558,0.0019332038067950434,0.009142700452871513,7.0,True
39,left,54,663.2907822401534,663.2910804918353,1,0.00029825168189745455,0.04538577490134649,0.04538846608902747,0.045386829084996895,0.0003576694952602622,0.05008131428555527,0.0004064623404814641,0.04559268875774177,0.00010102746409317788,0.04557775194655936,0.00010090624451758164,0.011075863330943021,0.0019705973662865078,0.009105265964656512,7.0,True
39,left,55,663.2910804918353,663.291378743517,1,0.0002982516817837677,0.045385973864293654,0.045388856490215825,0.045387319582500876,0.00035709648846415584,0.05010496414765447,0.0004071637507913727,0.04641971150832808,0.0001039045774641565,0.046404767643540235,0.00010378314869180199,0.011075821850705414,0.002008627131946658,0.009067194718758755,7.0,True
39,left,56,663.291378743517,663.2916769951989,1,0.00029825168189745455,0.0407361452775389,0.040737241340729875,0.040735411703112054,0.00035595438526573616,0.050127079552966324,0.0004076684902629019,0.04725476731523301,0.00010672079421718385,0.047239816854482655,0.00010659921490538682,0.011075779882112528,0.002046844066218194,0.009028935815894331,7.0,True
39,left,57,663.2916769951989,663.2919752468808,1,0.00029825168189745455,0.045384980391421775,0.04538624968426689,0.04538440678887154,0.0003548027712775734,0.05014759923694708,0.00040788574667961205,0.04810987017286087,0.00010969319745097816,0.04809491359208028,0.00010957155334208951,0.011075737573160159,0.0020861699525514194,0.008989567620608737,7.0,True
39,left,58,663.2919752468808,663.2922734985626,1,0.0002982516817837677,0.045385114084536556,0.04538656475448745,0.045384718764170676,0.0003547837687224334,0.05016707194728883,0.00040788166163599406,0.048979421270593834,0.00011271575822430343,0.048964458882050366,0.00011259411533383237,0.011075695097952021,0.002126165403412614,0.008949529694539406,7.0,True
39,left,59,663.2922734985626,663.2925717502445,1,0.00029825168189745455,0.04538522974534663,0.04538698541413313,0.04538499969138437,0.00035496209457784713,0.050186081969704,0.00040775147517976303,0.04986366497026285,0.00011578941364559353,0.04984869691194253,0.00011566780958340569,0.011075652579993829,0.0021668421077149004,0.008908810472278927,7.0,True
39,left,60,663.2925717502445,663.2928700019264,1,0.00029825168189745455,0.03445545702952743,0.034456716168063006,0.034455227476950574,0.00035490701062356193,0.050205207546653266,0.0004075943205416941,0.05074886538984079,0.00011865854326184884,0.050733891627285005,0.0001185369860712962,0.011075610087053373,0.0022071298967559793,0.008868480190297392,7.0,True
39,left,61,663.2928700019264,663.2931682536082,1,0.0002982516817837677,0.0453848994276153,0.0453841851112844,0.04538443880914974,0.00035456310101749955,0.050224972090219686,0.0004074980264397255,0.0516630047977372,0.00012183246064193946,0.051648025140378785,0.00012171093217131107,0.01107556763119445,0.002249185329753394,0.008826382301441055,7.0,True
39,left,62,663.2931682536082,663.2934665052901,1,0.00029825168189745455,0.04538496964619094,0.04538451735909906,0.04538448857719333,0.000354381484901848,0.05024545808204643,0.0004074753068131794,0.052592590476338213,0.00012505997774130907,0.0525776047089926,0.00012493845604680126,0.011075525173906883,0.00229195728415481,0.008783567889752071,7.0,True
39,left,63,663.2934665052901,663.293764756972,1,0.00029825168189745455,0.045385072434307894,0.04538481870254469,0.0453845569339045,0.0003544485412905989,0.050266517424512505,0.00040750127279607517,0.053537883372807765,0.00012834206794533302,0.053522891324477864,0.0001282205385064272,0.011075482671794886,0.0023354582112836593,0.008740024460511225,7.0,True
39,left,64,663.293764756972,663.2940630086538,1,0.0002982516817837677,0.045385233754022335,0.045385088917261646,0.04538464401055527,0.00035443116158092886,0.050288001402201535,0.0004075505652070319,0.05449914885984073,0.00013167961991413486,0.05448415040388408,0.000131558075773731,0.01107544010069255,0.0023797005668531857,0.008695739533839363,7.0,True
39,left,65,663.2940630086538,663.2943612603357,1,0.00029825168189745455,0.026509233636507243,0.026508272688430905,0.02650839065327039,0.00035441315976437787,0.050309763027386205,0.0004075968189146569,0.055452451835140415,0.00013463050292768827,0.055437446888736766,0.00013450894499199205,0.011075397455873078,0.0024228238780748075,0.00865257357779827,7.0,True
39,left,66,663.2943612603357,663.2946595120175,1,0.0002982516817837677,0.04538586142149975,0.04538445380467323,0.04538471133237943,0.0003544983227170335,0.05033168740544506,0.00040762061782823657,0.05644606706205437,0.0001380743134190686,0.056431055576673834,0.0001379527483853528,0.011075354752020684,0.002468555324519287,0.008606799427501395,7.0,True
39,left,67,663.2946595120175,663.2949577636994,1,0.00029825168189745455,0.04538607400518908,0.0453845099587785,0.0453848150656314,0.0003544874795157149,0.050353756717952086,0.00040762618059312353,0.057456471180715826,0.00014157630528359208,0.05744145311312002,0.00014145473859072602,0.011075312014455652,0.0025150665090586787,0.008560245505396972,7.0,True
39,left,68,663.2949577636994,663.2952560153813,1,0.00029825168189745455,0.0453862160866885,0.04538458470909543,0.04538488043657463,0.0003543818153314493,0.0503759717477791,0.00040762244674879904,0.05848394783529088,0.00014513743531614998,0.058468923142025085,0.00014501586973690936,0.011075269251775214,0.002562370789256833,0.00851289846251838,7.0,True
39,left,69,663.2952560153813,663.295554267063,1,0.0002982516817837677,0.04538657667734021,0.045384678244329256,0.0453850043891638,0.00035475152352379646,0.05039833338284309,0.00040761894748247144,0.05952878564848339,0.0001487588507329089,0.05951375428582808,0.00014863728619737674,0.011075226450555245,0.0026104821327116354,0.008464744317843607,7.0,True
39,left,70,663.295554267063,663.2958525187449,1,0.00029825168189745455,0.0420828470613146,0.04208380914636636,0.042083128204703585,0.00035521249075112326,0.050420840545676957,0.00040762763276232646,0.06058703292157745,0.00015236407603827826,0.060571994846117264,0.0001522425089123005,0.011075183575356098,0.0026590858820848013,0.008416097693271295,7.0,True
39,left,71,663.2958525187449,663.2961507704268,1,0.00029825168189745455,0.04538383916141832,0.045384751848223076,0.045383971903002536,0.0003555857092958541,0.0504434285893885,0.00040765876552372035,0.06166740400961563,0.00015610784869489117,0.061652359197233435,0.00015598627228351504,0.011075140569209186,0.0027088475810113023,0.008366292988197882,7.0,True
39,left,72,663.2961507704268,663.2964490221086,1,0.0002982516817837677,0.04538411047725977,0.045384840645000125,0.045384000549158206,0.0003558519541528073,0.05046595663813808,0.00040771712639917106,0.06276602987710574,0.0001599149684342527,0.06275097834570087,0.0001597933746166937,0.011075097369713623,0.0027594586017369166,0.008315638767976705,7.0,True
39,left,73,663.2964490221086,663.2967472737905,1,0.00029825168189745455,0.04538449229709397,0.04538490058381103,0.04538402782530636,0.00035601069424345187,0.05048828028061547,0.000407805654087307,0.06388321898051195,0.00016378647355092996,0.06386816079103745,0.0001636648533297928,0.011075053928483732,0.002810933510803998,0.008264120417679733,7.0,True
39,left,74,663.2967472737905,663.2970455254724,1,0.00029825168189745455,0.033106808459808,0.03310756273137652,0.03310635102744769,0.00035605114547260957,0.05051025622176492,0.0004079235265771434,0.06500347024141791,0.00016743500171143068,0.06498840549758203,0.00016731334633462527,0.01107501021231541,0.002862062209088483,0.008212948003226925,7.0,True
39,left,75,663.2970455254724,663.2973437771542,1,0.0002982516817837677,0.04538172969756664,0.04538395230899542,0.04538184974956795,0.00035603324875118573,0.05053175087838122,0.000408065041899875,0.06615846179321641,0.0001714335554823768,0.06614339063856882,0.00017131185789843485,0.011074966203178067,0.0029152883273069444,0.008159677875871121,7.0,True
39,left,76,663.2973437771542,663.2976420288361,1,0.00029825168189745455,0.04538205359562313,0.045383981892816914,0.045381920566966584,0.0003559236330180273,0.05055270235174722,0.0004082224297654815,0.06733296881818288,0.0001754996436740279,0.06731789141471738,0.00017537789914884397,0.011074921898199688,0.002969423227421664,0.008105498670778023,7.0,True
39,left,77,663.2976420288361,663.297940280518,1,0.00029825168189745455,0.045382345189928903,0.04538401005474032,0.04538203400439166,0.00035570779049492335,0.050573083407227104,0.0004083835653815408,0.06852732103451602,0.000179634371987763,0.06851223755236648,0.00017951257940361065,0.011074877309477234,0.0030244825114960905,0.008050394797981142,7.0,True
39,left,78,663.297940280518,663.2982385321998,1,0.0002982516817837677,0.045382604192307545,0.04538403680966203,0.045382190485357785,0.00035538571501133595,0.05059286740254355,0.00040853085175377883,0.06974185373164596,0.00018383886315182605,0.0697267643488923,0.000183717026639312,0.011074832464000393,0.003080482052518493,0.0079943504114819,7.0,True
39,left,79,663.2982385321998,663.2985367838817,1,0.00029825168189745455,0.027853369479860727,0.02785321749240315,0.027852639609511773,0.0003549574134926078,0.050612028104260784,0.0004086433535004677,0.07095426421027162,0.0001877022345658751,0.07093916911280074,0.0001875803644994795,0.011074787403643363,0.0031356832172406792,0.007939104186402682,7.0,True
39,left,80,663.2985367838817,663.2988350355636,1,0.00029825168189745455,0.04538196966637041,0.04538186928480679,0.045381227443960295,0.00035450843660070775,0.05063060780483356,0.0004087059841509555,0.07220980181004348,0.00019204271625618155,0.07219470117114567,0.00019192082751008917,0.011074742185161617,0.0031935816177304684,0.007881160567431147,7.0,True
39,left,81,663.2988350355636,663.2991332872454,1,0.0002982516817837677,0.045382015153801095,0.04538195464927697,0.04538135372833505,0.00035441772062547,0.050648842670178156,0.00040872448907760514,0.07348655370242228,0.00019645649868591392,0.07347144762495099,0.0001963346044207426,0.01107469687188439,0.0032524694263119276,0.00782222744557246,7.0,True
39,left,82,663.2991332872454,663.2994315389273,1,0.00029825168189745455,0.04538208007966056,0.04538208284474118,0.045381460606058494,0.0003544780081878339,0.05066700129247715,0.0004087118266462028,0.07478487846365611,0.00020094487040979133,0.07476976697033945,0.00020082297992116507,0.011074651510035494,0.00331236385337173,0.007762287656663764,7.0,True
39,left,83,663.2994315389273,663.299729790609,1,0.0002982516817837677,0.04538216452276447,0.04538225418515725,0.04538154781992126,0.0003544505490517011,0.050685350003718606,0.0004086823304376218,0.07610514072644975,0.00020550906975500796,0.07609002376060488,0.00020538718806372206,0.011074606124534099,0.0033732822595683885,0.00770132386496571,7.0,True
39,left,84,663.299729790609,663.3000280422909,1,0.00029825168189745455,0.0434292852618196,0.043428319694079294,0.043428305523485214,0.00035435683473004155,0.050704146097096274,0.0004086503175635918,0.07744518015909548,0.00021010441641853468,0.0774300575872784,0.0002099825442750959,0.011074560718992568,0.0034350460550019585,0.007639514663990608,7.0,True
39,left,85,663.3000280422909,663.3003262939728,1,0.00029825168189745455,0.04538223755631916,0.045381272977571864,0.04538116883308142,0.00035441566005647623,0.05072345488824236,0.0004086270535867075,0.07881039220157803,0.00021482335591155357,0.07879526387088154,0.00021470149070663508,0.01107451527632543,0.003498062431550982,0.007576452844774447,7.0,True
39,left,86,663.3003262939728,663.3006245456546,1,0.0002982516817837677,0.04538231581385295,0.045381392613056216,0.04538124898923259,0.00035439572135499253,0.050743128923458544,0.0004086200180421697,0.08019867194198134,0.00021962203049977184,0.08018353774347656,0.0002195001673932629,0.011074469775969056,0.0035621568262078286,0.007512312949761227,7.0,True
39,left,87,663.3006245456546,663.3009227973365,1,0.00029825168189745455,0.04538236494649955,0.04538149278254981,0.04538137203805673,0.00035439711846227173,0.050763010701936354,0.00040863543750624924,0.08161040907259959,0.00022450179609109227,0.08159526894431518,0.00022437992838565584,0.011074424213156474,0.0036273479202808398,0.007447076292875634,7.0,True
39,left,88,663.3009227973365,663.3012210490184,1,0.00029825168189745455,0.03175776462736698,0.03175702141737638,0.031757123161393376,0.00035471450730043913,0.05078294404652815,0.00040867883863559716,0.08302830102874077,0.00022914355449700664,0.08301315495530284,0.00022902167384711045,0.011074378599937087,0.0036922818776207555,0.00738209672231633,7.0,True
39,left,89,663.3012210490184,663.3015193007002,1,0.0002982516817837677,0.04538136661971522,0.0453811361261705,0.04538200319563192,0.0003548944044718485,0.05080280470735287,0.0004087527472366652,0.08448784844637074,0.00023418437310467855,0.08447269644946312,0.00023406247041146434,0.011074332965182029,0.003759700213766304,0.007314632751415724,7.0,True
39,left,90,663.3015193007002,663.3018175523821,1,0.00029825168189745455,0.045381375249703204,0.04538119219262464,0.04538223590981026,0.00035484878752325006,0.05082269707099734,0.0004088305099619131,0.08597205734193293,0.00023931035505233788,0.08595689941208864,0.00023918842916621368,0.011074287349235946,0.003828272796061967,0.007246014553173978,7.0,True
39,left,91,663.3018175523821,663.302115804064,1,0.00029825168189745455,0.045381382590282814,0.045381284904369275,0.0453823638148029,0.000354486883912614,0.05084282668802741,0.0004088683388995974,0.08748134450075162,0.00024452282931894566,0.08746618056721522,0.00024440089215027724,0.011074241764314501,0.0038980194094991923,0.007176222354815308,7.0,True
39,left,92,663.302115804064,663.3024140557458,1,0.0002982516817837677,0.04538138868618533,0.04538144664968981,0.04538257601165814,0.00035529038252311905,0.05086339798293209,0.00040882171629148866,0.08901613377142957,0.00024982359910761284,0.08900096370247568,0.00024970167584426224,0.011074196176753539,0.00396896116112395,0.007105235015629588,7.0,True
39,left,93,663.3024140557458,663.3027123074277,1,0.00029825168189745455,0.02919903383694105,0.029200499745868528,0.029199249383060843,0.00035646646997146517,0.05088461375254667,0.0004086596551578716,0.09055576142460048,0.0002548332585654592,0.09054058502800186,0.00025471138363706783,0.011074150506906693,0.004039481415416282,0.00703466909149041,7.0,True
39,left,94,663.3027123074277,663.3030105591096,1,0.00029825168189745455,0.045379202408882234,0.04538209660274623,0.04537977310735245,0.000357269834859997,0.05090645844769433,0.0004084099725197211,0.09214249739113031,0.00026030875301707513,0.09212731447931465,0.0002601869525569506,0.011074104629163264,0.004112847753616627,0.006961256875546637,7.0,True
39,left,95,663.3030105591096,663.3033088107913,1,0.0002982516817837677,0.0453792765038926,0.045382288061634406,0.04537997547648744,0.0003575151567274464,0.05092834955209006,0.0004081774826928146,0.09375604405236292,0.00026587684896896307,0.09374085461149435,0.000265755117849367,0.011074058400865939,0.004187471777773514,0.006886586623092424,7.0,True
39,left,96,663.3033088107913,663.3036070624732,1,0.00029825168189745455,0.04537939368206597,0.04538239756589776,0.04538029232021485,0.0003574267789724882,0.05094961689588814,0.000408034215861857,0.09539685419703066,0.0002715390321198045,0.09538165841313527,0.0002714173437297353,0.01107401173807832,0.004263375167866388,0.006810636570211932,7.0,True
39,left,97,663.3036070624732,663.3039053141551,1,0.00029825168189745455,0.045379554335816405,0.045382741895040636,0.045380724616891834,0.00035683165485381505,0.05096959492664262,0.00040798908422631146,0.09706538847140427,0.00027729674538192893,0.09705018672902763,0.000277175070452446,0.011073964627873079,0.004340579852253953,0.006733384775619125,7.0,True
39,left,98,663.3039053141551,663.3042035658369,1,0.0002982516817837677,0.04477364097870315,0.044774848331522676,0.04477270027580521,0.0003557119225128546,0.05098764884656938,0.0004080018271173163,0.09876132061007432,0.0002831370980257721,0.09874611348309152,0.000283015419295747,0.01107391712837551,0.0044190463070306,0.00665487082134491,7.0,True
39,left,99,663.3042035658369,663.3045018175188,1,0.00029825168189745455,0.04537857389198515,0.045379829736407896,0.0453778572526087,0.0003546479788140802,0.05100378820778162,0.0004080236919629924,0.10048669939088713,0.00028909006928027643,0.10047148745030694,0.00028896838402897807,0.011073869366559436,0.00449891975425406,0.006574949612305375,7.0,True
39,left,100,663.3045018175188,663.3048000692006,1,0.0002982516817837677,0.045378685322388604,0.04538007125946668,0.045378147806567265,0.00035473860651977186,0.05101868415554031,0.0004080352740984787,0.10224123115681806,0.00029514365625908754,0.10222601477350221,0.0002950219675534442,0.011073821483255065,0.004580163958770175,0.0064936575244848894,7.0,True
39,left,101,663.3048000692006,663.3050983208825,1,0.00029825168189745455,0.04537877725865216,0.045380427625110686,0.04537840471931386,0.00035487357399324867,0.05103303381269579,0.00040803656709256087,0.10402540877723752,0.00030129957346139896,0.1040101881141065,0.00030117788437007166,0.011073773576184248,0.004662802842798381,0.006410970733385866,7.0,True
39,left,102,663.3050983208825,663.3053965725644,1,0.00029825168189745455,0.030408298375464465,0.030409881738067836,0.03040827756988965,0.0003548035900089545,0.05104752949007484,0.0004080306889552702,0.10582007850795104,0.0003072065391926842,0.1058048535214599,0.0003070848518545213,0.011073725697294381,0.00474533273132111,0.0063283929659732705,7.0,True
39,left,103,663.3053965725644,663.3056948242462,1,0.0002982516817837677,0.045378407936211444,0.04537764815777043,0.04537781609046676,0.00035446482629283876,0.0510627761471638,0.0004080183579744297,0.10766472491864248,0.00031356611072357114,0.10764949538481605,0.00031344442706319044,0.011073677852734685,0.004830807090712762,0.006242870762021922,7.0,True
39,left,104,663.3056948242462,663.3059930759281,1,0.00029825168189745455,0.045378458770599005,0.04537796074763864,0.04537784279126837,0.00035434068005168453,0.051078822018986045,0.0004080049831143214,0.10954054019013822,0.0003200331036439198,0.10952530587059774,0.0003199114239725673,0.011073630008701194,0.004917749726779626,0.006155880281921567,7.0,True
39,left,105,663.3059930759281,663.30629132761,1,0.00029825168189745455,0.04537854593924515,0.04537823982071435,0.04537788943063341,0.0003543890225895143,0.0510954875055256,0.0004079996533004195,0.11144805092573995,0.00032660938794888965,0.11143281163569012,0.00032648770986716324,0.011073582130894037,0.0050061863861792285,0.006067395744714808,7.0,True
39,left,106,663.30629132761,663.3065895792918,1,0.0002982516817837677,0.045378709292258124,0.04537848502143372,0.04537795624684558,0.0003543657490466559,0.051112593583045735,0.0004080111875694484,0.11338779265303867,0.00033329679111302217,0.11337254826107827,0.00033317510959122705,0.011073534200789676,0.005096143119089744,0.005977391081699931,7.0,True
39,left,107,663.3065895792918,663.3068878309737,1,0.00029825168189745455,0.030546217121941496,0.03054572103576402,0.03054574850406778,0.0003543811710587962,0.05112996257028012,0.0004080472683868078,0.11534075030931847,0.00033974721558937225,0.11532550073702262,0.0003396255233063664,0.011073486215697993,0.005186124791896642,0.00588736142380135,7.0,True
39,left,108,663.3068878309737,663.3071860826556,1,0.00029825168189745455,0.0453793417556192,0.04537782298972972,0.045378010190296254,0.00035445925839987073,0.05114746779982127,0.00040810452353455523,0.11734626584241771,0.00034665663914387735,0.11733101104915775,0.0003465349297844274,0.011073438188751667,0.005279175314286121,0.005794262874465545,7.0,True
39,left,109,663.3071860826556,663.3074843343373,1,0.0002982516817837677,0.04537952750626319,0.04537785651378732,0.045378092517490386,0.0003544377425375074,0.05116510314988241,0.0004081545614349545,0.11938566812462671,0.0003536828014899819,0.11937040807159977,0.00035356107720669043,0.011073390140043405,0.0053738265361666605,0.005699563603876743,7.0,True
39,left,110,663.3074843343373,663.3077825860192,1,0.00029825168189745455,0.045379637471280355,0.04537791006363217,0.045378136561336706,0.0003543625811934527,0.05118288007561318,0.0004081654648998358,0.12145952970480765,0.00036082764899042686,0.12144426434977691,0.0003607059214551124,0.011073342075278577,0.005470106415258056,0.00560323566002052,7.0,True
39,left,111,663.3077825860192,663.3080808377011,1,0.00029825168189745455,0.04463690789206617,0.04463489713776408,0.044635163743326614,0.0003547635484724521,0.05120081006616284,0.0004081060920834548,0.12356744941775022,0.0003680757765101237,0.12355217871506967,0.00036795406668285166,0.011073293982613305,0.0055679671971360445,0.005505326785477259,7.0,True
39,left,112,663.3080808377011,663.3083790893829,1,0.0002982516817837677,0.045376890977063815,0.04537793105004886,0.04537709719682018,0.000355245666892688,0.05121890029217101,0.0004079496020276801,0.12571196756467315,0.0003754640223139978,0.1256966914665581,0.0003753423591601945,0.011073245832630215,0.005667589651364481,0.005405656181265733,7.0,True
39,left,113,663.3083790893829,663.3086773410648,1,0.00029825168189745455,0.045377016619243114,0.045378043648169455,0.04537710061961088,0.0003556266605282729,0.05123706403550599,0.00040770061315192966,0.12789272116717357,0.00038297719373689025,0.12787743965168574,0.0003828556048443916,0.011073197578997588,0.005768928138047067,0.0053042694409505195,7.0,True
39,left,114,663.3086773410648,663.3089755927467,1,0.00029825168189745455,0.04537725967270445,0.04537811017324799,0.04537710285927127,0.0003558950485565159,0.05125512538888553,0.0004073908394897533,0.1301103224850795,0.00039061737653930186,0.1300950355827627,0.00039049588003731904,0.01107314917296763,0.0058720127058588135,0.005201136467108816,7.0,True
39,left,115,663.3089755927467,663.3092738444285,1,0.0002982516817837677,0.04537762106254103,0.04537814910558774,0.0453771037602387,0.0003560515224866437,0.051272905622740936,0.0004070507725029548,0.13236539413593304,0.00039838669177977743,0.13235010193063743,0.00039826529670339175,0.011073100577283114,0.00597687394944161,0.005096226627841503,7.0,True
39,left,116,663.3092738444285,663.3095720961104,1,0.00029825168189745455,0.029061344569750076,0.029061054096193924,0.029060719906524993,0.00035608770388142363,0.051290227009615934,0.00040670647980835733,0.13463686136611985,0.00040590162903752044,0.13462156399468564,0.0004057803366469638,0.011073051766765539,0.006081851274530375,0.004991200492235163,7.0,True
39,left,117,663.3095720961104,663.3098703477923,1,0.00029825168189745455,0.045374744341408084,0.04537709853261261,0.04537476553817606,0.0003560610515351216,0.05130692806560362,0.0004063791575002269,0.1369684136914376,0.0004139291642263052,0.1369531113388854,0.0004138079694601776,0.011073002728315802,0.006190330002661482,0.004882672725654319,7.0,True
39,left,118,663.3098703477923,663.3101685994741,1,0.0002982516817837677,0.04537505771486631,0.04537710150976613,0.045374817441619135,0.0003559360028517219,0.051322942412793095,0.00040608861643718383,0.13933936158848068,0.0004220923120374145,0.13932405445962834,0.0004219712039256938,0.011072953460893768,0.0063006800412730365,0.00477227341962073,7.0,True
39,left,119,663.3101685994741,663.310466851156,1,0.00029825168189745455,0.04537533659910665,0.04537710330840907,0.04537491482027005,0.00035569863091782373,0.051338239736404605,0.0004058509831539276,0.14175037069000598,0.000430393335259486,0.14173505899869532,0.0004302722980222456,0.011072903975263362,0.006412934254291567,0.0046599697209717935,7.0,True
39,left,120,663.310466851156,663.3107651028378,1,0.0002982516817837677,0.04537558056368719,0.045377103793888,0.04537505802637438,0.00035534895896208483,0.051352790104993495,0.0004056781688761837,0.14420211787188414,0.00043883453363459764,0.14418680184090746,0.0004387135479395524,0.01107285429390004,0.006527126102418768,0.004545728191481271,7.0,True
39,left,121,663.3107651028378,663.3110633545197,1,0.00029825168189745455,0.03189135697893378,0.03189131906375102,0.0318908810075384,0.0003548875843507901,0.051366564215009444,0.00040557966315473185,0.14667725237946364,0.00044709917393103755,0.14666193224032967,0.0004469782176154434,0.011072804451007837,0.00664188234544097,0.004430922105566866,7.0,True
39,left,122,663.3110633545197,663.3113616062016,1,0.00029825168189745455,0.04537487837633074,0.04537477823813465,0.04537401382693596,0.00035442617837014734,0.05137963086633781,0.0004055522378877573,0.14921224525162743,0.00045582237027062437,0.14919692121534275,0.0004557014221346623,0.011072754492505029,0.0067600274168918536,0.004312727075613174,7.0,True
39,left,123,663.3113616062016,663.3116598578833,1,0.0002982516817837677,0.04537490558615332,0.04537484569596431,0.04537412494270442,0.00035438271075320275,0.051392274433197084,0.0004055672814956958,0.15179007114393997,0.0004646929616877984,0.15177474333669605,0.0004645720090651011,0.011072704467937122,0.0068802141607618205,0.004192490307175301,7.0,True
39,left,124,663.3116598578833,663.3119581095652,1,0.00029825168189745455,0.04537495340671112,0.04537495879542069,0.04537421555177271,0.0003544278627528115,0.05140480660046657,0.00040559572824104887,0.15441145394416966,0.000473713457075421,0.15439612239917996,0.00047359249596838805,0.011072654412560869,0.00700247866802418,0.004070175744536688,7.0,True
39,left,125,663.3119581095652,663.3122563612471,1,0.00029825168189745455,0.0432843577770474,0.04328449286739722,0.04328369949690513,0.0003543865025759718,0.05141753733381592,0.00040560968818553067,0.15707431990712814,0.0004828368436261322,0.15705898456517584,0.00048271587835552236,0.01107260434491369,0.007126638166360321,0.003945966178553368,7.0,True
39,left,126,663.3122563612471,663.3125546129289,1,0.0002982516817837677,0.045374962516406596,0.04537392968186846,0.04537381915688492,0.0003543155200913528,0.05143076145793497,0.0004055834653093526,0.15978498879257055,0.000492163843471887,0.15976964950650685,0.0004920428860223402,0.011072554266788949,0.007253164861091563,0.0038193894056973853,7.0,True
39,left,127,663.3125546129289,663.3128528646108,1,0.00029825168189745455,0.045375069089326994,0.045374054272290354,0.04537384864379311,0.00035437074229693855,0.05144452582431826,0.0004055271877845072,0.16254145947159074,0.0005016484484811296,0.1625261160802758,0.0005015275078164033,0.011072504164009405,0.007381881387585651,0.003690622776423754,7.0,True
39,left,128,663.3128528646108,663.3131511162927,1,0.00029825168189745455,0.0453751285094129,0.04537415837714386,0.045373914617575534,0.0003543443959102071,0.05145865867457406,0.00040548221742072366,0.16534450575636647,0.0005112933096937953,0.1653291581499052,0.0005111723824415557,0.011072454021428287,0.007512826484610624,0.003559627536817662,7.0,True
39,left,129,663.3131511162927,663.3134493679745,1,0.0002982516817837677,0.04537516242848505,0.04537424182138807,0.04537403476412384,0.00035437674862064496,0.05147298154088076,0.0004054899302206365,0.16819491454629404,0.0005211011656991891,0.16817956266801967,0.0005209802361466401,0.01107240383625261,0.007646039701546221,0.003426364134706389,7.0,True
39,left,130,663.3134493679745,663.3137476196564,1,0.00029825168189745455,0.02771267250697577,0.027712175417720503,0.027712077622917032,0.0003547323910975686,0.051487316973551814,0.0004055910376794535,0.1710695974937157,0.0005306560804930162,0.1710542413398686,0.0005305351207849516,0.01107235361854174,0.007779693851041949,0.0032926597674997914,7.0,True
39,left,131,663.3137476196564,663.3140458713383,1,0.00029825168189745455,0.045374069573397256,0.04537382517802034,0.04537466617307831,0.00035489620632739435,0.05150153693866938,0.0004058057795203712,0.1740167407030052,0.0005407913270616254,0.17400138030802964,0.0005406703033064455,0.01107230339122856,0.007917531962908717,0.0031547714283198434,7.0,True
39,left,132,663.3140458713383,663.3143441230201,1,0.0002982516817837677,0.04537406471805805,0.04537386712006936,0.04537488357354329,0.0003548284757276636,0.05151578490828026,0.00040603593493124534,0.17701368111067267,0.0005510978134581709,0.17699831646622208,0.0005509767210587989,0.011072253184587976,0.008057760389094044,0.0030144927954939313,7.0,True
39,left,133,663.3143441230201,663.314642374702,1,0.00029825168189745455,0.04537405869522215,0.04537394572744397,0.04537499786940593,0.0003544088576149332,0.05153029759631111,0.000406139357597442,0.18006126023596802,0.000561578282501843,0.18004589126307796,0.0005614571592564407,0.011072203005135256,0.008200421274032215,0.002871781731103041,7.0,True
39,left,134,663.314642374702,663.3149406263839,1,0.00029825168189745455,0.04537405143976695,0.045374118139713523,0.04537524562945981,0.00035544119710456955,0.05154531071133039,0.0004059745272412567,0.18316033385269684,0.000572236074109228,0.18314496040212,0.0005721150000247568,0.011072152824765293,0.008345558778707554,0.0027265940460577376,7.0,True
39,left,135,663.3149406263839,663.3152388780657,1,0.0002982516817837677,0.033236576411792146,0.03323825399495297,0.033236798899304615,0.0003567297619299332,0.05156105670273649,0.0004054134492485831,0.18629524479154194,0.0005827860404592236,0.18627986664470259,0.0005826651337172535,0.011072102580647853,0.008491923177541572,0.0025801794031062807,7.0,True
39,left,136,663.3152388780657,663.3155371297476,1,0.00029825168189745455,0.04537165919309445,0.0453747548884867,0.045372195665093276,0.000357558278905749,0.051577460492454916,0.0004044628391961976,0.18949965183927028,0.0005938025494821885,0.18948426879996724,0.0005936819262612195,0.011072052175324362,0.008642123727464831,0.00242992844785953,7.0,True
39,left,137,663.3155371297476,663.3158353814293,1,0.0002982516817837677,0.04537172184599828,0.04537492930782077,0.04537239999151386,0.00035777297347622716,0.05159382320859558,0.0004033524058931505,0.19275820317752804,0.0006050052229128866,0.19274281525802325,0.0006048849308805637,0.011072001503425126,0.008794934696197328,0.0022770668072277975,7.0,True
39,left,138,663.3158353814293,663.3161336331112,1,0.00029825168189745455,0.04537183120246158,0.04537502691980857,0.045372728170845936,0.0003576482282522758,0.05160937340969982,0.00040230240998528427,0.19607181342876798,0.0006163971707864169,0.1960564208713837,0.0006162771919170937,0.011071950506288545,0.008950402568604934,0.0021215479376836105,7.0,True
39,left,139,663.3161336331112,663.3164318847931,1,0.00029825168189745455,0.041934113302337934,0.04193723175262744,0.041935218492089255,0.0003569390090396052,0.05162334321809848,0.0004014832719661751,0.19943670371902333,0.0006278997447525863,0.19942130699512023,0.0006277800101925551,0.011071899178738052,0.009108205425353708,0.001963693753384343,7.0,True
39,left,140,663.3164318847931,663.3167301364749,1,0.0002982516817837677,0.04537076519306671,0.045372128358499866,0.045369718720912076,0.0003556491311888884,0.05163501826316639,0.00040101541584097066,0.202863155242144,0.0006396780360004436,0.20284775503614494,0.0006395584409793342,0.011071847569224648,0.009269122539185949,0.0018027250300386986,7.0,True
39,left,141,663.3167301364749,663.3170283881568,1,0.00029825168189745455,0.04537088484880197,0.045372251925337566,0.04537004482593922,0.0003545450080417443,0.05164450832539841,0.0004008707627413038,0.20634750228527957,0.0006516551108085832,0.20633209924884766,0.0006515355589304587,0.01107179577716132,0.009432840928166129,0.0016389548489951914,7.0,True
39,left,142,663.3170283881568,663.3173266398387,1,0.00029825168189745455,0.04537098356656191,0.04537249865084676,0.04537033481085102,0.00035475535902446245,0.05165259537096375,0.00040093085393493223,0.20989072341380155,0.0006638346917933985,0.20987531796539474,0.0006637151219929744,0.01107174390672154,0.009599411584973717,0.0014723323217478224,7.0,True
39,left,143,663.3173266398387,663.3176248915205,1,0.0002982516817837677,0.04537106121346454,0.0453728695104991,0.04537058838042622,0.0003548685526947257,0.05166007760091637,0.0004010899802758973,0.21349381373449539,0.0006762201402154013,0.2134784060545068,0.000676100522955324,0.011071692028838113,0.009768885500595861,0.001302806528242252,7.0,True
39,left,144,663.3176248915205,663.3179231432024,1,0.00029825168189745455,0.026364102529801828,0.026365695253086463,0.026364100411582915,0.0003547740042880084,0.05166774941259746,0.00040124468355069097,0.21713154590645917,0.0006883623269763916,0.217116135938334,0.000688242663575757,0.01107164017998532,0.009939254835280104,0.001132385344705217,7.0,True
39,left,145,663.3179231432024,663.3182213948843,1,0.00029825168189745455,0.045370620417876956,0.045369834711639946,0.04536989540874342,0.0003543969557974717,0.05167627266398702,0.00040130851073256,0.22085698085275207,0.0007011619972677264,0.22084156834255286,0.0007010423148305273,0.01107158836209404,0.010114654701702478,0.0009569336603915626,7.0,True
39,left,146,663.3182213948843,663.3185196465661,1,0.0002982516817837677,0.045370656486741136,0.04537014843731381,0.04536990508010751,0.0003542979015582387,0.051685649610632545,0.00040129521430578197,0.22464536423145737,0.0007141778912637506,0.22462994892457394,0.000714058212792279,0.011071536548452941,0.01029311604557762,0.0007784205028753213,7.0,True
39,left,147,663.3185196465661,663.318817898248,1,0.00029825168189745455,0.04537072982636725,0.04537042598944486,0.04536993614471664,0.0003543390906775126,0.051695673753995225,0.0004012516621762953,0.22849775962541669,0.0007274137190868591,0.2284823413288098,0.0007272940536048379,0.011071484714315257,0.01047469405661856,0.0005967906576966972,7.0,True
39,left,148,663.318817898248,663.3191161499299,1,0.00029825168189745455,0.04537090452495286,0.04537066700288908,0.045369988753800564,0.0003543029739857431,0.05170613946376452,0.0004012242453759053,0.23241524862929905,0.0007408731874065692,0.23239982721127664,0.0007407535301016548,0.011071432846661016,0.010659444822016447,0.0004119880246445696,7.0,True
39,left,149,663.3191161499299,663.3194144016117,1,0.0002982516817837677,0.034583341257595684,0.034582561261870634,0.03458253581214145,0.00035434262872093626,0.051716842922708756,0.0004012579130348167,0.23638391230577682,0.0007543028459591871,0.2363684876954357,0.0007541831786128826,0.011071380944241812,0.010846244686597053,0.0002251362576447587,7.0,True
39,left,150,663.3194144016117,663.3197126532935,1,0.00029825168189745455,0.04537153723517316,0.045369896362259535,0.04537001040588249,0.00035441262013459723,0.05172765316246584,0.0004013576651784409,0.24043465217752494,0.0007682167174229747,0.24041922434300575,0.00076809702032538,0.011071329017532066,0.011037492473137954,3.383654439411201e-05,7.0,True
39,left,151,663.3197126532935,663.3200109049754,1,0.00029825168189745455,0.045371703571854785,0.04536991334936288,0.04537007407421268,0.00035438212175979266,0.05173857514133723,0.0004014547594598932,0.24455383683078324,0.0007823656797714728,0.24453840573876554,0.0007822459537153453,0.011071277080907667,0.011232087401538094,-0.00016081032063042756,7.0,False
39,left,152,663.3200109049754,663.3203091566572,1,0.0002982516817837677,0.045371792737906015,0.04536995178932037,0.04537009862856881,0.00035434027866723005,0.05174962874825407,0.0004014726026030848,0.2487426227435654,0.0007967536784555649,0.24872718835479674,0.0007966339470777358,0.01107122513786156,0.011430089905705333,-0.0003588647678437734,7.0,False
39,left,153,663.3203091566572,663.3206074083391,1,0.00029825168189745455,0.040586961018886245,0.04058499856968642,0.04058519489596377,0.0003547884469589507,0.05176083363500781,0.0004013355307731672,0.2529954762674918,0.0008112706030833849,0.2529800385368409,0.000811150912587414,0.011071173179329189,0.011631033582594817,-0.0005598604032656282,7.0,False
39,left,154,663.3206074083391,663.320905660021,1,0.00029825168189745455,0.0453688710238019,0.045369941992189244,0.045368962380841704,0.00035530356251611676,0.05177220111681658,0.0004009757883922872,0.2573268971390053,0.0008261471668742748,0.25731145601798394,0.000826027583672074,0.011071121183644011,0.011836028304989962,-0.0007649071213459512,7.0,False
39,left,155,663.320905660021,663.3212039117028,1,0.0002982516817837677,0.04536902378928794,0.04537003773090399,0.04536895982676175,0.0003557040890812637,0.05178361908123082,0.0004004004819754511,0.26173150548070073,0.0008412751544820175,0.26171606095425815,0.0008411557428659688,0.011071069117267707,0.012044619168769513,-0.0009735500515018065,7.0,False
39,left,156,663.3212039117028,663.3215021633847,1,0.00029825168189745455,0.04536929464509503,0.0453700846002167,0.0453689561245518,0.0003559829514747502,0.051794882391628744,0.0003996714793208235,0.26621053793197613,0.0008566587954984717,0.26619509004622643,0.0008565396013086454,0.011071016946266726,0.012256871397759363,-0.001185854451492637,7.0,False
39,left,157,663.3215021633847,663.3218004150665,1,0.0002982516817837677,0.04536968445053697,0.04537011113851418,0.04536895121998209,0.00035614068688320837,0.05180578435903748,0.00039884998428426217,0.270765252042361,0.0008723023912593667,0.2707498009050871,0.0008721834420818622,0.011070964645050892,0.012472851472701465,-0.001401886827650573,7.0,False
39,left,158,663.3218004150665,663.3220986667484,1,0.00029825168189745455,0.025017931576015975,0.025017428547654052,0.025017267785546787,0.00035617399496362586,0.05181611899246107,0.000397993102043387,0.2753681109549571,0.0008877233155518608,0.2753526567353555,0.0008876046219408806,0.01107091219662435,0.012690353705501178,-0.001619441508876829,7.0,False
39,left,159,663.3220986667484,663.3223969184303,1,0.00029825168189745455,0.045366613187869366,0.04536896166332162,0.045366536574394364,0.00035613441158738844,0.051825705475908715,0.0003971535297420625,0.2800775557349516,0.0009038917533075161,0.2800620986561652,0.0009037733101003867,0.011070859592627377,0.012913952618874203,-0.0018430930262468266,7.0,False
39,left,160,663.3223969184303,663.3226951701121,1,0.0002982516817837677,0.045366916140674146,0.04536895867209558,0.045366586013596506,0.0003559884026741062,0.05183447721500669,0.00039638256791311267,0.2848665752351567,0.0009203333635444881,0.2848511155401903,0.0009202151502780661,0.011070806833285502,0.013141485845794177,-0.0020706790125086757,7.0,False
39,left,161,663.3226951701121,663.322993421794,1,0.00029825168189745455,0.0453671844210049,0.04536895459868106,0.045366680969835795,0.00035572136407236197,0.05184240086343882,0.0003957272141450922,0.2897365140014995,0.0009370527401562696,0.2897210519432858,0.0009369347223501661,0.011070753927087694,0.013373025135254573,-0.00230227120816688,7.0,False
39,left,162,663.322993421794,663.3232916734759,1,0.00029825168189745455,0.04536741768733993,0.04536894927980718,0.0453668218153283,0.00035533348444146556,0.05184944342923191,0.0003952300067016484,0.2946887392925704,0.0009540545533507475,0.29467327513389957,0.0009539366838376003,0.011070700890722433,0.013608643626864092,-0.00253794273614166,7.0,False
39,left,163,663.3232916734759,663.3235899251576,1,0.0002982516817837677,0.0359272848471455,0.03592721877400553,0.03592658230804664,0.0003548270320346296,0.051855573697427486,0.000394930468228187,0.2997111350795664,0.0009711171630711224,0.2996956690925388,0.0009709993828958737,0.011070647749105265,0.013847348019911247,-0.0027767002708059822,7.0,False
39,left,164,663.3235899251576,663.3238881768395,1,0.00029825168189745455,0.045366612628090205,0.0453665484499943,0.04536568178423303,0.00035434399554881203,0.05186089179960376,0.00039482699410178985,0.304831897283452,0.0009886943344386348,0.30481642971028555,0.0009885765851246734,0.011070594535339384,0.014091330455073449,-0.0030207359197340655,7.0,False
39,left,165,663.3238881768395,663.3241864285214,1,0.00029825168189745455,0.04536662497164742,0.045366613463088616,0.04536577602797697,0.000354341593477873,0.051865725100244585,0.00039484985349019547,0.3100391841935217,0.0010065685441223355,0.3100237151788152,0.0010064507879905232,0.011070541283936332,0.014339620219400762,-0.0032690789354644302,7.0,False
39,left,166,663.3241864285214,663.3244846802032,1,0.0002982516817837677,0.045366657757531806,0.045366724103631614,0.04536584980851662,0.0003543794942168554,0.05187042209086738,0.00039492554081964104,0.31533445797438175,0.0010247448014244888,0.31531898755879584,0.0010246270227188482,0.011070488018991447,0.014592296371915066,-0.003521808352923619,7.0,False
39,left,167,663.3244846802032,663.3247829318851,1,0.00029825168189745455,0.03923504298212616,0.03923525962423118,0.039234417136021674,0.00035432373826518296,0.05187533001958891,0.0003949817144684962,0.32071035539002835,0.0010430808628228753,0.3206948835106386,0.0010429630673633044,0.011070434752969623,0.014848738437058109,-0.003778303684088486,7.0,False
39,left,168,663.3247829318851,663.325081183567,1,0.00029825168189745455,0.045366623748286795,0.045365608824606996,0.04536539692133378,0.00035426581968339536,0.051880771468726244,0.0003949527980624878,0.32618593793969264,0.001061873978602737,0.32617046443738157,0.001061756191767533,0.011070381486641703,0.015110417616184294,-0.004040036129542591,7.0,False
39,left,169,663.325081183567,663.3253794352488,1,0.0002982516817837677,0.045366710711713526,0.04536571643018638,0.04536541197882792,0.0003543127176764011,0.05188676587125491,0.0003948580796935327,0.3317540410191025,0.0010809846348318038,0.33173856572895666,0.001080866876246558,0.011070328209902008,0.015376729513875174,-0.004306401303973167,7.0,False
39,left,170,663.3253794352488,663.3256776869307,1,0.00029825168189745455,0.045366751023230074,0.04536580369569579,0.04536546315260152,0.00035427846882586845,0.051893120731297385,0.00039477572753478316,0.3374162278530417,0.001100418196322933,0.3374007506675423,0.0011003004622993121,0.01107027491299448,0.015647759596975855,-0.004577484683981376,7.0,False
39,left,171,663.3256776869307,663.3259759386126,1,0.00029825168189745455,0.04536677675306884,0.04536587043393264,0.045365576541322394,0.0003543478900515992,0.05189963981705395,0.000394783961957282,0.34317408809466793,0.0011201801748998512,0.34315860896484024,0.0011200624384202999,0.011070221594444941,0.015923595158507945,-0.004853373564063005,7.0,False
39,left,172,663.3259759386126,663.3262741902944,1,0.0002982516817837677,0.02366987747625744,0.023669499886319223,0.023669353709696733,0.00035472866559886434,0.05190612769597845,0.0003949603676106609,0.3489975498816253,0.0011397537565523469,0.34898206881678273,0.001139635967459558,0.011070168261277148,0.01620180929692618,-0.0051316410356490325,7.0,False
39,left,173,663.3262741902944,663.3265724419763,1,0.00029825168189745455,0.04536564481595889,0.045365398075553086,0.045366168106360225,0.00035486548279146886,0.051912460893406565,0.0003953332280425334,0.3549510971586999,0.0011601806523823756,0.35493561420496467,0.0011600627520832905,0.011070114929058572,0.01648747827540602,-0.0054173633463474495,7.0,False
39,left,174,663.3265724419763,663.3268706936581,1,0.0002982516817837677,0.045365634087672434,0.045365425492023354,0.04536636377892255,0.0003547747900138379,0.05191882079947578,0.0003957164530109675,0.36100524087672226,0.0011809526773996206,0.36098975602614025,0.0011808346628030895,0.011070061617155217,0.016778223661634176,-0.005708162044478961,7.0,False
39,left,175,663.3268706936581,663.32716894534,1,0.00029825168189745455,0.04536562225262844,0.04536548909501746,0.04536646416164863,0.00035443432193780886,0.05192546933033398,0.000395863970515819,0.36716168093099455,0.0012020755122033485,0.3671461940974712,0.0012019574536094285,0.011070008328248667,0.017074139371744547,-0.006004131043495881,7.0,False
39,left,176,663.32716894534,663.3274671970219,1,0.00029825168189745455,0.04536560923531717,0.04536566621964318,0.04536675072144187,0.00035556645719595154,0.05193266759655507,0.00039553123829311426,0.3734221459909374,0.0012235554605234413,0.37340665701051906,0.0012234375011674664,0.011069955042751305,0.017375322475544346,-0.006305367432793041,7.0,False
39,left,177,663.3274671970219,663.3277654487036,1,0.0002982516817837677,0.037271606798835816,0.03727372279801964,0.03727178636458829,0.00035692010680621686,0.051940669556178445,0.00039449226787123586,0.3797764226274875,0.0012452031292698007,0.3797609312604772,0.0012450854797885465,0.011069901718647808,0.017680917977777155,-0.006611016259129348,7.0,False
39,left,178,663.3277654487036,663.3280637003855,1,0.00029825168189745455,0.04536316898334449,0.04536624911309327,0.045363672260869355,0.00035774074164056455,0.05194932409319287,0.00039277441766508983,0.3862500367761981,0.0012674120096087616,0.3862345428279517,0.0012672948724791757,0.011069848291664354,0.017992913904976624,-0.006923065613312271,7.0,False
39,left,179,663.3280637003855,663.3283619520674,1,0.00029825168189745455,0.045363228593282796,0.045366402441563036,0.04536390055423385,0.0003579103018734489,0.05195783453965004,0.00039076407655851375,0.3928330350729508,0.0012899961184421988,0.39281753858644947,0.0012898795809002292,0.011069794695733617,0.018310476491666228,-0.007240681795932611,7.0,False
39,left,180,663.3283619520674,663.3286602037492,1,0.0002982516817837677,0.0453633343635834,0.04536648783673717,0.045364251023282655,0.00035774872231688357,0.051965348808659245,0.0003888388272112942,0.3995272655128375,0.0013129618107623933,0.3995117667851987,0.0013128458474293237,0.01106974089596618,0.018633709867390554,-0.007563968971424375,7.0,False
39,left,181,663.3286602037492,663.3289584554311,1,0.00029825168189745455,0.03788552465065249,0.037888311857803295,0.03788656691654981,0.00035693846063017566,0.051971017695747204,0.00038732071897313013,0.40632342529990917,0.001336134459092781,0.40630792488150935,0.0013360189485380027,0.011069686891834277,0.018961827730331234,-0.007892140838496958,7.0,False
39,left,182,663.3289584554311,663.329256707113,1,0.00029825168189745455,0.04536219424104356,0.04536358838176027,0.045361114264198255,0.00035554899429491926,0.05197407954414185,0.0003864609247195314,0.4132455972748004,0.0013598793294577725,0.4132300959431992,0.0013597640753380766,0.01106963271740667,0.019296705743762705,-0.008227073026356037,7.0,False
39,left,183,663.329256707113,663.3295549587948,1,0.0002982516817837677,0.04536229562459258,0.04536373690575077,0.04536142383130474,0.00035441569045722955,0.05197476473644138,0.0003862064173845885,0.4202847320458407,0.0013840252600566963,0.4202692305098856,0.001383910081844285,0.011069578438793266,0.019637578980779342,-0.008568000541986079,7.0,False
39,left,184,663.3295549587948,663.3298532104767,1,0.00029825168189745455,0.04536237648716756,0.045364007027601475,0.04536169783867178,0.0003547498040490094,0.05197394394719271,0.00038633935570689637,0.4274428062886125,0.0014085794076927891,0.42742730499745335,0.0014084641898312556,0.011069524121700685,0.019984561199273353,-0.00891503707757267,7.0,False
39,left,185,663.3298532104767,663.3301514621586,1,0.00029825168189745455,0.045362436626355175,0.04536439968497098,0.04536193593194456,0.0003548431813552688,0.0519724956768462,0.0003866552684630093,0.4347218300767777,0.0014335485360743824,0.4347063292175677,0.0014334332239913383,0.01106946981023682,0.02033776719679308,-0.009268297386556263,7.0,False
39,left,186,663.3301514621586,663.3304497138404,1,0.0002982516817837677,0.023054275513844234,0.023054345404373365,0.023054109091293514,0.0003547134356111464,0.051971295571156664,0.00038695141689254925,0.44209000385583896,0.0014583979743784795,0.44207450335456844,0.0014582825739687122,0.011069415526407488,0.020694605333605717,-0.009625189807198231,7.0,False
39,left,187,663.3304497138404,663.3307479655223,1,0.00029825168189745455,0.04536194513622942,0.045361224526124004,0.04536115338380647,0.00035431319326259623,0.05197102858468274,0.00038707090232443847,0.4496165177927774,0.0014842086147233825,0.44960101737113006,0.0014840931786768404,0.01106936126995101,0.021060561605624823,-0.009991200335673816,7.0,False
39,left,188,663.3307479655223,663.3310462172042,1,0.00029825168189745455,0.04536196638362768,0.04536152190950514,0.045361148031217276,0.000354245968735035,0.05197164621789561,0.00038704828719486866,0.45727020720169675,0.0015104553155173685,0.4572547065958393,0.0015103398862158265,0.011069307023283516,0.02143309985586268,-0.010363792832579165,7.0,False
39,left,189,663.3310462172042,663.331344468886,1,0.0002982516817837677,0.04536202405809153,0.04536178359972252,0.04536116357984299,0.00035427931266306123,0.05197292177378555,0.0003869658983926145,0.46505322091580525,0.001537145500222868,0.4650377199295171,0.0015370300954939693,0.011069252771231641,0.021812345014027703,-0.010743092242796064,7.0,False
39,left,190,663.331344468886,663.3316427205679,1,0.00029825168189745455,0.04536220242426359,0.045362009320266655,0.045361200224317645,0.0003542328167207437,0.05197462943774235,0.00038690542752298115,0.47296774415198134,0.0015642866628591517,0.47295224265637364,0.0015641712761657474,0.011069198505913903,0.02219842445072914,-0.011129225944815238,7.0,False
39,left,191,663.3316427205679,663.3319409722496,1,0.0002982516817837677,0.0386179468429497,0.03861695946573017,0.03861687749945986,0.00035429343659721735,0.05197654594575365,0.00038694585095129264,0.4810056076772669,0.001591722205085633,0.48099010561006345,0.0015916068063359173,0.011069144226792105,0.022590633837480084,-0.01152148961068798,7.0,False
39,left,192,663.3319409722496,663.3322392239315,1,0.00029825168189745455,0.045362774003798595,0.04536114919217285,0.04536117557955123,0.0003543515776598719,0.05197854393288348,0.0003870896641204344,0.4891896773149491,0.0016197856340123117,0.4891741746518367,0.0016196701923700328,0.011069089940629757,0.022990758970913773,-0.011921669030284018,7.0,False
39,left,193,663.3322392239315,663.3325374756134,1,0.00029825168189745455,0.045362917401157124,0.04536115101954847,0.04536121872742003,0.00035431186465221295,0.051980636863762614,0.0003872273372763646,0.4975120328740515,0.0016483232356690114,0.49749652958671897,0.0016482077529654821,0.011069035655971083,0.023398116174537978,-0.012329080518566897,7.0,False
39,left,194,663.3325374756134,663.3328357272952,1,0.0002982516817837677,0.04536299321130691,0.04536117376163794,0.04536122628251099,0.00035431211199667833,0.05198284924486267,0.0003872406584794799,0.5059750109563591,0.0016773429982978802,0.5059595070091861,0.0016772275116213238,0.011068981374917516,0.023812843642107673,-0.012743862267190159,7.0,False
39,left,195,663.3328357272952,663.3331339789771,1,0.00029825168189745455,0.03653869177533998,0.03653690748132685,0.03653702966783548,0.00035479563090587955,0.051985205470121504,0.0003870126554311118,0.5145672129844301,0.001706637643850554,0.514551708334503,0.0017065222251762464,0.011068927092396035,0.02423397345654122,-0.013165046364145188,7.0,False
39,left,196,663.3331339789771,663.333432230659,1,0.00029825168189745455,0.04536006519032834,0.04536112136878264,0.0453600677508785,0.0003553257399009413,0.051987715690544015,0.00038644129852102464,0.5233183693893256,0.0017366428573974753,0.5233028639907211,0.001736527609131327,0.011068872796079123,0.02466384712038367,-0.01359497432430455,7.0,False
39,left,197,663.333432230659,663.3337304823408,1,0.0002982516817837677,0.0453602090679761,0.04536119574835,0.045360044445262246,0.00035573252552331273,0.05199024251985925,0.0003855472204685626,0.5322173938562872,0.0017671550937325559,0.5322018877040576,0.0017670401121267342,0.011068818466993549,0.025101523108793787,-0.01403270464180024,7.0,False
39,left,198,663.3337304823408,663.3340287340227,1,0.00029825168189745455,0.045360475444923276,0.04536122249606603,0.0453600200970081,0.0003560120679932175,0.05199256101419139,0.0003844227032145845,0.5412667849249125,0.0017981829089057778,0.5412512780811821,0.0017980682626890748,0.011068764086617663,0.025547151578880586,-0.014478387492262925,7.0,False
39,left,199,663.3340287340227,663.3343269857046,1,0.00029825168189745455,0.04536086519853658,0.04536123963214938,0.04535999467413212,0.0003561650273698851,0.051994445651530725,0.00038315849869067315,0.5504690833765298,0.001829735003699267,0.5504535759707032,0.0018296207345336898,0.011068709641168682,0.026000885852796925,-0.014932176211628245,7.0,False
39,left,200,663.3343269857046,663.3346252373864,1,0.0002982516817837677,0.02439903543802675,0.024399841058805213,0.024398978060643506,0.0003561937853872509,0.05199567156408461,0.00038184053539366337,0.5597935763894729,0.0018613062711265995,0.5597780686180218,0.0018611923950458357,0.011068655121716488,0.026460190686508338,-0.015391535564791852,7.0,False
39,left,201,663.3346252373864,663.3349234890683,1,0.00029825168189745455,0.04535766022437673,0.045360059893199356,0.04535747832954485,0.00035614096282307335,0.05199604964330561,0.0003805497162687344,0.5693089174218945,0.0018939248983378203,0.5692934095376747,0.001893811407245988,0.011068600524241353,0.026930557732657533,-0.015861957208416183,7.0,False
39,left,202,663.3349234890683,663.3352217407502,1,0.00029825168189745455,0.04535795147218733,0.045360036248310615,0.0453575132195461,0.00035597694734930245,0.05199551595877868,0.00037936455575217993,0.578985038795622,0.0019270946637572376,0.5789695310705746,0.0019269815261415228,0.011068545849563911,0.02740950922364059,-0.016340963374076683,7.0,False
39,left,203,663.3352217407502,663.335519992432,1,0.0002982516817837677,0.04535820672870188,0.04536001149514464,0.04535759503717751,0.00035568704344451127,0.05199403464621534,0.00037835811568170583,0.5888246571955471,0.0019608248645586156,0.5888091499123095,0.0019607120271153875,0.011068491102979533,0.02789721186632294,-0.01682872076334341,7.0,False
39,left,204,663.335519992432,663.3358182441139,1,0.00029825168189745455,0.04535842581660346,0.04535998569370433,0.045357724200935076,0.00035527122770924354,0.0519915699363907,0.0003775983332392642,0.5988305352208916,0.0019951249535036897,0.5988150286727519,0.0019950123426668103,0.011068436294216628,0.02839383592154621,-0.017325399627329586,7.0,False
39,left,205,663.3358182441139,663.3361164957957,1,0.00029825168189745455,0.03996076946174145,0.03996064231234939,0.03995981254943832,0.00035473511093785494,0.05198809009627915,0.00037714872468472217,0.6089967456863657,0.002029871618834072,0.6089812401760943,0.0020297591420937,0.011068381437493426,0.028898846047251202,-0.01783046460975778,7.0,False
39,left,206,663.3361164957957,663.3364147474775,1,0.0002982516817837677,0.04535754236714942,0.04535748505213403,0.04535651632805375,0.00035424713723203116,0.051983729422062544,0.00037699866897259116,0.6193434676946274,0.0020653382176064453,0.6193279634849405,0.002065225785620485,0.011068326551472161,0.029413824496367556,-0.018345497944895397,7.0,False
39,left,207,663.3364147474775,663.3367129991594,1,0.00029825168189745455,0.045357537777189545,0.045357535990845764,0.04535659331917475,0.000354288303606706,0.05197884839973723,0.00037703987329400457,0.6298650179393096,0.0021014041667676187,0.6298495151853898,0.002101291722492357,0.011068271655004496,0.029938257524907183,-0.01886998586990269,7.0,False
39,left,208,663.3367129991594,663.3370112508413,1,0.00029825168189745455,0.045357554215928256,0.045357634051181143,0.04535664932135795,0.0003543201492160448,0.05197382266716003,0.00037716040380489986,0.6405643506882901,0.0021380795571788735,0.6405488494333035,0.0021379670769551846,0.011068216761233679,0.03047233045614999,-0.019404113694916316,7.0,False
39,left,209,663.3370112508413,663.3373095025231,1,0.0002982516817837677,0.03518754352560146,0.035187763999000185,0.035186920207324224,0.00035424677714692,0.051969026915500566,0.00037724953694705043,0.6514277502668151,0.0021751233265280483,0.6514122504421753,0.0021750108197202923,0.011068161877105251,0.03101487034342401,-0.019946708466318765,7.0,False
39,left,210,663.3373095025231,663.337607754205,1,0.00029825168189745455,0.04535749078783024,0.04535645444815413,0.0453561453352177,0.00035420626615134324,0.051964797721844404,0.0003772109086341616,0.6624914274672288,0.002213044244917893,0.6624759289039474,0.002212931749631054,0.01106810700327806,0.03156876842747167,-0.020500661424193618,7.0,False
39,left,211,663.337607754205,663.3379060058868,1,0.0002982516817837677,0.0453575570887302,0.04535654510304042,0.045356144077238036,0.00035424349793479297,0.05196112075030375,0.00037708180149023483,0.6737420478379795,0.0022516058976267623,0.673726550371367,0.002251493440846389,0.011068052134699595,0.03213288636313898,-0.021064834228439386,7.0,False
39,left,212,663.3379060058868,663.3382042575687,1,0.00029825168189745455,0.045357575687686676,0.04535661493181144,0.04535617956936627,0.0003542003964392506,0.05195778834041245,0.0003769724646761736,0.6851827700827896,0.0022908191205754103,0.685167273610068,0.002290706696404883,0.011067997266672376,0.032707426182627626,-0.021639428915955255,7.0,False
39,left,213,663.3382042575687,663.3385025092506,1,0.00029825168189745455,0.045357586754944966,0.04535666370440587,0.04535629355096158,0.0003543102750502656,0.051954591360071425,0.00037699259968654563,0.6968168062949093,0.0023306950038528063,0.6968013107756925,0.002330582573676978,0.011067942398283657,0.033292594531080966,-0.022224652132797312,7.0,False
39,left,214,663.3385025092506,663.3388007609324,1,0.0002982516817837677,0.025744354697052326,0.025744246979058482,0.025744365859531857,0.00035470093966193653,0.05195132109192953,0.00037725119115573214,0.708614498177885,0.002370757921975163,0.708599003634037,0.0023706454146740375,0.01106788753250214,0.03388590739528199,-0.022818019862779853,7.0,False
39,left,215,663.3388007609324,663.3390990126143,1,0.00029825168189745455,0.04535639093366949,0.04535614076429149,0.04535686129203606,0.0003548060271357279,0.05194786819724666,0.00037776903923921764,0.7206444588552321,0.002411984833366018,0.7206289653412099,0.0024118721716157874,0.011067832676260287,0.03449291779344536,-0.02342508511718508,7.0,False
39,left,216,663.3390990126143,663.3393972642962,1,0.00029825168189745455,0.045356359745778334,0.045356152127408615,0.04535702960771771,0.000354690663825051,0.05194444606770005,0.0003782739821247863,0.7328776898477325,0.0024539083195412852,0.7328621973543663,0.0024537955071909897,0.011067777837867438,0.03511120216893287,-0.024043424331065436,7.0,False
39,left,217,663.3393972642962,663.339695515978,1,0.0002982516817837677,0.04535632748465739,0.0453562002180765,0.04535710474389225,0.00035445510039648956,0.05194133339244504,0.00037843090323633443,0.7453176259577265,0.0024965400118467282,0.745302134392727,0.00249642715269449,0.011067723018350673,0.03574098530275411,-0.02467326228440344,7.0,False
39,left,218,663.339695515978,663.3399937676598,1,0.00029825168189745455,0.0453562942287433,0.04535638279434749,0.0453574109870473,0.00035565637136446146,0.05193880815527413,0.00037790741533790857,0.7579677601267581,0.002539892216520657,0.7579522693149089,0.0025397795134995227,0.011067668209515364,0.036382498290662806,-0.025314830081147443,7.0,False
39,left,219,663.3399937676598,663.3402920193417,1,0.00029825168189745455,0.04130412702079088,0.0413067147622423,0.041304258089692625,0.00035702424553049513,0.05193713401873763,0.00037640053935887916,0.7708246907641249,0.0025838759468373813,0.7708092004515895,0.002583763693244542,0.01106761339373379,0.03703540403751467,-0.025967790643780884,7.0,False
39,left,220,663.3402920193417,663.3405902710235,1,0.0002982516817837677,0.045353782240375104,0.04535693318258494,0.04535422431539801,0.0003578073406286117,0.05193607487591953,0.0003739966361795336,0.7839058169750394,0.002628703917399565,0.7838903269784012,0.002628592380774935,0.011067558544001311,0.03770107553886374,-0.02663351699486243,7.0,False
39,left,221,663.3405902710235,663.3408885227054,1,0.00029825168189745455,0.045353827244803545,0.04535705833467788,0.04535444268522809,0.0003579480418914772,0.051934765454942126,0.0003712267359301757,0.7972079753111029,0.0026742892830027044,0.7971924857049958,0.00267417857250544,0.011067503633725943,0.03837919757030376,-0.02731169393657782,7.0,False
39,left,222,663.3408885227054,663.3411867743873,1,0.00029825168189745455,0.04535391938592812,0.045357117406825985,0.04535478538589029,0.000357725575045419,0.0519323022372476,0.00036859986703481607,0.8107349002914359,0.002720644886404545,0.8107194114199877,0.0027205349593753467,0.011067448649370072,0.03907002159881152,-0.02800257294944145,7.0,False
39,left,223,663.3411867743873,663.3414850260691,1,0.0002982516817837677,0.033838759691767605,0.03384126861540418,0.033839690985242143,0.00035683369866377644,0.05192778406231695,0.00036655888911297385,0.8244702485525006,0.002767494986244194,0.8244547610286116,0.002767385667940135,0.011067393591567004,0.039772139623599205,-0.028704746032032203,7.0,False
39,left,224,663.3414850260691,663.341783277751,1,0.00029825168189745455,0.045352728013850166,0.04535414814739654,0.04535157713900553,0.00035539245236974334,0.05192044305543519,0.00036544299307914035,0.8384578197041048,0.0028154251617683946,0.8384423343696775,0.002815316176282163,0.011067338475451835,0.040489110232399185,-0.029421771756947355,7.0,False
39,left,225,663.341783277751,663.3420815294329,1,0.00029825168189745455,0.04535281143896392,0.04535428534140288,0.045351869572311805,0.00035426685479035395,0.05191063626930756,0.0003651441142625394,0.8526817386528467,0.0028641651264407954,0.8526662562433099,0.0028640562300956737,0.011067283329274894,0.041219570454149854,-0.03015228712487496,7.0,False
39,left,226,663.3420815294329,663.3423797811147,1,0.0002982516817837677,0.045352874004791786,0.04535454625814373,0.04535212580076637,0.0003547171373484517,0.051899291311744505,0.0003653621953140636,0.867145999372684,0.002913728951446501,0.8671305203468059,0.002913619990058381,0.01106722818001455,0.04196379626423561,-0.030896568084221063,7.0,False
39,left,227,663.3423797811147,663.3426780327966,1,0.00029825168189745455,0.04535291562753158,0.045354931851165584,0.04535234560344169,0.00035479380418011616,0.05188733787899889,0.0003658132837636419,0.881854663351251,0.0029641303594462863,0.8818391878904983,0.002964021263520236,0.01106717304584132,0.042722068188690336,-0.03165489514284902,7.0,False
39,left,228,663.3426780327966,663.3429762844784,1,0.0002982516817837677,0.02708840957136028,0.027088289874925963,0.027088049961387944,0.0003546223899115768,0.051875702951481494,0.00036621450700598306,0.8967791120221893,0.003014922694091826,0.8967636400315793,0.00301481347850031,0.011067117935856187,0.043491950113659215,-0.03242483217780304,7.0,False
39,left,229,663.3429762844784,663.3432745361603,1,0.00029825168189745455,0.04535237931094876,0.04535168157084097,0.04535149989690373,0.0003542150370076896,0.05186505566680589,0.00036636619680336746,0.9119884847495651,0.0030670336583337164,0.9119730159345197,0.003066924397500422,0.011067062849873764,0.04427912664668358,-0.03321206379680982,7.0,False
39,left,230,663.3432745361603,663.3435727878422,1,0.00029825168189745455,0.045352384352908386,0.04535196162965612,0.04535147754302749,0.00035418271898513107,0.05185529957776109,0.0003663296176726905,0.927454851378872,0.0031200250799243434,0.9274393854735967,0.003119915830000836,0.011067007780891376,0.045081229774936185,-0.034014221994044816,7.0,False
39,left,231,663.3435727878422,663.343871039524,1,0.0002982516817837677,0.04535242634900051,0.04535220533705291,0.0453514762930127,0.0003542104885297628,0.051846196401530646,0.0003662158080536263,0.9431825543257718,0.003173911887863522,0.9431670911355401,0.0031738026718839663,0.011066952722983737,0.04589856726032893,-0.0348316145373452,7.0,False
39,left,232,663.343871039524,663.3441692912058,1,0.00029825168189745455,0.04535260821268975,0.04535241257353814,0.04535149627111404,0.00035415015869611307,0.05183750840909052,0.00036613487583593595,0.9591760094947129,0.003228709218246022,0.9591605488956836,0.003228600026404595,0.011066897672838078,0.04673145382874329,-0.03566455615590522,7.0,False
39,left,233,663.3441692912058,663.3444675428877,1,0.00029825168189745455,0.04265002051114333,0.04264881909914079,0.042648663798861106,0.00035423140396101117,0.05182900247756387,0.00036619176469711285,0.9754347316009014,0.0032843639135298635,0.9754192735387806,0.003284254704721238,0.011066842629836454,0.04757979526032689,-0.036512952630490446,7.0,False
39,left,234,663.3444675428877,663.3447657945695,1,0.0002982516817837677,0.045353140417239,0.04535148986662853,0.04535143941509571,0.0003542767324857234,0.05182056147971041,0.0003663760813328769,0.9919731532021437,0.0033410276637939077,0.9919576976575706,0.0033409184000125773,0.011066787596069655,0.04844474522951211,-0.03737795763344246,7.0,False
39,left,235,663.3447657945695,663.3450640462514,1,0.00029825168189745455,0.04535325409955528,0.04535147474258907,0.0453514603523794,0.0003542267460183074,0.05181220304319925,0.00036654356778571215,1.008791025572419,0.003398648844410981,1.008775572520758,0.0033985395306764927,0.011066732574511535,0.04932623255784003,-0.0382594999833285,7.0,False
39,left,236,663.3450640462514,663.3453622979333,1,0.00029825168189745455,0.04535330674824736,0.04535148076932066,0.04535144694212046,0.00035427430466010017,0.05180395223085127,0.00036654288289559775,1.0258930706106235,0.0034572436167978754,1.0258776200197808,0.003457134303267657,0.011066677566797621,0.050224602132675,-0.03915792456587739,7.0,False
39,left,237,663.3453622979333,663.3456605496151,1,0.0002982516817837677,0.0324924281465161,0.0324908225784221,0.03249089045656555,0.00035477854659583704,0.05179583369352187,0.00036622425652627327,1.0432598891031992,0.003516500277573164,1.04324444093373,0.0035163910590738376,0.011066622572991016,0.051138170612320004,-0.040071548039329,7.0,False
39,left,238,663.3456605496151,663.345958801297,1,0.00029825168189745455,0.045350338366654586,0.04535139973337192,0.0453502515892442,0.0003553058797008309,0.05178785107067753,0.00036546331095518695,1.06094435384287,0.0035770864590096135,1.0609289080542255,0.0035769774674635417,0.011066567591495645,0.05207133043136384,-0.0410047628398682,7.0,False
39,left,239,663.345958801297,663.3462570529789,1,0.00029825168189745455,0.04535046939435987,0.04535145201046602,0.045350208246123826,0.0003557060197251069,0.05177984641614738,0.00036430160483763867,1.0789276342540297,0.0036386963690565642,1.078912190852787,0.003638587723991296,0.011066512619171173,0.053022455660779046,-0.04195594304160788,7.0,False
39,left,240,663.3462570529789,663.3465553046607,1,0.0002982516817837677,0.045350723664212,0.04535145645418274,0.04535016391132324,0.0003559772074998371,0.051771586642250726,0.0003628567079425885,1.0972147794709655,0.0037013473017522796,1.0971993385332202,0.003701239087629982,0.011066457652934182,0.05399192472751787,-0.042925467074583695,7.0,False
39,left,241,663.3465553046607,663.3468535563426,1,0.00029825168189745455,0.04535110208419544,0.045351457615220844,0.04535011866334968,0.000356120158621918,0.051762839027310464,0.00036124346465813713,1.1158109240177312,0.0037650568433746337,1.115795485688971,0.0037649491104048177,0.011066402690581784,0.05498012501165984,-0.04391372232107806,7.0,False
39,left,242,663.3468535563426,663.3471518080245,1,0.00029825168189745455,0.02843207908071417,0.028433320875363592,0.028431981489414393,0.0003561432193977448,0.051753371567325984,0.00035957074749374336,1.1346885135546088,0.0038294078572722046,1.1346730780495342,0.0038293006231930964,0.011066347730856173,0.05598467438092064,-0.044918326650064476,7.0,False
39,left,243,663.3471518080245,663.3474500597063,1,0.0002982516817837677,0.045347858235539704,0.04535023680023104,0.04534757576189654,0.00035607799737758384,0.051742998833038185,0.00035794129374833736,1.1539178495730478,0.0038952811811929183,1.1539024171616645,0.003895174433101171,0.011066292773517818,0.05701147823199842,-0.04594518545848061,7.0,False
39,left,244,663.3474500597063,663.3477483113882,1,0.00029825168189745455,0.0453481289387367,0.045350193151682004,0.04534759512460001,0.000355900342040558,0.051731661463103595,0.000356453922779423,1.1734721050186963,0.003962267560402047,1.1734566759886966,0.003962161255921152,0.011066237819254792,0.05805823022344518,-0.04699199240419039,7.0,False
39,left,245,663.3477483113882,663.34804656307,1,0.00029825168189745455,0.04534836352544981,0.04535014851574808,0.045347661520666424,0.0003555956503177169,0.05171932164994014,0.0003552004597821836,1.193356770072326,0.004030385792286683,1.1933413447226966,0.004030279861653235,0.011066182869299028,0.059125355932478973,-0.04805917306317995,7.0,False
39,left,246,663.34804656307,663.3483448147518,1,0.0002982516817837677,0.045348561712295204,0.045350102904903655,0.04534777520244437,0.00035516383926003747,0.051705941655115564,0.0003542666374539963,1.2135774276791007,0.0040996549900067705,1.2135620063200832,0.004099549337887443,0.011066127925415874,0.060213291142983696,-0.049147163217567826,7.0,False
39,left,247,663.3483448147518,663.3486430664337,1,0.00029825168189745455,0.04399177783650641,0.043991623284962506,0.04399060655833044,0.0003546155718635903,0.05169149126014891,0.00035373112927607626,1.2341370430779492,0.004170059394638177,1.2341216260287806,0.004169953902235023,0.011066072989982275,0.061322250336265774,-0.05025617734628351,7.0,False
39,left,248,663.3486430664337,663.3489413181155,1,0.0002982516817837677,0.04534762604895575,0.04534757713353541,0.04534653512546622,0.0003541386022610527,0.05167613779589584,0.00035356611956151253,1.255046764162498,0.004241688541799763,1.2550313516925318,0.004241583098611074,0.01106601806603536,0.06245314904192937,-0.051387130975894015,7.0,False
39,left,249,663.3489413181155,663.3492395697974,1,0.00029825168189745455,0.04534760464440372,0.04534761258672979,0.04534659250204024,0.00035422162359559546,0.05166026123826587,0.0003536328777851684,1.2763097983994947,0.0043145281093220295,1.2762943906647326,0.004314422646222549,0.011065963156778507,0.06360622910847932,-0.052540265951700825,7.0,False
39,left,250,663.3492395697974,663.3495378214793,1,0.00029825168189745455,0.04534760419947772,0.04534769518233835,0.04534662905699539,0.0003542459922442892,0.0516442512883213,0.0003537911045006667,1.297932115988365,0.0043885984899564665,1.2979167130285973,0.004388492979665602,0.011065908264971894,0.06478196985704464,-0.053716061592072754,7.0,False
39,left,251,663.3495378214793,663.3498360731611,1,0.0002982516817837677,0.03114229550347322,0.031142527874818655,0.031141724696846625,0.0003541565011539577,0.051628496786005965,0.0003539017512678138,1.3198906730614552,0.00446354967963756,1.3198752748005005,0.004463444136346151,0.011065853392804718,0.06597835689306354,-0.05491250350025883,7.0,False
39,left,252,663.3498360731611,663.350134324843,1,0.00029825168189745455,0.04534751295812981,0.04534648616653077,0.0453460888841865,0.0003541357952477528,0.05161333130227756,0.00035385063621938643,1.342249379549332,0.004540137971486931,1.3422339858115024,0.004540032443440631,0.01106579854178537,0.06720085075785927,-0.05613505221607391,7.0,False
39,left,253,663.350134324843,663.3504325765249,1,0.00029825168189745455,0.045347556565243946,0.045346557172478694,0.045346071406227005,0.0003541661320056852,0.051598704623374105,0.0003536974642092954,1.3649858835055546,0.004618020361877723,1.3649704941301564,0.004617914879515233,0.011065743712633464,0.06844751362245585,-0.0573817699098224,7.0,False
39,left,254,663.3504325765249,663.3507308282067,1,0.0002982516817837677,0.04534755277884726,0.045346607385003776,0.045346090080681155,0.00035411111433556976,0.05158440135619562,0.00035357605266053775,1.3881065685307419,0.004697218732435626,1.388091183421323,0.004697113286284375,0.011065688905124731,0.06971887361116721,-0.05865318470604249,7.0,False
39,left,255,663.3507308282067,663.3510290798886,1,0.00029825168189745455,0.04534754711465774,0.0453466367607703,0.045346203077970874,0.0003542613000349233,0.051570205846488214,0.00035361883161469707,1.4116179261563202,0.004777755423098748,1.4116025452807301,0.004777649964188562,0.011065634118091614,0.07101547217020052,-0.05994983805210891,7.0,False
39,right,0,663.4270832587622,663.4273815104441,-1,0.00029825168189745455,0.04530433750577104,0.045303131837645484,0.04530405586871849,0.00035445172661355967,0.0432605520907945,0.00025493602639980345,0.01657323064908709,1.911364695305526e-06,0.016560328141709185,1.8353380977539869e-06,0.011054745090726441,0.0006430610987636046,0.010411683991962834,7.0,True
39,right,1,663.4267850070804,663.4270832587622,-1,0.0002982516817837677,0.045303879489447293,0.045302997428732776,0.0453033120203488,0.00035389274419072046,0.04325993934059899,0.0002548973037997426,0.016909865340187964,3.110672375779259e-06,0.016896963015568752,3.03465732733731e-06,0.011054768252332488,0.0006585331825709194,0.010396235069761567,7.0,True
39,right,2,663.4264867553985,663.4267850070804,-1,0.00029825168189745455,0.0453034212436259,0.04530284216795274,0.04530297287273697,0.00035417418157111276,0.04325985213574183,0.00025502918230603197,0.017252187991023748,4.330376352457464e-06,0.01723928569240861,4.254321971000246e-06,0.011054791551150274,0.0006742677933434524,0.01038052375780682,7.0,True
39,right,3,663.4261885037166,663.4264867553985,-1,0.00029825168189745455,0.04530296267751299,0.04530266215542692,0.045302771786154536,0.00035419734976471583,0.04326034858144136,0.00025522743289395946,0.01760029471356517,5.570712649829866e-06,0.01758739226688427,5.494599139801376e-06,0.01105481487274604,0.0006902691704442921,0.010364545702301746,7.0,True
39,right,4,663.4258902520348,663.4261885037166,-1,0.0002982516817837677,0.03664608409406342,0.0366463270266432,0.036646784882310976,0.00035400954143377164,0.04326148311557933,0.00025538180047363616,0.017943375448512502,6.6294267043876555e-06,0.017930472663459797,6.553267153997948e-06,0.011054838171702846,0.0007057002686695464,0.010349137903033297,7.0,True
39,right,5,663.4255920003529,663.4258902520348,-1,0.00029825168189745455,0.0453021187211009,0.0453024731221004,0.04530308775681849,0.000353744083908896,0.04326328404020388,0.0002554287316103782,0.018303161052952016,7.908428724550953e-06,0.01829025773076559,7.832255176841761e-06,0.01105486147154289,0.0007222340934251736,0.010332627378117715,7.0,True
39,right,6,663.425293748671,663.4255920003529,-1,0.00029825168189745455,0.04530185739549544,0.0453023228197714,0.04530294693963599,0.0003537711240330188,0.043265741841957,0.000255406860792425,0.018669025968269765,9.209026273099242e-06,0.018656121913039832,9.132859248398307e-06,0.01105488483179789,0.0007390482019425865,0.010315836629855302,7.0,True
39,right,7,663.4249954969893,663.425293748671,-1,0.0002982516817837677,0.045301690819416304,0.04530218613819568,0.0453027831560888,0.00035378152707038273,0.043268845963102265,0.0002553673157154841,0.01904107298270946,1.0531594606533474e-05,0.019028168001675096,1.0455439376247295e-05,0.011054908293103322,0.0007561473861249144,0.010298760906978406,7.0,True
39,right,8,663.4246972453074,663.4249954969893,-1,0.00029825168189745455,0.03840972315767709,0.03841024400013598,0.038410696860515854,0.0003537187766734216,0.04327258869143274,0.0002553592763136505,0.019410716046876393,1.1715241775209315e-05,0.019397809949562084,1.1639088942659239e-05,0.011054931871911323,0.0007728660299412851,0.010282065841970037,7.0,True
39,right,9,663.4243989936256,663.4246972453074,-1,0.0002982516817837677,0.04530174034964712,0.04530258274123802,0.04530257920254462,0.00035379633534220883,0.04327696862920695,0.000255423652367745,0.019795296219606,1.308019650123997e-05,0.0197823888159728,1.3004024468452542e-05,0.011054955560358211,0.0007905387236683839,0.010264416836689825,7.0,True
39,right,10,663.4241007419437,663.4243989936256,-1,0.00029825168189745455,0.04530158689593388,0.04530224699734496,0.04530242000447735,0.0003538155966545242,0.04328202541276867,0.00025553285087053434,0.02018637462013487,1.4468228840868109e-05,0.020173465708302543,1.439202423941454e-05,0.011054979328554586,0.0008085111376169398,0.010246468190937644,7.0,True
39,right,11,663.4238024902618,663.4241007419437,-1,0.00029825168189745455,0.04530141990494826,0.0453018814893673,0.04530227438990595,0.00035375801089110813,0.04328782039545564,0.0002556133469499186,0.020584061041553123,1.587968294669886e-05,0.020571150401357464,1.5803454337154244e-05,0.011055003154182346,0.0008267882774430865,0.010228214876739259,7.0,True
39,right,12,663.42350423858,663.4238024902618,-1,0.0002982516817837677,0.04530123935289796,0.045301486120155485,0.04530214239841869,0.0003538654722789398,0.043294408351472725,0.00025559063104086565,0.020988467129875947,1.7314981851586363e-05,0.020975554524816243,1.7238760017128902e-05,0.01105502704246506,0.0008453753862939047,0.010209651656171152,7.0,True
39,right,13,663.4232059868981,663.42350423858,-1,0.00029825168189745455,0.022868001614523202,0.022867946151060026,0.022868780686721598,0.00035422450887648646,0.04330183650770215,0.0002553947969868162,0.021371391830787165,1.8249602497381322e-05,0.021358477010262448,1.8173439070730813e-05,0.011055051026705644,0.0008620930789003782,0.010192957947805264,7.0,True
39,right,14,663.4229077352162,663.4232059868981,-1,0.00029825168189745455,0.04530144507231831,0.04530065366808286,0.04530247087054483,0.0003545569637794926,0.043310138057980035,0.0002549908246574701,0.02178910173446576,1.9725034727330578e-05,0.021776184437989708,1.964899178610675e-05,0.01105507516844649,0.0008812790836762225,0.010173796084770266,7.0,True
39,right,15,663.4226094835344,663.4229077352162,-1,0.0002982516817837677,0.045301262837778584,0.045300218606813616,0.045302124888488025,0.0003548037234050276,0.04331931625787589,0.00025444000597871534,0.022213869643900985,2.1225418855075845e-05,0.0222009496100163,2.114954019647832e-05,0.01105509954979664,0.0009007905802058362,0.0101543089695908,7.0,True
39,right,16,663.4223112318525,663.4226094835344,-1,0.00029825168189745455,0.045301102954285036,0.045299783444089435,0.04530174914651593,0.00035496503832941657,0.04332936726115649,0.0002538248662357734,0.022645814832495212,2.275117526298214e-05,0.022632891800876964,2.2675480070818638e-05,0.011055124241780349,0.0009206331087818926,0.010134491132998455,7.0,True
39,right,17,663.4220129801706,663.4223112318525,-1,0.00029825168189745455,0.04530096550358838,0.045299348162257516,0.04530134358275955,0.0003550411037910516,0.043340286928705285,0.0002532177552145236,0.023085058588576384,2.4302728406136455e-05,0.02307213230014892,2.422721428585615e-05,0.011055149296215936,0.0009408122985652655,0.010114336997650668,7.0,True
39,right,18,663.4217147284888,663.4220129801706,-1,0.0002982516817837677,0.03799085035304871,0.037987873885032684,0.03798969781026735,0.00035504829348139116,0.04335207057743503,0.00025267319914359655,0.02352248752861185,2.570938153135752e-05,0.023509557725696257,2.5634029825869993e-05,0.01105517474561062,0.0009606209992669905,0.010094553746343627,7.0,True
39,right,19,663.4214164768069,663.4217147284888,-1,0.00029825168189745455,0.04530193921322011,0.045298546709202,0.04530050437418986,0.0003549960366939163,0.043364694706023485,0.00025222752683676984,0.02397654522734907,2.7310936282668364e-05,0.02396361165926096,2.7235717499667206e-05,0.011055200603037876,0.0009814786732302253,0.010073721929807648,7.0,True
39,right,20,663.421118225125,663.4214164768069,-1,0.00029825168189745455,0.045301177968360605,0.04529829852489316,0.04530006930251209,0.00035485841045784864,0.043378109643289774,0.0002518993554362694,0.024438274832932785,2.8939538776068727e-05,0.02442533726381707,2.8864417870739733e-05,0.011055226862189491,0.0010026902269362119,0.010052536635253278,7.0,True
39,right,21,663.4208199734433,663.421118225125,-1,0.0002982516817837677,0.04530034084859296,0.045298135707158196,0.045299634052838385,0.0003546354348799008,0.04339226778285732,0.0002516871608943125,0.02490780596966352,3.0595620688722656e-05,0.024894864177863796,3.052056307080132e-05,0.011055253497484556,0.0010242616376144984,0.010030991859870057,7.0,True
39,right,22,663.4205217217614,663.4208199734433,-1,0.00029825168189745455,0.037062878312850704,0.0370615934628013,0.03706266115418819,0.00035432669481717474,0.04340712626976482,0.00025157477680018365,0.02537485451731553,3.208679675892266e-05,0.025361908293942154,3.2011772659717805e-05,0.011055280463983099,0.001045394991048581,0.010009885472934516,7.0,True
39,right,23,663.4202234700795,663.4205217217614,-1,0.00029825168189745455,0.04529851919413105,0.04529816267100676,0.045298786508639895,0.0003539548524787149,0.04342265072675422,0.00025153955154873003,0.02586021050582564,3.379589626921921e-05,0.025847259652256854,3.372088267600486e-05,0.011055307697267569,0.001067690751313686,0.00998761694595388,7.0,True
39,right,24,663.4199252183977,663.4202234700795,-1,0.0002982516817837677,0.045297779138596846,0.04529801066685214,0.04529843749791465,0.00035368263240504377,0.04343884937866435,0.00025154904222976363,0.026353767288598638,3.553379995764039e-05,0.02634081160375961,3.545878353384307e-05,0.011055335115818382,0.0010903647766762963,0.009964970339142084,7.0,True
39,right,25,663.4196269667158,663.4199252183977,-1,0.00029825168189745455,0.04529736709430962,0.045297846550113624,0.045298239288539724,0.00035377793178315627,0.04345575429211161,0.00025157592361271997,0.026855663645094997,3.7301099337711994e-05,0.026842702918332163,3.722607489646841e-05,0.011055362648320589,0.0011134237438952005,0.009941938904425386,7.0,True
39,right,26,663.4193287150339,663.4196269667158,-1,0.00029825168189745455,0.04529715538743911,0.0452976699290609,0.045298086670882955,0.00035378302107995667,0.04347339655166589,0.0002516009952655792,0.02736604061830613,3.909825831892924e-05,0.027353074629709703,3.9023226400023026e-05,0.011055390250688918,0.0011368741542296143,0.009918516096459301,7.0,True
39,right,27,663.4190304633521,663.4193287150339,-1,0.0002982516817837677,0.02379043281010417,0.023790965368348724,0.023791084678728137,0.0003537009580257434,0.0434918059128961,0.0002516056003345749,0.027857811885312028,4.0422160658776945e-05,0.027844840406097592,4.034712736642977e-05,0.011055417906494763,0.001158620346122362,0.009896797560372398,7.0,True
39,right,28,663.4187322116702,663.4190304633521,-1,0.00029825168189745455,0.04529739367298578,0.045297835332355915,0.0452981117410138,0.0003537179875998847,0.043511003672161555,0.00025157991693654615,0.028385123076930755,4.2272024055005185e-05,0.02837214587194738,4.219699842274608e-05,0.011055445627123291,0.0011828379146969425,0.009872607712426347,7.0,True
39,right,29,663.4184339599884,663.4187322116702,-1,0.0002982516817837677,0.04529725933884118,0.0452976587236126,0.04529795574165873,0.0003537257910118634,0.04353098625696325,0.00025154804958833055,0.028921344388648695,4.4153141614413896e-05,0.02890836122383074,4.40781254866736e-05,0.011055473442919916,0.0012074666858172271,0.009848006757102687,7.0,True
39,right,30,663.4181357083065,663.4184339599884,-1,0.00029825168189745455,0.04529710694264326,0.045297502618486384,0.04529778735061205,0.00035367283546711636,0.04355174995658247,0.0002515399859625297,0.029466626377785736,4.606603221026199e-05,0.02945363702015449,4.5991018487483057e-05,0.011055501369798637,0.001232513656359308,0.009822987713439327,7.0,True
39,right,31,663.4178374566246,663.4181357083065,-1,0.00029825168189745455,0.04529693291802537,0.04529736701860219,0.04529760643506196,0.00035382169132365326,0.04357329774775764,0.00025158274600164585,0.03002112214480147,4.8011302214867015e-05,0.03000812636050526,4.7936275738834506e-05,0.011055529401389892,0.001257986108431684,0.009797543292958205,7.0,True
39,right,32,663.4175392049428,663.4178374566246,-1,0.0002982516817837677,0.039331064164107324,0.03933246971771347,0.03933200859298449,0.00035404453337468863,0.04359563953036685,0.0002517035831420378,0.030577424911895627,4.9849820098287263e-05,0.03056442246413013,4.977475758240303e-05,0.011055557508895583,0.0012833073757202633,0.009772250133175318,7.0,True
39,right,33,663.417240953261,663.4175392049428,-1,0.00029825168189745455,0.0452967354759025,0.0452982229126491,0.045297772405446954,0.0003540698352306097,0.04361878777303523,0.0002518849230883392,0.03115069096309278,5.185915490671757e-05,0.031137681611320016,5.1784038305860746e-05,0.011055585641657033,0.00130964280506418,0.009745942836592851,7.0,True
39,right,34,663.416942701579,663.417240953261,-1,0.00029825168189745455,0.04529658864999168,0.045297513332433856,0.0452976028576993,0.00035391921550618897,0.04364273588958608,0.0002520292464810998,0.03173364330327079,5.3902374710727006e-05,0.03172062680893198,5.382721506517557e-05,0.011055613760080912,0.0013364254391515875,0.009719188320929323,7.0,True
39,right,35,663.4166444498973,663.416942701579,-1,0.0002982516817837677,0.04529645501548289,0.045296734328350866,0.04529745374569604,0.00035402774361993703,0.043667448482595794,0.0002520199997036508,0.03232644555613304,5.598009474579035e-05,0.03231342169122675,5.590493785813451e-05,0.011055641882410221,0.0013636630020607027,0.009691978880349516,7.0,True
39,right,36,663.4163461982154,663.4166444498973,-1,0.00029825168189745455,0.03571531484335599,0.035714938335371836,0.03571630534337141,0.0003548358316741586,0.043692861034909145,0.00025175887439580976,0.03291710414677568,5.786863529261537e-05,0.03290407270252795,5.779355628599313e-05,0.011055670088623518,0.0013904244109888806,0.009665245677634635,7.0,True
39,right,37,663.4160479465335,663.4163461982154,-1,0.00029825168189745455,0.04529675245110077,0.04529600983921908,0.045298651223619625,0.000355584432995109,0.04371888562650777,0.00025124928398655654,0.033529903692831486,6.0013700083629966e-05,0.03351686448670555,5.9938773063204374e-05,0.01105569852081924,0.001418580058769651,0.009637118462049586,7.0,True
39,right,38,663.4157496948517,663.4160479465335,-1,0.0002982516817837677,0.045296446039273845,0.045295728093669795,0.04529798717981013,0.0003559330036493809,0.04374547118143903,0.00025073872510331693,0.03415305762520785,6.21951048713602e-05,0.0341400104899004,6.212033012600875e-05,0.011055727374144913,0.001447214337337628,0.009608513036807284,7.0,True
39,right,39,663.4154514431698,663.4157496948517,-1,0.00029825168189745455,0.0452961140681806,0.0452955364515336,0.04529725380878798,0.00035595719799373594,0.04377261561235502,0.0002504859373219497,0.03478674094342705,6.441344403068941e-05,0.03477368571224245,6.433874467969042e-05,0.011055756803338089,0.0014763353843983802,0.009579421418939707,7.0,True
39,right,40,663.4151531914879,663.4154514431698,-1,0.00029825168189745455,0.045295756550377805,0.0452952965030583,0.045296450977632824,0.0003556977565204631,0.043800343747160755,0.00025055608460549793,0.03543113152385003,6.666927399951076e-05,0.03541806802270259,6.65945537269665e-05,0.011055786868831508,0.0015059513757494313,0.009549835493082075,7.0,True
39,right,41,663.4148549398061,663.4151531914879,-1,0.0002982516817837677,0.02513345589609738,0.025133348893658026,0.025133862117534315,0.0003550324659694783,0.043828706541016706,0.0002508065554242699,0.03606078299451609,6.849062216786068e-05,0.03604771103412264,6.841582719200195e-05,0.011055817535517293,0.0015340904342875205,0.00952172710122977,7.0,True
39,right,42,663.4145566881242,663.4148549398061,-1,0.00029825168189745455,0.04529519098537034,0.04529474972776036,0.04529586083589124,0.0003541878088495815,0.043857760191724625,0.00025100276507957717,0.036726700993380046,7.081491206372197e-05,0.03671362036768143,7.074005856797502e-05,0.011055848672158836,0.0015646870703680705,0.009491161601790763,7.0,True
39,right,43,663.4142584364423,663.4145566881242,-1,0.00029825168189745455,0.04529505898410623,0.04529477638587705,0.04529566537910017,0.0003538235707890782,0.04388750282247795,0.0002510585688158061,0.03740387127316738,7.317832094989494e-05,0.037390781776679115,7.310345081058982e-05,0.011055880081707829,0.0015958035527664854,0.009460076528941342,7.0,True
39,right,44,663.4139601847605,663.4142584364423,-1,0.0002982516817837677,0.04529498784600192,0.04529485506060761,0.04529546063870515,0.00035403503533218156,0.043917911114109205,0.00025100931936328295,0.03809248402969886,7.558169565414308e-05,0.03807938546389145,7.550684020359855e-05,0.011055911605886036,0.0016274491675359755,0.009428462438350058,7.0,True
39,right,45,663.4136619330786,663.4139601847605,-1,0.00029825168189745455,0.04529508725901004,0.04529495228477146,0.04529520068720621,0.0003540427998721195,0.04394895320782262,0.0002509227423141656,0.03879273271914342,7.802566981997284e-05,0.03877962489497436,7.795084019115029e-05,0.011055943147700828,0.0016596328855542472,0.009396310262146578,7.0,True
39,right,46,663.4133636813968,663.4136619330786,-1,0.0002982516817837677,0.040675021070309035,0.04067454902978454,0.04067418978159003,0.0003538687004913178,0.04398058952095713,0.00025085657940425936,0.03949893150082204,8.040258570383333e-05,0.03948581424107436,8.032777580823846e-05,0.01105597467183352,0.0016919091993825416,0.009364065472450977,7.0,True
39,right,47,663.413065429715,663.4133636813968,-1,0.00029825168189745455,0.04529584644871143,0.04529538963103014,0.04529474115142015,0.00035365593729655285,0.04401280645359986,0.0002508302182890802,0.040222946305068084,8.292792015125567e-05,0.04020981943656106,8.285311811787922e-05,0.011056006204149994,0.001725188985589287,0.009330817218560706,7.0,True
39,right,48,663.412767178033,663.413065429715,-1,0.00029825168189745455,0.04529593706684021,0.04529544390028854,0.045294801276901525,0.00035369710412919505,0.04404563548396405,0.00025083378637750256,0.04095919519528358,8.549594862055745e-05,0.04094605853546302,8.542114552299263e-05,0.011056037797364936,0.0017590349120207745,0.00929700288534416,7.0,True
39,right,49,663.4124689263513,663.412767178033,-1,0.0002982516817837677,0.04529600420265764,0.04529548758453614,0.045294886355878715,0.0003537054115041383,0.04407911716890826,0.000250857982312438,0.04170788488321949,8.81073799031506e-05,0.041694738237435094,8.803256958913602e-05,0.011056069485879923,0.0017934566452019883,0.009262612840677933,7.0,True
39,right,50,663.4121706746694,663.4124689263513,-1,0.00029825168189745455,0.03437028018270067,0.034369764181418655,0.03436935097427593,0.00035364927317242667,0.04411329828303813,0.0002508910539882741,0.04245529571808326,9.05067622365774e-05,0.04244213887771906,9.043194205885135e-05,0.011056101282610227,0.0018273871542146929,0.009228714128395533,7.0,True
39,right,51,663.4118724229875,663.4121706746694,-1,0.00029825168189745455,0.04529619776151184,0.04529633312264153,0.04529534820824387,0.00035375033490500716,0.04414822311736254,0.0002509195509317378,0.04322926638614802,9.320289257591241e-05,0.04321609912939324,9.312806389892504e-05,0.01105613317884234,0.001862971862628443,0.009193161316213895,7.0,True
39,right,52,663.4115741713057,663.4118724229875,-1,0.0002982516817837677,0.0452962750078192,0.045296352064157094,0.04529540944277077,0.00035375903669058654,0.04418385899708022,0.00025093745101135474,0.0440163152536786,9.594458037593721e-05,0.044003137368467775,9.586974636024954e-05,0.01105616514724794,0.0018991621399744355,0.009157003007273502,7.0,True
39,right,53,663.4112759196238,663.4115741713057,-1,0.00029825168189745455,0.04529636399360906,0.045296396395646296,0.04529546009755362,0.0003536893448742135,0.04422012191042789,0.0002509426640492861,0.04481666330435771,9.873257119708047e-05,0.044803474603666966,9.865773562656695e-05,0.011056197169912386,0.0019359683136829617,0.009120228856229423,7.0,True
39,right,54,663.4109776679419,663.4112759196238,-1,0.00029825168189745455,0.04529646471508533,0.04529646599635175,0.04529550015713481,0.0003538436942950548,0.04425691524368968,0.00025093313451172875,0.045630535250609935,0.00010156771492861426,0.04561733557624565,0.00010149288220030132,0.01105622925325545,0.0019734010830548205,0.009082828170200627,7.0,True
39,right,55,663.4106794162601,663.4109776679419,-1,0.0002982516817837677,0.02647884627766827,0.02647933463817067,0.026478213985436826,0.0003541967968463285,0.04429413036511945,0.00025091243960188424,0.04643412278689371,0.0001040095290324519,0.0464209120130619,0.00010393470247645916,0.011056261428334975,0.0020096125127739063,0.009046648915561067,7.0,True
39,right,56,663.4103811645782,663.4106794162601,-1,0.00029825168189745455,0.04529708923192844,0.04529807346657596,0.04529633676322204,0.00035450642669599916,0.044331671352138224,0.0002509006121025132,0.04727532688849018,0.00010693406762761248,0.04726210491799081,0.00010685924459916282,0.01105629375100008,0.002048299375400327,0.009007994375599751,7.0,True
39,right,57,663.4100829128963,663.4103811645782,-1,0.00029825168189745455,0.045297037810427265,0.04529818230186464,0.04529636443551778,0.0003547359342839302,0.044369512135835704,0.00025093187427054276,0.048130745093287984,0.00010990810705541434,0.04811751183671122,0.00010983327470297047,0.011056326293189398,0.002087645158059266,0.00896868113513013,7.0,True
39,right,58,663.4097846612145,663.4100829128963,-1,0.0002982516817837677,0.04529696488381588,0.04529829123030978,0.0452964174096012,0.00035488556313541985,0.04440764232762677,0.0002510393868938602,0.04900061756153542,0.00011293246986441823,0.04898737293256986,0.00011285760544618217,0.011056359115457423,0.0021276611354789626,0.008928697979978459,7.0,True
39,right,59,663.4094864095326,663.4097846612145,-1,0.00029825168189745455,0.045296876368399505,0.04529840030232538,0.045296495764808334,0.00035495534348852067,0.04444605312712388,0.0002512441850659015,0.04988518851703431,0.00011600798883717999,0.04987193243197814,0.00011593306333751613,0.01105639226155263,0.0021683587714622045,0.008888033490090425,7.0,True
39,right,60,663.4091881578507,663.4094864095326,-1,0.00029825168189745455,0.04202307548824206,0.04202339801596847,0.04202212181198945,0.0003549607292532809,0.04448473743281001,0.00025154802173514606,0.05078051507319279,0.00011905867263631255,0.050767247450477386,0.00011898365651685106,0.011056425758301913,0.002209425466089448,0.008847000292212463,7.0,True
39,right,61,663.408889906169,663.4091881578507,-1,0.0002982516817837677,0.0452988786673038,0.045299242602518816,0.045298110778569586,0.0003549157168828522,0.04452369564918263,0.00025193371181988074,0.051695163256758055,0.0001222377789944711,0.05168188401469415,0.0001221626478423218,0.011056459615496905,0.002251516159854769,0.008804943455642134,7.0,True
39,right,62,663.408591654487,663.408889906169,-1,0.00029825168189745455,0.04529878848758052,0.04529932968336851,0.0452982196780043,0.000354780589525496,0.04456294023380953,0.0002523654664483698,0.05262526649621776,0.00012547057864725704,0.05261197554938541,0.000125395318723535,0.0110564938260101,0.00229432397117004,0.008762169854840058,7.0,True
39,right,63,663.4082934028052,663.408591654487,-1,0.00029825168189745455,0.045298772659231136,0.045299390377245084,0.045298328644941814,0.000354562608286412,0.0446024908838419,0.00025278754534435824,0.053571085973011474,0.00012875793650979293,0.053557783230131224,0.00012868255070033028,0.011056528365946295,0.002337861132482867,0.008718667233463427,7.0,True
39,right,64,663.4079951511234,663.4082934028052,-1,0.0002982516817837677,0.03302798776385026,0.033028376214250046,0.03302753869508303,0.0003542616444033061,0.044642374041138695,0.00025313099518423717,0.05451715269032106,0.00013181271733431142,0.054503838052227124,0.00013173722909038516,0.011056563194534737,0.0023809224180315063,0.00867564077650323,7.0,True
39,right,65,663.4076968994415,663.4079951511234,-1,0.00029825168189745455,0.045300751440486564,0.04529957996764631,0.04529917769462076,0.0003539103605017866,0.04468262123042825,0.0002533307071611535,0.055494941290220534,0.00013520698649671875,0.05548161464832963,0.00013513143868833065,0.011056598254022783,0.002425934985542415,0.008630663268480367,7.0,True
39,right,66,663.4073986477597,663.4076968994415,-1,0.0002982516817837677,0.045300728909787646,0.04529965262184421,0.045299274686597335,0.0003537034677216626,0.04472325660712486,0.00025338970077192635,0.05648925189579904,0.00013865850585632658,0.05647591313434377,0.00013858294045302367,0.011056633472690534,0.0024717147236308595,0.008584918749059672,7.0,True
39,right,67,663.4071003960778,663.4073986477597,-1,0.00029825168189745455,0.045300770330274694,0.04529973817086973,0.04529935364805207,0.00035378516176755976,0.04476429844754164,0.00025335580253368163,0.05750036373594179,0.00014216834475278591,0.05748701273368349,0.00014209278945966075,0.011056668790180071,0.0025182750460705002,0.008538393744109569,7.0,True
39,right,68,663.4068021443959,663.4071003960778,-1,0.00029825168189745455,0.04530074234886977,0.04529983663200986,0.0452994047268089,0.0003537805833694571,0.04480576392594613,0.0002532840747034593,0.05852856067137796,0.00014573747897870612,0.058515197301970974,0.00014566194507852697,0.011056704169947676,0.0025656293613784916,0.008491074808569183,7.0,True
39,right,69,663.4065038927141,663.4068021443959,-1,0.0002982516817837677,0.02782612967749064,0.0278258440505441,0.027825317428957483,0.00035370237737301647,0.04484766919130451,0.0002532300159555707,0.059551671371098375,0.00014895659015810525,0.059538295503380606,0.00014888107238106735,0.01105673959950365,0.002612052433654487,0.00844468716584916,7.0,True
39,right,70,663.4062056410322,663.4065038927141,-1,0.00029825168189745455,0.04530056847450598,0.04530049119764982,0.04529960345673953,0.00035375311462227375,0.044890043032551764,0.0002532292680465018,0.06061453016954514,0.00015264044990659232,0.06060114166375285,0.00015256493235259077,0.011056775090570334,0.002661006162195658,0.008395768928374674,7.0,True
39,right,71,663.4059073893503,663.4062056410322,-1,0.00029825168189745455,0.04530059026301935,0.04530042349322553,0.04529968053384356,0.00035375549406268343,0.04493295555040067,0.0002532617871319033,0.06169534840110321,0.00015638656747612108,0.061681947096580286,0.00015631104022324763,0.011056810669265648,0.0027107951212937925,0.008346015547971854,7.0,True
39,right,72,663.4056091376685,663.4059073893503,-1,0.0002982516817837677,0.0453006628466095,0.045300332322519433,0.045299770467553645,0.00035368689332188134,0.04497648981686718,0.000253295376311371,0.06279442957218848,0.00016019596343034835,0.06278101528350247,0.00016012042615947444,0.011056846347747108,0.0027614336321989453,0.008295412715548161,7.0,True
39,right,73,663.4053108859866,663.4056091376685,-1,0.00029825168189745455,0.04530075735982336,0.04530021787496036,0.04529987349391258,0.0003539078588852945,0.04502073517542127,0.0002532950565995249,0.06391208230240907,0.00016406978409439087,0.06389865481746533,0.00016399424691884273,0.011056882119075141,0.002812936497656609,0.00824394562141853,7.0,True
39,right,74,663.4050126343047,663.4053108859866,-1,0.00029825168189745455,0.04337056977895965,0.043371764216008045,0.04336986860227389,0.0003541518234966952,0.04506577989828751,0.0002532292969273757,0.06504613423014867,0.00016796379257342869,0.06503269331054057,0.00016788827501081335,0.011056917957071963,0.002865126036305968,0.008191791920765993,7.0,True
39,right,75,663.404714382623,663.4050126343047,-1,0.0002982516817837677,0.04530122586172399,0.04530238452733276,0.04530047059394759,0.0003541653740839657,0.04511150392097522,0.0002531201573930483,0.06620183653366953,0.0001719689453346033,0.06618838197679987,0.00017189346032306645,0.011056953817328064,0.002918399243053472,0.00813855457427459,7.0,True
39,right,76,663.4044161309411,663.404714382623,-1,0.00029825168189745455,0.045301267451666655,0.04530227553798052,0.04530039483614115,0.00035396374853746546,0.04515753471103431,0.0002530337707196863,0.06737706698077,0.00017604171753146574,0.06736359869513467,0.0001759662582848707,0.011056989669445485,0.002972581985952604,0.008084407683492879,7.0,True
39,right,77,663.4041178792592,663.4044161309411,-1,0.00029825168189745455,0.04530129580641576,0.04530224726686603,0.04530029571684803,0.0003542008787085123,0.04520346313497568,0.0002530269829033715,0.06857215545890287,0.00018018340272289317,0.06855867347503783,0.00018010794550077575,0.011057025533328324,0.003027690274288058,0.008029335259040265,7.0,True
39,right,78,663.4038196275774,663.4041178792592,-1,0.0002982516817837677,0.03168507075454249,0.031686137959393894,0.031684455656654405,0.0003551701910126714,0.045248857251252134,0.0002531798037462796,0.0697698520038543,0.00018407540245289663,0.06975635648112286,0.0001839998996517346,0.011057061481458115,0.0030823778836544875,0.007974683597803626,7.0,True
39,right,79,663.4035213758955,663.4038196275774,-1,0.00029825168189745455,0.04530222665874279,0.045304373702906596,0.045302500078506086,0.00035600125734126,0.045293333149895386,0.00025364754028457686,0.07100537328828593,0.00018835357522109427,0.07099186450053777,0.00018827793291669421,0.011057097639286115,0.0031393631990681435,0.00791773444021797,7.0,True
39,right,80,663.4032231242136,663.4035213758955,-1,0.00029825168189745455,0.04530223456598012,0.04530434325092853,0.04530233799791612,0.0003563656881106536,0.04533700885896522,0.00025454608382752383,0.07226177111217472,0.00019270427601214836,0.07224824929807284,0.00019262836571562534,0.011057134174141163,0.003197322726562792,0.00785981144757837,7.0,True
39,right,81,663.4029248725318,663.4032231242136,-1,0.0002982516817837677,0.0453022736687794,0.04530437404807036,0.045302256735364484,0.00035637217303888876,0.045380248653596536,0.00025584554958882545,0.07353939839639498,0.00019712861437203008,0.07352586368595679,0.0001970523165076873,0.011057171210944216,0.003256273052560463,0.007800898158383752,7.0,True
39,right,82,663.4026266208499,663.4029248725318,-1,0.00029825168189745455,0.045302343933132455,0.045304329801419865,0.04530225612243313,0.0003560328646143833,0.04542343852205505,0.00025732178554355606,0.07483861394580578,0.00020162766176136629,0.07482506635391152,0.00020155092360713803,0.011057208794050744,0.003316230933774675,0.007740977860276068,7.0,True
39,right,83,663.4023283691681,663.4026266208499,-1,0.0002982516817837677,0.02917282590453093,0.029173306858377428,0.029173249308304016,0.0003552250671238574,0.04546698338159001,0.00025856056779530884,0.07613888802906667,0.00020582310341644975,0.07612532744984997,0.00020574599579336076,0.011057246886464828,0.00337559315840115,0.007681653728063678,7.0,True
39,right,84,663.4020301174862,663.4023283691681,-1,0.00029825168189745455,0.04530415868639912,0.04530412044644568,0.04530429749940908,0.00035427050994608325,0.045511168041294355,0.00025919231655700435,0.07748202888795228,0.00021046829402402695,0.07746845513058133,0.00021039099798077787,0.01105728536931757,0.0034375893413489266,0.007619696027968643,7.0,True
39,right,85,663.4017318658043,663.4020301174862,-1,0.00029825168189745455,0.045304262842361956,0.045304137597626755,0.04530435912998859,0.0003539649292949309,0.045555921901922154,0.0002592764521341312,0.07884786525056924,0.00021519171738239702,0.07883427814528407,0.00021511439624557056,0.011057324074601513,0.003500645321961364,0.007556678752640148,7.0,True
39,right,86,663.4014336141225,663.4017318658043,-1,0.0002982516817837677,0.0453043669379269,0.045304205134803946,0.045304367981514417,0.0003541806023307157,0.04560111094215668,0.0002590199549113545,0.08023678059599033,0.00021999491623384918,0.0802231800130031,0.0002199176715977802,0.011057362872056714,0.003564779918969022,0.0074925829530876915,7.0,True
39,right,87,663.4011353624406,663.4014336141225,-1,0.00029825168189745455,0.04530447107059664,0.04530429647933781,0.04530429593392789,0.00035417397651920675,0.04564659546624682,0.0002586548960605827,0.08164916486526205,0.00022487924085103653,0.08163555071643382,0.00022480210509435435,0.01105740168353564,0.003630011814969969,0.007427389868565669,7.0,True
39,right,88,663.4008371107587,663.4011353624406,-1,0.00029825168189745455,0.04472013717415977,0.04471949017180214,0.044718919344589284,0.0003539485875936239,0.04569223534203773,0.00025839792924746565,0.08308465475021252,0.00022983229375822157,0.08307102698921455,0.00022975523464232358,0.011057440483397653,0.0036963010436787355,0.007361139439718918,7.0,True
39,right,89,663.400538859077,663.4008371107587,-1,0.0002982516817837677,0.04530539447318355,0.045304780229288195,0.04530410697872235,0.0003537197815958836,0.04573801122588896,0.0002583205265557349,0.08454516096224626,0.00023488279518016103,0.08453151954851915,0.0002348057591497754,0.011057479297513604,0.003763783946050436,0.007293695351463168,7.0,True
39,right,90,663.4002406073951,663.400538859077,-1,0.00029825168189745455,0.045305472939850544,0.045304814662806475,0.04530415808829994,0.00035378975459260744,0.045784035054942704,0.00025835896422809926,0.08603034570477552,0.00024001869315114566,0.08601669056435876,0.00023994164565663024,0.011057518169994777,0.0038324223625410647,0.0072250958074537115,7.0,True
39,right,91,663.3999423557132,663.4002406073951,-1,0.00029825168189745455,0.0453055213166723,0.0453048347580863,0.04530423382863175,0.00035378562987648405,0.04583042868423249,0.00025844486541833604,0.08754062598080525,0.0002452413875376276,0.08752695700341051,0.00024516431442293764,0.011057557128529088,0.0039022362403376026,0.0071553208881914845,7.0,True
39,right,92,663.3996441040314,663.3999423557132,-1,0.0002982516817837677,0.03034363339668656,0.03034313697295112,0.030342706705947544,0.0003537426312551688,0.04587731783535818,0.0002585073796783765,0.08905692768243259,0.0002502000738762362,0.08904324472027488,0.00025012298211659245,0.011057596182643945,0.003971732377484698,0.007085863805159245,7.0,True
39,right,93,663.3993458523495,663.3996441040314,-1,0.00029825168189745455,0.04530570206752754,0.04530581611113351,0.045304749834735716,0.0003538549620932325,0.04592479877132424,0.0002584866763663812,0.0906183496285716,0.00025559481109386546,0.09060465250513963,0.00025551772550899,0.011057635323575024,0.0040439324657798575,0.007013702857795166,7.0,True
39,right,94,663.3990476006676,663.3993458523495,-1,0.00029825168189745455,0.045305766179909134,0.0453058149786174,0.04530479365332464,0.0003538597444140043,0.04597274446508714,0.00025841332897840645,0.09220615532491079,0.00026108069008613793,0.09219244390159502,0.0002610036263772443,0.011057674527825407,0.0041173697697846935,0.006940304758040712,7.0,True
39,right,95,663.3987493489858,663.3990476006676,-1,0.0002982516817837677,0.04530584483118568,0.04530584727976871,0.04530482312975833,0.00035376564818921175,0.04602092946570692,0.0002583550697166006,0.0938207905428933,0.00026665924166311864,0.09380706474832527,0.0002665821953301771,0.011057713781872926,0.004192065762534527,0.006865648019338398,7.0,True
39,right,96,663.3984510973039,663.3987493489858,-1,0.00029825168189745455,0.045305937986783555,0.0453059130099554,0.045304838358023396,0.0003539933503289956,0.04606912081893683,0.0002583799456507903,0.09546270858493754,0.00027233215019079304,0.09544896841721211,0.0002722550964385329,0.011057753092470281,0.0042680425741229155,0.006789710518347365,7.0,True
39,right,97,663.398152845622,663.3984510973039,-1,0.00029825168189745455,0.03051960109724247,0.030520324531782887,0.0305189528032005,0.0003544190675303606,0.046117078908528744,0.0002585621745293462,0.09711302907624983,0.0002777527484923417,0.0970992746049435,0.0002776756403900121,0.011057792486830833,0.004343820241698032,0.0067139722451328,7.0,True
39,right,98,663.3978545939402,663.398152845622,-1,0.0002982516817837677,0.04530662800968096,0.045307843657685996,0.04530581193664256,0.000354779743437266,0.04616462782681916,0.00025896037520701794,0.09881057804409221,0.000283613491775372,0.09879680939124628,0.0002835362649090499,0.011057832012762722,0.004422400272533551,0.006635431740229169,7.0,True
39,right,99,663.3975563422583,663.3978545939402,-1,0.00029825168189745455,0.04530653365335195,0.04530794478203437,0.045305822312955844,0.0003550448090288104,0.04621175796296398,0.00025956935511420965,0.10053681060468055,0.000289573410631894,0.10052302789518698,0.000289496002136261,0.011057871729602868,0.00450232877533882,0.006555542954264047,7.0,True
39,right,100,663.3972580905765,663.3975563422583,-1,0.0002982516817837677,0.04530641313222887,0.04530804574938451,0.04530586607425715,0.0003552143738005019,0.04625848549250204,0.0002603702383371908,0.10229221141205233,0.0002956341465304882,0.10227841476599973,0.00029555649917011647,0.011057911686121948,0.004583629153925961,0.006474282532195986,7.0,True
39,right,101,663.3969598388946,663.3972580905765,-1,0.00029825168189745455,0.044545957466758,0.04454781050778169,0.044545633211445876,0.00035529907144779354,0.04630482766548063,0.0002613319795697414,0.10407627554268792,0.00030177944438096666,0.10406246507499901,0.0003017015101796252,0.011057951917173221,0.004666247676828309,0.006391704240344911,7.0,True
39,right,102,663.3966615872127,663.3969598388946,-1,0.00029825168189745455,0.04530888926351088,0.04530906949895703,0.0453077772444681,0.0003552999973142665,0.04635080460240262,0.0002624054437778363,0.10589148522702614,0.0003080465707823869,0.10587766104663847,0.00030796831641853985,0.011057992443583872,0.0047503624979407695,0.0063076299456431015,7.0,True
39,right,103,663.396363335531,663.3966615872127,-1,0.0002982516817837677,0.045308661746427795,0.04530911789212098,0.04530787838359312,0.00035522778910592715,0.04639647749820274,0.0002635247864827934,0.10773736653668885,0.00031441958754762625,0.10772352873428845,0.0003143409993379648,0.01105803327205028,0.004835921900495803,0.006222111371554476,7.0,True
39,right,104,663.3960650838491,663.396363335531,-1,0.00029825168189745455,0.04530852445674302,0.045309190991979276,0.04530797946546214,0.00035505782435968635,0.04644194921728576,0.0002646075356000657,0.10961443783868616,0.00032090022953684607,0.10960058647426378,0.0003208213183954093,0.011058074395325189,0.004922950974607512,0.006135123420717676,7.0,True
39,right,105,663.3957668321672,663.3960650838491,-1,0.00029825168189745455,0.04530847703388389,0.04530923191091414,0.04530808044457993,0.0003547893600242116,0.04648732834269225,0.00026555431917403273,0.11152322621964264,0.00032749025489605836,0.11150936132081977,0.00032741106137482834,0.011058115792385095,0.005011475247143396,0.006046640545241699,7.0,True
39,right,106,663.3954685804854,663.3957668321672,-1,0.0002982516817837677,0.029001413836428267,0.029001611953356453,0.02900093835459936,0.00035442243765278865,0.046532727509718555,0.00026625506085166335,0.11344277495548911,0.0003338067004493341,0.11342889651629359,0.00033372729793075035,0.01105815742832753,0.005099848741416198,0.0059583086869113315,7.0,True
39,right,107,663.3951703288035,663.3954685804854,-1,0.00029825168189745455,0.04531080851797018,0.045309407136526335,0.045309061849587134,0.0003540078815866506,0.04657825179047332,0.00026661919984946223,0.11541625290942936,0.0003406144081938369,0.11540236089253524,0.00034053489707015436,0.011058199254257923,0.005191412777234576,0.005866786477023347,7.0,True
39,right,108,663.3948720771216,663.3951703288035,-1,0.00029825168189745455,0.0453107704819347,0.045309466053751454,0.04530914554866975,0.00035380716335720773,0.04662393838658195,0.0002666961501825109,0.11742307701425321,0.00034753700043883547,0.11740917137125495,0.0003474574663645866,0.011058241210747558,0.005284551197421295,0.0057736900133262626,7.0,True
39,right,109,663.3945738254398,663.3948720771216,-1,0.0002982516817837677,0.04531078202595697,0.045309540450024915,0.045309208879306374,0.00035389255136240215,0.04666979729073638,0.00026659830709310507,0.11946381076399121,0.00035457653919625893,0.11944989144350295,0.0003544970343039064,0.011058283249594573,0.005379291809632885,0.005678991439961687,7.0,True
39,right,110,663.3942755737579,663.3945738254398,-1,0.00029825168189745455,0.04531070957194612,0.04530963033876127,0.045309238061624374,0.00035388156766975507,0.04671583752876073,0.0002664438100461095,0.1215390270894953,0.00036173500690715076,0.12152509403742329,0.000361655548093772,0.011058325342165826,0.005475662670544309,0.005582662671621516,7.0,True
39,right,111,663.393977322076,663.3942755737579,-1,0.00029825168189745455,0.03186745616842324,0.03186725718820882,0.03186661142231664,0.000353775108363355,0.04676206734613457,0.0002663508756057699,0.12363150831132873,0.0003686969799715342,0.12361756147113594,0.00036861754887600857,0.011058367479576696,0.005572306402319356,0.005486061077257339,7.0,True
39,right,112,663.3936790703942,663.393977322076,-1,0.0002982516817837677,0.045310446918017,0.04531034094529071,0.04530942562075094,0.00035385000733057447,0.04680853568090978,0.0002663805361719961,0.1257771471131283,0.0003760940995701216,0.12576318641368178,0.0003760146596283125,0.011058409672802846,0.005671999902449153,0.005386409770353692,7.0,True
39,right,113,663.3933808187123,663.3936790703942,-1,0.00029825168189745455,0.04531045685282636,0.04531023069766081,0.04530948986076904,0.00035384795860154007,0.04685538490210088,0.0002664672715507478,0.12795904106340306,0.0003836162254521081,0.12794506639109224,0.00038353675964129607,0.011058451942764586,0.005773410502479551,0.005285041440285034,7.0,True
39,right,114,663.3930825670304,663.3933808187123,-1,0.00029825168189745455,0.04531051536601947,0.04531009267547052,0.04530956957992705,0.0003537738677018299,0.04690277302498729,0.00026652626960857,0.13017780282991787,0.0003912654221396837,0.13016381402401964,0.0003911859387326017,0.011058494298123575,0.005876568222809524,0.00518192607531405,7.0,True
39,right,115,663.3927843153486,663.3930825670304,-1,0.0002982516817837677,0.04320476535212209,0.04320409408522088,0.0432038676735462,0.0003540693983393668,0.046950861452390885,0.000266470336689728,0.1324312557429981,0.0003989941556998994,0.13241725259465087,0.00039891468897493477,0.011058536732191615,0.005981285766702042,0.005077250965489572,7.0,True
39,right,116,663.3924860636668,663.3927843153486,-1,0.00029825168189745455,0.0453110627514651,0.045312706955782274,0.045310398198445824,0.00035431797196515624,0.04699979291255453,0.0002662224303638516,0.13472558759091066,0.00040690330797175337,0.1347115698486678,0.00040682391518523706,0.01105857922279629,0.006088026946705814,0.004970552276090476,7.0,True
39,right,117,663.3921878119849,663.3924860636668,-1,0.00029825168189745455,0.04531110018480426,0.04531245697772194,0.04531030622938611,0.00035431816319338654,0.047049296854930214,0.00026586454448786966,0.1370586870524153,0.00041494606491494063,0.13704465454553835,0.00041486677886848876,0.011058621733703162,0.006196608861596485,0.004862012872106676,7.0,True
39,right,118,663.3918895603031,663.3921878119849,-1,0.0002982516817837677,0.045311121756647824,0.04531230268845158,0.04531018641589056,0.00035405358152348253,0.04709872597353128,0.00026560652901760223,0.13943120904058437,0.00042312466819567873,0.139417161791395,0.000423045459102805,0.011058664243488352,0.0063070638430898305,0.004751600400398521,7.0,True
39,right,119,663.3915913086212,663.3918895603031,-1,0.00029825168189745455,0.04531112755251192,0.04531224379517856,0.04531003892848263,0.0003544494154375437,0.0471474076230076,0.0002656543901732641,0.14184381952758296,0.00043144167679642887,0.1418297577590044,0.0004313624534288547,0.011058706771361638,0.006419425424151469,0.004639281347210168,7.0,True
39,right,120,663.3912930569394,663.3915913086212,-1,0.0002982516817837677,0.027658181264850222,0.027659367488525616,0.02765772154757578,0.0003555943933169047,0.047194657406392206,0.0002662390256602322,0.1442735996953368,0.00043948211305828603,0.14425952383443622,0.0004394027153222249,0.011058749378416818,0.006531887285069327,0.004526862093347491,7.0,True
39,right,121,663.3909948052575,663.3912930569394,-1,0.00029825168189745455,0.045312175958731424,0.04531469632295218,0.04531261034203982,0.0003565109483449278,0.047239936220837477,0.00026760932542821056,0.14676803386341652,0.0004480766012282517,0.14675394449802798,0.00044799679479794977,0.011058792168005541,0.006648132566112434,0.0044106596018931065,7.0,True
39,right,122,663.3906965535756,663.3909948052575,-1,0.00029825168189745455,0.04531216040699211,0.04531465318396189,0.04531239325251382,0.00035688505822531523,0.04728357264846867,0.00026970279714985776,0.14930461619332666,0.00045681664123841314,0.1492905138133002,0.0004567362104266492,0.011058835273572739,0.006766386687307634,0.004292448586265104,7.0,True
39,right,123,663.3903983018938,663.3906965535756,-1,0.0002982516817837677,0.04531218153550682,0.04531465329861658,0.04531227173497159,0.00035686824689609183,0.047326207170435716,0.00027223472863414,0.15188405910572567,0.0004657044891853357,0.15186994400988665,0.0004656233032207791,0.011058878789008651,0.006886684644432433,0.004172194144576217,7.0,True
39,right,124,663.3901000502119,663.3903983018938,-1,0.00029825168189745455,0.04531223928214703,0.04531456401498858,0.04531224548526261,0.00035642631213926926,0.04736849076402758,0.0002747521665597459,0.1545070869776835,0.00047474237632324676,0.1544929592706862,0.0004746604395285638,0.011058922744028617,0.007009061935831419,0.004049860808197197,7.0,True
39,right,125,663.38980179853,663.3901000502119,-1,0.00029825168189745455,0.03321504620571661,0.033215352902450375,0.033215623628319944,0.00035544468205765776,0.04741108184419848,0.0002766501426517254,0.15715817075444322,0.00048364596181485383,0.1571440303445846,0.0004835634589456092,0.01105896710357866,0.007132284347112155,0.003926682756466505,7.0,True
39,right,126,663.3895035468482,663.38980179853,-1,0.0002982516817837677,0.0453143304955195,0.04531427035114216,0.04531461957219873,0.0003543618985418054,0.04745438072199411,0.0002775247621922441,0.15987031728174153,0.0004929859082118948,0.15985616395792518,0.0004929031444859327,0.011059011767486648,0.007258907027482644,0.0038001047400040033,7.0,True
39,right,127,663.3892052951663,663.3895035468482,-1,0.00029825168189745455,0.04531442485485845,0.04531427525057261,0.045314659680374236,0.00035412763162928444,0.047498246566800566,0.0002775765156298442,0.1626282914280855,0.0005024833525751076,0.16261412502120173,0.0005024005734135641,0.01105905660250905,0.0073877204755345245,0.003671336126974526,7.0,True
39,right,128,663.3889070434844,663.3892052951663,-1,0.00029825168189745455,0.04531451896915661,0.04531432824843408,0.0453146334989101,0.00035434623731306293,0.04754246985729952,0.0002771406967577451,0.16543286750897518,0.0005121411949674583,0.16541868791242065,0.0005120585457896264,0.011059101508445333,0.007518764014232721,0.0035403374942126115,7.0,True
39,right,129,663.3886087918027,663.3889070434844,-1,0.0002982516817837677,0.04186305583722441,0.04186291206428059,0.04186299966619494,0.00035432318212766183,0.047586838365519475,0.0002765698598607339,0.16828016914536104,0.0005218803520987879,0.16826597631582968,0.0005217978731740521,0.011059146426513226,0.007651712678531067,0.003407433747982159,7.0,True
39,right,130,663.3883105401208,663.3886087918027,-1,0.00029825168189745455,0.04531560605267476,0.04531488786949794,0.04531434116894185,0.00035404468838068473,0.0476311494774772,0.0002761935116813184,0.1711802466106472,0.0005318658772758013,0.17116604056524679,0.0005317835105975114,0.011059191339723095,0.007787329461241039,0.003271861878482055,7.0,True
39,right,131,663.3880122884389,663.3883105401208,-1,0.00029825168189745455,0.04531564676106064,0.04531491845511714,0.04531425579357946,0.00035381220236913247,0.047675402424028054,0.00027609564869800256,0.17412932694515215,0.0005420201421614692,0.17411510770123598,0.0005419378046709788,0.011059236271436932,0.007925297167850126,0.003133939103586806,7.0,True
39,right,132,663.3877140367571,663.3880122884389,-1,0.0002982516817837677,0.045315709377786846,0.045314932278130826,0.04531429024113117,0.00035388849083880315,0.047719764591421264,0.0002761686601038436,0.17712823820156792,0.000552346060188159,0.17711400572656613,0.0005522637009219254,0.01105928125590601,0.008065657683673394,0.002993623572232616,7.0,True
39,right,133,663.3874157850752,663.3877140367571,-1,0.00029825168189745455,0.04531573650681081,0.045314929478621695,0.045314352894607474,0.000353878796542673,0.0477644101039846,0.00027629999648078523,0.18017782239236377,0.0005628464717184202,0.1801635766017573,0.0005627640732808598,0.011059326313932033,0.008208453397517515,0.0028508729164145176,7.0,True
39,right,134,663.3871175333933,663.3874157850752,-1,0.00029825168189745455,0.026316419613411062,0.026316062443347867,0.02631565150010804,0.0003538453616176623,0.0478095148233765,0.00027637465462935346,0.18325309141839155,0.0005730732798935846,0.18323883217522666,0.0005729908591891057,0.0110593714520203,0.008351704702699208,0.002707666749321092,7.0,True
39,right,135,663.3868192817115,663.3871175333933,-1,0.0002982516817837677,0.045315900440100726,0.04531601746131766,0.04531490021993936,0.000353960734854522,0.04785519311935512,0.00027630626061572077,0.18640616887348144,0.0005839239048865221,0.18639189600669337,0.0005838415045807042,0.011059416662248581,0.008499465571571805,0.002559951090676776,7.0,True
39,right,136,663.3865210300296,663.3868192817115,-1,0.00029825168189745455,0.04531594995143604,0.04531599313826846,0.04531492506721155,0.0003539595689315417,0.04790123651889879,0.0002761645559045954,0.1896125242407818,0.0005949578513321061,0.18959823764146694,0.0005948754932899252,0.011059461926036813,0.008649793256432121,0.002409668669604691,7.0,True
39,right,137,663.3862227783478,663.3865210300296,-1,0.0002982516817837677,0.045316016312872257,0.045316007403283724,0.04531493318190487,0.0003538405042323863,0.04794733059458428,0.0002760689893701667,0.1928730576968883,0.0006061782175341468,0.19285875734994326,0.0006060958879948769,0.011059507233930078,0.008802733519455484,0.0022567737144745937,7.0,True
39,right,138,663.3859245266659,663.3862227783478,-1,0.00029825168189745455,0.04531609951034691,0.04531606014747853,0.04531492464275594,0.000354150509195862,0.04799315731464274,0.0002761396515159874,0.19618868463084466,0.0006175883202485891,0.19617437061599782,0.0006175059696341841,0.011059552592016767,0.008958333350555023,0.002101219241461744,7.0,True
39,right,139,663.385626274984,663.3859245266659,-1,0.00029825168189745455,0.03456229651888058,0.03456325652642732,0.03456163192125081,0.0003546359508622062,0.04803839638824193,0.00027650222184904557,0.19954560189012935,0.0006289358308169402,0.1995312743826527,0.0006288533720653234,0.011059598022076629,0.009115485590945042,0.0019441124311315864,7.0,True
39,right,140,663.3853280233022,663.385626274984,-1,0.0002982516817837677,0.04531682922989627,0.04531824578187492,0.04531600473239758,0.0003550348142550881,0.04808283950199013,0.0002772293901150237,0.2029739768284196,0.0006407309770348014,0.202959636065715,0.0006406483014040578,0.011059643561665902,0.00927652789991196,0.0017831156617539414,7.0,True
39,right,141,663.3850297716203,663.3853280233022,-1,0.00029825168189745455,0.0453166938289431,0.04531833585884481,0.04531599369992963,0.0003553252797099436,0.048126493597795576,0.0002782779657300218,0.206460280968353,0.0006527256133575239,0.2064459271857354,0.0006526426249873079,0.011059689255653057,0.00944037465043674,0.0016193146052163163,7.0,True
39,right,142,663.3847315199384,663.3850297716203,-1,0.00029825168189745455,0.045316528454406424,0.04531842561854244,0.04531602116627538,0.00035550743513216844,0.04816938989924126,0.00027958769682766353,0.21000549312258418,0.0006649230598753285,0.20999112654607255,0.0006648396808756099,0.011059735140156585,0.00960707593634518,0.0014526592038114053,7.0,True
39,right,143,663.3844332682567,663.3847315199384,-1,0.0002982516817837677,0.040519162001116646,0.040521136522681106,0.04051892403165202,0.00035559340145327863,0.04821156003116008,0.0002810874544516872,0.21360399466548632,0.0006772125102096279,0.21358961551166736,0.0006771286839047073,0.011059781240676421,0.009776163744253823,0.001283617496422598,7.0,True
39,right,144,663.3841350165748,663.3844332682567,-1,0.00029825168189745455,0.04531932784393597,0.04531954993543371,0.04531818644141687,0.000355589157103117,0.04825304097115695,0.000282691131138427,0.21726991684921731,0.0006898238667741433,0.21725552532363274,0.0006897395621699218,0.011059827571985656,0.009948719082924527,0.0011111084890611295,7.0,True
39,right,145,663.3838367648929,663.3841350165748,-1,0.00029825168189745455,0.04531904603130729,0.04531958546336998,0.04531827675338135,0.0003554972231857003,0.04829394194321574,0.0002842996310569186,0.22099778198317538,0.0007026482934063826,0.22098337825880707,0.0007025635090643549,0.011059874138053606,0.010124284783633213,0.0009355893544203928,7.0,True
39,right,146,663.3835385132111,663.3838367648929,-1,0.0002982516817837677,0.04531886742954781,0.04531964180380781,0.04531836669060514,0.0003552947035818268,0.048334428588182786,0.0002858005789466843,0.22478863684526795,0.0007156893229371573,0.22477422104569517,0.0007156040909349296,0.011059920932297013,0.010302914793913235,0.0007570061383837776,7.0,True
39,right,147,663.3832402615292,663.3835385132111,-1,0.00029825168189745455,0.045318791677645215,0.045319660659479476,0.04531845633898485,0.0003549808663677193,0.04837467016022338,0.00028706844374251406,0.22864354586338057,0.0007289505430044541,0.22862911806168573,0.0007288649328593862,0.011059967937747163,0.01048466407070099,0.0005753038670461736,7.0,True
39,right,148,663.3829420098473,663.3832402615292,-1,0.00029825168189745455,0.02497413599160357,0.02497410627502967,0.024973650372713936,0.00035455597639291254,0.0484148381444781,0.00028796972082074826,0.2325353082314304,0.0007419505511750331,0.23252086844956668,0.0007418646722225607,0.011060015126952805,0.01066736532200928,0.0003926498049435251,7.0,True
39,right,149,663.3826437581655,663.3829420098473,-1,0.0002982516817837677,0.04532139948853844,0.04531981758699369,0.04531954151399854,0.00035409291583350053,0.04845508114024695,0.0002884085166109432,0.23652111502560572,0.0007556550027992963,0.23650666324120634,0.0007555689929752742,0.011060062461872987,0.0108554824331618,0.00020458002871118726,7.0,True
39,right,150,663.3823455064836,663.3826437581655,-1,0.00029825168189745455,0.04532135308245242,0.04531986134585556,0.0453196080299069,0.0003539157509682725,0.04849543196169771,0.0002884764104295676,0.24057427018841046,0.0007695908544193967,0.24055980636930516,0.0007695048243458962,0.011060109897380724,0.011046889764609179,1.3220132771545044e-05,7.0,True
39,right,151,663.3820472548017,663.3823455064836,-1,0.00029825168189745455,0.04532133321722131,0.04531992278905626,0.04531965269410848,0.00035399879901682634,0.04853588872489268,0.0002883277467136553,0.24469591172422786,0.0007837621416627102,0.2446814358388249,0.0007836761559284129,0.01106015739805863,0.011241647021309965,-0.0001814896232513342,7.0,False
39,right,152,663.3817490031199,663.3820472548017,-1,0.0002982516817837677,0.04532121560556028,0.04532000182895898,0.04531965805390585,0.00035397983637301884,0.04857644877705239,0.0002881211239899831,0.2488871967820089,0.0007981728595702934,0.24887270879950768,0.0007980869354616038,0.011060204943197722,0.011439814792843096,-0.00037960984964537445,7.0,False
39,right,153,663.381450751438,663.3817490031199,-1,0.00029825168189745455,0.03591085966831526,0.03591069020400395,0.035909937190731836,0.00035386006221255987,0.0486171095074671,0.0002880143401221273,0.25313610332944325,0.0008126023355459109,0.2531216032198052,0.0008125164432856566,0.011060252526959774,0.011640415453653592,-0.0005801629266938177,7.0,False
39,right,154,663.3811524997561,663.381450751438,-1,0.00029825168189745455,0.0453208774572921,0.045320742735174294,0.04531983060952368,0.00035394760223400693,0.04865793798329,0.0002880711216110173,0.25747000294418554,0.0008275004486790358,0.25745549065738593,0.0008274145394836068,0.011060300158414157,0.011845572116385683,-0.0007852719579715257,7.0,False
39,right,155,663.3808542480743,663.3811524997561,-1,0.0002982516817837677,0.04532087508665375,0.0453205923594216,0.045319880429776985,0.00035393970899889123,0.048699124019515365,0.0002881916592298031,0.26187713259573847,0.0008426503116913757,0.26186260802513983,0.0008425643665454322,0.01106034785267769,0.01205432772406019,-0.0009939798713825,7.0,False
39,right,156,663.3805559963924,663.3808542480743,-1,0.00029825168189745455,0.045320918483152284,0.045320410767833955,0.04531994794839639,0.0003538821528956503,0.04874087136477733,0.0002882577628558466,0.26635872972554914,0.0008580561273342004,0.266344192703729,0.0008579701624727064,0.01106039561536841,0.012266747483478425,-0.001206351868110016,7.0,False
39,right,157,663.3802577447107,663.3805559963924,-1,0.0002982516817837677,0.03917783768884831,0.03917712993515781,0.039177007959764726,0.0003542221573289107,0.048783385549526916,0.00028814923763115615,0.27090736976057356,0.0008735753582433523,0.27089282005883186,0.0008734894257497217,0.011060443440952236,0.012482213349358574,-0.001421769908406338,7.0,False
39,right,158,663.3799594930288,663.3802577447107,-1,0.00029825168189745455,0.04532148858870741,0.045323318947847906,0.04532082440512313,0.0003544715760395429,0.048826830064148105,0.00028776600591798253,0.2755415540469681,0.0008895038035685237,0.2755269913878213,0.0008894179853743634,0.011060491312611732,0.012702150517385106,-0.001641659204773374,7.0,False
39,right,159,663.3796612413469,663.3799594930288,-1,0.00029825168189745455,0.0453215069760862,0.04532301801729811,0.0453206946567335,0.0003544545407819484,0.04887079557380706,0.0002872512346755986,0.2802540422339314,0.0009057013423337185,0.2802394664619974,0.000905615677670947,0.011060539203876563,0.012925955193039317,-0.0018654159891627541,7.0,False
39,right,160,663.3793629896651,663.3796612413469,-1,0.0002982516817837677,0.04532150740495746,0.045322824733256474,0.04532053351483271,0.000354126335278526,0.04891446533966386,0.000286908638509324,0.28504615722784393,0.0009221725200319053,0.2850315684313343,0.0009220869575490492,0.01106058710139354,0.013153697874940546,-0.002093110773547007,7.0,False
39,right,161,663.3790647379832,663.3793629896651,-1,0.00029825168189745455,0.04532148999212761,0.045322738631071995,0.04532034122234622,0.0003547064614763952,0.04895700783656138,0.0002870406093760719,0.2899192442852551,0.0009389223284300899,0.28990464280036865,0.0009388367265866682,0.011060635021108758,0.013385451290844947,-0.002324816269736189,7.0,False
39,right,162,663.3787664863013,663.3790647379832,-1,0.00029825168189745455,0.02363053219544503,0.02363171778533412,0.023630282724623797,0.00035599542879878826,0.04899758558359723,0.0002879735624479174,0.2948436977177867,0.0009554358625343456,0.29482908413051895,0.0009553499824361011,0.01106068300894717,0.013618841491618551,-0.002558158482671382,7.0,False
39,right,163,663.3784682346195,663.3787664863013,-1,0.0002982516817837677,0.04532262527602426,0.04532543774367087,0.045323203495241354,0.00035695954211342203,0.049035612072908366,0.00028997933008158234,0.29988233535110415,0.0009727490410534002,0.2998677104223775,0.0009726625627316184,0.011060731141159233,0.013858794780967411,-0.002798063639808179,7.0,False
39,right,164,663.3781699829376,663.3784682346195,-1,0.00029825168189745455,0.04532258737939935,0.04532538822018764,0.04532293958109284,0.0003573211204789054,0.04907159380710153,0.0002928329240951065,0.3050061102229195,0.0009903551239177084,0.3049914745625745,0.0009902677945066796,0.011060779512737809,0.014102982209463646,-0.003042202696725838,7.0,False
39,right,165,663.3778717312557,663.3781699829376,-1,0.00029825168189745455,0.04532259054392764,0.04532535658925101,0.045322783152055804,0.00035727546479602843,0.0491063341329363,0.00029608293730134426,0.3102164611636009,0.0010082588013391972,0.3102018151418954,0.0010081705026062633,0.011060828186812706,0.014351480805540369,-0.003290652618727663,7.0,False
39,right,166,663.3775734795739,663.3778717312557,-1,0.0002982516817837677,0.04532263461688213,0.04532522231228724,0.045322733659708174,0.0003567308254003441,0.04914064144254549,0.0002991435669801218,0.3155148512325895,0.0010264647727367745,0.31550019497867665,0.001026375561165925,0.011060877180732575,0.014604368941213723,-0.0035434917604811483,7.0,False
39,right,167,663.377275227892,663.3775734795739,-1,0.00029825168189745455,0.03725933184171034,0.03725952582404006,0.037260077642386466,0.00035559427318672534,0.04917532271774699,0.0003013185834421918,0.3208911252477447,0.0010447840191768303,0.32087645865007763,0.001044694158903629,0.01106092646552002,0.014860804128490824,-0.003799877662970804,7.0,False
39,right,168,663.3769769762101,663.377275227892,-1,0.00029825168189745455,0.045324940886791544,0.045324858176032025,0.04532537577074946,0.00035442250947359646,0.04921080071792492,0.0003022490154576949,0.32636988689371443,0.0010636058389024779,0.3263552097146742,0.0010635157011263633,0.011060975965773035,0.015122696115969751,-0.004061720150196717,7.0,False
39,right,169,663.3766787245283,663.3769769762101,-1,0.0002982516817837677,0.04532502234014953,0.04532485076535341,0.045325385840277184,0.00035428966461817997,0.049246877826534696,0.00030223515723302107,0.33194122340133647,0.0010827453644313267,0.33192653546224343,0.0010826552307884852,0.011061025587003613,0.01538922392787497,-0.004328198340871358,7.0,False
39,right,170,663.3763804728464,663.3766787245283,-1,0.00029825168189745455,0.04532510335043724,0.045324888264728046,0.045325322700403604,0.0003544975320967485,0.04928329940889111,0.00030168182514107573,0.33760669895252826,0.0011022081897738142,0.3375920001506314,0.0011021182211631653,0.011061075259951423,0.015660473650563535,-0.004599398390612112,7.0,False
39,right,171,663.3760822211646,663.3763804728464,-1,0.00029825168189745455,0.03783581955121002,0.03783569753570599,0.03783585318728195,0.0003544547078560069,0.049319809452446184,0.00030100498712581946,0.343356989462017,0.001121819550394657,0.34334227977093823,0.0011217297836520843,0.011061124944881037,0.015935666380722528,-0.004874541435841492,7.0,False
39,right,172,663.3757839694828,663.3760822211646,-1,0.0002982516817837677,0.04532626820468971,0.04532546413337133,0.045324942742128775,0.00035412879376052925,0.04935617317601886,0.0003005872632577686,0.3492153583645066,0.0011419425440216749,0.3492006378278918,0.0011418529018659826,0.011061174631920703,0.01621660780348238,-0.005155433171561676,7.0,False
39,right,173,663.3754857178009,663.3757839694828,-1,0.00029825168189745455,0.04532629650669676,0.04532547523103478,0.045324843403282154,0.0003539134085754,0.04939241781710565,0.0003004946557266152,0.3551727160465584,0.0011624055881268955,0.3551579846999127,0.001162315973591521,0.011061224339429939,0.01650253808033561,-0.0054413137409056725,7.0,False
39,right,174,663.3751874661191,663.3754857178009,-1,0.0002982516817837677,0.045326341133173395,0.045325467655870914,0.04532486004329676,0.0003539864111618286,0.04942874176410545,0.0003005940631026445,0.3612307351588531,0.001183214476765555,0.3612159929785348,0.0011831248325817974,0.011061274091093443,0.016793549859518742,-0.0057322757684253,7.0,False
39,right,175,663.3748892144372,663.3751874661191,-1,0.00029825168189745455,0.04532634527329361,0.045325441582352084,0.045324908411758305,0.0003539700995124132,0.049465347105431316,0.00030074902539920135,0.36739111658616735,0.0012043749853392354,0.36737636348823877,0.0012042852949376783,0.011061323900950593,0.017089737355012857,-0.006028413454062264,7.0,False
39,right,176,663.3745909627553,663.3748892144372,-1,0.00029825168189745455,0.023057893421778886,0.023057983588110394,0.023057367954192658,0.0003539517645669688,0.04950243669078774,0.0003008208930720539,0.37362272875183694,0.0012253556069270592,0.3736079645918771,0.0012252658950908477,0.011061373773019864,0.01738858183907174,-0.006327208066051876,7.0,False
39,right,177,663.3742927110735,663.3745909627553,-1,0.0002982516817837677,0.04532648868203292,0.04532660412682949,0.045325470061459074,0.0003540635518135887,0.04954011743601637,0.0003007183672536347,0.37999249873783036,0.0012472281449905861,0.3799777233395305,0.0012471384637329065,0.011061423701179308,0.017695363002797105,-0.006633939301617798,7.0,False
39,right,178,663.3739944593916,663.3742927110735,-1,0.00029825168189745455,0.04532652242397031,0.0453265579809703,0.04532547472676196,0.0003540552744414716,0.04957811848717123,0.0003005412651305091,0.386469898681738,0.0012694702375592383,0.38645511194955506,0.0012693806091225305,0.01106147367255806,0.01800761344574153,-0.00694613977318347,7.0,False
39,right,179,663.3736962077097,663.3739944593916,-1,0.00029825168189745455,0.045326574914232566,0.045326554381449315,0.045325460773332354,0.0003539140153699617,0.04961607516915411,0.0003004362400381263,0.3930567471238349,0.0012920881333702908,0.3930419490710077,0.0012919985362574934,0.011061523681177146,0.01832543532731143,-0.007263911646134284,7.0,False
39,right,180,663.3733979560279,663.3736962077097,-1,0.0002982516817837677,0.045326646025384804,0.04532659311342837,0.04532542835296098,0.0003543089747133935,0.04965362093893667,0.0003005509358679473,0.39975489332785497,0.001315088390002163,0.3997400840769444,0.0013149987586811758,0.011061573731398563,0.01864893336145725,-0.007587359630058687,7.0,False
39,right,181,663.373099704346,663.3733979560279,-1,0.00029825168189745455,0.03860712160342164,0.03860830845552191,0.038606425653671596,0.0003548387840824764,0.04969039043002057,0.00030103665525345736,0.40655616828392216,0.0013383149464209218,0.40654134806644343,0.0013382251702332767,0.011061623838063412,0.01897741214807584,-0.007915788310012429,7.0,False
39,right,182,663.3728014526641,663.373099704346,-1,0.00029825168189745455,0.045327389495513806,0.04532896924284138,0.04532658346544123,0.0003552626380156754,0.0497261723849134,0.00030195967858370965,0.41348241559943066,0.0013620968739395702,0.4134675847099237,0.0013620068224586643,0.011061674026500858,0.019312569238915903,-0.008250895212415047,7.0,False
39,right,183,663.3725032009824,663.3728014526641,-1,0.0002982516817837677,0.0453272163370321,0.045329045381458016,0.04532655193332514,0.0003555683307531479,0.04976098522006225,0.0003032506428135367,0.4205256951077421,0.0013862808490699894,0.4205108538352541,0.001386190412556865,0.011061724325879188,0.019653727679235008,-0.008592003353355821,7.0,False
39,right,184,663.3722049493005,663.3725032009824,-1,0.00029825168189745455,0.0453270103224405,0.04532912105092171,0.04532656292244139,0.00035575582459468336,0.04979486590378552,0.0003048251792036787,0.4276879842687987,0.001410873604206908,0.42767313289133413,0.0014107826980856227,0.011061774759254753,0.0200010002278949,-0.008939225468640148,7.0,False
39,right,185,663.3719066976186,663.3722049493005,-1,0.00029825168189745455,0.03649164865699106,0.03649352137681433,0.03649144489352849,0.0003558385462980011,0.04982785170883214,0.0003065900012279911,0.4349579267626467,0.0014356676252146345,0.4349430655471103,0.0014355761927322122,0.011061825342662356,0.020353432640051294,-0.00929160729738894,7.0,False
39,right,186,663.3716084459368,663.3719066976186,-1,0.0002982516817837677,0.045330048400739585,0.04533030957109925,0.045328918845977784,0.00035582820975159953,0.04985998936001665,0.00030844003307576977,0.44236407942119477,0.0014610950157727552,0.44234920862055543,0.0014610030315152576,0.011061876085026444,0.02071326114576008,-0.009651385060733639,7.0,False
39,right,187,663.3713101942549,663.3716084459368,-1,0.00029825168189745455,0.04532972237734052,0.045330332922598394,0.04532899542211763,0.0003557170062251811,0.04989142402120237,0.00031026092670073766,0.4498953730766092,0.0014869520107331636,0.4498804929005237,0.001486859483391045,0.011061926988105918,0.021079555627520837,-0.010017628639414921,7.0,False
39,right,188,663.371011942573,663.3713101942549,-1,0.00029825168189745455,0.04532950954836982,0.045330370583042394,0.04532907145288745,0.00035548556800368304,0.04992236085044328,0.0003119283319569764,0.45755392236171255,0.0015132457949811088,0.45753903295866566,0.0015131527703325677,0.01106197804680294,0.021452438319571297,-0.010390460272768359,7.0,False
39,right,189,663.3707136908912,663.371011942573,-1,0.0002982516817837677,0.04532940928784622,0.04533036596018456,0.04532914688980557,0.0003551332470815415,0.04995300710778684,0.0003133077344103989,0.4653418775925138,0.0015399836708411818,0.4653269790491747,0.0015398902347835749,0.011062029249328562,0.021832033958490628,-0.010770004709162067,7.0,False
39,right,190,663.3704154392093,663.3707136908912,-1,0.00029825168189745455,0.02440606712288054,0.024405031922182626,0.024404947615594846,0.00035466047221399753,0.04998357139376328,0.00031425889923857405,0.47322928314497303,0.001566663731153107,0.4732143754857786,0.0015665700114089543,0.011062080577092728,0.02221589018131861,-0.011153809604225885,7.0,False
39,right,191,663.3701171875275,663.3704154392093,-1,0.0002982516817837677,0.04533221059264586,0.04533050107421894,0.04533030000276519,0.00035416557590824073,0.05001422214343259,0.0003146968299396885,0.48128210630089785,0.0015943036439679,0.4812671895000714,0.0015942097936102152,0.011062132004617309,0.02260924784400832,-0.011547115839391013,7.0,False
39,right,192,663.3698189358456,663.3701171875275,-1,0.00029825168189745455,0.04533216120608911,0.04533052869168158,0.04533035003381711,0.0003540247934553984,0.05004498002837735,0.0003147410136124953,0.4894709975175072,0.0016224104258199818,0.4894560715430841,0.0016223165622844065,0.011062183502487012,0.02300970801354192,-0.011947524511054911,7.0,False
39,right,193,663.3695206841637,663.3698189358456,-1,0.00029825168189745455,0.045332109655287355,0.04533057565508933,0.04533037388196393,0.0003541003634051992,0.050075832093536894,0.0003145630772242601,0.4977982559054827,0.0016509920828752407,0.4977833207293793,0.0016508982724094924,0.01106223504817999,0.02341740655996313,-0.012355171511783142,7.0,False
39,right,194,663.3692224324819,663.3695206841637,-1,0.0002982516817837677,0.045331948256743075,0.045330641895464374,0.045330354427629234,0.0003540725885603902,0.050106764816319795,0.00031433771815836815,0.5062662193444938,0.0016800566603418958,0.5062512749426594,0.0016799629170899035,0.011062286628595182,0.0238324819293847,-0.01277019530078952,7.0,False
39,right,195,663.3689241808,663.3692224324819,-1,0.00029825168189745455,0.03995665348167006,0.039956471314348985,0.03995563099382768,0.0003539602086417834,0.05013776623232045,0.00031423724147923844,0.5148688734230388,0.0017094810588467327,0.5148539197749743,0.0017093873455620429,0.011062338240196964,0.024254399583184042,-0.01319206134298708,7.0,False
39,right,196,663.3686259291181,663.3689241808,-1,0.00029825168189745455,0.045331549487075073,0.045331386870254155,0.0453305083690488,0.000354042169374963,0.05016892137152019,0.0003143118799616168,0.5236252781861701,0.0017395340138132837,0.5236103152460329,0.001739440278267541,0.011062389888996918,0.02468464291342198,-0.013622253024425064,7.0,False
39,right,197,663.3683276774364,663.3686259291181,-1,0.0002982516817837677,0.04533153476469887,0.04533120028268456,0.04533054262263001,0.0003540276888535766,0.05020044898110287,0.00031444454197675963,0.5325296392153255,0.0017700947830244266,0.5325146668720314,0.0017700010079120506,0.011062441584084017,0.02512269565555572,-0.014060254071471706,7.0,False
39,right,198,663.3680294257545,663.3683276774364,-1,0.00029825168189745455,0.0453315622951026,0.04533097991772803,0.04533059623038782,0.00035399477828206987,0.0502325783930004,0.00031450411272151486,0.5415844565843373,0.0018011719014161653,0.5415694746583865,0.0018010781085366788,0.011062493328653387,0.025568708038989394,-0.014506214710336009,7.0,False
39,right,199,663.3677311740726,663.3680294257545,-1,0.00029825168189745455,0.035149816751541364,0.03514926251038455,0.035149101419050345,0.0003543700774136482,0.05026554004491762,0.0003143579649321761,0.550776153572588,0.0018325247065171383,0.550761161815769,0.0018324309572264755,0.011062545119251805,0.026021531575929582,-0.01495898645667778,7.0,False
39,right,200,663.3674329223908,663.3677311740726,-1,0.0002982516817837677,0.04533213769833269,0.045334093342632616,0.04533149089699952,0.0003546051147320493,0.050299493187317156,0.0003139052729186559,0.5601392843291072,0.001864656777999404,0.5601242824457119,0.0018645631637249315,0.011062596945667212,0.026483902646525215,-0.015421305700858005,7.0,False
39,right,201,663.3671346707089,663.3674329223908,-1,0.00029825168189745455,0.04533213618924109,0.045333752230764995,0.04533132667819043,0.00035456836349139853,0.05033391074908484,0.00031333445407968923,0.5696606230200575,0.0018973317297315288,0.5696456108715608,0.0018972382857046991,0.011062648792321796,0.02695470314397579,-0.015892054351653997,7.0,False
39,right,202,663.366836419027,663.3671346707089,-1,0.00029825168189745455,0.04533211513067856,0.04533352746516755,0.04533112845044392,0.0003541805223996077,0.050367883487369876,0.00031298656004749304,0.5793428426412753,0.0019305587325811353,0.5793278203603524,0.0019304653923142858,0.011062700652428007,0.027434096513244223,-0.016371395860816217,7.0,False
39,right,203,663.3665381673452,663.366836419027,-1,0.0002982516817837677,0.04533207472211436,0.045333418456814885,0.04533089650697137,0.0003549580857473761,0.05040049432740548,0.0003132022281451579,0.5891886613439644,0.001964347572163988,0.5891736293368093,0.0019642541675738015,0.011062752536031355,0.027922250884360646,-0.016859498348329293,7.0,False
39,right,204,663.3662399156633,663.3665381673452,-1,0.00029825168189745455,0.02575166480179161,0.025753566192745797,0.02575219685844229,0.000356347844119338,0.05043082289660598,0.00031434407219749954,0.5991692704112278,0.001998226336623119,0.5991542293585201,0.0019981325914759877,0.011062804470397604,0.028416776430199093,-0.017353971959801495,7.0,False
39,right,205,663.3659416639814,663.3662399156633,-1,0.00029825168189745455,0.045333262872185975,0.04533627940090576,0.04533396310088015,0.00035732138649090446,0.05045831241040879,0.0003166511623845084,0.6093500961195418,0.002033159974242313,0.6093350468680404,0.002033065541001653,0.01106285650032512,0.028922920369667884,-0.01786006386934277,7.0,False
39,right,206,663.3656434122996,663.3659416639814,-1,0.0002982516817837677,0.045333204322822195,0.045336228552181806,0.04533366197773237,0.00035765067455371686,0.05048360467075557,0.0003197940688135242,0.6197029454645432,0.002068684231549701,0.6196878886695882,0.0020685888609319495,0.011062908679590141,0.0294383466896303,-0.018375438010040164,7.0,False
39,right,207,663.3653451606177,663.3656434122996,-1,0.00029825168189745455,0.045333190142619925,0.04533616543727846,0.04533347705178061,0.00035757296221326323,0.05050758891809481,0.00032325152213241503,0.6302307253746242,0.0021048088077950224,0.6302156614263215,0.0021047124059859665,0.011062961042169705,0.029963236332161382,-0.01890027528999168,7.0,False
39,right,208,663.3650469089358,663.3653451606177,-1,0.00029825168189745455,0.04533321997498347,0.04533598833590434,0.045333407642561746,0.0003569327153593272,0.050531157460814345,0.00032639777107464665,0.6409363918058194,0.0021415434859452143,0.6409213208281591,0.00214144614576212,0.011063013595954449,0.030497773928736836,-0.01943476033278239,7.0,False
39,right,209,663.364748657254,663.3650469089358,-1,0.0002982516817837677,0.04130615880384268,0.04130631492736605,0.04130708863482188,0.00035567261413176125,0.050555191644675965,0.00032853272807570826,0.6518163265056315,0.0021787986362654544,0.6518012483597412,0.0021787006593278805,0.011063066322274136,0.03104160828649811,-0.019978541964223977,7.0,False
39,right,210,663.3644504055721,663.364748657254,-1,0.00029825168189745455,0.045335672452765326,0.04533556932561751,0.045336238062723334,0.00035445475656388514,0.05058007966766634,0.00032938514070474995,0.6628867245071057,0.002216782095523542,0.662871638938315,0.00221668386435243,0.011063119175929918,0.03159600202942272,-0.020532882853492803,7.0,False
39,right,211,663.3641521538904,663.3644504055721,-1,0.0002982516817837677,0.04533573860166953,0.045335549471843775,0.0453362180083901,0.00035444214761237025,0.05060558428638451,0.00032930169068956755,0.6741441779673737,0.00225540706902033,0.6741290847917931,0.002255308862738363,0.011063172103356883,0.0321606247424833,-0.021097452639126425,7.0,False
39,right,212,663.3638539022085,663.3641521538904,-1,0.00029825168189745455,0.04533580411890009,0.04533557090290145,0.045336117845749306,0.00035462732649265593,0.05063142747075701,0.00032870190161370403,0.6855918474629501,0.0022946845829988063,0.6855767465795907,0.0022945865556049027,0.011063225065987928,0.032735679176737774,-0.02167245411074985,7.0,False
39,right,213,663.3635556505266,663.3638539022085,-1,0.00029825168189745455,0.03380726674812122,0.03380716331462865,0.03380734895095222,0.00035456307039823836,0.05065733035033102,0.00032801244741960064,0.6972136717878568,0.0023343397323710405,0.6971985631789198,0.00233424191060801,0.011063278042046843,0.03331979558912893,-0.022256517547082095,7.0,False
39,right,214,663.3632573988448,663.3635556505266,-1,0.0002982516817837677,0.04533700976692129,0.045336145490554675,0.04533566215160765,0.00035420095470436617,0.05068304866832134,0.00032761467431713674,0.7090511451095369,0.0023749508958548814,0.7090360288300742,0.002374853192728385,0.011063331026855295,0.033916307516216854,-0.022852976489361562,7.0,False
39,right,215,663.3629591471629,663.3632573988448,-1,0.00029825168189745455,0.04533702633069923,0.04533613643039114,0.04533555410039256,0.0003540143267200069,0.05070864064982507,0.0003275424082132365,0.7210886346657804,0.0024162483020532147,0.7210735107534604,0.002416150620480168,0.011063384031496558,0.03452388454075713,-0.023460500509260577,7.0,False
39,right,216,663.362660895481,663.3629591471629,-1,0.00029825168189745455,0.045337051470918065,0.04533610740732507,0.045335552951929044,0.0003540799331341185,0.05073431920639174,0.00032765617488602353,0.7333295201184316,0.002458243581501801,0.7333143885474387,0.002458145865997653,0.011063437068933389,0.03514274731650396,-0.02407931024757057,7.0,False
39,right,217,663.3623626437992,663.362660895481,-1,0.0002982516817837677,0.04533703179501219,0.04533605854200899,0.0453355860826336,0.00035405654866086305,0.05076029893234002,0.00032781472417481305,0.7457772381941482,0.0025009484563190943,0.7457620988746642,0.0025008506935273915,0.011063490146832394,0.03577312108053534,-0.024709630933702948,7.0,False
39,right,218,663.3620643921173,663.3623626437992,-1,0.00029825168189745455,0.027099102424080247,0.027099284548849835,0.02709856139199828,0.00035405685722910926,0.05078679480314831,0.00032787497423656986,0.7584041150480255,0.0025439201659669054,0.7583889678260977,0.002543822385205483,0.011063543267396336,0.03641267377510716,-0.025349130507710826,7.0,False
39,right,219,663.3617661404354,663.3620643921173,-1,0.00029825168189745455,0.045337151556095856,0.045337260817629024,0.04533614465704855,0.0003541596778005517,0.05081389006254908,0.00032775732046287946,0.771275516575428,0.0025880726766607225,0.7712603612722936,0.0025879749309897352,0.011063596427262791,0.03706671519904261,-0.026003118771779823,7.0,False
39,right,220,663.3614678887536,663.3617661404354,-1,0.0002982516817837677,0.04533716880380424,0.04533719480094666,0.04533612870500643,0.0003541433676017488,0.050841271973967775,0.0003275762730473222,0.7843644044065349,0.0026329712013985133,0.7843492409367051,0.00263287350972526,0.011063649619688783,0.03773297318121295,-0.026669323561524173,7.0,False
39,right,221,663.3611696370717,663.3614678887536,-1,0.00029825168189745455,0.04533720612449346,0.04533717410011748,0.04533609286352867,0.0003540239630402823,0.05086855289858428,0.00032748269836404366,0.7976744532907506,0.0026786283601976826,0.7976592816843333,0.0026785306964331986,0.01106370284139828,0.038411693901351414,-0.027347991059953138,7.0,False
39,right,222,663.3608713853898,663.3611696370717,-1,0.00029825168189745455,0.04533726334124039,0.045337198367565966,0.04533603723441626,0.00035446122641483494,0.05089534403271774,0.0003276286668831562,0.811209400046778,0.002725057186713207,0.8111942204498598,0.002724959479413366,0.011063756093953374,0.039103129621815606,-0.028039373527862236,7.0,False
39,right,223,663.360573133708,663.3608713853898,-1,0.0002982516817837677,0.042654713751709754,0.0426561081971722,0.04265397020634965,0.00035501735716543607,0.05092126161543678,0.0003281674463700264,0.824968352839793,0.002772203569367728,0.824953165512918,0.0027721057013760366,0.011063809383882916,0.03980715005673432,-0.028743340672851406,7.0,False
39,right,224,663.3602748820261,663.360573133708,-1,0.00029825168189745455,0.045337994882964104,0.045339693984936424,0.04533723305619238,0.000355452097419345,0.05094611037411974,0.00032914739233640925,0.8389644827235921,0.0028202141228688884,0.8389492879855271,0.0028201159626066274,0.011063862722685664,0.040524786418731695,-0.029460923696046037,7.0,False
39,right,225,663.3599766303442,663.3602748820261,-1,0.00029825168189745455,0.045337788728399935,0.04533975406667102,0.04533718259940616,0.0003557623010979559,0.05096991614121856,0.0003304880773125626,0.8531971025845052,0.00286903610737744,0.8531819007463302,0.00286893754725363,0.011063916123256948,0.0412559270623098,-0.030192010939052858,7.0,False
39,right,226,663.3596783786625,663.3599766303442,-1,0.0002982516817837677,0.0453375477275245,0.04533981336433361,0.04533717733490686,0.0003559480886997619,0.050992717420653304,0.00033209835631809164,0.8676702082826278,0.002918683168491105,0.8676549996439387,0.0029185841280989105,0.01106396959560483,0.04200084693068756,-0.030936877335082737,7.0,False
39,right,227,663.3593801269806,663.3596783786625,-1,0.00029825168189745455,0.032462823643773155,0.03246439579839201,0.03246267596701015,0.0003560235591381206,0.05101455277548078,0.00033387968208041594,0.8823648911737725,0.002968844843953316,0.8823496760226461,0.0029687452722776796,0.011064023146529824,0.04275791914363712,-0.031693895997107306,7.0,False
39,right,228,663.3590818752988,663.3593801269806,-1,0.0002982516817837677,0.04534073208077329,0.04534102917968532,0.0453396540704674,0.00035600679141640465,0.051035475952943526,0.0003357244459894633,0.897330843582108,0.003020178493257049,0.8973156221906146,0.003020078371377512,0.011064076779533069,0.04353120939972714,-0.03246713262019408,7.0,False
39,right,229,663.3587836236169,663.3590818752988,-1,0.00029825168189745455,0.04534037317465325,0.04534104074910938,0.045339714677674975,0.0003558781521410958,0.05105565784497387,0.0003375188089880424,0.9125496726509752,0.0030723794656120945,0.9125344452401928,0.003072278808560737,0.011064130494795762,0.04431914099261028,-0.03325501049781452,7.0,False
39,right,230,663.358485371935,663.3587836236169,-1,0.00029825168189745455,0.045340133985705064,0.04534105825276957,0.045339774494966664,0.00035562343405693905,0.05107532519777374,0.00033914119325587365,0.9280256513120213,0.0031254623407477333,0.9280104180354178,0.003125361199817539,0.011064184289534632,0.045122014786509304,-0.03405783049697468,7.0,False
39,right,231,663.3581871202532,663.358485371935,-1,0.0002982516817837677,0.045340013776259167,0.04534102978634735,0.04533983354948313,0.00035524182515437247,0.05109470588018291,0.0003404623412629234,0.9437631246401096,0.003179441941518906,0.9437478855831907,0.0031793404065541355,0.011064238158132202,0.04594013854705933,-0.034875900388927135,7.0,False
39,right,232,663.3578888685713,663.3581871202532,-1,0.00029825168189745455,0.02844827232694496,0.028446925897847454,0.028446922004445353,0.00035473415018525724,0.051114028707771625,0.00034134880878321537,0.9597355774723841,0.003233905052232645,0.9597203326523936,0.0032338032528774065,0.011064292092050306,0.0467712413115592,-0.0357069492195089,7.0,False
39,right,233,663.3575906168894,663.3578888685713,-1,0.00029825168189745455,0.04534292186470421,0.045341140076819025,0.04534101881891399,0.0003542256720131806,0.05113346380931477,0.000341736007718864,0.9760088504235822,0.0032897164155275918,0.9759935998070399,0.0032896145006896193,0.011064346079749704,0.04762076466302265,-0.03655641858327295,7.0,False
39,right,234,663.3572923652076,663.3575906168894,-1,0.0002982516817837677,0.04534287327739421,0.045341150982290024,0.0453410519193228,0.00035412967418954714,0.05115301850084209,0.0003417535754119993,0.9925570897910397,0.003346470672749451,0.9925418333422836,0.0033463687526719232,0.011064400108238113,0.04848650430267616,-0.037422104194438054,7.0,False
39,right,235,663.3569941135257,663.3572923652076,-1,0.00029825168189745455,0.045342791163442475,0.04534118231990191,0.04534105368105016,0.00035419354688324555,0.051172671724120204,0.000341569250723912,1.0093849415605354,0.0034041838548990954,1.0093696792501663,0.0034040819897966776,0.011064454167539728,0.04936879801951243,-0.03830434385197271,7.0,False
39,right,236,663.3566958618438,663.3569941135257,-1,0.00029825168189745455,0.04534258933054484,0.045341234020332064,0.045341009432912915,0.00035415680690460835,0.05119240209040687,0.0003413530974814321,1.0264971301283738,0.0034628721853024024,1.02648186193339,0.0034627703846680526,0.011064508251546682,0.050267991227270846,-0.03920348297572417,7.0,False
39,right,237,663.356397610162,663.3566958618438,-1,0.0002982516817837677,0.04400506554877381,0.044004861455169964,0.04400396002115386,0.0003540579830141506,0.051212192212654176,0.00034127045144676443,1.0438959435469672,0.0035225180492859864,1.043880669449552,0.0035224162733009943,0.011064562358154229,0.05118422566847194,-0.040119663310317716,7.0,False
39,right,238,663.3560993584802,663.356397610162,-1,0.00029825168189745455,0.04534214680741276,0.04534195775273423,0.045341141512426485,0.0003541305449066269,0.05123214448183738,0.00034135114685835734,1.0615912579591233,0.003583205943179337,1.0615759779109044,0.003583104143126763,0.011064616489264581,0.052118282500246305,-0.04105366601098173,7.0,False
39,right,239,663.3558011067983,663.3560993584802,-1,0.00029825168189745455,0.045342119138371585,0.04534174018365338,0.045341159467805946,0.0003541092458892571,0.05125249162844062,0.00034147773893451565,1.0795855663950311,0.0036449192736172542,1.0795702802782414,0.003644817435808381,0.011064670648093987,0.05307032414054304,-0.04200565349244906,7.0,False
39,right,240,663.3555028551165,663.3558011067983,-1,0.0002982516817837677,0.04534213040123439,0.045341487233779676,0.045341197783114004,0.00035410717764946923,0.05127347357262539,0.00034152377288107234,1.097883920922138,0.003707675334305732,1.0978686285474542,0.003707573482767195,0.01106472483614201,0.054040729425521905,-0.042976004589379904,7.0,False
39,right,241,663.3552046034346,663.3555028551165,-1,0.00029825168189745455,0.031120136014961355,0.031119811202717142,0.031119582532351676,0.00035450565537962185,0.051295331077604,0.0003413615918548698,1.1164640648377424,0.0037711266449790633,1.116448765944015,0.0037710248418112518,0.011064779052951019,0.055027567207207,-0.04396278815425599,7.0,False
39,right,242,663.3549063517527,663.3552046034346,-1,0.00029825168189745455,0.04534269370187696,0.0453447116595646,0.04534208127305699,0.0003547135435533183,0.0513181995430946,0.000340906070209971,1.1353855519018918,0.0038360152910794617,1.135370246187606,0.0038359136237717468,0.011064833296008252,0.05603582530289429,-0.04497099200688604,7.0,False
39,right,243,663.3546081000709,663.3549063517527,-1,0.0002982516817837677,0.04534267199229125,0.04534434181381651,0.04534188705762873,0.00035465635178529026,0.05134146280906749,0.00034036484379953573,1.1546267510639545,0.0039020002969221957,1.1546114384113664,0.003901898791036207,0.011064887561169632,0.057063637426832285,-0.04599874986566266,7.0,False
39,right,244,663.354309848389,663.3546081000709,-1,0.00029825168189745455,0.045342629906094126,0.04534409367095536,0.04534165733764956,0.0003542166753201828,0.051364178058279385,0.0003400665976495723,1.1741930641910088,0.003969100172089715,1.1741777447635535,0.003968998755156102,0.011064941846270361,0.05811141973309582,-0.047046477886825463,7.0,False
39,right,245,663.3540115967071,663.354309848389,-1,0.00029825168189745455,0.04534256748147859,0.04534396633683886,0.04534139228986337,0.0003551909814320751,0.05138539853956388,0.0003403403628300919,1.194089984387294,0.004037334283751161,1.1940746586307946,0.004037232785166623,0.011064996152876247,0.059179600083433495,-0.048114603930557255,7.0,False
39,right,246,663.3537133450253,663.3540115967071,-1,0.0002982516817837677,0.02979422592517751,0.029796441936007553,0.02979497591239708,0.0003566324003178589,0.0514041760596392,0.00034153446894556397,1.2142922264040508,0.004106319671896662,1.21427689504713,0.0041062178171680066,0.011065050486558616,0.06026598138120091,-0.0492009308946423,7.0,False
39,right,247,663.3534150933434,663.3537133450253,-1,0.00029825168189745455,0.04534377323157193,0.04534692711314165,0.045344570946135934,0.00035758038669467246,0.051420037333857006,0.00034382494371911425,1.2348666956113605,0.004176873767719589,1.2348513595237822,0.00417677122985294,0.01106510485715275,0.06137622418385454,-0.0503111193267018,7.0,False
39,right,248,663.3531168416616,663.3534150933434,-1,0.0002982516817837677,0.04534369634739054,0.04534688104911493,0.04534424294683455,0.00035786168689795123,0.05143371206620435,0.00034684825657953423,1.2557888060592368,0.004248620303220343,1.2557734658931525,0.004248516863645588,0.011065159276478437,0.06250820422450541,-0.051443044948026984,7.0,False
39,right,249,663.3528185899797,663.3531168416616,-1,0.00029825168189745455,0.045343665572693585,0.0453467878736031,0.04534403638492644,0.00035775141194544397,0.05144611890914642,0.0003500952433738483,1.2770644319651765,0.004321579154262945,1.2770490880987244,0.004321474746268878,0.011065213752024926,0.0636623893257037,-0.05259717557367878,7.0,False
39,right,250,663.3525203382978,663.3528185899797,-1,0.00029825168189745455,0.045334394182296345,0.04533728442112949,0.04533466453948785,0.000357028980883037,0.05145817889526505,0.0003529744700711186,1.2986995277920252,0.0043957701976246825,1.2986841803286622,0.004395664930896411,0.011065268285601018,0.06483925673694302,-0.05377398845134201,7.0,False
39,right,251,663.352222086616,663.3525203382978,-1,0.0002982516817837677,0.0453461696470245,0.04534628838197007,0.04534723136381076,0.00035569889809908343,0.05147078988512527,0.00035484940434084316,1.3207002079025147,0.004471214402646749,1.3206848566779086,0.004471108576716218,0.01106532287293225,0.06603930042765989,-0.054973977554727646,7.0,False
39,right,252,663.3519238349342,663.352222086616,-1,0.00029825168189745455,0.0453462221742948,0.04534610728722403,0.04534690995423425,0.00035446363339665106,0.051484272216354494,0.0003555473696340347,1.3430726282348173,0.004547932632199072,1.3430572729890773,0.004547826598099178,0.011065377503461942,0.06726302223847826,-0.056197644735016324,7.0,False
39,right,253,663.3516255832523,663.3519238349342,-1,0.00029825168189745455,0.045346273804697,0.04534607372697204,0.04534686310352557,0.0003545778735492883,0.05149836676531952,0.0003554114134865303,1.3658230699785678,0.004625946931663988,1.3658077105291049,0.004625840938113243,0.011065432164899202,0.06851094004536062,-0.057445507880461426,7.0,False
39,right,254,663.3513273315705,663.3516255832523,-1,0.0002982516817837677,0.04534632454787754,0.04534607881992894,0.04534672725300801,0.00035473110982294837,0.05151278869879897,0.0003548318218422971,1.3889579203284461,0.004705279329638476,1.3889425565776232,0.004705173508951955,0.011065486848087173,0.06978358310992926,-0.058718096261842094,7.0,False
39,right,255,663.3510290798886,663.3513273315705,-1,0.00029825168189745455,0.029776935227743943,0.029776800726549084,0.029776980390380618,0.0003546455752730457,0.05152725247518848,0.00035420337408107946,1.4124508893864796,0.004785542771949193,1.412435521321805,0.0047854371386982335,0.011065541547476057,0.07107865116718651,-0.06001310961971046,7.0,False
