half_steps,cell_index,side,step_index,physical_left,physical_right,reset_T_radius,reset_C_radius,local_T_tube_radius,local_C_tube_radius,active_center_separation,active_product_radius,active_lower,local_rq,transport_radius_0,transport_radius_1,transport_radius_2,inverse_q_0,inverse_q_1,step_pass,inverse_q_2
64,39,left,1,663.2746766493331,663.2758696560605,0.016229040558237783,6.561193739243007e-07,0.01835720995868658,7.613552736502824e-05,0.011077842947355922,0.0008659445909941058,0.010211898356361814,0.04535802684688313,0.0,0.0,0.0,5e-324,5e-324,True,
64,39,left,2,663.2758696560605,663.2770626627879,0.01671160818631183,6.123284469697781e-05,0.018715508127146747,0.00013808734266113044,0.011077713502118955,0.001008464840875804,0.01006924866124315,0.04535991925437284,2.926072915371498e-05,2.9259595019739533e-05,2.92594686699285e-05,2.964889751802005e-05,2.9647748286001324e-05,True,
64,39,left,3,663.2770626627879,663.2782556695154,0.017212238382694877,0.00012747049570399998,0.019093261834218934,0.00020610856392895192,0.011077583443154782,0.0011643935019326817,0.009913189941222098,0.045369665336731764,5.97838144255796e-05,5.9782100505791337e-05,5.978282260287771e-05,6.138032381374536e-05,6.137856391050243e-05,True,
64,39,left,4,663.2782556695154,663.2794486762427,0.017731207900883575,0.0001995700242534142,0.01958328035448056,0.0002821249093800531,0.01107745074625217,0.00134134776767378,0.009736102978578388,0.045369103565735855,9.150956486138727e-05,9.150970403519797e-05,9.150955671679496e-05,9.51988458726016e-05,9.51989901465525e-05,True,
64,39,left,5,663.2794486762427,663.2806416829702,0.01826051755728339,0.00027362348298911427,0.020309227898870175,0.0003644213570024462,0.011077309714018926,0.0015406140019619216,0.009536695712057003,0.045358594003763505,0.00012253478702198961,0.00012253773483771277,0.00012253409736309235,0.00012916369774499366,0.00012916680405354776,True,
64,39,left,6,663.2806416829702,663.2818346896977,0.01880726851771968,0.0003531942418956402,0.021054147102436277,0.00045265499266050136,0.01107716655731453,0.0017530873070788146,0.009324079250235715,0.04535636326439169,0.0001544070067091185,0.00015440971086659602,0.00015440559588919314,0.0001649145364147271,0.0001649174229913327,True,
64,39,left,7,663.2818346896977,663.283027696425,0.019376074686246688,0.0004406750830448478,0.02178375944771263,0.0005486473492054012,0.011077022775360743,0.001981234740671385,0.009095788034689356,0.04535651002082115,0.00018802068662612654,0.000188022843917914,0.0001880184607885143,0.00020347084028762215,0.00020347317247271422,True,
64,39,left,8,663.283027696425,663.2842207031525,0.01996229270049808,0.0005338349147921528,0.02237279766041234,0.0006477423757689958,0.011076878046168448,0.002210469119785494,0.008866408926382952,0.04536172276823072,0.0002222523100684725,0.00022225231249334637,0.00022224832209926095,0.00024369125555990338,0.0002436912549339407,True,
64,39,left,9,663.2842207031525,663.2854137098799,0.020559845675127388,0.0006296722505402183,0.022853953124794723,0.0007474328096008192,0.011076730750510773,0.0024368211027889766,0.008639909647721796,0.04536271768556387,0.00025576169986803204,0.00025576306397560476,0.0002557579907120624,0.0002841303112450334,0.0002841318222919145,True,
64,39,left,10,663.2854137098799,663.2866067166074,0.021174266345415128,0.0007310488112695517,0.023353264202763367,0.0008530372898465268,0.011076578253363613,0.0026762982108388166,0.008400280042524794,0.04535767384979124,0.00028966769168414547,0.00028967152233793254,0.0002896639517709446,0.0003260322552902714,0.0003260365611168526,True,
64,39,left,11,663.2866067166074,663.2877997233348,0.02181323255230508,0.0008419998996189331,0.023942923184997623,0.0009701000305629665,0.011076421836597303,0.0029433135906653174,0.008133108245931985,0.04535430100056664,0.000325433431495902,0.0003254375751189766,0.0003254285452486629,0.0003710991614466714,0.0003711038791754384,True,
64,39,left,12,663.2877997233348,663.2889927300622,0.022466372226578095,0.0009573244325213757,0.024801886781515462,0.001096681140619485,0.011076264397445837,0.003240975483672845,0.00783528891377299,0.045355101354287476,0.0003608872850071361,0.00036089049927565575,0.0003608813586766512,0.0004169215380875431,0.0004169252423189368,True,
64,39,left,13,663.2889927300622,663.2901857367897,0.023134949171445537,0.0010777546312265905,0.025677674051329046,0.0012287565916135686,0.01107610603438078,0.003550977755220718,0.007525128279160061,0.045357020200365895,0.0003962469243242619,0.0003962490589764017,0.0003962397798298892,0.00046375654745741757,0.0004637590347715726,True,
64,39,left,14,663.2901857367897,663.291378743517,0.023829966847822154,0.0012091458526203684,0.026557209138061765,0.001372133749087257,0.01107594727258227,0.0038849279936890167,0.007191019278893253,0.04536465468567484,0.0004335436250429618,0.00043354600016873524,0.00043353787787616435,0.0005140242829646345,0.0005140270857882698,True,
64,39,left,15,663.291378743517,663.2925717502445,0.024547633436930755,0.001349697938670438,0.02730142190957754,0.0015222536718943421,0.01107578277240739,0.004227774400860547,0.006848008371546843,0.0453535887373222,0.0004719300436703316,0.00047193644119284767,0.00047192441437849384,0.0005668122915730614,0.0005668199595233476,True,
64,39,left,16,663.2925717502445,663.293764756972,0.025281094207308032,0.001495947951844626,0.02792778873367811,0.0016758882472738892,0.011075613278025639,0.004573439444701264,0.006502173833324374,0.04535325977576488,0.0005100709935908813,0.0005100784717150408,0.0005100641962534045,0.0006205632285827792,0.0006205723079112207,True,
64,39,left,17,663.293764756972,663.2949577636994,0.02602857506684275,0.0016470631549756526,0.028569279719938123,0.001834714127945353,0.011075443582581505,0.004930745794027329,0.006144697788554174,0.04535133020180337,0.0005476286229402874,0.0005476353458167601,0.0005476209878596987,0.0006748654159239808,0.0006748736790345857,True,
64,39,left,18,663.2949577636994,663.2961507704268,0.02680478774704897,0.0018110347261549346,0.029276903111362027,0.002007983241775743,0.011075273030461468,0.005321095473287066,0.005754177557174401,0.0453537311009412,0.0005871594845858504,0.0005871648185947125,0.0005871503150438497,0.0007328978866966767,0.0007329045195992259,True,
64,39,left,19,663.2961507704268,663.2973437771542,0.027603288353001697,0.001984636223133246,0.030291979559332743,0.002197083182706221,0.011075101457153973,0.0057572875343008265,0.005317813922853146,0.04535605050313636,0.0006274193188516743,0.0006274237004928727,0.0006274089989575743,0.0007931973759359633,0.0007932028867484018,True,
64,39,left,20,663.2973437771542,663.2985367838817,0.0284154590362062,0.0021633811119751304,0.031322002589662064,0.00239172065710222,0.011074926300711463,0.006206052417478009,0.0048688738832334535,0.04535392029330706,0.0006668896794309068,0.0006668969940178647,0.0006668800201530299,0.0008538703496790195,0.0008538796826332384,True,
64,39,left,21,663.2985367838817,663.299729790609,0.029256256226792784,0.0023555496775111073,0.03237252349686878,0.00260056433863626,0.011074746919603246,0.0066857698653728535,0.0043889770542303915,0.04534848120316921,0.0007080424706908659,0.0007080514612209162,0.0007080318436051609,0.0009180985578362567,0.0009181101786985517,True,
64,39,left,22,663.299729790609,663.3009227973365,0.030126619520763773,0.0025619273788718556,0.033294784564692495,0.002821503212701026,0.011074565787904011,0.007185926028895102,0.0038886397590089084,0.0453475641783231,0.0007509047533984321,0.0007509133248946089,0.0007508930675239132,0.000986014672984787,0.00098602588657004,True,
64,39,left,23,663.3009227973365,663.302115804064,0.031018362097884937,0.0027782581597226145,0.034090292005599716,0.0030501337196480213,0.01107438400847281,0.007697317440490463,0.003377066567982347,0.04534931748634825,0.0007940534509566958,0.000794060628010229,0.0007940400380296549,0.0010558257315950435,0.0010558352280653008,True,
64,39,left,24,663.302115804064,663.3033088107913,0.031925028905754445,0.0030011341997647095,0.034901838716520577,0.003285752605128838,0.011074201926973015,0.008224378920393254,0.00284982300657976,0.045357712588968944,0.0008364348998532534,0.0008364414642526666,0.0008364217515728278,0.0011261418230253777,0.0011261506093333986,True,
64,39,left,25,663.3033088107913,663.3045018175188,0.032859325430877606,0.003237774687928695,0.035749529215951155,0.0035362031470843585,0.011074017840195583,0.008784411529007994,0.0022896063111875887,0.045356377402682,0.0008799865151621782,0.0008799937998146122,0.000879973859299887,0.0011995790787011447,0.0011995889516148769,True,
64,39,left,26,663.3045018175188,663.3056948242462,0.03382691497516912,0.0034915260408355927,0.03694620766376595,0.003811275252511242,0.011073827933594845,0.0094112481458057,0.0016625797877891453,0.04534690325941594,0.0009254295359149614,0.000925438087748933,0.0009254173350854972,0.0012772052065778256,0.0012772169454079078,True,
64,39,left,27,663.3056948242462,663.3068878309737,0.03481102909319189,0.003752766127041964,0.038160923622591894,0.00409442534078279,0.011073636828677942,0.010056456396928743,0.0010171804317491981,0.045344373468085605,0.0009700600819808158,0.0009700698605421448,0.0009700477592202184,0.0013553517588858043,0.0013553653510249147,True,
64,39,left,28,663.3068878309737,663.3080808377011,0.03582470382122821,0.0040273424536005934,0.039407696690474545,0.00439191671008422,0.011073445376330334,0.010733823857135748,0.0003396215191945866,0.04534452599548874,0.0010153307499233281,0.0010153407374392696,0.001015318262782031,0.0014360438415133181,0.001436057890375271,True,
64,39,left,29,663.3080808377011,663.3092738444285,0.036887567241474295,0.004322231048723559,0.0405507061621992,0.0047079976508278614,0.011073253389940044,0.011446475026706477,-0.000373221636766433,0.04534940229127099,0.0010628297964513252,0.0010628386941443292,0.0010628163204374319,0.001521599908992198,0.0015216125631905642,False,
64,39,left,30,663.3092738444285,663.310466851156,0.03799129810493545,0.004632820688521344,0.04157678228875659,0.00503756143451713,0.011073059696050831,0.012183076540662993,-0.0011100168446121618,0.045350053037465414,0.0011112086799309482,0.0011112169113964227,0.0011111944765939505,0.001610193008611766,0.001610204844602746,False,
64,39,left,31,663.310466851156,663.3116598578833,0.039120107968715234,0.004953238832244118,0.04262573867300207,0.005377519366500816,0.011072862605703,0.01294320812748687,-0.0018703455217838705,0.04534449969692732,0.0011589500211377894,0.0011589587126203563,0.001158935668447041,0.001699654751366417,0.0016996673978038378,False,
64,39,left,32,663.3116598578833,663.3128528646108,0.040277747188739436,0.005286803481290324,0.043705583641617564,0.00573151696611823,0.011072663109944958,0.01373494503128015,-0.0026622819213351933,0.04534110265231172,0.0012067781023096028,0.0012067873555203312,0.0012067636410147725,0.0017910365368806148,0.0017910501613254161,False,
64,39,left,33,663.3128528646108,663.3140458713383,0.04148098158301242,0.00564364443978411,0.04513280336903361,0.006116743643227841,0.011072463110899334,0.014608663104296742,-0.0035361999933974085,0.045342126856493845,0.001256862186267952,0.0012568716112837876,0.0012568473860775935,0.0018876099012411145,0.0018876239384006004,False,
64,39,left,34,663.3140458713383,663.3152388780657,0.04271391491558006,0.00601481023761192,0.046614713235832064,0.006517858024326628,0.011072262660892361,0.0155194025937509,-0.0044471399328585405,0.045344433908405715,0.001307020166726898,0.001307029319551546,0.0013070048895692686,0.0019861873905390255,0.0019862011724677965,False,
64,39,left,35,663.3152388780657,663.3164318847931,0.043972038786211566,0.006397839948431939,0.04812400750508951,0.006931750910491124,0.011072062036233057,0.016459507773253276,-0.005387445737020219,0.04535152885001448,0.0013566483325495916,0.0013566567718419499,0.0013566332901406577,0.0020858525841423265,0.0020858654230319768,False,
64,39,left,36,663.3164318847931,663.3176248915205,0.04527925863728917,0.006806812327791608,0.049543417002208844,0.007370376474387078,0.01107185782675371,0.017448888298997517,-0.006377030472243808,0.04533970567317862,0.0014086156781924354,0.0014086252406127979,0.0014086016603399969,0.0021910464189045073,0.002191061145733781,False,
64,39,left,37,663.3176248915205,663.318817898248,0.046630545938910035,0.0072389838591415704,0.050848649191089036,0.007830337468855223,0.011071650839301745,0.018479238363415102,-0.007407587524113358,0.045338880349757284,0.0014621286335697108,0.0014621396858463802,0.001462114395595949,0.0023006525304046627,0.0023006697626781255,False,
64,39,left,38,663.318817898248,663.3200109049754,0.04801328251940455,0.007687135299969536,0.05216897022110677,0.008306946021914952,0.011071443899505231,0.01954664809527963,-0.008475204195774402,0.04533689332653183,0.001515581728839713,0.00151559315187172,0.0015155672945189865,0.0024122048918044773,0.002412222902847396,False,
64,39,left,39,663.3200109049754,663.3212039117028,0.049420723651841574,0.008147431308051538,0.053515704384276684,0.008796502220752534,0.011071236586671557,0.020643926798138725,-0.00957269021146717,0.04533976615310167,0.0015681675974287522,0.0015681787092033134,0.001568152672362251,0.0025244051108429255,0.0025244228169217856,False,
64,39,left,40,663.3212039117028,663.3223969184303,0.050879839963071945,0.008635842782774447,0.05518851642285359,0.009322235024042941,0.011071028794137,0.021834612105969375,-0.010763583311832378,0.045342133314946846,0.0016228687499042593,0.0016228790154597206,0.0016228529746665937,0.002642064779726257,0.002642081298793267,False,
64,39,left,41,663.3223969184303,663.3235899251576,0.05238511382814917,0.009149311079874147,0.05696290802888849,0.009876052281059457,0.01107081907760546,0.023091404749274104,-0.012020585671668646,0.045339375878108906,0.0016789043575328498,0.0016789141120595727,0.0016788878582846686,0.002764016747998903,0.0027640326005772694,False,
64,39,left,42,663.3235899251576,663.3247829318851,0.053916485376643716,0.009676157670621813,0.05876566979725662,0.01044429155209413,0.011070607177676077,0.024382104748374964,-0.01331149757069889,0.04533306447367413,0.0017340208890523389,0.0017340314840190141,0.0017340044449864363,0.0028865845719776282,0.002886601989045278,False,
64,39,left,43,663.3247829318851,663.3259759386126,0.05549774680613386,0.01023055999757394,0.06049348004481882,0.011039142930808757,0.011070394524027923,0.025727549535539174,-0.014657155011511254,0.04533214177814961,0.0017906875456144286,0.0017906986355859507,0.0017906708611418868,0.003013873916388316,0.0030138923474490663,False,
64,39,left,44,663.3259759386126,663.32716894534,0.057137517635020924,0.010817806890174869,0.062121767939560035,0.011665371448581336,0.011070181693393032,0.027136616392929,-0.016066434699535972,0.04533419348070654,0.0018496297149988854,0.0018496404975736822,0.0018496123791941251,0.0031472041081841793,0.0031472222061620547,False,
64,39,left,45,663.32716894534,663.3283619520674,0.0588206034445717,0.011429077206935343,0.06376301308762178,0.01231647246623672,0.011069968868315561,0.028601189545606108,-0.01753122067729055,0.045343998843008396,0.0019091512407257837,0.001909161553916608,0.0019091338234928576,0.0032837822382023457,0.0032837997131334768,False,
64,39,left,46,663.3283619520674,663.3295549587948,0.060532690172212994,0.012056003532468594,0.06543523682563696,0.012984228844714821,0.011069755112716422,0.030104891417967145,-0.019035136305250725,0.04534149276818472,0.001967780691141002,0.001967791337245744,0.0019677636980174468,0.0034210797022466446,0.003421097931310477,False,
64,39,left,47,663.3295549587948,663.3307479655223,0.06229291229379249,0.012710100157701052,0.06740185044825493,0.01368696272005491,0.01106953871864379,0.03170058280635149,-0.020631044087707703,0.04533124975339204,0.0020273412833500416,0.002027353054656319,0.0020273247437218676,0.003562246594764064,0.003562266981652616,False,
64,39,left,48,663.3307479655223,663.3319409722496,0.06411971334605353,0.013402549190663613,0.06952159248701582,0.014432883581406816,0.011069322006393833,0.03339907979383883,-0.022329757787445004,0.04532811051362212,0.002089441419965282,0.0020894544313083694,0.002089424677760031,0.0037101856950167104,0.003710208484984871,False,
64,39,left,49,663.3319409722496,663.3331339789771,0.06597898943551675,0.01411316175657343,0.07167665090653175,0.015198390270639147,0.01106910530437836,0.035144382113209104,-0.02407527680883075,0.045328114115374275,0.002150779207866232,0.002150792350422102,0.0021507622023131277,0.003859107875734225,0.0038591311254250193,False,
64,39,left,50,663.3331339789771,663.3343269857046,0.06788244846560765,0.014849071147673011,0.07376462370013638,0.015988191962975275,0.011068888538313086,0.036941155518176096,-0.02587226697986301,0.04533368341865127,0.0022123989988983217,0.0022124109725723817,0.0022123809023378216,0.0040108564344954354,0.004010877791754115,False,
64,39,left,51,663.3343269857046,663.335519992432,0.06986276274858223,0.01563006153514562,0.07577172477757642,0.016822086953312467,0.01106867123746914,0.038830892918420686,-0.02776222168095155,0.0453315075041009,0.002277087464747945,0.00227709871427549,0.0022770685188488013,0.004170542242842979,0.004170562477532146,False,
64,39,left,52,663.335519992432,663.3367129991594,0.07189176707179931,0.016439450300352494,0.0777825191727597,0.017685050354085047,0.011068452778137162,0.04078631346782135,-0.02971786068968419,0.04532763446935852,0.002342210462027111,0.0023422223732124554,0.002342191358523353,0.004333453229280087,0.004333474877196253,False,
64,39,left,53,663.3367129991594,663.3379060058868,0.07396422492702813,0.01727424988888327,0.07983972823122547,0.01857511500792618,0.011068233607142599,0.04280583670634364,-0.03173760309920105,0.04532405339746294,0.002407262570390112,0.0024072749717223424,0.002407243240111664,0.004498657875978258,0.004498680640558362,False,
64,39,left,54,663.3379060058868,663.3390990126143,0.07607692862609923,0.01813268530690501,0.08215496551365871,0.019496205740585113,0.011068014472128452,0.04491044271277408,-0.03384242824064563,0.045325234145199574,0.0024719457635473314,0.0024719583843849837,0.0024719260652602748,0.004665577110202382,0.0046656004984709405,False,
64,39,left,55,663.3390990126143,663.3402920193417,0.0782677182567885,0.01903779545386847,0.08466577594416007,0.020470431793360205,0.011067795396997628,0.047144768374878104,-0.036076972977880484,0.04532827677047398,0.0025392829342250154,0.0025392952386952303,0.0025392626815850523,0.004839938103973998,0.004839961101673337,False,
64,39,left,56,663.3402920193417,663.3414850260691,0.08051303027143357,0.01997558920756445,0.08723555947575232,0.021479825452847427,0.011067576454187631,0.04946302158208362,-0.03839544512789599,0.04533532474683585,0.0026072269271771057,0.0026072388027823905,0.002607206761001387,0.005017933704475729,0.005017956082196127,False,
64,39,left,57,663.3414850260691,663.3426780327966,0.08279277468963812,0.02093409624159951,0.08974187726538294,0.02250868623821172,0.011067356726374315,0.051824438456892795,-0.04075708173051849,0.045322519350019214,0.002674158522664829,0.002674171320134855,0.002674139253339397,0.005196434568517596,0.005196458933583225,False,
64,39,left,58,663.3426780327966,663.343871039524,0.08517068569822324,0.0219522068223214,0.0921889835748102,0.023596744596693805,0.01106713651842957,0.054314699741607214,-0.04324756322317765,0.04531906953796295,0.0027449246623479444,0.0027449390375960843,0.0027449051123500886,0.005384874792980374,0.005384902464260231,False,
64,39,left,59,663.343871039524,663.3450640462514,0.0875954013364065,0.022999011277416295,0.09462251806814737,0.02471358253683936,0.011066916581194405,0.05687143013787262,-0.045804513556678216,0.0453190566552482,0.0028154672109397625,0.002815481908261894,0.002815447390201606,0.00557541189752467,0.005575440445894492,False,
64,39,left,60,663.3450640462514,663.3462570529789,0.09008855585674885,0.024087918554594624,0.09712915110544523,0.025875365607005783,0.011066696797791452,0.05953523280293992,-0.04846853600514848,0.04532228266897171,0.0028873447876401792,0.002887359076999722,0.0028873243035570898,0.005771127773716218,0.005771155750495824,False,
64,39,left,61,663.3462570529789,663.3474500597063,0.09261916805818625,0.02520029802847635,0.09986274444154093,0.027067799940762884,0.011066477201803846,0.06228594345919041,-0.05121946625738657,0.04532451737309232,0.0029582486759590653,0.002958262363436348,0.0029582274369054696,0.005967416774627635,0.005967443772358053,False,
64,39,left,62,663.3474500597063,663.3486430664337,0.09522884536241517,0.02636181500771471,0.10282360784361293,0.028317305767052128,0.011066257674618513,0.06518176241965287,-0.05411550474503437,0.04532125273893315,0.003031123181229119,0.0030311365279312185,0.003031101258258149,0.006170194748069854,0.006170221273295531,False,
64,39,left,63,663.3486430664337,663.3498360731611,0.09792139191387289,0.027575149149670963,0.10587386030972093,0.029622532792321455,0.011066038215806855,0.06821172543231455,-0.057145687216507694,0.04531471690251729,0.0031061006213509226,0.00310611480792543,0.0031060785824261225,0.006379816889681905,0.006379845352195644,False,
64,39,left,64,663.3498360731611,663.3510290798886,0.10065234253857447,0.028813360151705384,0.1088791781329182,0.030951850378884906,0.011065818979277888,0.07129878058302065,-0.06023296160374277,0.04531369534508913,0.003180055730925268,0.003180070368780079,0.0031800333616235706,0.006589895569362063,0.0065899251930424925,False,
64,39,right,1,663.4261885037166,663.4273815104441,0.016229286570255543,6.557702953219633e-07,0.018402444967476717,7.681676069044495e-05,0.011054745090726441,0.0008692437702498412,0.010185501320476598,0.045276802262298244,0.0,0.0,0.0,,5e-324,True,5e-324
64,39,right,2,663.4249954969893,663.4261885037166,0.01671883694893274,6.396359623742742e-05,0.01888080321325333,0.000143793536204941,0.011054838278702454,0.001026925918344111,0.010027912360358342,0.045275365926739294,3.090961193814732e-05,3.090954360112118e-05,3.090952303402283e-05,,3.1319604991229134e-05,True,3.13195843015659e-05
64,39,right,3,663.4238024902618,663.4249954969893,0.017216959234938524,0.00012812911437326581,0.019255840518653835,0.00020958894285059418,0.01105493209876688,0.001178210253624072,0.009876721845142806,0.045275296579324206,6.0840585432628394e-05,6.084055566997717e-05,6.084057240271644e-05,,6.246536481004423e-05,True,6.246538258635605e-05
64,39,right,4,663.4226094835344,663.4238024902618,0.017731720223288044,0.00019737544187810058,0.0196488349752064,0.0002808232820805415,0.011055027382490874,0.0013415491216128424,0.00971347826087803,0.045277245783403114,9.161198036900729e-05,9.161200988986378e-05,9.16120071726825e-05,,9.530560262444817e-05,True,9.530560116121918e-05
64,39,right,5,663.4214164768069,663.4226094835344,0.01826759078394614,0.00027380046996469264,0.02014241457951719,0.0003611936676789719,0.011055124695082566,0.0015278569511944272,0.009527267743888136,0.045278364031861404,0.00012410326290204155,0.00012410326424888696,0.0001241033380339384,,0.00013081735704638842,True,0.00013081743732043679
64,39,right,6,663.4202234700795,663.4214164768069,0.01881435997072284,0.0003524028166514031,0.020886822056318928,0.00044837190056056794,0.01105522743403266,0.0017381893620849308,0.009317038071947727,0.045275881917252216,0.0001559064109705093,0.00015590623937276803,0.00015590643014529894,,0.00016651631526819164,True,0.00016651652303083868
64,39,right,7,663.4190304633521,663.4202234700795,0.019377208765656358,0.00043571809126381175,0.0216487237132594,0.0005406164240541496,0.011055335808008847,0.0019598784364109295,0.009095457371597915,0.0452720841626569,0.00018809973601672267,0.0001880994032833562,0.00018809966360489237,,0.0002035567859109053,True,0.0002035570735772058
64,39,right,8,663.4178374566246,663.4190304633521,0.019963359957821728,0.0005273519652168778,0.02240400924347353,0.0006411959988704589,0.01105544644292597,0.0021988004207924025,0.008856646022133567,0.0452717743272235,0.00022210718436560506,0.00022210688682938482,0.00022210713902643862,,0.00024353285838019066,True,0.00024353314329717595
64,39,right,9,663.4166444498973,663.4178374566246,0.020568686064797982,0.0006252860214644952,0.02302086519768162,0.0007455391314591706,0.011055558442665349,0.00244027037489049,0.008615288067774857,0.04527295407371092,0.00025689570311530164,0.00025689541905470797,0.0002568956650717051,,0.0002853911810555807,True,0.00028539146568184467
64,39,right,10,663.4154514431698,663.4166444498973,0.02118733716267391,0.0007265921008744776,0.023524815343929736,0.0008510895541889747,0.011055671144528982,0.002679933312833246,0.008375737831695734,0.04527838654092702,0.0002911605275515197,0.00029116032277554094,0.00029116052899740247,,0.00032771406426869133,True,0.0003277143110760401
64,39,right,11,663.4142584364423,663.4154514431698,0.0218217096918619,0.0008324597045079873,0.024045738261251032,0.0009615046004945313,0.011055788053928959,0.0029305078890546794,0.008125280164874278,0.04527534591913047,0.0003253321227971318,0.0003253318875919774,0.0003253321922373322,,0.000370985606625622,True,0.0003709859726205446
64,39,right,12,663.413065429715,663.4142584364423,0.022482514929694112,0.0009483244421516197,0.024644394444035732,0.0010835525293422382,0.011055912925199992,0.00320852110715678,0.00784739181804321,0.045270877000306325,0.0003614172124026854,0.0003614169721261104,0.00036141729148982446,,0.00041753621451549015,True,0.00041753660672132323
64,39,right,13,663.4118724229875,663.413065429715,0.023161776589647135,0.0010701770036530874,0.02553119261394865,0.001217128070921905,0.01105603923228387,0.00352217258604858,0.0075338666462352885,0.04527001189945379,0.0003977093207561598,0.0003977090510330172,0.0003977093837871791,,0.000465471088568431,True,0.00046547150652516764
64,39,right,14,663.4106794162601,663.4118724229875,0.023855761816613585,0.0011961124588613732,0.026434075802395745,0.0013551056985397114,0.011056166710531045,0.0038458839304702,0.007210282780060843,0.04527189135915658,0.0004334263582727246,0.00043342604454964587,0.0004334263462621729,,0.0005138887933234876,True,0.0005138891853673916
64,39,right,15,663.4094864095326,663.4106794162601,0.02457848808823334,0.0013333235945612685,0.027350524819625924,0.0015048555679336134,0.011056295439913155,0.00419495239867016,0.006861343041242994,0.04527543014285012,0.0004710768081980412,0.0004710764798112193,0.0004710767236858778,,0.0005657917155043408,True,0.000565792049329345
64,39,right,16,663.4082934028052,663.4094864095326,0.025327741170490897,0.0014807327761944295,0.02813606388657904,0.0016624795941164439,0.011056427574422666,0.004555466818123917,0.0065009607562987485,0.04527621720791007,0.0005100689139768096,0.0005100686718562216,0.0005100687743720578,,0.0006205657502057879,True,0.0006205659232779486
64,39,right,17,663.4071003960778,663.4082934028052,0.02609667388407798,0.0016348421873209234,0.028800751313886524,0.0018245311216386125,0.011056565135162764,0.004920592595832649,0.0061359725393301135,0.0452735232650875,0.000549048818727911,0.0005490485529943263,0.0005490485839734459,,0.0006766214040806604,True,0.0006766214988393178
64,39,right,18,663.4059073893503,663.4071003960778,0.02688125794605728,0.001793567693867806,0.0294822762031639,0.0019915083000923107,0.01105670623585324,0.0052969039445526864,0.005759802291300552,0.04527328787650554,0.0005872548983613808,0.000587254531964539,0.0005872545360247772,,0.000733023523890777,True,0.0007330235944884487
64,39,right,19,663.404714382623,663.4059073893503,0.027696283006372533,0.0019646091094822817,0.030217132831369706,0.0021720635364273766,0.011056848535157201,0.0057039856065462325,0.0053528629286109675,0.045275629300182335,0.0006271229499078923,0.0006271225220625393,0.0006271224878345924,,0.0007928300792383575,True,0.0007928301114093654
64,39,right,20,663.4035213758955,663.404714382623,0.02854061093495293,0.0021474334273690215,0.031281273140942104,0.0023710555314451075,0.011056991988471999,0.006163348223361814,0.004893643765110184,0.04528148499167925,0.000668284066676588,0.000668283729717194,0.0006682835331355145,,0.0008556641734756725,True,0.0008556640081153648
64,39,right,21,663.4023283691681,663.4035213758955,0.029402395283023085,0.002335880045924096,0.03236444014002167,0.0025761076830875607,0.01105713660986805,0.006636591011864761,0.004420545598003289,0.045285232718984623,0.0007086925222576934,0.0007086923331556397,0.0007086919812534707,,0.0009189511667049599,True,0.0009189508083969709
64,39,right,22,663.4011353624406,663.4023283691681,0.030294036376977817,0.0025364690311748942,0.033476772589002314,0.0027941278774718456,0.011057287922865484,0.007138621509465691,0.003918666413399792,0.04527795832961993,0.0007502510817613967,0.000750251073990845,0.0007502505752120755,,0.0009851673819481494,True,0.0009851668377952576
64,39,right,23,663.3999423557132,663.4011353624406,0.031221865498868472,0.0027525916444281514,0.034468107530999464,0.0030256536019425367,0.011057443157877376,0.007664382392521058,0.0033930607653563176,0.045276822412024326,0.0007937712301211399,0.0007937711420245493,0.0007937707341511772,,0.0010554626006209797,True,0.0010554621831790343
64,39,right,24,663.3987493489858,663.3999423557132,0.03217783606807597,0.002980067235960466,0.03533272374075478,0.0032662154711643183,0.011057598981242388,0.008204228166067293,0.0028533708151750946,0.0452774562297218,0.0008378503507398565,0.0008378501431321018,0.0008378496876565762,,0.0011280607456380255,True,0.0011280602724822182
64,39,right,25,663.3975563422583,663.3987493489858,0.03315333111671964,0.003214367469173168,0.036218315492758696,0.0035140617222287956,0.011057756005515385,0.008760634216509895,0.00229712178900549,0.045282270890735575,0.0008811232036522618,0.0008811230275646851,0.000881122435847318,,0.001201143135393338,True,0.0012011424849392458
64,39,right,26,663.396363335531,663.3975563422583,0.03415868956326622,0.003460990944846654,0.03713592837031724,0.0037750770947964515,0.011057914711596298,0.00934644011112058,0.0017114746004757168,0.04528526592776395,0.0009250361254631474,0.0009250360838656171,0.0009250353091573568,,0.0012766783325695236,True,0.001276677436800548
64,39,right,27,663.3951703288035,663.396363335531,0.0352058765567962,0.0037263518573650593,0.03840975745050085,0.0040624509380023524,0.011058077534343192,0.010003189147268844,0.0010548883870743484,0.04528390930774845,0.0009711312738157593,0.0009711312149989256,0.0009711302785280934,,0.001356865904263518,True,0.0013568647880618536
64,39,right,28,663.393977322076,663.3951703288035,0.036276972896683954,0.004000971430491429,0.03971773783729478,0.004359951077622063,0.011058244464309844,0.010683387424841423,0.0003748570394684208,0.045281160830568344,0.0010167594356963316,0.0010167592139485758,0.0010167582298322585,,0.0014380832600443436,True,0.0014380820802459239
64,39,right,29,663.3927843153486,663.393977322076,0.03737654978522929,0.004287313114625635,0.041056581354152306,0.004670063992141511,0.011058413037568009,0.011392185311022244,-0.00033377227345423455,0.045281414005129875,0.0010624832349292825,0.0010624828039679903,0.0010624818138650009,,0.0015211237200791533,False,0.0015211225357890548
64,39,right,30,663.3915913086212,663.3927843153486,0.038521474482254354,0.004594444390511488,0.04229508615227524,0.004999414259488459,0.011058582689913787,0.0121378697501176,-0.0010792870602038143,0.045284363540883894,0.0011104041906018595,0.0011104037251216145,0.0011104026523654504,,0.0016090487901674368,False,0.0016090474917087015
64,39,right,31,663.3903983018938,663.3915913086212,0.039705345811541864,0.004919010834468516,0.04341466002574924,0.00534411072068808,0.011058752946319497,0.012911414107879706,-0.0018526611615602101,0.045294710234331466,0.0011594909596863029,0.0011594909490573915,0.0011594893303777355,,0.0017004719302222172,False,0.0017004698367888522
64,39,right,32,663.3892052951663,663.3903983018938,0.04091689063247385,0.005255013981716885,0.04455247803167359,0.00570076391837433,0.011058926415726785,0.01371168763549871,-0.002652761219771925,0.045290288631860055,0.0012081998006423227,0.0012082001980129131,0.001208198387368097,,0.0017931727386810432,False,0.0017931703574805232
64,39,right,33,663.3880122884389,663.3892052951663,0.042155400896980985,0.005602098411831223,0.045719191150584315,0.006069226769700382,0.011059105282791297,0.014538915967844424,-0.0034798106850531274,0.045286823904973184,0.0012563990056066805,0.0012563993313320567,0.001256397650513403,,0.0018869421171550387,False,0.0018869399256097193
64,39,right,34,663.3868192817115,663.3880122884389,0.04344506773196404,0.0059733254695392484,0.047224402879912704,0.006469568881156022,0.011059285118483496,0.015449384902952014,-0.0043900997844685185,0.045285750331817524,0.0013069004229913697,0.0013069005927194644,0.0013068989376175183,,0.001986034872022095,False,0.0019860327184209187
64,39,right,35,663.385626274984,663.3868192817115,0.044773962560815825,0.006362334327105579,0.04880926090746084,0.006889822030521831,0.011059465880529237,0.016406645473321685,-0.0053471795927924485,0.045288497678023516,0.0013581040607197606,0.001358104189834888,0.0013581023809696798,,0.0020881220526034116,False,0.0020881196634685868
64,39,right,36,663.3844332682567,663.385626274984,0.04612950891155847,0.006762375355679832,0.050423093831204246,0.007321970515375817,0.011059647599364493,0.017391655926374976,-0.006332008327010484,0.04529249955536462,0.0014084780704429118,0.0014084783388470822,0.0014084762930165876,,0.0021908657825103197,False,0.0021908630240761793
64,39,right,37,663.3832402615292,663.3844332682567,0.0475381851479395,0.007187790532920283,0.05195883190657315,0.007778409951617626,0.011059831690562566,0.018425720769255076,-0.0073658890786925104,0.04529468577174062,0.0014609150831449823,0.001460915703514785,0.0014609132641051413,,0.0022987789694240263,False,0.0022987755886328446
64,39,right,38,663.3820472548017,663.3832402615292,0.048999738363271296,0.007638507961344373,0.05338978842453964,0.008258383145962798,0.01106001932303262,0.019505995029527396,-0.008445975706494777,0.04529010454472679,0.0015151782351762824,0.0015151785637550817,0.001515176082712158,,0.002411600257194722,False,0.0024115968017465587
64,39,right,39,663.3808542480743,663.3820472548017,0.050500840452384795,0.008107359106424529,0.05483702941549657,0.008757145073819764,0.01106020921321969,0.020628125965541172,-0.009567916752321484,0.04528994009501482,0.0015696762178930366,0.0015696760225621573,0.0015696735930075137,,0.002526872490394602,False,0.0025268691101509306
64,39,right,40,663.3796612413469,663.3808542480743,0.05203135808420943,0.008588875578810344,0.05631576555263424,0.009269408706737625,0.011060399952031005,0.021781761433644256,-0.010721361481613253,0.04529300648287498,0.001623285359956139,0.0016232851434918984,0.0016232825854244934,,0.002642783932347263,False,0.0026427803374476015
64,39,right,41,663.3784682346195,663.3796612413469,0.0536155814693488,0.009096258774107812,0.05810800801435661,0.009815163205443816,0.011060591503073933,0.02302297061473076,-0.011962379111656828,0.04530118903868112,0.0016784251498873943,0.0016784253552637833,0.0016784222747011864,,0.0027632715835992703,False,0.0027632671229500653
64,39,right,42,663.377275227892,663.3784682346195,0.055260039104348846,0.0096330986231124,0.06003177374703859,0.010394080811980308,0.011060783962187865,0.024342842060139123,-0.01328205809795126,0.04530521615706365,0.0017355609779418464,0.001735561782647681,0.0017355582245941416,,0.0028891953376169338,False,0.002889190069459114
64,39,right,43,663.3760822211646,663.377275227892,0.05693692073852553,0.010184313712651457,0.06199072599728485,0.010988468761911552,0.011060980467341509,0.025699488884472686,-0.014638508417131178,0.045295522056285786,0.0017918351430153139,0.0017918361613824595,0.0017918327025842422,,0.0030158550547907193,False,0.0030158499328958224
64,39,right,44,663.3748892144372,663.3760822211646,0.05866546763956059,0.01076037670088415,0.06388398935267857,0.01160671058710672,0.011061179182913815,0.02710580347035737,-0.01604462428744356,0.04529436061947231,0.0018490311912560118,0.0018490319370623783,0.0018490288178495485,,0.003146237187395561,False,0.003146232626162052
64,39,right,45,663.3736962077097,663.3748892144372,0.0604649381708422,0.011371789500198947,0.06569089649209808,0.0122589772884961,0.011061378366992173,0.028582361043922984,-0.017520982676930814,0.045295286681603174,0.0019087731769293658,0.0019087736474433386,0.001908770413034909,,0.0032831853690840893,False,0.0032831806019111127
64,39,right,46,663.3725032009824,663.3736962077097,0.06231755733241804,0.012008898355841716,0.06751380692166747,0.012937722088691404,0.011061578355890504,0.030118398246998704,-0.019056819891108204,0.045301214034239305,0.0019692375777916864,0.001969238193425189,0.001969234618445237,,0.0034236686585380175,False,0.003423663291743461
64,39,right,47,663.3713101942549,663.3725032009824,0.06420796503813907,0.012663336876903476,0.0693770830832273,0.013634937062089037,0.011061779407657244,0.03169831785588332,-0.02063653844822608,0.04530460045156242,0.0020289693460069816,0.0020289704041707205,0.002028966351031515,,0.003565166561947415,False,0.003565160342843795
64,39,right,48,663.3701171875275,663.3713101942549,0.06614847412719027,0.013341807211636213,0.07152220859134817,0.014363458698984779,0.011061982716105891,0.03336243507272917,-0.022300452356623285,0.04530272201689636,0.002088996710974081,0.002088997605244613,0.0020889934063521827,,0.0037094574928272003,False,0.003709450995415903
64,39,right,49,663.3689241808,663.3701171875275,0.06816743549312157,0.014059762538342799,0.07384821957491194,0.015136755124230452,0.011062188190413814,0.035134873987497525,-0.024072685797083715,0.0452994816443794,0.002151589564867237,0.002151590010138724,0.0021515858124363193,,0.0038606250813827386,False,0.0038606185665316364
64,39,right,50,663.3677311740726,663.3689241808,0.07023562588184316,0.014801259509258017,0.07622748096425032,0.015935403199930132,0.011062394585958127,0.036967930853558525,-0.025905536267600403,0.045299686136082484,0.0022141335292459813,0.002214133647418804,0.0022141294061515672,,0.00401406610940398,False,0.004014059498296496
64,39,right,51,663.3665381673452,663.3677311740726,0.0723502278761785,0.015564739698516681,0.07854946851590631,0.01675495453042407,0.011062601640032194,0.038846289560540474,-0.027783687920508286,0.04530313460311191,0.0022763394196630123,0.0022763395563029287,0.0022763351675508777,,0.004169239897697237,False,0.004169233000748706
64,39,right,52,663.3653451606177,663.3665381673452,0.07455900235312403,0.016376240012134557,0.08080886932006635,0.01762173159741247,0.011062809152298844,0.04082598489253217,-0.02976317574023333,0.0453154596871416,0.0023418740326311494,0.002341875223169389,0.0023418696409298985,,0.004332903096192358,False,0.004332893977231977
64,39,right,53,663.3641521538904,663.3653451606177,0.07682280984943146,0.01721438900132799,0.08307108097662183,0.01851546895384576,0.011063018262811187,0.042867493567218355,-0.03180447530440717,0.0453093970064777,0.0024074784808269536,0.0024074804134103364,0.0024074747260869386,,0.004499137743235539,False,0.004499128393567109
64,39,right,54,663.3629591471629,663.3641521538904,0.07915008172377999,0.018083755650115874,0.08540112121228483,0.019442506542139366,0.01106322971474111,0.04498837212788209,-0.03392514241314099,0.0453059015571197,0.0024737085051998843,0.0024737101079640228,0.0024737049829451716,,0.004668982601278955,False,0.004668974277781441
64,39,right,55,663.3617661404354,663.3629591471629,0.08152051850784744,0.01897322124010195,0.08797773845917878,0.020396449916496355,0.011063441686549678,0.04718585111173369,-0.03612240942518402,0.04530469196120328,0.0025389811602578973,0.0025389824647710263,0.002538977333676148,,0.004839443511993858,False,0.004839435154833732
64,39,right,56,663.360573133708,663.3617661404354,0.0839839907725958,0.01990998151080209,0.09078123448105162,0.02140464770834126,0.011063654198311741,0.04951845915348963,-0.0384548049551779,0.04530803577392739,0.002606842203328337,0.0026068434846752966,0.0026068380808653042,,0.005017276580946164,False,0.005017267681403642
64,39,right,57,663.3593801269806,663.360573133708,0.08652579233237377,0.02088597699995993,0.09366926401088946,0.02245505301478095,0.01106386724899451,0.051952715482171084,-0.04088884823317658,0.04531227186905882,0.0026760400428986523,0.002676041645854079,0.002676035761022941,,0.005200177516928561,False,0.005200167664327427
64,39,right,58,663.3581871202532,663.3593801269806,0.08911491546067808,0.0218842497484004,0.09651502446700466,0.02352680300535766,0.011064081246846061,0.054436402834766674,-0.04337232158792062,0.04531461000924744,0.0027443168711553927,0.00274431893945457,0.0027443125664690622,,0.0053837729437389145,False,0.005383762108104983
64,39,right,59,663.3569941135257,663.3581871202532,0.09181609950225406,0.02294011487046807,0.09931598504953665,0.024655490495373446,0.011064296495849382,0.05704623033223124,-0.04598193383638186,0.045309131724189065,0.002815988116418847,0.0028159895360540498,0.0028159831899474703,,0.005576535569685435,False,0.005576524756520672
64,39,right,60,663.3558011067983,663.3569941135257,0.09457166211592333,0.02402205659840038,0.10210361037191254,0.025809897657822208,0.011064512583561264,0.05971708181665857,-0.04865256923309732,0.04530910644096493,0.002887019792475095,0.002887020336609855,0.0028870141256147025,,0.005770571474271807,False,0.005770560903370971
64,39,right,61,663.3546081000709,663.3558011067983,0.09742494063622187,0.025153706391419912,0.10499570056495187,0.027017394096432043,0.011064729084299231,0.06251607662598896,-0.051451347541689736,0.04531246724050045,0.0029601635192634266,0.0029601640382787373,0.0029601576132825243,,0.0059713756268295415,False,0.005971364604481138
64,39,right,62,663.3534150933434,663.3546081000709,0.10032946173289968,0.02630968243047495,0.10811496571966663,0.028256099206592288,0.011064945997705453,0.06540483471122942,-0.05433988871352397,0.04532227659874547,0.0030323307833880213,0.003032332265569986,0.003032324791567579,,0.006172754068686675,False,0.0061727408911471755
64,39,right,63,663.352222086616,663.3534150933434,0.10332189551990481,0.027509993915577905,0.11148668830770417,0.029547285703552546,0.011065163317021915,0.0684323855691988,-0.05736722225217689,0.04532580888692176,0.003105778655368766,0.003105781002729654,0.003105772982147179,,0.006379261479974897,False,0.006379247146064146
64,39,right,64,663.3510290798886,663.352222086616,0.1064304056765546,0.028769994931013947,0.11498346175588678,0.030902605647040445,0.011065381434283676,0.07161671905136965,-0.06055133761708598,0.045315084141230574,0.0031820710813703005,0.003182073840869535,0.003182065982764534,,0.006594181776951752,False,0.00659416773846222
128,39,left,1,663.2746766493331,663.2752731526967,0.016229040558237783,6.561193739243007e-07,0.017022979955203993,1.8759538172929663e-05,0.011077842947355922,0.0006953221793413106,0.01038252076801461,0.022678751362265152,0.0,0.0,0.0,5e-324,5e-324,True,
128,39,left,2,663.2752731526967,663.2758696560605,0.016438840231439735,1.5973775829653177e-05,0.017265787943282995,3.508342769608722e-05,0.011077778402160657,0.000738571074616592,0.010339207327544063,0.02267879757641598,7.487441883711847e-06,7.487179889157722e-06,7.487167498462836e-06,7.536943251224769e-06,7.536679517706662e-06,True,
128,39,left,3,663.2758696560605,663.2764661594242,0.016651927773579007,3.202454617960719e-05,0.017384057565507503,4.97867812242339e-05,0.011077713502034396,0.0007736558247376076,0.010304057677296787,0.022679841831067405,1.5148840309592506e-05,1.5148320323107104e-05,1.5148262732535832e-05,1.534980251219707e-05,1.534927560031714e-05,True,
128,39,left,4,663.2764661594242,663.2770626627879,0.016865892329612622,4.76274864168214e-05,0.017707604587202535,6.782733469848698e-05,0.01107764843682627,0.0008236008770251843,0.010254047559801084,0.02267985322609442,2.2410168467469108e-05,2.2409491021831635e-05,2.2409521718530463e-05,2.285755830175142e-05,2.285686727168954e-05,True,
128,39,left,5,663.2770626627879,663.2776591661516,0.01708471899539643,6.473593217124306e-05,0.01787981832395555,8.451774544843734e-05,0.011077583446474618,0.0008649063407301713,0.010212677105744444,0.02268178898283111,3.02029429002602e-05,3.0202248095833235e-05,3.0202536428134517e-05,3.1009503714247804e-05,3.100879024729577e-05,True,
128,39,left,6,663.2776591661516,663.2782556695154,0.017305883710671783,8.211278401846785e-05,0.018162808059757073,0.00010350456148948778,0.01107751798215474,0.0009152688357004935,0.010162249146454244,0.02268508308263984,3.792784663949162e-05,3.792738931023436e-05,3.792773335882084e-05,3.9198003920308156e-05,3.919753110402376e-05,True,
128,39,left,7,663.2782556695154,663.278852172879,0.017530583456602498,0.00010034834716709783,0.018395279337438068,0.00012237002560489603,0.011077450722254186,0.0009634361246206396,0.010114014597633544,0.02268505837483679,4.585489932384293e-05,4.5855205751586464e-05,4.585482963128037e-05,4.770357612701008e-05,4.7703894652649185e-05,True,
128,39,left,8,663.278852172879,663.2794486762427,0.01775826723056546,0.00011917306384458124,0.018608511515541912,0.00014142479943359703,0.01107738102526369,0.0010112610110427679,0.01006612001422092,0.022679559763144484,5.385027019932132e-05,5.385139747110158e-05,5.38501910381425e-05,5.6391229877101325e-05,5.639240997612247e-05,True,
128,39,left,9,663.2794486762427,663.2800451796065,0.017987947553947014,0.00013809722227395735,0.018868443781118092,0.00016141637515559574,0.011077309724418298,0.0010628483761812686,0.010014461348237028,0.022679509151006694,6.168778544250962e-05,6.168922882538926e-05,6.168745822776966e-05,6.502498325793772e-05,6.502650423258281e-05,True,
128,39,left,10,663.2800451796065,663.2806416829702,0.018221669373064162,0.00015813839922941322,0.019011424809122227,0.00018030439934129446,0.011077238097200822,0.0011076231060138234,0.009969614991186997,0.02267942950429121,6.982006329428341e-05,6.982157840239437e-05,6.981954528178659e-05,7.408280955563466e-05,7.408441652390531e-05,True,
128,39,left,11,663.2806416829702,663.2812381863339,0.018456692026377657,0.0001779326107521648,0.019353377848431354,0.0002026218104808919,0.011077166560532519,0.0011672405460999896,0.009909926014432528,0.02267797294868908,7.763461184694779e-05,7.76359591633803e-05,7.763392801058601e-05,8.291771401888227e-05,8.291915221635977e-05,True,
128,39,left,12,663.2812381863339,663.2818346896977,0.018696556947784472,0.00019925031202487476,0.019543849975000385,0.00022359700399360646,0.011077094836085455,0.001218209425564675,0.009858885410520778,0.022677975575284413,8.59048140290194e-05,8.590599230930372e-05,8.590393971517397e-05,9.235546531494865e-05,9.235673108379838e-05,True,
128,39,left,13,663.2818346896977,663.2824311930614,0.01893945521861503,0.00022119212589518926,0.019852825333742902,0.00024737093676671776,0.011077022778835892,0.001279601293296754,0.009797421485539136,0.0226780637804461,9.422535456525609e-05,9.422636399442023e-05,9.422423056817154e-05,0.00010196809945769181,0.00010196919064311119,True,
128,39,left,14,663.2824311930614,663.283027696425,0.019185602155000932,0.00024386921814124554,0.020107479936210735,0.0002708290193853882,0.011076950522722218,0.0013382423239110158,0.0097387081988112,0.02267840508773091,0.00010263708789770967,0.0001026376623360521,0.00010263558847222483,0.0001118022228250291,0.00011180284714991695,True,
128,39,left,15,663.283027696425,663.2836241997887,0.019434933476069033,0.00026725310296872004,0.020346551859615692,0.0002946663877482441,0.011076878049665662,0.0013970785434486127,0.009679799506217049,0.022679831368914244,0.00011112017221504636,0.00011112029226016959,0.0001111182809226417,0.00012183906787604563,0.00012183919785874726,True,
128,39,left,16,663.2836241997887,663.2842207031525,0.01968578976631153,0.0002905069867622097,0.02062494871643343,0.0003190748536058056,0.01107680496015678,0.0014586426032567083,0.00961816235690007,0.02268090741139852,0.00011932233094080054,0.0001193227002751372,0.00011932047251117392,0.00013169241295321325,0.00013169281868276498,True,
128,39,left,17,663.2842207031525,663.2848172065162,0.01994154953280218,0.00031534488238542336,0.0207941020821751,0.00034298311386240046,0.011076730753933874,0.0015149306266492866,0.009561800127284586,0.022681179251998602,0.0001279469269945494,0.00012794778730780974,0.0001279451811518447,0.00014213856186902737,0.00014213951542307654,True,
128,39,left,18,663.2848172065162,663.2854137098799,0.02019921718745492,0.0003402510982910542,0.02115610730806693,0.00037053265572529646,0.011076655176329919,0.0015863062193228277,0.009490348957007089,0.022680133168529747,0.00013636524594073205,0.0001363667244395323,0.00013636354740100817,0.00015248471155707765,0.00015248636232019142,True,
128,39,left,19,663.2854137098799,663.2860102132437,0.02046152341547306,0.0003666205722057765,0.02136627679424948,0.0003966637571053388,0.011076578256734589,0.0016488369138474314,0.009427741342887156,0.02267913069055154,0.00014513391067101392,0.0001451358652010376,0.00014513206641957857,0.00016335386233644358,0.00016335605936854307,True,
128,39,left,20,663.2860102132437,663.2866067166074,0.020726649056136127,0.0003935317038056892,0.021701750244609103,0.0004256464148084868,0.011076500306417112,0.001722195038259718,0.009354305268157392,0.022676793062771712,0.00015387441726986812,0.0001538765655871169,0.00015387230216291724,0.0001743259535871738,0.00017432838418265828,True,
128,39,left,21,663.2866067166074,663.287203219971,0.020995626495536927,0.0004215189813051877,0.021980017433506967,0.00045459745697615803,0.011076421846566863,0.0017932753145956481,0.009283146531971213,0.022677050611632252,0.0001627898973951332,0.0001627919480145029,0.00016278752364879838,0.00018563303149169303,0.0001856353661886105,True,
128,39,left,22,663.287203219971,663.2877997233348,0.021267985914896873,0.00045034845228848996,0.022246359206066105,0.00048412981803579847,0.011076343219974959,0.001865115950292048,0.009211227269682909,0.022676646880872058,0.00017177965540870785,0.00017178157251923927,0.00017177706015098285,0.00019716445613861134,0.00019716665244272067,True,
128,39,left,23,663.2877997233348,663.2883962266985,0.02154127086609696,0.0004787556016338717,0.022544504753334003,0.0005138044954021893,0.011076264397520023,0.0019385114750133184,0.009137752922506702,0.02267665516069819,0.00018035923689304912,0.00018036084832003291,0.00018035630433966033,0.0002083632580248,0.00020836511510197967,True,
128,39,left,24,663.2883962266985,663.2889927300622,0.021820443516930084,0.0005093106314108884,0.02274125453821234,0.000543682458932326,0.011076185278953793,0.002008383232051639,0.009067802046902152,0.022677680105028686,0.00018949674978874443,0.0001894980678602043,0.00018949345337448446,0.0002203469190051865,0.00022034844663008465,True,
128,39,left,25,663.2889927300622,663.2895892334259,0.02210223107714707,0.0005403293412705248,0.02312483592717122,0.000577498815266255,0.011076106041767788,0.0020937763453982385,0.008982329696369548,0.02267760640059891,0.0001985468643229788,0.00019854801527728093,0.00019854349861170452,0.0002323738121224932,0.00023237515364410373,True,
128,39,left,26,663.2895892334259,663.2901857367897,0.022388349237203935,0.000572711025041242,0.023356113657606915,0.0006097789531267212,0.011076026879897479,0.002170031847011237,0.00890599503288624,0.022679553492281516,0.000207834767944036,0.0002078359072357071,0.0002078316647760881,0.00024482603795366594,0.0002448273739701183,True,
128,39,left,27,663.2901857367897,663.2907822401534,0.022676758515095357,0.0006053996784943197,0.023719204193194024,0.0006448130994702996,0.01107594727861989,0.0022572041981130018,0.008818743080506886,0.022682408174767014,0.00021696791003795272,0.00021696934468300378,0.00021696511605792752,0.0002572446415862153,0.00025724633594131685,True,
128,39,left,28,663.2907822401534,663.291378743517,0.02296992714581703,0.0006396938138439028,0.02402249976873238,0.0006802888877692539,0.011075866079668628,0.0023429757842728482,0.008732890295395777,0.022682270590809576,0.0002264072956688232,0.00022640961452552734,0.00022640452783927672,0.0002701772064079636,0.0002701799663280558,True,
128,39,left,29,663.291378743517,663.2919752468808,0.023266671096594544,0.0006749846129863597,0.024317513200826178,0.00071656608381952,0.011075782778307296,0.00243011316265553,0.008645669615651766,0.02267675092864901,0.00023592382568231576,0.00023592708358822513,0.0002359210302021271,0.0002833566672285648,0.00028336057224099566,True,
128,39,left,30,663.2919752468808,663.2925717502445,0.023564637964834545,0.0007100380592485968,0.024637733236988965,0.000753052319484781,0.011075698148019581,0.002518698745275548,0.008556999402744032,0.022676942997595293,0.0002450838261220332,0.0002450873933915735,0.0002450807007928395,0.00029626160634378137,0.000296265909918145,True,
128,39,left,31,663.2925717502445,663.2931682536082,0.02386857843180563,0.0007473706615996855,0.024863467350221987,0.0007899947860964773,0.01107561328394203,0.002604540658796804,0.008471072625145223,0.02267680180978714,0.0002547539543110863,0.0002547576016479214,0.00025475059853934763,0.00030993908387982324,0.0003099435119596442,True,
128,39,left,32,663.2931682536082,663.293764756972,0.024175953377455428,0.0007856541940471272,0.025270141213275376,0.0008312707529523057,0.011075528513468344,0.0027065561393685494,0.008368972374099793,0.022675432913043782,0.00026446285419340826,0.0002644663200846082,0.00026445929210898634,0.0003238249017747549,0.0003238291355172296,True,
128,39,left,33,663.293764756972,663.2943612603357,0.024487229439895095,0.0008251471151599382,0.025523904764949507,0.0008708320358534684,0.011075443586603503,0.0027990026953692297,0.008276440891234272,0.022675397554408398,0.0002742899478538281,0.00027429322940682746,0.0002742861504859087,0.00033801885455719095,0.0003380228876478316,True,
128,39,left,34,663.2943612603357,663.2949577636994,0.024800123462333984,0.0008646403077960162,0.025915859220126666,0.0009129765807941007,0.0110753583891278,0.002902308721266044,0.008173049667861754,0.022675462060860418,0.0002838286314469438,0.0002838317154296169,0.00028382452998295125,0.0003520204484629721,0.00035202426169037335,True,
128,39,left,35,663.2949577636994,663.295554267063,0.025118818145333913,0.0009063790021692786,0.02624555640091869,0.0009561526419178302,0.011075273040300959,0.0030053386300645047,0.008069934410236452,0.022675831032503604,0.0002938132504596981,0.0002938158404020846,0.0002938087035239749,0.0003667404106211703,0.00036674363087330677,True,
128,39,left,36,663.295554267063,663.2961507704268,0.025441276029071248,0.0009492891533418388,0.026570632624083424,0.0010003796053259391,0.01107518751356533,0.0031104059080334675,0.00796478160553186,0.02267706986674486,0.0003038779210427015,0.00030388000304606375,0.0003038729133446892,0.0003817307496248315,0.00038173335163909,True,
128,39,left,37,663.2961507704268,663.2967472737905,0.025765663127476593,0.000992394027838922,0.02691472548041691,0.001045130702668619,0.011075101458729149,0.003217348633004365,0.007857752825724781,0.022677985265141806,0.00031370491420158807,0.0003137073431226066,0.0003136999636894593,0.00039659268920741946,0.00039659574562548266,True,
128,39,left,38,663.2967472737905,663.2973437771542,0.026095697717853625,0.0010377102116246421,0.027170826195455702,0.0010903853972272308,0.011075014456609756,0.0033218841709135765,0.007753130285696179,0.022678171334894956,0.00032392848393876327,0.0003239314690928399,0.0003239236375688628,0.00041212840116666753,0.00041213218388295975,True,
128,39,left,39,663.2973437771542,663.297940280518,0.02642903086777919,0.0010839838358181427,0.02760098057068571,0.001139873743352581,0.011074926302248388,0.003442184390817577,0.00763274191143081,0.02267705258827915,0.0003341421639724226,0.0003341458410528915,0.0003341373404606732,0.00042782801322047723,0.00042783270499845486,True,
128,39,left,40,663.297940280518,663.2985367838817,0.026766765938483855,0.0011318269525643783,0.02787855944131068,0.0011879956961267648,0.011074837032240359,0.0035536122070576803,0.007521224825182677,0.022676059955809333,0.0003445278594055617,0.00034453206089613036,0.00034452284767655806,0.0004439266215917564,0.00044393201787771636,True,
128,39,left,41,663.2985367838817,663.2991332872454,0.027105279849991573,0.0011792751645606982,0.028300556461716513,0.001238444247964632,0.011074746921543518,0.0036756697386218615,0.0073990771829216566,0.022673819853407457,0.00035448338318674335,0.00035448778511325485,0.000354478066355157,0.0004596485332245271,0.0004596542226022129,True,
128,39,left,42,663.2991332872454,663.299729790609,0.027450785013799044,0.0012297349144216976,0.02865798205848386,0.001290641570846128,0.011074656414498285,0.0037988473667214455,0.007275809047776838,0.022674059235635084,0.00036503128356336645,0.000365035577504237,0.0003650256645842985,0.00047631839247995846,0.00047632397586885845,True,
128,39,left,43,663.299729790609,663.3003262939728,0.027800236905010853,0.0012815616947235587,0.029014449328621402,0.0013441561946144437,0.011074565789781216,0.0039247746099906515,0.0071497911797905635,0.022673688321482588,0.0003756620192551783,0.0003756661838237945,0.0003756561354793313,0.0004932826189609083,0.0004932880666209014,True,
128,39,left,44,663.3003262939728,663.3009227973365,0.02815245349597401,0.0013341175427669938,0.02938385788039958,0.0013986179397083224,0.011074475014298419,0.004053235253937414,0.007021239760361004,0.022673654156325333,0.0003861828205432737,0.0003861866399309512,0.0003861765443846579,0.0005102894575143631,0.0005102944822736453,True,
128,39,left,45,663.3009227973365,663.3015193007002,0.02850986290721543,0.001388756407142678,0.029671652011700165,0.0014535686504154987,0.011074384010288763,0.004179492219114937,0.006894891791173825,0.022674668733675424,0.0003969796312286517,0.0003969831308411314,0.00039697293819525124,0.0005278502465973047,0.0005278548766089403,True,
128,39,left,46,663.3015193007002,663.302115804064,0.02886984246206367,0.001444042868916489,0.030125995369402237,0.00151232890905468,0.011074292933420066,0.004320411713220806,0.00675388122019926,0.0226745117382443,0.00040763155655625924,0.00040763488024741113,0.0004076247862667902,0.0005454095966268541,0.0005454140191455723,True,
128,39,left,47,663.302115804064,663.3027123074277,0.02923531718773544,0.0015016143290463968,0.030428706912522852,0.0015704358773249755,0.011074201929888169,0.004453935470138146,0.0066202664597500216,0.02267652357820619,0.0004185955148486632,0.00041859871383517923,0.00041858889392483944,0.0005635799231596419,0.0005635842042554625,True,
128,39,left,48,663.3027123074277,663.3033088107913,0.029601675192729934,0.001558912575990193,0.030883077386036684,0.0016311561783134217,0.011074110546751486,0.004599050432178559,0.006475060114572926,0.02267901596809896,0.0004291505304460359,0.00042915370172953515,0.0004291439786170125,0.0005813931791881699,0.0005813974482559035,True,
128,39,left,49,663.3033088107913,663.3039053141551,0.029975319929221294,0.0016195258770661974,0.03126961560553578,0.0016938562345923957,0.011074017828011968,0.004745628293001449,0.006328389535010519,0.022678767162059695,0.00044028213117010094,0.0004402856581498469,0.0004402757422069775,0.0006001833262521713,0.0006001881054520649,True,
128,39,left,50,663.3039053141551,663.3045018175188,0.030353131538335843,0.0016817236153188286,0.03165888695503558,0.0017581617730070315,0.011073923403606733,0.004895721390332734,0.006178202013273998,0.022673289441607805,0.0004514993789257944,0.0004515032552972933,0.0004514932939949816,0.0006192923910851681,0.0006192976777940981,True,
128,39,left,51,663.3045018175188,663.3050983208825,0.030734751830021667,0.001745304515611957,0.0320552307395175,0.0018239622937588247,0.01107382794732266,0.005049276379591882,0.006024551567730776,0.022673612636430078,0.00046274084029818943,0.0004627449454600309,0.00046273468705444363,0.0006386385868515399,0.0006386442206025064,True,
128,39,left,52,663.3050983208825,663.3056948242462,0.03112108045377027,0.0018107644265128865,0.032376310339264566,0.001890156039850095,0.011073732344081969,0.005200662121861429,0.005873070222220539,0.02267340153291562,0.00047412995588538576,0.00047413451704528053,0.00047412376710457643,0.0006583947493049164,0.0006584010495831428,True,
128,39,left,53,663.3056948242462,663.30629132761,0.03150929880594291,0.001876459999447102,0.03285647995921073,0.001959632652153377,0.011073636834765367,0.005365402827630189,0.005708234007135177,0.02267212050718828,0.00048523152909504537,0.0004852362616708316,0.0004852253077916086,0.000677957395881941,0.0006779639729917251,True,
128,39,left,54,663.30629132761,663.3068878309737,0.03190472227741897,0.0019452958900895469,0.03318659239361003,0.002029306774030561,0.011073541209190452,0.00552453355649431,0.005549007652696142,0.022672061052775132,0.0004967928399365355,0.0004967975795019605,0.0004967865673375441,0.0006983703951171426,0.0006983770209290576,True,
128,39,left,55,663.3068878309737,663.3074843343373,0.03230279097938633,0.0020144322317217213,0.033677339848254724,0.002102355643536327,0.011073445382938836,0.005697303274696506,0.00537614210824233,0.02267214132344467,0.0005080755186623354,0.0005080802993098134,0.0005080691959771158,0.0007186020125426278,0.0007186087355277092,True,
128,39,left,56,663.3074843343373,663.3080808377011,0.032709251433280705,0.002086782921859289,0.034095897274156545,0.002177160232084837,0.011073349455117697,0.0058708790740869465,0.005202470381030749,0.02267231186803311,0.0005198107201521563,0.0005198153845228442,0.0005198042539450178,0.0007396861966086573,0.000739692793640577,True,
128,39,left,57,663.3080808377011,663.3086773410648,0.033121384515490175,0.0021606346830047663,0.034524159177656936,0.002253592982912491,0.011073253396452975,0.00604832241429347,0.005024930982159503,0.022673837636803102,0.0005315553662245008,0.0005315596756966685,0.0005315485943196532,0.0007610010562047646,0.0007610071837579599,True,
128,39,left,58,663.3086773410648,663.3092738444285,0.03353997948932364,0.002236660597894678,0.03495719192089475,0.00233223682490153,0.01107315692137047,0.006230656301212766,0.004842500620157703,0.02267474254029248,0.0005434671048390817,0.0005434713274689782,0.0005434602124864724,0.0007827746022298829,0.0007827806402883171,True,
128,39,left,59,663.3092738444285,663.3098703477923,0.03396407011481153,0.0023145814579475597,0.035320713277598115,0.0024113690824909256,0.011073059702516867,0.006411234014714299,0.004661825687802567,0.022674905231808883,0.0005554681315149807,0.0005554720704620715,0.0005554609969817239,0.0008048991327480336,0.0008049047945845261,True,
128,39,left,60,663.3098703477923,663.310466851156,0.034389564703125174,0.0023922072774941417,0.03583606447265509,0.002493137715800547,0.011072961586603631,0.006603624704495492,0.004469336882108138,0.022673667228578977,0.0005670307727035531,0.0005670346963082874,0.0005670235572783523,0.0008266084139821481,0.0008266140858752287,True,
128,39,left,61,663.310466851156,663.3110633545197,0.0348240374246278,0.0024739902936436473,0.03620297258851837,0.002576114929023558,0.011072862612127931,0.0067925262328010156,0.0042803363793269145,0.022672564854027782,0.0005792082101045403,0.0005792123805714905,0.0005792010359837214,0.0008494361011331423,0.0008494421673272538,True,
128,39,left,62,663.3110633545197,663.3116598578833,0.03526193429952407,0.002556780351836534,0.03673850048213442,0.0026633749157448866,0.011072763005432312,0.006997414044195279,0.004075348961237032,0.02267028595096633,0.0005912450279766937,0.0005912493867809869,0.0005912378475410585,0.0008722844902740367,0.0008722908688251648,True,
128,39,left,63,663.3116598578833,663.3122563612471,0.035706692015667486,0.002642595134332088,0.03719317373376415,0.0027520379135810356,0.01107266311957268,0.0072019966872234175,0.003870666432349262,0.022670472958769873,0.0006036021374557923,0.0006036065751483383,0.0006035948691463436,0.000895834520876197,0.0008958410527053863,True,
128,39,left,64,663.3122563612471,663.3128528646108,0.03615488472799061,0.0027294788648107174,0.03766222902974356,0.0028420196560854927,0.011072563166154261,0.007410020953797662,0.0036625422123565984,0.02267009283729888,0.0006158216529223787,0.0006158262437151512,0.0006158143338170415,0.0009194116261101293,0.0009194184235019089,True,
128,39,left,65,663.3128528646108,663.3134493679745,0.03661001645611107,0.002819479035014694,0.03813305120896647,0.002935118691671728,0.011072463113892029,0.007624740335442487,0.0034477227784495417,0.022670062601692857,0.0006283599774858333,0.0006283645145780574,0.0006283525585803931,0.0009436981471145436,0.0009437049022545375,True,
128,39,left,66,663.3134493679745,663.3140458713383,0.03707040370664503,0.0029116392819719637,0.03853749958823716,0.0030290290556269387,0.011072362907115083,0.0078384896432976,0.003233873263817483,0.022671136626891922,0.0006409900355683304,0.000640994490745307,0.0006409824574992623,0.0009683600438660185,0.000968366713250118,True,
128,39,left,67,663.3140458713383,663.314642374702,0.037531755844093455,0.003003482374908992,0.0390865616610519,0.0031254586313330755,0.011072262670267813,0.008063628683603115,0.0030086339866646976,0.022670878219541182,0.0006531650577806813,0.0006531694535124543,0.0006531573969363563,0.0009925693850846725,0.0009925760015154419,True,
128,39,left,68,663.314642374702,663.3152388780657,0.03800271184785705,0.003100040323071402,0.03948759335044828,0.003223626745349013,0.011072162503438846,0.008286337495772107,0.002785825007666739,0.022673326774074146,0.0006659772417181067,0.0006659814841834646,0.0006659695435346006,0.0010179839523540932,0.0010179903713484401,True,
128,39,left,69,663.3152388780657,663.3158353814293,0.038478341181851165,0.003198464586889727,0.040065777215043875,0.003327156202255821,0.01107206204351812,0.008527797807825303,0.0025442642356928165,0.022675866333299148,0.0006787944267187632,0.0006787985553428962,0.0006787868104045975,0.0010436493207246044,0.0010436556001757562,True,
128,39,left,70,663.3158353814293,663.3164318847931,0.03896009966707521,0.0032996169177171106,0.040555224665111515,0.0034316115536242972,0.011071960568790222,0.0087675966351847,0.002304363933605521,0.022675454845598488,0.0006917919911444689,0.0006917962735085291,0.000691784551122782,0.0010698372736627794,0.0010698438253013685,True,
128,39,left,71,663.3164318847931,663.3170283881568,0.039444143775688834,0.0034012692825773536,0.04106486087461627,0.0035369383212654525,0.011071857834165585,0.00901017859982021,0.0020616792343453746,0.022670118000345258,0.0007044974759180617,0.0007045020708447,0.0007044903560122515,0.0010958181834018292,0.0010958252570403748,True,
128,39,left,72,663.3170283881568,663.3176248915205,0.03993685457668405,0.0035071565132835285,0.041574549628001306,0.0036464714800744954,0.01107175437499828,0.009261705965945987,0.0018100484090522934,0.022669894895767047,0.0007176806882893493,0.0007176855456908968,0.0007176734892829688,0.0011227888749046067,0.0011227963977783488,True,
128,39,left,73,663.3176248915205,663.3182213948843,0.0404351400921618,0.0036154908505812737,0.042021572155160246,0.0037571575408770516,0.01107165084652053,0.009513116429070587,0.0015585344174499428,0.022669584529899738,0.0007309582292324249,0.0007309635787592531,0.0007309509896753783,0.001150159338350645,0.0011501676766019966,True,
128,39,left,74,663.3182213948843,663.318817898248,0.04093553316211827,0.0037242550833917177,0.042607630957285085,0.003871044264212256,0.01107154741045684,0.00977725183282256,0.0012942955776342796,0.022668220951795236,0.0007439197376559968,0.0007439252192240482,0.000743912454694194,0.0011772830446388114,0.0011772916374306044,True,
128,39,left,75,663.318817898248,663.3194144016117,0.04144505936130562,0.0038375743467326797,0.04304492037966034,0.003986447560869639,0.011071443906187271,0.01003838013303916,0.0010330637731481103,0.022668102106053547,0.0007573851720138588,0.0007573906650005327,0.0007573778301109679,0.0012054567460440112,0.001205465403799423,True,
128,39,left,76,663.3194144016117,663.3200109049754,0.04195976017714245,0.003953146347813399,0.04366715439509107,0.004107816884824991,0.011071340276492245,0.010320043785158788,0.0007512964913334567,0.02266819639919831,0.0007708832203586464,0.0007708887429539177,0.0007708758039817571,0.0012339399948432881,0.001233948746950704,True,
128,39,left,77,663.3200109049754,663.3206074083391,0.04248077812940497,0.004071654310928653,0.0441936905208535,0.004230152464303314,0.011071236595734814,0.010599797020921614,0.0004714395748131993,0.022668412491745896,0.0007845397089423104,0.0007845451037626418,0.0007845321314659226,0.0012629364722941384,0.0012629450659993272,True,
128,39,left,78,663.3206074083391,663.3212039117028,0.043002702004370286,0.004189931337484098,0.04474603031713468,0.004352755656543364,0.011071132838773852,0.010881350773114569,0.000189782065659283,0.022670046539970793,0.0007977420468493848,0.0007977470668596321,0.0007977341472882295,0.0012914589967281836,0.001291467029897301,True,
128,39,left,79,663.3212039117028,663.3218004150665,0.04353535316823904,0.004313763377911416,0.045297038491897895,0.004480851257242005,0.011071028798464165,0.011174540338706053,-0.00010351154024188827,0.022670974756067955,0.000811588840277287,0.0008115937601091164,0.0008115808019852274,0.001321283864431896,0.0013212917772662649,False,
128,39,left,80,663.3218004150665,663.3223969184303,0.04407394003935221,0.004440348771162627,0.04578913414153287,0.004610460015189266,0.011070924246762688,0.011468513866062166,-0.00039758961929947835,0.022671115326331617,0.0008255328280177736,0.0008255374496685489,0.0008255245278560839,0.0013515329195325902,0.001351540385985517,False,
128,39,left,81,663.3223969184303,663.322993421794,0.04461604885775158,0.004568279271859135,0.04641496150604382,0.004744127906909793,0.011070819081941637,0.011776952285556211,-0.0007061332036145744,0.022669764359635663,0.0008393070696751967,0.0008393117389281951,0.0008392986987425985,0.0013817694796061483,0.0013817770634614712,False,
128,39,left,82,663.322993421794,663.3235899251576,0.045166627186375145,0.0047004840199590305,0.04689105100643855,0.004878955472740592,0.011070713338436464,0.012081497111781093,-0.0010107837733446293,0.02266852711517148,0.0008534443810770334,0.0008534493128198966,0.0008534360473102785,0.001412871032688545,0.0014128790904959743,False,
128,39,left,83,663.3235899251576,663.3241864285214,0.045721220092961375,0.0048343479904822285,0.047558196357062786,0.0050193549616114564,0.011070607182490413,0.012406233276638421,-0.0013356260941480085,0.0226661959397409,0.0008674590609560705,0.0008674641860368388,0.0008674507082455257,0.0014440390893938056,0.0014440475108763928,False,
128,39,left,84,663.3241864285214,663.3247829318851,0.0462840204538781,0.004972360565748191,0.048124415912890496,0.005161788530269216,0.011070500864423361,0.012731031525550156,-0.0016605306611267945,0.022666352667704243,0.0008817919176674862,0.000881797129560196,0.0008817834681730828,0.0014760081445514296,0.0014760167549356493,False,
128,39,left,85,663.3247829318851,663.3253794352488,0.046847105118834075,0.005109849191817733,0.048722860981296655,0.005304342225857823,0.011070394528651935,0.013057659483098389,-0.0019872649544464536,0.022665934237669813,0.0008956092589599676,0.0008956146253629638,0.0008956007591773309,0.0015073837952626506,0.0015073927101891828,False,
128,39,left,86,663.3253794352488,663.3259759386126,0.04742229816400599,0.005253822432248391,0.04931786906736701,0.005453272775961642,0.011070288151647359,0.01339775151864479,-0.0023274633669974312,0.022665922403710435,0.000910137519240707,0.0009101428304633682,0.0009101289087374764,0.0015402272338849842,0.0015402361012856799,False,
128,39,left,87,663.3259759386126,663.3265724419763,0.04800382033947654,0.005400876391307972,0.049857766480701095,0.005604099797755685,0.011070181697970036,0.013739587679658709,-0.002669405981688673,0.02266700536674314,0.0009247654656602502,0.000924770691067611,0.0009247566802263925,0.0015735180145466541,0.0015735267812924001,False,
128,39,left,88,663.3265724419763,663.32716894534,0.04859058364472444,0.005550378910146962,0.05052639571176925,0.0057600416292210195,0.011070075252073399,0.014098082042108977,-0.003028006790035579,0.022666632988319554,0.0009393783213160284,0.0009393834766527657,0.000939369445455918,0.0016070624291450552,0.0016070711206012315,False,
128,39,left,89,663.32716894534,663.3277654487036,0.04918492547637444,0.005703729962596596,0.051044067847804686,0.00591662640082251,0.011069968872822427,0.01445142922369575,-0.003381460350873323,0.02266947931559823,0.0009542062271796715,0.0009542112211850198,0.0009541973098442708,0.0016412557570694723,0.0016412642149280037,False,
128,39,left,90,663.3277654487036,663.3283619520674,0.0497818446798334,0.0058579707689149175,0.05175869291370041,0.0060782254917928664,0.01106986231413846,0.01482431413658888,-0.0037544518224504214,0.022672002001974213,0.0009687487174895901,0.0009687535893770265,0.0009687398839996234,0.001675238337789264,0.0016752466268641856,False,
128,39,left,91,663.3283619520674,663.3289584554311,0.05038920736365173,0.006017791176140873,0.052367466666281746,0.006243132252976726,0.011069755112188526,0.01519967278719348,-0.004129917675004954,0.02267144532649353,0.0009837767441166257,0.0009837817798391034,0.0009837680920682867,0.0017103423521652708,0.0017103509671767794,False,
128,39,left,92,663.3289584554311,663.3295549587948,0.050998354008904824,0.00617805092001684,0.05301709561421251,0.006409319407206304,0.011069647130420076,0.015579775304550762,-0.004510128174130687,0.022665749604736763,0.0009984400532636896,0.0009984453800990977,0.0009984316881553226,0.0017450949512659354,0.001745104117666795,False,
128,39,left,93,663.3295549587948,663.3301514621586,0.051618973019475184,0.0063445320274479935,0.053659086164230506,0.006581533082389536,0.011069538730237468,0.01597248179861532,-0.004902943068377853,0.022665698891730694,0.001013669517793495,0.0010136751277020223,0.00101366106649761,0.0017811213252958054,0.001781131034230098,False,
128,39,left,94,663.3301514621586,663.3307479655223,0.05224635337893266,0.006514444715200801,0.054249799853712,0.006756046799161235,0.011069430326618683,0.016367947986907702,-0.00529851766028902,0.02266528599001919,0.0010290014331707246,0.0010290075543777305,0.0010289929359338715,0.0018176178255148467,0.0018176284853576447,False,
128,39,left,95,663.3307479655223,663.331344468886,0.05288008554811841,0.006687555945613169,0.054963615934325534,0.0069363673069527225,0.011069322013061156,0.016781496810041263,-0.005712174796980108,0.022663900183922146,0.0010443922314188382,0.0010443984699291123,0.001044383673630338,0.0018545095765418807,0.0018545204971823638,False,
128,39,left,96,663.331344468886,663.3319409722496,0.0535211721934809,0.006864478418223452,0.05552592248705337,0.007117202699134198,0.011069213686046065,0.017189473238665,-0.006120259552618937,0.022663733132532077,0.0010599299889310005,0.001059936244429496,0.001059921364507332,0.0018919550287192608,0.0018919660332464752,False,
128,39,left,97,663.3319409722496,663.3325374756134,0.05416308681371944,0.007041320307808482,0.05629080236899803,0.007302312813832767,0.011069105311565304,0.01761598647589255,-0.006546881164327248,0.022663823508742163,0.001075012335574044,0.0010750186362571518,0.0010750036444232953,0.0019288770144477929,0.0019288881538284594,False,
128,39,left,98,663.3325374756134,663.3331339789771,0.054818063153789585,0.007225412845301779,0.05694525939993699,0.00749224207479217,0.011068996935814764,0.01804789656763077,-0.006978899631816007,0.022664076005231654,0.0010907555217983392,0.0010907616892284798,0.0010907466558701955,0.0019672755928543434,0.0019672865459986,False,
128,39,left,99,663.3331339789771,663.3337304823408,0.055476652279151835,0.007411113660916198,0.05764959868760177,0.007684839687129682,0.01106888854535829,0.018488011705039168,-0.0074191231596808785,0.022665788119013416,0.0011062926342295814,0.0011062984728412893,0.001106283462309591,0.002005597064403373,0.0020056074743014054,False,
128,39,left,100,663.3337304823408,663.3343269857046,0.05614582462140159,0.007602615125639629,0.058341817984242324,0.007882934319389228,0.01106878002318989,0.01893947581623358,-0.007870695793043694,0.022666700514345255,0.0011222438783165254,0.0011222496089027649,0.0011222345526886498,0.0020449652544565805,0.002044975517166276,False,
128,39,left,101,663.3343269857046,663.3349234890683,0.056822224964699526,0.007797919422144331,0.05898663658707567,0.00808375344349023,0.011068671244548163,0.019394775640555823,-0.008326104396007662,0.022666806262920107,0.0011383007479024141,0.0011383061795569457,0.001138291148702224,0.002084826092690287,0.002084835856390868,False,
128,39,left,102,663.3349234890683,663.335519992432,0.05750349267834127,0.007995623330020818,0.05974622753585885,0.008289470894489141,0.011068562157220779,0.019866090946101454,-0.008797528788880677,0.022665361053355884,0.0011542530544636778,0.0011542585579987904,0.0011542433876175465,0.002124794963794872,0.00212480490539386,False,
128,39,left,103,663.335519992432,663.3361164957957,0.05819451217694885,0.00819867491739783,0.06035643402593966,0.008497189659550791,0.01106845278525643,0.020334932906995694,-0.009266480121739265,0.02266401282420969,0.0011705205287956444,0.0011705263019248912,0.0011705108904336292,0.0021656448282479117,0.002165655314718632,False,
128,39,left,104,663.3361164957957,663.3367129991594,0.05888505124108061,0.00840092944306456,0.061175342688558725,0.008708729306623609,0.011068343224641461,0.020821995642572536,-0.009753652417931077,0.022661680198528638,0.0011862232013999028,0.0011862291457189946,0.0011862135400115797,0.002205747490516138,0.002205758343910346,False,
128,39,left,105,663.3367129991594,663.3373095025231,0.059590890188295526,0.008611899185466261,0.06187882370526989,0.008926366688562403,0.011068233614989351,0.021316858461542517,-0.010248624846553167,0.022661796025242868,0.0012027015438268783,0.0012027075799424566,0.0012026917775477047,0.002247591454349839,0.002247602529289965,False,
128,39,left,106,663.3373095025231,663.3379060058868,0.060302526114377225,0.008825879258353028,0.06264161362586147,0.009148311211026612,0.011068124036074475,0.021823996989977505,-0.010755872953903031,0.0226613477648606,0.001219139870235464,0.0012191460452138007,0.0012191300286237574,0.0022896656469289086,0.002289677033467492,False,
128,39,left,107,663.3379060058868,663.3385025092506,0.06102355289630051,0.009045050415637154,0.06338746504750042,0.00937502899873429,0.011068014477810134,0.02234079494029151,-0.011272780462481376,0.022661362576301008,0.0012358331978628272,0.0012358393183151484,0.001235823235451054,0.0023325249181158246,0.002332536253730823,False,
128,39,left,108,663.3385025092506,663.3390990126143,0.061752292752215894,0.009268417108198585,0.0640898294526392,0.009604920332519154,0.011067904921816207,0.022862576570503407,-0.011794671648687203,0.022662414910022667,0.0012526351016126111,0.0012526411356136777,0.0012526249518107183,0.002375897769460729,0.0023759089924939975,False,
128,39,left,109,663.3390990126143,663.339695515978,0.06248406269663795,0.009493163333216285,0.06489825404967645,0.009838573078592193,0.011067795404910182,0.023397805051071936,-0.012330009646161755,0.022661938862193063,0.0012691625967717409,0.0012691685683906308,0.0012691523483166233,0.0024190563170311615,0.0024190674717087042,False,
128,39,left,110,663.339695515978,663.3402920193417,0.06322836955260475,0.009725050916487794,0.06555980046643854,0.010075965159180094,0.011067685952614753,0.023934214872365377,-0.012866528919750625,0.022665121048474374,0.0012861812879713505,0.0012861870979397028,0.0012861709943272825,0.0024634583071469927,0.002463469201967123,False,
128,39,left,111,663.3402920193417,663.3408885227054,0.06397408350238945,0.009957362160577724,0.06643957430130146,0.010318755493736969,0.011067576460899248,0.02449308032787734,-0.013425503866978094,0.02266749534625364,0.001302794727737644,0.0013028004558743769,0.001302784495041833,0.002507391097233591,0.0025074018827168504,False,
128,39,left,112,663.3408885227054,663.3414850260691,0.06473420934399114,0.01019798843940579,0.06719561072290754,0.010566964486746539,0.011067466737863215,0.02505781807165924,-0.013990351333796027,0.022666780034236354,0.0013200312775781004,0.0013200371763681092,0.0013200212204660302,0.0025528310893007857,0.002552842251878484,False,
128,39,left,113,663.3414850260691,663.3420815294329,0.06550209992534346,0.010442923132770744,0.06802018496643421,0.010821026885436735,0.011067356733529514,0.025638767854966056,-0.014571411121436544,0.02266086310233868,0.0013373557428774782,0.0013373619719960054,0.0013373459402186995,0.0025987545487733484,0.0025987664016558186,False,
128,39,left,114,663.3420815294329,663.3426780327966,0.06627840970949034,0.010692579318096187,0.06882321429917676,0.011079279854319305,0.011067246604933747,0.02622798649236871,-0.015160739887434965,0.02266097857366751,0.0013548142855012713,0.0013548208076000555,0.00135480438985638,0.002645252898575183,0.0026452653747757325,False,
128,39,left,115,663.3426780327966,663.3432745361603,0.06706291861577002,0.010946843451608975,0.06958666542141123,0.011341172548709156,0.011067136525279044,0.02682339504975845,-0.01575625852447941,0.022660478451695328,0.001372384722800773,0.0013723917553937306,0.001372374774564367,0.0026922851525289643,0.002692298684051657,False,
128,39,left,116,663.3432745361603,663.343871039524,0.06784819661440736,0.011201212407610173,0.070447021259115,0.011605425812596042,0.01106702653348847,0.027429094010628877,-0.01636206747714041,0.0226591035148658,0.0013895034171739866,0.0013895105606452954,0.001389493409301273,0.0027387422340789877,0.0027387560427052883,False,
128,39,left,117,663.343871039524,663.3444675428877,0.06864919526247462,0.011464797350732516,0.07116338743789381,0.011875429905272981,0.011066916588077715,0.028040238946585867,-0.016973322358508156,0.022658903518462267,0.001407296565973479,0.0014073037323590104,0.0014072864834622017,0.0027868404934528216,0.0027868544067687503,False,
128,39,left,118,663.3444675428877,663.3450640462514,0.06945383386153603,0.011730268986597576,0.0721079273477602,0.012152699471549818,0.011066806673183185,0.028678826692478707,-0.017612020019295526,0.022658982372289294,0.0014248518312442733,0.0014248590222128126,0.0014248416597719415,0.0028347822015297635,0.00283479622317966,False,
128,39,left,119,663.3450640462514,663.3456605496151,0.07027162885553512,0.012003442903185405,0.07291998435791494,0.012434469204985232,0.011066696804846345,0.029320779563541045,-0.018254082758694706,0.02265931247508169,0.0014428707773476261,0.0014428778354783928,0.001442860421192418,0.002883961648049912,0.0028839754636122883,False,
128,39,left,120,663.3456605496151,663.3462570529789,0.07109518288860611,0.01227983238764982,0.0738057679378144,0.012721186302769888,0.011066586989174678,0.02997752514442421,-0.018910938155249534,0.022660995570292344,0.0014608036370855992,0.001460810369896933,0.0014607929662006432,0.00293328632510301,0.0029332995454769534,False,
128,39,left,121,663.3462570529789,663.3468535563426,0.07193005966556158,0.012562855498404073,0.07466938435856728,0.013013953586228902,0.011066477208285217,0.030646547481625916,-0.019580070273340702,0.022661862706553383,0.0014790509275105566,0.0014790575521767475,0.0014790400923706463,0.002983560308304244,0.0029835733652689165,False,
128,39,left,122,663.3468535563426,663.3474500597063,0.07277359433853879,0.012850907602060287,0.07549731423482467,0.013310837470643386,0.01106636744112157,0.03132301434901144,-0.020256646907889874,0.022661929760569167,0.0014974138584978836,0.0014974201986865002,0.0014974027469002774,0.0030343879385251117,0.003034400472427864,False,
128,39,left,123,663.3474500597063,663.34804656307,0.07361546493858154,0.013137699128910578,0.07641278951914744,0.013608585955477434,0.011066257681205201,0.032006389262899615,-0.02094013158169442,0.022660417947637273,0.0015151621799315788,0.0015151686113073614,0.0015151510148359486,0.003084284334098859,0.0030842971042294603,False,
128,39,left,124,663.34804656307,663.3486430664337,0.07447634589025162,0.013435896947473781,0.07718723371426066,0.013914198590455215,0.011066147935858065,0.0326997121010501,-0.021633564165192038,0.022658997168957622,0.00153375376488776,0.0015337604627565296,0.0015337426152694888,0.0031362120060280272,0.0031362253720726785,False,
128,39,left,125,663.3486430664337,663.3492395697974,0.07534345648707937,0.013737706767525433,0.07820023925604373,0.014229249910955413,0.011066038222427889,0.033426275256896495,-0.02236023703446861,0.022656737281019187,0.0015522823342897544,0.0015522891965768669,0.0015522711321367885,0.0031883310555162496,0.0031883448124755804,False,
128,39,left,126,663.3492395697974,663.3498360731611,0.07622203252267208,0.014046361282269292,0.07907150920436186,0.014547600153748445,0.011065928565689137,0.03415300632360911,-0.023087077757919978,0.02265680443622708,0.001571107532728866,0.0015711144891234602,0.001571096218979202,0.0032413800368469173,0.003241394042382964,False,
128,39,left,127,663.3498360731611,663.3504325765249,0.07710386842798285,0.014356853368767153,0.08002122860013626,0.014869715492152867,0.011065818985679135,0.03489254031724429,-0.023826721331565163,0.022656343662262334,0.0015896649567136553,0.0015896720504533501,0.0015896535671195372,0.0032941957504731426,0.0032942100957485186,False,
128,39,left,128,663.3504325765249,663.3510290798886,0.07800032821434759,0.014676181620731971,0.08094854015287911,0.015200039160506993,0.01106570949082181,0.03564905042921785,-0.024583340938396044,0.022656389024585617,0.0016087250282115064,0.001608732071772205,0.0016087135097692517,0.0033483726107285234,0.0033483869076082412,False,
128,39,right,1,663.4267850070804,663.4273815104441,0.016229286570255543,6.557702953219633e-07,0.017045252570052603,1.91185035582544e-05,0.011054745090726441,0.000696994330892893,0.010357750759833547,0.022636715073667168,0.0,0.0,0.0,,5e-324,True,5e-324
128,39,right,2,663.4261885037166,663.4267850070804,0.016439529892227273,1.6099038986398473e-05,0.017262732070224877,3.50933379044194e-05,0.011054791599804346,0.0007385598768164661,0.010316231722987878,0.02263627938215508,7.589649833195997e-06,7.58963133812173e-06,7.589640352640528e-06,,7.639810763996378e-06,True,7.639819856486292e-06
128,39,right,3,663.4255920003529,663.4261885037166,0.016652595580054205,3.188775413423238e-05,0.017460910792035416,5.101243283254583e-05,0.011054838279188184,0.0007792713319749765,0.010275566947213205,0.022635776491713343,1.5245447998369022e-05,1.52454173452627e-05,1.5245422578426074e-05,,1.5447670640476e-05,True,1.544767601719193e-05
128,39,right,4,663.4249954969893,663.4255920003529,0.016867546057992237,4.77311850084156e-05,0.01770548561346744,6.781437228102062e-05,0.01105488500156561,0.0008236150934721774,0.01023126990809343,0.022635584676430023,2.2740207783988822e-05,2.2740179835505834e-05,2.274019233376039e-05,,2.319418019442662e-05,True,2.3194193108633195e-05
128,39,right,5,663.4243989936256,663.4249954969893,0.017086345324462467,6.463196360551797e-05,0.017833269034288956,8.346358155505967e-05,0.011054932099100755,0.0008610589534432443,0.01019387314565751,0.022635604001994693,3.0528604839821683e-05,3.052858349253762e-05,3.052859943434618e-05,,3.13438804780016e-05,True,3.1343897144969115e-05
128,39,right,6,663.4238024902618,663.4243989936256,0.0173064254546145,8.128534825959773e-05,0.01815948719516623,0.0001025239925998435,0.011054979610468293,0.0009132655467221852,0.010141714063746107,0.02263560124291516,3.800645546354184e-05,3.800644523973861e-05,3.80064572093183e-05,,3.9279297231252836e-05,True,3.927931007038981e-05
128,39,right,7,663.4232059868981,663.4238024902618,0.01753108683850549,9.929613236615975e-05,0.018334279103109252,0.00012008250997390797,0.011055027381212933,0.0009565062805231903,0.01009852110068974,0.022635931033855874,4.592852687041777e-05,4.5928526578397224e-05,4.5928535403132654e-05,,4.778026275103603e-05,True,4.778027261513745e-05
128,39,right,8,663.4226094835344,663.4232059868981,0.017758663852758313,0.000117852567579248,0.018627311404488308,0.00014035041748252568,0.011055075567687978,0.001009959233344887,0.01004511633434309,0.022636734086023087,5.390102585203421e-05,5.390102566799162e-05,5.3901041695928426e-05,,5.644450535891667e-05,True,5.644452308487063e-05
128,39,right,9,663.4220129801706,663.4226094835344,0.017989349475180293,0.0001370474790772386,0.018865949654535252,0.00016020559330515212,0.011055124701446494,0.0010604599740158087,0.009994664727430684,0.022636992423140833,6.196005076894796e-05,6.196003356014807e-05,6.19600733689726e-05,,6.531212440774031e-05,True,6.531216761701505e-05
128,39,right,10,663.4214164768069,663.4220129801706,0.018223101483135978,0.00015685878582882512,0.01908898185309893,0.00018034799043318572,0.011055175264715096,0.0011109625312865625,0.009944212733428532,0.02263666573999729,7.008822390628367e-05,7.008818595510288e-05,7.008824865212898e-05,,7.436751255265555e-05,True,7.436758068013644e-05
128,39,right,11,663.4208199734433,663.4214164768069,0.018458344933355547,0.000176506887330813,0.01935112139390648,0.0002010218970898163,0.01105522744027721,0.0011640948034184488,0.009891132636858759,0.022636071555502537,7.793307242508432e-05,7.793298298748642e-05,7.793306633004305e-05,,8.323665056327056e-05,True,8.323674158076793e-05
128,39,right,12,663.4202234700795,663.4208199734433,0.01869831587717792,0.000197587337698291,0.01950419184023113,0.00022105168912049756,0.011055281100226062,0.0012116687053935734,0.009843612394832486,0.022634798708238858,8.6199304436594e-05,8.619917372511075e-05,8.619927514406512e-05,,9.267224722505962e-05,True,9.267235872856923e-05
128,39,right,13,663.4196269667158,663.4202234700795,0.01894019873351172,0.000218706842812259,0.019849595704934202,0.0002446732848962879,0.011055335809958306,0.0012741801353894164,0.009781155674568888,0.022633806100447428,9.42645285834772e-05,9.426438243214871e-05,9.426449005973462e-05,,0.00010201071552079796,True,0.0001020108349758672
128,39,right,14,663.4190304633521,663.4196269667158,0.019186540362076586,0.00024112757970369916,0.020043329351225055,0.0002667249333397946,0.011055391005532723,0.0013275537916164263,0.009727837213916296,0.022633757525842988,0.00010267082323412496,0.0001026706774725145,0.00010267078530088333,,0.00011183926292258031,True,0.00011183938394244508
128,39,right,15,663.4184339599884,663.4190304633521,0.01943565697149401,0.00026401301734764096,0.020362158289322082,0.0002915394195046867,0.011055446445517711,0.001391542075581324,0.009663904369936386,0.022633744694848065,0.00011104831174636701,0.00011104816718925232,0.0001110482754456736,,0.00012176064401445041,True,0.00012176076690948032
128,39,right,16,663.4178374566246,663.4184339599884,0.01968853063264921,0.000287851986466046,0.020623763084247394,0.000316199158745987,0.011055502249410716,0.0014529994611984529,0.009602502788212262,0.022633687238149756,0.00011959715414178172,0.00011959700842106518,0.00011959711641593504,,0.000131996175794754,True,0.00013199629987778656
128,39,right,17,663.417240953261,663.4178374566246,0.019944730976401214,0.00031242982295604616,0.020873474917434263,0.0003413370339574478,0.011055558445097601,0.001515001672031721,0.009540556773065879,0.02263437035330795,0.00012821811877544264,0.00012821797389903604,0.000128218081028576,,0.00014244037184051592,True,0.0001424404965032312
128,39,right,18,663.4166444498973,663.417240953261,0.020201917776121465,0.0003365699832278267,0.021154882977318015,0.00036659507041727883,0.01105561475344141,0.001578500245882674,0.009477114507558735,0.02263388240009108,0.00013642593547956935,0.0001364258055354366,0.00013642590374734472,,0.00015255322205009182,True,0.00015255333831887252
128,39,right,19,663.4160479465335,663.4166444498973,0.020464852926272818,0.000362662698791396,0.02133509790654144,0.00039186883977850544,0.01105567114749481,0.0016381038469846106,0.009417567300510197,0.02263646458265637,0.0001451903030932939,0.0001451901773597558,0.00014519027584934522,,0.00016341808758998697,True,0.00016341820577247631
128,39,right,20,663.4154514431698,663.4160479465335,0.020730441929019995,0.0003891536969482781,0.02170166503615915,0.0004209905434855337,0.011055728503197323,0.001712988302083045,0.009342740201114277,0.022637324196120596,0.0001538701888318502,0.00015387005560905625,0.00015387017184259787,,0.00017432201560384455,True,0.0001743221555583541
128,39,right,21,663.4148549398061,663.4154514431698,0.021000291599857654,0.00041685339501632446,0.021916217320482215,0.00044843215957179026,0.011055788060516398,0.001778466773831609,0.009277321286684787,0.02263627964027737,0.00016278106532425103,0.00016278092368866764,0.00016278105682145393,,0.0001856239183643628,True,0.00018562407948564613
128,39,right,22,663.4142584364423,663.4148549398061,0.021272513859151816,0.0004448072438706874,0.02226246617380919,0.0004785580762590445,0.01105584991709205,0.001854685889994273,0.009201164027097775,0.022633339265990496,0.0001715408392381179,0.00017154069353693017,0.00017154083077682892,,0.00019689142319908437,True,0.00019689159113550744
128,39,right,23,663.4136619330786,663.4142584364423,0.021549432750003372,0.0004741928758077821,0.02254895757777709,0.0005089553904948516,0.011055912908387264,0.001929156035431115,0.009126756872956146,0.022633207691319875,0.00018059960166257128,0.00018059945227580953,0.000180599592387671,,0.00020864214326570462,True,0.00020864231675273018
128,39,right,24,663.413065429715,663.4136619330786,0.02182995570499094,0.0005044581913945503,0.022827289574569715,0.0005400391828442183,0.011055976040359725,0.0020047538528032713,0.009051222187556452,0.022632806876337775,0.00018973342883331262,0.00018973327408553075,0.00018973341611865183,,0.00022062345936388114,True,0.00022062363742180125
128,39,right,25,663.4124689263513,663.413065429715,0.02211185000226946,0.0005344646957943175,0.023130823339950583,0.0005713021667029135,0.011056039233834058,0.002081728245823909,0.008974310988010147,0.022632712508658705,0.00019851119840595544,0.00019851103710334246,0.00019851117685893354,,0.00023233353209742042,True,0.0002323337098938975
128,39,right,26,663.4118724229875,663.4124689263513,0.022399670934837353,0.0005665352845439045,0.02334016814152866,0.0006028144212906889,0.011056102782201179,0.0021555518034142135,0.008900550978786963,0.02263296835735134,0.00020779453477880386,0.0002077943630269943,0.0002077944978886851,,0.0002447802449384395,True,0.0002447804194741517
128,39,right,27,663.4112759196238,663.4118724229875,0.022691020614495697,0.0005994495570395856,0.02373002516343858,0.0006385249870145514,0.011056166707130338,0.002245209471692489,0.008810957235437848,0.02263304591457561,0.00021711709057667337,0.0002171169149467967,0.00021711703797551676,,0.0002574232695238158,True,0.0002574234325841695
128,39,right,28,663.4106794162601,663.4112759196238,0.022986337745242752,0.0006334333541631089,0.023967411134064275,0.000672396294868135,0.011056230874956567,0.0023250806044472923,0.008731150270509273,0.022634121172771197,0.00022655330336663216,0.00022655312656988543,0.0002265532350126397,,0.0002703533595077253,True,0.00027035350771947587
128,39,right,29,663.4100829128963,663.4106794162601,0.023283499185167252,0.0006673968926254871,0.024343002169430885,0.0007088133690757172,0.011056295437084805,0.002415699453736514,0.008640595983348289,0.022635162424482692,0.00023570863171395656,0.00023570845555949147,0.00023570855076057295,,0.00028310029732528646,True,0.0002831004321406745
128,39,right,30,663.4094864095326,663.4100829128963,0.023586456568968964,0.0007033720025963006,0.02465643810020192,0.0007460276753024786,0.01105636086550045,0.0025055638329821057,0.008550797032518343,0.022635672006886074,0.0002452979829121871,0.0002452978224451878,0.00024529789285119376,,0.00029652277157528415,True,0.00029652287895262484
128,39,right,31,663.408889906169,663.4094864095326,0.023893313715299954,0.0007403873507074274,0.024965476613345073,0.00078415904637322,0.011056427571346063,0.0025971898413083695,0.008459237730037691,0.022636145010025893,0.0002549652877359761,0.0002549651443501069,0.00025496518985761835,,0.00031019869459923715,True,0.00031019877413259833
128,39,right,32,663.4082934028052,663.408889906169,0.024202324035964895,0.0007775418013192467,0.025293614486427862,0.0008227525167799823,0.011056495701608406,0.002690554771934171,0.008365940929674234,0.022635877628103478,0.0002643958960697481,0.0002643957294885145,0.00026439576714059617,,0.000323745576460065,True,0.0003237456487073516
128,39,right,33,663.4076968994415,663.4082934028052,0.024517085605977134,0.0008166963319503449,0.025534202372520545,0.000861646660760907,0.01105656513182877,0.0027811202161543776,0.00827544491567439,0.022634918871984593,0.0002742190154774062,0.00027421884035143087,0.00027421886735193025,,0.00033793429721146596,True,0.0003379343587448135
128,39,right,34,663.4071003960778,663.4076968994415,0.024835348668882592,0.0008566907481675436,0.025948540293431896,0.0009046264584233464,0.011056635471176532,0.002887080756693726,0.008169554714482804,0.022634434879958476,0.00028402992284482333,0.0002840297257595468,0.0002840297455027046,,0.0003522731401848059,True,0.0003522731951465883
128,39,right,35,663.4065038927141,663.4071003960778,0.025158212206937314,0.0008980973352665758,0.026210884914551407,0.0009461008207795185,0.011056706231728646,0.0029839317813185264,0.008072774450410118,0.022634522942343766,0.00029401144433828584,0.0002940112217165924,0.000294011236448324,,0.0003669910238362209,True,0.00036699107503227406
128,39,right,36,663.4059073893503,663.4065038927141,0.025482239267837867,0.0009391309848167722,0.026617809099621643,0.0009899054421295503,0.011056777217311901,0.0030913833286511064,0.007965393888660794,0.022634618714953092,0.0003035746148485476,0.0003035743802106124,0.00030357438775658506,,0.0003813531683170027,True,0.00038135321298671287
128,39,right,37,663.4053108859866,663.4059073893503,0.025813349028761968,0.0009828734002136305,0.02696037297220471,0.001035154071146674,0.01105684853677355,0.00319933461574188,0.00785751392103167,0.022634612413261035,0.00031371435891866946,0.0003137141196767639,0.0003137141149345229,,0.00039660828908593635,True,0.0003966083208306072
128,39,right,38,663.404714382623,663.4053108859866,0.02614867358790343,0.0010278372482214566,0.027302326238948828,0.0010815723099325686,0.011056920203830053,0.00330973306453531,0.007747187139294742,0.02263572679802672,0.00032393490445851465,0.0003239346518167555,0.00032393464265291125,,0.0004121404545731159,True,0.00041214048331789896
128,39,right,39,663.4041178792592,663.404714382623,0.026487086046270893,0.001073436296076049,0.027657426766179546,0.0011288357144423548,0.011056991974181266,0.003422448713864362,0.007634543260316903,0.022635329592941126,0.00033404545979691847,0.0003340452741288641,0.00033404518777114465,,0.00042770841317175506,True,0.0004277083457580341
128,39,right,40,663.4035213758955,663.4041178792592,0.026830963193745273,0.0011209161989305081,0.027931506664123057,0.0011763980730194604,0.01105706385061449,0.0035326020842886894,0.0075244617663257985,0.02263953449578654,0.0003444279925141026,0.00034442784603017914,0.0003444277023556422,,0.0004438024689176092,True,0.00044380232984286074
128,39,right,41,663.4029248725318,663.4035213758955,0.027177767147376658,0.001168952003921935,0.028372006755240622,0.0012276450339926063,0.011057136611266328,0.0036570949408980757,0.007400041670368251,0.0226404909493355,0.00035466490011045647,0.00035466479316064386,0.0003546646250308447,,0.00045988874219404655,True,0.0004598885732258601
128,39,right,42,663.4023283691681,663.4029248725318,0.02753038308383155,0.001219059821950008,0.028661574547701976,0.0012780437514494298,0.01105721129229458,0.003773848210454532,0.007283363081840047,0.022639535934963706,0.0003652108841667484,0.0003652108115704819,0.00036521062941606856,,0.0004765579085962026,True,0.00047655772310902043
128,39,right,43,663.4017318658043,663.4023283691681,0.02788438786277079,0.0012689199151848308,0.029103069325979163,0.001331055520927291,0.011057287921503756,0.003902148057551472,0.0071551398639522834,0.022636845274004593,0.000375362729765044,0.0003753626629256687,0.0003753624828003205,,0.00049289506541577,True,0.0004928948843260716
128,39,right,44,663.4011353624406,663.4017318658043,0.028245910299144403,0.0013217582540014437,0.029477095973866625,0.0013857130597399532,0.011057365481751933,0.004031237074452708,0.007026128407299224,0.022637003865859644,0.0003860726866123777,0.00038607258645074967,0.00038607243372530345,,0.0005101496209701255,True,0.0005101494780357073
128,39,right,45,663.400538859077,663.4011353624406,0.028611983419261803,0.0013760205559094046,0.029854322152197795,0.0014418142180955824,0.011057443157016242,0.004163510677669304,0.006893932479346937,0.02263647319754248,0.0003968662159861939,0.00039686609890129374,0.00039686595427662787,,0.0005277054090234209,True,0.0005277052791654401
128,39,right,46,663.3999423557132,663.400538859077,0.028982260956367644,0.001431528315007037,0.030238917420492332,0.001499262217034388,0.011057520907926189,0.004298935829276272,0.006758585078649916,0.02263640875974721,0.00040768411637500643,0.0004076839714902464,0.0004076838132088664,,0.0005454861563905028,True,0.0005454860107539743
128,39,right,47,663.3993458523495,663.3999423557132,0.02935757977989169,0.0014887279439637475,0.03054888578541108,0.0015569280329210335,0.011057598980188868,0.004431866101083153,0.006625732879105714,0.022636743381483554,0.0004186457658675067,0.000418645597226685,0.00041864543085757405,,0.0005636540959297277,True,0.0005636539419302966
128,39,right,48,663.3987493489858,663.3993458523495,0.029735073426164698,0.0015461072111322006,0.031017770359750393,0.0016177867279736228,0.011057677381992764,0.004577890762567473,0.00647978661942529,0.022636816492100125,0.0004293205602623366,0.0004293204012184137,0.0004293202037205532,,0.00058163037304038,True,0.00058163017940282
128,39,right,49,663.398152845622,663.3987493489858,0.03011980771069815,0.0016063516218291509,0.031336996931807644,0.0016785894763105536,0.011057756004005914,0.004717832823809378,0.006339923180196535,0.0226381940708368,0.0004404505319525936,0.0004404503847268176,0.00044045014771239256,,0.0006004200775552842,True,0.0006004198325247535
128,39,right,50,663.3975563422583,663.398152845622,0.0305068878011841,0.0016668731593626732,0.0318162848729986,0.001742713305493938,0.011057834983008344,0.0048712089200152,0.0061866260629931434,0.022639412678743306,0.0004513126907165417,0.00045131256374379957,0.0004513122895674561,,0.0006190438729938616,True,0.0006190435792118986
128,39,right,51,663.3969598388946,663.3975563422583,0.030901245037336354,0.0017302927296897466,0.032222312088148714,0.0018082799486164865,0.011057914714288335,0.00502470636431942,0.006033208349968914,0.02263987133886194,0.00046261262919956506,0.00046261256124162386,0.00046261222728926775,,0.000638469616629083,True,0.0006384692424641623
128,39,right,52,663.396363335531,663.3969598388946,0.03129995816803951,0.0017950661871666798,0.03263678462350996,0.0018753236791543147,0.01105799552868892,0.005181688133915576,0.005876307394773343,0.022640719933688377,0.00047392116434121704,0.00047392114511104447,0.00047392075915367126,,0.000658113209954332,True,0.0006581127653146433
128,39,right,53,663.3957668321672,663.396363335531,0.03170417917404671,0.0018618114683626999,0.033054979217512506,0.0019443682242694079,0.011058077536860306,0.005343062270851471,0.005715015266008834,0.02264020810430756,0.00048539393858674064,0.00048539384545093754,0.00048539346102382895,,0.0006781929665768821,True,0.0006781925255391059
128,39,right,54,663.3951703288035,663.3957668321672,0.03211341666444967,0.0019302732133324627,0.033403400072927636,0.0020137339754200626,0.011058160625349674,0.005502334778297343,0.0055558258470523305,0.022639042271615596,0.0004969537555905695,0.0004969536277280783,0.000496953234859568,,0.0006986055783404215,True,0.0006986051270657359
128,39,right,55,663.3945738254398,663.3951703288035,0.03252386693978879,0.0019984274461297587,0.03390300860648729,0.0020856882957338385,0.011058244462428016,0.00567321863897402,0.005385025823453995,0.022638540441064753,0.0005080777128343635,0.0005080775168904788,0.0005080771267499558,,0.0007186143607208763,True,0.0007186139149088197
128,39,right,56,663.393977322076,663.3945738254398,0.03294323988839337,0.002070392042050188,0.034254469784612246,0.002158527909366892,0.011058328649680529,0.0058399948447082385,0.00521833380497229,0.022638596883512715,0.0005198106276152158,0.0005198103745938287,0.0005198099823007033,,0.0007396956115285505,True,0.000739695164546766
128,39,right,57,663.3933808187123,663.393977322076,0.03336611734723119,0.0021432821865398285,0.03477437372655003,0.0022355308489083255,0.011058413036551952,0.006022411497065594,0.0050360015394863575,0.02263874346253652,0.0005314095978512021,0.0005314093280581628,0.0005314089190601469,,0.0007608022753452295,True,0.0007608018064371246
128,39,right,58,663.3927843153486,663.3933808187123,0.033795881004582105,0.0022189111671319143,0.03521354097721543,0.002313657576672259,0.011058497715171055,0.006203961418589198,0.004854536296581856,0.022638665110562922,0.0005433183824444282,0.0005433181095413393,0.0005433176797658843,,0.0007825706934679063,True,0.0007825701966912833
128,39,right,59,663.3921878119849,663.3927843153486,0.03422922943957562,0.002295519288878325,0.03566733013026137,0.0023930107762025437,0.01105858268871222,0.006388747651334878,0.0046698350373773415,0.022640232927991628,0.0005550949660617211,0.00055509467273296,0.0005550942389552472,,0.000804369070715068,True,0.0008043685701357073
128,39,right,60,663.3915913086212,663.3921878119849,0.034669610233422625,0.0023749584414469575,0.036122933959650154,0.002475184614599979,0.011058667757920325,0.006579590276782305,0.004479077481138019,0.022639702099263533,0.0005671812002102814,0.0005671810604699087,0.0005671804588397843,,0.000826839012632421,True,0.000826838269545055
128,39,right,61,663.3909948052575,663.3915913086212,0.035115398541275926,0.002456365821855766,0.03651253544938724,0.0025579942938722894,0.011058752945617813,0.006769125813324923,0.004289627132292889,0.022644600913955627,0.0005793571899020658,0.0005793571432916403,0.0005793564195960474,,0.0008496664519647467,True,0.0008496655307572195
128,39,right,62,663.3903983018938,663.3909948052575,0.035562342576002624,0.0025374647683037133,0.0370465250028247,0.0026432937242971987,0.011058838895858762,0.006969893816452758,0.004088945079406003,0.022645598620555644,0.0005910842837016605,0.0005910843289689669,0.0005910835757727145,,0.0008720597564665524,True,0.0008720587915951087
128,39,right,63,663.38980179853,663.3903983018938,0.03601905365644133,0.0026228842067063433,0.0374329931368568,0.0027299626357019996,0.0110589264156573,0.00716753247124467,0.00389139394441263,0.022644342213351445,0.0006034386524895578,0.0006034387608672068,0.0006034380059858926,,0.0008956048330360694,True,0.0008956038655481202
128,39,right,64,663.3892052951663,663.38980179853,0.03648066722975766,0.0027100196581255802,0.03799657854219922,0.002821791717541283,0.011059015483431158,0.00738338871165863,0.003675626771772528,0.022641223725081226,0.000615800674836018,0.0006158007856996297,0.0006158000567497265,,0.0009193937001706877,True,0.0009193927714021985
128,39,right,65,663.3886087918027,663.3892052951663,0.03694859615698255,0.0027996374615778465,0.038471724820343646,0.0029143181017835533,0.011059105271158326,0.0075971424590920685,0.0034619628120662574,0.022641552377541656,0.0006283369404896373,0.0006283369822486908,0.0006283363177841976,,0.0009436772905850692,True,0.0009436764590943694
128,39,right,66,663.3880122884389,663.3886087918027,0.03741911094853824,0.002889735980344939,0.03896744781892814,0.003007695119049358,0.011059195153316695,0.007813623595571672,0.0032455715577450225,0.022640986934774236,0.0006405924828037245,0.0006405924987598961,0.0006405918508670362,,0.0009677736025786116,True,0.0009677727972178731
128,39,right,67,663.3874157850752,663.3880122884389,0.037898462676345696,0.002983687988604115,0.03946335912849785,0.003104882155619428,0.011059285119362489,0.008038200737846182,0.0030210843815163062,0.022640844122358873,0.0006533108080815413,0.0006533107748213807,0.0006533101035709543,,0.0009928054128740284,True,0.0009928045735572634
128,39,right,68,663.3868192817115,663.3874157850752,0.03838364339807368,0.003079881339184551,0.03989707127916744,0.003203030609502618,0.011059375360824571,0.008262294000966517,0.0027970813598580543,0.022641233840067807,0.0006661215091261838,0.0006661214384558594,0.0006661207565910691,,0.001018219427865448,True,0.0010182185738541946
128,39,right,69,663.3862227783478,663.3868192817115,0.03887120755398127,0.0031764627566199786,0.04046971226849474,0.003304295000838661,0.011059465877034661,0.008498830287608661,0.0025606355894259992,0.0226412892879157,0.0006786205395185253,0.0006786204996869811,0.0006786197606422164,,0.0010433974381403532,True,0.0010433964977366848
128,39,right,70,663.385626274984,663.3862227783478,0.039368180876759876,0.0032772301844183043,0.04089419968632777,0.0034067417269524154,0.011059556584974378,0.008731747219809755,0.002327809365164622,0.022642952261856718,0.0006916154146584799,0.0006916154014265279,0.0006916145959942037,,0.0010695801975708263,True,0.0010695791558355677
128,39,right,71,663.3850297716203,663.385626274984,0.03987061074145845,0.0033800576837909433,0.04150364542678282,0.003514903330669455,0.01105964759666117,0.008984537395021934,0.002075110201639236,0.022644299186571154,0.0007046403303557389,0.0007046403584458597,0.0007046394874336812,,0.0010960569357491485,True,0.0010960557929356569
128,39,right,72,663.3844332682567,663.3850297716203,0.04037968190648972,0.0034855920366198894,0.04201783749056733,0.0036238233614634082,0.011059739216026255,0.009235033902841654,0.0018247053131846007,0.022644834936092425,0.0007178223825044911,0.0007178225168215597,0.0007178215503432585,,0.001123027762436975,True,0.0011230264708219236
128,39,right,73,663.3838367648929,663.3844332682567,0.04089007720576153,0.0035909633521027506,0.042558326719849014,0.003733075743922635,0.011059831687675003,0.009487452239456816,0.0015723794482181868,0.022645731581461277,0.0007305676628576528,0.0007305678644825267,0.0007305668330647192,,0.0011495625932644105,True,0.0011495611991765423
128,39,right,74,663.3832402615292,663.3838367648929,0.04141144263892633,0.0037013961893763115,0.04309769260550079,0.003847312573502512,0.01105992508717776,0.00975041925123948,0.0013095058359382792,0.022645116376487164,0.0007439365743629677,0.0007439366431585648,0.0007439356282316341,,0.001177327799914591,True,0.0011773264313902352
128,39,right,75,663.3826437581655,663.3832402615292,0.04193909397125559,0.003814363884383361,0.043578704783208466,0.003962858744281472,0.011060019319954989,0.01001378043719643,0.0010462388827585584,0.0226437695562537,0.0007574004127097572,0.0007574004173887632,0.0007573993975580243,,0.0012054995281518958,True,0.001205498151623785
128,39,right,76,663.3820472548017,663.3826437581655,0.042470634153401986,0.003928573701366924,0.0441934594027265,0.004082312594058626,0.01106011412728278,0.010291174199867003,0.0007689399274157757,0.022643280709373364,0.0007706977053529495,0.0007706975678407053,0.0007706965662120258,,0.0012336618570523209,True,0.0012336605095363963
128,39,right,77,663.381450751438,663.3820472548017,0.04301102651296289,0.004046721270798677,0.04465918985842292,0.004202631375674708,0.011060209210058878,0.010564160725218734,0.0004960484848401443,0.022643318181207406,0.0007843516182377544,0.0007843513921626114,0.0007843503914418605,,0.0012626528848769792,True,0.0012626515391799802
128,39,right,78,663.3808542480743,663.381450751438,0.043555812467371606,0.004166395974972671,0.04531610238033329,0.004328323766746481,0.011060304461376382,0.010856766194539269,0.00020353826683711278,0.02264349238028977,0.000797883472900428,0.000797883225023086,0.0007978822003526463,,0.0012917076388841413,True,0.0012917062549483234
128,39,right,79,663.3802577447107,663.3808542480743,0.044109234181197506,0.0042899047197136105,0.04587264606304415,0.004455758681587675,0.011060399951281179,0.011148886463858834,-8.848651257765441e-05,0.022643460068031036,0.0008117290755194346,0.0008117288251820669,0.0008117277724601414,,0.0013215323925308423,False,0.0013215309635572147
128,39,right,80,663.3796612413469,663.3802577447107,0.0446634921655882,0.004413020039679625,0.04646203373469415,0.004583440628662795,0.011060495677238085,0.011443084637309857,-0.0003825889600717718,0.022645179918600947,0.0008250830343762405,0.0008250827835976588,0.0008250817065905726,,0.0013508172831029307,False,0.0013508158147845443
128,39,right,81,663.3790647379832,663.3796612413469,0.04523017662614012,0.004542038930424148,0.04704828246761842,0.0047169012924059665,0.011060591493497592,0.011749468016268978,-0.0006888765227713868,0.022644700102059136,0.0008391203157871483,0.0008391203128066707,0.000839118971320381,,0.0013814837290472334,False,0.001381481825975567
128,39,right,82,663.3784682346195,663.3790647379832,0.0458036475876512,0.004673906769442035,0.04758006926273197,0.004852047500072733,0.011060687430415142,0.012057193483587587,-0.0009965060531724453,0.022650135038101253,0.0008532552536983211,0.0008532553999497793,0.0008532538700819879,,0.0014125804437585211,False,0.0014125782273387941
128,39,right,83,663.3778717312557,663.3784682346195,0.04638284081132192,0.004808050804651091,0.0482407379437723,0.004992081630063335,0.011060783964563996,0.012380975280833317,-0.0013201913162693218,0.02265113375480404,0.0008673764496077204,0.0008673767506576673,0.0008673751745054132,,0.0014439248965117761,False,0.0014439226000055876
128,39,right,84,663.377275227892,663.3778717312557,0.046970098224309816,0.004945748777354297,0.048751250872080605,0.005132512890262627,0.011060881658725607,0.01269921703412423,-0.0016383353753986233,0.022649563742810082,0.0008817074925438378,0.0008817078854214801,0.000881706323520942,,0.0014758908799820233,False,0.0014758886040484513
128,39,right,85,663.3766787245283,663.377275227892,0.04756040024369261,0.005084275519470287,0.04945893243954051,0.005277819405564166,0.011060980466834075,0.013036524026714538,-0.0019755435598804633,0.022646108598676155,0.0008957569980522326,0.0008957573793713682,0.0008957558750617627,,0.0015076570517165175,False,0.0015076548695559602
128,39,right,86,663.3760822211646,663.3766787245283,0.048161711244740044,0.005227967839858188,0.05006146781205906,0.005426051966639555,0.011061079785190994,0.013375582332154785,-0.002314502546963792,0.02264663686642081,0.0009102845699599558,0.0009102848452584175,0.0009102834424425981,,0.0015405010898950106,False,0.0015404990772425798
128,39,right,87,663.3754857178009,663.3760822211646,0.04876542742529379,0.0053721484481294235,0.05070554443402138,0.005575603334937304,0.011061179182971819,0.013719433892393697,-0.002658254709421878,0.02264592724127957,0.0009244651503063738,0.0009244653825823256,0.000924463999227361,,0.0015730325209620333,False,0.0015730305402267624
128,39,right,88,663.3748892144372,663.3754857178009,0.049381101169195606,0.005522020858811437,0.051342461238522964,0.00573063629011018,0.011061278665731275,0.014074728802512404,-0.0030134501367811294,0.022645817102510693,0.0009391903828048018,0.000939190544860202,0.0009391891296427461,,0.001606766882334672,False,0.0016067648465553507
128,39,right,89,663.3742927110735,663.3748892144372,0.05000411706317127,0.005675077813912252,0.05192886807883947,0.0058877403929992935,0.011061378366986403,0.014432347145517272,-0.003370968778530869,0.02264624756892692,0.0009540159689530908,0.0009540160795713825,0.0009540146523010302,,0.0016409549886002926,False,0.0016409529315544215
128,39,right,90,663.3736962077097,663.3742927110735,0.050634051457872954,0.0058310919620469265,0.05263864750312324,0.00605034979433275,0.011061478282539791,0.014807277779488528,-0.003745799496948737,0.022646274724396755,0.0009688963063864126,0.000968896462932003,0.000968894949565859,,0.0016755207180728408,False,0.0016755185117787853
128,39,right,91,663.373099704346,663.3736962077097,0.051271999843734456,0.005990663761996479,0.0531978834186922,0.006213282496844384,0.011061578356026116,0.015176380060976647,-0.004114801704950532,0.02264818977215412,0.0009839236824147279,0.0009839238806476998,0.0009839222737408173,,0.0017106256464067423,False,0.0017106232766668436
128,39,right,92,663.3725032009824,663.373099704346,0.051911322736941726,0.006150177585701537,0.053959995340767765,0.006380425952668736,0.011061678664612965,0.01556367776079153,-0.0045019990961785656,0.02264961660076727,0.000998502529121827,0.0009985027943431994,0.0009985011042889936,,0.0017452326946850287,False,0.0017452301779964324
128,39,right,93,663.3719066976186,663.3725032009824,0.05256446199612812,0.006316417493168473,0.05461258013489582,0.006551899597683712,0.01106177940931787,0.015955441068648744,-0.004893661659330874,0.02265020154200851,0.0010137311409319882,0.0010137315616737734,0.0010137297408122333,,0.001781259038819789,False,0.001781256290387911
128,39,right,94,663.3713101942549,663.3719066976186,0.05322193959240351,0.006484219918875091,0.05531582936997867,0.006725975597297389,0.011061880745880742,0.01635522347158381,-0.0052933427257030674,0.022651116258725852,0.001028765206295519,0.0010287657050616454,0.0010287638001657733,,0.0018172307429380802,False,0.0018172278430360423
128,39,right,95,663.3707136908912,663.3713101942549,0.05389066950736899,0.00665735746174234,0.05600762148293786,0.006905076336798424,0.011061982717660268,0.016765356388361616,-0.005703373670701349,0.02265040567405455,0.0010441980912105913,0.0010441983935182714,0.0010441965229010036,,0.0018541953093010697,False,0.0018541924667910391
128,39,right,96,663.3701171875275,663.3707136908912,0.05456735793034149,0.006834036181849375,0.05665292689596322,0.007086658192591553,0.011062085256731049,0.0171788629841434,-0.00611677772741235,0.022648909734484943,0.0010597340599202629,0.0010597342683248876,0.0010597323969972852,,0.001891636225511,False,0.001891633378797355
128,39,right,97,663.3695206841637,663.3701171875275,0.055249562302221784,0.007012925250373439,0.05741338500120143,0.007272887362191252,0.01106218818927001,0.01760771595962126,-0.006545527770351251,0.02264846261791385,0.0010751619028084478,0.0010751619096519619,0.0010751600688816045,,0.0019291765726158524,False,0.0019291737779688705
128,39,right,98,663.3689241808,663.3695206841637,0.055942411802610975,0.007196824714823204,0.05802564551140369,0.007460847598442518,0.0110622913213223,0.018033695117004082,-0.006971403795681783,0.022648465020250422,0.0010909047040412734,0.001090904591150288,0.0010909027550912533,,0.001967576268845134,False,0.0019675734806635613
128,39,right,99,663.3683276774364,663.3689241808,0.05663546847341283,0.007380039451503208,0.058847085732054855,0.007652642243858264,0.011062394585635163,0.018477690094794972,-0.0074152955091598095,0.022648662969719666,0.001106095676050401,0.0011060955573444112,0.0011060936851395129,,0.0020052722213605417,False,0.0020052693657173983
128,39,right,100,663.3677311740726,663.3683276774364,0.057344776962335316,0.007571327363634348,0.059554192442073585,0.007849932689161964,0.011062498025912196,0.0189283364811949,-0.007865838455282706,0.022648682847780398,0.0011220449620684852,0.001122044840297083,0.0011220429348990338,,0.002044635647637553,False,0.002044632729920637
128,39,right,101,663.3671346707089,663.3677311740726,0.05806077145668024,0.007765468646373868,0.06032155299072555,0.00805134361532002,0.011062601639591513,0.01939080145490753,-0.00832819981531602,0.022650505705878878,0.0011379596903094468,0.0011379595744415423,0.001137957626969258,,0.002084234952665765,False,0.002084231956303682
128,39,right,102,663.3665381673452,663.3671346707089,0.058787032537794236,0.007964417545361101,0.0610728603632084,0.00825714215627709,0.011062705340649539,0.019862124656453473,-0.008799419315803936,0.022650103116356443,0.001154119547514287,0.0011541197765547512,0.0011541174654679327,,0.0021245840016922988,False,0.0021245803344967355
128,39,right,103,663.3659416639814,663.3665381673452,0.05952193033507217,0.008167286516293672,0.061781772319512165,0.008465863504350385,0.011062809152324764,0.020337960376370437,-0.009275151224045675,0.02265590115589808,0.0011703856134554435,0.0011703860463450325,0.0011703834823425378,,0.002165431053749073,False,0.0021654269141931706
128,39,right,104,663.3653451606177,663.3659416639814,0.06026058235299882,0.008371410405340127,0.0625972242742276,0.00867815856551752,0.01106291335493552,0.020826704824048647,-0.009763791469113128,0.022656843971670518,0.001186373238718488,0.0011863738647259895,0.0011863712785955478,,0.00220606333399324,False,0.002206059146588596
128,39,right,105,663.364748657254,663.3653451606177,0.06101298740051539,0.00858224877277961,0.06326729078180451,0.00889383833853954,0.011063018262463122,0.02131607812943411,-0.010253059866970992,0.022654966607255123,0.0012028515536088046,0.0012028522990765733,0.001202849745439317,,0.002247909539437181,False,0.0022479054061333324
128,39,right,106,663.3641521538904,663.364748657254,0.0617676797111955,0.008793540112169776,0.0641562764805579,0.009114824895510229,0.01106312383211645,0.021827442080299367,-0.010764318248182919,0.022651411162693928,0.0012189344781392201,0.0012189351682369072,0.0012189327458148253,,0.002289318207745003,False,0.0022893143143983517
128,39,right,107,663.3635556505266,663.3641521538904,0.06253797890506389,0.009012558991496318,0.06492286451297821,0.009340702280637173,0.011063229711475346,0.022343722428575387,-0.011280492717100042,0.022652051447819455,0.0012356263935850416,0.0012356269410012345,0.001235624656102093,,0.0023321733134234962,False,0.002332169674979679
128,39,right,108,663.3629591471629,663.3635556505266,0.06331710034632315,0.00923559965627704,0.06575911331736391,0.00957210429554853,0.011063335660734646,0.022875438496931452,-0.011812102836196808,0.022651175496009354,0.0012524021114060045,0.0012524025937198388,0.0012524003421378709,,0.0023754951327956447,False,0.0023754915546393487
128,39,right,109,663.3623626437992,663.3629591471629,0.0641058120768482,0.009463081785056693,0.06657501249630177,0.009807419248398397,0.011063441688048115,0.02341487258603474,-0.012351430897986628,0.022651100218361354,0.0012693113682744528,0.0012693117597700604,0.0012693094698586866,,0.0024193796752293942,False,0.0024193760219253014
128,39,right,110,663.3617661404354,663.3623626437992,0.06490389202421012,0.00969488483246853,0.06735266996280011,0.010046108539050892,0.011063547867821946,0.023960004810470288,-0.012896456942648344,0.02265156187646277,0.00128633001073101,0.001286330336520542,0.0012863280351574726,,0.0024637835220600065,False,0.0024637798448323887
128,39,right,111,663.3611696370717,663.3617661404354,0.06570353577271552,0.009926744998250865,0.06822781648525081,0.010287047724130948,0.011063654197978653,0.024515053901659353,-0.013451399703680702,0.022651541054340803,0.0013028924543208498,0.0013028928587582858,0.0013028904459279687,,0.002507620375945245,False,0.00250761648223923
128,39,right,112,663.360573133708,663.3611696370717,0.06652055618561274,0.010167301218836442,0.06896089703462654,0.010533302184223419,0.011063760647517807,0.02507485939608383,-0.014011098748566025,0.022653655950544506,0.0013201289445246352,0.0013201294047000683,0.001320126873093984,,0.002553061969178482,False,0.0025530578436244824
128,39,right,113,663.3599766303442,663.360573133708,0.06734237706161247,0.010409683909481144,0.06992315670368356,0.010786619200577486,0.01106386724922677,0.02566136749289386,-0.014597500243667091,0.022655106749696608,0.0013371339398742792,0.0013371345105460649,0.0013371318541670369,,0.002598366449883845,False,0.0025983620788952834
128,39,right,114,663.3593801269806,663.3599766303442,0.06817881513559065,0.010659256339127746,0.07075452814132123,0.011043998548664228,0.011063974093247745,0.026250520216260398,-0.015186546123012654,0.022656636956213026,0.0013545912082661188,0.0013545919829945218,0.0013545891630549426,,0.0026448613625518163,False,0.002644856668642657
128,39,right,115,663.3587836236169,663.3593801269806,0.06902228395720506,0.010911875317435026,0.0716609683214533,0.011306107643269232,0.011064081247013392,0.026853919063375406,-0.015789837816362017,0.022656604566982378,0.0013719633738291685,0.0013719642412576515,0.0013719613168733846,,0.002691503479726582,False,0.0026914985759924725
128,39,right,116,663.3581871202532,663.3587836236169,0.06987860168303275,0.011170720565479011,0.07254679278346193,0.011573867034540568,0.011064188725900391,0.027468801044432323,-0.016404612318531936,0.022655806531952486,0.0013896444261524562,0.0013896450326697902,0.0013896421621878666,,0.0027390652856775885,False,0.002739060482662446
128,39,right,117,663.3575906168894,663.3581871202532,0.07074504199028506,0.011434303397895092,0.07339856580761321,0.011845473214319393,0.0110642964959492,0.02809064128742688,-0.017026344791477684,0.02265419377360562,0.0014074381240903396,0.0014074386105405825,0.0014074357436905218,,0.0027871664249830273,False,0.0027871616244319226
128,39,right,118,663.3569941135257,663.3575906168894,0.07161075005955603,0.011696696676255468,0.07433863555926953,0.012117953667280393,0.011064404477591598,0.028719281061532886,-0.01765487658394129,0.02265380165193582,0.0014246178452840164,0.0014246180271684002,0.0014246152260693758,,0.0028343623863689564,False,0.0028343577119020417
128,39,right,119,663.356397610162,663.3569941135257,0.07249759808382436,0.011969849178390507,0.07514005434302226,0.012397741761756764,0.011064512583843143,0.029356961611947844,-0.018292449028104705,0.022653756729020556,0.0014426356098537754,0.00144263564304928,0.001442632850859339,,0.002883537742770632,False,0.0028835330830007115
128,39,right,120,663.3558011067983,663.356397610162,0.07339220955268556,0.012246456593802175,0.07618148053276957,0.012686643041615476,0.011064620781460803,0.0300268440664238,-0.018962223284963,0.022653964822832495,0.0014605933237557581,0.0014605933405675967,0.0014605905018875269,,0.002932910851992589,False,0.0029329060963414234
128,39,right,121,663.3552046034346,663.3558011067983,0.07430001867393,0.012529489790787704,0.07708302227131623,0.01297851658961554,0.011064729084918937,0.030696464956379486,-0.01963173587146055,0.022655287492463667,0.0014788394518621838,0.001478839463390199,0.0014788365886099835,,0.0029831812797620535,False,0.002983176449033159
128,39,right,122,663.3546081000709,663.3552046034346,0.0752125659207142,0.012814331703876513,0.07806457558340274,0.013274072253813779,0.011064837497764692,0.031378625035849116,-0.020313787538084428,0.022655855924040753,0.0014968242193118557,0.001496824255445336,0.0014968213197608592,,0.0030332414261801223,False,0.003033236469819485
128,39,right,123,663.3540115967071,663.3546081000709,0.07614172249405558,0.01310746648510044,0.07902575004559456,0.013577299763929827,0.011064945997339521,0.03207670257683503,-0.02101175657949551,0.022655581916240203,0.0015153000401846686,0.0015153005150711663,0.0015152971198842706,,0.0030846149491564924,False,0.003084609055622569
128,39,right,124,663.3534150933434,663.3540115967071,0.07708174932694001,0.013405766525757545,0.07995706394156997,0.013884868467600269,0.011065054583873987,0.032783079423914396,-0.02171802484004041,0.022661539238355156,0.0015338922541399027,0.0015338929817464574,0.001533889275130024,,0.0031365464466395704,False,0.003136539910989311
128,39,right,125,663.3528185899797,663.3534150933434,0.07802361988530766,0.01370430942943053,0.08097249268458655,0.014194703056650795,0.011065163318677592,0.033499311971284716,-0.022434148652607126,0.02266238301336597,0.001552038322081513,0.0015520393162921993,0.0015520356014782474,,0.0031878824153678937,False,0.0031878758547299155
128,39,right,126,663.352222086616,663.3528185899797,0.07898557477676872,0.014013056577939264,0.08184771980661057,0.014511111769349093,0.011065272272627406,0.03422280466395208,-0.02315753239132468,0.022660231298610497,0.0015708626553817579,0.0015708637942319686,0.0015708601296016073,,0.0032409284484176256,False,0.0032409219835076593
128,39,right,127,663.3516255832523,663.352222086616,0.07995869458486157,0.014327143344792823,0.08297422922651843,0.014838983529126748,0.011065381435141224,0.03498481707944173,-0.02391943564430051,0.022656802902275744,0.0015898038630593639,0.001589804942632799,0.0015898014396595475,,0.003294537878742105,False,0.0032945317415854513
128,39,right,128,663.3510290798886,663.3516255832523,0.08094312460189007,0.014646653788182508,0.08395133400920311,0.015168461122552867,0.01106549072246469,0.03574297841059364,-0.02467748768812895,0.022657370927901342,0.0016088649415039035,0.0016088658448264457,0.001608862511069746,,0.0033487185195860223,False,0.0033487127294070523
256,39,left,1,663.2746766493331,663.274974901015,0.016229040558237783,6.561193739243007e-07,0.016562081079239628,5.052402759783178e-06,0.011077842947355922,0.000649101180443654,0.010428741766912266,0.011339460940310627,0.0,0.0,0.0,5e-324,5e-324,True,
256,39,left,2,663.274974901015,663.2752731526967,0.016325635731791355,4.374891684497459e-06,0.016672951982930756,9.068853250663063e-06,0.011077810716953693,0.0006617110362199945,0.010416099680733697,0.011339393898252961,1.8278871066773101e-06,1.8278268860599407e-06,1.8278242771977652e-06,1.8339195055274727e-06,1.8338590853266924e-06,True,
256,39,left,3,663.2752731526967,663.2755714043786,0.016423050067136274,8.26557806521781e-06,0.016772019854016548,1.302530240576527e-05,0.011077778402144318,0.000673742027370689,0.010404036374773627,0.011339405248738244,3.7178270954220375e-06,3.717698504585202e-06,3.7176898145755548e-06,3.742406588430508e-06,3.7422771440449582e-06,True,
256,39,left,4,663.2755714043786,663.2758696560605,0.01652106250292976,1.2220250095341326e-05,0.016871695974198096,1.704680529551202e-05,0.011077745992819056,0.0006859322855874381,0.010391813707231617,0.011339393946896098,5.615985720520987e-06,5.615792584131388e-06,5.615774064163671e-06,5.671770077450522e-06,5.671575014959909e-06,True,
256,39,left,5,663.2758696560605,663.2761679077423,0.01661967540334394,1.6239784293328512e-05,0.016965009646304034,2.1004681216193054e-05,0.011077713502016681,0.0006977458583479648,0.010379967643668714,0.011339622377451916,7.522384963625942e-06,7.5221334938930054e-06,7.522107818131151e-06,7.622175774044383e-06,7.621920954779637e-06,True,
256,39,left,6,663.2761679077423,663.2764661594242,0.01671886708890816,2.031329266260833e-05,0.017072857123206314,2.5276692924287915e-05,0.011077680965892605,0.0007107729187484506,0.010366908047144152,0.011339967537289278,9.431391193559817e-06,9.431088613678495e-06,9.43107044866955e-06,9.588040672951603e-06,9.587733046251687e-06,True,
256,39,left,7,663.2764661594242,663.2767644111061,0.01681868768842084,2.446511478409511e-05,0.017174371979230746,2.9498589351743044e-05,0.011077648437925877,0.0007234525415895428,0.010354195896336332,0.011339971146376126,1.1354286177437896e-05,1.1353966390503502e-05,1.1353993880081067e-05,1.1580959717156526e-05,1.1580633515640023e-05,True,
256,39,left,8,663.2767644111061,663.2770626627879,0.016919115805218828,2.8684482653518482e-05,0.01727650468396856,3.37891167139271e-05,0.011077615943911078,0.0007362993386877389,0.010341316605223338,0.011339706929748658,1.3285491284694796e-05,1.3285166726435142e-05,1.3285252514611049e-05,1.359542605058994e-05,1.359509387926232e-05,True,
256,39,left,9,663.2770626627879,663.2773609144698,0.0170201537926811,3.297230058657304e-05,0.017379257679786597,3.814959576485411e-05,0.01107758344757564,0.000749316175445211,0.010328267272130428,0.011340329343509283,1.5225033061000813e-05,1.522472038183078e-05,1.5224858988063102e-05,1.5631613144980955e-05,1.5631292061375372e-05,True,
256,39,left,10,663.2773609144698,663.2776591661516,0.01712180399675953,3.732949464923056e-05,0.01745604822751813,4.208645966421654e-05,0.01107755084852335,0.0007604524041521614,0.010317098444371188,0.011341246372188751,1.7172938044839038e-05,1.7172658738127378e-05,1.717283647837049e-05,1.7689695255895078e-05,1.7689407475089267e-05,True,
256,39,left,11,663.2776591661516,663.2779574178335,0.017223778501840984,4.161380766587872e-05,0.01758633780234368,4.6938106081851884e-05,0.011077517982798879,0.0007755536109292321,0.010301964371869645,0.01134216451922957,1.906251780734759e-05,1.906234441863209e-05,1.9062468081071497e-05,1.9700898256892317e-05,1.9700718975339474e-05,True,
256,39,left,12,663.2779574178335,663.2782556695154,0.01732665794210047,4.61112320330699e-05,0.01769096376900615,5.151209990939858e-05,0.01107748465221703,0.0007890887990315891,0.01028839585318544,0.011342605192055422,2.102699951073125e-05,2.1027008252612478e-05,2.10269598696777e-05,2.180283117077506e-05,2.1802840129265295e-05,True,
256,39,left,13,663.2782556695154,663.2785539211972,0.017430156545067646,5.0680839371117624e-05,0.017796219265970938,5.615941547314966e-05,0.011077450722890668,0.0008028015047869666,0.0102746492181037,0.01134259452293407,2.2999929307546027e-05,2.300013529555923e-05,2.299988732844736e-05,2.3927189783958876e-05,2.392740394814625e-05,True,
256,39,left,14,663.2785539211972,663.278852172879,0.01753427659376965,5.5323595772570375e-05,0.017902106651479482,6.0880973028505154e-05,0.01107741615951284,0.0008166937626050834,0.010260722396907755,0.011342207343924873,2.4981339148904656e-05,2.4981739458208624e-05,2.4981291243853948e-05,2.607415718301671e-05,2.6074574850194486e-05,True,
256,39,left,15,663.278852172879,663.279150424561,0.01763902039051216,6.0040493047578664e-05,0.017997677542909787,6.547389661171143e-05,0.011077381025890065,0.0008299214865862004,0.010247459539303862,0.011341286670368605,2.697126102037971e-05,2.6971848098105683e-05,2.697121256635236e-05,2.8243917340769417e-05,2.8244531937921888e-05,True,
256,39,left,16,663.279150424561,663.2794486762427,0.01774388614327845,6.458214964498962e-05,0.018115270058138636,7.029552786862215e-05,0.011077345481851969,0.0008444756947138479,0.010232869787138119,0.011339434202539,2.885668265280284e-05,2.8857360363297472e-05,2.8856576626464343e-05,3.0317886647566248e-05,3.0318598462351202e-05,True,
256,39,left,17,663.2794486762427,663.2797469279246,0.017849880272763338,6.944789070726073e-05,0.018223062133601108,7.52435027294928e-05,0.011077309725078182,0.0008589147916362625,0.010218394933441918,0.01133947845346277,3.086342373770297e-05,3.0864138873297256e-05,3.0863255474301984e-05,3.25330792384417e-05,3.2533832815103076e-05,True,
256,39,left,18,663.2797469279246,663.2800451796065,0.017956504907123996,7.439073610720313e-05,0.018331495303818893,8.02698857881678e-05,0.01107727390270299,0.0008735425824675562,0.010203731320235433,0.011339792945479342,3.287875836872384e-05,3.28794900441394e-05,3.287853870029551e-05,3.477160301750419e-05,3.477237653313153e-05,True,
256,39,left,19,663.2800451796065,663.2803434312883,0.0180637623189436,7.941171643088773e-05,0.01843189557934221,8.521415476839183e-05,0.011077238097862428,0.0008876905301975852,0.01018954756766484,0.01133978272455277,3.490271067579892e-05,3.490345478910678e-05,3.490244871967558e-05,3.7033636837292396e-05,3.703442606014501e-05,True,
256,39,left,20,663.2803434312883,663.2806416829702,0.018171416241481792,8.43927860203622e-05,0.018550049244496814,9.04404832290607e-05,0.011077202329774374,0.0009031114653716595,0.010174090864402713,0.01133899697054478,3.6882818124414044e-05,3.688356972527688e-05,3.68825193601338e-05,3.9263485765090865e-05,3.9264285518373994e-05,True,
256,39,left,21,663.2806416829702,663.2809399346521,0.018279943957717714,8.95719685385686e-05,0.0186604178976338,9.570712478957933e-05,0.01107716656013567,0.0009183164664408395,0.010158850093694828,0.011338874393741614,3.892394538900614e-05,3.8924628156775546e-05,3.892360111488664e-05,4.1572753382885185e-05,4.157348220998101e-05,True,
256,39,left,22,663.2809399346521,663.2812381863339,0.01838911114606581,9.483240312938742e-05,0.018771436983802677,0.00010105649671336525,0.011077130738663043,0.0009337196465781906,0.010143411092084852,0.011339000639100193,4.097376537907219e-05,4.0974399613213096e-05,4.0973373944289646e-05,4.390607329491011e-05,4.390675246987924e-05,True,
256,39,left,23,663.2812381863339,663.2815364380158,0.018498920009478694,0.00010017514984415048,0.018883108718214185,0.00010648954574602587,0.011077094835688342,0.0009493230968467345,0.010127771738841607,0.011339005481717462,4.30323088950898e-05,4.303290644650358e-05,4.303186680086693e-05,4.626363442554145e-05,4.6264276351922245e-05,True,
256,39,left,24,663.2815364380158,663.2818346896977,0.018609372740851202,0.0001056012796354461,0.01896713326334079,0.00011148049996339653,0.011077058843989155,0.0009629402639094031,0.01011411858007975,0.011338946015742339,4.5099607441472525e-05,4.510017094380751e-05,4.509910863881516e-05,4.8645627261201435e-05,4.864623452475907e-05,True,
256,39,left,25,663.2818346896977,663.2821329413795,0.01872042511266664,0.00011108853474501509,0.019108371074639044,0.0001175873355870374,0.011077022778600634,0.0009810892777704068,0.010095933500830226,0.01133902678878352,4.716573095553377e-05,4.716623287529271e-05,4.7165159400151166e-05,5.104146296211401e-05,5.1042005529668944e-05,True,
256,39,left,26,663.2821329413795,663.2824311930614,0.018832171720777162,0.00011668443965749876,0.01922201340308158,0.00012327777723145772,0.011076986667504065,0.0009973074792317244,0.010079679188272338,0.011339033201979107,4.925061926235826e-05,4.925102105546077e-05,4.924995898350207e-05,5.3472842385638226e-05,5.3473277974584426e-05,True,
256,39,left,27,663.2824311930614,663.2827294447433,0.01894456865950302,0.0001223669960709329,0.019336317075763717,0.00012905630652761368,0.011076950522487744,0.0010137356122832373,0.010063214910204505,0.011338932516690213,5.134434013023853e-05,5.134463329180961e-05,5.134358728953418e-05,5.5929211103994893e-05,5.592952973911686e-05,True,
256,39,left,28,663.2827294447433,663.283027696425,0.019057618043393978,0.00012813731875072068,0.019451284409791908,0.00013492425309669407,0.011076914329683888,0.0010303765717820338,0.010046537757901852,0.011339312791388901,5.344690689559376e-05,5.3447098480895597e-05,5.344606505639933e-05,5.8410742779735964e-05,5.841095139655627e-05,True,
256,39,left,29,663.283027696425,663.283325948107,0.01917132200839383,0.00013399653927655998,0.019557658037577395,0.0001407101973161652,0.011076878049431466,0.001046515940612595,0.01003036210881887,0.01133964604632071,5.555834694228935e-05,5.5558445532370415e-05,5.555741783346314e-05,6.091762701006806e-05,6.091773428926739e-05,True,
256,39,left,30,663.283325948107,663.2836241997887,0.019285332978006515,0.00013976889585303156,0.019682860533906645,0.00014675270341208638,0.01107684161721332,0.0010639185106488102,0.010012923106564509,0.011340014406379864,5.760526477890183e-05,5.760541456154242e-05,5.760433886966708e-05,6.336928450539175e-05,6.336944839323543e-05,True,
256,39,left,31,663.2836241997887,663.2839224514706,0.01940034953905019,0.00014580778295240505,0.019799828307132332,0.00015289384794554372,0.011076804959916222,0.0010812088332392952,0.009995596126676925,0.011340304963614057,5.973418942762113e-05,5.9734445506734796e-05,5.9733294236150465e-05,6.592680078941199e-05,6.592708246820735e-05,True,
256,39,left,32,663.2839224514706,663.2842207031525,0.019516026930362293,0.00015193899477621738,0.019917468083152732,0.00015912887751101649,0.01107676801898654,0.0010987217675818251,0.009978046251404714,0.011340496292544092,6.187205496845219e-05,6.187243461587266e-05,6.187119159156055e-05,6.85102234198517e-05,6.851064278121632e-05,True,
256,39,left,33,663.2842207031525,663.2845189548343,0.019632367252746186,0.00015816369978596256,0.02002539962615684,0.00016526552846977572,0.011076730753692188,0.0011156557847368353,0.009961074968955352,0.011340570183152814,6.401890276074548e-05,6.401940323922256e-05,6.40180571301377e-05,7.111976023776819e-05,7.112031513582703e-05,True,
256,39,left,34,663.2845189548343,663.2848172065162,0.019748817639143334,0.00016420056032857998,0.020154204574339512,0.0001715978680956345,0.01107669314111031,0.0011338063512786442,0.009942886789831663,0.011340185537354764,6.606055965890184e-05,6.606117869571735e-05,6.605971156442468e-05,7.362832131283522e-05,7.362901009529268e-05,True,
256,39,left,35,663.2848172065162,663.2851154581981,0.019866485709594546,0.0001706132556686157,0.02027386827962932,0.0001781190843354289,0.011076655176089144,0.0011519970902736818,0.00992465808581546,0.011340107352653433,6.822509851478063e-05,6.822587772636184e-05,6.822425128765486e-05,7.628985227440043e-05,7.629072234120722e-05,True,
256,39,left,36,663.2851154581981,663.2854137098799,0.019984822847391254,0.00017712300545724062,0.020394212211271672,0.00018473895234440263,0.011076616871163713,0.0011704208582467071,0.009906196012917005,0.011339936404627788,7.039871843337297e-05,7.039962314563382e-05,7.039784158252464e-05,7.897809397815021e-05,7.897910760423251e-05,True,
256,39,left,37,663.2854137098799,663.2857119615618,0.02010383106022696,0.00018373103777316897,0.0205152384043212,0.00019145870586847186,0.011076578256493398,0.0011890803488856382,0.009887497907607758,0.011339669469422416,7.258144129464758e-05,7.2582441055078e-05,7.258051447989201e-05,8.169323568042712e-05,8.169435951565888e-05,True,
256,39,left,38,663.2857119615618,663.2860102132437,0.020223512341006434,0.00019043859275057084,0.02060974431209628,0.00019777243328965717,0.011076539379833862,0.0012058695110562076,0.009870669868777653,0.011339297460385919,7.477328890206554e-05,7.477435754125803e-05,7.477230202316826e-05,8.44354671609663e-05,8.443667235964584e-05,True,
256,39,left,39,663.2860102132437,663.2863084649255,0.02034361858803806,0.0001971186669279729,0.02075908928258378,0.00020507229338659,0.01107650030634787,0.0012268359839964962,0.009849664322351372,0.011338477152510969,7.692405228435912e-05,7.692513683373935e-05,7.692299580424431e-05,8.714807182685664e-05,8.714929889667399e-05,True,
256,39,left,40,663.2863084649255,663.2866067166074,0.020464649857141828,0.00020402775558047461,0.020882172258180603,0.00021209811150836374,0.011076461109761083,0.0012462166436312974,0.009830244466129784,0.011338413245265194,7.913406691140475e-05,7.913512716194483e-05,7.913294272219576e-05,8.994470061631891e-05,8.994590397972114e-05,True,
256,39,left,41,663.2866067166074,663.2869049682893,0.02058636008360957,0.00021104014243760445,0.021005945687060164,0.00021922900182732208,0.011076421846498558,0.0012658443363174387,0.009810577510181119,0.011338526952990941,8.13532711976313e-05,8.135430048982688e-05,8.13520874591371e-05,9.276898994456163e-05,9.277016183530774e-05,True,
256,39,left,42,663.2869049682893,663.287203219971,0.020708751232942264,0.00021815711509599447,0.021130411634848682,0.0002264662005274948,0.011076382547858333,0.0012857217675538155,0.009790660780304515,0.011338519673012453,8.358169384805346e-05,8.35826887989152e-05,8.358045350852805e-05,9.562113985464642e-05,9.56222761800434e-05,True,
256,39,left,43,663.287203219971,663.287501471653,0.020831825255936503,0.0002253799736333188,0.02124800649343653,0.00023366992022496837,0.01107634321990762,0.001305264865878342,0.009771078354029277,0.011338401284123181,8.58193635643569e-05,8.582032409226812e-05,8.58180643015679e-05,9.850135106787495e-05,9.850245148576842e-05,True,
256,39,left,44,663.287501471653,663.2877997233348,0.020955509603103967,0.0002326715304313579,0.02138135238679821,0.0002412257671182571,0.011076303844593514,0.0013261531977041975,0.009750150646889316,0.011338337600798786,8.805171756648085e-05,8.805260464980198e-05,8.80503393343095e-05,0.00010139302264731222,0.00010139404197392832,True,
256,39,left,45,663.2877997233348,663.2880979750166,0.02107995447979496,0.00024010967352778467,0.02150790708785616,0.0002487895982989524,0.01107626439744938,0.001346796640910701,0.009729467756538678,0.011338339251292845,9.030792820663124e-05,9.030873734285111e-05,9.030645972551707e-05,0.00010432986117717622,0.00010433079366669496,True,
256,39,left,46,663.2880979750166,663.2883962266985,0.021205087920081925,0.00024765765989799137,0.021635162028089117,0.0002564651315139955,0.011076224871206216,0.0013677015690968218,0.009708523302109391,0.011338351690662886,9.2573461150345e-05,9.257419708523611e-05,9.257190340901656e-05,0.00010729535417497672,0.00010729620474788862,True,
256,39,left,47,663.2883962266985,663.2886944783803,0.021330911770956064,0.00025531683528379976,0.021751027989946277,0.0002640281427154333,0.01107618527888151,0.0013879322686596608,0.009688253010221849,0.011338631743445696,9.484833730255062e-05,9.484900719800338e-05,9.484670116200329e-05,0.00011028969584558187,0.0001102904722830688,True,
256,39,left,48,663.2886944783803,663.2889927300622,0.021457006576801996,0.0002628696611180412,0.02189135063762905,0.0002719342973088671,0.011076145653740202,0.0014098282904102084,0.009666317363329992,0.011338874523316084,9.705150206883234e-05,9.7052118702146e-05,9.704982023038256e-05,0.00011321849974116503,0.000113219216456288,True,
256,39,left,49,663.2889927300622,663.2892909817441,0.02158421360463866,0.0002707534268452782,0.022020714194257336,0.00027995123941627166,0.01107610604253163,0.0014315314214306519,0.009644574621100976,0.011338857024965725,9.934490440795383e-05,9.934550272560994e-05,9.934325352417451e-05,0.00011627055522416246,0.00011627125271488027,True,
256,39,left,50,663.2892909817441,663.2895892334259,0.021712116481675495,0.00027875247056020495,0.022150785439795748,0.0002880853365116125,0.011076066463612881,0.001453507915642208,0.009622558547970672,0.011338576441113591,0.00010164771548615601,0.00010164831019592908,0.00010164612280280912,0.00011935204599670663,0.00011935274139584168,True,
256,39,left,51,663.2895892334259,663.2898874851078,0.021840717020608965,0.0002868681747171174,0.022281566284202244,0.00029633839377255476,0.011076026880662613,0.0014757616674129547,0.009600265213249656,0.011339282711518461,0.0001039599610415165,0.00010396057166552953,0.00010395843813349895,0.0001224631740883053,0.00012246389036692953,True,
256,39,left,52,663.2898874851078,663.2901857367897,0.021970017020078416,0.000295101951796273,0.022387531208858485,0.0003042348156088982,0.011075987201480073,0.0014963110822082217,0.00957967611927185,0.011340106916655747,0.00010628166677232952,0.00010628231860116349,0.000106280222862335,0.00012560414206440866,0.00012560490923369352,True,
256,39,left,53,663.2901857367897,663.2904839884715,0.022099411221378613,0.0003031373927065577,0.022544645627562192,0.0003128831512030051,0.011075947278713586,0.0015204152015277424,0.009555532077185841,0.01134089829993244,0.00010849876904825267,0.0001084995504604729,0.00010849737576107776,0.00012863988482122996,0.00012864080798527842,True,
256,39,left,54,663.2904839884715,663.2907822401534,0.022230110978719582,0.0003116086980153698,0.022677561607228072,0.00032149788739645283,0.01107590694122942,0.0015435113049587872,0.009532395636270632,0.011341250330029426,0.00011083912820927829,0.00011084012054688036,0.00011083774053254775,0.00013184029528236053,0.00013184147218692606,True,
256,39,left,55,663.2907822401534,663.2910804918353,0.02236151543186489,0.00032020232388021573,0.02281119404203136,0.0003302369271737079,0.011075866079759824,0.0015668963196953701,0.009508969760064451,0.011341211537749554,0.00011318903098802657,0.00011319024948169566,0.00011318763564291612,0.00013507116057795396,0.0001350726110225082,True,
256,39,left,56,663.2910804918353,663.291378743517,0.02249362628297807,0.00032891972493173926,0.022945544674481063,0.00033910171732632943,0.011075824671098907,0.0015905733946591659,0.00948525127643974,0.011340797403974036,0.00011554850919122017,0.00011554994936589953,0.00011554710293718158,0.00013833269291850222,0.0001383344132934608,True,
256,39,left,57,663.291378743517,663.2916769951989,0.022626445254420983,0.00033776239294415255,0.023074742480578985,0.00034798351095972083,0.011075782778394487,0.0016140878136906697,0.009461694964703815,0.011338651395502945,0.00011791759464274129,0.000117919247182472,0.00011791618446188292,0.00014162510517961023,0.00014162708601623885,True,
256,39,left,58,663.2916769951989,663.2919752468808,0.022759713667797797,0.00034659432584600126,0.02321613872115316,0.0003570742902214482,0.011075740547237756,0.0016385143384050735,0.00943722620883268,0.011338108879170448,0.00012024859537784152,0.00012025033940078118,0.00012024710776227537,0.00014489110706392784,0.00014489320436509198,True,
256,39,left,59,663.2919752468808,663.2922734985626,0.02289395147329818,0.0003556903321652856,0.023352650897136302,0.0003663240301537331,0.011075698148111952,0.001663084297697053,0.009412613850414897,0.01133824132229641,0.00012263682346068175,0.00012263860806215556,0.00012263526211687137,0.00014824553252428807,0.00014824768547670335,True,
256,39,left,60,663.2922734985626,663.2925717502445,0.02302890236143269,0.00036491606616761556,0.023489888121803422,0.0003757056901999598,0.011075655704467705,0.0016879597176173249,0.009387695986850379,0.011338499171440359,0.00012503473728283528,0.00012503654027931993,0.00012503311432477651,0.00015163145798984353,0.0001516336400207759,True,
256,39,left,61,663.2925717502445,663.2928700019264,0.023164567997659542,0.00037427307112210994,0.023614047800336335,0.0003849625357643098,0.01107561328403478,0.0017120685940245162,0.009363544690010262,0.011338471441558648,0.00012744235962753185,0.00012744417795557418,0.0001274406852183052,0.0001550490876524112,0.00015505129519270547,True,
256,39,left,62,663.2928700019264,663.2931682536082,0.023300840370888046,0.00038370468184257856,0.023766430824527434,0.0003948114016948591,0.011075570898892587,0.0017385119529193555,0.009337058945973229,0.011337699266031261,0.0001298399891231617,0.00012984180483965456,0.00012983826768253425,0.00015847455210768244,0.00015847676339234408,True,
256,39,left,63,663.2931682536082,663.2934665052901,0.023437939193052884,0.00039332808790813,0.023905852644713073,0.00040459738041131234,0.01107552851279397,0.0017643223935140632,0.009311206119279904,0.01133762081224822,0.0001322670329447955,0.00013226877347579942,0.0001322652554422773,0.0001619560489261048,0.00016195817508401312,True,
256,39,left,64,663.2934665052901,663.293764756972,0.023575757590665106,0.00040308741723312094,0.024046006375413053,0.0004145216496950792,0.011075486083193063,0.0017904521384804438,0.009285033944712617,0.011337726661004676,0.00013470385740067787,0.0001347055450044134,0.00013470202177598124,0.00016546986924739096,0.0001654719370425548,True,
256,39,left,65,663.293764756972,663.2940630086538,0.023714297130289122,0.00041298423984947007,0.02418689358083167,0.0004245857089176159,0.011075443585929115,0.001816904452725564,0.00925853913320355,0.011337722005643702,0.00013715049275746656,0.00013715214011244384,0.00013714859486712685,0.00016901622836798625,0.0001690182530200051,True,
256,39,left,66,663.2940630086538,663.2943612603357,0.023853559364451087,0.0004230201386624001,0.024304667482548687,0.00043434468965447565,0.011075401016274036,0.0018418229648791548,0.009233578051394879,0.011337677091220216,0.00013960697030741495,0.0001396085793951242,0.00013960500289581188,0.00017259534341173394,0.00017259732706449818,True,
256,39,left,67,663.2943612603357,663.2946595120175,0.023993042446600027,0.000432927423552766,0.02447036205678088,0.0004448658766885568,0.011075358388679018,0.0018702005544627507,0.009205157834216266,0.011337739092961019,0.000141984848949167,0.00014198638322760666,0.00014198279289972743,0.00017609770356530436,0.0001760996006101146,True,
256,39,left,68,663.2946595120175,663.2949577636994,0.02413375107366185,0.00044324389845172877,0.024613455080839886,0.0004553566634545336,0.011075315727036772,0.0018976365671303029,0.009177679159906468,0.011337735187745968,0.00014446091767876843,0.0001444623380334658,0.00014445875610030398,0.00017974239994754016,0.00017974416113175553,True,
256,39,left,69,663.2949577636994,663.2952560153813,0.02427518685918426,0.00045370424472677403,0.024757287563142664,0.0004659937284539186,0.01107527303985201,0.00192540923501538,0.009149863804836629,0.011337661490570902,0.00014694689990031864,0.00014694819852571826,0.0001469446294220011,0.00018342047653294603,0.00018342209121850137,True,
256,39,left,70,663.2952560153813,663.295554267063,0.024417351244302537,0.00046431009946617705,0.024901861152219148,0.0004767788928662749,0.011075230313693117,0.0019535225047633913,0.009121707808929723,0.011338020029802368,0.0001494428071440177,0.00014944399274498127,0.00014944043184441887,0.00018713212766258182,0.00018713360578871726,True,
256,39,left,71,663.295554267063,663.2958525187449,0.024560245700927644,0.00047506312068970786,0.025043003351902012,0.00048763548612113346,0.011075187513115604,0.0019816537953869233,0.00909353371772868,0.011338274613746625,0.00015194866608896074,0.00015194974873480632,0.0001519461882164034,0.00019087756693176292,0.00019087892025175827,True,
256,39,left,72,663.2958525187449,663.2961507704268,0.024703209197901973,0.0004856080370601394,0.025192561214384263,0.0004984368712267487,0.01107514458181561,0.0020100018792243626,0.009065142702591246,0.01133862285631578,0.00015435070595601997,0.00015435185865550512,0.00015434823446165181,0.00019451360021741754,0.00019451504594307557,True,
256,39,left,73,663.2961507704268,663.2964490221086,0.024847562856786125,0.00049665726697937,0.025339361065949296,0.0005096728876663393,0.011075101458280761,0.0020391512059567563,0.009035950252324003,0.011338870800906307,0.00015687609108662473,0.00015687736624317244,0.00015687365028912236,0.00019832622321920806,0.0001983278281604263,True,
256,39,left,74,663.2964490221086,663.2967472737905,0.024992650785651424,0.0005078586531558313,0.025486907586308914,0.0005210636131479606,0.011075058094130565,0.0020686554903874737,0.009006402603743089,0.011339028834335024,0.0001594114920313641,0.0001594129069344623,0.00015940908161491397,0.00020217325297433822,0.0002021750400462176,True,
256,39,left,75,663.2967472737905,663.2970455254724,0.025138474419778328,0.0005192138917673283,0.025619680753651897,0.0005323196349105145,0.011075014456161873,0.0020973049437150513,0.00897770951244682,0.011339076919252313,0.0001619569508000877,0.00016195850061338852,0.0001619545533833288,0.00020605492416794134,0.00020605688834708915,True,
256,39,left,76,663.2970455254724,663.2973437771542,0.02528476608534106,0.0005305787377098242,0.02578396958369825,0.0005441675162349528,0.011074970526346728,0.002128423424242775,0.008946547102103951,0.011338659067759351,0.00016446716612944802,0.00016446885716794394,0.00016446476312900564,0.00020991359939350615,0.00020991574983648348,True,
256,39,left,77,663.2973437771542,663.2976420288361,0.025432062821798978,0.000542245346654427,0.025933761767238786,0.0005560312715893581,0.011074926301803359,0.0021590119108136014,0.008915914390989757,0.011338570006577887,0.00016703259883644247,0.00016703446649418506,0.00016703018923547723,0.00021386473367122127,0.000213867116843476,True,
256,39,left,78,663.2976420288361,663.297940280518,0.02558009937348786,0.0005540709750927671,0.02608430607402354,0.0005680567082424971,0.01107488179462393,0.0021899704913809588,0.00888491130324297,0.011338393326585079,0.00016960818507421037,0.00016961019094767564,0.00016960573589071425,0.0002178511759415631,0.00021785374395803656,True,
256,39,left,79,663.297940280518,663.2982385321998,0.025728877060278165,0.00056605739117894,0.026235603837993556,0.0005802456187940242,0.011074837031795844,0.002221303056890222,0.00885353397490562,0.011338128989940436,0.0001721939449386384,0.00017219605532486283,0.0001721914352055836,0.00022187313493425461,0.00022187584550318123,True,
256,39,left,80,663.2982385321998,663.2985367838817,0.025878397188496247,0.0005782063787624192,0.026365486856478704,0.0005921834851850892,0.01107479205518974,0.002251277553431506,0.008823514501758232,0.011337772683946422,0.00017478989840943808,0.00017479208438119854,0.00017478732089542086,0.00022593081951764144,0.0002259336361122799,True,
256,39,left,81,663.2985367838817,663.2988350355636,0.026028508674444405,0.0005904363559018332,0.02654030800758311,0.0006050361685287342,0.011074746921325209,0.0022849226193732207,0.008789824301951986,0.011336981668792448,0.00017737101394346325,0.00017737321019202715,0.00017736835374539245,0.0002299919552402648,0.00022999479380895964,True,
256,39,left,82,663.2988350355636,663.2991332872454,0.026179516081415607,0.0006029148684993197,0.026693872605126564,0.0006177255226076343,0.011074701692303353,0.0023173988987716947,0.008757302793531657,0.011336953727824789,0.00017998731655571626,0.00017998948590626209,0.00017998457755000687,0.00023412148863964297,0.00023412430092389084,True,
256,39,left,83,663.2991332872454,663.2994315389273,0.026331269793704475,0.0006155613593536098,0.026848196136829344,0.0006305857190018318,0.011074656414281493,0.0023502651642084106,0.00872439125007308,0.011337041190278724,0.00018261387287140272,0.00018261600829549453,0.00018261106361625273,0.00023828737505870832,0.00023829015168139295,True,
256,39,left,84,663.2994315389273,663.299729790609,0.026483771127978527,0.0006283776694736186,0.027003280021807907,0.0006436185681042464,0.011074611112167903,0.0023835253568687117,0.00869108575529919,0.011337025901909834,0.0001852507104959058,0.0001852528107625966,0.00018524783379903127,0.00024248983440842438,0.0002424925734941229,True,
256,39,left,85,663.299729790609,663.3000280422909,0.02663702138832513,0.0006413656476504785,0.027156654131593586,0.000656779438618414,0.01107456578956622,0.002416989631514099,0.008657576158052118,0.011336774687465502,0.00018789785703213148,0.0001878999236753291,0.00018789490989242283,0.00024672908696508715,0.00024673179025299795,True,
256,39,left,86,663.3000280422909,663.3003262939728,0.026790422903770216,0.0006541969166135618,0.027315124299111756,0.0006698739828286522,0.01107452043010761,0.002450519592940313,0.008624000837167295,0.011336852708073802,0.0001904591082012301,0.00019046108882773006,0.0001904560667899933,0.00025087859377158724,0.0002508811919900291,True,
256,39,left,87,663.3003262939728,663.3006245456546,0.026945170570785253,0.0006675308452351684,0.027472492843828335,0.0006834332038885166,0.011074475014083525,0.0024849798720678975,0.008589495142015626,0.011336840163799121,0.00019312673679124196,0.00019312863211156322,0.00019312359104117739,0.00025519140808698135,0.00025519390147190414,True,
256,39,left,88,663.3006245456546,663.3009227973365,0.02710067096106262,0.0006810420223697553,0.027630626865098123,0.0006971726922461353,0.011074429536722679,0.0025198506186351367,0.00855457891808754,0.011336882964429463,0.00019580474385474632,0.00019580655949503865,0.00019580149540447613,0.0002595416584057975,0.00025954405372069305,True,
256,39,left,89,663.3009227973365,663.3012210490184,0.02725692534219493,0.0006947323445994974,0.027772285421704155,0.0007107698857378856,0.011074384010075319,0.0025537819187276298,0.008520602091347687,0.0113371596197612,0.0001984931488319086,0.00019849489261760962,0.0001984898102151476,0.000263929555377054,0.0002639318623773703,True,
256,39,left,90,663.3012210490184,663.3015193007002,0.027413211598733767,0.0007082023958417609,0.02794845975204081,0.0007247921622801608,0.011074338462967558,0.002589960009238262,0.008484378453729294,0.011337358422682863,0.00020107787421111257,0.00020107956214719005,0.00020107448542337213,0.00026820312423049797,0.0002682053636837807,True,
256,39,left,91,663.3015193007002,663.3018175523821,0.027570972615639733,0.0007222533066084561,0.02810889255299077,0.0007390804985264861,0.011074292933748179,0.002626079679758223,0.008448213253989954,0.011337319561443942,0.0002037868315167201,0.0002037885009431622,0.00020378347463288085,0.0002726660676615574,0.00027266828906583203,True,
256,39,left,92,663.3018175523821,663.302115804064,0.027729491638978143,0.0007364890951899607,0.028270096264400586,0.000753556744232207,0.011074247434058503,0.002662626461422916,0.008411620972635587,0.011337018262183139,0.0002065062696184407,0.00020650791452632035,0.00020650295016800356,0.000277167320330806,0.00027716951547470845,True,
256,39,left,93,663.302115804064,663.3024140557458,0.027888770146384242,0.0007509116978257509,0.02843207247139586,0.0007682232705254875,0.011074201930216783,0.002699605491148052,0.008374596439068729,0.01133781503715561,0.00020923622236498768,0.0002092378319545441,0.00020923291959672131,0.00028170711330082984,0.00028170926744578866,True,
256,39,left,94,663.3024140557458,663.3027123074277,0.028048809662874204,0.0007655231232096536,0.028574336427106148,0.0007826955807214371,0.011074156342548817,0.002735408473100641,0.008338747869448175,0.011338570238923795,0.00021197671444974292,0.00021197828437371163,0.00021197343009473133,0.0002862856656659889,0.000286287772650037,True,
256,39,left,95,663.3027123074277,663.3030105591096,0.02820933810652122,0.0007801723283582675,0.028758069212608137,0.0007979785946482169,0.01107411054625309,0.0027745399443893375,0.00829957060186375,0.011339260348739867,0.0002146855670044131,0.00021468717143795351,0.00021468230419343702,0.000290846021332617,0.00029084818131771645,True,
256,39,left,96,663.3030105591096,663.3033088107913,0.028370902383357575,0.0007951659576222719,0.028922370279357176,0.0008132255846690951,0.01107406440251281,0.0028128368377168906,0.008261227564795916,0.011339538930554992,0.00021744701017760933,0.00021744869888682607,0.00021744377567294216,0.0002955022990119626,0.0002955045799178108,True,
256,39,left,97,663.3033088107913,663.3036070624732,0.028533232902687087,0.000810354377229745,0.029087450324378948,0.000828670578806265,0.011074017827516158,0.0028515828796671595,0.008222434947848996,0.011339473095798759,0.00022021906095276775,0.00022022082813127165,0.0002202158764622426,0.0003001979847842596,0.00030020037940737567,True,
256,39,left,98,663.3036070624732,663.3039053141551,0.02869633181201198,0.0008257395649811595,0.029253311529830583,0.0008443155845538272,0.011073970808335575,0.0028907824834707996,0.008183188324864773,0.011339028846717196,0.000223001741129523,0.00022300357028646277,0.00022299862441552896,0.0003049332945943154,0.00030493578104966336,True,
256,39,left,99,663.3039053141551,663.3042035658369,0.02886020179501807,0.0008413236529488309,0.029419187271155254,0.0008601478024167743,0.011073923403113969,0.002930378841588493,0.008143544561525475,0.011336871324421108,0.0002257950724518781,0.0002257969971786329,0.00022579203730372009,0.0003097084444595166,0.0003097110693501022,True,
256,39,left,100,663.3042035658369,663.3045018175188,0.029024641611274937,0.0008569932638504141,0.029587176761032886,0.000876096509103993,0.011073875736489429,0.002970307152844957,0.00810356858364447,0.011336405167841583,0.0002285683642257828,0.00022857032649037853,0.00022856531044356104,0.00031448139407412606,0.00031448407837352145,True,
256,39,left,101,663.3045018175188,663.3048000692006,0.029190061582755437,0.000872979685543716,0.029755396615584073,0.0008923531196758075,0.011073827946829519,0.003010893012619829,0.008062934934209688,0.011336615149230688,0.00023138293531738415,0.0002313849724445137,0.00023137986519741657,0.00031933656589634127,0.00031933936144284416,True,
256,39,left,102,663.3048000692006,663.3050983208825,0.029356264321107245,0.0008891711310247134,0.0299244123605317,0.0009088182158260151,0.01107378013187752,0.003051951275638701,0.008021828856238816,0.011336824138547584,0.00023420822653894962,0.00023421036645920692,0.00023420514454372505,0.00032423223049934735,0.00032423517660721353,True,
256,39,left,103,663.3050983208825,663.3053965725644,0.029523256248233234,0.0009055696731782671,0.030075263635145958,0.0009251352670974798,0.011073732343587458,0.003091988761765659,0.007981743581821797,0.01133677642913163,0.00023704426309292183,0.00023704652615080964,0.00023704117455306976,0.00032916860924884117,0.000329171735057617,True,
256,39,left,104,663.3053965725644,663.3056948242462,0.02969033282616598,0.0009217726243710851,0.03026413273803063,0.0009419702716516111,0.01107368458816289,0.003134614952036086,0.007939069636126802,0.01133601653220969,0.00023978571360390043,0.00023978806092695958,0.00023978262091582404,0.0003339991717682364,0.00033400242420412795,True,
256,39,left,105,663.3056948242462,663.3059930759281,0.029858927368045376,0.0009385877074051887,0.030435581167088478,0.0009590694616106763,0.011073636833790658,0.0031771110499461373,0.007896525783844519,0.01133598179716772,0.000242643061945329,0.00024264539933715126,0.00024263995431146636,0.00033901683742911003,0.0003390200856088969,True,
256,39,left,106,663.3059930759281,663.30629132761,0.030028349501457514,0.0009556161316866581,0.030607871362920168,0.0009763856356574974,0.011073589046653806,0.0032200997177473153,0.007853489328906489,0.011336064671487138,0.00024551122341544653,0.0002455135566437311,0.00024550810194178696,0.0003440758683715333,0.0003440791203063886,True,
256,39,left,107,663.30629132761,663.3065895792918,0.030198624166390062,0.0009728600384025673,0.030781028657649232,0.0009939209089161371,0.011073541208218,0.003263586534580259,0.007809954673637739,0.011336051241413403,0.0002483902200362674,0.0002483925588079898,0.00024838708662838223,0.00034917648197633073,0.0003491797512887888,True,
256,39,left,108,663.3065895792918,663.3068878309737,0.03036978597277696,0.000990321582292179,0.03093628796526097,0.0010113214696670213,0.011073493315789627,0.003306089796030316,0.00776740351975931,0.011336027596394542,0.00025128007545778297,0.0002512824317527414,0.0002512769311626369,0.00035431889798789016,0.0003543222016304712,True,
256,39,left,109,663.3068878309737,663.3071860826556,0.030541095242431524,0.0010075548615391492,0.03112929713612768,0.0010292019883806766,0.011073445382228273,0.0033510960155400836,0.007722349366688188,0.01133608575649002,0.000254067756384924,0.00025407011628245243,0.00025406459647565096,0.0003593434329445692,0.00035934675140118885,True,
256,39,left,110,663.3071860826556,663.3074843343373,0.030714161524452867,0.0010254542805096627,0.031305293264124665,0.0010474038575707207,0.011073397426545381,0.0033961070019007723,0.007677290424644608,0.011336066201753016,0.00025697917032202185,0.00025698151078342585,0.0002569759813096249,0.00036456929949974507,0.00036457260012273733,True,
256,39,left,111,663.3074843343373,663.3077825860192,0.03088824242134377,0.0010435778240371063,0.03148232116080407,0.0010658336170904716,0.011073349454409185,0.0034416417008485698,0.007631707753560615,0.011336016061299607,0.0002599015308885006,0.0002599038380065362,0.0002598983027490011,0.00036983764942553763,0.00036984091227122023,True,
256,39,left,112,663.3077825860192,663.3080808377011,0.031063347507823687,0.001061927697710498,0.03165944859745667,0.0010844757298137983,0.011073301453957326,0.0034876308580613267,0.0075856705958959976,0.011336257190682502,0.0002628348728587956,0.00026283712062220307,0.0002628315875187081,0.0003751487188562899,0.0003751519065228683,True,
256,39,left,113,663.3080808377011,663.3083790893829,0.03123918316922221,0.00108034751445644,0.031839201075155824,0.001103224709033396,0.011073253395746227,0.0035339542491524554,0.007539299146593771,0.011336658545549279,0.0002657402020635947,0.00026574233743684454,0.000265736825237813,0.00038044686839535107,0.00038044990445411245,True,
256,39,left,114,663.3083790893829,663.3086773410648,0.03141626839385515,0.0010991552953288082,0.03201928423359421,0.0011223503104256533,0.011073205234045827,0.003581084995011611,0.007492120239034215,0.011337007570003747,0.0002686953772819083,0.00026869750819834526,0.0002686919824462731,0.00038584358099173045,0.0003858466194628069,True,
256,39,left,115,663.3086773410648,663.3089755927467,0.03159429867653973,0.0011181961077586346,0.03220032843450737,0.0011417128303477149,0.011073156920666568,0.0036287562534350164,0.007444400667231551,0.011337251946476905,0.00027166161650823127,0.0002716637087283153,0.00027165818164019765,0.0003912836893404363,0.00039128668087246097,True,
256,39,left,116,663.3089755927467,663.3092738444285,0.03177324946376637,0.001137472216711788,0.0323823086676395,0.0011613145855793488,0.011073108418323475,0.003676972061971534,0.0073961363563519395,0.01133740504418411,0.0002746389369080402,0.00027464096534022734,0.00027463544660875195,0.00039676740476605663,0.0003967703127744681,True,
256,39,left,117,663.3092738444285,663.3095720961104,0.031953103290780674,0.0011569859051966962,0.032544509688567515,0.001180764567092909,0.011073059701813753,0.003724091695126221,0.007348968006687531,0.011337447154982772,0.00027762735559359484,0.000277629306012076,0.00027762380109588186,0.00040229493841363226,0.00040229774172900767,True,
256,39,left,118,663.3095720961104,663.3098703477923,0.032133579193268494,0.0011765844702195725,0.032748734858674335,0.0012010873374837382,0.011073010758027827,0.0037747139741390674,0.00729829678388876,0.011336990430118139,0.0002805898647551436,0.0002805917790470033,0.00028058626757835594,0.0004078126888470318,0.0004078154476708693,True,
256,39,left,119,663.3098703477923,663.3101685994741,0.03231520496597795,0.0011965785944759095,0.032933434693136934,0.001221419177060766,0.011072961585905547,0.003824586899904695,0.007248374686000851,0.011336882932519598,0.00028360027101856047,0.00028360223365741453,0.00028359667887819986,0.0004134279505306166,0.0004134307876894037,True,
256,39,left,120,663.3101685994741,663.310466851156,0.03249770958897822,0.0012168171886689843,0.03311902799012534,0.0012419996058541949,0.011072912196211223,0.003875023007406556,0.007197889188804666,0.011336682520158408,0.0002866218278794787,0.00028662384847805904,0.0002866182465067521,0.00041908766206029586,0.00041909059203516503,True,
256,39,left,121,663.310466851156,663.3107651028378,0.03268109023978573,0.00123730257407448,0.033305511869062714,0.0012628309877700606,0.01107286261143321,0.003926027322901313,0.007146835288531897,0.011336389096322575,0.00028965456097859287,0.0002896566471765026,0.0002896509915241489,0.0004247920465849954,0.0004247950810920815,True,
256,39,left,122,663.3107651028378,663.3110633545197,0.03286534542180461,0.0012580370850960245,0.03347577169562375,0.001283589784721208,0.01107281286579756,0.003976241251530817,0.007096571614266742,0.01133599906336123,0.00029269849591945745,0.00029270065338982994,0.0002926949349596001,0.00043054132719551265,0.00043054447516125175,True,
256,39,left,123,663.3110633545197,663.3113616062016,0.033049622970807505,0.001278530957052584,0.0336802780780806,0.001304755547794817,0.011072763004988426,0.0040286790979333345,0.00704408390705509,0.011335173393086838,0.0002956398419284144,0.0002956420223892646,0.0002956362695087666,0.0004361678096825687,0.00043617100051854274,True,
256,39,left,124,663.3113616062016,663.3116598578833,0.03323561891423774,0.0012997662267855267,0.03386942077244169,0.0013263496333222873,0.011072713077680587,0.004081409203283782,0.006991303874396804,0.011335183016678192,0.0002987059566180802,0.00029870815170255906,0.00029870236103982995,0.0004420066054959702,0.0004420098270220188,True,
256,39,left,125,663.3116598578833,663.3119581095652,0.033422489278277616,0.0013212576566956663,0.03405945267322429,0.0013482042299458596,0.011072663119129475,0.00413472826787861,0.006937934851250865,0.011335252882539533,0.000301783333823539,0.00030178555374423064,0.00030177971656949744,0.0004478909392566588,0.0004478942067674419,True,
256,39,left,126,663.3119581095652,663.3122563612471,0.033610234915141465,0.0013430076311513393,0.0342477206410011,0.0013702710675877194,0.011072613147878392,0.004188429535661233,0.006884183612217158,0.01133521913292985,0.0003048719958925028,0.0003048742494614739,0.00030486836075737316,0.0004538210288824514,0.00045382435572378726,True,
256,39,left,127,663.3122563612471,663.3125546129289,0.033797993808675264,0.0013645186904044286,0.03444130950412665,0.001392196129310004,0.011072563165712377,0.0042420550797613935,0.006830508085950982,0.011334978947528142,0.00030785913279971145,0.0003078614294157253,0.0003078554895664403,0.0004596286352977807,0.00045963203581930024,True,
256,39,left,128,663.3125546129289,663.3128528646108,0.033987486546955534,0.0013867885522813627,0.03463400851375844,0.0014148422854927437,0.011072513159107171,0.0042971631326412995,0.006775350026465871,0.011335049630912671,0.0003109701803924527,0.00031097246492536363,0.0003109665149338801,0.000465650014234397,0.0004656534062642761,True,
256,39,left,129,663.3128528646108,663.3131511162927,0.03417785837723447,0.001409324146076532,0.03482760153998427,0.001437758638926717,0.011072463113455536,0.004352881463102749,0.006719581650352786,0.011335026544299385,0.0003140925861715399,0.00031409485701329936,0.0003140888958483793,0.0004717178086341087,0.0004717211896599906,True,
256,39,left,130,663.3131511162927,663.3134493679745,0.03436911088346002,0.0014321279137784575,0.03502209015296041,0.0014609477415224207,0.011072413025958242,0.0044092156977030336,0.006663197328255208,0.011335094404208136,0.0003172263762261324,0.00031722863028584675,0.00031722265378115923,0.0004778322416324531,0.0004778356068863936,True,
256,39,left,131,663.3134493679745,663.3137476196564,0.03456124574993893,0.0014552023113357268,0.03519504317578364,0.0014839831329838688,0.011072362906682431,0.004464374866590961,0.00660798804009147,0.011335399622983907,0.00032037157852325953,0.000320373809352895,0.00032036781070946555,0.00048399353911780254,0.0004839968787181107,True,
256,39,left,132,663.3137476196564,663.3140458713383,0.034753987800802966,0.0014783890215107926,0.03541347823326545,0.0015079907575975557,0.011072312778505585,0.004523400413398156,0.006548912365107428,0.011335582321920189,0.0003234930097981072,0.0003234952178697489,0.00032348920193262177,0.0004901485757338737,0.0004901518902002828,True,
256,39,left,133,663.3140458713383,663.3143441230201,0.03494789020681115,0.0015020107064274517,0.035610661453209645,0.0015320116253697955,0.011072262670129762,0.004581612297318578,0.006490650372811183,0.011335517726495147,0.000326660984354356,0.0003266631791640144,0.000326657164460507,0.000496403915874623,0.0004964072194380452,True,
256,39,left,134,663.3143441230201,663.314642374702,0.03514268033922761,0.0015259104641493913,0.03580874750473314,0.0015563151434195796,0.011072212587778126,0.0046404620240443496,0.006431750563733776,0.011335181828331615,0.00032984044645015676,0.00032984261223756545,0.00032983661194586276,0.0005027067832460904,0.0005027100517732987,True,
256,39,left,135,663.314642374702,663.3149406263839,0.035338360081564275,0.0015500908077753883,0.03600773841019834,0.001580904310733544,0.011072162503301612,0.004699956192872709,0.006372206310428902,0.011336165414813998,0.00033303141956714434,0.00033303353848793344,0.00033302757600633216,0.0005090573964642752,0.0005090606024233574,True,
256,39,left,136,663.3149406263839,663.3152388780657,0.03553493136169657,0.0015745542965081725,0.03619221385022401,0.001605485527902015,0.01107211235378411,0.004758860618723785,0.006313251735060324,0.011336990083877676,0.0003362339271747141,0.0003362359813407934,0.0003362301055469411,0.0005154559739460661,0.0005154590894962741,True,
256,39,left,137,663.3152388780657,663.3155371297476,0.03573204587965639,0.0015990995410733804,0.03640808516712312,0.0016307411156069578,0.011072062042540255,0.004820448937106162,0.006251613105434092,0.011337698499897833,0.00033940464952462855,0.00033940670932596916,0.0003394008459838684,0.0005218360935361174,0.0005218392263256649,True,
256,39,left,138,663.3155371297476,663.3158353814293,0.035930402910649556,0.0016241350281673943,0.03660979905991331,0.0016561993710884583,0.011072011466784867,0.004881903602084005,0.0061901078647008615,0.011337952276364303,0.00034263008552654176,0.00034263217774517567,0.0003426263131536158,0.0005283307344264092,0.0005283339257952247,True,
256,39,left,139,663.3158353814293,663.3161336331112,0.03612965745541672,0.0016494613201735965,0.03681242536850361,0.001681953256325173,0.011071960567820081,0.0049440248997704534,0.006127935668049627,0.011337848286200602,0.00034586712101253834,0.000345869250392944,0.00034586340235246696,0.000534873983159103,0.0005348772407304507,True,
256,39,left,140,663.3161336331112,663.3164318847931,0.03632981158546206,0.00167508101919406,0.037011595728545725,0.0017079214701388689,0.011071909340457355,0.005006466793670236,0.006065442546787118,0.011337306761252096,0.0003491157767916885,0.0003491179629721688,0.00034911213024809177,0.0005414660531283691,0.0005414694076899841,True,
256,39,left,141,663.3164318847931,663.3167301364749,0.036529844040833946,0.0017003994615452992,0.03721937939279601,0.0017337508756584067,0.011071857833203457,0.005068975324153616,0.00600288250904984,0.011335346377138742,0.00035225231593742835,0.0003522545902798921,0.0003522487465587818,0.0005479146571469626,0.0005479181580022594,True,
256,39,left,142,663.3167301364749,663.3170283881568,0.03673179488287423,0.0017266080789982423,0.0374247457475085,0.0017604020233025135,0.011071806143479728,0.005133119748007033,0.005938686395472694,0.011334441039334264,0.00035552393973939194,0.0003555262600432453,0.0003555203483386011,0.0005546039289773515,0.0005546075110767027,True,
256,39,left,143,663.3170283881568,663.3173266398387,0.03693465152057439,0.0017531178573407169,0.037631032844022354,0.0017873598543504798,0.011071754374033736,0.005197955337987784,0.005873799036045951,0.01133476169001571,0.00035880724650987647,0.00035880964952327666,0.000358803636993408,0.0005613426572857218,0.0005613463785390077,True,
256,39,left,144,663.3173266398387,663.3176248915205,0.03713841607476391,0.0017799314032628099,0.03783824308180542,0.0018146265778055462,0.011071702595885868,0.005263487089438234,0.005808215506447633,0.011334955469905166,0.0003621022608318141,0.00036210477536852647,0.000362098638041038,0.0005681310602177892,0.0005681349665861205,True,
256,39,left,145,663.3176248915205,663.3179231432024,0.0373430906881505,0.0018070513356344346,0.03802220465792146,0.00184173897036406,0.011071650845553286,0.00532776741972569,0.005743883425827595,0.011334878322104107,0.0003654090073163936,0.00036541165419686037,0.00036540537699195557,0.0005749693557126759,0.000574973480972243,True,
256,39,left,146,663.3179231432024,663.3182213948843,0.037547732995935605,0.0018339274716696872,0.038254479178687434,0.0018695347520792435,0.01107159912506039,0.005395444180283357,0.005676154944777033,0.011334045087309482,0.00036861641992280415,0.00036861914968604436,0.0003686127837167698,0.0005816824586678142,0.0005816867259855078,True,
256,39,left,147,663.3182213948843,663.3185196465661,0.03775422620170051,0.0018616628102157637,0.03846446469213853,0.0018977387266807687,0.011071547409241229,0.0054630883123510535,0.005608459096890174,0.011334033483887016,0.00037194643575331056,0.0003719491555575675,0.0003719427826116631,0.0005886202639816423,0.0005886245271776581,True,
256,39,left,148,663.3185196465661,663.318817898248,0.03796163593299846,0.0018897124044260697,0.038675382417396646,0.0019262622841454216,0.01107149567355912,0.005531452490332487,0.005540043183226632,0.011334108287934705,0.0003752882493155307,0.000375290965669268,0.00037528458047043933,0.0005956085980263614,0.0005956128673472018,True,
256,39,left,149,663.318817898248,663.3191161499299,0.03816996443105772,0.0019180789477756355,0.0388872346108951,0.0019551081189348703,0.011071443904972188,0.005600542742297002,0.005470901162675185,0.011334077193877695,0.00037864188207913357,0.0003786446056221916,0.00037863819959188717,0.0006026476725301106,0.00060265196488573,True,
256,39,left,150,663.3191161499299,663.3194144016117,0.03837921397078234,0.0019467651468457363,0.039086295801456575,0.0019840137229532296,0.011071392102224758,0.005669252172398995,0.005402139929825762,0.011334067677947134,0.0003820073577162315,0.0003820101010120554,0.00038200366228830537,0.0006097377023782919,0.0006097420378939466,True,
256,39,left,151,663.3194144016117,663.3197126532935,0.038589115821926694,0.001975614637640652,0.039313475106849786,0.0020136160231926524,0.011071340275529985,0.00574057582057282,0.005330764454957164,0.011334112687087488,0.0003853536952531813,0.00038535643505698333,0.00038534997704511186,0.0006168292735054346,0.0006168336151643218,True,
256,39,left,152,663.3197126532935,663.3200109049754,0.03880021217900417,0.002004946816417498,0.039528141924669656,0.0020434438440062484,0.011071288438552027,0.0058118782447793465,0.005259410193772679,0.011334079474266914,0.00038874287629382236,0.00038874559480475245,0.0003887391252857063,0.0006240216339743764,0.0006240259531754413,True,
256,39,left,153,663.3200109049754,663.3203091566572,0.03901223656647948,0.002034606795507892,0.03974375245986477,0.002073604982850929,0.011071236594771319,0.005883931459439906,0.0051873051353314124,0.011334055481428412,0.00039214398851141857,0.0003921466704896456,0.0003921401938169265,0.0006312656196707621,0.0006312698916958759,True,
256,39,left,154,663.3203091566572,663.3206074083391,0.03922519141315059,0.0020645973285730807,0.03995421785955936,0.0021039842721935686,0.011071184735095826,0.005956246468199406,0.005114938266896419,0.011334310423530145,0.000395557068349132,0.0003955596845006987,0.00039555320946544687,0.0006385614649644263,0.0006385656421974809,True,
256,39,left,155,663.3206074083391,663.320905660021,0.03943862934448287,0.0020946567509652738,0.04017735525851198,0.0021346696430361222,0.011071132837808044,0.006029732568220995,0.0050414002695870486,0.011334750294390102,0.0003989317829795954,0.00039893429499065,0.00039892783596611354,0.0006458278616332974,0.0006458318814580917,True,
256,39,left,156,663.320905660021,663.3212039117028,0.03965344811292875,0.0021253144369587497,0.040395807583511405,0.0021658452876004938,0.011071080869830075,0.0061040708922986,0.004967009977531474,0.011335113822821777,0.00040236863348636087,0.00040237113780537925,0.00040236466405313686,0.0006532274542251898,0.0006532314722652735,True,
256,39,left,157,663.3212039117028,663.3215021633847,0.03986920460982462,0.002156311022621653,0.04061521348114104,0.0021973654776176405,0.011071028797500883,0.006179185211731182,0.0048918435857697,0.011335364453064082,0.00040581753164546495,0.000405819993383786,0.00040581351734855005,0.0006606795582940993,0.0006606835176754279,True,
256,39,left,158,663.3215021633847,663.3218004150665,0.040085901270226224,0.0021876493233640762,0.04083557538254919,0.0022292330996406995,0.01107097659517011,0.006255082005941958,0.004815894589228152,0.011335518303388449,0.0004092784943613785,0.00040928088813827336,0.0004092744196235316,0.0006681843753154214,0.0006681882342056508,True,
256,39,left,159,663.3218004150665,663.3220986667484,0.040303540562050225,0.0022193321766402594,0.041030973068388266,0.0022609470991069966,0.011070924245800723,0.00632965138544245,0.004741272860358272,0.011335554441705835,0.000412751538521858,0.0004127538508246895,0.0004127473946863289,0.0006757421062053398,0.0006757458418524046,True,
256,39,left,160,663.3220986667484,663.3223969184303,0.04052090560326238,0.0022506439312375997,0.041277933635920555,0.0022932914333660035,0.011070871741005767,0.00640766356858892,0.004663208172416846,0.011335065479652393,0.00041610379842062657,0.0004161060815316381,0.00041609961669764625,0.0006831347924944378,0.0006831384899948581,True,
256,39,left,161,663.3223969184303,663.3226951701121,0.04074042704362722,0.002283018176598491,0.04150116733241836,0.0023262124354705483,0.011070819080985549,0.006485932969240585,0.004584886111744963,0.011334938407853816,0.0004196005789065871,0.00041960291396973365,0.00041959640186001195,0.0006907975573603449,0.0006908013500133727,True,
256,39,left,162,663.3226951701121,663.322993421794,0.040960898573967924,0.0023157454765170642,0.04172536689488346,0.0023594924625721762,0.011070766274238942,0.006565010910896541,0.0045057553633424,0.011334710759990405,0.00042310949322220626,0.0004231118899693232,0.0004231053263155007,0.0006985138335627743,0.0006985177379065173,True,
256,39,left,163,663.322993421794,663.3232916734759,0.041182322804654246,0.0023488286990040836,0.04195053496652249,0.002393134443727065,0.011070713337483249,0.006644903995910563,0.004425809341572685,0.011334382574812875,0.0004266305673876185,0.00042663303350531733,0.00042662641134360294,0.0007062838349371043,0.0007062878642599532,True,
256,39,left,164,663.3232916734759,663.3235899251576,0.04140470237541956,0.0023822707252788866,0.042164642738416656,0.002426906593870407,0.011070660295682428,0.0067246325751910505,0.004346027720491376,0.01133395144729923,0.00043016382747202483,0.00043016636858507745,0.0004301596782649073,0.0007141077749863197,0.0007141119392617225,True,
256,39,left,165,663.3235899251576,663.3238881768395,0.04162701201285633,0.00241546700817402,0.0424027398317532,0.0024608981796861136,0.01107060718175851,0.006805820956629888,0.004264786225128622,0.011333089112093535,0.00043360031126897183,0.0004336028745155349,0.00043359614680041797,0.0007218044365221425,0.0007218086484553885,True,
256,39,left,166,663.3238881768395,663.3241864285214,0.041851301728912396,0.0024496298397690226,0.042630821045626696,0.0024956382810415647,0.011070554029716063,0.006888187448796495,0.004182366580919567,0.011333134388411738,0.0004371577277213729,0.0004371603075812547,0.00043715353784549836,0.000729735901506153,0.0007297401520737649,True,
256,39,left,167,663.3241864285214,663.3244846802032,0.04207655470703508,0.002484160140963494,0.04285988180020787,0.0025307520811793686,0.011070500863693203,0.006971395620603355,0.0040991052430898465,0.011333192655568536,0.00044072739160183047,0.00044072999853304347,0.0004407231780393023,0.0007377219121131478,0.0007377262189755033,True,
256,39,left,168,663.3244846802032,663.3247829318851,0.042302773677476604,0.0025190608415058737,0.04308210745945591,0.002566089539766295,0.011070447696172834,0.007054809082191957,0.004015638613980876,0.01133314403000626,0.0004443093258785132,0.00044431196888653526,0.0004443050927295479,0.0007457626746652165,0.0007457670531896157,True,
256,39,left,169,663.3247829318851,663.325081183567,0.042529703353203094,0.0025541821184663282,0.04332069003447167,0.002601957117071342,0.01107039452792149,0.0071400261008843,0.0039303684270371895,0.011332903624397294,0.0004478767751460061,0.0004478794548504256,0.00044787252788303366,0.0007538133247669447,0.0007538177763348912,True,
256,39,left,170,663.325081183567,663.3253794352488,0.042757860397936095,0.002589830912571447,0.043552704358284955,0.002638208258498116,0.01107034134933151,0.00722579622427448,0.0038445451250570307,0.011332963511211708,0.0004514832555814829,0.000451485923054152,0.0004514789838074607,0.0007619639774463306,0.0007619684198199092,True,
256,39,left,171,663.3253794352488,663.3256776869307,0.04298699184879522,0.002625858953870747,0.043785709622065856,0.002674845030493432,0.01107028815092349,0.00731243505869571,0.00375785309222778,0.011332928007451653,0.00045510208293917916,0.0004551047364161895,0.00045509778353065,0.0007701700101183052,0.0007701744402023056,True,
256,39,left,172,663.3256776869307,663.3259759386126,0.04321710060177274,0.0026622692351907402,0.04401970873045178,0.002711870569821212,0.011070234931216923,0.0073999497017469594,0.003670285229469963,0.011333026896261266,0.00045873328432476573,0.0004587359205307099,0.00045872894943359716,0.0007784316340960661,0.0007784360462053098,True,
256,39,left,173,663.3259759386126,663.3262741902944,0.04344818960225875,0.002699064764529224,0.044227027270673465,0.0027487443283248907,0.011070181697254764,0.007486060535964721,0.0035841211612900434,0.011333348930357201,0.0004623768894308746,0.0004623795010698242,0.0004623725047798561,0.0007867490646128455,0.0007867534461748186,True,
256,39,left,174,663.3262741902944,663.3265724419763,0.04367969450207336,0.0027359120315136485,0.04449012229355618,0.0027867580166698776,0.01107012846455585,0.007576890609869421,0.0034932378546864294,0.011333501811764176,0.0004659756013063565,0.0004659781936091095,0.00046597117989971196,0.0007950247085513128,0.0007950290682714429,True,
256,39,left,175,663.3265724419763,663.3268706936581,0.04391274817674502,0.002773484352638666,0.04472711599191828,0.002824965286057289,0.011070075251478573,0.007667067901462577,0.0034030073500159953,0.01133340934541748,0.0004696439137974214,0.00046964649154717183,0.0004696394780122117,0.0008034538075683058,0.0008034581534417798,True,
256,39,left,176,663.3268706936581,663.32716894534,0.044146791005720123,0.002811451009338517,0.044965115670670956,0.0028635734299009906,0.011070022060588519,0.007758148543642886,0.0033118735169456325,0.011333142083420733,0.0004733247080434426,0.0004733272549370746,0.0004733202558051477,0.0008119393352961779,0.0008119436392189841,True,
256,39,left,177,663.32716894534,663.3274671970219,0.044381826025700996,0.0028498150685732945,0.04520412454551203,0.0029025859577256376,0.011069968872226372,0.007850140459532548,0.003219828412693824,0.011334215234359377,0.00047701800885971565,0.00047702050649739945,0.00047701354714590306,0.0008204814965964629,0.0008204857266297134,True,
256,39,left,178,663.3274671970219,663.3277654487036,0.044617856316528585,0.002888579653467425,0.04543381585186533,0.0029418017474576274,0.01106991564423092,0.007942192264725693,0.003127723379505226,0.01133507476263522,0.0004807238411363983,0.0004807262715836282,0.00048071940406819834,0.0008290804958872709,0.0008290846206363826,True,
256,39,left,179,663.3277654487036,663.3280637003855,0.044853440315632605,0.002926888785125221,0.045683711935423636,0.0029809616092894746,0.011069862312877732,0.008034983953143825,0.0030348783597339067,0.01133578958392019,0.0004843000683404275,0.00048430251142693096,0.000484295642848518,0.0008374907000184547,0.0008374948569181709,True,
256,39,left,180,663.3280637003855,663.3283619520674,0.04509145893479948,0.0029664566060614546,0.04592575525804036,0.0030211974767818547,0.01106980881345017,0.00812973362082482,0.0029400751926253496,0.011336005566222333,0.0004880306090693386,0.00048803308610481677,0.0004880262160212242,0.0008462025835796693,0.0008462068096628266,True,
256,39,left,181,663.3283619520674,663.3286602037492,0.045330482211740776,0.0030064342597037157,0.04616881989904088,0.003061850020381337,0.011069755110934306,0.008225422602342299,0.0028443325085920064,0.01133586410470902,0.000491773750248403,0.0004917762668973633,0.0004917694122114663,0.0008549719007295562,0.000854976206143961,True,
256,39,left,182,663.3286602037492,663.3289584554311,0.04557051339367701,0.0030468249268040294,0.04640335950198461,0.0031027335419125113,0.01106970120478894,0.008321262659982965,0.002748438544805975,0.011335238147250863,0.0004955295144251395,0.000495532093154935,0.0004955252497507604,0.0008637988493508012,0.000863803273614131,True,
256,39,left,183,663.3289584554311,663.329256707113,0.04581043875697155,0.003086966218924246,0.0466568867153323,0.003143741126491689,0.011069647129179913,0.00841817520637552,0.0026514719228043922,0.011333171316981572,0.0004991903400910721,0.0004991930117336066,0.0004991861475946134,0.0008724955889415173,0.0008725001865217228,True,
256,39,left,184,663.329256707113,663.3295549587948,0.046052486180386674,0.003128186127081552,0.046903024569846796,0.003185657176125625,0.011069592948870203,0.008516713285846304,0.0025528796630238985,0.011332242466366266,0.0005029711166579175,0.0005029738395170297,0.0005029669004388545,0.0008814373644063248,0.0008814420630711389,True,
256,39,left,185,663.3295549587948,663.3298532104767,0.04629555126932022,0.0031698284777454877,0.04715019689497363,0.0032280033366159575,0.011069538728987574,0.008616221272752782,0.002453317456234791,0.011332677129884502,0.0005067645849746481,0.0005067673957511545,0.0005067603491266017,0.0008904373599523045,0.0008904422246599519,True,
256,39,left,186,663.3298532104767,663.3301514621586,0.04653963735390147,0.0032118964315142736,0.047398407343517614,0.0032707822668969536,0.011069484513791736,0.00871670537459245,0.0023527791391992846,0.011332846342875107,0.0005105707717714148,0.0005105736991073529,0.0005105665213185906,0.0008994957781464063,0.0008995008601715131,True,
256,39,left,187,663.3301514621586,663.3304497138404,0.046784747797214706,0.0032543931620993495,0.04761915417435353,0.0033134304730570484,0.01106943032536066,0.008815785581449949,0.002253644743910711,0.011332739954361253,0.0005143897038881912,0.0005143927683467354,0.0005143854447690891,0.0009086128211274548,0.0009086181578747833,True,
256,39,left,188,663.3304497138404,663.3307479655223,0.04703065210560236,0.0032971819714304237,0.047897716373059944,0.003357508654385473,0.011069376163537783,0.00892032086267423,0.002149055300863553,0.011331863984803328,0.0005181994942052191,0.0005182026257605454,0.0005181952239611408,0.0009177498799966689,0.0009177553487246165,True,
256,39,left,189,663.3307479655223,663.3310462172042,0.047277818843648074,0.003340543750019997,0.0481490600763845,0.0034016031194881937,0.011069322011703537,0.00902377311742886,0.002045548894274676,0.011331878082409938,0.0005220439221449611,0.0005220470445151051,0.0005220396330993973,0.0009269845408281077,0.0009269900067024421,True,
256,39,left,190,663.3310462172042,663.331344468886,0.047526020156515636,0.0033843438690983473,0.0484014560378233,0.003446143328604382,0.011069267854724934,0.009128231282555592,0.0019410365721693414,0.011331940510565408,0.0005259011682750048,0.000525904288470428,0.0005258968617291497,0.0009362784147021524,0.0009362838901152187,True,
256,39,left,191,663.331344468886,663.3316427205679,0.04777525954311898,0.0034285855910019592,0.048654907801573576,0.003491132576648181,0.011069213684685959,0.00923370293265451,0.0018355107520314476,0.01133189624091557,0.0005297712566439352,0.0005297743858247576,0.000529766934742565,0.0009456316960956212,0.000945637200944018,True,
256,39,left,192,663.3316427205679,663.3319409722496,0.048025540551488964,0.0034732721921974016,0.048900795428567095,0.0035364020360443356,0.011069159501047891,0.009339469834580734,0.0017296896664671568,0.011331904083907433,0.000533654214124987,0.0005336573648841848,0.0005336498771272509,0.00095504458382155,0.0009550501407220356,True,
256,39,left,193,663.3319409722496,663.3322392239315,0.04827616090934454,0.0035179843892165817,0.04916427431319856,0.0035820420034698365,0.011069105310382469,0.00944678163056549,0.0016223236798169787,0.011331925002283683,0.0005374855696330678,0.0005374887135463011,0.0005374812073978644,0.0009644015483879712,0.0009644071065472295,True,
256,39,left,194,663.3322392239315,663.3325374756134,0.04852853058784722,0.0035635670401276184,0.049420909218714955,0.003628394894486989,0.011069051120876503,0.00955533203705355,0.0015137190838229537,0.01133187827440816,0.0005413942208303893,0.0005413973426932543,0.0005413898227992286,0.0009739337173216791,0.0009739392493125368,True,
256,39,left,195,663.3325374756134,663.3328357272952,0.04878195272704658,0.0036096043962887026,0.04967861437598976,0.003675210153925896,0.011068996934627954,0.009664926620939328,0.0014040703136886255,0.01133188864288651,0.0005453158382029051,0.0005453189220126005,0.0005453113930228224,0.0009835261133772002,0.0009835315901296432,True,
256,39,left,196,663.3328357272952,663.3331339789771,0.04903643107903106,0.0036560997814471864,0.049926106011890486,0.0037222648671902552,0.011068942746525565,0.009774618701904686,0.0012943240446208792,0.011332171926495816,0.0005492504630126687,0.000549253476948971,0.0005492459482398453,0.0009931789588676463,0.0009931843224844582,True,
256,39,left,197,663.3331339789771,663.333432230659,0.04929025839268653,0.0037020307856300678,0.05019550887741321,0.003769198244181588,0.011068888544167836,0.009885005941965683,0.0011838826022021532,0.011332617873686252,0.0005530449566688402,0.0005530478793508443,0.0005530403615224924,0.0010026147760267589,0.0010026199871123983,True,
256,39,left,198,663.333432230659,663.3337304823408,0.04954684659790915,0.0037494441171790154,0.0504564337727439,0.0038174125652629407,0.011068834308818403,0.009997761382255239,0.0010710729265631638,0.011332981919653434,0.0005570052113603163,0.0005570081235922658,0.0005570005896429438,0.0010123875476616764,0.0010123927521958293,True,
256,39,left,199,663.3337304823408,663.3340287340227,0.04980450208782483,0.003797325507074076,0.05071844397321652,0.0038661027484788156,0.011068780022000454,0.010111592171890154,0.0009571878501102997,0.011333228222847807,0.0005609785597172761,0.000560981427390077,0.0005609738894659422,0.0010222213597213135,0.0010222264954353679,True,
256,39,left,200,663.3340287340227,663.3343269857046,0.050063228567170104,0.0038456783462983927,0.050981543201739934,0.003915272275575882,0.011068725669843824,0.010226506350794433,0.0008422193190493909,0.011333376065839621,0.0005649650220748068,0.0005649678205606937,0.0005649602881622615,0.001032116393949061,0.0010321214154160915,True,
256,39,left,201,663.3343269857046,663.3346252373864,0.05032302977063239,0.0038945060544315394,0.05121890522892774,0.003964383949019813,0.011068671243360377,0.010340230124941278,0.0007284411184190989,0.011333403614004112,0.0005689646188571163,0.0005689673360205386,0.0005689598130340346,0.0010420728313815955,0.001042077715709173,True,
256,39,left,202,663.3346252373864,663.3349234890683,0.05058270849668019,0.003943090696839866,0.051509798899849024,0.00401432963486167,0.011068616738494307,0.010458016642560602,0.0006106000959337047,0.011332889720996093,0.0005728725746415441,0.0005728752721611284,0.0005728677324352527,0.001051898427909077,0.001051903287589177,True,
256,39,left,203,663.3349234890683,663.3352217407502,0.05084465990385141,0.003992872296027813,0.05177617672904837,0.004064951998931723,0.011068562156038233,0.010576215740710297,0.0004923464153279363,0.011332742451677546,0.0005768980843670622,0.0005769008359354376,0.0005768932456150082,0.0010619769552874274,0.0010619819257577504,True,
256,39,left,204,663.3352217407502,663.335519992432,0.05110769723508652,0.004043138988357601,0.05204365852091497,0.004116067675267682,0.011068507501306451,0.010695530547960403,0.00037297695334604844,0.011332490358200121,0.0005809367928060877,0.0005809396078369249,0.0005809319624253731,0.0010721174253483284,0.0010721225244688045,True,
256,39,left,205,663.335519992432,663.3358182441139,0.05137182433361031,0.004093894213382767,0.0523122481736467,0.004167680181914167,0.011068452784077294,0.010815969227154401,0.0002524835569228927,0.011332133497958303,0.0005849887298176545,0.0005849916156661614,0.0005849839080382131,0.0010823200330762998,0.0010823252750318828,True,
256,39,left,206,663.3358182441139,663.3361164957957,0.05163704505524414,0.004145141423340457,0.052575035248794366,0.004219652781388081,0.011068398018644194,0.010936948006429281,0.00013145001221491305,0.011331106984594696,0.0005890539253804529,0.0005890568873660688,0.000589049107713203,0.001092584972943128,0.0010925903682471958,True,
256,39,left,207,663.3361164957957,663.3364147474775,0.051903165986583136,0.004196765072758362,0.05285256380793297,0.004272288625044428,0.011068343223601935,0.01105998640301654,8.3568205853958e-06,0.011330790151949967,0.0005931156531356867,0.000593118630836015,0.000593110812139985,0.0011028812807580316,0.0011028867177573533,True,
256,39,left,208,663.3364147474775,663.3367129991594,0.05217058319907742,0.004249004984974362,0.053124498343941305,0.004325411278568964,0.011068288417632674,0.011183842555033472,-0.0001155541374007977,0.011330870828455892,0.0005972073616964516,0.000597210357503329,0.0005972024932991147,0.0011132712119976897,0.00111327669528386,False,
256,39,left,209,663.3367129991594,663.3370112508413,0.05243910548707824,0.004301747275880613,0.053397556629081126,0.004379044812185603,0.011068233613951338,0.01130885527514387,-0.00024062166119253293,0.011330913625855307,0.0006013124027196436,0.0006013154269113799,0.0006013075088111076,0.0011237240234907545,0.0011237295724303748,False,
256,39,left,210,663.3370112508413,663.3373095025231,0.05270873669902194,0.004354995439268929,0.05365871044054993,0.004432927502058203,0.011068178819533814,0.0114339121259466,-0.00036573330641278585,0.011330850903793136,0.0006054308034381057,0.0006054338648637039,0.00060542588824795,0.0011342399013250788,0.0011342455327509999,False,
256,39,left,211,663.3373095025231,663.337607754205,0.05297860783376054,0.00440822645407671,0.053946171873965706,0.004487323083325409,0.011068124035033851,0.011561213560049943,-0.0004930895250160918,0.011330616963064439,0.0006094898545788848,0.0006094929486890158,0.0006094849234261013,0.001144682424386241,0.0011446881301041714,False,
256,39,left,212,663.337607754205,663.3379060058868,0.05325046181467975,0.004462492435757114,0.0542226185903727,0.0045425059797982266,0.011068069255654001,0.011689735500515056,-0.000621666244861055,0.01133066342750393,0.0006136348934376142,0.0006136379757213444,0.0006136299356179583,0.0011553243443914094,0.0011553300408803,False,
256,39,left,213,663.3379060058868,663.3382042575687,0.05352343629834772,0.0045172748017135635,0.054500204806032175,0.00459821396397397,0.011068014476779813,0.011819447158110442,-0.000751432681330629,0.011330616080122808,0.0006177933817451424,0.0006177964503820356,0.0006177883937879068,0.0011660298977334035,0.0011660355814369402,False,
256,39,left,214,663.3382042575687,663.3385025092506,0.05379753517777197,0.004572577104889489,0.05477893444042404,0.004654450765112542,0.011067959697492871,0.011950357216300696,-0.000882397518807825,0.011330748463207429,0.0006219653510930437,0.0006219684027740737,0.0006219603248933428,0.0011767992755085074,0.0011768049400276703,False,
256,39,left,215,663.3385025092506,663.3388007609324,0.054072762367187624,0.004628402911608523,0.055033662272118866,0.0047107052679904605,0.01106790492079491,0.012080297761094311,-0.0010123928402994006,0.011331074233350318,0.0006261508363623746,0.000626153863151174,0.0006261457571626915,0.0011876326742737333,0.0011876383043854556,False,
256,39,left,216,663.3388007609324,663.3390990126143,0.054347115994020576,0.004683543539701961,0.055337798861630434,0.004767292582458683,0.011067850153621618,0.012213111696268118,-0.0011452615426465007,0.01133119353948444,0.0006301868599046999,0.0006301898731448114,0.000630181748739902,0.0011982203422223328,0.0011982259592786997,False,
256,39,left,217,663.3390990126143,663.3393972642962,0.05462459639103984,0.004740417727909613,0.05561996703534936,0.004825127898944932,0.011067795403916716,0.012347646212612137,-0.0012798508086954207,0.011331074591993584,0.0006343990594262897,0.000634402057647978,0.0006343939316149298,0.0012091808065345527,0.0012091864075639985,False,
256,39,left,218,663.3393972642962,663.339695515978,0.05490321654909839,0.0047978261135433,0.05590329434652966,0.004883506316428804,0.011067740672680605,0.01248341260489183,-0.0014156719322112254,0.011330896686686527,0.000638624865572188,0.0006386278326363057,0.0006386197196419089,0.0012202058467149798,0.0012202114007235122,False,
256,39,left,219,663.339695515978,663.3399937676598,0.055182980278819946,0.0048557723068369365,0.05618778481868525,0.0049424318277925565,0.011067685951616002,0.012620420161453372,-0.00155273420983737,0.011332030304393746,0.0006428643079877921,0.0006428672257149443,0.0006428591522501301,0.0012312956461598625,0.0012313011180179034,False,
256,39,left,220,663.3399937676598,663.3402920193417,0.055463891386516834,0.0049142599791868495,0.05646824425226651,0.005001800504546499,0.011067631222888211,0.012758223434376855,-0.001690592211488644,0.011332814123325919,0.0006471174164573943,0.0006471202676822208,0.0006471122866557077,0.0012424503876761204,0.0012424557439443154,False,
256,39,left,221,663.3402920193417,663.3405902710235,0.0557446724870808,0.004972516945148485,0.056758966347161335,0.0050611483768473195,0.011067576459585324,0.012896463993478272,-0.0018288875338929487,0.011333569920162672,0.0006512826317649743,0.0006512855034446974,0.000651277512649091,0.0012534747324954914,0.0012534801399071182,False,
256,39,left,222,663.3405902710235,663.3408885227054,0.05602787955217284,0.00503209231041294,0.05704695872379045,0.005121729620234781,0.011067521635376557,0.013037229923065264,-0.001969708287688707,0.011333733839834423,0.0006555628223268795,0.0006555657288695593,0.0006555577348807874,0.001264758776321139,0.00126476426281462,False,
256,39,left,223,663.3408885227054,663.3411867743873,0.05631224523853082,0.005092220075767438,0.05733612893683905,0.005182872537821681,0.011067466736554468,0.013179271245709712,-0.0021118045091552446,0.011333554775245492,0.0006598567629953123,0.0006598597107142195,0.0006598517288246423,0.0012761082921719641,0.0012761138702488306,False,
256,39,left,224,663.3411867743873,663.3414850260691,0.05659777329952777,0.005152903968931906,0.057611696164945644,0.00524427500973242,0.011067411763746638,0.013321301737108007,-0.0022538899733613696,0.011332854810374748,0.0006641644814440143,0.0006641674948849811,0.0006641595181075168,0.001287523455204112,0.0012875291727992458,False,
256,39,left,225,663.3414850260691,663.341783277751,0.056884321112967214,0.005214058811274199,0.057917865407033094,0.005306768116390449,0.011067356732234931,0.013467017518295323,-0.002399660786060392,0.011330727791710661,0.00066847463736302,0.0006684777410457991,0.0006684697290626386,0.001298982349333584,0.0012989882546777644,False,
256,39,left,226,663.341783277751,663.3420815294329,0.05717218270646986,0.005275864083053451,0.0582105884125686,0.00536961736706262,0.011067301669851072,0.013612935216047702,-0.0025456335461966303,0.011329836866013012,0.0006728099036911341,0.0006728130619854714,0.0006728049701390675,0.0013105290990260872,0.0013105351235287068,False,
256,39,left,227,663.3420815294329,663.3423797811147,0.0574612175837517,0.005338236454329114,0.058504504126288354,0.005433043877578989,0.011067246603623095,0.013760164834347662,-0.0026929182307245674,0.011330337757420648,0.0006771590328580769,0.0006771622808625542,0.0006771540781723025,0.0013221420188964715,0.001322148231573968,False,
256,39,left,228,663.3423797811147,663.3426780327966,0.05775142931805422,0.00540117957187092,0.058799616466456574,0.005497050738564296,0.011067191551924085,0.013908713831910622,-0.002841522279986537,0.011330472994702743,0.0006815220567518513,0.0006815254217575041,0.0006815170859528069,0.0013338212886022116,0.0013338277436815494,False,
256,39,left,229,663.3426780327966,663.3429762844784,0.05804282144713454,0.005464697088173831,0.059072462214614097,0.005561152748459306,0.011067136523951155,0.014056520032311337,-0.0029893835083601825,0.011330340328867594,0.0006858990073843254,0.0006859025088410708,0.0006858940263884388,0.0013455670871592423,0.001345573823865165,False,
256,39,left,230,663.3429762844784,663.3432745361603,0.05833433463563055,0.005528146065478267,0.059392362448856185,0.005626162404214985,0.011067081519579556,0.014208363420280286,-0.0031412819007007307,0.011329446159733105,0.0006902093432572525,0.0006902128952293277,0.0006902043487170125,0.0013572211537020435,0.001357228004314538,False,
256,39,left,231,663.3432745361603,663.3435727878422,0.05862808948450727,0.0055928172746864254,0.05969107835348337,0.005691926378326878,0.011067026532131452,0.014360909428778771,-0.003293882896647319,0.011329487356858643,0.0006946140405066279,0.0006946175845684064,0.0006946090253290455,0.0013690997703353174,0.0013691066201294596,False,
256,39,left,232,663.3435727878422,663.343871039524,0.058923034998449406,0.005658073815955376,0.05999100524245371,0.005758285553942948,0.01106697155562676,0.01451480994618736,-0.0034478383905606,0.011329535273567297,0.0006990327526586674,0.0006990362960651429,0.0006990277181716645,0.0013810454302342634,0.0013810522934493137,False,
256,39,left,233,663.343871039524,663.3441692912058,0.05921917456086663,0.005723919409242149,0.06029214655145347,0.005825243713316215,0.011066916586714605,0.01467007392101046,-0.0036031573342958545,0.011329478995094046,0.0007034655091091238,0.000703469063103439,0.0007034604574352809,0.0013930583035266673,0.0013930652023995981,False,
256,39,left,234,663.3441692912058,663.3444675428877,0.05951651153968672,0.0057903577799971835,0.06059102999940559,0.00589273182292794,0.011066861624779012,0.014826401466179128,-0.003759539841400116,0.011329454945320332,0.0007079123425159939,0.0007079159191868544,0.0007079072734264782,0.0014051385658468585,0.0014051455244492317,False,
256,39,left,235,663.3444675428877,663.3447657945695,0.05981271133678566,0.005855968005490188,0.06089570745586975,0.005959523624861716,0.011066806671871062,0.014981551592298454,-0.003914744920427393,0.011329502981599392,0.0007122002386331629,0.0007122038081450685,0.0007121951448453684,0.0014169421103025746,0.0014169490694998935,False,
256,39,left,236,663.3447657945695,663.3450640462514,0.06011243654855606,0.005923592169272827,0.061200494920211984,0.006028290478574658,0.011066751730910542,0.015140935114982573,-0.004074183384072032,0.01132944317638369,0.0007166749605373262,0.0007166785082077514,0.0007166698286115169,0.0014291561496822122,0.0014291630800754383,False,
256,39,left,237,663.3450640462514,663.3453622979333,0.06041336897248685,0.005991820162409879,0.06150651000268855,0.006097671347043807,0.011066696803528304,0.015301717744754206,-0.004235020941225903,0.011329491768574805,0.0007211638711655147,0.0007211673809617424,0.0007211586897818803,0.001441438124113496,0.0014414449934350602,False,
256,39,left,238,663.3453622979333,663.3456605496151,0.060715511913087286,0.0060606557160587035,0.061797211692288835,0.00616732109463353,0.011066641889739558,0.015462428493792542,-0.004395786604052984,0.011329785391014995,0.0007256670182778323,0.0007256704571234913,0.0007256617639619031,0.0014537882359920674,0.001453794977604938,False,
256,39,left,239,663.3456605496151,663.345958801297,0.061017504825276556,0.0061292704102774345,0.06212084763158761,0.006237443999573934,0.0110665869878485,0.015625659101723758,-0.004559072113875258,0.011330227095660419,0.0007300854060261231,0.0007300887592883411,0.0007300800719607871,0.0014660078079846482,0.0014660143918443882,False,
256,39,left,240,663.345958801297,663.3462570529789,0.06132206724136446,0.006199325995319657,0.06243055419769152,0.006308683085999349,0.011066532094654403,0.015790678348041595,-0.0047241462533871926,0.011330580338630438,0.0007346167732985485,0.0007346201144249853,0.0007346114090782676,0.0014784935454953867,0.0014785001185803497,False,
256,39,left,241,663.3462570529789,663.3465553046607,0.06162784931925465,0.006270000352887205,0.06274150100532272,0.006380551278863961,0.011066477206958452,0.015957132616234358,-0.004890655409275906,0.011330814356949631,0.0007391624758073656,0.0007391657728496483,0.000739157060823237,0.0014910479304276983,0.0014910544281403738,False,
256,39,left,242,663.3465553046607,663.3468535563426,0.061934853952959064,0.006341297242165866,0.06305369095760438,0.0064530524426486425,0.0110664223224481,0.01612503109519838,-0.005058608772750279,0.011330950868679772,0.0007437225393445796,0.0007437257693698168,0.0007437170594914934,0.0015036711174524593,0.0015036774929781003,False,
256,39,left,243,663.3468535563426,663.3471518080245,0.06224308399317777,0.0064132204480332085,0.06334534610886035,0.006525727761118511,0.011066367439795664,0.016292418984066224,-0.005226051544270561,0.011330968091517978,0.0007482969897352849,0.0007483001424594619,0.000748291437466106,0.001516363260207378,0.0015163694920455077,False,
256,39,left,244,663.3471518080245,663.3474500597063,0.06255246320963834,0.00648572581892614,0.06368172760765399,0.006599920260533036,0.011066312558718813,0.01646508992957952,-0.005398777370860708,0.011330438514302371,0.000752880226743035,0.0007528833803741586,0.000752874643842368,0.001529113084593117,0.0015291193308329082,False,
256,39,left,245,663.3474500597063,663.3477483113882,0.06286314972067572,0.006558911979257607,0.06399766076850327,0.006674342566164211,0.011066257679878023,0.01663737405953851,-0.005571116379660487,0.011330274918957176,0.0007574833334259711,0.0007574865411672943,0.0007574777518780547,0.0015419431727141041,0.0015419495416239813,False,
256,39,left,246,663.3477483113882,663.34804656307,0.06317506977684648,0.0066327357025374135,0.0643148479899401,0.006749413246526841,0.011066202804537345,0.016811139114030878,-0.005744936309493533,0.011330005446500032,0.0007621009082457456,0.0007621041787922519,0.000762095332238489,0.0015548426768138691,0.0015548491865930672,False,
256,39,left,247,663.34804656307,663.3483448147518,0.06348822604957828,0.006707200734056337,0.06463329197667898,0.006825136135866337,0.01106614793453153,0.01698639426204982,-0.005920246327518292,0.01132963007908943,0.0007667329858878514,0.0007667363259825304,0.0007667274151550991,0.001567811764242502,0.0015678184292203395,False,
256,39,left,248,663.3483448147518,663.3486430664337,0.06380262115071725,0.0067823108192489896,0.06495124619596863,0.006901477442470476,0.0110660930723426,0.01716298924292019,-0.006096896170577592,0.011328561574348034,0.0007713796011360002,0.0007713830155503301,0.0007713740309249379,0.0015808506015838905,0.001580857432143375,False,
256,39,left,249,663.3486430664337,663.3489413181155,0.06411697660917356,0.006857284278743243,0.06527265581122711,0.006977755001446551,0.011066038221119153,0.01733965509406608,-0.006273616872946928,0.011328279437693283,0.0007759520823271874,0.0007759555055847069,0.0007759464864289086,0.001593777154657356,0.0015937840169805144,False,
256,39,left,250,663.3489413181155,663.3492395697974,0.06443384708312204,0.006933689058591413,0.06559487591357614,0.007055450864253151,0.011065983384180559,0.01751942066229711,-0.006453437278116553,0.011328392738168231,0.0007806276271003756,0.0007806310694419679,0.0007806220023068135,0.0016069550667767167,0.0016069619819753514,False,
256,39,left,251,663.3492395697974,663.3495378214793,0.06475196361008621,0.007010750052829963,0.06591836312801436,0.007133814030946745,0.01106592856437778,0.01770071256473005,-0.006634784000352272,0.011328418335068131,0.0007853177975140442,0.0007853212686217271,0.0007853121457876241,0.0016202031870628368,0.0016202101752561245,False,
256,39,left,252,663.3495378214793,663.3498360731611,0.06507132851195749,0.007088470993534518,0.06622480743447978,0.007212453839564515,0.011065873763940364,0.017881863380324364,-0.006815989616384,0.011328342076773664,0.000790022625537581,0.0007900261337125139,0.0007900169510380873,0.0016335216721364745,0.0016335287507213956,False,
256,39,left,253,663.3498360731611,663.350134324843,0.06538921756101705,0.007165181748541484,0.0665663751006938,0.007290855096270588,0.011065818984365846,0.0180641662111612,-0.0069983472267953544,0.01132812336198185,0.0007945567866523576,0.0007945603241134783,0.000794551096353156,0.0016465265711237027,0.0016465337243255697,False,
256,39,left,254,663.350134324843,663.3504325765249,0.06571106699413999,0.007244221135381037,0.06689365874383361,0.007371229993128131,0.01106576422631316,0.018250062702301607,-0.007184298475988448,0.011328154939716173,0.0007992906178778019,0.0007992941447298441,0.000799284899215006,0.001659984558202102,0.0016599917033610064,False,
256,39,left,255,663.3504325765249,663.3507308282067,0.06603417137694033,0.007323931572570275,0.06722221859710815,0.007452287262008129,0.011065709489512642,0.01843752181419857,-0.00737181232468593,0.011328096713107649,0.0008040392095797118,0.0008040427240147523,0.0008040334588794705,0.0016735133850847076,0.0016735205183091703,False,
256,39,left,256,663.3507308282067,663.3510290798886,0.06635853283389208,0.0074043168017391475,0.06755205678561861,0.007534030843329021,0.011065654772798306,0.01862655301146948,-0.007560898238671174,0.01132826138132565,0.0008088025975501356,0.0008088060963985064,0.0008087968068570242,0.001687113212246481,0.0016871203267787656,False,
256,39,right,1,663.4270832587622,663.4273815104441,0.016229286570255543,6.557702953219633e-07,0.016573230649087105,5.236549637479851e-06,0.011054745090726441,0.0006499642189210984,0.010404780871805342,0.01131811930355287,0.0,0.0,0.0,,5e-324,True,5e-324
256,39,right,2,663.4267850070804,663.4270832587622,0.016326107947332986,4.4710194944928705e-06,0.01667168746234922,9.116051636513865e-06,0.011054768275255741,0.000661815703994221,0.01039295257126152,0.011317493589751336,1.88040582367523e-06,1.880402158978522e-06,1.880404039521642e-06,,1.8866081720378214e-06,True,1.8866100610534391e-06
256,39,right,3,663.4264867553985,663.4267850070804,0.01642352243264497,8.328445895563801e-06,0.016770747551651796,1.3038749457062594e-05,0.011054791599819638,0.0006737809057614796,0.010381010694058156,0.01131769098504654,3.768993936111357e-06,3.76898650449541e-06,3.7689890141325564e-06,,3.7939054459475253e-06,True,3.7939079813002764e-06
256,39,right,4,663.4261885037166,663.4264867553985,0.016521532726373495,1.2228745181223704e-05,0.016870413677412377,1.7005004532432468e-05,0.01105481494965688,0.0006858607015268842,0.010368954248129995,0.011317685339904284,5.6657909617123595e-06,5.665780323492826e-06,5.665783187770849e-06,,5.722062055318863e-06,True,5.72206496867511e-06
256,39,right,5,663.4258902520348,663.4261885037166,0.016620141529273647,1.6172619602640452e-05,0.01695978597302862,2.0812919536570924e-05,0.011054838279219301,0.000697215345441498,0.010357622933777802,0.011317488408670112,7.570823521981958e-06,7.570810555412985e-06,7.570812545768389e-06,,7.67124869678084e-06,True,7.671250750352361e-06
256,39,right,6,663.4255920003529,663.4258902520348,0.0167188755942734,1.9948194207082747e-05,0.01707109129318499,2.48548393543388e-05,0.01105486161085851,0.0007099028975062815,0.010344958713352228,0.011317324743351589,9.372089369156575e-06,9.372076328756539e-06,9.372080653968582e-06,,9.527748261220981e-06,True,9.527752715326514e-06
256,39,right,7,663.425293748671,663.4255920003529,0.01681868625165384,2.404548454344889e-05,0.017172588939629675,2.9021348641813877e-05,0.011054885001606788,0.0007224715859800634,0.010332413415626723,0.011317319765178586,1.1293428954093849e-05,1.1293416862271771e-05,1.1293422716681976e-05,,1.1518886288938596e-05,True,1.1518892342883293e-05
256,39,right,8,663.4249954969893,663.425293748671,0.016919103496828798,2.8209718010955563e-05,0.01727470368724612,3.325592473398104e-05,0.011054908492198675,0.0007352062896371355,0.010319702202561537,0.011317308238737396,1.3223084236085914e-05,1.3223073239909863e-05,1.3223079890534259e-05,,1.3531567009825449e-05,True,1.3531573928778688e-05
256,39,right,9,663.4246972453074,663.4249954969893,0.017020130033844696,3.244180688440159e-05,0.017368756244539475,3.739814420741591e-05,0.011054932099136308,0.0007474388538980183,0.010307493245238289,0.011317280755528325,1.5161081865269022e-05,1.5161071968679925e-05,1.5161079201018732e-05,,1.5565963871956822e-05,True,1.5565971446138623e-05
256,39,right,10,663.4243989936256,663.4246972453074,0.017121544871694625,3.663377250353129e-05,0.017480568462231505,4.1822343430912025e-05,0.011054955814541148,0.000760943424437032,0.010294012390104114,0.011317329598842511,1.7055775973276667e-05,1.705576748307974e-05,1.7055775027787202e-05,,1.7569024082281173e-05,True,1.7569032042769565e-05
256,39,right,11,663.4241007419437,663.4243989936256,0.017223796569163587,4.100344621048661e-05,0.01758454913416956,4.626587537625892e-05,0.011054979609858167,0.0007741867750652899,0.010280792834792876,0.011317322764633871,1.9010427700807096e-05,1.9010422298640036e-05,1.90104277418512e-05,,1.9647089414809382e-05,True,1.964709527474967e-05
256,39,right,12,663.4238024902618,663.4241007419437,0.017326665659163232,4.544376363073975e-05,0.0176891578269971,5.0781206345031035e-05,0.011055003463465664,0.0007876044314717039,0.010267399031993958,0.011317218659675552,2.0973501157672592e-05,2.0973498019059637e-05,2.097350249322085e-05,,2.1747393672679433e-05,True,2.1747398597259146e-05
256,39,right,13,663.42350423858,663.4238024902618,0.01743015484943897,4.995567786938992e-05,0.017794397310554377,5.536934591757324e-05,0.011055027380604895,0.0008011986285147715,0.010253828752090122,0.011317224918686098,2.294502303415092e-05,2.294502141633065e-05,2.294502576366096e-05,,2.387011371324128e-05,True,2.3870118577345314e-05
256,39,right,14,663.4232059868981,663.42350423858,0.01753426684823244,5.4540152457270295e-05,0.0178720033874561,5.950577299323511e-05,0.011055051394676817,0.0008127881919890292,0.010242263202687786,0.011317547837895564,2.492502000574928e-05,2.492501922882732e-05,2.4925024013870464e-05,,2.6015427140992092e-05,True,2.601543253843456e-05
256,39,right,15,663.4229077352162,663.4232059868981,0.017638964759967703,5.917874920187298e-05,0.01800673985890316,6.474823397467374e-05,0.011055075567239569,0.0008288827987382488,0.010226192768501318,0.011317768392657806,2.6904587132725998e-05,2.6904584985352526e-05,2.6904592700401872e-05,,2.817415758934513e-05,True,2.8174166138494623e-05
256,39,right,16,663.4226094835344,663.4229077352162,0.01774433023022024,6.391111923739775e-05,0.01811388808339279,6.95604300558915e-05,0.011055099978989739,0.0008430191340066187,0.010212080844983118,0.011317902391946381,2.8901597974559453e-05,2.8901592127533278e-05,2.890160497661386e-05,,3.0365142171609732e-05,True,3.0365156214313442e-05
256,39,right,17,663.4223112318525,663.4226094835344,0.01785032663136339,6.871900112205697e-05,0.01822167817792694,7.44493721301424e-05,0.011055124700988652,0.0008573407456466505,0.010197783955342,0.011317964066199676,3.090716323740683e-05,3.090715329800228e-05,3.090717094138489e-05,,3.2579256745352315e-05,True,3.257927596516945e-05
256,39,right,18,663.4220129801706,663.4223112318525,0.017956956672311696,7.360340107079461e-05,0.018330112895606925,7.941611195308477e-05,0.011055149785209235,0.0008718499589534064,0.010183299826255826,0.0113179751594399,3.292130933978355e-05,3.2921295016034475e-05,3.292131730398502e-05,,3.4816681769836183e-05,True,3.481670604813009e-05
256,39,right,19,663.4217147284888,663.4220129801706,0.018064223062193782,7.85653361153416e-05,0.018429980851512345,8.429030439681583e-05,0.011055175264247697,0.00088583686916436,0.010169338395083336,0.011317908799987664,3.494406267644369e-05,3.4944043792639894e-05,3.4944070752097e-05,,3.7077598456908694e-05,True,3.7077627861325245e-05
256,39,right,20,663.4214164768069,663.4217147284888,0.018171804400574084,8.344590029485586e-05,0.018548598411372113,8.942453688494967e-05,0.011055201151218415,0.0009010897939939727,0.010154111357224441,0.011317773819287589,3.690410672929995e-05,3.69040762237055e-05,3.690410739678037e-05,,3.9286233225934926e-05,True,3.9286267306908836e-05
256,39,right,21,663.421118225125,663.4214164768069,0.018280349329874594,8.856465522398278e-05,0.01865898085278408,9.462961482445958e-05,0.011055227439800383,0.000916172812729375,0.010139054627071006,0.01131757627708657,3.894400596678156e-05,3.894396335709464e-05,3.8943999298275757e-05,,4.159426401092418e-05,True,4.159430339903825e-05
256,39,right,22,663.4208199734433,663.421118225125,0.01838953871297472,9.376404976709385e-05,0.018770018867446708,9.991671109928301e-05,0.011055254104333067,0.0009314527689058534,0.010123801335427212,0.011317312681433182,4.09925895798663e-05,4.09925373600063e-05,4.099257735207242e-05,,4.392633307575001e-05,True,4.392637704335572e-05
256,39,right,23,663.4205217217614,663.4208199734433,0.018499375260076382,9.904514468204267e-05,0.01887133175501149,0.00010509371344854652,0.011055281099738863,0.0009461290416178158,0.010109152058121046,0.0113169777138243,4.3049884343794226e-05,4.304982476266877e-05,4.3049868008715e-05,,4.6282624659191054e-05,True,4.6282672385626765e-05
256,39,right,24,663.4202234700795,663.4205217217614,0.018609344873333006,0.0001041526955412028,0.018993547161787992,0.00011048062955804269,0.01105530836141408,0.0009620509893015841,0.010093257372112495,0.011316628222063203,4.5004371302461465e-05,4.500430724121043e-05,4.5004352552387394e-05,,4.8543008086016536e-05,True,4.8543058316196984e-05
256,39,right,25,663.4199252183977,663.4202234700795,0.01872048017623125,0.00010959825844367699,0.01910656465889174,0.00011601811143928673,0.011055335808917283,0.000977931448850622,0.01007740436006666,0.011316329504082642,4.7078925294376796e-05,4.7078859069382836e-05,4.707890487456526e-05,,5.094764295616479e-05,True,5.094769401527739e-05
256,39,right,26,663.4196269667158,663.4199252183977,0.018832270736272926,0.00011512875155886819,0.019220248897430528,0.00012164207144249677,0.011055363371347684,0.0009940187022548248,0.010061344669092857,0.011316379952672255,4.916226969401571e-05,4.916220287915865e-05,4.91622488092908e-05,,5.337705351076074e-05,True,5.3377105009186406e-05
256,39,right,27,663.4193287150339,663.4196269667158,0.018944719264793592,0.0001207452812073624,0.01933460256308003,0.00012735350173564177,0.01105539100448637,0.0010103149565894253,0.010045076047896943,0.011316364841921273,5.1254432313547944e-05,5.1254365127341205e-05,5.125441129072106e-05,,5.58314268358306e-05,True,5.5831478899991896e-05
256,39,right,28,663.4190304633521,663.4193287150339,0.019057828469817645,0.00012644896430825128,0.01942250871457602,0.0001326487469647831,0.011055418691853969,0.001024723940404399,0.010030694751449569,0.01131630642505057,5.3355439540887445e-05,5.33553722312695e-05,5.335541859170966e-05,,5.831095069822909e-05,True,5.831100329786106e-05
256,39,right,29,663.4187322116702,663.4190304633521,0.019171363733237173,0.00013212249552535594,0.01956508827857379,0.00013892294504633742,0.011055446444669107,0.0010432849302534077,0.010012161514415698,0.011316345896769265,5.5415358725301854e-05,5.5415290711033036e-05,5.5415337293682083e-05,,6.0761034208084976e-05,True,6.076108737802811e-05
256,39,right,30,663.4184339599884,663.4187322116702,0.019285800703803455,0.00013800288410091043,0.019681464741846896,0.0001449026765295482,0.01105547429162696,0.0010602212292139647,0.009995253062412992,0.011316334192523567,5.753402813631597e-05,5.753395907698826e-05,5.7534005761854374e-05,,6.32911270512662e-05,True,6.329118067084618e-05
256,39,right,31,663.4181357083065,663.4184339599884,0.019400906455389177,0.00014397383719358105,0.019798521524826196,0.00015097449031923216,0.011055502248545275,0.001077376707975275,0.009978125540569998,0.011316257197623941,5.966162057866057e-05,5.9661551070912396e-05,5.966159775158652e-05,,6.584693620222418e-05,True,6.584699016281287e-05
256,39,right,32,663.4178374566246,663.4181357083065,0.019516683694629243,0.00015003651809303092,0.019916261378065597,0.00015713964671236922,0.011055530309036896,0.0010947541380223315,0.009960776171014563,0.01131634298645098,6.179816274838585e-05,6.179809297355479e-05,6.179813960600199e-05,,6.842865211727366e-05,True,6.842870637825141e-05
256,39,right,33,663.4175392049428,663.4178374566246,0.01963313512689396,0.0001561921018108,0.020027162763975592,0.00016325926645316023,0.011055558444217512,0.001111773499004812,0.009943784945212699,0.011316714963354808,6.394368103234482e-05,6.394361103629565e-05,6.394365764202749e-05,,7.103646591837216e-05,True,7.103652051147943e-05
256,39,right,34,663.417240953261,663.4175392049428,0.019750197508091278,0.0001624086695125867,0.02015373505694821,0.00016972106564923917,0.011055586604567966,0.0011301127499385641,0.0099254738546294,0.011316716964534061,6.608466474142578e-05,6.608459734369476e-05,6.608464206581462e-05,,7.365548473113788e-05,True,7.36555375940709e-05
256,39,right,35,663.416942701579,663.417240953261,0.019868004964583238,0.00016875335483846411,0.02027353981333078,0.00017617292149197904,0.011055614752564835,0.001148170787366806,0.009907443965198028,0.011316491828638694,6.82481848349315e-05,6.82481195223311e-05,6.824816297691208e-05,,7.631599088846057e-05,True,7.631604270506819e-05
256,39,right,36,663.4166444498973,663.416942701579,0.019986494718651777,0.00017519453537575189,0.020394038591171986,0.00018272290125263637,0.011055642906509568,0.0011664613302677443,0.009889181576241822,0.011316415974170433,7.042075987509822e-05,7.042069550348325e-05,7.042073868704192e-05,,7.90031708517544e-05,True,7.900322273894802e-05
256,39,right,37,663.4163461982154,663.4166444498973,0.020105669472332548,0.00018173343360552334,0.020503146310815946,0.00018914725298318754,0.011055671146627246,0.0011840507283296365,0.009871620418297608,0.01131728764835251,7.260241604858935e-05,7.260235147976983e-05,7.260239535976933e-05,,8.171721840524554e-05,True,8.171727145853439e-05
256,39,right,38,663.4160479465335,663.4163461982154,0.020225144957704933,0.00018817613921193996,0.020636736596227306,0.00019592406547264734,0.011055699615416194,0.0012033235356557425,0.00985237607976045,0.011317864543602124,7.471537165361184e-05,7.471530608339133e-05,7.471535196275554e-05,,8.437046568489057e-05,True,8.437052138583516e-05
256,39,right,39,663.4157496948517,663.4160479465335,0.020345694965283965,0.0001949125364097298,0.020759331207562175,0.00020277418803130054,0.01105572850404419,0.0012223243956910792,0.00983340410835311,0.01131808417605862,7.691509977500642e-05,7.69150321262967e-05,7.691508283331798e-05,,8.713835435821469e-05,True,8.713841593976502e-05
256,39,right,40,663.4154514431698,663.4157496948517,0.02046693804891833,0.00020175037604827108,0.020882630814763204,0.00020972748045351196,0.011055757965815306,0.0012415688780219934,0.00981418908779331,0.011318088872064862,7.912398688654871e-05,7.912391708425016e-05,7.91239716997379e-05,,8.993369433406542e-05,True,8.993376079805065e-05
256,39,right,41,663.4151531914879,663.4154514431698,0.02058887690760395,0.00020869092934541398,0.021006638082337378,0.0002167852132447597,0.011055788061352868,0.0012610597810472563,0.00979472828030561,0.011317745959220717,8.134205904656718e-05,8.134198735359902e-05,8.134204466528298e-05,,9.2756682283858e-05,True,9.275675228831101e-05
256,39,right,42,663.4148549398061,663.4151531914879,0.020711514238025627,0.00021573547925619627,0.02110591140353509,0.000223474306224209,0.01105581875543782,0.0012788261314031241,0.009776992624034694,0.011317030358529215,8.356934229413371e-05,8.356926884517882e-05,8.35693277994513e-05,,9.560751497674135e-05,True,9.560758734794766e-05
256,39,right,43,663.4145566881242,663.4148549398061,0.020834278623931588,0.0002225942093288949,0.02125620301023418,0.0002309231004619781,0.011055849917170445,0.00130015358552578,0.009755696331644663,0.011316302165774584,8.56933856304987e-05,8.569331143718731e-05,8.569337078346069e-05,,9.835729178907903e-05,True,9.835736510844874e-05
256,39,right,44,663.4142584364423,663.4145566881242,0.020958316717117353,0.00022984817526171765,0.021382345901048507,0.000238299534525385,0.011055881354322604,0.0013203957213912142,0.009735485632931388,0.011315918170551475,8.793892441529553e-05,8.793884904681098e-05,8.793890875791618e-05,,0.00010126370496128628,True,0.00010126377921793404
256,39,right,45,663.4139601847605,663.4142584364423,0.02108306132853321,0.0002372100407945642,0.02150920751989336,0.00024578582361132383,0.011055912908485654,0.0013408961961235662,0.009715016712362086,0.011316073804204161,9.019375194505824e-05,9.019367544055593e-05,9.01937353966225e-05,,0.00010419855385087295,True,0.00010419862891943523
256,39,right,46,663.4136619330786,663.4139601847605,0.02120851515170412,0.0002446811389871541,0.021636790644654427,0.00025338313585552413,0.011055944482350073,0.0013616576066937205,0.009694286875656351,0.011316086029279002,9.245789440348377e-05,9.245781673551594e-05,9.24578768562355e-05,,0.00010716203798684096,True,0.00010716211378618919
256,39,right,47,663.4133636813968,663.4136619330786,0.021334680878969173,0.0002522628147141058,0.02175926515738997,0.00026098402731066894,0.011055976040479464,0.0013822300601332368,0.009673745980346225,0.011315897732803497,9.473137798553392e-05,9.473129897798359e-05,9.473135881690227e-05,,0.00011015435743590668,True,0.00011015443345820721
256,39,right,48,663.413065429715,663.4133636813968,0.021461309903051274,0.00025982833239029756,0.02189387692464091,0.0002687861465322411,0.01105600760741917,0.0014036944723595645,0.009652313135059603,0.011315770680195753,9.696627388124196e-05,9.696619363095736e-05,9.69662528833541e-05,,0.00011311976955145679,True,0.00011311984544601524
256,39,right,49,663.412767178033,663.413065429715,0.02158890562612633,0.00026763415818240505,0.02202363864614429,0.00027672387821836076,0.011056039233955832,0.0014252548701847163,0.009630784363771114,0.011315799446570633,9.925841353746088e-05,9.925833164504625e-05,9.925838981376291e-05,,0.00011617005844271099,True,0.00011617013363706782
256,39,right,50,663.4124689263513,663.412767178033,0.0217172213028251,0.0002755546631179492,0.022154132661559068,0.00028477823043096746,0.011056070954604497,0.0014470885121550224,0.009608982442449473,0.011315818967958635,0.00010155997162428937,0.00010155988789771119,0.00010155994487874165,,0.00011924978424129107,True,0.00011924985861595782
256,39,right,51,663.4121706746694,663.4124689263513,0.021846259619700922,0.000283591243048919,0.022271565626098538,0.00029269313299914366,0.011056102782322164,0.00146812646685332,0.009587976315468842,0.011315882517559502,0.00010387097391621142,0.00010387088821168409,0.00010387094401369707,,0.00012235914915481464,True,0.00012235922272200737
256,39,right,52,663.4118724229875,663.4121706746694,0.0219759254112642,0.00029169522791944305,0.02241722963488796,0.00030119160080741957,0.011056134708389311,0.0014914782728835728,0.009564656435505737,0.01131596719294463,0.0001061731659765192,0.00010617307893412257,0.00010617313296057398,,0.00012547675304911435,True,0.00012547682510455308
256,39,right,53,663.4115741713057,663.4118724229875,0.022106416339228933,0.0002999677741733691,0.022549936298743876,0.00030960393980229527,0.011056166706782193,0.0015141495485935384,0.009542017158188653,0.011315985158984868,0.00010850309505987017,0.00010850300875224893,0.00010850305860828045,,0.00012864589234718176,True,0.00012864596005034295
256,39,right,54,663.4112759196238,663.4115741713057,0.022237637952046262,0.0003083606550247674,0.02268338620694211,0.0003181386185723921,0.011056198760043073,0.0015371066590865944,0.009519092100956477,0.011315922275771695,0.00011084254539362799,0.00011084245943807508,0.00011084250548322968,,0.00013184527962533483,True,0.00013184534338304144
256,39,right,55,663.4109776679419,663.4112759196238,0.022369592931121247,0.00031687531737052444,0.022817582056115202,0.00032679718752091913,0.01105623087461406,0.001560353004853838,0.00949587786976022,0.01131604115077641,0.0001131915426624007,0.00011319145660424487,0.00011319149928604787,,0.00013507511913337462,True,0.0001350751794616267
256,39,right,56,663.4106794162601,663.4109776679419,0.022502283956595273,0.0003255132210435088,0.022928758029541325,0.0003351372368602526,0.01105626308165667,0.001582042980047873,0.009474220101608795,0.011316617298510172,0.00011555011252094816,0.00011555002582896595,0.00011555006568191222,,0.00013833561563545812,True,0.00013833567315971955
256,39,right,57,663.4103811645782,663.4106794162601,0.022635242071923394,0.0003340333007774496,0.023087743869424728,0.00034424536735252234,0.011056295436976423,0.0016071943717615746,0.009449101065214847,0.011316894126038092,0.00011783250584462653,0.00011783242081611177,0.00011783245683335238,,0.00014152395716765612,True,0.0001415240106612008
256,39,right,58,663.4100829128963,663.4103811645782,0.02276940966753764,0.0003429200601947312,0.02322418996425348,0.0003532823613053639,0.011056328011327143,0.0016313233484250309,0.00942500466290211,0.011317103166142388,0.00012021011313651198,0.00012021003151112825,0.00012021006232298114,,0.00014484583533594077,True,0.0001448458831382645
256,39,right,59,663.4097846612145,663.4100829128963,0.022904321309741925,0.00035193450009494216,0.023361392750686116,0.0003624491964467311,0.01105636086538686,0.0016557546509715442,0.009400606214415314,0.01131724528493627,0.0001225973687567576,0.00012259729059653103,0.00012259731640108494,,0.0001481989853563348,True,0.00014819902767921255
256,39,right,60,663.4094864095326,663.4097846612145,0.023039979674119904,0.00036107813231474697,0.023499354951262,0.0003717474166264318,0.011056394043049166,0.00168049167422879,0.009375902368820374,0.0113173208034047,0.00012499429833510834,0.00012499422360893618,0.00012499424451923132,,0.00015158361408878322,True,0.00015158365104342517
256,39,right,61,663.4091881578507,663.4094864095326,0.023176387435119267,0.0003703524818224873,0.02363394196533578,0.00038110129426781753,0.011056427571228059,0.00170521573574365,0.009351211835484407,0.011317589417912109,0.00012740092747703485,0.00012740085604802257,0.00012740087209468264,,0.00015499992886868486,True,0.0001549999604675523
256,39,right,62,663.408889906169,663.4091881578507,0.023312907830485178,0.0003794287449983682,0.023776920024877617,0.00039040841336761235,0.011056461459754316,0.0017301717343469292,0.009326289725407385,0.011317564360589661,0.00012970411072423768,0.00012970403292915543,0.00012970404787990449,,0.00015830999533277148,True,0.0001583100261391635
256,39,right,63,663.408591654487,663.408889906169,0.023450817544803174,0.0003889663477941475,0.023917171851138973,0.00040010727372699763,0.011056495701485968,0.001755840272101307,0.00930065542938466,0.011317453896557871,0.00013212998215563968,0.00013212989799760218,0.00013212991169896023,,0.000161789564752397,True,0.00016178959459427938
256,39,right,64,663.4082934028052,663.408591654487,0.023589484625477344,0.0003986392984495229,0.024058193962304773,0.0004099437433699497,0.011056530272440128,0.0017818282266916078,0.009274702045748519,0.011317270180064572,0.00013456562735330695,0.0001345655385874746,0.0001345655507213592,,0.00016530144181289307,True,0.00016530147030358107
256,39,right,65,663.4079951511234,663.4082934028052,0.023728911741669127,0.00040844917495590926,0.024184480266450877,0.00041962925455209726,0.011056565131702953,0.0018069299694305342,0.009249635162272417,0.011317018696241441,0.00013701107140257163,0.00013701098017306093,0.00013701099031149282,,0.000168845835819923,True,0.00016884586243350557
256,39,right,66,663.4076968994415,663.4079951511234,0.02386884179282233,0.00041826289801739534,0.02434229699304863,0.00042989896330781043,0.011056600221344371,0.0018344808553941241,0.009222119365950245,0.01131681617228433,0.00013942135921411072,0.00013942126508292973,0.0001394212733741179,,0.0001723673436309093,True,0.0001723673685438751
256,39,right,67,663.4073986477597,663.4076968994415,0.02400979501683065,0.00042835026922357126,0.024485644202615765,0.00044015674570289096,0.011056635470668139,0.0018614457628948196,0.009195189707773317,0.011316633907288029,0.00014188639188315584,0.00014188628850192575,0.00014188629593633422,,0.00017597710333992517,True,0.0001759771277842716
256,39,right,68,663.4071003960778,663.4073986477597,0.024151516259254602,0.000438579370567936,0.024629772578370113,0.00045055870466861864,0.01105667081951824,0.001888744527402588,0.009167926292115651,0.011316715162649232,0.000144361298226182,0.000144361188801565,0.00014436119490049878,,0.00017962000893735175,True,0.00017962003232407283
256,39,right,69,663.4068021443959,663.4071003960778,0.024294008189261373,0.0004489518336289654,0.02477468475532403,0.0004611064153524461,0.011056706231222397,0.0019163806208839149,0.00914032561033848,0.011316728038165325,0.00014684610536300544,0.00014684599114684114,0.00014684599572465658,,0.00018329627122611354,True,0.00018329629332622158
256,39,right,70,663.4065038927141,663.4068021443959,0.024437273472139146,0.0004594693031786687,0.024898290776675165,0.0004713878440550368,0.011056741693247687,0.0019426330814930305,0.009114108611754655,0.011316702401584788,0.00014934083892491476,0.00014934072066283464,0.00014934072370007532,,0.00018700610140807186,True,0.00018700612219850376
256,39,right,71,663.4062056410322,663.4065038927141,0.024581174523849062,0.00047006042667161255,0.025066729082230014,0.00048257168841098024,0.011056777217080196,0.0019725195137675284,0.009084257703312665,0.011316773811781469,0.00015182189765102343,0.00015182177877596105,0.00015182177848227312,,0.00019072003479952927,True,0.00019072005202979428
256,39,right,72,663.4059073893503,663.4062056410322,0.024725993433253678,0.0004808722798219718,0.025214007920653366,0.0004935662443800875,0.011056812827465004,0.0020011886970971752,0.009055624130367828,0.011316788411730717,0.00015433650929700933,0.0001543363903246397,0.00015433638658708153,,0.00019449748135447393,True,0.00019449749487211753
256,39,right,73,663.4056091376685,663.4059073893503,0.02487159367360732,0.0004918341479072895,0.02536208149715886,0.0005047133228205211,0.011056848536538842,0.002030210108193005,0.009026638428345836,0.011316712529250738,0.00015686112370521258,0.00015686100314829163,0.0001568609972575965,,0.00019830912982036995,True,0.00019830914124360853
256,39,right,74,663.4053108859866,663.4056091376685,0.02501797790735696,0.0005029477296827437,0.02551095252869113,0.0005160147366085131,0.011056884337336224,0.002059587726432931,0.008997296610903292,0.011316862997223074,0.00015939576583562826,0.0001593956425207329,0.00015939563548210861,,0.00020215519328848554,True,0.00020215520388905227
256,39,right,75,663.4050126343047,663.4053108859866,0.025165148796490917,0.000514214737469508,0.02565818364959781,0.0005274265247961402,0.01105692020358997,0.0020891347116991036,0.008967785491890866,0.011317407643824677,0.0001619404606097306,0.00016194033369522088,0.00016194032621414235,,0.0002060358852358759,True,0.00020603589591631553
256,39,right,76,663.404714382623,663.4050126343047,0.025312533883524568,0.0005253363057582469,0.02581051468363624,0.0005387817638965068,0.011056956092096362,0.0021187665204853608,0.008938189571610999,0.011317428187385578,0.00016440099818995944,0.00016440088902282748,0.00016440086226351134,,0.0002098311719959609,True,0.00020983115871408935
256,39,right,77,663.4044161309411,663.404714382623,0.02546128167856757,0.000536912817473643,0.025961789722646393,0.0005505537901735423,0.011056991973958109,0.002149229601548686,0.00890776237240942,0.011317211541966665,0.00016696567007083677,0.00016696557640888195,0.000166965531125501,,0.00021378114667068248,True,0.00021378111026183823
256,39,right,78,663.4041178792592,663.4044161309411,0.025610824060373977,0.000548647945924312,0.02611387278478227,0.0005624872469971614,0.011057027869146804,0.0021800644880665796,0.008876963381080223,0.011317352370957238,0.00016954046859105553,0.00016954038726315905,0.00016954032581704642,,0.00021776638507994147,True,0.00021776632844098067
256,39,right,79,663.4038196275774,663.4041178792592,0.02576116368564554,0.0005605434569250093,0.026249540475473433,0.0005742610014295639,0.011057063850405491,0.0022099274538418144,0.008847136396563674,0.011318771898334232,0.00017212541874246144,0.00017212534572578166,0.00017212527144711497,,0.0002217871007823222,True,0.0002217870280873094
256,39,right,80,663.4035213758955,663.4038196275774,0.025911603945050595,0.0005722345770984943,0.02641976399925225,0.0005864733029595064,0.011057100043536569,0.0022420610879937664,0.0088150389555428,0.011319456053351584,0.0001746085226946799,0.00017460845630030733,0.00017460837500179018,,0.0002256987112221932,True,0.00022569862987992925
256,39,right,81,663.4032231242136,663.4035213758955,0.02606354067286422,0.0005844531460102727,0.026574281162395633,0.0005988986947774604,0.011057136612208756,0.0022740282684428144,0.00878310834376594,0.011319760403642033,0.00017721361694251003,0.00017721356212021253,0.00017721347792853262,,0.00022979028017004312,True,0.00022979019550512569
256,39,right,82,663.4029248725318,663.4032231242136,0.026216282567095173,0.0005968374462688256,0.026729617021268318,0.0006114926539145641,0.011057173680599752,0.002306382968275545,0.008750790712324206,0.01131977450561056,0.00017982893593421613,0.00017982888783761488,0.0001798288035484144,,0.00023391796624285842,True,0.00023391788188481912
256,39,right,83,663.4026266208499,663.4029248725318,0.02636983230039358,0.000609389301318077,0.026885774325231947,0.0006242569483326383,0.011057211293228687,0.0023391290915467026,0.008718082201681982,0.01131944489157006,0.00018245450407690503,0.00018245446155711902,0.00018245437586692807,,0.00023808198953306883,True,0.00023808190379733798
256,39,right,84,663.4023283691681,663.4026266208499,0.026524192535757867,0.0006221105450640378,0.02702234187816141,0.0006368097768010878,0.011057249412963356,0.0023706700603052543,0.0086865793526581,0.01131872691831494,0.00018509034574038725,0.00018509030888238655,0.00018509021883432895,,0.00024228256724449229,True,0.0002422824762661868
256,39,right,85,663.4020301174862,663.4023283691681,0.026679094086428594,0.0006348600313346317,0.027200289177186733,0.0006501582523732362,0.011057287921476082,0.0024054971430215906,0.00865179077845449,0.011318131688343126,0.00018769415401638466,0.00018769411181157426,0.00018769402881037403,,0.00024646431481165884,True,0.000246464233541237
256,39,right,86,663.4017318658043,663.4020301174862,0.0268350812186208,0.0006479244344668332,0.027358925595342636,0.0006634433421423213,0.011057326654598602,0.0024394391892657522,0.008617887465332848,0.01131783545641978,0.00019035054275799802,0.00019035049037509537,0.00019035041626067143,,0.0002507383572662253,True,0.000250738288208005
256,39,right,87,663.4014336141225,663.4017318658043,0.026991886825525002,0.0006611638045147564,0.02751839448025547,0.0006769063997989525,0.01105736548174315,0.0024737894740441643,0.008583576007698985,0.011318028350972243,0.0001930172782777584,0.00019301721825214208,0.00019301714811777046,,0.00025504960515842405,True,0.0002550495419183413
256,39,right,88,663.4011353624406,663.4014336141225,0.0271495135689273,0.0006745800352951977,0.027678698480078145,0.0006905492184882231,0.011057404324466698,0.0025085519622644035,0.008548852362202293,0.011318041749879071,0.00019569438511184945,0.00019569431978112552,0.00019569425132052694,,0.0002593982752928676,True,0.0002593982148628792
256,39,right,89,663.4008371107587,663.4011353624406,0.02730796411159014,0.0006881750310070465,0.027839100016881283,0.0007043598512540088,0.011057443157025717,0.0025436728760672876,0.008513770280958429,0.011317829442155303,0.000198381887758882,0.00019838181925521583,0.00019838175115680228,,0.00026378458469451316,True,0.0002637845253606309
256,39,right,90,663.400538859077,663.4008371107587,0.027467047008018126,0.0007018482358266951,0.028001625729938747,0.0007182779629985465,0.01105748200393021,0.0025791059638915655,0.008478376040038644,0.011317677906842988,0.00020105042824289092,0.0002010503527523973,0.00020105028056116776,,0.00026816955140217426,True,0.00026816948723683704
256,39,right,91,663.4002406073951,663.400538859077,0.027627151647187542,0.0007158056579811508,0.02816444960151138,0.0007324712559341849,0.011057520907934862,0.002615129697433507,0.008442391210501353,0.011317738614409802,0.0002037587417010719,0.00020375866060487404,0.00020375858538052198,,0.0002726315881487809,True,0.00027263152055710487
256,39,right,92,663.3999423557132,663.4002406073951,0.027788088071882,0.0007299476318438247,0.02832811939602008,0.0007468522191901033,0.011057559896835023,0.0026515830579392882,0.008405976838895733,0.011317752019005792,0.0002064775253516566,0.00020647743904276254,0.00020647736175632032,,0.0002771319157678056,True,0.00027713184604477895
256,39,right,93,663.3996441040314,663.3999423557132,0.02794985895338574,0.000744276114924456,0.028473689541149705,0.0007610659909372241,0.011057598980195689,0.002686980277208398,0.008370618702987288,0.011317861551841862,0.00020920680394623915,0.00020920671263389932,0.00020920663383428237,,0.000281670752682635,True,0.00028167068156728257
256,39,right,94,663.3993458523495,663.3996441040314,0.0281117794724448,0.0007584292716247179,0.028657309391031723,0.0007758152084569221,0.011057638149258432,0.0027249963754448605,0.008332641773813569,0.011317958521030385,0.00021184486528267698,0.0002118447741034583,0.00021184469059522615,,0.0002861109217142794,True,0.00028611084487839366
256,39,right,95,663.3990476006676,663.3993458523495,0.02827522191314316,0.0007731336209432933,0.028823528010789898,0.0007907680029205325,0.011057677381701499,0.002762758168960017,0.00829491921274148,0.011317980157609604,0.000214594988848465,0.00021459490381544802,0.00021459480884004006,,0.0002907267244021509,True,0.00029072663268438025
256,39,right,96,663.3987493489858,663.3990476006676,0.028439506782932087,0.0007880304062943028,0.028990603396034712,0.0008059164588914419,0.011057716664261986,0.002800967223431071,0.008256749440830912,0.011317899477038618,0.00021735568059798175,0.00021735560006472496,0.00021735549439988222,,0.00029538168736808974,True,0.00029538158174648946
256,39,right,97,663.3984510973039,663.3987493489858,0.028604636757199202,0.0008031216398130355,0.02915853819712856,0.0008212627547725361,0.01105775600371861,0.0028396283285107337,0.008218127675207876,0.0113180839250018,0.00022012696458482275,0.00022012688659453744,0.0002201267717013463,,0.0003000760287906082,True,0.00030007591118453604
256,39,right,98,663.398152845622,663.3984510973039,0.028770614513984924,0.0008184093473422309,0.02930860187252842,0.0008364556964232898,0.011057795427393647,0.002877270136710723,0.008180525290682921,0.01131879188555879,0.00022290886483005662,0.0002229087871160869,0.00022290866513993606,,0.00030480996699486614,True,0.00030480984027791085
256,39,right,99,663.3978545939402,663.398152845622,0.02893666288059537,0.0008334816496603727,0.02949620500585091,0.000852136286184653,0.011057834983000189,0.002917414638095384,0.008140420344904803,0.011319118181803667,0.00022558925331420368,0.00022558918499169308,0.00022558905211337245,,0.00030942990293004134,True,0.0003094297618012762
256,39,right,100,663.3975563422583,663.3978545939402,0.02910433819578682,0.0008491649759511648,0.029666727734375755,0.000868084877094949,0.01105787472898376,0.0029574513546962167,0.008100423374287541,0.011319364164435679,0.00022839222082132832,0.00022839216717130903,0.0002283920200996257,,0.0003142429157546247,True,0.00031424275563171617
256,39,right,101,663.3972580905765,663.3975563422583,0.02927286929599402,0.0008650509044682728,0.029838120567692118,0.0008842395283758739,0.011057914714277698,0.0029979582757382597,0.008059956438539436,0.011319530480398568,0.00023120587445356108,0.00023120583459650313,0.00023120567481145919,,0.00031909617886118053,True,0.0003190960016846516
256,39,right,102,663.3969598388946,663.3972580905765,0.029442258875677283,0.0008811415144778796,0.03000942264155219,0.0009005841361133999,0.011057954973872988,0.003038863982522183,0.008019090991350803,0.011319588089049194,0.00023403023871212866,0.000234030211318996,0.00023403003981644033,,0.00032398991171732214,True,0.00032398971877623027
256,39,right,103,663.3966615872127,663.3969598388946,0.029612233677633285,0.0008972921023974768,0.03018324921132406,0.0009170262991828557,0.01105799552867757,0.003080078738703521,0.007977916789974048,0.011319972545171973,0.0002368265577398929,0.0002368265403048917,0.00023682635834526897,,0.0003288704803721652,True,0.0003288702733281777
256,39,right,104,663.396363335531,663.3966615872127,0.02978334628061687,0.0009137972021343135,0.030357266743206344,0.0009338106114046995,0.01105803638542489,0.0031220216842659547,0.007936014701158933,0.011319910095180227,0.00023967237541347225,0.00023967233716543543,0.0002396721568952913,,0.00033384554779475475,True,0.0003338453435039614
256,39,right,105,663.3960650838491,663.396363335531,0.029955325443068857,0.0009305132948134761,0.03053216548763676,0.0009508094489510644,0.011058077536847743,0.00316445356064079,0.007893623976206951,0.011319775768615552,0.00024252897244053578,0.00024252891484275466,0.00024252873663681965,,0.0003388617424567717,True,0.0003388615414760927
256,39,right,106,663.3957668321672,663.3960650838491,0.03012817388291254,0.0009474425180412623,0.030707948204068983,0.0009680249494621913,0.011058118961834321,0.0032073791009921107,0.007850739860842209,0.011319552794564201,0.00024539637128481284,0.0002453962993049763,0.00024539612149328456,,0.00034391928704736405,True,0.0003439190870731411
256,39,right,107,663.3954685804854,663.3957668321672,0.030301894315878448,0.0009645870210497568,0.030863941827093233,0.0009850680783407703,0.011058160625336084,0.0032491677373981814,0.007808992887937902,0.011319252301229316,0.000248274594369399,0.00024827451503457433,0.00024827433536541327,,0.00034901840231243883,True,0.0003490182002019483
256,39,right,108,663.3951703288035,663.3954685804854,0.03047623253992,0.0009818119249285304,0.031061916961781934,0.0010029752749915696,0.011058202478303587,0.003294428833443004,0.007763773644860582,0.011319017368355867,0.00025112859448203146,0.0002511285022148976,0.000251128322262523,,0.0003541098376410869,True,0.00035410963561046717
256,39,right,109,663.3948720771216,663.3951703288035,0.030651703181690193,0.0009993923637443402,0.031240366291192524,0.0010208527444568317,0.011058244462184025,0.0033388619238943432,0.007719382538289681,0.011318844343310274,0.00025402849832437683,0.000254028380431948,0.00025402820297749435,,0.0003592925019337897,True,0.0003592923039410334
256,39,right,110,663.3945738254398,663.3948720771216,0.030828053982114127,0.0010171946037494633,0.03141971074274669,0.0010389557892393256,0.011058286528813549,0.003383808401278496,0.007674478127535052,0.01131893405586132,0.00025693929537197875,0.0002569391624911064,0.00025693898477047676,,0.0003645173976465477,True,0.0003645171998117759
256,39,right,111,663.3942755737579,663.3945738254398,0.031005287692020184,0.0010352208505765342,0.03159995303293943,0.0010572865852433784,0.011058328649441852,0.0034292730917261337,0.007629055557715717,0.011318947226141856,0.00025986101527647606,0.00025986087193058426,0.0002598606927221311,,0.0003697847445557871,True,0.00036978454515851946
256,39,right,112,663.393977322076,663.3942755737579,0.03118340706010074,0.0010534733215716197,0.03176404477605573,0.001075524234289042,0.011058370815147926,0.003473909377755838,0.007584461437392088,0.011318930974499736,0.00026279368349801577,0.0002627935322686946,0.0002627933511522306,,0.00037509476246569645,True,0.00037509456091376685
256,39,right,113,663.3936790703942,663.393977322076,0.031361577864838786,0.001071506717022942,0.03196229161142774,0.0010941855881157806,0.011058413036627553,0.0035207921141872274,0.007537620922440325,0.011319012431386031,0.0002656262962829618,0.0002656261476100484,0.00026562595943954037,,0.0003802887281707328,True,0.00038028851707645544
256,39,right,114,663.3933808187123,663.3936790703942,0.031541470175544685,0.0010902145692850468,0.03214523759332217,0.0011132095780412173,0.011058455333767318,0.0035678335707669847,0.007490621763000332,0.011319024506722477,0.0002685806948139029,0.00026858054739429713,0.00026858035300987505,,0.00038568393145610067,True,0.0003856837120094975
256,39,right,115,663.3930825670304,663.3933808187123,0.0317222563669928,0.001109155344354309,0.03232909273556989,0.0011324703861327722,0.011058497715242544,0.003615413348793302,0.007443084366449242,0.011318932124148643,0.00027154611597396237,0.0002715459661621456,0.0002715457685998195,,0.00039112245907016945,True,0.0003911222356111331
256,39,right,116,663.3927843153486,663.3930825670304,0.031903939217841244,0.0011283313123271691,0.03251118785744177,0.001151919677098029,0.011058540174335168,0.0036633245168391873,0.0073952156574959805,0.011319101956269617,0.00027452258301364943,0.00027452242815007277,0.000274522229611418,,0.0003966045319514532,True,0.00039660430765418625
256,39,right,117,663.3924860636668,663.3927843153486,0.03208566985594227,0.0011472885336642218,0.03269867802025017,0.0011712481229025748,0.011058582688779853,0.0037112042453554886,0.007347378443424364,0.011319787895504734,0.0002773997371614775,0.0002773995775237895,0.00027739937871496483,,0.00040197042300031487,True,0.00040197019887573264
256,39,right,118,663.3921878119849,663.3924860636668,0.03226914789704814,0.0011669379996234843,0.032885271051344256,0.0011912294955060375,0.011058625223484895,0.0037604215483649874,0.007298203675119907,0.011319793225770555,0.00028039813164911545,0.0002803980131386603,0.00028039777102516086,,0.000407539497767316,True,0.0004075392113124978
256,39,right,119,663.3918895603031,663.3921878119849,0.032453530902905536,0.0011868295049529884,0.0330727843649733,0.0012114569409610951,0.011058667758004286,0.0038101977182701603,0.007248470039734125,0.011319509465443071,0.00028340764078941936,0.00028340755828379306,0.0002834072759996179,,0.00041315276903791545,True,0.0004131524244654233
256,39,right,120,663.3915913086212,663.3918895603031,0.032638821675919416,0.0012069653714773577,0.033261220607224896,0.0012319331390918723,0.011058710311629083,0.003860538660306352,0.007198171651322731,0.011319779834529739,0.0002864282884801699,0.0002864282346057234,0.00028642791777029744,,0.00041881045390501523,True,0.00041881005910201493
256,39,right,121,663.3912930569394,663.3915913086212,0.03282502302828553,0.0012273479343424978,0.033428173330095096,0.0012522344781239771,0.011058752945720377,0.003909665954538737,0.007149086991181639,0.011321462130705293,0.0002894600985986035,0.00028946006368311695,0.000289459720469382,,0.00042451276929777185,True,0.0004245123359692689
256,39,right,122,663.3909948052575,663.3912930569394,0.033011856496137824,0.0012478285514073485,0.03364058863659476,0.0012734881851306208,0.011058795763902991,0.003962604187839887,0.007096191576063103,0.011322216869604473,0.0002924676728674903,0.0002924676568207203,0.0002924672995867941,,0.0004302078450194656,True,0.000430207391124414
256,39,right,123,663.3906965535756,663.3909948052575,0.03319988558186723,0.0012687105205244572,0.03383180792158124,0.0012947237296586141,0.011058838896610397,0.004014668546929215,0.0070441703496811805,0.01132252916736082,0.00029552182273896174,0.00029552183154808086,0.0002955214729822981,,0.0004359998799443387,True,0.0004359994241077032
256,39,right,124,663.3903983018938,663.3906965535756,0.033388833747417974,0.0012898462495905371,0.034023961560857144,0.0013162173599583717,0.011058882437492153,0.00406731845995812,0.006991563977534032,0.011322521751348276,0.0002985872038103593,0.0002985872265720837,0.00029858687276195623,,0.00044183719940864676,True,0.000441836750645841
256,39,right,125,663.3901000502119,663.3903983018938,0.03357870390285071,0.0013112381327716454,0.03421705262771758,0.0013379713417282087,0.011058926416398386,0.004120558999389074,0.006938367417009312,0.01132209881957186,0.0003016638387723298,0.00030166387271869313,0.0003016635204447911,,0.0004477200337431831,True,0.0004477195873368494
256,39,right,126,663.38980179853,663.3901000502119,0.03376949894132195,0.0013328885696269478,0.03439571949230856,0.001359694966227624,0.011058970798120068,0.004173168452509948,0.006885802345610119,0.011321238359091849,0.00030475175029584485,0.0003047517955991328,0.0003047514374883841,,0.0004536486055638235,True,0.00045364815057140654
256,39,right,127,663.3895035468482,663.38980179853,0.03396088157727236,0.0013546170592919839,0.03460571488651029,0.0013820836513956528,0.011059015483142315,0.004228429521802161,0.006830585961340153,0.01132056949765064,0.0003078093805363401,0.00030780941002479415,0.00030780907615863054,,0.0004595610122969177,True,0.00045956059358818335
256,39,right,128,663.3892052951663,663.3895035468482,0.034153532467999806,0.0013767904706211145,0.034801634233271865,0.0014046316771865633,0.011059060340931615,0.004283471013193296,0.0067755893277383185,0.01132034803154705,0.00031091986281856784,0.0003109198715155894,0.00031091955852630105,,0.0004655814051972844,True,0.00046558101797651916
256,39,right,129,663.3889070434844,663.3892052951663,0.03434711697593385,0.0013992297217266453,0.034998503109527124,0.001427450014911991,0.01105910527088489,0.004339125336035388,0.006719979934849502,0.011320552407813106,0.0003140416908017149,0.0003140416845414254,0.00031404138152794556,,0.0004716481989628211,True,0.000471647827066531
256,39,right,130,663.3886087918027,663.3889070434844,0.03454163803720655,0.0014219372813458195,0.03519193930071084,0.0014504573177410661,0.011059150213950035,0.004395046990554497,0.0066641032233955375,0.011320543784425567,0.00031717488786148175,0.00031717487196651633,0.00031717457349423093,,0.0004777616117714463,True,0.0004777612471264093
256,39,right,131,663.3883105401208,663.3886087918027,0.03473610191373846,0.0014443786662731895,0.03539408839209488,0.0014733614931251276,0.011059195153057623,0.004451110254899655,0.0066080848981579675,0.011320338371695639,0.0003202003931923374,0.0003202003723718135,0.00032020007428544,,0.00048374195535994197,True,0.00048374159172164276
256,39,right,132,663.3880122884389,663.3883105401208,0.03493249704975118,0.001467625784577718,0.035593815343214694,0.0014970013218385382,0.011059240110304226,0.004508626779543464,0.006550613330760761,0.011320117377187387,0.00032335615998767617,0.0003233561256804808,0.00032335582075797775,,0.0004899483492349108,True,0.0004899479757207825
256,39,right,133,663.3877140367571,663.3880122884389,0.0351298375774774,0.001491148635633074,0.03579450369495118,0.0015209216865966742,0.011059285119097106,0.0045667789358317485,0.006492506183265356,0.011320196057726157,0.000326523365194081,0.00032652332105001985,0.00032652301148501536,,0.0004962020114848857,True,0.0004962016313924377
256,39,right,134,663.3874157850752,663.3877140367571,0.035328126511064074,0.0015149497282799487,0.03599615652985743,0.0015451249916845645,0.011059330200335622,0.004625572120457977,0.006433758079877645,0.011320206716920186,0.00032970203517481247,0.00032970198225882946,0.0003297016700411054,,0.0005025031610451057,True,0.0005025027773904371
256,39,right,135,663.3871175333933,663.3874157850752,0.03552736687824078,0.001539031581986151,0.036174627657488294,0.0015691513425737274,0.011059375360552992,0.004683073855696809,0.006376301504856182,0.011320350781038564,0.00033289219415098733,0.0003328921330775913,0.00033289181921661537,,0.0005088520166733295,True,0.0005088516310008736
256,39,right,136,663.3868192817115,663.3871175333933,0.03572661561696021,0.001562886130928477,0.03640140694629661,0.001593871475653708,0.011059420591853861,0.004743977835430524,0.006315442756423336,0.011320456260012664,0.0003359840578774435,0.0003359839989991957,0.0003359836767685439,,0.0005150804706360466,True,0.0005150800726133243
256,39,right,137,663.3865210300296,663.3868192817115,0.03592776059052967,0.0015875329130176806,0.03660596450174838,0.0016189346774749549,0.011059465876600857,0.004804719085696214,0.006254746790904642,0.011320472816331759,0.00033919703257798074,0.0003391969859575414,0.0003391966442356085,,0.0005215245728092768,True,0.0005215241453187053
256,39,right,138,663.3862227783478,663.3865210300296,0.03612986611664568,0.0016124680560561096,0.036811498889223825,0.0016442910892803108,0.011059511205457015,0.004866124357881334,0.00619338684757568,0.01132036482092773,0.0003424215676259048,0.00034242153012591336,0.00034242117026800795,,0.0005280170280174375,True,0.0005280165730007688
256,39,right,139,663.3859245266659,663.3862227783478,0.036332935289959845,0.0016376941320924436,0.03701801315994598,0.0016699435112595947,0.011059556584541235,0.004928199897500156,0.006131356687041078,0.011320620085602843,0.0003456576859901554,0.0003456576538872824,0.0003456572786264747,,0.0005345580520639235,True,0.0005345575736116651
256,39,right,140,663.385626274984,663.3859245266659,0.03653697122633442,0.0016632137261540557,0.03721183526116645,0.0016956320856623722,0.011059602035743014,0.004989850763711017,0.006069751272031997,0.011321433459427363,0.00034890541063632035,0.0003489053796131645,0.00034890499308313627,,0.0005411478604939198,True,0.0005411473649051911
256,39,right,141,663.3853280233022,663.385626274984,0.03674169628664277,0.001688877643914378,0.037433709743896676,0.0017219926023776613,0.011059647596500204,0.005054050389196802,0.006005597207303401,0.011321793724448949,0.0003521330938368951,0.0003521330836026753,0.00035213267548198584,,0.0005477374436366659,True,0.0005477369147711851
256,39,right,142,663.3850297716203,663.3853280233022,0.0369476732892796,0.0017149909708639279,0.037643180198674596,0.0017485475703473026,0.011059693311109715,0.005118169340368338,0.005941523970741376,0.011322062585756125,0.00035540404322072255,0.0003554040600688826,0.000355403628409182,,0.0005544252923246362,True,0.0005544247269824851
256,39,right,143,663.3847315199384,663.3850297716203,0.037154626532168,0.001741405631251334,0.03785364313844149,0.001775409016007946,0.011059739215859673,0.005182982059144314,0.005876757156715358,0.011322240987555948,0.000358686665402063,0.0003586867072572008,0.00035868625492253695,,0.0005611625727221738,True,0.0005611619751955302
256,39,right,144,663.3844332682567,663.3847315199384,0.03736255923304923,0.0017681242583764626,0.038058998695254524,0.0018024621418550393,0.011059785336375584,0.005248001829415144,0.00581178350696044,0.01132234156239493,0.0003619809845549809,0.00036198104850700304,0.00036198057741566213,,0.0005679495008533286,True,0.0005679488739883196
256,39,right,145,663.3841350165748,663.3844332682567,0.037571039978953974,0.001794914279525444,0.03827712027826056,0.0018298229385362056,0.011059831687503742,0.005314193582231882,0.00574563810527186,0.01132273148655227,0.0003652391564054775,0.00036523923180200446,0.0003652387466769161,,0.0005747109596749743,True,0.0005747103107412664
256,39,right,146,663.3838367648929,663.3841350165748,0.0377809382056322,0.0018222470428857936,0.038490577246041,0.0018576180121307462,0.011059878273247264,0.005381119622167768,0.005678758651079495,0.011322649570063386,0.000368556912904281,0.00036855695194718517,0.00036855647250603525,,0.0005815974887707495,True,0.000581596848793907
256,39,right,147,663.3835385132111,663.3838367648929,0.03799182565558781,0.001849891741552736,0.038705040103191965,0.0018857302346958634,0.011059925087000485,0.005448763460859235,0.005611161626141249,0.011322487461745911,0.00037188643067285825,0.00037188643593683663,0.00037188596245508234,,0.0005885343106836254,True,0.0005885336801735487
256,39,right,148,663.3832402615292,663.3835385132111,0.03820370566928346,0.001877851068861413,0.038920512261009794,0.0019141622996562714,0.0110599721117067,0.005517131174408587,0.005542840937298113,0.011322223792977445,0.00037522773033290673,0.00037522771074234964,0.0003752272399081784,,0.0005955216460453093,True,0.0005955210198230201
256,39,right,149,663.3829420098473,663.3832402615292,0.03841658159816701,0.0019061277271440879,0.03911110102064737,0.0019424170560883665,0.011060019319771162,0.005584131065492841,0.00547588825427832,0.011321875734344783,0.000378580832469827,0.0003785808008381657,0.00037858032826794933,,0.0006025597112648621,True,0.0006025590824015104
256,39,right,150,663.3826437581655,663.3829420098473,0.038629250117949356,0.0019340705118310038,0.03935327295007223,0.001971331921943088,0.011060066673024926,0.005654617709287027,0.005405448963737898,0.011321611562418931,0.0003818166734617891,0.00038181661364995067,0.00038181614492064844,,0.0006094426302269576,True,0.0006094420075918023
256,39,right,151,663.3823455064836,663.3826437581655,0.038844118587119794,0.0019629846841494095,0.03957178411867836,0.0020007346337552103,0.01106011412698615,0.0057251824128279625,0.005334931714158187,0.011321460380202639,0.0003851932334171396,0.00038519313154953877,0.0003851926687535655,,0.0006165817745609104,True,0.0006165811616076085
256,39,right,152,663.3820472548017,663.3823455064836,0.039059993136731155,0.0019922243379422717,0.03979131842530524,0.0020304683338286684,0.011060161646170612,0.005796496128975277,0.005263665517195335,0.011321550757340471,0.00038858166270574405,0.0003885815367216774,0.0003885810748927177,,0.0006237722907568632,True,0.0006237716795961526
256,39,right,153,663.3817490031199,663.3820472548017,0.03927687725639778,0.0020217922325975156,0.04001187933908366,0.002060535776431748,0.01106020920976529,0.0058685650876476,0.005191644122117689,0.011321553245690697,0.00039198199448211386,0.0003919818522100336,0.0003919813890487811,,0.000631014391633321,True,0.0006310137786026161
256,39,right,154,663.381450751438,663.3817490031199,0.039494774453664214,0.0020516911364770393,0.04022148696584765,0.0020907078167813264,0.011060256811903204,0.005940421499208519,0.005119835312694684,0.011321540992077874,0.0003953942552184031,0.00039539410108057097,0.00039539363580637984,,0.0006383082896757046,True,0.0006383076735331832
256,39,right,155,663.3811524997561,663.381450751438,0.039712641225878254,0.0020813557185039226,0.04045503103400327,0.0021211057244538084,0.011060304461374714,0.006013738475354752,0.005046565986019961,0.011321622359356236,0.0003987096280869959,0.00039870947911722546,0.00039870900293282165,,0.000645478014528054,True,0.0006454773810053749
256,39,right,156,663.3808542480743,663.3811524997561,0.039932566977306086,0.0021119203680235736,0.04067868508855195,0.002152186860767297,0.011060352172618679,0.006088101595891958,0.00497225057672672,0.011321622253826338,0.0004021455880245342,0.0004021454413864354,0.00040214495652896487,,0.000652875284997676,True,0.0006528746376945355
256,39,right,157,663.3805559963924,663.3808542480743,0.04015351644605846,0.002142824366968066,0.04090338033739906,0.0021836130339940992,0.011060399951277437,0.006163245533369393,0.004897154417908043,0.01132152436098099,0.00040559355356853947,0.0004055934033641379,0.00040559291467268544,,0.0006603249806564513,True,0.0006603243274022391
256,39,right,158,663.3802577447107,663.3805559963924,0.04037549327982643,0.002174070532161457,0.041121293890817215,0.002215235420747414,0.011060447791784347,0.006238539036022436,0.00482190875576191,0.011322299630945136,0.00040905354759624264,0.00040905338965543193,0.00040905290054964617,,0.0006678273148927723,True,0.0006678266612664822
256,39,right,159,663.3799594930288,663.3802577447107,0.04059823395900085,0.002205516563907552,0.04135564017192828,0.0022473647272951204,0.011060495677229543,0.006315581611146207,0.004744914066083335,0.011322478051039054,0.0004124984455166255,0.00041249828798759825,0.00041249779133852244,,0.0006753380724788881,True,0.0006753374068280049
256,39,right,160,663.3796612413469,663.3799594930288,0.040822275181411696,0.002237454580387421,0.041583479993439386,0.0022798422324472965,0.01106054358207524,0.006393104873955827,0.0046674387081194115,0.011322459412458274,0.0004159825165065116,0.00041598242523065246,0.0004159818601095546,,0.0006829462450595428,True,0.0006829454673281735
256,39,right,161,663.3793629896651,663.3796612413469,0.04104735485569956,0.0022697432555919173,0.04181237577923405,0.0023126762741261433,0.011060591493509794,0.0064714350534803376,0.004589156440029455,0.01132210838777944,0.0004194786845214647,0.0004194786511169308,0.00041947802276273347,,0.0006906076785474572,True,0.0006906067967689009
256,39,right,162,663.3790647379832,663.3793629896651,0.04127347675024137,0.0023023854561898074,0.042042331109524954,0.0023458701934288414,0.011060639427569798,0.006550579662232699,0.004510059765337098,0.01132252478322814,0.00042298697391934315,0.0004229869861398741,0.0004229863040637454,,0.0006983225777938167,True,0.0006983216071252968
256,39,right,163,663.3787664863013,663.3790647379832,0.04150064467240694,0.00233538406188124,0.0422456994734479,0.0023788885758024934,0.011060687430443824,0.006628282001898763,0.00443240542854506,0.011324413495563517,0.000426507409106449,0.00042650745078236013,0.00042650672883272404,,0.0007060911471279249,True,0.0007060901100347469
256,39,right,164,663.3784682346195,663.3787664863013,0.04172830416694649,0.0023684385062376265,0.04250486965633348,0.002413041120222272,0.011060735578581683,0.006710667737059204,0.004350067841522478,0.011325199802017863,0.0004299848994348109,0.00042998497537555794,0.0004299842351041591,,0.0007138221346814084,True,0.0007138210665821002
256,39,right,165,663.3781699829376,663.3784682346195,0.04195757202902968,0.0024021566114007325,0.042738022125402175,0.0024473299171369743,0.011060783964881958,0.00679229045214718,0.004268493512734777,0.01132549537294821,0.00043352961139561853,0.00043352972495582333,0.00043352898673956975,,0.0007216983425261432,True,0.0007216972772150612
256,39,right,166,663.3778717312557,663.3781699829376,0.042187897610647666,0.0024362397956438383,0.04297224984483672,0.002481989981633438,0.011060832652549531,0.006874753601943901,0.00418607905060563,0.011325454264080222,0.0004370865381332722,0.00043708667284884413,0.0004370859451659625,,0.0007296288419097462,True,0.0007296277935748669
256,39,right,167,663.3775734795739,663.3778717312557,0.04241928499789971,0.0024706909970247655,0.043207557138193076,0.002517024077168419,0.011060881659033713,0.006958063543080678,0.004102818115953034,0.01132493149379449,0.00044065570239504634,0.00044065585408689244,0.00044065513107071166,,0.0007376138594961553,True,0.0007376128184291754
256,39,right,168,663.377275227892,663.3775734795739,0.04265173826141063,0.002505513153902522,0.043433662673514485,0.0025522338733014282,0.011060930955191105,0.007041380919701823,0.004019550035489281,0.011323938844633397,0.00044423712697133703,0.00044423729619822263,0.0004442365651527567,,0.0007456536090644056,True,0.0007456525540149462
256,39,right,169,663.3769769762101,663.377275227892,0.04288380623190259,0.0025399176244677757,0.04367994951180583,0.0025874208793691855,0.011060980466231498,0.007125496560941749,0.003935483905289748,0.011323214101087742,0.00044769132976565706,0.00044769146504823197,0.0004476907842463245,,0.0007535134065052817,True,0.0007535124354466368
256,39,right,170,663.3766787245283,663.3769769762101,0.043118392220658955,0.002575484483697914,0.043918510089646305,0.0026235886646983377,0.011061030099251861,0.007211373889784495,0.0038496562094673657,0.011323076803064602,0.0004512971029211717,0.00045129720638961885,0.00045129655823719937,,0.0007616621015104159,True,0.0007616611852948073
256,39,right,171,663.3763804728464,663.3766787245283,0.0433540564690561,0.0026114312017551976,0.04415816727797996,0.0026601426616735236,0.011061079784592014,0.007298125857281891,0.0037629539273101227,0.011323266692274585,0.0004549152069188103,0.00045491528798677225,0.0004549146559193414,,0.0007698661585611098,True,0.0007698652694916598
256,39,right,172,663.3760822211646,663.3763804728464,0.04359080319906801,0.002647760805354939,0.04438936878419137,0.002696898479615808,0.011061129482282649,0.007384970856476376,0.0036761586258062724,0.01132324675034932,0.00045854566606211126,0.0004585457332587879,0.0004585451087161599,,0.0007781257826250378,True,0.0007781249063621195
256,39,right,173,663.3757839694828,663.3760822211646,0.04382750577650012,0.002683860566868512,0.044639639261881345,0.002733795446921404,0.011061179182383673,0.007472917091535977,0.003588262090847696,0.01132298744135198,0.00046208251526679776,0.0004620825745571057,0.0004620819509310511,,0.0007862608280503785,True,0.0007862599534157433
256,39,right,174,663.3754857178009,663.3757839694828,0.044066421545220856,0.0027209600792458834,0.044882602800964747,0.0027715217346202673,0.011061228902245842,0.007562324581846284,0.003498904320399557,0.011322775075890627,0.00046573755922339386,0.0004657375988248763,0.00046573696584760937,,0.0007946313362671704,True,0.0007946304458314157
256,39,right,175,663.3751874661191,663.3754857178009,0.04430643268330939,0.0027584515564177685,0.045126680237961556,0.0028096467564887955,0.011061278665129069,0.00765263537839132,0.003408643286737749,0.011322848588594657,0.0004694050314669328,0.00046940505683963017,0.0004694044179663288,,0.0008030580204686741,True,0.0008030571200935692
256,39,right,176,663.3748892144372,663.3751874661191,0.044547543627952414,0.0027963380544332645,0.04537187611176926,0.002848173468297813,0.011061328485156958,0.007743856305314538,0.00331747217984242,0.01132284759847679,0.0004730849609830476,0.0004730849738657073,0.0004730843321146491,,0.0008115410865340349,True,0.000811540181379106
256,39,right,177,663.3745909627553,663.3748892144372,0.044789758859642884,0.0028346226379393404,0.045589764703849456,0.002886545175652287,0.011061378366369272,0.007833637839998568,0.0032277405263707033,0.011323019737644631,0.0004767773738543072,0.0004767773752507325,0.00047677673202629396,,0.0008200807399306475,True,0.0008200798324215215
256,39,right,178,663.3742927110735,663.3745909627553,0.045032834412912386,0.002873172952252213,0.045865389940720695,0.0029263067358404047,0.011061428302679331,0.007928756950977374,0.003132671351701957,0.01132311741103954,0.00048045964752265515,0.00048045965450435043,0.00048045899664102997,,0.0008286381529317935,True,0.0008286372203768913
256,39,right,179,663.3739944593916,663.3742927110735,0.04527727023306278,0.002912261980309918,0.04611396729672664,0.002966056196407344,0.011061478281851233,0.00802274907457768,0.0030387292072735525,0.011323123015337935,0.00048417706224361046,0.00048417708776962167,0.0004841764021873198,,0.0008372914680622679,True,0.0008372904877555066
256,39,right,180,663.3736962077097,663.3739944593916,0.04552282402770301,0.0029517583561765063,0.046363681541609254,0.003006219867541507,0.011061528297936506,0.00811768017118668,0.002943848126749826,0.011322988761181912,0.0004879070375715304,0.00048790707685663216,0.0004879063656391774,,0.0008460019754038041,True,0.0008460009507421547
256,39,right,181,663.3733979560279,663.3736962077097,0.045769500455722256,0.0029916652018111126,0.0466145373013002,0.00304680115060846,0.011061578355332774,0.008213558039456673,0.0028480203158761006,0.011323313373551145,0.0004916495979216887,0.0004916496452968439,0.0004916489126712813,,0.0008547698748971005,True,0.0008547688130322409
256,39,right,182,663.373099704346,663.3733979560279,0.04601730422692244,0.0030319856529673075,0.04685795572769599,0.0030876335746756215,0.011061628468985106,0.008309675226118593,0.0027519532428665126,0.011324202782444805,0.0004954047678087629,0.0004954048167050954,0.000495404069061213,,0.0008635953659945976,True,0.000863594277905382
256,39,right,183,663.3728014526641,663.373099704346,0.04626553154380953,0.0030723364751418926,0.04711897338385362,0.0031288363810642104,0.01106167866413345,0.008407325942385089,0.0026543527217483607,0.011324580699632087,0.0004991098014757447,0.000499109886301871,0.0004991091057007893,,0.0008723690077091807,True,0.0008723678619099457
256,39,right,184,663.3725032009824,663.3728014526641,0.046515599461080116,0.0031134907957297803,0.047373276971948465,0.0031706865627659864,0.011061728969676492,0.008506081514200573,0.002555647455475918,0.011324858999421377,0.0005028901452485204,0.0005028902700876756,0.0005028894567104017,,0.0008813098738820577,True,0.0008813086704433835
256,39,right,185,663.3722049493005,663.3725032009824,0.046766809146970185,0.003155068172713707,0.047628741316000554,0.0032129670061842616,0.011061779408828637,0.008605813133850155,0.002455966274978481,0.011325038724014767,0.0005066831693722563,0.0005066833307692342,0.000506682488902282,,0.0008903089308445744,True,0.0008903076770230979
256,39,right,186,663.3719066976186,663.3722049493005,0.047019165534106726,0.003197071789287741,0.047874078798503306,0.003255456935636589,0.011061829997735504,0.008705584066565785,0.002356245931169719,0.011325550374377871,0.0005104889005590246,0.0005104890937998095,0.0005104882262601448,,0.0008993663787110472,True,0.0008993650792317643
256,39,right,187,663.3716084459368,663.3719066976186,0.04727095996582784,0.003238570154960411,0.04814143276962076,0.003297881218892908,0.011061880745382835,0.00880615888760607,0.0022557218577767646,0.011325552333476133,0.0005141590446548301,0.0005141592428250583,0.0005141583636547446,,0.0009082203832411101,True,0.0009082190626280222
256,39,right,188,663.3713101942549,663.3716084459368,0.04752561190470375,0.0032814288211660465,0.04840039667403336,0.003341464589966473,0.011061931653563036,0.0089088474998355,0.002153084153727535,0.011325449150387959,0.0005179900557465872,0.000517990200747278,0.0005179893321294752,,0.0009173940146584948,True,0.0009173927121827038
256,39,right,189,663.371011942573,663.3713101942549,0.04778142553908804,0.0033247233227466635,0.04866054183106173,0.0033854910872307764,0.011061982717153907,0.009012542051936412,0.002049440665217495,0.011325258701737803,0.0005218338415688341,0.0005218339378453397,0.0005218330794890519,,0.0009266266313815219,True,0.000926625346650009
256,39,right,190,663.3707136908912,663.371011942573,0.04803840604024899,0.0033684569128878813,0.04892187352512225,0.003429963969793116,0.011062033924278646,0.009117250134725523,0.0019447837895531226,0.011324956784678054,0.0005256904238061282,0.0005256904848306539,0.0005256896315976884,,0.0009359184402622034,True,0.0009359171642499767
256,39,right,191,663.3704154392093,663.3707136908912,0.0482965585999028,0.0034126328529964153,0.04915763728962813,0.003474352973450608,0.011062085256217368,0.009220729611348335,0.0018413556448690323,0.011324565867372535,0.0005295598242062755,0.0005295598693010064,0.000529559014418032,,0.0009452696420085414,True,0.0009452683627032211
256,39,right,192,663.3701171875275,663.3704154392093,0.048554650002262396,0.0034565785842883114,0.04944686042705123,0.0035195748591094794,0.011062136687381421,0.009328235613467429,0.0017339010739139923,0.01132428046669306,0.0005333378743449939,0.0005333378763851711,0.000533337028777807,,0.0009544938780172086,True,0.0009544926113630599
256,39,right,193,663.3698189358456,663.3701171875275,0.048815153075021454,0.0035016439093414524,0.04971177429144621,0.0035654016253621815,0.011062188188711812,0.009436019107766641,0.0016261690809451707,0.011324157141094398,0.0005372328541872165,0.0005372327986286044,0.0005372319603143799,,0.0009639635853467328,True,0.0009639623351196569
256,39,right,194,663.3695206841637,663.3698189358456,0.049076844021226536,0.0035471614302946286,0.04997789613742767,0.003611688222292113,0.011062239737569412,0.009544847443713204,0.0015173922938562076,0.011324238288420928,0.0005411407282157585,0.0005411406396619381,0.0005411398036850803,,0.0009734932788885681,True,0.000973492032705597
256,39,right,195,663.3692224324819,663.3695206841637,0.04933972824494911,0.003593134474458005,0.050245231387957695,0.003658437996651503,0.011062291320763461,0.009654728441170803,0.0014075628795926583,0.011324227675532199,0.000545061535762674,0.0005450614252507777,0.0005450605882866003,,0.0009830831533682355,True,0.0009830819053009705
256,39,right,196,663.3689241808,663.3692224324819,0.04960381117844129,0.0036395663767814644,0.05050690765460333,0.003705516629936582,0.011062342934737342,0.009765088791919951,0.0012972541428173908,0.011324225105995796,0.0005489953076510463,0.0005489951812661142,0.0005489943422891696,,0.0009927334029796921,True,0.0009927321512119116
256,39,right,197,663.3686259291181,663.3689241808,0.04986888163086621,0.0036863421481817724,0.05078334445178898,0.0037532206159890114,0.011062394585289133,0.009877417580805672,0.0011849770044834605,0.011324300832683251,0.0005529243234543898,0.0005529242048411607,0.0005529233494831037,,0.001002412080252724,True,0.0010024107987548147
256,39,right,198,663.3683276774364,663.3686259291181,0.05013537697383057,0.0037337009646575253,0.0510543519477784,0.003801379682702236,0.01106244628115878,0.009990502817619486,0.001071943463539294,0.011324285182194563,0.0005568840764477045,0.0005568839608045407,0.0005568830949119583,,0.001012183543584946,True,0.0010121822428850104
256,39,right,199,663.3680294257545,663.3683276774364,0.05040308754714115,0.0037815287044220287,0.05132659539537897,0.0038500155523392685,0.011062498025564858,0.010104672611792442,0.0009578254137724162,0.011324199919010968,0.0005608568830756371,0.0005608567622472468,0.0005608558924437388,,0.0010220159553698622,True,0.0010220146474851455
256,39,right,200,663.3677311740726,663.3680294257545,0.05067201897020838,0.0038298287500747523,0.05158704455049101,0.0038988696936824068,0.011062549815020358,0.010218828560981172,0.0008437212540391858,0.011325039847019663,0.0005648427691940367,0.0005648426375970342,0.0005648417684381946,,0.0010319095114638501,True,0.001031908204727842
256,39,right,201,663.3674329223908,663.3677311740726,0.05094130408547419,0.003878127780252306,0.05187392832543349,0.003948247026822109,0.011062601639230537,0.01033523789237425,0.0007273637468562867,0.01132521244665425,0.0005687718762626832,0.0005687717576063821,0.0005687708686617765,,0.001041736458866464,True,0.0010417351158814566
256,39,right,202,663.3671346707089,663.3674329223908,0.05121268875235718,0.00392737925142722,0.05214990854210768,0.003998330496051149,0.011062653483182059,0.01045270212161311,0.0006099513615689492,0.011325155629118185,0.0005727838618235231,0.0005727838351082391,0.0005727828520215489,,0.0010517525060830635,True,0.0010517509902209707
256,39,right,203,663.366836419027,663.3671346707089,0.051485311199876746,0.00397711318633858,0.05242714737897973,0.004048904542588351,0.0110627053403054,0.010571283256000034,0.0004914220843053647,0.01132474418160432,0.0005768090050482327,0.0005768090581742146,0.0005768079887325196,,0.0010618302554445147,True,0.0010618285802211575
256,39,right,204,663.3665381673452,663.366836419027,0.05175917714557815,0.004027333019691768,0.052705650371435674,0.004099973170171092,0.011062757220738583,0.010690990581001087,0.00037176663973749637,0.011325320139302441,0.0005808473342789728,0.0005808474495979967,0.0005808463077192755,,0.0010719698893041365,True,0.0010719680796564448
256,39,right,205,663.3662399156633,663.3665381673452,0.05203429234169831,0.004078042199569374,0.052960337598942066,0.004151032869884507,0.01106280915199632,0.01080968998990049,0.0002531191620958293,0.011327355982126608,0.0005848988779994439,0.000584899032265227,0.000584897838061808,,0.0010821715893315107,True,0.001082169681844032
256,39,right,206,663.3659416639814,663.3662399156633,0.05230861523949941,0.004128125965394691,0.05326439192136396,0.004202471185635869,0.01106286117905732,0.010931326037408004,0.00013153514164931585,0.011328140210256011,0.0005888042290043327,0.000588804432827522,0.0005888032226006757,,0.0010921398813194276,True,0.0010921379427898663
256,39,right,207,663.3656434122996,663.3659416639814,0.05258623187336086,0.004179816382938522,0.05354670677508939,0.004255036043033172,0.011062913354688566,0.011054442340322088,8.47101436647797e-06,0.011328403287915668,0.0005928819837866591,0.0005928822366605908,0.0005928810336723705,,0.001102465085160926,True,0.001102463158797242
256,39,right,208,663.3653451606177,663.3656434122996,0.05286511524095239,0.004232006461061838,0.053830309388460805,0.004308108996866705,0.011062965713082625,0.01117871683377747,-0.0001157511206948455,0.011328325343379806,0.0005969730323600959,0.0005969733132199876,0.0005969721270681736,,0.001112852916765843,False,0.0011128510205359722
256,39,right,209,663.3650469089358,663.3653451606177,0.05314527141601793,0.004284699700068862,0.05411520614218144,0.0043616933548535275,0.011063018262202273,0.011304157413979795,-0.00024113915177752246,0.011327710305512908,0.0006010774011210876,0.0006010777046112983,0.0006010765261823602,,0.0011233035904046913,False,0.0011233017074398792
256,39,right,210,663.364748657254,663.3650469089358,0.053426706403571986,0.004337899595390329,0.054396239036525,0.004415687465407436,0.011063070983208027,0.011430328201207653,-0.0003672572179996264,0.011326592979743269,0.0006051951165699607,0.0006051954439617953,0.0006051942545099694,,0.0011338173029825725,False,0.0011338153982464443
256,39,right,211,663.3644504055721,663.364748657254,0.05370807845858959,0.004390873806930846,0.05468753852211851,0.004469661848602569,0.011063123831255189,0.01155692912134934,-0.0004938052900941519,0.011325860573227606,0.0006092241804682712,0.0006092244594933455,0.0006092233418172028,,0.0011442024844398268,False,0.0011442007133064334
256,39,right,212,663.3641521538904,663.3644504055721,0.053992079004671234,0.004445092509171125,0.05497634530966497,0.004524796638085771,0.011063176753363513,0.011685907025309911,-0.000622730271946398,0.01132582557277586,0.000613368533745681,0.0006133687701518946,0.0006133676960477666,,0.0011548419655786543,False,0.0011548402757114052
256,39,right,213,663.3638539022085,663.3641521538904,0.05427737641626729,0.004499828504510706,0.055266471002963384,0.004580457363770721,0.011063229710612283,0.011816085415750107,-0.0007528557051378234,0.011325990035607747,0.0006175263170755296,0.0006175265239476884,0.000617525471810292,,0.0011655450620612674,False,0.0011655434131418994
256,39,right,214,663.3635556505266,663.3638539022085,0.05456397672573938,0.004555085399305772,0.05554313369602692,0.004636345617149305,0.011063282681027636,0.011946195379762608,-0.0008829126987349724,0.011325946055349478,0.0006216975592827761,0.0006216977484036729,0.0006216967067183162,,0.0011763119572176662,False,0.0011763103277261158
256,39,right,215,663.3632573988448,663.3635556505266,0.054851720380274534,0.0046107762740198645,0.055850535881168055,0.004693279365225941,0.011063335659879919,0.012079876760928213,-0.0010165411010482942,0.01132565238080445,0.000625870022542287,0.0006258701971577013,0.0006258691563363313,,0.0011871195530280747,False,0.0011871179249331606
256,39,right,216,663.3629591471629,663.3632573988448,0.055140943657255144,0.004667085101089791,0.05614465364029911,0.004750539550270563,0.01106338865764856,0.012213707967060382,-0.0011503193094118231,0.011325460003994927,0.0006300682863166262,0.000630068435379283,0.0006300673830642786,,0.0011980145157366455,False,0.0011980128656178858
256,39,right,217,663.362660895481,663.3629591471629,0.05543148801817647,0.0047239256424740006,0.0564401148220607,0.004808340570261493,0.011063441687175034,0.012348774976225385,-0.0012853332890503512,0.011325527107159323,0.0006342800974191523,0.0006342802278646885,0.0006342791689066134,,0.0012089738238443887,False,0.0012089721608982641
256,39,right,218,663.3623626437992,663.362660895481,0.05572335958456694,0.004781301508243404,0.05673692568267297,0.004866685948336494,0.011063494756195915,0.012485086221450751,-0.0014215914652548364,0.011325511141525831,0.0006385054906518637,0.0006385056048891897,0.0006385045432376498,,0.0012199976624901621,False,0.0012199959942576966
256,39,right,219,663.3620643921173,663.3623626437992,0.056016564478093264,0.004839216311713306,0.057011682961952144,0.004925098349692335,0.011063547866929957,0.012620614577775831,-0.0015570667108458747,0.011325708237461927,0.0006427444974650532,0.0006427445968680883,0.0006427435342276146,,0.0012310862162442707,False,0.0012310845460219034
256,39,right,220,663.3617661404354,663.3620643921173,0.05631002416728453,0.004897080883097667,0.057333519645930434,0.00498442171656872,0.01106360101603661,0.012760152791672837,-0.0016965517756362266,0.011325795864224046,0.0006469188941320272,0.0006469190072718402,0.000646917922586488,,0.0012420894724986364,False,0.0012420877598641785
256,39,right,221,663.3614678887536,663.3617661404354,0.056605906417778094,0.00495608010717661,0.05763440939298062,0.0050444177798636015,0.011063654197058148,0.012900239398298562,-0.0018365852012404134,0.011325787473025168,0.0006511850602284894,0.0006511851980596354,0.0006511840776169886,,0.001253307407718585,False,0.0012533056261828472
256,39,right,222,663.3611696370717,663.3614678887536,0.05690314024988495,0.005015629135895487,0.057936673569636866,0.005104972924781056,0.011063707406709297,0.013041605395782842,-0.001977897989073545,0.011325647525826443,0.0006554649325443736,0.0006554650885577789,0.0006554639353021936,,0.00126459059311791,False,0.0012645887480940317
256,39,right,223,663.3608713853898,663.3611696370717,0.05720173175029715,0.005075731629496886,0.058240318245659964,0.005166091115906666,0.011063760646586278,0.01318426019520606,-0.0021204995486197816,0.011326022980424842,0.0006597585402851641,0.0006597587067872328,0.0006597575265808499,,0.0012759392051414132,False,0.0012759373077255234
256,39,right,224,663.360573133708,663.3608713853898,0.057501687000483685,0.005136391257609978,0.05854190451603189,0.005227704918555377,0.011063813923315447,0.013327911166931074,-0.0022640972436156277,0.01132696028660932,0.0006640659127810861,0.0006640660808668003,0.0006640648825180987,,0.001287353419508067,False,0.0012873514865858013
256,39,right,225,663.3602748820261,663.360573133708,0.05780057737648574,0.00519628108249018,0.05884929942312173,0.005288678380236657,0.011063867248399351,0.01347049745458369,-0.002406630206184339,0.0113273429846274,0.0006682160933557976,0.0006682163156839882,0.0006682150738163782,,0.001298501267026705,False,0.0012984992490686774
256,39,right,226,663.3599766303442,663.3602748820261,0.058103261112386,0.0052580564052174695,0.059157104422286715,0.005351498000762872,0.011063920634713913,0.013617049537492274,-0.002553128902778361,0.011327621133464492,0.0006725507344385787,0.0006725510096419579,0.0006725497262599842,,0.0013100458783333986,False,0.001310043778985359
256,39,right,227,663.3596783786625,663.3599766303442,0.058407326725750754,0.005320399827340002,0.05946631431829427,0.005414895370677817,0.011063974092406724,0.01376492571910561,-0.002700951626698886,0.011327795593971252,0.000676899224647327,0.0006768995477800406,0.0006768982285374482,,0.001321656619060066,False,0.0013216544490141635
256,39,right,228,663.3593801269806,663.3596783786625,0.058712780285540805,0.0053833150385372746,0.05976038758087179,0.005478530410159456,0.01106402762837087,0.013912677722806799,-0.0028486500944359294,0.011328323696531278,0.0006812615962742158,0.0006812619607116275,0.0006812606092720742,,0.0013333336661418207,False,0.001333331432269467
256,39,right,229,663.3590818752988,663.3593801269806,0.059018198616967874,0.005446024788036927,0.060087523277792335,0.005542644299914046,0.01106408124615889,0.01406293973092063,-0.00299885848476174,0.0113283149483986,0.0006855396919581453,0.0006855400596440926,0.0006855386934486089,,0.0013448845099185997,False,0.0013448822461082776
256,39,right,230,663.3587836236169,663.3590818752988,0.059326436340057305,0.005510089461275632,0.060400974873888263,0.00560779196982204,0.011064134945983599,0.01421483001169529,-0.003150695065711692,0.011328193330775095,0.0006899298510370915,0.0006899301484357248,0.0006899287982274305,,0.001356693916175969,False,0.001356691682834547
256,39,right,231,663.358485371935,663.3587836236169,0.05963608003400718,0.005574737027097289,0.06071585611903995,0.00567353230006176,0.011064188725033444,0.014368080326423959,-0.0033038916013905157,0.011327978138196118,0.0006943339716607738,0.000694334205786306,0.0006943328702453502,,0.0013685701565724897,False,0.0013685679512787329
256,39,right,232,663.3581871202532,663.358485371935,0.059947135748044854,0.005639971226740132,0.061032173199407944,0.005739869047871709,0.011064242577615164,0.014522699751742463,-0.0034584571741272997,0.011327645774834154,0.0006987520792904831,0.0006987522685718546,0.0006987509405758508,,0.0013805134167717936,False,0.0013805112256261181
256,39,right,233,663.3578888685713,663.3581871202532,0.060259609462863815,0.0057057958009194875,0.06132820452851653,0.005806351336103514,0.011064296495070866,0.014676769342239526,-0.0036124728471686606,0.011327223110091577,0.0007031841994804628,0.0007031843701618034,0.0007031830404186214,,0.001392523874669213,False,0.0013925216793828866
256,39,right,234,663.3575906168894,663.3578888685713,0.06057340801183004,0.005772160397669432,0.06166904062233528,0.005874291972805319,0.011064350465746423,0.014835961572273952,-0.0037716111065275297,0.01132692744643389,0.0007076237962852954,0.0007076238989822924,0.0007076225823764308,,0.0014045885174728502,False,0.0014045863476222949
256,39,right,235,663.3572923652076,663.3575906168894,0.06088873522869022,0.005839176874482351,0.061989701493743825,0.005942440788558207,0.011064404476699192,0.014994743421575491,-0.0039303389448763,0.011326839676901153,0.0007120841411848598,0.0007120841725204583,0.000712082868258717,,0.0014167338586621066,False,0.0014167317128572212
256,39,right,236,663.3569941135257,663.3572923652076,0.06120549822947518,0.005906795008950127,0.06231182242879926,0.00601120141435755,0.011064458517826928,0.015154931553027948,-0.004090473035201021,0.011326910727932077,0.0007165585930286289,0.0007165585831719438,0.0007165572825802734,,0.0014289469222048441,False,0.0014289447833326582
256,39,right,237,663.3566958618438,663.3569941135257,0.0615237028870077,0.005975018580817811,0.06263540933694145,0.006080577667283751,0.011064512582948794,0.015316535216253127,-0.004252022633304335,0.011326883202867991,0.000721047198665685,0.0007210471617033873,0.0007210458605244831,,0.0014412278771459377,False,0.0014412257368063355
256,39,right,238,663.356397610162,663.3566958618438,0.06184335501902642,0.006043851366289279,0.06295874738679834,0.006150537225468843,0.011064566669944818,0.015479410046915477,-0.00441484337697066,0.01132689208582731,0.0007255499955509177,0.0007255499389600264,0.0007255486360256559,,0.0014535768917173216,False,0.0014535747476413913
256,39,right,239,663.3560993584802,663.356397610162,0.06216312502219517,0.006112567456794768,0.06328564733587132,0.006220450702787307,0.011064620780645086,0.015642391425441573,-0.004577770644796488,0.01132695966868137,0.0007299799615930009,0.0007299799205678043,0.0007299785954508907,,0.0014658193841855158,False,0.0014658171953577043
256,39,right,240,663.3558011067983,663.3560993584802,0.062485679779236004,0.006182624696911134,0.06361365796844554,0.006291691706678358,0.011064674918190472,0.01580828584402866,-0.0047436109258381905,0.011326927805140342,0.0007345110613458971,0.0007345110235402341,0.0007345096865203838,,0.0014783042869705245,False,0.0014783020740038804
256,39,right,241,663.3555028551165,663.3558011067983,0.06280969912357535,0.006253302442920696,0.06394315812825889,0.006363563665668951,0.011064729084096636,0.015975633027011864,-0.004910903942915229,0.011326862218927201,0.0007390564590682592,0.000739056414227145,0.0007390550735956714,,0.0014908577397652896,False,0.0014908555193488089
256,39,right,242,663.3552046034346,663.3555028551165,0.06313518874096102,0.006324604471791706,0.06425583655234687,0.006435682511393497,0.01106478327787366,0.01614279445605111,-0.00507801117817745,0.0113277424311795,0.0007436161853441557,0.0007436161265951485,0.0007436147879183358,,0.0015034799131182538,False,0.0015034776965496158
256,39,right,243,663.3549063517527,663.3552046034346,0.06345932592917117,0.006394989279267951,0.06460377698428864,0.006507644725265294,0.011064837496932562,0.01631125716035356,-0.005246419663420998,0.011327898684336746,0.000748009720420639,0.0007480096947343858,0.0007480083186136496,,0.0015158052024228943,False,0.001515802909844878
256,39,right,244,663.3546081000709,663.3549063517527,0.06378775411381327,0.006467540304287627,0.06493776107090334,0.006581421421601469,0.011064891737199288,0.01648299347806355,-0.005418101740864261,0.011327802073934976,0.0007525978214247678,0.0007525979127904551,0.000752596417395171,,0.0015285640080744088,False,0.0015285614731522118
256,39,right,245,663.354309848389,663.3546081000709,0.06411766902005794,0.006540726818296615,0.06527325689769109,0.0066558443088517135,0.011064945996515745,0.016656219727603987,-0.005591273731088244,0.011327339747995584,0.000757200342960934,0.0007572005352778465,0.0007571989312522567,,0.0015413919995870664,False,0.0015413892429890568
256,39,right,246,663.3540115967071,663.354309848389,0.06444907605638603,0.00661455260738983,0.06561026967506964,0.006730917812311868,0.011065000276537652,0.01683094652841273,-0.005765946251875078,0.011328077901936873,0.0007618173185786538,0.0007618175885266083,0.0007618158945029073,,0.0015542893278597582,False,0.0015542863866935676
256,39,right,247,663.3537133450253,663.3540115967071,0.06478198058380089,0.006689021459096485,0.06592876372601468,0.006806218109969199,0.01106505458305929,0.017005365283549536,-0.005940310700490247,0.011330196354047119,0.0007664487819278468,0.000766449098929496,0.0007664473415579814,,0.0015672561428134494,False,0.0015672530708239069
256,39,right,248,663.3534150933434,663.3537133450253,0.06511485544946755,0.00676330030978221,0.06628731120893547,0.006882180877621193,0.011065108926195248,0.01718305967067609,-0.006117950744480845,0.011330949686915255,0.0007709994247513608,0.0007709998080053007,0.0007709980316681806,,0.0015800973151633357,False,0.001580094202711087
256,39,right,249,663.3531168416616,663.3534150933434,0.06545076174263485,0.006839061829931089,0.0666288970110331,0.006959223499467637,0.011065163317855417,0.017362331414612974,-0.006297168096757558,0.011331168176774183,0.0007756598115080338,0.0007756602535549217,0.0007756584908548048,,0.0015932029923106535,False,0.0015931999062714867
256,39,right,250,663.3528185899797,663.3531168416616,0.06578818152979207,0.006915477649502852,0.06697202149311923,0.007036931443433645,0.011065217765768479,0.017543139979146246,-0.006477922213377768,0.011331052912841155,0.0007803347787860285,0.0007803352551092784,0.0007803335153988157,,0.0016063786394830877,False,0.0016063755992350858
256,39,right,251,663.3525203382978,663.3528185899797,0.06612712028270085,0.0069925515456034475,0.06731667847024578,0.007115308035806876,0.01106527227178849,0.017725493191708304,-0.0066602209199198145,0.01133035384011148,0.0007850243571220421,0.0007850248615015366,0.0007850231319563597,,0.0016196244486636328,False,0.0016196214279547028
256,39,right,252,663.352222086616,663.3525203382978,0.06646757328234593,0.007070281806775078,0.06766290095328,0.007194352321419241,0.011065326831481316,0.017909391577968874,-0.006844064746487559,0.011329603031069857,0.0007897279672810035,0.0007897285023260573,0.0007897267572962311,,0.0016329393306797808,False,0.0016329362765738404
256,39,right,253,663.3519238349342,663.352222086616,0.06680956593335292,0.0071486841545689945,0.06801067588205104,0.007274079260319658,0.011065381434145583,0.01809486742103062,-0.007029485986885038,0.011328442047437376,0.0007944469660261899,0.0007944474334822392,0.0007944457913383997,,0.0016463259689302927,False,0.0016463231266212245
256,39,right,254,663.3516255832523,663.3519238349342,0.06715309324867376,0.007227755836834202,0.06836001168338932,0.00735448696907429,0.011065436067288489,0.01828191818099541,-0.007216482113706923,0.01132851609844938,0.0007991806703409776,0.0007991810852177136,0.0007991794960037923,,0.0016597832765016091,False,0.0016597805432458906
256,39,right,255,663.3513273315705,663.3516255832523,0.0674981603103942,0.00730750081787596,0.06871091336844516,0.007435579237703039,0.011065490721462283,0.018470553238108228,-0.007405062516645946,0.011328658937232188,0.0008039291133684726,0.000803929492329277,0.0008039279301379158,,0.0016733114127480493,False,0.00167330873519662
256,39,right,256,663.3510290798886,663.3513273315705,0.06784477210110265,0.007387922946361459,0.06904328818731174,0.007516924843705187,0.011065545390959193,0.018658930172855397,-0.007593384781896205,0.011328577374782666,0.000808692328290798,0.000808692686315995,0.0008086911369844026,,0.001686910529131362,False,0.0016869078780928643
