
Q=550: orbit=400 periods, tail=70 periods
  Q=550: [   1/400]
  Q=550: [ 100/400]
  Q=550: [ 200/400]
  Q=550: [ 300/400]
  Q=550: [ 400/400]
Script version       = 2026-08-07-q550-endpoint-nesting-dense-span-audit-v5
Q                    = 550
dense starts         = 0 .. 80 (81 starts)
P_oriented           = 4.541666666666667e-01
2 P_line             = 4.555555555555555e-01
edge cap DeltaP      = 1.388888888888884e-03
body steps           = 1308
body step            = 3.472222222222222e-04
cap steps            = 16
cap step             = 8.680555555555525e-05
subdivision sweep    = [8, 16, 32]
architecture         = direct T_O + tiny G_edge; D=(I-G_edge)T_O
==============================================================================
residual subdivisions=8
    body-i0-m8: [    1/1308] radius=2.581e-06 microboxes=8
    body-i0-m8: [  130/1308] radius=1.529e-03 microboxes=1040
    body-i0-m8: [  260/1308] radius=6.651e-03 microboxes=2080
    body-i0-m8: [  390/1308] radius=1.847e-02 microboxes=3120
    body-i0-m8: [  520/1308] radius=3.054e-02 microboxes=4160
    body-i0-m8: [  650/1308] radius=4.029e-02 microboxes=5200
    body-i0-m8: [  780/1308] radius=5.438e-02 microboxes=6240
    body-i0-m8: [  910/1308] radius=6.227e-02 microboxes=7280
    body-i0-m8: [ 1040/1308] radius=7.695e-02 microboxes=8320
    body-i0-m8: [ 1170/1308] radius=9.504e-02 microboxes=9360
    body-i0-m8: [ 1300/1308] radius=1.138e-01 microboxes=10400
    body-i0-m8: [ 1308/1308] radius=1.169e-01 microboxes=10464
    edge-i0-m8: [    1/16] radius=1.589e-07 microboxes=10472
    edge-i0-m8: [    2/16] radius=3.193e-07 microboxes=10480
    edge-i0-m8: [    3/16] radius=4.813e-07 microboxes=10488
    edge-i0-m8: [    4/16] radius=6.448e-07 microboxes=10496
    edge-i0-m8: [    5/16] radius=8.099e-07 microboxes=10504
    edge-i0-m8: [    6/16] radius=9.766e-07 microboxes=10512
    edge-i0-m8: [    7/16] radius=1.145e-06 microboxes=10520
    edge-i0-m8: [    8/16] radius=1.315e-06 microboxes=10528
    edge-i0-m8: [    9/16] radius=1.486e-06 microboxes=10536
    edge-i0-m8: [   10/16] radius=1.659e-06 microboxes=10544
    edge-i0-m8: [   11/16] radius=1.834e-06 microboxes=10552
    edge-i0-m8: [   12/16] radius=2.010e-06 microboxes=10560
    edge-i0-m8: [   13/16] radius=2.187e-06 microboxes=10568
    edge-i0-m8: [   14/16] radius=2.367e-06 microboxes=10576
    edge-i0-m8: [   15/16] radius=2.548e-06 microboxes=10584
    edge-i0-m8: [   16/16] radius=2.730e-06 microboxes=10592
  [  1/81] i= 0 epsT=3.206e-02 epsG=2.602e-06 edgeRows=2.527e-02 activeR=1.673e-03 sep=1.108e-02 lower=+9.407e-03 pass=True disc=3.23e-10
    body-i1-m8: [    1/1308] radius=2.475e-06 microboxes=10600
    body-i1-m8: [  130/1308] radius=1.511e-03 microboxes=11632
    body-i1-m8: [  260/1308] radius=6.574e-03 microboxes=12672
    body-i1-m8: [  390/1308] radius=1.827e-02 microboxes=13712
    body-i1-m8: [  520/1308] radius=3.025e-02 microboxes=14752
    body-i1-m8: [  650/1308] radius=3.992e-02 microboxes=15792
    body-i1-m8: [  780/1308] radius=5.384e-02 microboxes=16832
    body-i1-m8: [  910/1308] radius=6.167e-02 microboxes=17872
    body-i1-m8: [ 1040/1308] radius=7.628e-02 microboxes=18912
    body-i1-m8: [ 1170/1308] radius=9.424e-02 microboxes=19952
    body-i1-m8: [ 1300/1308] radius=1.128e-01 microboxes=20992
    body-i1-m8: [ 1308/1308] radius=1.159e-01 microboxes=21056
    edge-i1-m8: [    1/16] radius=1.531e-07 microboxes=21064
    edge-i1-m8: [    2/16] radius=3.133e-07 microboxes=21072
    edge-i1-m8: [    3/16] radius=4.751e-07 microboxes=21080
    edge-i1-m8: [    4/16] radius=6.384e-07 microboxes=21088
    edge-i1-m8: [    5/16] radius=8.032e-07 microboxes=21096
    edge-i1-m8: [    6/16] radius=9.696e-07 microboxes=21104
    edge-i1-m8: [    7/16] radius=1.138e-06 microboxes=21112
    edge-i1-m8: [    8/16] radius=1.307e-06 microboxes=21120
    edge-i1-m8: [    9/16] radius=1.478e-06 microboxes=21128
    edge-i1-m8: [   10/16] radius=1.651e-06 microboxes=21136
    edge-i1-m8: [   11/16] radius=1.825e-06 microboxes=21144
    edge-i1-m8: [   12/16] radius=2.001e-06 microboxes=21152
    edge-i1-m8: [   13/16] radius=2.179e-06 microboxes=21160
    edge-i1-m8: [   14/16] radius=2.358e-06 microboxes=21168
    edge-i1-m8: [   15/16] radius=2.539e-06 microboxes=21176
    edge-i1-m8: [   16/16] radius=2.721e-06 microboxes=21184
    body-i2-m8: [    1/1308] radius=2.463e-06 microboxes=21192
    body-i2-m8: [  130/1308] radius=1.512e-03 microboxes=22224
    body-i2-m8: [  260/1308] radius=6.577e-03 microboxes=23264
    body-i2-m8: [  390/1308] radius=1.826e-02 microboxes=24304
    body-i2-m8: [  520/1308] radius=3.021e-02 microboxes=25344
    body-i2-m8: [  650/1308] radius=3.988e-02 microboxes=26384
    body-i2-m8: [  780/1308] radius=5.380e-02 microboxes=27424
    body-i2-m8: [  910/1308] radius=6.164e-02 microboxes=28464
    body-i2-m8: [ 1040/1308] radius=7.610e-02 microboxes=29504
    body-i2-m8: [ 1170/1308] radius=9.398e-02 microboxes=30544
    body-i2-m8: [ 1300/1308] radius=1.125e-01 microboxes=31584
    body-i2-m8: [ 1308/1308] radius=1.156e-01 microboxes=31648
    edge-i2-m8: [    1/16] radius=1.587e-07 microboxes=31656
    edge-i2-m8: [    2/16] radius=3.102e-07 microboxes=31664
    edge-i2-m8: [    3/16] radius=4.720e-07 microboxes=31672
    edge-i2-m8: [    4/16] radius=6.354e-07 microboxes=31680
    edge-i2-m8: [    5/16] radius=8.003e-07 microboxes=31688
    edge-i2-m8: [    6/16] radius=9.667e-07 microboxes=31696
    edge-i2-m8: [    7/16] radius=1.135e-06 microboxes=31704
    edge-i2-m8: [    8/16] radius=1.304e-06 microboxes=31712
    edge-i2-m8: [    9/16] radius=1.476e-06 microboxes=31720
    edge-i2-m8: [   10/16] radius=1.648e-06 microboxes=31728
    edge-i2-m8: [   11/16] radius=1.823e-06 microboxes=31736
    edge-i2-m8: [   12/16] radius=1.999e-06 microboxes=31744
    edge-i2-m8: [   13/16] radius=2.176e-06 microboxes=31752
    edge-i2-m8: [   14/16] radius=2.355e-06 microboxes=31760
    edge-i2-m8: [   15/16] radius=2.536e-06 microboxes=31768
    edge-i2-m8: [   16/16] radius=2.719e-06 microboxes=31776
    body-i3-m8: [    1/1308] radius=2.568e-06 microboxes=31784
    body-i3-m8: [  130/1308] radius=1.527e-03 microboxes=32816
    body-i3-m8: [  260/1308] radius=6.643e-03 microboxes=33856
    body-i3-m8: [  390/1308] radius=1.845e-02 microboxes=34896
    body-i3-m8: [  520/1308] radius=3.050e-02 microboxes=35936
    body-i3-m8: [  650/1308] radius=4.024e-02 microboxes=36976
    body-i3-m8: [  780/1308] radius=5.431e-02 microboxes=38016
    body-i3-m8: [  910/1308] radius=6.219e-02 microboxes=39056
    body-i3-m8: [ 1040/1308] radius=7.685e-02 microboxes=40096
    body-i3-m8: [ 1170/1308] radius=9.492e-02 microboxes=41136
    body-i3-m8: [ 1300/1308] radius=1.137e-01 microboxes=42176
    body-i3-m8: [ 1308/1308] radius=1.168e-01 microboxes=42240
    edge-i3-m8: [    1/16] radius=1.589e-07 microboxes=42248
    edge-i3-m8: [    2/16] radius=3.193e-07 microboxes=42256
    edge-i3-m8: [    3/16] radius=4.781e-07 microboxes=42264
    edge-i3-m8: [    4/16] radius=6.416e-07 microboxes=42272
    edge-i3-m8: [    5/16] radius=8.067e-07 microboxes=42280
    edge-i3-m8: [    6/16] radius=9.733e-07 microboxes=42288
    edge-i3-m8: [    7/16] radius=1.142e-06 microboxes=42296
    edge-i3-m8: [    8/16] radius=1.311e-06 microboxes=42304
    edge-i3-m8: [    9/16] radius=1.483e-06 microboxes=42312
    edge-i3-m8: [   10/16] radius=1.656e-06 microboxes=42320
    edge-i3-m8: [   11/16] radius=1.830e-06 microboxes=42328
    edge-i3-m8: [   12/16] radius=2.006e-06 microboxes=42336
    edge-i3-m8: [   13/16] radius=2.184e-06 microboxes=42344
    edge-i3-m8: [   14/16] radius=2.363e-06 microboxes=42352
    edge-i3-m8: [   15/16] radius=2.544e-06 microboxes=42360
    edge-i3-m8: [   16/16] radius=2.727e-06 microboxes=42368
    body-i4-m8: [    1/1308] radius=2.487e-06 microboxes=42376
    body-i4-m8: [  130/1308] radius=1.512e-03 microboxes=43408
    body-i4-m8: [  260/1308] radius=6.582e-03 microboxes=44448
    body-i4-m8: [  390/1308] radius=1.829e-02 microboxes=45488
    body-i4-m8: [  520/1308] radius=3.029e-02 microboxes=46528
    body-i4-m8: [  650/1308] radius=3.997e-02 microboxes=47568
    body-i4-m8: [  780/1308] radius=5.391e-02 microboxes=48608
    body-i4-m8: [  910/1308] radius=6.175e-02 microboxes=49648
    body-i4-m8: [ 1040/1308] radius=7.638e-02 microboxes=50688
    body-i4-m8: [ 1170/1308] radius=9.437e-02 microboxes=51728
    body-i4-m8: [ 1300/1308] radius=1.129e-01 microboxes=52768
    body-i4-m8: [ 1308/1308] radius=1.160e-01 microboxes=52832
    edge-i4-m8: [    1/16] radius=1.587e-07 microboxes=52840
    edge-i4-m8: [    2/16] radius=3.189e-07 microboxes=52848
    edge-i4-m8: [    3/16] radius=4.806e-07 microboxes=52856
    edge-i4-m8: [    4/16] radius=6.415e-07 microboxes=52864
    edge-i4-m8: [    5/16] radius=8.064e-07 microboxes=52872
    edge-i4-m8: [    6/16] radius=9.728e-07 microboxes=52880
    edge-i4-m8: [    7/16] radius=1.141e-06 microboxes=52888
    edge-i4-m8: [    8/16] radius=1.310e-06 microboxes=52896
    edge-i4-m8: [    9/16] radius=1.482e-06 microboxes=52904
    edge-i4-m8: [   10/16] radius=1.654e-06 microboxes=52912
    edge-i4-m8: [   11/16] radius=1.829e-06 microboxes=52920
    edge-i4-m8: [   12/16] radius=2.004e-06 microboxes=52928
    edge-i4-m8: [   13/16] radius=2.182e-06 microboxes=52936
    edge-i4-m8: [   14/16] radius=2.361e-06 microboxes=52944
    edge-i4-m8: [   15/16] radius=2.542e-06 microboxes=52952
    edge-i4-m8: [   16/16] radius=2.724e-06 microboxes=52960
  [  5/81] i= 4 epsT=3.180e-02 epsG=2.596e-06 edgeRows=2.527e-02 activeR=1.660e-03 sep=1.106e-02 lower=+9.400e-03 pass=True disc=3.24e-10
    body-i5-m8: [    1/1308] radius=2.579e-06 microboxes=52968
    body-i5-m8: [  130/1308] radius=1.510e-03 microboxes=54000
    body-i5-m8: [  260/1308] radius=6.568e-03 microboxes=55040
    body-i5-m8: [  390/1308] radius=1.824e-02 microboxes=56080
    body-i5-m8: [  520/1308] radius=3.018e-02 microboxes=57120
    body-i5-m8: [  650/1308] radius=3.983e-02 microboxes=58160
    body-i5-m8: [  780/1308] radius=5.373e-02 microboxes=59200
    body-i5-m8: [  910/1308] radius=6.156e-02 microboxes=60240
    body-i5-m8: [ 1040/1308] radius=7.600e-02 microboxes=61280
    body-i5-m8: [ 1170/1308] radius=9.385e-02 microboxes=62320
    body-i5-m8: [ 1300/1308] radius=1.124e-01 microboxes=63360
    body-i5-m8: [ 1308/1308] radius=1.154e-01 microboxes=63424
    edge-i5-m8: [    1/16] radius=1.587e-07 microboxes=63432
    edge-i5-m8: [    2/16] radius=3.190e-07 microboxes=63440
    edge-i5-m8: [    3/16] radius=4.808e-07 microboxes=63448
    edge-i5-m8: [    4/16] radius=6.442e-07 microboxes=63456
    edge-i5-m8: [    5/16] radius=8.010e-07 microboxes=63464
    edge-i5-m8: [    6/16] radius=9.675e-07 microboxes=63472
    edge-i5-m8: [    7/16] radius=1.136e-06 microboxes=63480
    edge-i5-m8: [    8/16] radius=1.305e-06 microboxes=63488
    edge-i5-m8: [    9/16] radius=1.476e-06 microboxes=63496
    edge-i5-m8: [   10/16] radius=1.649e-06 microboxes=63504
    edge-i5-m8: [   11/16] radius=1.824e-06 microboxes=63512
    edge-i5-m8: [   12/16] radius=1.999e-06 microboxes=63520
    edge-i5-m8: [   13/16] radius=2.177e-06 microboxes=63528
    edge-i5-m8: [   14/16] radius=2.356e-06 microboxes=63536
    edge-i5-m8: [   15/16] radius=2.537e-06 microboxes=63544
    edge-i5-m8: [   16/16] radius=2.719e-06 microboxes=63552
    body-i6-m8: [    1/1308] radius=2.581e-06 microboxes=63560
    body-i6-m8: [  130/1308] radius=1.525e-03 microboxes=64592
    body-i6-m8: [  260/1308] radius=6.634e-03 microboxes=65632
    body-i6-m8: [  390/1308] radius=1.842e-02 microboxes=66672
    body-i6-m8: [  520/1308] radius=3.046e-02 microboxes=67712
    body-i6-m8: [  650/1308] radius=4.019e-02 microboxes=68752
    body-i6-m8: [  780/1308] radius=5.424e-02 microboxes=69792
    body-i6-m8: [  910/1308] radius=6.211e-02 microboxes=70832
    body-i6-m8: [ 1040/1308] radius=7.676e-02 microboxes=71872
    body-i6-m8: [ 1170/1308] radius=9.480e-02 microboxes=72912
    body-i6-m8: [ 1300/1308] radius=1.135e-01 microboxes=73952
    body-i6-m8: [ 1308/1308] radius=1.166e-01 microboxes=74016
    edge-i6-m8: [    1/16] radius=1.589e-07 microboxes=74024
    edge-i6-m8: [    2/16] radius=3.193e-07 microboxes=74032
    edge-i6-m8: [    3/16] radius=4.813e-07 microboxes=74040
    edge-i6-m8: [    4/16] radius=6.448e-07 microboxes=74048
    edge-i6-m8: [    5/16] radius=8.099e-07 microboxes=74056
    edge-i6-m8: [    6/16] radius=9.700e-07 microboxes=74064
    edge-i6-m8: [    7/16] radius=1.138e-06 microboxes=74072
    edge-i6-m8: [    8/16] radius=1.308e-06 microboxes=74080
    edge-i6-m8: [    9/16] radius=1.479e-06 microboxes=74088
    edge-i6-m8: [   10/16] radius=1.652e-06 microboxes=74096
    edge-i6-m8: [   11/16] radius=1.827e-06 microboxes=74104
    edge-i6-m8: [   12/16] radius=2.003e-06 microboxes=74112
    edge-i6-m8: [   13/16] radius=2.181e-06 microboxes=74120
    edge-i6-m8: [   14/16] radius=2.360e-06 microboxes=74128
    edge-i6-m8: [   15/16] radius=2.541e-06 microboxes=74136
    edge-i6-m8: [   16/16] radius=2.723e-06 microboxes=74144
    body-i7-m8: [    1/1308] radius=2.578e-06 microboxes=74152
    body-i7-m8: [  130/1308] radius=1.514e-03 microboxes=75184
    body-i7-m8: [  260/1308] radius=6.591e-03 microboxes=76224
    body-i7-m8: [  390/1308] radius=1.832e-02 microboxes=77264
    body-i7-m8: [  520/1308] radius=3.033e-02 microboxes=78304
    body-i7-m8: [  650/1308] radius=4.002e-02 microboxes=79344
    body-i7-m8: [  780/1308] radius=5.398e-02 microboxes=80384
    body-i7-m8: [  910/1308] radius=6.184e-02 microboxes=81424
    body-i7-m8: [ 1040/1308] radius=7.648e-02 microboxes=82464
    body-i7-m8: [ 1170/1308] radius=9.449e-02 microboxes=83504
    body-i7-m8: [ 1300/1308] radius=1.131e-01 microboxes=84544
    body-i7-m8: [ 1308/1308] radius=1.162e-01 microboxes=84608
    edge-i7-m8: [    1/16] radius=1.587e-07 microboxes=84616
    edge-i7-m8: [    2/16] radius=3.189e-07 microboxes=84624
    edge-i7-m8: [    3/16] radius=4.806e-07 microboxes=84632
    edge-i7-m8: [    4/16] radius=6.439e-07 microboxes=84640
    edge-i7-m8: [    5/16] radius=8.088e-07 microboxes=84648
    edge-i7-m8: [    6/16] radius=9.744e-07 microboxes=84656
    edge-i7-m8: [    7/16] radius=1.142e-06 microboxes=84664
    edge-i7-m8: [    8/16] radius=1.312e-06 microboxes=84672
    edge-i7-m8: [    9/16] radius=1.483e-06 microboxes=84680
    edge-i7-m8: [   10/16] radius=1.656e-06 microboxes=84688
    edge-i7-m8: [   11/16] radius=1.830e-06 microboxes=84696
    edge-i7-m8: [   12/16] radius=2.006e-06 microboxes=84704
    edge-i7-m8: [   13/16] radius=2.184e-06 microboxes=84712
    edge-i7-m8: [   14/16] radius=2.363e-06 microboxes=84720
    edge-i7-m8: [   15/16] radius=2.543e-06 microboxes=84728
    edge-i7-m8: [   16/16] radius=2.726e-06 microboxes=84736
    body-i8-m8: [    1/1308] radius=2.579e-06 microboxes=84744
    body-i8-m8: [  130/1308] radius=1.508e-03 microboxes=85776
    body-i8-m8: [  260/1308] radius=6.560e-03 microboxes=86816
    body-i8-m8: [  390/1308] radius=1.822e-02 microboxes=87856
    body-i8-m8: [  520/1308] radius=3.014e-02 microboxes=88896
    body-i8-m8: [  650/1308] radius=3.977e-02 microboxes=89936
    body-i8-m8: [  780/1308] radius=5.367e-02 microboxes=90976
    body-i8-m8: [  910/1308] radius=6.147e-02 microboxes=92016
    body-i8-m8: [ 1040/1308] radius=7.589e-02 microboxes=93056
    body-i8-m8: [ 1170/1308] radius=9.373e-02 microboxes=94096
    body-i8-m8: [ 1300/1308] radius=1.122e-01 microboxes=95136
    body-i8-m8: [ 1308/1308] radius=1.153e-01 microboxes=95200
    edge-i8-m8: [    1/16] radius=1.587e-07 microboxes=95208
    edge-i8-m8: [    2/16] radius=3.190e-07 microboxes=95216
    edge-i8-m8: [    3/16] radius=4.808e-07 microboxes=95224
    edge-i8-m8: [    4/16] radius=6.442e-07 microboxes=95232
    edge-i8-m8: [    5/16] radius=8.092e-07 microboxes=95240
    edge-i8-m8: [    6/16] radius=9.757e-07 microboxes=95248
    edge-i8-m8: [    7/16] radius=1.139e-06 microboxes=95256
    edge-i8-m8: [    8/16] radius=1.308e-06 microboxes=95264
    edge-i8-m8: [    9/16] radius=1.480e-06 microboxes=95272
    edge-i8-m8: [   10/16] radius=1.653e-06 microboxes=95280
    edge-i8-m8: [   11/16] radius=1.827e-06 microboxes=95288
    edge-i8-m8: [   12/16] radius=2.003e-06 microboxes=95296
    edge-i8-m8: [   13/16] radius=2.181e-06 microboxes=95304
    edge-i8-m8: [   14/16] radius=2.360e-06 microboxes=95312
    edge-i8-m8: [   15/16] radius=2.541e-06 microboxes=95320
    edge-i8-m8: [   16/16] radius=2.723e-06 microboxes=95328
    body-i9-m8: [    1/1308] radius=2.581e-06 microboxes=95336
    body-i9-m8: [  130/1308] radius=1.523e-03 microboxes=96368
    body-i9-m8: [  260/1308] radius=6.626e-03 microboxes=97408
    body-i9-m8: [  390/1308] radius=1.840e-02 microboxes=98448
    body-i9-m8: [  520/1308] radius=3.042e-02 microboxes=99488
    body-i9-m8: [  650/1308] radius=4.013e-02 microboxes=100528
    body-i9-m8: [  780/1308] radius=5.417e-02 microboxes=101568
    body-i9-m8: [  910/1308] radius=6.203e-02 microboxes=102608
    body-i9-m8: [ 1040/1308] radius=7.666e-02 microboxes=103648
    body-i9-m8: [ 1170/1308] radius=9.468e-02 microboxes=104688
    body-i9-m8: [ 1300/1308] radius=1.134e-01 microboxes=105728
    body-i9-m8: [ 1308/1308] radius=1.165e-01 microboxes=105792
    edge-i9-m8: [    1/16] radius=1.589e-07 microboxes=105800
    edge-i9-m8: [    2/16] radius=3.193e-07 microboxes=105808
    edge-i9-m8: [    3/16] radius=4.812e-07 microboxes=105816
    edge-i9-m8: [    4/16] radius=6.447e-07 microboxes=105824
    edge-i9-m8: [    5/16] radius=8.098e-07 microboxes=105832
    edge-i9-m8: [    6/16] radius=9.765e-07 microboxes=105840
    edge-i9-m8: [    7/16] radius=1.145e-06 microboxes=105848
    edge-i9-m8: [    8/16] radius=1.304e-06 microboxes=105856
    edge-i9-m8: [    9/16] radius=1.476e-06 microboxes=105864
    edge-i9-m8: [   10/16] radius=1.649e-06 microboxes=105872
    edge-i9-m8: [   11/16] radius=1.823e-06 microboxes=105880
    edge-i9-m8: [   12/16] radius=1.999e-06 microboxes=105888
    edge-i9-m8: [   13/16] radius=2.177e-06 microboxes=105896
    edge-i9-m8: [   14/16] radius=2.356e-06 microboxes=105904
    edge-i9-m8: [   15/16] radius=2.537e-06 microboxes=105912
    edge-i9-m8: [   16/16] radius=2.720e-06 microboxes=105920
  [ 10/81] i= 9 epsT=3.194e-02 epsG=2.592e-06 edgeRows=2.527e-02 activeR=1.667e-03 sep=1.108e-02 lower=+9.413e-03 pass=True disc=3.23e-10
    body-i10-m8: [    1/1308] radius=2.578e-06 microboxes=105928
    body-i10-m8: [  130/1308] radius=1.517e-03 microboxes=106960
    body-i10-m8: [  260/1308] radius=6.599e-03 microboxes=108000
    body-i10-m8: [  390/1308] radius=1.834e-02 microboxes=109040
    body-i10-m8: [  520/1308] radius=3.036e-02 microboxes=110080
    body-i10-m8: [  650/1308] radius=4.007e-02 microboxes=111120
    body-i10-m8: [  780/1308] radius=5.405e-02 microboxes=112160
    body-i10-m8: [  910/1308] radius=6.192e-02 microboxes=113200
    body-i10-m8: [ 1040/1308] radius=7.658e-02 microboxes=114240
    body-i10-m8: [ 1170/1308] radius=9.461e-02 microboxes=115280
    body-i10-m8: [ 1300/1308] radius=1.132e-01 microboxes=116320
    body-i10-m8: [ 1308/1308] radius=1.163e-01 microboxes=116384
    edge-i10-m8: [    1/16] radius=1.587e-07 microboxes=116392
    edge-i10-m8: [    2/16] radius=3.189e-07 microboxes=116400
    edge-i10-m8: [    3/16] radius=4.806e-07 microboxes=116408
    edge-i10-m8: [    4/16] radius=6.439e-07 microboxes=116416
    edge-i10-m8: [    5/16] radius=8.088e-07 microboxes=116424
    edge-i10-m8: [    6/16] radius=9.753e-07 microboxes=116432
    edge-i10-m8: [    7/16] radius=1.143e-06 microboxes=116440
    edge-i10-m8: [    8/16] radius=1.313e-06 microboxes=116448
    edge-i10-m8: [    9/16] radius=1.480e-06 microboxes=116456
    edge-i10-m8: [   10/16] radius=1.653e-06 microboxes=116464
    edge-i10-m8: [   11/16] radius=1.827e-06 microboxes=116472
    edge-i10-m8: [   12/16] radius=2.003e-06 microboxes=116480
    edge-i10-m8: [   13/16] radius=2.180e-06 microboxes=116488
    edge-i10-m8: [   14/16] radius=2.359e-06 microboxes=116496
    edge-i10-m8: [   15/16] radius=2.540e-06 microboxes=116504
    edge-i10-m8: [   16/16] radius=2.722e-06 microboxes=116512
    body-i11-m8: [    1/1308] radius=2.579e-06 microboxes=116520
    body-i11-m8: [  130/1308] radius=1.507e-03 microboxes=117552
    body-i11-m8: [  260/1308] radius=6.551e-03 microboxes=118592
    body-i11-m8: [  390/1308] radius=1.820e-02 microboxes=119632
    body-i11-m8: [  520/1308] radius=3.010e-02 microboxes=120672
    body-i11-m8: [  650/1308] radius=3.973e-02 microboxes=121712
    body-i11-m8: [  780/1308] radius=5.360e-02 microboxes=122752
    body-i11-m8: [  910/1308] radius=6.140e-02 microboxes=123792
    body-i11-m8: [ 1040/1308] radius=7.579e-02 microboxes=124832
    body-i11-m8: [ 1170/1308] radius=9.361e-02 microboxes=125872
    body-i11-m8: [ 1300/1308] radius=1.121e-01 microboxes=126912
    body-i11-m8: [ 1308/1308] radius=1.151e-01 microboxes=126976
    edge-i11-m8: [    1/16] radius=1.588e-07 microboxes=126984
    edge-i11-m8: [    2/16] radius=3.191e-07 microboxes=126992
    edge-i11-m8: [    3/16] radius=4.809e-07 microboxes=127000
    edge-i11-m8: [    4/16] radius=6.443e-07 microboxes=127008
    edge-i11-m8: [    5/16] radius=8.093e-07 microboxes=127016
    edge-i11-m8: [    6/16] radius=9.758e-07 microboxes=127024
    edge-i11-m8: [    7/16] radius=1.144e-06 microboxes=127032
    edge-i11-m8: [    8/16] radius=1.314e-06 microboxes=127040
    edge-i11-m8: [    9/16] radius=1.485e-06 microboxes=127048
    edge-i11-m8: [   10/16] radius=1.656e-06 microboxes=127056
    edge-i11-m8: [   11/16] radius=1.830e-06 microboxes=127064
    edge-i11-m8: [   12/16] radius=2.006e-06 microboxes=127072
    edge-i11-m8: [   13/16] radius=2.184e-06 microboxes=127080
    edge-i11-m8: [   14/16] radius=2.363e-06 microboxes=127088
    edge-i11-m8: [   15/16] radius=2.544e-06 microboxes=127096
    edge-i11-m8: [   16/16] radius=2.727e-06 microboxes=127104
    body-i12-m8: [    1/1308] radius=2.581e-06 microboxes=127112
    body-i12-m8: [  130/1308] radius=1.521e-03 microboxes=128144
    body-i12-m8: [  260/1308] radius=6.617e-03 microboxes=129184
    body-i12-m8: [  390/1308] radius=1.837e-02 microboxes=130224
    body-i12-m8: [  520/1308] radius=3.038e-02 microboxes=131264
    body-i12-m8: [  650/1308] radius=4.008e-02 microboxes=132304
    body-i12-m8: [  780/1308] radius=5.410e-02 microboxes=133344
    body-i12-m8: [  910/1308] radius=6.195e-02 microboxes=134384
    body-i12-m8: [ 1040/1308] radius=7.656e-02 microboxes=135424
    body-i12-m8: [ 1170/1308] radius=9.456e-02 microboxes=136464
    body-i12-m8: [ 1300/1308] radius=1.132e-01 microboxes=137504
    body-i12-m8: [ 1308/1308] radius=1.163e-01 microboxes=137568
    edge-i12-m8: [    1/16] radius=1.589e-07 microboxes=137576
    edge-i12-m8: [    2/16] radius=3.193e-07 microboxes=137584
    edge-i12-m8: [    3/16] radius=4.812e-07 microboxes=137592
    edge-i12-m8: [    4/16] radius=6.447e-07 microboxes=137600
    edge-i12-m8: [    5/16] radius=8.098e-07 microboxes=137608
    edge-i12-m8: [    6/16] radius=9.764e-07 microboxes=137616
    edge-i12-m8: [    7/16] radius=1.145e-06 microboxes=137624
    edge-i12-m8: [    8/16] radius=1.314e-06 microboxes=137632
    edge-i12-m8: [    9/16] radius=1.486e-06 microboxes=137640
    edge-i12-m8: [   10/16] radius=1.659e-06 microboxes=137648
    edge-i12-m8: [   11/16] radius=1.826e-06 microboxes=137656
    edge-i12-m8: [   12/16] radius=2.002e-06 microboxes=137664
    edge-i12-m8: [   13/16] radius=2.179e-06 microboxes=137672
    edge-i12-m8: [   14/16] radius=2.359e-06 microboxes=137680
    edge-i12-m8: [   15/16] radius=2.540e-06 microboxes=137688
    edge-i12-m8: [   16/16] radius=2.722e-06 microboxes=137696
    body-i13-m8: [    1/1308] radius=2.578e-06 microboxes=137704
    body-i13-m8: [  130/1308] radius=1.518e-03 microboxes=138736
    body-i13-m8: [  260/1308] radius=6.608e-03 microboxes=139776
    body-i13-m8: [  390/1308] radius=1.837e-02 microboxes=140816
    body-i13-m8: [  520/1308] radius=3.040e-02 microboxes=141856
    body-i13-m8: [  650/1308] radius=4.012e-02 microboxes=142896
    body-i13-m8: [  780/1308] radius=5.412e-02 microboxes=143936
    body-i13-m8: [  910/1308] radius=6.200e-02 microboxes=144976
    body-i13-m8: [ 1040/1308] radius=7.668e-02 microboxes=146016
    body-i13-m8: [ 1170/1308] radius=9.474e-02 microboxes=147056
    body-i13-m8: [ 1300/1308] radius=1.134e-01 microboxes=148096
    body-i13-m8: [ 1308/1308] radius=1.164e-01 microboxes=148160
    edge-i13-m8: [    1/16] radius=1.587e-07 microboxes=148168
    edge-i13-m8: [    2/16] radius=3.189e-07 microboxes=148176
    edge-i13-m8: [    3/16] radius=4.806e-07 microboxes=148184
    edge-i13-m8: [    4/16] radius=6.439e-07 microboxes=148192
    edge-i13-m8: [    5/16] radius=8.088e-07 microboxes=148200
    edge-i13-m8: [    6/16] radius=9.752e-07 microboxes=148208
    edge-i13-m8: [    7/16] radius=1.143e-06 microboxes=148216
    edge-i13-m8: [    8/16] radius=1.313e-06 microboxes=148224
    edge-i13-m8: [    9/16] radius=1.484e-06 microboxes=148232
    edge-i13-m8: [   10/16] radius=1.657e-06 microboxes=148240
    edge-i13-m8: [   11/16] radius=1.823e-06 microboxes=148248
    edge-i13-m8: [   12/16] radius=1.999e-06 microboxes=148256
    edge-i13-m8: [   13/16] radius=2.177e-06 microboxes=148264
    edge-i13-m8: [   14/16] radius=2.356e-06 microboxes=148272
    edge-i13-m8: [   15/16] radius=2.537e-06 microboxes=148280
    edge-i13-m8: [   16/16] radius=2.719e-06 microboxes=148288
    body-i14-m8: [    1/1308] radius=2.579e-06 microboxes=148296
    body-i14-m8: [  130/1308] radius=1.507e-03 microboxes=149328
    body-i14-m8: [  260/1308] radius=6.550e-03 microboxes=150368
    body-i14-m8: [  390/1308] radius=1.820e-02 microboxes=151408
    body-i14-m8: [  520/1308] radius=3.010e-02 microboxes=152448
    body-i14-m8: [  650/1308] radius=3.973e-02 microboxes=153488
    body-i14-m8: [  780/1308] radius=5.359e-02 microboxes=154528
    body-i14-m8: [  910/1308] radius=6.140e-02 microboxes=155568
    body-i14-m8: [ 1040/1308] radius=7.579e-02 microboxes=156608
    body-i14-m8: [ 1170/1308] radius=9.361e-02 microboxes=157648
    body-i14-m8: [ 1300/1308] radius=1.121e-01 microboxes=158688
    body-i14-m8: [ 1308/1308] radius=1.151e-01 microboxes=158752
    edge-i14-m8: [    1/16] radius=1.588e-07 microboxes=158760
    edge-i14-m8: [    2/16] radius=3.191e-07 microboxes=158768
    edge-i14-m8: [    3/16] radius=4.809e-07 microboxes=158776
    edge-i14-m8: [    4/16] radius=6.443e-07 microboxes=158784
    edge-i14-m8: [    5/16] radius=8.093e-07 microboxes=158792
    edge-i14-m8: [    6/16] radius=9.759e-07 microboxes=158800
    edge-i14-m8: [    7/16] radius=1.144e-06 microboxes=158808
    edge-i14-m8: [    8/16] radius=1.314e-06 microboxes=158816
    edge-i14-m8: [    9/16] radius=1.485e-06 microboxes=158824
    edge-i14-m8: [   10/16] radius=1.658e-06 microboxes=158832
    edge-i14-m8: [   11/16] radius=1.832e-06 microboxes=158840
    edge-i14-m8: [   12/16] radius=2.007e-06 microboxes=158848
    edge-i14-m8: [   13/16] radius=2.184e-06 microboxes=158856
    edge-i14-m8: [   14/16] radius=2.363e-06 microboxes=158864
    edge-i14-m8: [   15/16] radius=2.544e-06 microboxes=158872
    edge-i14-m8: [   16/16] radius=2.727e-06 microboxes=158880
  [ 15/81] i=14 epsT=3.157e-02 epsG=2.598e-06 edgeRows=2.527e-02 activeR=1.648e-03 sep=1.106e-02 lower=+9.416e-03 pass=True disc=3.23e-10
    body-i15-m8: [    1/1308] radius=2.580e-06 microboxes=158888
    body-i15-m8: [  130/1308] radius=1.519e-03 microboxes=159920
    body-i15-m8: [  260/1308] radius=6.609e-03 microboxes=160960
    body-i15-m8: [  390/1308] radius=1.835e-02 microboxes=162000
    body-i15-m8: [  520/1308] radius=3.034e-02 microboxes=163040
    body-i15-m8: [  650/1308] radius=4.003e-02 microboxes=164080
    body-i15-m8: [  780/1308] radius=5.403e-02 microboxes=165120
    body-i15-m8: [  910/1308] radius=6.187e-02 microboxes=166160
    body-i15-m8: [ 1040/1308] radius=7.647e-02 microboxes=167200
    body-i15-m8: [ 1170/1308] radius=9.444e-02 microboxes=168240
    body-i15-m8: [ 1300/1308] radius=1.131e-01 microboxes=169280
    body-i15-m8: [ 1308/1308] radius=1.162e-01 microboxes=169344
    edge-i15-m8: [    1/16] radius=1.589e-07 microboxes=169352
    edge-i15-m8: [    2/16] radius=3.193e-07 microboxes=169360
    edge-i15-m8: [    3/16] radius=4.812e-07 microboxes=169368
    edge-i15-m8: [    4/16] radius=6.447e-07 microboxes=169376
    edge-i15-m8: [    5/16] radius=8.098e-07 microboxes=169384
    edge-i15-m8: [    6/16] radius=9.764e-07 microboxes=169392
    edge-i15-m8: [    7/16] radius=1.145e-06 microboxes=169400
    edge-i15-m8: [    8/16] radius=1.314e-06 microboxes=169408
    edge-i15-m8: [    9/16] radius=1.486e-06 microboxes=169416
    edge-i15-m8: [   10/16] radius=1.659e-06 microboxes=169424
    edge-i15-m8: [   11/16] radius=1.833e-06 microboxes=169432
    edge-i15-m8: [   12/16] radius=2.009e-06 microboxes=169440
    edge-i15-m8: [   13/16] radius=2.183e-06 microboxes=169448
    edge-i15-m8: [   14/16] radius=2.362e-06 microboxes=169456
    edge-i15-m8: [   15/16] radius=2.543e-06 microboxes=169464
    edge-i15-m8: [   16/16] radius=2.725e-06 microboxes=169472
    body-i16-m8: [    1/1308] radius=2.577e-06 microboxes=169480
    body-i16-m8: [  130/1308] radius=1.520e-03 microboxes=170512
    body-i16-m8: [  260/1308] radius=6.616e-03 microboxes=171552
    body-i16-m8: [  390/1308] radius=1.839e-02 microboxes=172592
    body-i16-m8: [  520/1308] radius=3.044e-02 microboxes=173632
    body-i16-m8: [  650/1308] radius=4.018e-02 microboxes=174672
    body-i16-m8: [  780/1308] radius=5.418e-02 microboxes=175712
    body-i16-m8: [  910/1308] radius=6.208e-02 microboxes=176752
    body-i16-m8: [ 1040/1308] radius=7.678e-02 microboxes=177792
    body-i16-m8: [ 1170/1308] radius=9.486e-02 microboxes=178832
    body-i16-m8: [ 1300/1308] radius=1.135e-01 microboxes=179872
    body-i16-m8: [ 1308/1308] radius=1.166e-01 microboxes=179936
    edge-i16-m8: [    1/16] radius=1.587e-07 microboxes=179944
    edge-i16-m8: [    2/16] radius=3.189e-07 microboxes=179952
    edge-i16-m8: [    3/16] radius=4.806e-07 microboxes=179960
    edge-i16-m8: [    4/16] radius=6.439e-07 microboxes=179968
    edge-i16-m8: [    5/16] radius=8.088e-07 microboxes=179976
    edge-i16-m8: [    6/16] radius=9.752e-07 microboxes=179984
    edge-i16-m8: [    7/16] radius=1.143e-06 microboxes=179992
    edge-i16-m8: [    8/16] radius=1.313e-06 microboxes=180000
    edge-i16-m8: [    9/16] radius=1.484e-06 microboxes=180008
    edge-i16-m8: [   10/16] radius=1.657e-06 microboxes=180016
    edge-i16-m8: [   11/16] radius=1.831e-06 microboxes=180024
    edge-i16-m8: [   12/16] radius=2.007e-06 microboxes=180032
    edge-i16-m8: [   13/16] radius=2.184e-06 microboxes=180040
    edge-i16-m8: [   14/16] radius=2.353e-06 microboxes=180048
    edge-i16-m8: [   15/16] radius=2.534e-06 microboxes=180056
    edge-i16-m8: [   16/16] radius=2.716e-06 microboxes=180064
    body-i17-m8: [    1/1308] radius=2.579e-06 microboxes=180072
    body-i17-m8: [  130/1308] radius=1.508e-03 microboxes=181104
    body-i17-m8: [  260/1308] radius=6.558e-03 microboxes=182144
    body-i17-m8: [  390/1308] radius=1.822e-02 microboxes=183184
    body-i17-m8: [  520/1308] radius=3.014e-02 microboxes=184224
    body-i17-m8: [  650/1308] radius=3.978e-02 microboxes=185264
    body-i17-m8: [  780/1308] radius=5.366e-02 microboxes=186304
    body-i17-m8: [  910/1308] radius=6.147e-02 microboxes=187344
    body-i17-m8: [ 1040/1308] radius=7.588e-02 microboxes=188384
    body-i17-m8: [ 1170/1308] radius=9.372e-02 microboxes=189424
    body-i17-m8: [ 1300/1308] radius=1.122e-01 microboxes=190464
    body-i17-m8: [ 1308/1308] radius=1.153e-01 microboxes=190528
    edge-i17-m8: [    1/16] radius=1.588e-07 microboxes=190536
    edge-i17-m8: [    2/16] radius=3.191e-07 microboxes=190544
    edge-i17-m8: [    3/16] radius=4.809e-07 microboxes=190552
    edge-i17-m8: [    4/16] radius=6.444e-07 microboxes=190560
    edge-i17-m8: [    5/16] radius=8.093e-07 microboxes=190568
    edge-i17-m8: [    6/16] radius=9.759e-07 microboxes=190576
    edge-i17-m8: [    7/16] radius=1.144e-06 microboxes=190584
    edge-i17-m8: [    8/16] radius=1.314e-06 microboxes=190592
    edge-i17-m8: [    9/16] radius=1.485e-06 microboxes=190600
    edge-i17-m8: [   10/16] radius=1.658e-06 microboxes=190608
    edge-i17-m8: [   11/16] radius=1.832e-06 microboxes=190616
    edge-i17-m8: [   12/16] radius=2.008e-06 microboxes=190624
    edge-i17-m8: [   13/16] radius=2.186e-06 microboxes=190632
    edge-i17-m8: [   14/16] radius=2.365e-06 microboxes=190640
    edge-i17-m8: [   15/16] radius=2.541e-06 microboxes=190648
    edge-i17-m8: [   16/16] radius=2.723e-06 microboxes=190656
    body-i18-m8: [    1/1308] radius=2.580e-06 microboxes=190664
    body-i18-m8: [  130/1308] radius=1.518e-03 microboxes=191696
    body-i18-m8: [  260/1308] radius=6.600e-03 microboxes=192736
    body-i18-m8: [  390/1308] radius=1.833e-02 microboxes=193776
    body-i18-m8: [  520/1308] radius=3.030e-02 microboxes=194816
    body-i18-m8: [  650/1308] radius=3.998e-02 microboxes=195856
    body-i18-m8: [  780/1308] radius=5.396e-02 microboxes=196896
    body-i18-m8: [  910/1308] radius=6.179e-02 microboxes=197936
    body-i18-m8: [ 1040/1308] radius=7.637e-02 microboxes=198976
    body-i18-m8: [ 1170/1308] radius=9.433e-02 microboxes=200016
    body-i18-m8: [ 1300/1308] radius=1.130e-01 microboxes=201056
    body-i18-m8: [ 1308/1308] radius=1.160e-01 microboxes=201120
    edge-i18-m8: [    1/16] radius=1.588e-07 microboxes=201128
    edge-i18-m8: [    2/16] radius=3.192e-07 microboxes=201136
    edge-i18-m8: [    3/16] radius=4.812e-07 microboxes=201144
    edge-i18-m8: [    4/16] radius=6.446e-07 microboxes=201152
    edge-i18-m8: [    5/16] radius=8.097e-07 microboxes=201160
    edge-i18-m8: [    6/16] radius=9.763e-07 microboxes=201168
    edge-i18-m8: [    7/16] radius=1.144e-06 microboxes=201176
    edge-i18-m8: [    8/16] radius=1.314e-06 microboxes=201184
    edge-i18-m8: [    9/16] radius=1.486e-06 microboxes=201192
    edge-i18-m8: [   10/16] radius=1.659e-06 microboxes=201200
    edge-i18-m8: [   11/16] radius=1.833e-06 microboxes=201208
    edge-i18-m8: [   12/16] radius=2.009e-06 microboxes=201216
    edge-i18-m8: [   13/16] radius=2.187e-06 microboxes=201224
    edge-i18-m8: [   14/16] radius=2.366e-06 microboxes=201232
    edge-i18-m8: [   15/16] radius=2.547e-06 microboxes=201240
    edge-i18-m8: [   16/16] radius=2.729e-06 microboxes=201248
    body-i19-m8: [    1/1308] radius=2.577e-06 microboxes=201256
    body-i19-m8: [  130/1308] radius=1.522e-03 microboxes=202288
    body-i19-m8: [  260/1308] radius=6.625e-03 microboxes=203328
    body-i19-m8: [  390/1308] radius=1.842e-02 microboxes=204368
    body-i19-m8: [  520/1308] radius=3.048e-02 microboxes=205408
    body-i19-m8: [  650/1308] radius=4.023e-02 microboxes=206448
    body-i19-m8: [  780/1308] radius=5.425e-02 microboxes=207488
    body-i19-m8: [  910/1308] radius=6.217e-02 microboxes=208528
    body-i19-m8: [ 1040/1308] radius=7.688e-02 microboxes=209568
    body-i19-m8: [ 1170/1308] radius=9.498e-02 microboxes=210608
    body-i19-m8: [ 1300/1308] radius=1.137e-01 microboxes=211648
    body-i19-m8: [ 1308/1308] radius=1.167e-01 microboxes=211712
    edge-i19-m8: [    1/16] radius=1.587e-07 microboxes=211720
    edge-i19-m8: [    2/16] radius=3.189e-07 microboxes=211728
    edge-i19-m8: [    3/16] radius=4.806e-07 microboxes=211736
    edge-i19-m8: [    4/16] radius=6.439e-07 microboxes=211744
    edge-i19-m8: [    5/16] radius=8.088e-07 microboxes=211752
    edge-i19-m8: [    6/16] radius=9.752e-07 microboxes=211760
    edge-i19-m8: [    7/16] radius=1.143e-06 microboxes=211768
    edge-i19-m8: [    8/16] radius=1.313e-06 microboxes=211776
    edge-i19-m8: [    9/16] radius=1.484e-06 microboxes=211784
    edge-i19-m8: [   10/16] radius=1.657e-06 microboxes=211792
    edge-i19-m8: [   11/16] radius=1.831e-06 microboxes=211800
    edge-i19-m8: [   12/16] radius=2.007e-06 microboxes=211808
    edge-i19-m8: [   13/16] radius=2.184e-06 microboxes=211816
    edge-i19-m8: [   14/16] radius=2.364e-06 microboxes=211824
    edge-i19-m8: [   15/16] radius=2.544e-06 microboxes=211832
    edge-i19-m8: [   16/16] radius=2.720e-06 microboxes=211840
  [ 20/81] i=19 epsT=3.200e-02 epsG=2.591e-06 edgeRows=2.527e-02 activeR=1.671e-03 sep=1.106e-02 lower=+9.387e-03 pass=True disc=3.23e-10
    body-i20-m8: [    1/1308] radius=2.451e-06 microboxes=211848
    body-i20-m8: [  130/1308] radius=1.510e-03 microboxes=212880
    body-i20-m8: [  260/1308] radius=6.568e-03 microboxes=213920
    body-i20-m8: [  390/1308] radius=1.824e-02 microboxes=214960
    body-i20-m8: [  520/1308] radius=3.018e-02 microboxes=216000
    body-i20-m8: [  650/1308] radius=3.983e-02 microboxes=217040
    body-i20-m8: [  780/1308] radius=5.374e-02 microboxes=218080
    body-i20-m8: [  910/1308] radius=6.155e-02 microboxes=219120
    body-i20-m8: [ 1040/1308] radius=7.598e-02 microboxes=220160
    body-i20-m8: [ 1170/1308] radius=9.384e-02 microboxes=221200
    body-i20-m8: [ 1300/1308] radius=1.124e-01 microboxes=222240
    body-i20-m8: [ 1308/1308] radius=1.154e-01 microboxes=222304
    edge-i20-m8: [    1/16] radius=1.508e-07 microboxes=222312
    edge-i20-m8: [    2/16] radius=3.112e-07 microboxes=222320
    edge-i20-m8: [    3/16] radius=4.730e-07 microboxes=222328
    edge-i20-m8: [    4/16] radius=6.364e-07 microboxes=222336
    edge-i20-m8: [    5/16] radius=8.014e-07 microboxes=222344
    edge-i20-m8: [    6/16] radius=9.679e-07 microboxes=222352
    edge-i20-m8: [    7/16] radius=1.136e-06 microboxes=222360
    edge-i20-m8: [    8/16] radius=1.306e-06 microboxes=222368
    edge-i20-m8: [    9/16] radius=1.477e-06 microboxes=222376
    edge-i20-m8: [   10/16] radius=1.650e-06 microboxes=222384
    edge-i20-m8: [   11/16] radius=1.824e-06 microboxes=222392
    edge-i20-m8: [   12/16] radius=2.000e-06 microboxes=222400
    edge-i20-m8: [   13/16] radius=2.178e-06 microboxes=222408
    edge-i20-m8: [   14/16] radius=2.357e-06 microboxes=222416
    edge-i20-m8: [   15/16] radius=2.538e-06 microboxes=222424
    edge-i20-m8: [   16/16] radius=2.721e-06 microboxes=222432
    body-i21-m8: [    1/1308] radius=2.490e-06 microboxes=222440
    body-i21-m8: [  130/1308] radius=1.515e-03 microboxes=223472
    body-i21-m8: [  260/1308] radius=6.592e-03 microboxes=224512
    body-i21-m8: [  390/1308] radius=1.830e-02 microboxes=225552
    body-i21-m8: [  520/1308] radius=3.027e-02 microboxes=226592
    body-i21-m8: [  650/1308] radius=3.993e-02 microboxes=227632
    body-i21-m8: [  780/1308] radius=5.390e-02 microboxes=228672
    body-i21-m8: [  910/1308] radius=6.171e-02 microboxes=229712
    body-i21-m8: [ 1040/1308] radius=7.628e-02 microboxes=230752
    body-i21-m8: [ 1170/1308] radius=9.421e-02 microboxes=231792
    body-i21-m8: [ 1300/1308] radius=1.128e-01 microboxes=232832
    body-i21-m8: [ 1308/1308] radius=1.159e-01 microboxes=232896
    edge-i21-m8: [    1/16] radius=1.588e-07 microboxes=232904
    edge-i21-m8: [    2/16] radius=3.168e-07 microboxes=232912
    edge-i21-m8: [    3/16] radius=4.787e-07 microboxes=232920
    edge-i21-m8: [    4/16] radius=6.422e-07 microboxes=232928
    edge-i21-m8: [    5/16] radius=8.073e-07 microboxes=232936
    edge-i21-m8: [    6/16] radius=9.739e-07 microboxes=232944
    edge-i21-m8: [    7/16] radius=1.142e-06 microboxes=232952
    edge-i21-m8: [    8/16] radius=1.312e-06 microboxes=232960
    edge-i21-m8: [    9/16] radius=1.483e-06 microboxes=232968
    edge-i21-m8: [   10/16] radius=1.656e-06 microboxes=232976
    edge-i21-m8: [   11/16] radius=1.831e-06 microboxes=232984
    edge-i21-m8: [   12/16] radius=2.007e-06 microboxes=232992
    edge-i21-m8: [   13/16] radius=2.184e-06 microboxes=233000
    edge-i21-m8: [   14/16] radius=2.364e-06 microboxes=233008
    edge-i21-m8: [   15/16] radius=2.545e-06 microboxes=233016
    edge-i21-m8: [   16/16] radius=2.727e-06 microboxes=233024
    body-i22-m8: [    1/1308] radius=2.565e-06 microboxes=233032
    body-i22-m8: [  130/1308] radius=1.524e-03 microboxes=234064
    body-i22-m8: [  260/1308] radius=6.634e-03 microboxes=235104
    body-i22-m8: [  390/1308] radius=1.844e-02 microboxes=236144
    body-i22-m8: [  520/1308] radius=3.052e-02 microboxes=237184
    body-i22-m8: [  650/1308] radius=4.028e-02 microboxes=238224
    body-i22-m8: [  780/1308] radius=5.433e-02 microboxes=239264
    body-i22-m8: [  910/1308] radius=6.225e-02 microboxes=240304
    body-i22-m8: [ 1040/1308] radius=7.698e-02 microboxes=241344
    body-i22-m8: [ 1170/1308] radius=9.510e-02 microboxes=242384
    body-i22-m8: [ 1300/1308] radius=1.138e-01 microboxes=243424
    body-i22-m8: [ 1308/1308] radius=1.169e-01 microboxes=243488
    edge-i22-m8: [    1/16] radius=1.587e-07 microboxes=243496
    edge-i22-m8: [    2/16] radius=3.189e-07 microboxes=243504
    edge-i22-m8: [    3/16] radius=4.774e-07 microboxes=243512
    edge-i22-m8: [    4/16] radius=6.407e-07 microboxes=243520
    edge-i22-m8: [    5/16] radius=8.056e-07 microboxes=243528
    edge-i22-m8: [    6/16] radius=9.720e-07 microboxes=243536
    edge-i22-m8: [    7/16] radius=1.140e-06 microboxes=243544
    edge-i22-m8: [    8/16] radius=1.310e-06 microboxes=243552
    edge-i22-m8: [    9/16] radius=1.481e-06 microboxes=243560
    edge-i22-m8: [   10/16] radius=1.653e-06 microboxes=243568
    edge-i22-m8: [   11/16] radius=1.828e-06 microboxes=243576
    edge-i22-m8: [   12/16] radius=2.004e-06 microboxes=243584
    edge-i22-m8: [   13/16] radius=2.181e-06 microboxes=243592
    edge-i22-m8: [   14/16] radius=2.360e-06 microboxes=243600
    edge-i22-m8: [   15/16] radius=2.541e-06 microboxes=243608
    edge-i22-m8: [   16/16] radius=2.723e-06 microboxes=243616
    body-i23-m8: [    1/1308] radius=2.463e-06 microboxes=243624
    body-i23-m8: [  130/1308] radius=1.512e-03 microboxes=244656
    body-i23-m8: [  260/1308] radius=6.575e-03 microboxes=245696
    body-i23-m8: [  390/1308] radius=1.826e-02 microboxes=246736
    body-i23-m8: [  520/1308] radius=3.022e-02 microboxes=247776
    body-i23-m8: [  650/1308] radius=3.988e-02 microboxes=248816
    body-i23-m8: [  780/1308] radius=5.380e-02 microboxes=249856
    body-i23-m8: [  910/1308] radius=6.162e-02 microboxes=250896
    body-i23-m8: [ 1040/1308] radius=7.607e-02 microboxes=251936
    body-i23-m8: [ 1170/1308] radius=9.396e-02 microboxes=252976
    body-i23-m8: [ 1300/1308] radius=1.125e-01 microboxes=254016
    body-i23-m8: [ 1308/1308] radius=1.156e-01 microboxes=254080
    edge-i23-m8: [    1/16] radius=1.588e-07 microboxes=254088
    edge-i23-m8: [    2/16] radius=3.191e-07 microboxes=254096
    edge-i23-m8: [    3/16] radius=4.810e-07 microboxes=254104
    edge-i23-m8: [    4/16] radius=6.356e-07 microboxes=254112
    edge-i23-m8: [    5/16] radius=8.006e-07 microboxes=254120
    edge-i23-m8: [    6/16] radius=9.671e-07 microboxes=254128
    edge-i23-m8: [    7/16] radius=1.135e-06 microboxes=254136
    edge-i23-m8: [    8/16] radius=1.305e-06 microboxes=254144
    edge-i23-m8: [    9/16] radius=1.476e-06 microboxes=254152
    edge-i23-m8: [   10/16] radius=1.649e-06 microboxes=254160
    edge-i23-m8: [   11/16] radius=1.823e-06 microboxes=254168
    edge-i23-m8: [   12/16] radius=2.000e-06 microboxes=254176
    edge-i23-m8: [   13/16] radius=2.177e-06 microboxes=254184
    edge-i23-m8: [   14/16] radius=2.356e-06 microboxes=254192
    edge-i23-m8: [   15/16] radius=2.537e-06 microboxes=254200
    edge-i23-m8: [   16/16] radius=2.720e-06 microboxes=254208
    body-i24-m8: [    1/1308] radius=2.580e-06 microboxes=254216
    body-i24-m8: [  130/1308] radius=1.513e-03 microboxes=255248
    body-i24-m8: [  260/1308] radius=6.584e-03 microboxes=256288
    body-i24-m8: [  390/1308] radius=1.828e-02 microboxes=257328
    body-i24-m8: [  520/1308] radius=3.023e-02 microboxes=258368
    body-i24-m8: [  650/1308] radius=3.988e-02 microboxes=259408
    body-i24-m8: [  780/1308] radius=5.383e-02 microboxes=260448
    body-i24-m8: [  910/1308] radius=6.163e-02 microboxes=261488
    body-i24-m8: [ 1040/1308] radius=7.618e-02 microboxes=262528
    body-i24-m8: [ 1170/1308] radius=9.409e-02 microboxes=263568
    body-i24-m8: [ 1300/1308] radius=1.127e-01 microboxes=264608
    body-i24-m8: [ 1308/1308] radius=1.157e-01 microboxes=264672
    edge-i24-m8: [    1/16] radius=1.588e-07 microboxes=264680
    edge-i24-m8: [    2/16] radius=3.192e-07 microboxes=264688
    edge-i24-m8: [    3/16] radius=4.811e-07 microboxes=264696
    edge-i24-m8: [    4/16] radius=6.446e-07 microboxes=264704
    edge-i24-m8: [    5/16] radius=8.040e-07 microboxes=264712
    edge-i24-m8: [    6/16] radius=9.706e-07 microboxes=264720
    edge-i24-m8: [    7/16] radius=1.139e-06 microboxes=264728
    edge-i24-m8: [    8/16] radius=1.308e-06 microboxes=264736
    edge-i24-m8: [    9/16] radius=1.480e-06 microboxes=264744
    edge-i24-m8: [   10/16] radius=1.653e-06 microboxes=264752
    edge-i24-m8: [   11/16] radius=1.827e-06 microboxes=264760
    edge-i24-m8: [   12/16] radius=2.003e-06 microboxes=264768
    edge-i24-m8: [   13/16] radius=2.181e-06 microboxes=264776
    edge-i24-m8: [   14/16] radius=2.360e-06 microboxes=264784
    edge-i24-m8: [   15/16] radius=2.541e-06 microboxes=264792
    edge-i24-m8: [   16/16] radius=2.724e-06 microboxes=264800
  [ 25/81] i=24 epsT=3.174e-02 epsG=2.595e-06 edgeRows=2.527e-02 activeR=1.656e-03 sep=1.108e-02 lower=+9.423e-03 pass=True disc=3.23e-10
    body-i25-m8: [    1/1308] radius=2.577e-06 microboxes=264808
    body-i25-m8: [  130/1308] radius=1.526e-03 microboxes=265840
    body-i25-m8: [  260/1308] radius=6.643e-03 microboxes=266880
    body-i25-m8: [  390/1308] radius=1.847e-02 microboxes=267920
    body-i25-m8: [  520/1308] radius=3.056e-02 microboxes=268960
    body-i25-m8: [  650/1308] radius=4.033e-02 microboxes=270000
    body-i25-m8: [  780/1308] radius=5.440e-02 microboxes=271040
    body-i25-m8: [  910/1308] radius=6.233e-02 microboxes=272080
    body-i25-m8: [ 1040/1308] radius=7.708e-02 microboxes=273120
    body-i25-m8: [ 1170/1308] radius=9.522e-02 microboxes=274160
    body-i25-m8: [ 1300/1308] radius=1.139e-01 microboxes=275200
    body-i25-m8: [ 1308/1308] radius=1.170e-01 microboxes=275264
    edge-i25-m8: [    1/16] radius=1.587e-07 microboxes=275272
    edge-i25-m8: [    2/16] radius=3.189e-07 microboxes=275280
    edge-i25-m8: [    3/16] radius=4.806e-07 microboxes=275288
    edge-i25-m8: [    4/16] radius=6.439e-07 microboxes=275296
    edge-i25-m8: [    5/16] radius=8.088e-07 microboxes=275304
    edge-i25-m8: [    6/16] radius=9.752e-07 microboxes=275312
    edge-i25-m8: [    7/16] radius=1.143e-06 microboxes=275320
    edge-i25-m8: [    8/16] radius=1.313e-06 microboxes=275328
    edge-i25-m8: [    9/16] radius=1.484e-06 microboxes=275336
    edge-i25-m8: [   10/16] radius=1.657e-06 microboxes=275344
    edge-i25-m8: [   11/16] radius=1.831e-06 microboxes=275352
    edge-i25-m8: [   12/16] radius=2.007e-06 microboxes=275360
    edge-i25-m8: [   13/16] radius=2.184e-06 microboxes=275368
    edge-i25-m8: [   14/16] radius=2.363e-06 microboxes=275376
    edge-i25-m8: [   15/16] radius=2.544e-06 microboxes=275384
    edge-i25-m8: [   16/16] radius=2.727e-06 microboxes=275392
    body-i26-m8: [    1/1308] radius=2.580e-06 microboxes=275400
    body-i26-m8: [  130/1308] radius=1.513e-03 microboxes=276432
    body-i26-m8: [  260/1308] radius=6.583e-03 microboxes=277472
    body-i26-m8: [  390/1308] radius=1.829e-02 microboxes=278512
    body-i26-m8: [  520/1308] radius=3.026e-02 microboxes=279552
    body-i26-m8: [  650/1308] radius=3.993e-02 microboxes=280592
    body-i26-m8: [  780/1308] radius=5.387e-02 microboxes=281632
    body-i26-m8: [  910/1308] radius=6.170e-02 microboxes=282672
    body-i26-m8: [ 1040/1308] radius=7.617e-02 microboxes=283712
    body-i26-m8: [ 1170/1308] radius=9.408e-02 microboxes=284752
    body-i26-m8: [ 1300/1308] radius=1.126e-01 microboxes=285792
    body-i26-m8: [ 1308/1308] radius=1.157e-01 microboxes=285856
    edge-i26-m8: [    1/16] radius=1.588e-07 microboxes=285864
    edge-i26-m8: [    2/16] radius=3.191e-07 microboxes=285872
    edge-i26-m8: [    3/16] radius=4.810e-07 microboxes=285880
    edge-i26-m8: [    4/16] radius=6.445e-07 microboxes=285888
    edge-i26-m8: [    5/16] radius=8.095e-07 microboxes=285896
    edge-i26-m8: [    6/16] radius=9.703e-07 microboxes=285904
    edge-i26-m8: [    7/16] radius=1.138e-06 microboxes=285912
    edge-i26-m8: [    8/16] radius=1.308e-06 microboxes=285920
    edge-i26-m8: [    9/16] radius=1.479e-06 microboxes=285928
    edge-i26-m8: [   10/16] radius=1.652e-06 microboxes=285936
    edge-i26-m8: [   11/16] radius=1.827e-06 microboxes=285944
    edge-i26-m8: [   12/16] radius=2.003e-06 microboxes=285952
    edge-i26-m8: [   13/16] radius=2.180e-06 microboxes=285960
    edge-i26-m8: [   14/16] radius=2.360e-06 microboxes=285968
    edge-i26-m8: [   15/16] radius=2.541e-06 microboxes=285976
    edge-i26-m8: [   16/16] radius=2.723e-06 microboxes=285984
    body-i27-m8: [    1/1308] radius=2.580e-06 microboxes=285992
    body-i27-m8: [  130/1308] radius=1.511e-03 microboxes=287024
    body-i27-m8: [  260/1308] radius=6.575e-03 microboxes=288064
    body-i27-m8: [  390/1308] radius=1.825e-02 microboxes=289104
    body-i27-m8: [  520/1308] radius=3.019e-02 microboxes=290144
    body-i27-m8: [  650/1308] radius=3.982e-02 microboxes=291184
    body-i27-m8: [  780/1308] radius=5.376e-02 microboxes=292224
    body-i27-m8: [  910/1308] radius=6.155e-02 microboxes=293264
    body-i27-m8: [ 1040/1308] radius=7.609e-02 microboxes=294304
    body-i27-m8: [ 1170/1308] radius=9.397e-02 microboxes=295344
    body-i27-m8: [ 1300/1308] radius=1.125e-01 microboxes=296384
    body-i27-m8: [ 1308/1308] radius=1.156e-01 microboxes=296448
    edge-i27-m8: [    1/16] radius=1.588e-07 microboxes=296456
    edge-i27-m8: [    2/16] radius=3.192e-07 microboxes=296464
    edge-i27-m8: [    3/16] radius=4.811e-07 microboxes=296472
    edge-i27-m8: [    4/16] radius=6.446e-07 microboxes=296480
    edge-i27-m8: [    5/16] radius=8.096e-07 microboxes=296488
    edge-i27-m8: [    6/16] radius=9.762e-07 microboxes=296496
    edge-i27-m8: [    7/16] radius=1.135e-06 microboxes=296504
    edge-i27-m8: [    8/16] radius=1.305e-06 microboxes=296512
    edge-i27-m8: [    9/16] radius=1.476e-06 microboxes=296520
    edge-i27-m8: [   10/16] radius=1.649e-06 microboxes=296528
    edge-i27-m8: [   11/16] radius=1.824e-06 microboxes=296536
    edge-i27-m8: [   12/16] radius=2.000e-06 microboxes=296544
    edge-i27-m8: [   13/16] radius=2.177e-06 microboxes=296552
    edge-i27-m8: [   14/16] radius=2.357e-06 microboxes=296560
    edge-i27-m8: [   15/16] radius=2.537e-06 microboxes=296568
    edge-i27-m8: [   16/16] radius=2.720e-06 microboxes=296576
    body-i28-m8: [    1/1308] radius=2.577e-06 microboxes=296584
    body-i28-m8: [  130/1308] radius=1.524e-03 microboxes=297616
    body-i28-m8: [  260/1308] radius=6.635e-03 microboxes=298656
    body-i28-m8: [  390/1308] radius=1.844e-02 microboxes=299696
    body-i28-m8: [  520/1308] radius=3.052e-02 microboxes=300736
    body-i28-m8: [  650/1308] radius=4.028e-02 microboxes=301776
    body-i28-m8: [  780/1308] radius=5.433e-02 microboxes=302816
    body-i28-m8: [  910/1308] radius=6.225e-02 microboxes=303856
    body-i28-m8: [ 1040/1308] radius=7.699e-02 microboxes=304896
    body-i28-m8: [ 1170/1308] radius=9.510e-02 microboxes=305936
    body-i28-m8: [ 1300/1308] radius=1.138e-01 microboxes=306976
    body-i28-m8: [ 1308/1308] radius=1.169e-01 microboxes=307040
    edge-i28-m8: [    1/16] radius=1.587e-07 microboxes=307048
    edge-i28-m8: [    2/16] radius=3.189e-07 microboxes=307056
    edge-i28-m8: [    3/16] radius=4.806e-07 microboxes=307064
    edge-i28-m8: [    4/16] radius=6.439e-07 microboxes=307072
    edge-i28-m8: [    5/16] radius=8.088e-07 microboxes=307080
    edge-i28-m8: [    6/16] radius=9.752e-07 microboxes=307088
    edge-i28-m8: [    7/16] radius=1.143e-06 microboxes=307096
    edge-i28-m8: [    8/16] radius=1.309e-06 microboxes=307104
    edge-i28-m8: [    9/16] radius=1.481e-06 microboxes=307112
    edge-i28-m8: [   10/16] radius=1.653e-06 microboxes=307120
    edge-i28-m8: [   11/16] radius=1.828e-06 microboxes=307128
    edge-i28-m8: [   12/16] radius=2.004e-06 microboxes=307136
    edge-i28-m8: [   13/16] radius=2.181e-06 microboxes=307144
    edge-i28-m8: [   14/16] radius=2.360e-06 microboxes=307152
    edge-i28-m8: [   15/16] radius=2.541e-06 microboxes=307160
    edge-i28-m8: [   16/16] radius=2.723e-06 microboxes=307168
    body-i29-m8: [    1/1308] radius=2.580e-06 microboxes=307176
    body-i29-m8: [  130/1308] radius=1.516e-03 microboxes=308208
    body-i29-m8: [  260/1308] radius=6.591e-03 microboxes=309248
    body-i29-m8: [  390/1308] radius=1.831e-02 microboxes=310288
    body-i29-m8: [  520/1308] radius=3.029e-02 microboxes=311328
    body-i29-m8: [  650/1308] radius=3.998e-02 microboxes=312368
    body-i29-m8: [  780/1308] radius=5.394e-02 microboxes=313408
    body-i29-m8: [  910/1308] radius=6.178e-02 microboxes=314448
    body-i29-m8: [ 1040/1308] radius=7.626e-02 microboxes=315488
    body-i29-m8: [ 1170/1308] radius=9.420e-02 microboxes=316528
    body-i29-m8: [ 1300/1308] radius=1.128e-01 microboxes=317568
    body-i29-m8: [ 1308/1308] radius=1.159e-01 microboxes=317632
    edge-i29-m8: [    1/16] radius=1.588e-07 microboxes=317640
    edge-i29-m8: [    2/16] radius=3.192e-07 microboxes=317648
    edge-i29-m8: [    3/16] radius=4.811e-07 microboxes=317656
    edge-i29-m8: [    4/16] radius=6.445e-07 microboxes=317664
    edge-i29-m8: [    5/16] radius=8.096e-07 microboxes=317672
    edge-i29-m8: [    6/16] radius=9.762e-07 microboxes=317680
    edge-i29-m8: [    7/16] radius=1.144e-06 microboxes=317688
    edge-i29-m8: [    8/16] radius=1.314e-06 microboxes=317696
    edge-i29-m8: [    9/16] radius=1.483e-06 microboxes=317704
    edge-i29-m8: [   10/16] radius=1.656e-06 microboxes=317712
    edge-i29-m8: [   11/16] radius=1.830e-06 microboxes=317720
    edge-i29-m8: [   12/16] radius=2.006e-06 microboxes=317728
    edge-i29-m8: [   13/16] radius=2.184e-06 microboxes=317736
    edge-i29-m8: [   14/16] radius=2.363e-06 microboxes=317744
    edge-i29-m8: [   15/16] radius=2.544e-06 microboxes=317752
    edge-i29-m8: [   16/16] radius=2.727e-06 microboxes=317760
  [ 30/81] i=29 epsT=3.177e-02 epsG=2.598e-06 edgeRows=2.527e-02 activeR=1.658e-03 sep=1.107e-02 lower=+9.408e-03 pass=True disc=3.23e-10
    body-i30-m8: [    1/1308] radius=2.580e-06 microboxes=317768
    body-i30-m8: [  130/1308] radius=1.510e-03 microboxes=318800
    body-i30-m8: [  260/1308] radius=6.566e-03 microboxes=319840
    body-i30-m8: [  390/1308] radius=1.823e-02 microboxes=320880
    body-i30-m8: [  520/1308] radius=3.015e-02 microboxes=321920
    body-i30-m8: [  650/1308] radius=3.978e-02 microboxes=322960
    body-i30-m8: [  780/1308] radius=5.369e-02 microboxes=324000
    body-i30-m8: [  910/1308] radius=6.148e-02 microboxes=325040
    body-i30-m8: [ 1040/1308] radius=7.599e-02 microboxes=326080
    body-i30-m8: [ 1170/1308] radius=9.386e-02 microboxes=327120
    body-i30-m8: [ 1300/1308] radius=1.124e-01 microboxes=328160
    body-i30-m8: [ 1308/1308] radius=1.154e-01 microboxes=328224
    edge-i30-m8: [    1/16] radius=1.588e-07 microboxes=328232
    edge-i30-m8: [    2/16] radius=3.192e-07 microboxes=328240
    edge-i30-m8: [    3/16] radius=4.811e-07 microboxes=328248
    edge-i30-m8: [    4/16] radius=6.445e-07 microboxes=328256
    edge-i30-m8: [    5/16] radius=8.096e-07 microboxes=328264
    edge-i30-m8: [    6/16] radius=9.761e-07 microboxes=328272
    edge-i30-m8: [    7/16] radius=1.144e-06 microboxes=328280
    edge-i30-m8: [    8/16] radius=1.314e-06 microboxes=328288
    edge-i30-m8: [    9/16] radius=1.485e-06 microboxes=328296
    edge-i30-m8: [   10/16] radius=1.650e-06 microboxes=328304
    edge-i30-m8: [   11/16] radius=1.824e-06 microboxes=328312
    edge-i30-m8: [   12/16] radius=2.000e-06 microboxes=328320
    edge-i30-m8: [   13/16] radius=2.178e-06 microboxes=328328
    edge-i30-m8: [   14/16] radius=2.357e-06 microboxes=328336
    edge-i30-m8: [   15/16] radius=2.538e-06 microboxes=328344
    edge-i30-m8: [   16/16] radius=2.721e-06 microboxes=328352
    body-i31-m8: [    1/1308] radius=2.577e-06 microboxes=328360
    body-i31-m8: [  130/1308] radius=1.523e-03 microboxes=329392
    body-i31-m8: [  260/1308] radius=6.627e-03 microboxes=330432
    body-i31-m8: [  390/1308] radius=1.842e-02 microboxes=331472
    body-i31-m8: [  520/1308] radius=3.049e-02 microboxes=332512
    body-i31-m8: [  650/1308] radius=4.023e-02 microboxes=333552
    body-i31-m8: [  780/1308] radius=5.426e-02 microboxes=334592
    body-i31-m8: [  910/1308] radius=6.218e-02 microboxes=335632
    body-i31-m8: [ 1040/1308] radius=7.689e-02 microboxes=336672
    body-i31-m8: [ 1170/1308] radius=9.498e-02 microboxes=337712
    body-i31-m8: [ 1300/1308] radius=1.136e-01 microboxes=338752
    body-i31-m8: [ 1308/1308] radius=1.167e-01 microboxes=338816
    edge-i31-m8: [    1/16] radius=1.587e-07 microboxes=338824
    edge-i31-m8: [    2/16] radius=3.189e-07 microboxes=338832
    edge-i31-m8: [    3/16] radius=4.806e-07 microboxes=338840
    edge-i31-m8: [    4/16] radius=6.439e-07 microboxes=338848
    edge-i31-m8: [    5/16] radius=8.088e-07 microboxes=338856
    edge-i31-m8: [    6/16] radius=9.752e-07 microboxes=338864
    edge-i31-m8: [    7/16] radius=1.143e-06 microboxes=338872
    edge-i31-m8: [    8/16] radius=1.313e-06 microboxes=338880
    edge-i31-m8: [    9/16] radius=1.484e-06 microboxes=338888
    edge-i31-m8: [   10/16] radius=1.657e-06 microboxes=338896
    edge-i31-m8: [   11/16] radius=1.824e-06 microboxes=338904
    edge-i31-m8: [   12/16] radius=2.000e-06 microboxes=338912
    edge-i31-m8: [   13/16] radius=2.178e-06 microboxes=338920
    edge-i31-m8: [   14/16] radius=2.357e-06 microboxes=338928
    edge-i31-m8: [   15/16] radius=2.537e-06 microboxes=338936
    edge-i31-m8: [   16/16] radius=2.720e-06 microboxes=338944
    body-i32-m8: [    1/1308] radius=2.580e-06 microboxes=338952
    body-i32-m8: [  130/1308] radius=1.518e-03 microboxes=339984
    body-i32-m8: [  260/1308] radius=6.599e-03 microboxes=341024
    body-i32-m8: [  390/1308] radius=1.834e-02 microboxes=342064
    body-i32-m8: [  520/1308] radius=3.033e-02 microboxes=343104
    body-i32-m8: [  650/1308] radius=4.003e-02 microboxes=344144
    body-i32-m8: [  780/1308] radius=5.401e-02 microboxes=345184
    body-i32-m8: [  910/1308] radius=6.185e-02 microboxes=346224
    body-i32-m8: [ 1040/1308] radius=7.636e-02 microboxes=347264
    body-i32-m8: [ 1170/1308] radius=9.432e-02 microboxes=348304
    body-i32-m8: [ 1300/1308] radius=1.129e-01 microboxes=349344
    body-i32-m8: [ 1308/1308] radius=1.160e-01 microboxes=349408
    edge-i32-m8: [    1/16] radius=1.588e-07 microboxes=349416
    edge-i32-m8: [    2/16] radius=3.192e-07 microboxes=349424
    edge-i32-m8: [    3/16] radius=4.811e-07 microboxes=349432
    edge-i32-m8: [    4/16] radius=6.446e-07 microboxes=349440
    edge-i32-m8: [    5/16] radius=8.096e-07 microboxes=349448
    edge-i32-m8: [    6/16] radius=9.762e-07 microboxes=349456
    edge-i32-m8: [    7/16] radius=1.144e-06 microboxes=349464
    edge-i32-m8: [    8/16] radius=1.314e-06 microboxes=349472
    edge-i32-m8: [    9/16] radius=1.485e-06 microboxes=349480
    edge-i32-m8: [   10/16] radius=1.658e-06 microboxes=349488
    edge-i32-m8: [   11/16] radius=1.832e-06 microboxes=349496
    edge-i32-m8: [   12/16] radius=2.008e-06 microboxes=349504
    edge-i32-m8: [   13/16] radius=2.186e-06 microboxes=349512
    edge-i32-m8: [   14/16] radius=2.365e-06 microboxes=349520
    edge-i32-m8: [   15/16] radius=2.546e-06 microboxes=349528
    edge-i32-m8: [   16/16] radius=2.729e-06 microboxes=349536
    body-i33-m8: [    1/1308] radius=2.580e-06 microboxes=349544
    body-i33-m8: [  130/1308] radius=1.508e-03 microboxes=350576
    body-i33-m8: [  260/1308] radius=6.557e-03 microboxes=351616
    body-i33-m8: [  390/1308] radius=1.820e-02 microboxes=352656
    body-i33-m8: [  520/1308] radius=3.011e-02 microboxes=353696
    body-i33-m8: [  650/1308] radius=3.973e-02 microboxes=354736
    body-i33-m8: [  780/1308] radius=5.362e-02 microboxes=355776
    body-i33-m8: [  910/1308] radius=6.140e-02 microboxes=356816
    body-i33-m8: [ 1040/1308] radius=7.590e-02 microboxes=357856
    body-i33-m8: [ 1170/1308] radius=9.374e-02 microboxes=358896
    body-i33-m8: [ 1300/1308] radius=1.122e-01 microboxes=359936
    body-i33-m8: [ 1308/1308] radius=1.153e-01 microboxes=360000
    edge-i33-m8: [    1/16] radius=1.588e-07 microboxes=360008
    edge-i33-m8: [    2/16] radius=3.192e-07 microboxes=360016
    edge-i33-m8: [    3/16] radius=4.811e-07 microboxes=360024
    edge-i33-m8: [    4/16] radius=6.445e-07 microboxes=360032
    edge-i33-m8: [    5/16] radius=8.095e-07 microboxes=360040
    edge-i33-m8: [    6/16] radius=9.761e-07 microboxes=360048
    edge-i33-m8: [    7/16] radius=1.144e-06 microboxes=360056
    edge-i33-m8: [    8/16] radius=1.314e-06 microboxes=360064
    edge-i33-m8: [    9/16] radius=1.485e-06 microboxes=360072
    edge-i33-m8: [   10/16] radius=1.658e-06 microboxes=360080
    edge-i33-m8: [   11/16] radius=1.833e-06 microboxes=360088
    edge-i33-m8: [   12/16] radius=2.004e-06 microboxes=360096
    edge-i33-m8: [   13/16] radius=2.181e-06 microboxes=360104
    edge-i33-m8: [   14/16] radius=2.361e-06 microboxes=360112
    edge-i33-m8: [   15/16] radius=2.541e-06 microboxes=360120
    edge-i33-m8: [   16/16] radius=2.724e-06 microboxes=360128
    body-i34-m8: [    1/1308] radius=2.577e-06 microboxes=360136
    body-i34-m8: [  130/1308] radius=1.521e-03 microboxes=361168
    body-i34-m8: [  260/1308] radius=6.619e-03 microboxes=362208
    body-i34-m8: [  390/1308] radius=1.840e-02 microboxes=363248
    body-i34-m8: [  520/1308] radius=3.045e-02 microboxes=364288
    body-i34-m8: [  650/1308] radius=4.018e-02 microboxes=365328
    body-i34-m8: [  780/1308] radius=5.419e-02 microboxes=366368
    body-i34-m8: [  910/1308] radius=6.211e-02 microboxes=367408
    body-i34-m8: [ 1040/1308] radius=7.679e-02 microboxes=368448
    body-i34-m8: [ 1170/1308] radius=9.486e-02 microboxes=369488
    body-i34-m8: [ 1300/1308] radius=1.135e-01 microboxes=370528
    body-i34-m8: [ 1308/1308] radius=1.166e-01 microboxes=370592
    edge-i34-m8: [    1/16] radius=1.587e-07 microboxes=370600
    edge-i34-m8: [    2/16] radius=3.189e-07 microboxes=370608
    edge-i34-m8: [    3/16] radius=4.806e-07 microboxes=370616
    edge-i34-m8: [    4/16] radius=6.439e-07 microboxes=370624
    edge-i34-m8: [    5/16] radius=8.088e-07 microboxes=370632
    edge-i34-m8: [    6/16] radius=9.752e-07 microboxes=370640
    edge-i34-m8: [    7/16] radius=1.143e-06 microboxes=370648
    edge-i34-m8: [    8/16] radius=1.313e-06 microboxes=370656
    edge-i34-m8: [    9/16] radius=1.484e-06 microboxes=370664
    edge-i34-m8: [   10/16] radius=1.657e-06 microboxes=370672
    edge-i34-m8: [   11/16] radius=1.831e-06 microboxes=370680
    edge-i34-m8: [   12/16] radius=2.007e-06 microboxes=370688
    edge-i34-m8: [   13/16] radius=2.174e-06 microboxes=370696
    edge-i34-m8: [   14/16] radius=2.353e-06 microboxes=370704
    edge-i34-m8: [   15/16] radius=2.534e-06 microboxes=370712
    edge-i34-m8: [   16/16] radius=2.716e-06 microboxes=370720
  [ 35/81] i=34 epsT=3.196e-02 epsG=2.588e-06 edgeRows=2.527e-02 activeR=1.669e-03 sep=1.106e-02 lower=+9.387e-03 pass=True disc=3.23e-10
    body-i35-m8: [    1/1308] radius=2.580e-06 microboxes=370728
    body-i35-m8: [  130/1308] radius=1.520e-03 microboxes=371760
    body-i35-m8: [  260/1308] radius=6.607e-03 microboxes=372800
    body-i35-m8: [  390/1308] radius=1.836e-02 microboxes=373840
    body-i35-m8: [  520/1308] radius=3.037e-02 microboxes=374880
    body-i35-m8: [  650/1308] radius=4.008e-02 microboxes=375920
    body-i35-m8: [  780/1308] radius=5.407e-02 microboxes=376960
    body-i35-m8: [  910/1308] radius=6.193e-02 microboxes=378000
    body-i35-m8: [ 1040/1308] radius=7.645e-02 microboxes=379040
    body-i35-m8: [ 1170/1308] radius=9.443e-02 microboxes=380080
    body-i35-m8: [ 1300/1308] radius=1.131e-01 microboxes=381120
    body-i35-m8: [ 1308/1308] radius=1.161e-01 microboxes=381184
    edge-i35-m8: [    1/16] radius=1.588e-07 microboxes=381192
    edge-i35-m8: [    2/16] radius=3.192e-07 microboxes=381200
    edge-i35-m8: [    3/16] radius=4.811e-07 microboxes=381208
    edge-i35-m8: [    4/16] radius=6.446e-07 microboxes=381216
    edge-i35-m8: [    5/16] radius=8.097e-07 microboxes=381224
    edge-i35-m8: [    6/16] radius=9.763e-07 microboxes=381232
    edge-i35-m8: [    7/16] radius=1.144e-06 microboxes=381240
    edge-i35-m8: [    8/16] radius=1.314e-06 microboxes=381248
    edge-i35-m8: [    9/16] radius=1.486e-06 microboxes=381256
    edge-i35-m8: [   10/16] radius=1.658e-06 microboxes=381264
    edge-i35-m8: [   11/16] radius=1.833e-06 microboxes=381272
    edge-i35-m8: [   12/16] radius=2.009e-06 microboxes=381280
    edge-i35-m8: [   13/16] radius=2.187e-06 microboxes=381288
    edge-i35-m8: [   14/16] radius=2.362e-06 microboxes=381296
    edge-i35-m8: [   15/16] radius=2.543e-06 microboxes=381304
    edge-i35-m8: [   16/16] radius=2.725e-06 microboxes=381312
    body-i36-m8: [    1/1308] radius=2.580e-06 microboxes=381320
    body-i36-m8: [  130/1308] radius=1.506e-03 microboxes=382352
    body-i36-m8: [  260/1308] radius=6.548e-03 microboxes=383392
    body-i36-m8: [  390/1308] radius=1.818e-02 microboxes=384432
    body-i36-m8: [  520/1308] radius=3.007e-02 microboxes=385472
    body-i36-m8: [  650/1308] radius=3.967e-02 microboxes=386512
    body-i36-m8: [  780/1308] radius=5.355e-02 microboxes=387552
    body-i36-m8: [  910/1308] radius=6.132e-02 microboxes=388592
    body-i36-m8: [ 1040/1308] radius=7.580e-02 microboxes=389632
    body-i36-m8: [ 1170/1308] radius=9.362e-02 microboxes=390672
    body-i36-m8: [ 1300/1308] radius=1.121e-01 microboxes=391712
    body-i36-m8: [ 1308/1308] radius=1.152e-01 microboxes=391776
    edge-i36-m8: [    1/16] radius=1.588e-07 microboxes=391784
    edge-i36-m8: [    2/16] radius=3.191e-07 microboxes=391792
    edge-i36-m8: [    3/16] radius=4.810e-07 microboxes=391800
    edge-i36-m8: [    4/16] radius=6.445e-07 microboxes=391808
    edge-i36-m8: [    5/16] radius=8.095e-07 microboxes=391816
    edge-i36-m8: [    6/16] radius=9.760e-07 microboxes=391824
    edge-i36-m8: [    7/16] radius=1.144e-06 microboxes=391832
    edge-i36-m8: [    8/16] radius=1.314e-06 microboxes=391840
    edge-i36-m8: [    9/16] radius=1.485e-06 microboxes=391848
    edge-i36-m8: [   10/16] radius=1.658e-06 microboxes=391856
    edge-i36-m8: [   11/16] radius=1.832e-06 microboxes=391864
    edge-i36-m8: [   12/16] radius=2.009e-06 microboxes=391872
    edge-i36-m8: [   13/16] radius=2.186e-06 microboxes=391880
    edge-i36-m8: [   14/16] radius=2.365e-06 microboxes=391888
    edge-i36-m8: [   15/16] radius=2.545e-06 microboxes=391896
    edge-i36-m8: [   16/16] radius=2.727e-06 microboxes=391904
    body-i37-m8: [    1/1308] radius=2.577e-06 microboxes=391912
    body-i37-m8: [  130/1308] radius=1.519e-03 microboxes=392944
    body-i37-m8: [  260/1308] radius=6.612e-03 microboxes=393984
    body-i37-m8: [  390/1308] radius=1.838e-02 microboxes=395024
    body-i37-m8: [  520/1308] radius=3.041e-02 microboxes=396064
    body-i37-m8: [  650/1308] radius=4.013e-02 microboxes=397104
    body-i37-m8: [  780/1308] radius=5.413e-02 microboxes=398144
    body-i37-m8: [  910/1308] radius=6.203e-02 microboxes=399184
    body-i37-m8: [ 1040/1308] radius=7.670e-02 microboxes=400224
    body-i37-m8: [ 1170/1308] radius=9.474e-02 microboxes=401264
    body-i37-m8: [ 1300/1308] radius=1.134e-01 microboxes=402304
    body-i37-m8: [ 1308/1308] radius=1.164e-01 microboxes=402368
    edge-i37-m8: [    1/16] radius=1.587e-07 microboxes=402376
    edge-i37-m8: [    2/16] radius=3.189e-07 microboxes=402384
    edge-i37-m8: [    3/16] radius=4.806e-07 microboxes=402392
    edge-i37-m8: [    4/16] radius=6.439e-07 microboxes=402400
    edge-i37-m8: [    5/16] radius=8.088e-07 microboxes=402408
    edge-i37-m8: [    6/16] radius=9.752e-07 microboxes=402416
    edge-i37-m8: [    7/16] radius=1.143e-06 microboxes=402424
    edge-i37-m8: [    8/16] radius=1.313e-06 microboxes=402432
    edge-i37-m8: [    9/16] radius=1.484e-06 microboxes=402440
    edge-i37-m8: [   10/16] radius=1.657e-06 microboxes=402448
    edge-i37-m8: [   11/16] radius=1.831e-06 microboxes=402456
    edge-i37-m8: [   12/16] radius=2.007e-06 microboxes=402464
    edge-i37-m8: [   13/16] radius=2.184e-06 microboxes=402472
    edge-i37-m8: [   14/16] radius=2.363e-06 microboxes=402480
    edge-i37-m8: [   15/16] radius=2.544e-06 microboxes=402488
    edge-i37-m8: [   16/16] radius=2.719e-06 microboxes=402496
    body-i38-m8: [    1/1308] radius=2.580e-06 microboxes=402504
    body-i38-m8: [  130/1308] radius=1.521e-03 microboxes=403536
    body-i38-m8: [  260/1308] radius=6.615e-03 microboxes=404576
    body-i38-m8: [  390/1308] radius=1.838e-02 microboxes=405616
    body-i38-m8: [  520/1308] radius=3.041e-02 microboxes=406656
    body-i38-m8: [  650/1308] radius=4.013e-02 microboxes=407696
    body-i38-m8: [  780/1308] radius=5.414e-02 microboxes=408736
    body-i38-m8: [  910/1308] radius=6.201e-02 microboxes=409776
    body-i38-m8: [ 1040/1308] radius=7.655e-02 microboxes=410816
    body-i38-m8: [ 1170/1308] radius=9.455e-02 microboxes=411856
    body-i38-m8: [ 1300/1308] radius=1.132e-01 microboxes=412896
    body-i38-m8: [ 1308/1308] radius=1.163e-01 microboxes=412960
    edge-i38-m8: [    1/16] radius=1.588e-07 microboxes=412968
    edge-i38-m8: [    2/16] radius=3.192e-07 microboxes=412976
    edge-i38-m8: [    3/16] radius=4.812e-07 microboxes=412984
    edge-i38-m8: [    4/16] radius=6.446e-07 microboxes=412992
    edge-i38-m8: [    5/16] radius=8.097e-07 microboxes=413000
    edge-i38-m8: [    6/16] radius=9.763e-07 microboxes=413008
    edge-i38-m8: [    7/16] radius=1.145e-06 microboxes=413016
    edge-i38-m8: [    8/16] radius=1.314e-06 microboxes=413024
    edge-i38-m8: [    9/16] radius=1.486e-06 microboxes=413032
    edge-i38-m8: [   10/16] radius=1.659e-06 microboxes=413040
    edge-i38-m8: [   11/16] radius=1.833e-06 microboxes=413048
    edge-i38-m8: [   12/16] radius=2.009e-06 microboxes=413056
    edge-i38-m8: [   13/16] radius=2.187e-06 microboxes=413064
    edge-i38-m8: [   14/16] radius=2.366e-06 microboxes=413072
    edge-i38-m8: [   15/16] radius=2.547e-06 microboxes=413080
    edge-i38-m8: [   16/16] radius=2.722e-06 microboxes=413088
    body-i39-m8: [    1/1308] radius=2.425e-06 microboxes=413096
    body-i39-m8: [  130/1308] radius=1.506e-03 microboxes=414128
    body-i39-m8: [  260/1308] radius=6.550e-03 microboxes=415168
    body-i39-m8: [  390/1308] radius=1.818e-02 microboxes=416208
    body-i39-m8: [  520/1308] radius=3.007e-02 microboxes=417248
    body-i39-m8: [  650/1308] radius=3.967e-02 microboxes=418288
    body-i39-m8: [  780/1308] radius=5.355e-02 microboxes=419328
    body-i39-m8: [  910/1308] radius=6.132e-02 microboxes=420368
    body-i39-m8: [ 1040/1308] radius=7.581e-02 microboxes=421408
    body-i39-m8: [ 1170/1308] radius=9.362e-02 microboxes=422448
    body-i39-m8: [ 1300/1308] radius=1.121e-01 microboxes=423488
    body-i39-m8: [ 1308/1308] radius=1.152e-01 microboxes=423552
    edge-i39-m8: [    1/16] radius=1.572e-07 microboxes=423560
    edge-i39-m8: [    2/16] radius=3.175e-07 microboxes=423568
    edge-i39-m8: [    3/16] radius=4.794e-07 microboxes=423576
    edge-i39-m8: [    4/16] radius=6.428e-07 microboxes=423584
    edge-i39-m8: [    5/16] radius=8.078e-07 microboxes=423592
    edge-i39-m8: [    6/16] radius=9.743e-07 microboxes=423600
    edge-i39-m8: [    7/16] radius=1.142e-06 microboxes=423608
    edge-i39-m8: [    8/16] radius=1.312e-06 microboxes=423616
    edge-i39-m8: [    9/16] radius=1.483e-06 microboxes=423624
    edge-i39-m8: [   10/16] radius=1.656e-06 microboxes=423632
    edge-i39-m8: [   11/16] radius=1.831e-06 microboxes=423640
    edge-i39-m8: [   12/16] radius=2.007e-06 microboxes=423648
    edge-i39-m8: [   13/16] radius=2.184e-06 microboxes=423656
    edge-i39-m8: [   14/16] radius=2.364e-06 microboxes=423664
    edge-i39-m8: [   15/16] radius=2.544e-06 microboxes=423672
    edge-i39-m8: [   16/16] radius=2.727e-06 microboxes=423680
  [ 40/81] i=39 epsT=3.158e-02 epsG=2.599e-06 edgeRows=2.527e-02 activeR=1.648e-03 sep=1.108e-02 lower=+9.430e-03 pass=True disc=3.23e-10
    body-i40-m8: [    1/1308] radius=2.513e-06 microboxes=423688
    body-i40-m8: [  130/1308] radius=1.517e-03 microboxes=424720
    body-i40-m8: [  260/1308] radius=6.604e-03 microboxes=425760
    body-i40-m8: [  390/1308] radius=1.836e-02 microboxes=426800
    body-i40-m8: [  520/1308] radius=3.038e-02 microboxes=427840
    body-i40-m8: [  650/1308] radius=4.008e-02 microboxes=428880
    body-i40-m8: [  780/1308] radius=5.406e-02 microboxes=429920
    body-i40-m8: [  910/1308] radius=6.195e-02 microboxes=430960
    body-i40-m8: [ 1040/1308] radius=7.660e-02 microboxes=432000
    body-i40-m8: [ 1170/1308] radius=9.462e-02 microboxes=433040
    body-i40-m8: [ 1300/1308] radius=1.132e-01 microboxes=434080
    body-i40-m8: [ 1308/1308] radius=1.163e-01 microboxes=434144
    edge-i40-m8: [    1/16] radius=1.587e-07 microboxes=434152
    edge-i40-m8: [    2/16] radius=3.149e-07 microboxes=434160
    edge-i40-m8: [    3/16] radius=4.766e-07 microboxes=434168
    edge-i40-m8: [    4/16] radius=6.399e-07 microboxes=434176
    edge-i40-m8: [    5/16] radius=8.048e-07 microboxes=434184
    edge-i40-m8: [    6/16] radius=9.712e-07 microboxes=434192
    edge-i40-m8: [    7/16] radius=1.139e-06 microboxes=434200
    edge-i40-m8: [    8/16] radius=1.309e-06 microboxes=434208
    edge-i40-m8: [    9/16] radius=1.480e-06 microboxes=434216
    edge-i40-m8: [   10/16] radius=1.653e-06 microboxes=434224
    edge-i40-m8: [   11/16] radius=1.827e-06 microboxes=434232
    edge-i40-m8: [   12/16] radius=2.003e-06 microboxes=434240
    edge-i40-m8: [   13/16] radius=2.180e-06 microboxes=434248
    edge-i40-m8: [   14/16] radius=2.359e-06 microboxes=434256
    edge-i40-m8: [   15/16] radius=2.540e-06 microboxes=434264
    edge-i40-m8: [   16/16] radius=2.722e-06 microboxes=434272
    body-i41-m8: [    1/1308] radius=2.542e-06 microboxes=434280
    body-i41-m8: [  130/1308] radius=1.523e-03 microboxes=435312
    body-i41-m8: [  260/1308] radius=6.624e-03 microboxes=436352
    body-i41-m8: [  390/1308] radius=1.840e-02 microboxes=437392
    body-i41-m8: [  520/1308] radius=3.045e-02 microboxes=438432
    body-i41-m8: [  650/1308] radius=4.018e-02 microboxes=439472
    body-i41-m8: [  780/1308] radius=5.421e-02 microboxes=440512
    body-i41-m8: [  910/1308] radius=6.208e-02 microboxes=441552
    body-i41-m8: [ 1040/1308] radius=7.664e-02 microboxes=442592
    body-i41-m8: [ 1170/1308] radius=9.467e-02 microboxes=443632
    body-i41-m8: [ 1300/1308] radius=1.134e-01 microboxes=444672
    body-i41-m8: [ 1308/1308] radius=1.164e-01 microboxes=444736
    edge-i41-m8: [    1/16] radius=1.589e-07 microboxes=444744
    edge-i41-m8: [    2/16] radius=3.193e-07 microboxes=444752
    edge-i41-m8: [    3/16] radius=4.716e-07 microboxes=444760
    edge-i41-m8: [    4/16] radius=6.351e-07 microboxes=444768
    edge-i41-m8: [    5/16] radius=8.001e-07 microboxes=444776
    edge-i41-m8: [    6/16] radius=9.667e-07 microboxes=444784
    edge-i41-m8: [    7/16] radius=1.135e-06 microboxes=444792
    edge-i41-m8: [    8/16] radius=1.305e-06 microboxes=444800
    edge-i41-m8: [    9/16] radius=1.476e-06 microboxes=444808
    edge-i41-m8: [   10/16] radius=1.649e-06 microboxes=444816
    edge-i41-m8: [   11/16] radius=1.823e-06 microboxes=444824
    edge-i41-m8: [   12/16] radius=1.999e-06 microboxes=444832
    edge-i41-m8: [   13/16] radius=2.177e-06 microboxes=444840
    edge-i41-m8: [   14/16] radius=2.356e-06 microboxes=444848
    edge-i41-m8: [   15/16] radius=2.537e-06 microboxes=444856
    edge-i41-m8: [   16/16] radius=2.720e-06 microboxes=444864
    body-i42-m8: [    1/1308] radius=2.437e-06 microboxes=444872
    body-i42-m8: [  130/1308] radius=1.507e-03 microboxes=445904
    body-i42-m8: [  260/1308] radius=6.557e-03 microboxes=446944
    body-i42-m8: [  390/1308] radius=1.820e-02 microboxes=447984
    body-i42-m8: [  520/1308] radius=3.011e-02 microboxes=449024
    body-i42-m8: [  650/1308] radius=3.972e-02 microboxes=450064
    body-i42-m8: [  780/1308] radius=5.362e-02 microboxes=451104
    body-i42-m8: [  910/1308] radius=6.139e-02 microboxes=452144
    body-i42-m8: [ 1040/1308] radius=7.590e-02 microboxes=453184
    body-i42-m8: [ 1170/1308] radius=9.375e-02 microboxes=454224
    body-i42-m8: [ 1300/1308] radius=1.123e-01 microboxes=455264
    body-i42-m8: [ 1308/1308] radius=1.153e-01 microboxes=455328
    edge-i42-m8: [    1/16] radius=1.588e-07 microboxes=455336
    edge-i42-m8: [    2/16] radius=3.191e-07 microboxes=455344
    edge-i42-m8: [    3/16] radius=4.810e-07 microboxes=455352
    edge-i42-m8: [    4/16] radius=6.395e-07 microboxes=455360
    edge-i42-m8: [    5/16] radius=8.045e-07 microboxes=455368
    edge-i42-m8: [    6/16] radius=9.710e-07 microboxes=455376
    edge-i42-m8: [    7/16] radius=1.139e-06 microboxes=455384
    edge-i42-m8: [    8/16] radius=1.309e-06 microboxes=455392
    edge-i42-m8: [    9/16] radius=1.480e-06 microboxes=455400
    edge-i42-m8: [   10/16] radius=1.653e-06 microboxes=455408
    edge-i42-m8: [   11/16] radius=1.827e-06 microboxes=455416
    edge-i42-m8: [   12/16] radius=2.003e-06 microboxes=455424
    edge-i42-m8: [   13/16] radius=2.181e-06 microboxes=455432
    edge-i42-m8: [   14/16] radius=2.360e-06 microboxes=455440
    edge-i42-m8: [   15/16] radius=2.541e-06 microboxes=455448
    edge-i42-m8: [   16/16] radius=2.724e-06 microboxes=455456
    body-i43-m8: [    1/1308] radius=2.577e-06 microboxes=455464
    body-i43-m8: [  130/1308] radius=1.515e-03 microboxes=456496
    body-i43-m8: [  260/1308] radius=6.597e-03 microboxes=457536
    body-i43-m8: [  390/1308] radius=1.833e-02 microboxes=458576
    body-i43-m8: [  520/1308] radius=3.034e-02 microboxes=459616
    body-i43-m8: [  650/1308] radius=4.003e-02 microboxes=460656
    body-i43-m8: [  780/1308] radius=5.400e-02 microboxes=461696
    body-i43-m8: [  910/1308] radius=6.188e-02 microboxes=462736
    body-i43-m8: [ 1040/1308] radius=7.650e-02 microboxes=463776
    body-i43-m8: [ 1170/1308] radius=9.450e-02 microboxes=464816
    body-i43-m8: [ 1300/1308] radius=1.131e-01 microboxes=465856
    body-i43-m8: [ 1308/1308] radius=1.161e-01 microboxes=465920
    edge-i43-m8: [    1/16] radius=1.587e-07 microboxes=465928
    edge-i43-m8: [    2/16] radius=3.189e-07 microboxes=465936
    edge-i43-m8: [    3/16] radius=4.806e-07 microboxes=465944
    edge-i43-m8: [    4/16] radius=6.439e-07 microboxes=465952
    edge-i43-m8: [    5/16] radius=8.080e-07 microboxes=465960
    edge-i43-m8: [    6/16] radius=9.744e-07 microboxes=465968
    edge-i43-m8: [    7/16] radius=1.142e-06 microboxes=465976
    edge-i43-m8: [    8/16] radius=1.312e-06 microboxes=465984
    edge-i43-m8: [    9/16] radius=1.483e-06 microboxes=465992
    edge-i43-m8: [   10/16] radius=1.656e-06 microboxes=466000
    edge-i43-m8: [   11/16] radius=1.830e-06 microboxes=466008
    edge-i43-m8: [   12/16] radius=2.006e-06 microboxes=466016
    edge-i43-m8: [   13/16] radius=2.184e-06 microboxes=466024
    edge-i43-m8: [   14/16] radius=2.363e-06 microboxes=466032
    edge-i43-m8: [   15/16] radius=2.543e-06 microboxes=466040
    edge-i43-m8: [   16/16] radius=2.726e-06 microboxes=466048
    body-i44-m8: [    1/1308] radius=2.581e-06 microboxes=466056
    body-i44-m8: [  130/1308] radius=1.525e-03 microboxes=467088
    body-i44-m8: [  260/1308] radius=6.633e-03 microboxes=468128
    body-i44-m8: [  390/1308] radius=1.843e-02 microboxes=469168
    body-i44-m8: [  520/1308] radius=3.049e-02 microboxes=470208
    body-i44-m8: [  650/1308] radius=4.023e-02 microboxes=471248
    body-i44-m8: [  780/1308] radius=5.428e-02 microboxes=472288
    body-i44-m8: [  910/1308] radius=6.216e-02 microboxes=473328
    body-i44-m8: [ 1040/1308] radius=7.674e-02 microboxes=474368
    body-i44-m8: [ 1170/1308] radius=9.479e-02 microboxes=475408
    body-i44-m8: [ 1300/1308] radius=1.135e-01 microboxes=476448
    body-i44-m8: [ 1308/1308] radius=1.166e-01 microboxes=476512
    edge-i44-m8: [    1/16] radius=1.589e-07 microboxes=476520
    edge-i44-m8: [    2/16] radius=3.193e-07 microboxes=476528
    edge-i44-m8: [    3/16] radius=4.812e-07 microboxes=476536
    edge-i44-m8: [    4/16] radius=6.447e-07 microboxes=476544
    edge-i44-m8: [    5/16] radius=8.033e-07 microboxes=476552
    edge-i44-m8: [    6/16] radius=9.699e-07 microboxes=476560
    edge-i44-m8: [    7/16] radius=1.138e-06 microboxes=476568
    edge-i44-m8: [    8/16] radius=1.308e-06 microboxes=476576
    edge-i44-m8: [    9/16] radius=1.479e-06 microboxes=476584
    edge-i44-m8: [   10/16] radius=1.652e-06 microboxes=476592
    edge-i44-m8: [   11/16] radius=1.827e-06 microboxes=476600
    edge-i44-m8: [   12/16] radius=2.003e-06 microboxes=476608
    edge-i44-m8: [   13/16] radius=2.180e-06 microboxes=476616
    edge-i44-m8: [   14/16] radius=2.360e-06 microboxes=476624
    edge-i44-m8: [   15/16] radius=2.541e-06 microboxes=476632
    edge-i44-m8: [   16/16] radius=2.723e-06 microboxes=476640
  [ 45/81] i=44 epsT=3.198e-02 epsG=2.595e-06 edgeRows=2.527e-02 activeR=1.669e-03 sep=1.107e-02 lower=+9.401e-03 pass=True disc=3.23e-10
    body-i45-m8: [    1/1308] radius=2.579e-06 microboxes=476648
    body-i45-m8: [  130/1308] radius=1.509e-03 microboxes=477680
    body-i45-m8: [  260/1308] radius=6.565e-03 microboxes=478720
    body-i45-m8: [  390/1308] radius=1.822e-02 microboxes=479760
    body-i45-m8: [  520/1308] radius=3.014e-02 microboxes=480800
    body-i45-m8: [  650/1308] radius=3.977e-02 microboxes=481840
    body-i45-m8: [  780/1308] radius=5.369e-02 microboxes=482880
    body-i45-m8: [  910/1308] radius=6.147e-02 microboxes=483920
    body-i45-m8: [ 1040/1308] radius=7.600e-02 microboxes=484960
    body-i45-m8: [ 1170/1308] radius=9.387e-02 microboxes=486000
    body-i45-m8: [ 1300/1308] radius=1.124e-01 microboxes=487040
    body-i45-m8: [ 1308/1308] radius=1.155e-01 microboxes=487104
    edge-i45-m8: [    1/16] radius=1.588e-07 microboxes=487112
    edge-i45-m8: [    2/16] radius=3.191e-07 microboxes=487120
    edge-i45-m8: [    3/16] radius=4.810e-07 microboxes=487128
    edge-i45-m8: [    4/16] radius=6.444e-07 microboxes=487136
    edge-i45-m8: [    5/16] radius=8.094e-07 microboxes=487144
    edge-i45-m8: [    6/16] radius=9.677e-07 microboxes=487152
    edge-i45-m8: [    7/16] radius=1.136e-06 microboxes=487160
    edge-i45-m8: [    8/16] radius=1.305e-06 microboxes=487168
    edge-i45-m8: [    9/16] radius=1.477e-06 microboxes=487176
    edge-i45-m8: [   10/16] radius=1.649e-06 microboxes=487184
    edge-i45-m8: [   11/16] radius=1.824e-06 microboxes=487192
    edge-i45-m8: [   12/16] radius=2.000e-06 microboxes=487200
    edge-i45-m8: [   13/16] radius=2.177e-06 microboxes=487208
    edge-i45-m8: [   14/16] radius=2.357e-06 microboxes=487216
    edge-i45-m8: [   15/16] radius=2.537e-06 microboxes=487224
    edge-i45-m8: [   16/16] radius=2.720e-06 microboxes=487232
    body-i46-m8: [    1/1308] radius=2.577e-06 microboxes=487240
    body-i46-m8: [  130/1308] radius=1.513e-03 microboxes=488272
    body-i46-m8: [  260/1308] radius=6.589e-03 microboxes=489312
    body-i46-m8: [  390/1308] radius=1.831e-02 microboxes=490352
    body-i46-m8: [  520/1308] radius=3.030e-02 microboxes=491392
    body-i46-m8: [  650/1308] radius=3.998e-02 microboxes=492432
    body-i46-m8: [  780/1308] radius=5.393e-02 microboxes=493472
    body-i46-m8: [  910/1308] radius=6.180e-02 microboxes=494512
    body-i46-m8: [ 1040/1308] radius=7.641e-02 microboxes=495552
    body-i46-m8: [ 1170/1308] radius=9.437e-02 microboxes=496592
    body-i46-m8: [ 1300/1308] radius=1.129e-01 microboxes=497632
    body-i46-m8: [ 1308/1308] radius=1.160e-01 microboxes=497696
    edge-i46-m8: [    1/16] radius=1.587e-07 microboxes=497704
    edge-i46-m8: [    2/16] radius=3.189e-07 microboxes=497712
    edge-i46-m8: [    3/16] radius=4.806e-07 microboxes=497720
    edge-i46-m8: [    4/16] radius=6.439e-07 microboxes=497728
    edge-i46-m8: [    5/16] radius=8.088e-07 microboxes=497736
    edge-i46-m8: [    6/16] radius=9.752e-07 microboxes=497744
    edge-i46-m8: [    7/16] radius=1.141e-06 microboxes=497752
    edge-i46-m8: [    8/16] radius=1.310e-06 microboxes=497760
    edge-i46-m8: [    9/16] radius=1.481e-06 microboxes=497768
    edge-i46-m8: [   10/16] radius=1.654e-06 microboxes=497776
    edge-i46-m8: [   11/16] radius=1.828e-06 microboxes=497784
    edge-i46-m8: [   12/16] radius=2.004e-06 microboxes=497792
    edge-i46-m8: [   13/16] radius=2.182e-06 microboxes=497800
    edge-i46-m8: [   14/16] radius=2.361e-06 microboxes=497808
    edge-i46-m8: [   15/16] radius=2.542e-06 microboxes=497816
    edge-i46-m8: [   16/16] radius=2.724e-06 microboxes=497824
    body-i47-m8: [    1/1308] radius=2.581e-06 microboxes=497832
    body-i47-m8: [  130/1308] radius=1.527e-03 microboxes=498864
    body-i47-m8: [  260/1308] radius=6.641e-03 microboxes=499904
    body-i47-m8: [  390/1308] radius=1.845e-02 microboxes=500944
    body-i47-m8: [  520/1308] radius=3.053e-02 microboxes=501984
    body-i47-m8: [  650/1308] radius=4.028e-02 microboxes=503024
    body-i47-m8: [  780/1308] radius=5.434e-02 microboxes=504064
    body-i47-m8: [  910/1308] radius=6.224e-02 microboxes=505104
    body-i47-m8: [ 1040/1308] radius=7.683e-02 microboxes=506144
    body-i47-m8: [ 1170/1308] radius=9.491e-02 microboxes=507184
    body-i47-m8: [ 1300/1308] radius=1.136e-01 microboxes=508224
    body-i47-m8: [ 1308/1308] radius=1.167e-01 microboxes=508288
    edge-i47-m8: [    1/16] radius=1.589e-07 microboxes=508296
    edge-i47-m8: [    2/16] radius=3.193e-07 microboxes=508304
    edge-i47-m8: [    3/16] radius=4.812e-07 microboxes=508312
    edge-i47-m8: [    4/16] radius=6.447e-07 microboxes=508320
    edge-i47-m8: [    5/16] radius=8.098e-07 microboxes=508328
    edge-i47-m8: [    6/16] radius=9.765e-07 microboxes=508336
    edge-i47-m8: [    7/16] radius=1.145e-06 microboxes=508344
    edge-i47-m8: [    8/16] radius=1.311e-06 microboxes=508352
    edge-i47-m8: [    9/16] radius=1.482e-06 microboxes=508360
    edge-i47-m8: [   10/16] radius=1.655e-06 microboxes=508368
    edge-i47-m8: [   11/16] radius=1.830e-06 microboxes=508376
    edge-i47-m8: [   12/16] radius=2.006e-06 microboxes=508384
    edge-i47-m8: [   13/16] radius=2.184e-06 microboxes=508392
    edge-i47-m8: [   14/16] radius=2.363e-06 microboxes=508400
    edge-i47-m8: [   15/16] radius=2.544e-06 microboxes=508408
    edge-i47-m8: [   16/16] radius=2.727e-06 microboxes=508416
    body-i48-m8: [    1/1308] radius=2.579e-06 microboxes=508424
    body-i48-m8: [  130/1308] radius=1.512e-03 microboxes=509456
    body-i48-m8: [  260/1308] radius=6.572e-03 microboxes=510496
    body-i48-m8: [  390/1308] radius=1.824e-02 microboxes=511536
    body-i48-m8: [  520/1308] radius=3.018e-02 microboxes=512576
    body-i48-m8: [  650/1308] radius=3.983e-02 microboxes=513616
    body-i48-m8: [  780/1308] radius=5.375e-02 microboxes=514656
    body-i48-m8: [  910/1308] radius=6.155e-02 microboxes=515696
    body-i48-m8: [ 1040/1308] radius=7.610e-02 microboxes=516736
    body-i48-m8: [ 1170/1308] radius=9.400e-02 microboxes=517776
    body-i48-m8: [ 1300/1308] radius=1.126e-01 microboxes=518816
    body-i48-m8: [ 1308/1308] radius=1.156e-01 microboxes=518880
    edge-i48-m8: [    1/16] radius=1.587e-07 microboxes=518888
    edge-i48-m8: [    2/16] radius=3.190e-07 microboxes=518896
    edge-i48-m8: [    3/16] radius=4.809e-07 microboxes=518904
    edge-i48-m8: [    4/16] radius=6.443e-07 microboxes=518912
    edge-i48-m8: [    5/16] radius=8.092e-07 microboxes=518920
    edge-i48-m8: [    6/16] radius=9.758e-07 microboxes=518928
    edge-i48-m8: [    7/16] radius=1.144e-06 microboxes=518936
    edge-i48-m8: [    8/16] radius=1.314e-06 microboxes=518944
    edge-i48-m8: [    9/16] radius=1.476e-06 microboxes=518952
    edge-i48-m8: [   10/16] radius=1.648e-06 microboxes=518960
    edge-i48-m8: [   11/16] radius=1.823e-06 microboxes=518968
    edge-i48-m8: [   12/16] radius=1.999e-06 microboxes=518976
    edge-i48-m8: [   13/16] radius=2.176e-06 microboxes=518984
    edge-i48-m8: [   14/16] radius=2.355e-06 microboxes=518992
    edge-i48-m8: [   15/16] radius=2.536e-06 microboxes=519000
    edge-i48-m8: [   16/16] radius=2.719e-06 microboxes=519008
    body-i49-m8: [    1/1308] radius=2.577e-06 microboxes=519016
    body-i49-m8: [  130/1308] radius=1.512e-03 microboxes=520048
    body-i49-m8: [  260/1308] radius=6.581e-03 microboxes=521088
    body-i49-m8: [  390/1308] radius=1.829e-02 microboxes=522128
    body-i49-m8: [  520/1308] radius=3.026e-02 microboxes=523168
    body-i49-m8: [  650/1308] radius=3.993e-02 microboxes=524208
    body-i49-m8: [  780/1308] radius=5.386e-02 microboxes=525248
    body-i49-m8: [  910/1308] radius=6.173e-02 microboxes=526288
    body-i49-m8: [ 1040/1308] radius=7.631e-02 microboxes=527328
    body-i49-m8: [ 1170/1308] radius=9.425e-02 microboxes=528368
    body-i49-m8: [ 1300/1308] radius=1.128e-01 microboxes=529408
    body-i49-m8: [ 1308/1308] radius=1.158e-01 microboxes=529472
    edge-i49-m8: [    1/16] radius=1.587e-07 microboxes=529480
    edge-i49-m8: [    2/16] radius=3.189e-07 microboxes=529488
    edge-i49-m8: [    3/16] radius=4.806e-07 microboxes=529496
    edge-i49-m8: [    4/16] radius=6.439e-07 microboxes=529504
    edge-i49-m8: [    5/16] radius=8.088e-07 microboxes=529512
    edge-i49-m8: [    6/16] radius=9.752e-07 microboxes=529520
    edge-i49-m8: [    7/16] radius=1.143e-06 microboxes=529528
    edge-i49-m8: [    8/16] radius=1.313e-06 microboxes=529536
    edge-i49-m8: [    9/16] radius=1.484e-06 microboxes=529544
    edge-i49-m8: [   10/16] radius=1.651e-06 microboxes=529552
    edge-i49-m8: [   11/16] radius=1.825e-06 microboxes=529560
    edge-i49-m8: [   12/16] radius=2.001e-06 microboxes=529568
    edge-i49-m8: [   13/16] radius=2.178e-06 microboxes=529576
    edge-i49-m8: [   14/16] radius=2.358e-06 microboxes=529584
    edge-i49-m8: [   15/16] radius=2.538e-06 microboxes=529592
    edge-i49-m8: [   16/16] radius=2.721e-06 microboxes=529600
  [ 50/81] i=49 epsT=3.175e-02 epsG=2.592e-06 edgeRows=2.527e-02 activeR=1.658e-03 sep=1.105e-02 lower=+9.396e-03 pass=True disc=3.24e-10
    body-i50-m8: [    1/1308] radius=2.581e-06 microboxes=529608
    body-i50-m8: [  130/1308] radius=1.529e-03 microboxes=530640
    body-i50-m8: [  260/1308] radius=6.649e-03 microboxes=531680
    body-i50-m8: [  390/1308] radius=1.848e-02 microboxes=532720
    body-i50-m8: [  520/1308] radius=3.056e-02 microboxes=533760
    body-i50-m8: [  650/1308] radius=4.033e-02 microboxes=534800
    body-i50-m8: [  780/1308] radius=5.441e-02 microboxes=535840
    body-i50-m8: [  910/1308] radius=6.231e-02 microboxes=536880
    body-i50-m8: [ 1040/1308] radius=7.693e-02 microboxes=537920
    body-i50-m8: [ 1170/1308] radius=9.503e-02 microboxes=538960
    body-i50-m8: [ 1300/1308] radius=1.138e-01 microboxes=540000
    body-i50-m8: [ 1308/1308] radius=1.169e-01 microboxes=540064
    edge-i50-m8: [    1/16] radius=1.589e-07 microboxes=540072
    edge-i50-m8: [    2/16] radius=3.193e-07 microboxes=540080
    edge-i50-m8: [    3/16] radius=4.813e-07 microboxes=540088
    edge-i50-m8: [    4/16] radius=6.448e-07 microboxes=540096
    edge-i50-m8: [    5/16] radius=8.099e-07 microboxes=540104
    edge-i50-m8: [    6/16] radius=9.766e-07 microboxes=540112
    edge-i50-m8: [    7/16] radius=1.145e-06 microboxes=540120
    edge-i50-m8: [    8/16] radius=1.315e-06 microboxes=540128
    edge-i50-m8: [    9/16] radius=1.486e-06 microboxes=540136
    edge-i50-m8: [   10/16] radius=1.659e-06 microboxes=540144
    edge-i50-m8: [   11/16] radius=1.834e-06 microboxes=540152
    edge-i50-m8: [   12/16] radius=2.010e-06 microboxes=540160
    edge-i50-m8: [   13/16] radius=2.187e-06 microboxes=540168
    edge-i50-m8: [   14/16] radius=2.367e-06 microboxes=540176
    edge-i50-m8: [   15/16] radius=2.548e-06 microboxes=540184
    edge-i50-m8: [   16/16] radius=2.730e-06 microboxes=540192
    body-i51-m8: [    1/1308] radius=2.579e-06 microboxes=540200
    body-i51-m8: [  130/1308] radius=1.513e-03 microboxes=541232
    body-i51-m8: [  260/1308] radius=6.580e-03 microboxes=542272
    body-i51-m8: [  390/1308] radius=1.827e-02 microboxes=543312
    body-i51-m8: [  520/1308] radius=3.022e-02 microboxes=544352
    body-i51-m8: [  650/1308] radius=3.988e-02 microboxes=545392
    body-i51-m8: [  780/1308] radius=5.382e-02 microboxes=546432
    body-i51-m8: [  910/1308] radius=6.163e-02 microboxes=547472
    body-i51-m8: [ 1040/1308] radius=7.620e-02 microboxes=548512
    body-i51-m8: [ 1170/1308] radius=9.413e-02 microboxes=549552
    body-i51-m8: [ 1300/1308] radius=1.127e-01 microboxes=550592
    body-i51-m8: [ 1308/1308] radius=1.158e-01 microboxes=550656
    edge-i51-m8: [    1/16] radius=1.587e-07 microboxes=550664
    edge-i51-m8: [    2/16] radius=3.190e-07 microboxes=550672
    edge-i51-m8: [    3/16] radius=4.809e-07 microboxes=550680
    edge-i51-m8: [    4/16] radius=6.443e-07 microboxes=550688
    edge-i51-m8: [    5/16] radius=8.092e-07 microboxes=550696
    edge-i51-m8: [    6/16] radius=9.757e-07 microboxes=550704
    edge-i51-m8: [    7/16] radius=1.144e-06 microboxes=550712
    edge-i51-m8: [    8/16] radius=1.313e-06 microboxes=550720
    edge-i51-m8: [    9/16] radius=1.485e-06 microboxes=550728
    edge-i51-m8: [   10/16] radius=1.658e-06 microboxes=550736
    edge-i51-m8: [   11/16] radius=1.826e-06 microboxes=550744
    edge-i51-m8: [   12/16] radius=2.002e-06 microboxes=550752
    edge-i51-m8: [   13/16] radius=2.180e-06 microboxes=550760
    edge-i51-m8: [   14/16] radius=2.359e-06 microboxes=550768
    edge-i51-m8: [   15/16] radius=2.540e-06 microboxes=550776
    edge-i51-m8: [   16/16] radius=2.722e-06 microboxes=550784
    body-i52-m8: [    1/1308] radius=2.578e-06 microboxes=550792
    body-i52-m8: [  130/1308] radius=1.510e-03 microboxes=551824
    body-i52-m8: [  260/1308] radius=6.572e-03 microboxes=552864
    body-i52-m8: [  390/1308] radius=1.827e-02 microboxes=553904
    body-i52-m8: [  520/1308] radius=3.022e-02 microboxes=554944
    body-i52-m8: [  650/1308] radius=3.988e-02 microboxes=555984
    body-i52-m8: [  780/1308] radius=5.379e-02 microboxes=557024
    body-i52-m8: [  910/1308] radius=6.165e-02 microboxes=558064
    body-i52-m8: [ 1040/1308] radius=7.621e-02 microboxes=559104
    body-i52-m8: [ 1170/1308] radius=9.413e-02 microboxes=560144
    body-i52-m8: [ 1300/1308] radius=1.126e-01 microboxes=561184
    body-i52-m8: [ 1308/1308] radius=1.157e-01 microboxes=561248
    edge-i52-m8: [    1/16] radius=1.587e-07 microboxes=561256
    edge-i52-m8: [    2/16] radius=3.189e-07 microboxes=561264
    edge-i52-m8: [    3/16] radius=4.806e-07 microboxes=561272
    edge-i52-m8: [    4/16] radius=6.439e-07 microboxes=561280
    edge-i52-m8: [    5/16] radius=8.088e-07 microboxes=561288
    edge-i52-m8: [    6/16] radius=9.752e-07 microboxes=561296
    edge-i52-m8: [    7/16] radius=1.143e-06 microboxes=561304
    edge-i52-m8: [    8/16] radius=1.313e-06 microboxes=561312
    edge-i52-m8: [    9/16] radius=1.484e-06 microboxes=561320
    edge-i52-m8: [   10/16] radius=1.657e-06 microboxes=561328
    edge-i52-m8: [   11/16] radius=1.831e-06 microboxes=561336
    edge-i52-m8: [   12/16] radius=1.998e-06 microboxes=561344
    edge-i52-m8: [   13/16] radius=2.175e-06 microboxes=561352
    edge-i52-m8: [   14/16] radius=2.354e-06 microboxes=561360
    edge-i52-m8: [   15/16] radius=2.535e-06 microboxes=561368
    edge-i52-m8: [   16/16] radius=2.717e-06 microboxes=561376
    body-i53-m8: [    1/1308] radius=2.581e-06 microboxes=561384
    body-i53-m8: [  130/1308] radius=1.527e-03 microboxes=562416
    body-i53-m8: [  260/1308] radius=6.641e-03 microboxes=563456
    body-i53-m8: [  390/1308] radius=1.845e-02 microboxes=564496
    body-i53-m8: [  520/1308] radius=3.053e-02 microboxes=565536
    body-i53-m8: [  650/1308] radius=4.028e-02 microboxes=566576
    body-i53-m8: [  780/1308] radius=5.434e-02 microboxes=567616
    body-i53-m8: [  910/1308] radius=6.223e-02 microboxes=568656
    body-i53-m8: [ 1040/1308] radius=7.683e-02 microboxes=569696
    body-i53-m8: [ 1170/1308] radius=9.491e-02 microboxes=570736
    body-i53-m8: [ 1300/1308] radius=1.137e-01 microboxes=571776
    body-i53-m8: [ 1308/1308] radius=1.167e-01 microboxes=571840
    edge-i53-m8: [    1/16] radius=1.589e-07 microboxes=571848
    edge-i53-m8: [    2/16] radius=3.193e-07 microboxes=571856
    edge-i53-m8: [    3/16] radius=4.813e-07 microboxes=571864
    edge-i53-m8: [    4/16] radius=6.448e-07 microboxes=571872
    edge-i53-m8: [    5/16] radius=8.099e-07 microboxes=571880
    edge-i53-m8: [    6/16] radius=9.766e-07 microboxes=571888
    edge-i53-m8: [    7/16] radius=1.145e-06 microboxes=571896
    edge-i53-m8: [    8/16] radius=1.315e-06 microboxes=571904
    edge-i53-m8: [    9/16] radius=1.486e-06 microboxes=571912
    edge-i53-m8: [   10/16] radius=1.659e-06 microboxes=571920
    edge-i53-m8: [   11/16] radius=1.834e-06 microboxes=571928
    edge-i53-m8: [   12/16] radius=2.010e-06 microboxes=571936
    edge-i53-m8: [   13/16] radius=2.184e-06 microboxes=571944
    edge-i53-m8: [   14/16] radius=2.363e-06 microboxes=571952
    edge-i53-m8: [   15/16] radius=2.544e-06 microboxes=571960
    edge-i53-m8: [   16/16] radius=2.727e-06 microboxes=571968
    body-i54-m8: [    1/1308] radius=2.579e-06 microboxes=571976
    body-i54-m8: [  130/1308] radius=1.515e-03 microboxes=573008
    body-i54-m8: [  260/1308] radius=6.588e-03 microboxes=574048
    body-i54-m8: [  390/1308] radius=1.829e-02 microboxes=575088
    body-i54-m8: [  520/1308] radius=3.026e-02 microboxes=576128
    body-i54-m8: [  650/1308] radius=3.993e-02 microboxes=577168
    body-i54-m8: [  780/1308] radius=5.389e-02 microboxes=578208
    body-i54-m8: [  910/1308] radius=6.171e-02 microboxes=579248
    body-i54-m8: [ 1040/1308] radius=7.630e-02 microboxes=580288
    body-i54-m8: [ 1170/1308] radius=9.425e-02 microboxes=581328
    body-i54-m8: [ 1300/1308] radius=1.129e-01 microboxes=582368
    body-i54-m8: [ 1308/1308] radius=1.159e-01 microboxes=582432
    edge-i54-m8: [    1/16] radius=1.587e-07 microboxes=582440
    edge-i54-m8: [    2/16] radius=3.190e-07 microboxes=582448
    edge-i54-m8: [    3/16] radius=4.809e-07 microboxes=582456
    edge-i54-m8: [    4/16] radius=6.443e-07 microboxes=582464
    edge-i54-m8: [    5/16] radius=8.092e-07 microboxes=582472
    edge-i54-m8: [    6/16] radius=9.757e-07 microboxes=582480
    edge-i54-m8: [    7/16] radius=1.144e-06 microboxes=582488
    edge-i54-m8: [    8/16] radius=1.313e-06 microboxes=582496
    edge-i54-m8: [    9/16] radius=1.485e-06 microboxes=582504
    edge-i54-m8: [   10/16] radius=1.658e-06 microboxes=582512
    edge-i54-m8: [   11/16] radius=1.832e-06 microboxes=582520
    edge-i54-m8: [   12/16] radius=2.008e-06 microboxes=582528
    edge-i54-m8: [   13/16] radius=2.186e-06 microboxes=582536
    edge-i54-m8: [   14/16] radius=2.362e-06 microboxes=582544
    edge-i54-m8: [   15/16] radius=2.543e-06 microboxes=582552
    edge-i54-m8: [   16/16] radius=2.725e-06 microboxes=582560
  [ 55/81] i=54 epsT=3.179e-02 epsG=2.597e-06 edgeRows=2.527e-02 activeR=1.659e-03 sep=1.108e-02 lower=+9.417e-03 pass=True disc=3.24e-10
    body-i55-m8: [    1/1308] radius=2.578e-06 microboxes=582568
    body-i55-m8: [  130/1308] radius=1.508e-03 microboxes=583600
    body-i55-m8: [  260/1308] radius=6.564e-03 microboxes=584640
    body-i55-m8: [  390/1308] radius=1.825e-02 microboxes=585680
    body-i55-m8: [  520/1308] radius=3.018e-02 microboxes=586720
    body-i55-m8: [  650/1308] radius=3.983e-02 microboxes=587760
    body-i55-m8: [  780/1308] radius=5.372e-02 microboxes=588800
    body-i55-m8: [  910/1308] radius=6.157e-02 microboxes=589840
    body-i55-m8: [ 1040/1308] radius=7.611e-02 microboxes=590880
    body-i55-m8: [ 1170/1308] radius=9.401e-02 microboxes=591920
    body-i55-m8: [ 1300/1308] radius=1.125e-01 microboxes=592960
    body-i55-m8: [ 1308/1308] radius=1.155e-01 microboxes=593024
    edge-i55-m8: [    1/16] radius=1.587e-07 microboxes=593032
    edge-i55-m8: [    2/16] radius=3.189e-07 microboxes=593040
    edge-i55-m8: [    3/16] radius=4.806e-07 microboxes=593048
    edge-i55-m8: [    4/16] radius=6.439e-07 microboxes=593056
    edge-i55-m8: [    5/16] radius=8.088e-07 microboxes=593064
    edge-i55-m8: [    6/16] radius=9.752e-07 microboxes=593072
    edge-i55-m8: [    7/16] radius=1.143e-06 microboxes=593080
    edge-i55-m8: [    8/16] radius=1.313e-06 microboxes=593088
    edge-i55-m8: [    9/16] radius=1.484e-06 microboxes=593096
    edge-i55-m8: [   10/16] radius=1.657e-06 microboxes=593104
    edge-i55-m8: [   11/16] radius=1.831e-06 microboxes=593112
    edge-i55-m8: [   12/16] radius=2.007e-06 microboxes=593120
    edge-i55-m8: [   13/16] radius=2.184e-06 microboxes=593128
    edge-i55-m8: [   14/16] radius=2.364e-06 microboxes=593136
    edge-i55-m8: [   15/16] radius=2.536e-06 microboxes=593144
    edge-i55-m8: [   16/16] radius=2.718e-06 microboxes=593152
    body-i56-m8: [    1/1308] radius=2.581e-06 microboxes=593160
    body-i56-m8: [  130/1308] radius=1.525e-03 microboxes=594192
    body-i56-m8: [  260/1308] radius=6.633e-03 microboxes=595232
    body-i56-m8: [  390/1308] radius=1.843e-02 microboxes=596272
    body-i56-m8: [  520/1308] radius=3.049e-02 microboxes=597312
    body-i56-m8: [  650/1308] radius=4.023e-02 microboxes=598352
    body-i56-m8: [  780/1308] radius=5.427e-02 microboxes=599392
    body-i56-m8: [  910/1308] radius=6.215e-02 microboxes=600432
    body-i56-m8: [ 1040/1308] radius=7.673e-02 microboxes=601472
    body-i56-m8: [ 1170/1308] radius=9.479e-02 microboxes=602512
    body-i56-m8: [ 1300/1308] radius=1.135e-01 microboxes=603552
    body-i56-m8: [ 1308/1308] radius=1.166e-01 microboxes=603616
    edge-i56-m8: [    1/16] radius=1.589e-07 microboxes=603624
    edge-i56-m8: [    2/16] radius=3.193e-07 microboxes=603632
    edge-i56-m8: [    3/16] radius=4.813e-07 microboxes=603640
    edge-i56-m8: [    4/16] radius=6.448e-07 microboxes=603648
    edge-i56-m8: [    5/16] radius=8.099e-07 microboxes=603656
    edge-i56-m8: [    6/16] radius=9.766e-07 microboxes=603664
    edge-i56-m8: [    7/16] radius=1.145e-06 microboxes=603672
    edge-i56-m8: [    8/16] radius=1.315e-06 microboxes=603680
    edge-i56-m8: [    9/16] radius=1.486e-06 microboxes=603688
    edge-i56-m8: [   10/16] radius=1.659e-06 microboxes=603696
    edge-i56-m8: [   11/16] radius=1.834e-06 microboxes=603704
    edge-i56-m8: [   12/16] radius=2.010e-06 microboxes=603712
    edge-i56-m8: [   13/16] radius=2.187e-06 microboxes=603720
    edge-i56-m8: [   14/16] radius=2.367e-06 microboxes=603728
    edge-i56-m8: [   15/16] radius=2.548e-06 microboxes=603736
    edge-i56-m8: [   16/16] radius=2.723e-06 microboxes=603744
    body-i57-m8: [    1/1308] radius=2.578e-06 microboxes=603752
    body-i57-m8: [  130/1308] radius=1.517e-03 microboxes=604784
    body-i57-m8: [  260/1308] radius=6.595e-03 microboxes=605824
    body-i57-m8: [  390/1308] radius=1.831e-02 microboxes=606864
    body-i57-m8: [  520/1308] radius=3.030e-02 microboxes=607904
    body-i57-m8: [  650/1308] radius=3.998e-02 microboxes=608944
    body-i57-m8: [  780/1308] radius=5.396e-02 microboxes=609984
    body-i57-m8: [  910/1308] radius=6.179e-02 microboxes=611024
    body-i57-m8: [ 1040/1308] radius=7.640e-02 microboxes=612064
    body-i57-m8: [ 1170/1308] radius=9.438e-02 microboxes=613104
    body-i57-m8: [ 1300/1308] radius=1.130e-01 microboxes=614144
    body-i57-m8: [ 1308/1308] radius=1.161e-01 microboxes=614208
    edge-i57-m8: [    1/16] radius=1.587e-07 microboxes=614216
    edge-i57-m8: [    2/16] radius=3.190e-07 microboxes=614224
    edge-i57-m8: [    3/16] radius=4.808e-07 microboxes=614232
    edge-i57-m8: [    4/16] radius=6.442e-07 microboxes=614240
    edge-i57-m8: [    5/16] radius=8.091e-07 microboxes=614248
    edge-i57-m8: [    6/16] radius=9.756e-07 microboxes=614256
    edge-i57-m8: [    7/16] radius=1.144e-06 microboxes=614264
    edge-i57-m8: [    8/16] radius=1.313e-06 microboxes=614272
    edge-i57-m8: [    9/16] radius=1.484e-06 microboxes=614280
    edge-i57-m8: [   10/16] radius=1.657e-06 microboxes=614288
    edge-i57-m8: [   11/16] radius=1.832e-06 microboxes=614296
    edge-i57-m8: [   12/16] radius=2.008e-06 microboxes=614304
    edge-i57-m8: [   13/16] radius=2.185e-06 microboxes=614312
    edge-i57-m8: [   14/16] radius=2.364e-06 microboxes=614320
    edge-i57-m8: [   15/16] radius=2.545e-06 microboxes=614328
    edge-i57-m8: [   16/16] radius=2.727e-06 microboxes=614336
    body-i58-m8: [    1/1308] radius=2.437e-06 microboxes=614344
    body-i58-m8: [  130/1308] radius=1.506e-03 microboxes=615376
    body-i58-m8: [  260/1308] radius=6.558e-03 microboxes=616416
    body-i58-m8: [  390/1308] radius=1.822e-02 microboxes=617456
    body-i58-m8: [  520/1308] radius=3.015e-02 microboxes=618496
    body-i58-m8: [  650/1308] radius=3.978e-02 microboxes=619536
    body-i58-m8: [  780/1308] radius=5.366e-02 microboxes=620576
    body-i58-m8: [  910/1308] radius=6.150e-02 microboxes=621616
    body-i58-m8: [ 1040/1308] radius=7.602e-02 microboxes=622656
    body-i58-m8: [ 1170/1308] radius=9.388e-02 microboxes=623696
    body-i58-m8: [ 1300/1308] radius=1.123e-01 microboxes=624736
    body-i58-m8: [ 1308/1308] radius=1.154e-01 microboxes=624800
    edge-i58-m8: [    1/16] radius=1.539e-07 microboxes=624808
    edge-i58-m8: [    2/16] radius=3.141e-07 microboxes=624816
    edge-i58-m8: [    3/16] radius=4.758e-07 microboxes=624824
    edge-i58-m8: [    4/16] radius=6.391e-07 microboxes=624832
    edge-i58-m8: [    5/16] radius=8.040e-07 microboxes=624840
    edge-i58-m8: [    6/16] radius=9.704e-07 microboxes=624848
    edge-i58-m8: [    7/16] radius=1.138e-06 microboxes=624856
    edge-i58-m8: [    8/16] radius=1.308e-06 microboxes=624864
    edge-i58-m8: [    9/16] radius=1.479e-06 microboxes=624872
    edge-i58-m8: [   10/16] radius=1.652e-06 microboxes=624880
    edge-i58-m8: [   11/16] radius=1.826e-06 microboxes=624888
    edge-i58-m8: [   12/16] radius=2.002e-06 microboxes=624896
    edge-i58-m8: [   13/16] radius=2.180e-06 microboxes=624904
    edge-i58-m8: [   14/16] radius=2.359e-06 microboxes=624912
    edge-i58-m8: [   15/16] radius=2.539e-06 microboxes=624920
    edge-i58-m8: [   16/16] radius=2.722e-06 microboxes=624928
    body-i59-m8: [    1/1308] radius=2.543e-06 microboxes=624936
    body-i59-m8: [  130/1308] radius=1.523e-03 microboxes=625968
    body-i59-m8: [  260/1308] radius=6.625e-03 microboxes=627008
    body-i59-m8: [  390/1308] radius=1.841e-02 microboxes=628048
    body-i59-m8: [  520/1308] radius=3.045e-02 microboxes=629088
    body-i59-m8: [  650/1308] radius=4.018e-02 microboxes=630128
    body-i59-m8: [  780/1308] radius=5.420e-02 microboxes=631168
    body-i59-m8: [  910/1308] radius=6.207e-02 microboxes=632208
    body-i59-m8: [ 1040/1308] radius=7.664e-02 microboxes=633248
    body-i59-m8: [ 1170/1308] radius=9.467e-02 microboxes=634288
    body-i59-m8: [ 1300/1308] radius=1.134e-01 microboxes=635328
    body-i59-m8: [ 1308/1308] radius=1.164e-01 microboxes=635392
    edge-i59-m8: [    1/16] radius=1.589e-07 microboxes=635400
    edge-i59-m8: [    2/16] radius=3.097e-07 microboxes=635408
    edge-i59-m8: [    3/16] radius=4.717e-07 microboxes=635416
    edge-i59-m8: [    4/16] radius=6.352e-07 microboxes=635424
    edge-i59-m8: [    5/16] radius=8.003e-07 microboxes=635432
    edge-i59-m8: [    6/16] radius=9.669e-07 microboxes=635440
    edge-i59-m8: [    7/16] radius=1.135e-06 microboxes=635448
    edge-i59-m8: [    8/16] radius=1.305e-06 microboxes=635456
    edge-i59-m8: [    9/16] radius=1.476e-06 microboxes=635464
    edge-i59-m8: [   10/16] radius=1.649e-06 microboxes=635472
    edge-i59-m8: [   11/16] radius=1.824e-06 microboxes=635480
    edge-i59-m8: [   12/16] radius=2.000e-06 microboxes=635488
    edge-i59-m8: [   13/16] radius=2.178e-06 microboxes=635496
    edge-i59-m8: [   14/16] radius=2.357e-06 microboxes=635504
    edge-i59-m8: [   15/16] radius=2.538e-06 microboxes=635512
    edge-i59-m8: [   16/16] radius=2.721e-06 microboxes=635520
  [ 60/81] i=59 epsT=3.194e-02 epsG=2.593e-06 edgeRows=2.527e-02 activeR=1.667e-03 sep=1.107e-02 lower=+9.406e-03 pass=True disc=3.24e-10
    body-i60-m8: [    1/1308] radius=2.514e-06 microboxes=635528
    body-i60-m8: [  130/1308] radius=1.519e-03 microboxes=636560
    body-i60-m8: [  260/1308] radius=6.604e-03 microboxes=637600
    body-i60-m8: [  390/1308] radius=1.833e-02 microboxes=638640
    body-i60-m8: [  520/1308] radius=3.034e-02 microboxes=639680
    body-i60-m8: [  650/1308] radius=4.003e-02 microboxes=640720
    body-i60-m8: [  780/1308] radius=5.403e-02 microboxes=641760
    body-i60-m8: [  910/1308] radius=6.187e-02 microboxes=642800
    body-i60-m8: [ 1040/1308] radius=7.650e-02 microboxes=643840
    body-i60-m8: [ 1170/1308] radius=9.450e-02 microboxes=644880
    body-i60-m8: [ 1300/1308] radius=1.132e-01 microboxes=645920
    body-i60-m8: [ 1308/1308] radius=1.162e-01 microboxes=645984
    edge-i60-m8: [    1/16] radius=1.587e-07 microboxes=645992
    edge-i60-m8: [    2/16] radius=3.190e-07 microboxes=646000
    edge-i60-m8: [    3/16] radius=4.768e-07 microboxes=646008
    edge-i60-m8: [    4/16] radius=6.401e-07 microboxes=646016
    edge-i60-m8: [    5/16] radius=8.050e-07 microboxes=646024
    edge-i60-m8: [    6/16] radius=9.715e-07 microboxes=646032
    edge-i60-m8: [    7/16] radius=1.140e-06 microboxes=646040
    edge-i60-m8: [    8/16] radius=1.309e-06 microboxes=646048
    edge-i60-m8: [    9/16] radius=1.480e-06 microboxes=646056
    edge-i60-m8: [   10/16] radius=1.653e-06 microboxes=646064
    edge-i60-m8: [   11/16] radius=1.827e-06 microboxes=646072
    edge-i60-m8: [   12/16] radius=2.003e-06 microboxes=646080
    edge-i60-m8: [   13/16] radius=2.181e-06 microboxes=646088
    edge-i60-m8: [   14/16] radius=2.360e-06 microboxes=646096
    edge-i60-m8: [   15/16] radius=2.541e-06 microboxes=646104
    edge-i60-m8: [   16/16] radius=2.723e-06 microboxes=646112
    body-i61-m8: [    1/1308] radius=2.422e-06 microboxes=646120
    body-i61-m8: [  130/1308] radius=1.504e-03 microboxes=647152
    body-i61-m8: [  260/1308] radius=6.550e-03 microboxes=648192
    body-i61-m8: [  390/1308] radius=1.820e-02 microboxes=649232
    body-i61-m8: [  520/1308] radius=3.011e-02 microboxes=650272
    body-i61-m8: [  650/1308] radius=3.973e-02 microboxes=651312
    body-i61-m8: [  780/1308] radius=5.359e-02 microboxes=652352
    body-i61-m8: [  910/1308] radius=6.142e-02 microboxes=653392
    body-i61-m8: [ 1040/1308] radius=7.592e-02 microboxes=654432
    body-i61-m8: [ 1170/1308] radius=9.375e-02 microboxes=655472
    body-i61-m8: [ 1300/1308] radius=1.122e-01 microboxes=656512
    body-i61-m8: [ 1308/1308] radius=1.152e-01 microboxes=656576
    edge-i61-m8: [    1/16] radius=1.587e-07 microboxes=656584
    edge-i61-m8: [    2/16] radius=3.189e-07 microboxes=656592
    edge-i61-m8: [    3/16] radius=4.806e-07 microboxes=656600
    edge-i61-m8: [    4/16] radius=6.423e-07 microboxes=656608
    edge-i61-m8: [    5/16] radius=8.072e-07 microboxes=656616
    edge-i61-m8: [    6/16] radius=9.736e-07 microboxes=656624
    edge-i61-m8: [    7/16] radius=1.142e-06 microboxes=656632
    edge-i61-m8: [    8/16] radius=1.311e-06 microboxes=656640
    edge-i61-m8: [    9/16] radius=1.482e-06 microboxes=656648
    edge-i61-m8: [   10/16] radius=1.655e-06 microboxes=656656
    edge-i61-m8: [   11/16] radius=1.829e-06 microboxes=656664
    edge-i61-m8: [   12/16] radius=2.005e-06 microboxes=656672
    edge-i61-m8: [   13/16] radius=2.183e-06 microboxes=656680
    edge-i61-m8: [   14/16] radius=2.362e-06 microboxes=656688
    edge-i61-m8: [   15/16] radius=2.543e-06 microboxes=656696
    edge-i61-m8: [   16/16] radius=2.725e-06 microboxes=656704
    body-i62-m8: [    1/1308] radius=2.581e-06 microboxes=656712
    body-i62-m8: [  130/1308] radius=1.521e-03 microboxes=657744
    body-i62-m8: [  260/1308] radius=6.617e-03 microboxes=658784
    body-i62-m8: [  390/1308] radius=1.838e-02 microboxes=659824
    body-i62-m8: [  520/1308] radius=3.041e-02 microboxes=660864
    body-i62-m8: [  650/1308] radius=4.013e-02 microboxes=661904
    body-i62-m8: [  780/1308] radius=5.413e-02 microboxes=662944
    body-i62-m8: [  910/1308] radius=6.199e-02 microboxes=663984
    body-i62-m8: [ 1040/1308] radius=7.654e-02 microboxes=665024
    body-i62-m8: [ 1170/1308] radius=9.455e-02 microboxes=666064
    body-i62-m8: [ 1300/1308] radius=1.132e-01 microboxes=667104
    body-i62-m8: [ 1308/1308] radius=1.163e-01 microboxes=667168
    edge-i62-m8: [    1/16] radius=1.589e-07 microboxes=667176
    edge-i62-m8: [    2/16] radius=3.194e-07 microboxes=667184
    edge-i62-m8: [    3/16] radius=4.814e-07 microboxes=667192
    edge-i62-m8: [    4/16] radius=6.449e-07 microboxes=667200
    edge-i62-m8: [    5/16] radius=8.027e-07 microboxes=667208
    edge-i62-m8: [    6/16] radius=9.694e-07 microboxes=667216
    edge-i62-m8: [    7/16] radius=1.138e-06 microboxes=667224
    edge-i62-m8: [    8/16] radius=1.307e-06 microboxes=667232
    edge-i62-m8: [    9/16] radius=1.479e-06 microboxes=667240
    edge-i62-m8: [   10/16] radius=1.652e-06 microboxes=667248
    edge-i62-m8: [   11/16] radius=1.826e-06 microboxes=667256
    edge-i62-m8: [   12/16] radius=2.002e-06 microboxes=667264
    edge-i62-m8: [   13/16] radius=2.180e-06 microboxes=667272
    edge-i62-m8: [   14/16] radius=2.360e-06 microboxes=667280
    edge-i62-m8: [   15/16] radius=2.541e-06 microboxes=667288
    edge-i62-m8: [   16/16] radius=2.723e-06 microboxes=667296
    body-i63-m8: [    1/1308] radius=2.578e-06 microboxes=667304
    body-i63-m8: [  130/1308] radius=1.520e-03 microboxes=668336
    body-i63-m8: [  260/1308] radius=6.612e-03 microboxes=669376
    body-i63-m8: [  390/1308] radius=1.835e-02 microboxes=670416
    body-i63-m8: [  520/1308] radius=3.037e-02 microboxes=671456
    body-i63-m8: [  650/1308] radius=4.008e-02 microboxes=672496
    body-i63-m8: [  780/1308] radius=5.410e-02 microboxes=673536
    body-i63-m8: [  910/1308] radius=6.195e-02 microboxes=674576
    body-i63-m8: [ 1040/1308] radius=7.660e-02 microboxes=675616
    body-i63-m8: [ 1170/1308] radius=9.463e-02 microboxes=676656
    body-i63-m8: [ 1300/1308] radius=1.133e-01 microboxes=677696
    body-i63-m8: [ 1308/1308] radius=1.164e-01 microboxes=677760
    edge-i63-m8: [    1/16] radius=1.587e-07 microboxes=677768
    edge-i63-m8: [    2/16] radius=3.190e-07 microboxes=677776
    edge-i63-m8: [    3/16] radius=4.808e-07 microboxes=677784
    edge-i63-m8: [    4/16] radius=6.441e-07 microboxes=677792
    edge-i63-m8: [    5/16] radius=8.017e-07 microboxes=677800
    edge-i63-m8: [    6/16] radius=9.681e-07 microboxes=677808
    edge-i63-m8: [    7/16] radius=1.136e-06 microboxes=677816
    edge-i63-m8: [    8/16] radius=1.306e-06 microboxes=677824
    edge-i63-m8: [    9/16] radius=1.477e-06 microboxes=677832
    edge-i63-m8: [   10/16] radius=1.650e-06 microboxes=677840
    edge-i63-m8: [   11/16] radius=1.824e-06 microboxes=677848
    edge-i63-m8: [   12/16] radius=2.000e-06 microboxes=677856
    edge-i63-m8: [   13/16] radius=2.178e-06 microboxes=677864
    edge-i63-m8: [   14/16] radius=2.357e-06 microboxes=677872
    edge-i63-m8: [   15/16] radius=2.537e-06 microboxes=677880
    edge-i63-m8: [   16/16] radius=2.720e-06 microboxes=677888
    body-i64-m8: [    1/1308] radius=2.578e-06 microboxes=677896
    body-i64-m8: [  130/1308] radius=1.504e-03 microboxes=678928
    body-i64-m8: [  260/1308] radius=6.550e-03 microboxes=679968
    body-i64-m8: [  390/1308] radius=1.820e-02 microboxes=681008
    body-i64-m8: [  520/1308] radius=3.011e-02 microboxes=682048
    body-i64-m8: [  650/1308] radius=3.973e-02 microboxes=683088
    body-i64-m8: [  780/1308] radius=5.359e-02 microboxes=684128
    body-i64-m8: [  910/1308] radius=6.142e-02 microboxes=685168
    body-i64-m8: [ 1040/1308] radius=7.591e-02 microboxes=686208
    body-i64-m8: [ 1170/1308] radius=9.375e-02 microboxes=687248
    body-i64-m8: [ 1300/1308] radius=1.122e-01 microboxes=688288
    body-i64-m8: [ 1308/1308] radius=1.152e-01 microboxes=688352
    edge-i64-m8: [    1/16] radius=1.587e-07 microboxes=688360
    edge-i64-m8: [    2/16] radius=3.189e-07 microboxes=688368
    edge-i64-m8: [    3/16] radius=4.807e-07 microboxes=688376
    edge-i64-m8: [    4/16] radius=6.440e-07 microboxes=688384
    edge-i64-m8: [    5/16] radius=8.088e-07 microboxes=688392
    edge-i64-m8: [    6/16] radius=9.736e-07 microboxes=688400
    edge-i64-m8: [    7/16] radius=1.142e-06 microboxes=688408
    edge-i64-m8: [    8/16] radius=1.311e-06 microboxes=688416
    edge-i64-m8: [    9/16] radius=1.482e-06 microboxes=688424
    edge-i64-m8: [   10/16] radius=1.655e-06 microboxes=688432
    edge-i64-m8: [   11/16] radius=1.829e-06 microboxes=688440
    edge-i64-m8: [   12/16] radius=2.005e-06 microboxes=688448
    edge-i64-m8: [   13/16] radius=2.183e-06 microboxes=688456
    edge-i64-m8: [   14/16] radius=2.362e-06 microboxes=688464
    edge-i64-m8: [   15/16] radius=2.543e-06 microboxes=688472
    edge-i64-m8: [   16/16] radius=2.725e-06 microboxes=688480
  [ 65/81] i=64 epsT=3.159e-02 epsG=2.597e-06 edgeRows=2.527e-02 activeR=1.649e-03 sep=1.105e-02 lower=+9.404e-03 pass=True disc=3.23e-10
    body-i65-m8: [    1/1308] radius=2.581e-06 microboxes=688488
    body-i65-m8: [  130/1308] radius=1.519e-03 microboxes=689520
    body-i65-m8: [  260/1308] radius=6.608e-03 microboxes=690560
    body-i65-m8: [  390/1308] radius=1.836e-02 microboxes=691600
    body-i65-m8: [  520/1308] radius=3.038e-02 microboxes=692640
    body-i65-m8: [  650/1308] radius=4.007e-02 microboxes=693680
    body-i65-m8: [  780/1308] radius=5.407e-02 microboxes=694720
    body-i65-m8: [  910/1308] radius=6.191e-02 microboxes=695760
    body-i65-m8: [ 1040/1308] radius=7.644e-02 microboxes=696800
    body-i65-m8: [ 1170/1308] radius=9.442e-02 microboxes=697840
    body-i65-m8: [ 1300/1308] radius=1.131e-01 microboxes=698880
    body-i65-m8: [ 1308/1308] radius=1.161e-01 microboxes=698944
    edge-i65-m8: [    1/16] radius=1.589e-07 microboxes=698952
    edge-i65-m8: [    2/16] radius=3.194e-07 microboxes=698960
    edge-i65-m8: [    3/16] radius=4.814e-07 microboxes=698968
    edge-i65-m8: [    4/16] radius=6.449e-07 microboxes=698976
    edge-i65-m8: [    5/16] radius=8.100e-07 microboxes=698984
    edge-i65-m8: [    6/16] radius=9.767e-07 microboxes=698992
    edge-i65-m8: [    7/16] radius=1.141e-06 microboxes=699000
    edge-i65-m8: [    8/16] radius=1.311e-06 microboxes=699008
    edge-i65-m8: [    9/16] radius=1.482e-06 microboxes=699016
    edge-i65-m8: [   10/16] radius=1.655e-06 microboxes=699024
    edge-i65-m8: [   11/16] radius=1.830e-06 microboxes=699032
    edge-i65-m8: [   12/16] radius=2.006e-06 microboxes=699040
    edge-i65-m8: [   13/16] radius=2.184e-06 microboxes=699048
    edge-i65-m8: [   14/16] radius=2.363e-06 microboxes=699056
    edge-i65-m8: [   15/16] radius=2.544e-06 microboxes=699064
    edge-i65-m8: [   16/16] radius=2.726e-06 microboxes=699072
    body-i66-m8: [    1/1308] radius=2.578e-06 microboxes=699080
    body-i66-m8: [  130/1308] radius=1.522e-03 microboxes=700112
    body-i66-m8: [  260/1308] radius=6.619e-03 microboxes=701152
    body-i66-m8: [  390/1308] radius=1.837e-02 microboxes=702192
    body-i66-m8: [  520/1308] radius=3.041e-02 microboxes=703232
    body-i66-m8: [  650/1308] radius=4.013e-02 microboxes=704272
    body-i66-m8: [  780/1308] radius=5.417e-02 microboxes=705312
    body-i66-m8: [  910/1308] radius=6.202e-02 microboxes=706352
    body-i66-m8: [ 1040/1308] radius=7.670e-02 microboxes=707392
    body-i66-m8: [ 1170/1308] radius=9.475e-02 microboxes=708432
    body-i66-m8: [ 1300/1308] radius=1.135e-01 microboxes=709472
    body-i66-m8: [ 1308/1308] radius=1.165e-01 microboxes=709536
    edge-i66-m8: [    1/16] radius=1.587e-07 microboxes=709544
    edge-i66-m8: [    2/16] radius=3.190e-07 microboxes=709552
    edge-i66-m8: [    3/16] radius=4.808e-07 microboxes=709560
    edge-i66-m8: [    4/16] radius=6.441e-07 microboxes=709568
    edge-i66-m8: [    5/16] radius=8.090e-07 microboxes=709576
    edge-i66-m8: [    6/16] radius=9.755e-07 microboxes=709584
    edge-i66-m8: [    7/16] radius=1.144e-06 microboxes=709592
    edge-i66-m8: [    8/16] radius=1.303e-06 microboxes=709600
    edge-i66-m8: [    9/16] radius=1.474e-06 microboxes=709608
    edge-i66-m8: [   10/16] radius=1.647e-06 microboxes=709616
    edge-i66-m8: [   11/16] radius=1.821e-06 microboxes=709624
    edge-i66-m8: [   12/16] radius=1.997e-06 microboxes=709632
    edge-i66-m8: [   13/16] radius=2.175e-06 microboxes=709640
    edge-i66-m8: [   14/16] radius=2.354e-06 microboxes=709648
    edge-i66-m8: [   15/16] radius=2.535e-06 microboxes=709656
    edge-i66-m8: [   16/16] radius=2.717e-06 microboxes=709664
    body-i67-m8: [    1/1308] radius=2.578e-06 microboxes=709672
    body-i67-m8: [  130/1308] radius=1.507e-03 microboxes=710704
    body-i67-m8: [  260/1308] radius=6.558e-03 microboxes=711744
    body-i67-m8: [  390/1308] radius=1.823e-02 microboxes=712784
    body-i67-m8: [  520/1308] radius=3.015e-02 microboxes=713824
    body-i67-m8: [  650/1308] radius=3.978e-02 microboxes=714864
    body-i67-m8: [  780/1308] radius=5.366e-02 microboxes=715904
    body-i67-m8: [  910/1308] radius=6.151e-02 microboxes=716944
    body-i67-m8: [ 1040/1308] radius=7.601e-02 microboxes=717984
    body-i67-m8: [ 1170/1308] radius=9.387e-02 microboxes=719024
    body-i67-m8: [ 1300/1308] radius=1.123e-01 microboxes=720064
    body-i67-m8: [ 1308/1308] radius=1.154e-01 microboxes=720128
    edge-i67-m8: [    1/16] radius=1.587e-07 microboxes=720136
    edge-i67-m8: [    2/16] radius=3.189e-07 microboxes=720144
    edge-i67-m8: [    3/16] radius=4.806e-07 microboxes=720152
    edge-i67-m8: [    4/16] radius=6.440e-07 microboxes=720160
    edge-i67-m8: [    5/16] radius=8.088e-07 microboxes=720168
    edge-i67-m8: [    6/16] radius=9.753e-07 microboxes=720176
    edge-i67-m8: [    7/16] radius=1.143e-06 microboxes=720184
    edge-i67-m8: [    8/16] radius=1.313e-06 microboxes=720192
    edge-i67-m8: [    9/16] radius=1.479e-06 microboxes=720200
    edge-i67-m8: [   10/16] radius=1.652e-06 microboxes=720208
    edge-i67-m8: [   11/16] radius=1.826e-06 microboxes=720216
    edge-i67-m8: [   12/16] radius=2.002e-06 microboxes=720224
    edge-i67-m8: [   13/16] radius=2.179e-06 microboxes=720232
    edge-i67-m8: [   14/16] radius=2.359e-06 microboxes=720240
    edge-i67-m8: [   15/16] radius=2.539e-06 microboxes=720248
    edge-i67-m8: [   16/16] radius=2.722e-06 microboxes=720256
    body-i68-m8: [    1/1308] radius=2.582e-06 microboxes=720264
    body-i68-m8: [  130/1308] radius=1.517e-03 microboxes=721296
    body-i68-m8: [  260/1308] radius=6.600e-03 microboxes=722336
    body-i68-m8: [  390/1308] radius=1.834e-02 microboxes=723376
    body-i68-m8: [  520/1308] radius=3.034e-02 microboxes=724416
    body-i68-m8: [  650/1308] radius=4.003e-02 microboxes=725456
    body-i68-m8: [  780/1308] radius=5.400e-02 microboxes=726496
    body-i68-m8: [  910/1308] radius=6.183e-02 microboxes=727536
    body-i68-m8: [ 1040/1308] radius=7.635e-02 microboxes=728576
    body-i68-m8: [ 1170/1308] radius=9.431e-02 microboxes=729616
    body-i68-m8: [ 1300/1308] radius=1.129e-01 microboxes=730656
    body-i68-m8: [ 1308/1308] radius=1.160e-01 microboxes=730720
    edge-i68-m8: [    1/16] radius=1.589e-07 microboxes=730728
    edge-i68-m8: [    2/16] radius=3.194e-07 microboxes=730736
    edge-i68-m8: [    3/16] radius=4.814e-07 microboxes=730744
    edge-i68-m8: [    4/16] radius=6.449e-07 microboxes=730752
    edge-i68-m8: [    5/16] radius=8.100e-07 microboxes=730760
    edge-i68-m8: [    6/16] radius=9.767e-07 microboxes=730768
    edge-i68-m8: [    7/16] radius=1.145e-06 microboxes=730776
    edge-i68-m8: [    8/16] radius=1.315e-06 microboxes=730784
    edge-i68-m8: [    9/16] radius=1.486e-06 microboxes=730792
    edge-i68-m8: [   10/16] radius=1.658e-06 microboxes=730800
    edge-i68-m8: [   11/16] radius=1.833e-06 microboxes=730808
    edge-i68-m8: [   12/16] radius=2.009e-06 microboxes=730816
    edge-i68-m8: [   13/16] radius=2.187e-06 microboxes=730824
    edge-i68-m8: [   14/16] radius=2.366e-06 microboxes=730832
    edge-i68-m8: [   15/16] radius=2.547e-06 microboxes=730840
    edge-i68-m8: [   16/16] radius=2.730e-06 microboxes=730848
    body-i69-m8: [    1/1308] radius=2.578e-06 microboxes=730856
    body-i69-m8: [  130/1308] radius=1.524e-03 microboxes=731888
    body-i69-m8: [  260/1308] radius=6.627e-03 microboxes=732928
    body-i69-m8: [  390/1308] radius=1.840e-02 microboxes=733968
    body-i69-m8: [  520/1308] radius=3.045e-02 microboxes=735008
    body-i69-m8: [  650/1308] radius=4.019e-02 microboxes=736048
    body-i69-m8: [  780/1308] radius=5.424e-02 microboxes=737088
    body-i69-m8: [  910/1308] radius=6.210e-02 microboxes=738128
    body-i69-m8: [ 1040/1308] radius=7.680e-02 microboxes=739168
    body-i69-m8: [ 1170/1308] radius=9.488e-02 microboxes=740208
    body-i69-m8: [ 1300/1308] radius=1.136e-01 microboxes=741248
    body-i69-m8: [ 1308/1308] radius=1.167e-01 microboxes=741312
    edge-i69-m8: [    1/16] radius=1.587e-07 microboxes=741320
    edge-i69-m8: [    2/16] radius=3.189e-07 microboxes=741328
    edge-i69-m8: [    3/16] radius=4.807e-07 microboxes=741336
    edge-i69-m8: [    4/16] radius=6.441e-07 microboxes=741344
    edge-i69-m8: [    5/16] radius=8.090e-07 microboxes=741352
    edge-i69-m8: [    6/16] radius=9.755e-07 microboxes=741360
    edge-i69-m8: [    7/16] radius=1.144e-06 microboxes=741368
    edge-i69-m8: [    8/16] radius=1.313e-06 microboxes=741376
    edge-i69-m8: [    9/16] radius=1.484e-06 microboxes=741384
    edge-i69-m8: [   10/16] radius=1.650e-06 microboxes=741392
    edge-i69-m8: [   11/16] radius=1.825e-06 microboxes=741400
    edge-i69-m8: [   12/16] radius=2.001e-06 microboxes=741408
    edge-i69-m8: [   13/16] radius=2.178e-06 microboxes=741416
    edge-i69-m8: [   14/16] radius=2.357e-06 microboxes=741424
    edge-i69-m8: [   15/16] radius=2.538e-06 microboxes=741432
    edge-i69-m8: [   16/16] radius=2.720e-06 microboxes=741440
  [ 70/81] i=69 epsT=3.200e-02 epsG=2.592e-06 edgeRows=2.527e-02 activeR=1.670e-03 sep=1.107e-02 lower=+9.404e-03 pass=True disc=3.23e-10
    body-i70-m8: [    1/1308] radius=2.578e-06 microboxes=741448
    body-i70-m8: [  130/1308] radius=1.509e-03 microboxes=742480
    body-i70-m8: [  260/1308] radius=6.567e-03 microboxes=743520
    body-i70-m8: [  390/1308] radius=1.825e-02 microboxes=744560
    body-i70-m8: [  520/1308] radius=3.018e-02 microboxes=745600
    body-i70-m8: [  650/1308] radius=3.983e-02 microboxes=746640
    body-i70-m8: [  780/1308] radius=5.373e-02 microboxes=747680
    body-i70-m8: [  910/1308] radius=6.158e-02 microboxes=748720
    body-i70-m8: [ 1040/1308] radius=7.610e-02 microboxes=749760
    body-i70-m8: [ 1170/1308] radius=9.398e-02 microboxes=750800
    body-i70-m8: [ 1300/1308] radius=1.125e-01 microboxes=751840
    body-i70-m8: [ 1308/1308] radius=1.155e-01 microboxes=751904
    edge-i70-m8: [    1/16] radius=1.587e-07 microboxes=751912
    edge-i70-m8: [    2/16] radius=3.189e-07 microboxes=751920
    edge-i70-m8: [    3/16] radius=4.806e-07 microboxes=751928
    edge-i70-m8: [    4/16] radius=6.440e-07 microboxes=751936
    edge-i70-m8: [    5/16] radius=8.088e-07 microboxes=751944
    edge-i70-m8: [    6/16] radius=9.753e-07 microboxes=751952
    edge-i70-m8: [    7/16] radius=1.143e-06 microboxes=751960
    edge-i70-m8: [    8/16] radius=1.313e-06 microboxes=751968
    edge-i70-m8: [    9/16] radius=1.484e-06 microboxes=751976
    edge-i70-m8: [   10/16] radius=1.657e-06 microboxes=751984
    edge-i70-m8: [   11/16] radius=1.823e-06 microboxes=751992
    edge-i70-m8: [   12/16] radius=1.998e-06 microboxes=752000
    edge-i70-m8: [   13/16] radius=2.176e-06 microboxes=752008
    edge-i70-m8: [   14/16] radius=2.355e-06 microboxes=752016
    edge-i70-m8: [   15/16] radius=2.536e-06 microboxes=752024
    edge-i70-m8: [   16/16] radius=2.718e-06 microboxes=752032
    body-i71-m8: [    1/1308] radius=2.582e-06 microboxes=752040
    body-i71-m8: [  130/1308] radius=1.515e-03 microboxes=753072
    body-i71-m8: [  260/1308] radius=6.592e-03 microboxes=754112
    body-i71-m8: [  390/1308] radius=1.832e-02 microboxes=755152
    body-i71-m8: [  520/1308] radius=3.030e-02 microboxes=756192
    body-i71-m8: [  650/1308] radius=3.997e-02 microboxes=757232
    body-i71-m8: [  780/1308] radius=5.393e-02 microboxes=758272
    body-i71-m8: [  910/1308] radius=6.175e-02 microboxes=759312
    body-i71-m8: [ 1040/1308] radius=7.625e-02 microboxes=760352
    body-i71-m8: [ 1170/1308] radius=9.419e-02 microboxes=761392
    body-i71-m8: [ 1300/1308] radius=1.128e-01 microboxes=762432
    body-i71-m8: [ 1308/1308] radius=1.159e-01 microboxes=762496
    edge-i71-m8: [    1/16] radius=1.589e-07 microboxes=762504
    edge-i71-m8: [    2/16] radius=3.194e-07 microboxes=762512
    edge-i71-m8: [    3/16] radius=4.814e-07 microboxes=762520
    edge-i71-m8: [    4/16] radius=6.450e-07 microboxes=762528
    edge-i71-m8: [    5/16] radius=8.101e-07 microboxes=762536
    edge-i71-m8: [    6/16] radius=9.768e-07 microboxes=762544
    edge-i71-m8: [    7/16] radius=1.145e-06 microboxes=762552
    edge-i71-m8: [    8/16] radius=1.315e-06 microboxes=762560
    edge-i71-m8: [    9/16] radius=1.486e-06 microboxes=762568
    edge-i71-m8: [   10/16] radius=1.659e-06 microboxes=762576
    edge-i71-m8: [   11/16] radius=1.834e-06 microboxes=762584
    edge-i71-m8: [   12/16] radius=2.008e-06 microboxes=762592
    edge-i71-m8: [   13/16] radius=2.185e-06 microboxes=762600
    edge-i71-m8: [   14/16] radius=2.365e-06 microboxes=762608
    edge-i71-m8: [   15/16] radius=2.546e-06 microboxes=762616
    edge-i71-m8: [   16/16] radius=2.728e-06 microboxes=762624
    body-i72-m8: [    1/1308] radius=2.578e-06 microboxes=762632
    body-i72-m8: [  130/1308] radius=1.526e-03 microboxes=763664
    body-i72-m8: [  260/1308] radius=6.635e-03 microboxes=764704
    body-i72-m8: [  390/1308] radius=1.842e-02 microboxes=765744
    body-i72-m8: [  520/1308] radius=3.049e-02 microboxes=766784
    body-i72-m8: [  650/1308] radius=4.024e-02 microboxes=767824
    body-i72-m8: [  780/1308] radius=5.430e-02 microboxes=768864
    body-i72-m8: [  910/1308] radius=6.218e-02 microboxes=769904
    body-i72-m8: [ 1040/1308] radius=7.690e-02 microboxes=770944
    body-i72-m8: [ 1170/1308] radius=9.501e-02 microboxes=771984
    body-i72-m8: [ 1300/1308] radius=1.138e-01 microboxes=773024
    body-i72-m8: [ 1308/1308] radius=1.169e-01 microboxes=773088
    edge-i72-m8: [    1/16] radius=1.587e-07 microboxes=773096
    edge-i72-m8: [    2/16] radius=3.189e-07 microboxes=773104
    edge-i72-m8: [    3/16] radius=4.807e-07 microboxes=773112
    edge-i72-m8: [    4/16] radius=6.441e-07 microboxes=773120
    edge-i72-m8: [    5/16] radius=8.090e-07 microboxes=773128
    edge-i72-m8: [    6/16] radius=9.755e-07 microboxes=773136
    edge-i72-m8: [    7/16] radius=1.143e-06 microboxes=773144
    edge-i72-m8: [    8/16] radius=1.313e-06 microboxes=773152
    edge-i72-m8: [    9/16] radius=1.484e-06 microboxes=773160
    edge-i72-m8: [   10/16] radius=1.657e-06 microboxes=773168
    edge-i72-m8: [   11/16] radius=1.831e-06 microboxes=773176
    edge-i72-m8: [   12/16] radius=2.007e-06 microboxes=773184
    edge-i72-m8: [   13/16] radius=2.182e-06 microboxes=773192
    edge-i72-m8: [   14/16] radius=2.361e-06 microboxes=773200
    edge-i72-m8: [   15/16] radius=2.541e-06 microboxes=773208
    edge-i72-m8: [   16/16] radius=2.724e-06 microboxes=773216
    body-i73-m8: [    1/1308] radius=2.578e-06 microboxes=773224
    body-i73-m8: [  130/1308] radius=1.511e-03 microboxes=774256
    body-i73-m8: [  260/1308] radius=6.575e-03 microboxes=775296
    body-i73-m8: [  390/1308] radius=1.827e-02 microboxes=776336
    body-i73-m8: [  520/1308] radius=3.022e-02 microboxes=777376
    body-i73-m8: [  650/1308] radius=3.988e-02 microboxes=778416
    body-i73-m8: [  780/1308] radius=5.380e-02 microboxes=779456
    body-i73-m8: [  910/1308] radius=6.166e-02 microboxes=780496
    body-i73-m8: [ 1040/1308] radius=7.620e-02 microboxes=781536
    body-i73-m8: [ 1170/1308] radius=9.410e-02 microboxes=782576
    body-i73-m8: [ 1300/1308] radius=1.126e-01 microboxes=783616
    body-i73-m8: [ 1308/1308] radius=1.157e-01 microboxes=783680
    edge-i73-m8: [    1/16] radius=1.587e-07 microboxes=783688
    edge-i73-m8: [    2/16] radius=3.189e-07 microboxes=783696
    edge-i73-m8: [    3/16] radius=4.807e-07 microboxes=783704
    edge-i73-m8: [    4/16] radius=6.440e-07 microboxes=783712
    edge-i73-m8: [    5/16] radius=8.089e-07 microboxes=783720
    edge-i73-m8: [    6/16] radius=9.753e-07 microboxes=783728
    edge-i73-m8: [    7/16] radius=1.143e-06 microboxes=783736
    edge-i73-m8: [    8/16] radius=1.313e-06 microboxes=783744
    edge-i73-m8: [    9/16] radius=1.484e-06 microboxes=783752
    edge-i73-m8: [   10/16] radius=1.657e-06 microboxes=783760
    edge-i73-m8: [   11/16] radius=1.831e-06 microboxes=783768
    edge-i73-m8: [   12/16] radius=2.007e-06 microboxes=783776
    edge-i73-m8: [   13/16] radius=2.185e-06 microboxes=783784
    edge-i73-m8: [   14/16] radius=2.354e-06 microboxes=783792
    edge-i73-m8: [   15/16] radius=2.535e-06 microboxes=783800
    edge-i73-m8: [   16/16] radius=2.717e-06 microboxes=783808
    body-i74-m8: [    1/1308] radius=2.582e-06 microboxes=783816
    body-i74-m8: [  130/1308] radius=1.513e-03 microboxes=784848
    body-i74-m8: [  260/1308] radius=6.584e-03 microboxes=785888
    body-i74-m8: [  390/1308] radius=1.829e-02 microboxes=786928
    body-i74-m8: [  520/1308] radius=3.026e-02 microboxes=787968
    body-i74-m8: [  650/1308] radius=3.992e-02 microboxes=789008
    body-i74-m8: [  780/1308] radius=5.386e-02 microboxes=790048
    body-i74-m8: [  910/1308] radius=6.167e-02 microboxes=791088
    body-i74-m8: [ 1040/1308] radius=7.615e-02 microboxes=792128
    body-i74-m8: [ 1170/1308] radius=9.407e-02 microboxes=793168
    body-i74-m8: [ 1300/1308] radius=1.126e-01 microboxes=794208
    body-i74-m8: [ 1308/1308] radius=1.157e-01 microboxes=794272
    edge-i74-m8: [    1/16] radius=1.589e-07 microboxes=794280
    edge-i74-m8: [    2/16] radius=3.194e-07 microboxes=794288
    edge-i74-m8: [    3/16] radius=4.814e-07 microboxes=794296
    edge-i74-m8: [    4/16] radius=6.450e-07 microboxes=794304
    edge-i74-m8: [    5/16] radius=8.101e-07 microboxes=794312
    edge-i74-m8: [    6/16] radius=9.768e-07 microboxes=794320
    edge-i74-m8: [    7/16] radius=1.145e-06 microboxes=794328
    edge-i74-m8: [    8/16] radius=1.315e-06 microboxes=794336
    edge-i74-m8: [    9/16] radius=1.486e-06 microboxes=794344
    edge-i74-m8: [   10/16] radius=1.659e-06 microboxes=794352
    edge-i74-m8: [   11/16] radius=1.834e-06 microboxes=794360
    edge-i74-m8: [   12/16] radius=2.010e-06 microboxes=794368
    edge-i74-m8: [   13/16] radius=2.188e-06 microboxes=794376
    edge-i74-m8: [   14/16] radius=2.367e-06 microboxes=794384
    edge-i74-m8: [   15/16] radius=2.542e-06 microboxes=794392
    edge-i74-m8: [   16/16] radius=2.725e-06 microboxes=794400
  [ 75/81] i=74 epsT=3.174e-02 epsG=2.597e-06 edgeRows=2.527e-02 activeR=1.656e-03 sep=1.108e-02 lower=+9.419e-03 pass=True disc=3.23e-10
    body-i75-m8: [    1/1308] radius=2.578e-06 microboxes=794408
    body-i75-m8: [  130/1308] radius=1.528e-03 microboxes=795440
    body-i75-m8: [  260/1308] radius=6.642e-03 microboxes=796480
    body-i75-m8: [  390/1308] radius=1.844e-02 microboxes=797520
    body-i75-m8: [  520/1308] radius=3.053e-02 microboxes=798560
    body-i75-m8: [  650/1308] radius=4.029e-02 microboxes=799600
    body-i75-m8: [  780/1308] radius=5.437e-02 microboxes=800640
    body-i75-m8: [  910/1308] radius=6.226e-02 microboxes=801680
    body-i75-m8: [ 1040/1308] radius=7.700e-02 microboxes=802720
    body-i75-m8: [ 1170/1308] radius=9.513e-02 microboxes=803760
    body-i75-m8: [ 1300/1308] radius=1.139e-01 microboxes=804800
    body-i75-m8: [ 1308/1308] radius=1.170e-01 microboxes=804864
    edge-i75-m8: [    1/16] radius=1.587e-07 microboxes=804872
    edge-i75-m8: [    2/16] radius=3.189e-07 microboxes=804880
    edge-i75-m8: [    3/16] radius=4.807e-07 microboxes=804888
    edge-i75-m8: [    4/16] radius=6.441e-07 microboxes=804896
    edge-i75-m8: [    5/16] radius=8.090e-07 microboxes=804904
    edge-i75-m8: [    6/16] radius=9.755e-07 microboxes=804912
    edge-i75-m8: [    7/16] radius=1.143e-06 microboxes=804920
    edge-i75-m8: [    8/16] radius=1.313e-06 microboxes=804928
    edge-i75-m8: [    9/16] radius=1.484e-06 microboxes=804936
    edge-i75-m8: [   10/16] radius=1.657e-06 microboxes=804944
    edge-i75-m8: [   11/16] radius=1.831e-06 microboxes=804952
    edge-i75-m8: [   12/16] radius=2.007e-06 microboxes=804960
    edge-i75-m8: [   13/16] radius=2.185e-06 microboxes=804968
    edge-i75-m8: [   14/16] radius=2.364e-06 microboxes=804976
    edge-i75-m8: [   15/16] radius=2.545e-06 microboxes=804984
    edge-i75-m8: [   16/16] radius=2.727e-06 microboxes=804992
    body-i76-m8: [    1/1308] radius=2.578e-06 microboxes=805000
    body-i76-m8: [  130/1308] radius=1.513e-03 microboxes=806032
    body-i76-m8: [  260/1308] radius=6.584e-03 microboxes=807072
    body-i76-m8: [  390/1308] radius=1.830e-02 microboxes=808112
    body-i76-m8: [  520/1308] radius=3.026e-02 microboxes=809152
    body-i76-m8: [  650/1308] radius=3.993e-02 microboxes=810192
    body-i76-m8: [  780/1308] radius=5.387e-02 microboxes=811232
    body-i76-m8: [  910/1308] radius=6.174e-02 microboxes=812272
    body-i76-m8: [ 1040/1308] radius=7.629e-02 microboxes=813312
    body-i76-m8: [ 1170/1308] radius=9.421e-02 microboxes=814352
    body-i76-m8: [ 1300/1308] radius=1.127e-01 microboxes=815392
    body-i76-m8: [ 1308/1308] radius=1.158e-01 microboxes=815456
    edge-i76-m8: [    1/16] radius=1.587e-07 microboxes=815464
    edge-i76-m8: [    2/16] radius=3.189e-07 microboxes=815472
    edge-i76-m8: [    3/16] radius=4.807e-07 microboxes=815480
    edge-i76-m8: [    4/16] radius=6.440e-07 microboxes=815488
    edge-i76-m8: [    5/16] radius=8.089e-07 microboxes=815496
    edge-i76-m8: [    6/16] radius=9.753e-07 microboxes=815504
    edge-i76-m8: [    7/16] radius=1.143e-06 microboxes=815512
    edge-i76-m8: [    8/16] radius=1.313e-06 microboxes=815520
    edge-i76-m8: [    9/16] radius=1.484e-06 microboxes=815528
    edge-i76-m8: [   10/16] radius=1.657e-06 microboxes=815536
    edge-i76-m8: [   11/16] radius=1.831e-06 microboxes=815544
    edge-i76-m8: [   12/16] radius=2.007e-06 microboxes=815552
    edge-i76-m8: [   13/16] radius=2.185e-06 microboxes=815560
    edge-i76-m8: [   14/16] radius=2.364e-06 microboxes=815568
    edge-i76-m8: [   15/16] radius=2.544e-06 microboxes=815576
    edge-i76-m8: [   16/16] radius=2.721e-06 microboxes=815584
    body-i77-m8: [    1/1308] radius=2.466e-06 microboxes=815592
    body-i77-m8: [  130/1308] radius=1.511e-03 microboxes=816624
    body-i77-m8: [  260/1308] radius=6.577e-03 microboxes=817664
    body-i77-m8: [  390/1308] radius=1.827e-02 microboxes=818704
    body-i77-m8: [  520/1308] radius=3.022e-02 microboxes=819744
    body-i77-m8: [  650/1308] radius=3.987e-02 microboxes=820784
    body-i77-m8: [  780/1308] radius=5.379e-02 microboxes=821824
    body-i77-m8: [  910/1308] radius=6.159e-02 microboxes=822864
    body-i77-m8: [ 1040/1308] radius=7.606e-02 microboxes=823904
    body-i77-m8: [ 1170/1308] radius=9.395e-02 microboxes=824944
    body-i77-m8: [ 1300/1308] radius=1.125e-01 microboxes=825984
    body-i77-m8: [ 1308/1308] radius=1.156e-01 microboxes=826048
    edge-i77-m8: [    1/16] radius=1.502e-07 microboxes=826056
    edge-i77-m8: [    2/16] radius=3.106e-07 microboxes=826064
    edge-i77-m8: [    3/16] radius=4.726e-07 microboxes=826072
    edge-i77-m8: [    4/16] radius=6.362e-07 microboxes=826080
    edge-i77-m8: [    5/16] radius=8.013e-07 microboxes=826088
    edge-i77-m8: [    6/16] radius=9.679e-07 microboxes=826096
    edge-i77-m8: [    7/16] radius=1.136e-06 microboxes=826104
    edge-i77-m8: [    8/16] radius=1.306e-06 microboxes=826112
    edge-i77-m8: [    9/16] radius=1.477e-06 microboxes=826120
    edge-i77-m8: [   10/16] radius=1.650e-06 microboxes=826128
    edge-i77-m8: [   11/16] radius=1.825e-06 microboxes=826136
    edge-i77-m8: [   12/16] radius=2.001e-06 microboxes=826144
    edge-i77-m8: [   13/16] radius=2.179e-06 microboxes=826152
    edge-i77-m8: [   14/16] radius=2.358e-06 microboxes=826160
    edge-i77-m8: [   15/16] radius=2.539e-06 microboxes=826168
    edge-i77-m8: [   16/16] radius=2.722e-06 microboxes=826176
    body-i78-m8: [    1/1308] radius=2.565e-06 microboxes=826184
    body-i78-m8: [  130/1308] radius=1.526e-03 microboxes=827216
    body-i78-m8: [  260/1308] radius=6.634e-03 microboxes=828256
    body-i78-m8: [  390/1308] radius=1.842e-02 microboxes=829296
    body-i78-m8: [  520/1308] radius=3.049e-02 microboxes=830336
    body-i78-m8: [  650/1308] radius=4.024e-02 microboxes=831376
    body-i78-m8: [  780/1308] radius=5.431e-02 microboxes=832416
    body-i78-m8: [  910/1308] radius=6.219e-02 microboxes=833456
    body-i78-m8: [ 1040/1308] radius=7.691e-02 microboxes=834496
    body-i78-m8: [ 1170/1308] radius=9.502e-02 microboxes=835536
    body-i78-m8: [ 1300/1308] radius=1.138e-01 microboxes=836576
    body-i78-m8: [ 1308/1308] radius=1.169e-01 microboxes=836640
    edge-i78-m8: [    1/16] radius=1.587e-07 microboxes=836648
    edge-i78-m8: [    2/16] radius=3.158e-07 microboxes=836656
    edge-i78-m8: [    3/16] radius=4.775e-07 microboxes=836664
    edge-i78-m8: [    4/16] radius=6.409e-07 microboxes=836672
    edge-i78-m8: [    5/16] radius=8.058e-07 microboxes=836680
    edge-i78-m8: [    6/16] radius=9.722e-07 microboxes=836688
    edge-i78-m8: [    7/16] radius=1.140e-06 microboxes=836696
    edge-i78-m8: [    8/16] radius=1.310e-06 microboxes=836704
    edge-i78-m8: [    9/16] radius=1.481e-06 microboxes=836712
    edge-i78-m8: [   10/16] radius=1.654e-06 microboxes=836720
    edge-i78-m8: [   11/16] radius=1.828e-06 microboxes=836728
    edge-i78-m8: [   12/16] radius=2.004e-06 microboxes=836736
    edge-i78-m8: [   13/16] radius=2.182e-06 microboxes=836744
    edge-i78-m8: [   14/16] radius=2.361e-06 microboxes=836752
    edge-i78-m8: [   15/16] radius=2.542e-06 microboxes=836760
    edge-i78-m8: [   16/16] radius=2.724e-06 microboxes=836768
    body-i79-m8: [    1/1308] radius=2.487e-06 microboxes=836776
    body-i79-m8: [  130/1308] radius=1.514e-03 microboxes=837808
    body-i79-m8: [  260/1308] radius=6.594e-03 microboxes=838848
    body-i79-m8: [  390/1308] radius=1.832e-02 microboxes=839888
    body-i79-m8: [  520/1308] radius=3.030e-02 microboxes=840928
    body-i79-m8: [  650/1308] radius=3.998e-02 microboxes=841968
    body-i79-m8: [  780/1308] radius=5.394e-02 microboxes=843008
    body-i79-m8: [  910/1308] radius=6.182e-02 microboxes=844048
    body-i79-m8: [ 1040/1308] radius=7.639e-02 microboxes=845088
    body-i79-m8: [ 1170/1308] radius=9.433e-02 microboxes=846128
    body-i79-m8: [ 1300/1308] radius=1.129e-01 microboxes=847168
    body-i79-m8: [ 1308/1308] radius=1.159e-01 microboxes=847232
    edge-i79-m8: [    1/16] radius=1.587e-07 microboxes=847240
    edge-i79-m8: [    2/16] radius=3.189e-07 microboxes=847248
    edge-i79-m8: [    3/16] radius=4.782e-07 microboxes=847256
    edge-i79-m8: [    4/16] radius=6.416e-07 microboxes=847264
    edge-i79-m8: [    5/16] radius=8.064e-07 microboxes=847272
    edge-i79-m8: [    6/16] radius=9.729e-07 microboxes=847280
    edge-i79-m8: [    7/16] radius=1.141e-06 microboxes=847288
    edge-i79-m8: [    8/16] radius=1.310e-06 microboxes=847296
    edge-i79-m8: [    9/16] radius=1.482e-06 microboxes=847304
    edge-i79-m8: [   10/16] radius=1.654e-06 microboxes=847312
    edge-i79-m8: [   11/16] radius=1.829e-06 microboxes=847320
    edge-i79-m8: [   12/16] radius=2.005e-06 microboxes=847328
    edge-i79-m8: [   13/16] radius=2.182e-06 microboxes=847336
    edge-i79-m8: [   14/16] radius=2.361e-06 microboxes=847344
    edge-i79-m8: [   15/16] radius=2.542e-06 microboxes=847352
    edge-i79-m8: [   16/16] radius=2.724e-06 microboxes=847360
  [ 80/81] i=79 epsT=3.179e-02 epsG=2.596e-06 edgeRows=2.527e-02 activeR=1.660e-03 sep=1.105e-02 lower=+9.394e-03 pass=True disc=3.23e-10
    body-i80-m8: [    1/1308] radius=2.452e-06 microboxes=847368
    body-i80-m8: [  130/1308] radius=1.509e-03 microboxes=848400
    body-i80-m8: [  260/1308] radius=6.569e-03 microboxes=849440
    body-i80-m8: [  390/1308] radius=1.825e-02 microboxes=850480
    body-i80-m8: [  520/1308] radius=3.018e-02 microboxes=851520
    body-i80-m8: [  650/1308] radius=3.982e-02 microboxes=852560
    body-i80-m8: [  780/1308] radius=5.372e-02 microboxes=853600
    body-i80-m8: [  910/1308] radius=6.151e-02 microboxes=854640
    body-i80-m8: [ 1040/1308] radius=7.596e-02 microboxes=855680
    body-i80-m8: [ 1170/1308] radius=9.383e-02 microboxes=856720
    body-i80-m8: [ 1300/1308] radius=1.124e-01 microboxes=857760
    body-i80-m8: [ 1308/1308] radius=1.154e-01 microboxes=857824
    edge-i80-m8: [    1/16] radius=1.589e-07 microboxes=857832
    edge-i80-m8: [    2/16] radius=3.194e-07 microboxes=857840
    edge-i80-m8: [    3/16] radius=4.814e-07 microboxes=857848
    edge-i80-m8: [    4/16] radius=6.369e-07 microboxes=857856
    edge-i80-m8: [    5/16] radius=8.020e-07 microboxes=857864
    edge-i80-m8: [    6/16] radius=9.687e-07 microboxes=857872
    edge-i80-m8: [    7/16] radius=1.137e-06 microboxes=857880
    edge-i80-m8: [    8/16] radius=1.307e-06 microboxes=857888
    edge-i80-m8: [    9/16] radius=1.478e-06 microboxes=857896
    edge-i80-m8: [   10/16] radius=1.651e-06 microboxes=857904
    edge-i80-m8: [   11/16] radius=1.826e-06 microboxes=857912
    edge-i80-m8: [   12/16] radius=2.002e-06 microboxes=857920
    edge-i80-m8: [   13/16] radius=2.180e-06 microboxes=857928
    edge-i80-m8: [   14/16] radius=2.359e-06 microboxes=857936
    edge-i80-m8: [   15/16] radius=2.540e-06 microboxes=857944
    edge-i80-m8: [   16/16] radius=2.723e-06 microboxes=857952
  [ 81/81] i=80 epsT=3.166e-02 epsG=2.595e-06 edgeRows=2.527e-02 activeR=1.652e-03 sep=1.108e-02 lower=+9.425e-03 pass=True disc=3.23e-10
  summary m=8: passed=81/81 minLower=+9.381511e-03 at i=25 maxR=1.674982e-03 maxDisc=3.292e-10
==============================================================================
residual subdivisions=16
    body-i0-m16: [    1/1308] radius=1.290e-06 microboxes=857968
    body-i0-m16: [  130/1308] radius=7.635e-04 microboxes=860032
    body-i0-m16: [  260/1308] radius=3.319e-03 microboxes=862112
    body-i0-m16: [  390/1308] radius=9.209e-03 microboxes=864192
    body-i0-m16: [  520/1308] radius=1.521e-02 microboxes=866272
    body-i0-m16: [  650/1308] radius=2.005e-02 microboxes=868352
    body-i0-m16: [  780/1308] radius=2.704e-02 microboxes=870432
    body-i0-m16: [  910/1308] radius=3.092e-02 microboxes=872512
    body-i0-m16: [ 1040/1308] radius=3.816e-02 microboxes=874592
    body-i0-m16: [ 1170/1308] radius=4.708e-02 microboxes=876672
    body-i0-m16: [ 1300/1308] radius=5.630e-02 microboxes=878752
    body-i0-m16: [ 1308/1308] radius=5.783e-02 microboxes=878880
    edge-i0-m16: [    1/16] radius=7.943e-08 microboxes=878896
    edge-i0-m16: [    2/16] radius=1.596e-07 microboxes=878912
    edge-i0-m16: [    3/16] radius=2.406e-07 microboxes=878928
    edge-i0-m16: [    4/16] radius=3.224e-07 microboxes=878944
    edge-i0-m16: [    5/16] radius=4.049e-07 microboxes=878960
    edge-i0-m16: [    6/16] radius=4.882e-07 microboxes=878976
    edge-i0-m16: [    7/16] radius=5.723e-07 microboxes=878992
    edge-i0-m16: [    8/16] radius=6.572e-07 microboxes=879008
    edge-i0-m16: [    9/16] radius=7.429e-07 microboxes=879024
    edge-i0-m16: [   10/16] radius=8.294e-07 microboxes=879040
    edge-i0-m16: [   11/16] radius=9.166e-07 microboxes=879056
    edge-i0-m16: [   12/16] radius=1.005e-06 microboxes=879072
    edge-i0-m16: [   13/16] radius=1.094e-06 microboxes=879088
    edge-i0-m16: [   14/16] radius=1.183e-06 microboxes=879104
    edge-i0-m16: [   15/16] radius=1.274e-06 microboxes=879120
    edge-i0-m16: [   16/16] radius=1.365e-06 microboxes=879136
  [  1/81] i= 0 epsT=1.586e-02 epsG=1.301e-06 edgeRows=2.527e-02 activeR=8.275e-04 sep=1.108e-02 lower=+1.025e-02 pass=True disc=3.23e-10
    body-i1-m16: [    1/1308] radius=1.259e-06 microboxes=879152
    body-i1-m16: [  130/1308] radius=7.577e-04 microboxes=881216
    body-i1-m16: [  260/1308] radius=3.295e-03 microboxes=883296
    body-i1-m16: [  390/1308] radius=9.150e-03 microboxes=885376
    body-i1-m16: [  520/1308] radius=1.513e-02 microboxes=887456
    body-i1-m16: [  650/1308] radius=1.995e-02 microboxes=889536
    body-i1-m16: [  780/1308] radius=2.689e-02 microboxes=891616
    body-i1-m16: [  910/1308] radius=3.076e-02 microboxes=893696
    body-i1-m16: [ 1040/1308] radius=3.800e-02 microboxes=895776
    body-i1-m16: [ 1170/1308] radius=4.689e-02 microboxes=897856
    body-i1-m16: [ 1300/1308] radius=5.605e-02 microboxes=899936
    body-i1-m16: [ 1308/1308] radius=5.757e-02 microboxes=900064
    edge-i1-m16: [    1/16] radius=7.714e-08 microboxes=900080
    edge-i1-m16: [    2/16] radius=1.572e-07 microboxes=900096
    edge-i1-m16: [    3/16] radius=2.381e-07 microboxes=900112
    edge-i1-m16: [    4/16] radius=3.197e-07 microboxes=900128
    edge-i1-m16: [    5/16] radius=4.022e-07 microboxes=900144
    edge-i1-m16: [    6/16] radius=4.854e-07 microboxes=900160
    edge-i1-m16: [    7/16] radius=5.694e-07 microboxes=900176
    edge-i1-m16: [    8/16] radius=6.541e-07 microboxes=900192
    edge-i1-m16: [    9/16] radius=7.397e-07 microboxes=900208
    edge-i1-m16: [   10/16] radius=8.260e-07 microboxes=900224
    edge-i1-m16: [   11/16] radius=9.132e-07 microboxes=900240
    edge-i1-m16: [   12/16] radius=1.001e-06 microboxes=900256
    edge-i1-m16: [   13/16] radius=1.090e-06 microboxes=900272
    edge-i1-m16: [   14/16] radius=1.179e-06 microboxes=900288
    edge-i1-m16: [   15/16] radius=1.270e-06 microboxes=900304
    edge-i1-m16: [   16/16] radius=1.361e-06 microboxes=900320
    body-i2-m16: [    1/1308] radius=1.266e-06 microboxes=900336
    body-i2-m16: [  130/1308] radius=7.602e-04 microboxes=902400
    body-i2-m16: [  260/1308] radius=3.305e-03 microboxes=904480
    body-i2-m16: [  390/1308] radius=9.170e-03 microboxes=906560
    body-i2-m16: [  520/1308] radius=1.516e-02 microboxes=908640
    body-i2-m16: [  650/1308] radius=1.999e-02 microboxes=910720
    body-i2-m16: [  780/1308] radius=2.694e-02 microboxes=912800
    body-i2-m16: [  910/1308] radius=3.082e-02 microboxes=914880
    body-i2-m16: [ 1040/1308] radius=3.801e-02 microboxes=916960
    body-i2-m16: [ 1170/1308] radius=4.688e-02 microboxes=919040
    body-i2-m16: [ 1300/1308] radius=5.606e-02 microboxes=921120
    body-i2-m16: [ 1308/1308] radius=5.757e-02 microboxes=921248
    edge-i2-m16: [    1/16] radius=7.936e-08 microboxes=921264
    edge-i2-m16: [    2/16] radius=1.589e-07 microboxes=921280
    edge-i2-m16: [    3/16] radius=2.398e-07 microboxes=921296
    edge-i2-m16: [    4/16] radius=3.215e-07 microboxes=921312
    edge-i2-m16: [    5/16] radius=4.039e-07 microboxes=921328
    edge-i2-m16: [    6/16] radius=4.872e-07 microboxes=921344
    edge-i2-m16: [    7/16] radius=5.712e-07 microboxes=921360
    edge-i2-m16: [    8/16] radius=6.560e-07 microboxes=921376
    edge-i2-m16: [    9/16] radius=7.416e-07 microboxes=921392
    edge-i2-m16: [   10/16] radius=8.280e-07 microboxes=921408
    edge-i2-m16: [   11/16] radius=9.152e-07 microboxes=921424
    edge-i2-m16: [   12/16] radius=1.003e-06 microboxes=921440
    edge-i2-m16: [   13/16] radius=1.092e-06 microboxes=921456
    edge-i2-m16: [   14/16] radius=1.182e-06 microboxes=921472
    edge-i2-m16: [   15/16] radius=1.272e-06 microboxes=921488
    edge-i2-m16: [   16/16] radius=1.363e-06 microboxes=921504
    body-i3-m16: [    1/1308] radius=1.283e-06 microboxes=921520
    body-i3-m16: [  130/1308] radius=7.625e-04 microboxes=923584
    body-i3-m16: [  260/1308] radius=3.315e-03 microboxes=925664
    body-i3-m16: [  390/1308] radius=9.197e-03 microboxes=927744
    body-i3-m16: [  520/1308] radius=1.520e-02 microboxes=929824
    body-i3-m16: [  650/1308] radius=2.003e-02 microboxes=931904
    body-i3-m16: [  780/1308] radius=2.700e-02 microboxes=933984
    body-i3-m16: [  910/1308] radius=3.088e-02 microboxes=936064
    body-i3-m16: [ 1040/1308] radius=3.812e-02 microboxes=938144
    body-i3-m16: [ 1170/1308] radius=4.702e-02 microboxes=940224
    body-i3-m16: [ 1300/1308] radius=5.623e-02 microboxes=942304
    body-i3-m16: [ 1308/1308] radius=5.776e-02 microboxes=942432
    edge-i3-m16: [    1/16] radius=7.943e-08 microboxes=942448
    edge-i3-m16: [    2/16] radius=1.596e-07 microboxes=942464
    edge-i3-m16: [    3/16] radius=2.390e-07 microboxes=942480
    edge-i3-m16: [    4/16] radius=3.208e-07 microboxes=942496
    edge-i3-m16: [    5/16] radius=4.033e-07 microboxes=942512
    edge-i3-m16: [    6/16] radius=4.866e-07 microboxes=942528
    edge-i3-m16: [    7/16] radius=5.707e-07 microboxes=942544
    edge-i3-m16: [    8/16] radius=6.556e-07 microboxes=942560
    edge-i3-m16: [    9/16] radius=7.413e-07 microboxes=942576
    edge-i3-m16: [   10/16] radius=8.277e-07 microboxes=942592
    edge-i3-m16: [   11/16] radius=9.150e-07 microboxes=942608
    edge-i3-m16: [   12/16] radius=1.003e-06 microboxes=942624
    edge-i3-m16: [   13/16] radius=1.092e-06 microboxes=942640
    edge-i3-m16: [   14/16] radius=1.182e-06 microboxes=942656
    edge-i3-m16: [   15/16] radius=1.272e-06 microboxes=942672
    edge-i3-m16: [   16/16] radius=1.363e-06 microboxes=942688
    body-i4-m16: [    1/1308] radius=1.253e-06 microboxes=942704
    body-i4-m16: [  130/1308] radius=7.567e-04 microboxes=944768
    body-i4-m16: [  260/1308] radius=3.291e-03 microboxes=946848
    body-i4-m16: [  390/1308] radius=9.139e-03 microboxes=948928
    body-i4-m16: [  520/1308] radius=1.512e-02 microboxes=951008
    body-i4-m16: [  650/1308] radius=1.993e-02 microboxes=953088
    body-i4-m16: [  780/1308] radius=2.685e-02 microboxes=955168
    body-i4-m16: [  910/1308] radius=3.072e-02 microboxes=957248
    body-i4-m16: [ 1040/1308] radius=3.796e-02 microboxes=959328
    body-i4-m16: [ 1170/1308] radius=4.684e-02 microboxes=961408
    body-i4-m16: [ 1300/1308] radius=5.598e-02 microboxes=963488
    body-i4-m16: [ 1308/1308] radius=5.750e-02 microboxes=963616
    edge-i4-m16: [    1/16] radius=7.933e-08 microboxes=963632
    edge-i4-m16: [    2/16] radius=1.594e-07 microboxes=963648
    edge-i4-m16: [    3/16] radius=2.403e-07 microboxes=963664
    edge-i4-m16: [    4/16] radius=3.207e-07 microboxes=963680
    edge-i4-m16: [    5/16] radius=4.032e-07 microboxes=963696
    edge-i4-m16: [    6/16] radius=4.864e-07 microboxes=963712
    edge-i4-m16: [    7/16] radius=5.703e-07 microboxes=963728
    edge-i4-m16: [    8/16] radius=6.551e-07 microboxes=963744
    edge-i4-m16: [    9/16] radius=7.407e-07 microboxes=963760
    edge-i4-m16: [   10/16] radius=8.270e-07 microboxes=963776
    edge-i4-m16: [   11/16] radius=9.142e-07 microboxes=963792
    edge-i4-m16: [   12/16] radius=1.002e-06 microboxes=963808
    edge-i4-m16: [   13/16] radius=1.091e-06 microboxes=963824
    edge-i4-m16: [   14/16] radius=1.180e-06 microboxes=963840
    edge-i4-m16: [   15/16] radius=1.271e-06 microboxes=963856
    edge-i4-m16: [   16/16] radius=1.362e-06 microboxes=963872
  [  5/81] i= 4 epsT=1.576e-02 epsG=1.298e-06 edgeRows=2.527e-02 activeR=8.228e-04 sep=1.106e-02 lower=+1.024e-02 pass=True disc=3.24e-10
    body-i5-m16: [    1/1308] radius=1.289e-06 microboxes=963888
    body-i5-m16: [  130/1308] radius=7.611e-04 microboxes=965952
    body-i5-m16: [  260/1308] radius=3.309e-03 microboxes=968032
    body-i5-m16: [  390/1308] radius=9.182e-03 microboxes=970112
    body-i5-m16: [  520/1308] radius=1.517e-02 microboxes=972192
    body-i5-m16: [  650/1308] radius=2.001e-02 microboxes=974272
    body-i5-m16: [  780/1308] radius=2.697e-02 microboxes=976352
    body-i5-m16: [  910/1308] radius=3.086e-02 microboxes=978432
    body-i5-m16: [ 1040/1308] radius=3.805e-02 microboxes=980512
    body-i5-m16: [ 1170/1308] radius=4.694e-02 microboxes=982592
    body-i5-m16: [ 1300/1308] radius=5.613e-02 microboxes=984672
    body-i5-m16: [ 1308/1308] radius=5.765e-02 microboxes=984800
    edge-i5-m16: [    1/16] radius=7.936e-08 microboxes=984816
    edge-i5-m16: [    2/16] radius=1.595e-07 microboxes=984832
    edge-i5-m16: [    3/16] radius=2.404e-07 microboxes=984848
    edge-i5-m16: [    4/16] radius=3.221e-07 microboxes=984864
    edge-i5-m16: [    5/16] radius=4.035e-07 microboxes=984880
    edge-i5-m16: [    6/16] radius=4.868e-07 microboxes=984896
    edge-i5-m16: [    7/16] radius=5.708e-07 microboxes=984912
    edge-i5-m16: [    8/16] radius=6.556e-07 microboxes=984928
    edge-i5-m16: [    9/16] radius=7.412e-07 microboxes=984944
    edge-i5-m16: [   10/16] radius=8.276e-07 microboxes=984960
    edge-i5-m16: [   11/16] radius=9.148e-07 microboxes=984976
    edge-i5-m16: [   12/16] radius=1.003e-06 microboxes=984992
    edge-i5-m16: [   13/16] radius=1.092e-06 microboxes=985008
    edge-i5-m16: [   14/16] radius=1.181e-06 microboxes=985024
    edge-i5-m16: [   15/16] radius=1.271e-06 microboxes=985040
    edge-i5-m16: [   16/16] radius=1.363e-06 microboxes=985056
    body-i6-m16: [    1/1308] radius=1.290e-06 microboxes=985072
    body-i6-m16: [  130/1308] radius=7.616e-04 microboxes=987136
    body-i6-m16: [  260/1308] radius=3.311e-03 microboxes=989216
    body-i6-m16: [  390/1308] radius=9.185e-03 microboxes=991296
    body-i6-m16: [  520/1308] radius=1.518e-02 microboxes=993376
    body-i6-m16: [  650/1308] radius=2.000e-02 microboxes=995456
    body-i6-m16: [  780/1308] radius=2.697e-02 microboxes=997536
    body-i6-m16: [  910/1308] radius=3.084e-02 microboxes=999616
    body-i6-m16: [ 1040/1308] radius=3.807e-02 microboxes=1001696
    body-i6-m16: [ 1170/1308] radius=4.696e-02 microboxes=1003776
    body-i6-m16: [ 1300/1308] radius=5.616e-02 microboxes=1005856
    body-i6-m16: [ 1308/1308] radius=5.769e-02 microboxes=1005984
    edge-i6-m16: [    1/16] radius=7.943e-08 microboxes=1006000
    edge-i6-m16: [    2/16] radius=1.596e-07 microboxes=1006016
    edge-i6-m16: [    3/16] radius=2.406e-07 microboxes=1006032
    edge-i6-m16: [    4/16] radius=3.224e-07 microboxes=1006048
    edge-i6-m16: [    5/16] radius=4.049e-07 microboxes=1006064
    edge-i6-m16: [    6/16] radius=4.864e-07 microboxes=1006080
    edge-i6-m16: [    7/16] radius=5.704e-07 microboxes=1006096
    edge-i6-m16: [    8/16] radius=6.553e-07 microboxes=1006112
    edge-i6-m16: [    9/16] radius=7.410e-07 microboxes=1006128
    edge-i6-m16: [   10/16] radius=8.275e-07 microboxes=1006144
    edge-i6-m16: [   11/16] radius=9.147e-07 microboxes=1006160
    edge-i6-m16: [   12/16] radius=1.003e-06 microboxes=1006176
    edge-i6-m16: [   13/16] radius=1.092e-06 microboxes=1006192
    edge-i6-m16: [   14/16] radius=1.181e-06 microboxes=1006208
    edge-i6-m16: [   15/16] radius=1.272e-06 microboxes=1006224
    edge-i6-m16: [   16/16] radius=1.363e-06 microboxes=1006240
    body-i7-m16: [    1/1308] radius=1.288e-06 microboxes=1006256
    body-i7-m16: [  130/1308] radius=7.562e-04 microboxes=1008320
    body-i7-m16: [  260/1308] radius=3.289e-03 microboxes=1010400
    body-i7-m16: [  390/1308] radius=9.134e-03 microboxes=1012480
    body-i7-m16: [  520/1308] radius=1.511e-02 microboxes=1014560
    body-i7-m16: [  650/1308] radius=1.992e-02 microboxes=1016640
    body-i7-m16: [  780/1308] radius=2.684e-02 microboxes=1018720
    body-i7-m16: [  910/1308] radius=3.071e-02 microboxes=1020800
    body-i7-m16: [ 1040/1308] radius=3.793e-02 microboxes=1022880
    body-i7-m16: [ 1170/1308] radius=4.681e-02 microboxes=1024960
    body-i7-m16: [ 1300/1308] radius=5.595e-02 microboxes=1027040
    body-i7-m16: [ 1308/1308] radius=5.746e-02 microboxes=1027168
    edge-i7-m16: [    1/16] radius=7.932e-08 microboxes=1027184
    edge-i7-m16: [    2/16] radius=1.594e-07 microboxes=1027200
    edge-i7-m16: [    3/16] radius=2.403e-07 microboxes=1027216
    edge-i7-m16: [    4/16] radius=3.219e-07 microboxes=1027232
    edge-i7-m16: [    5/16] radius=4.044e-07 microboxes=1027248
    edge-i7-m16: [    6/16] radius=4.872e-07 microboxes=1027264
    edge-i7-m16: [    7/16] radius=5.712e-07 microboxes=1027280
    edge-i7-m16: [    8/16] radius=6.559e-07 microboxes=1027296
    edge-i7-m16: [    9/16] radius=7.415e-07 microboxes=1027312
    edge-i7-m16: [   10/16] radius=8.278e-07 microboxes=1027328
    edge-i7-m16: [   11/16] radius=9.150e-07 microboxes=1027344
    edge-i7-m16: [   12/16] radius=1.003e-06 microboxes=1027360
    edge-i7-m16: [   13/16] radius=1.092e-06 microboxes=1027376
    edge-i7-m16: [   14/16] radius=1.181e-06 microboxes=1027392
    edge-i7-m16: [   15/16] radius=1.272e-06 microboxes=1027408
    edge-i7-m16: [   16/16] radius=1.363e-06 microboxes=1027424
    body-i8-m16: [    1/1308] radius=1.289e-06 microboxes=1027440
    body-i8-m16: [  130/1308] radius=7.621e-04 microboxes=1029504
    body-i8-m16: [  260/1308] radius=3.313e-03 microboxes=1031584
    body-i8-m16: [  390/1308] radius=9.193e-03 microboxes=1033664
    body-i8-m16: [  520/1308] radius=1.519e-02 microboxes=1035744
    body-i8-m16: [  650/1308] radius=2.004e-02 microboxes=1037824
    body-i8-m16: [  780/1308] radius=2.701e-02 microboxes=1039904
    body-i8-m16: [  910/1308] radius=3.090e-02 microboxes=1041984
    body-i8-m16: [ 1040/1308] radius=3.810e-02 microboxes=1044064
    body-i8-m16: [ 1170/1308] radius=4.700e-02 microboxes=1046144
    body-i8-m16: [ 1300/1308] radius=5.620e-02 microboxes=1048224
    body-i8-m16: [ 1308/1308] radius=5.772e-02 microboxes=1048352
    edge-i8-m16: [    1/16] radius=7.936e-08 microboxes=1048368
    edge-i8-m16: [    2/16] radius=1.595e-07 microboxes=1048384
    edge-i8-m16: [    3/16] radius=2.404e-07 microboxes=1048400
    edge-i8-m16: [    4/16] radius=3.221e-07 microboxes=1048416
    edge-i8-m16: [    5/16] radius=4.045e-07 microboxes=1048432
    edge-i8-m16: [    6/16] radius=4.878e-07 microboxes=1048448
    edge-i8-m16: [    7/16] radius=5.694e-07 microboxes=1048464
    edge-i8-m16: [    8/16] radius=6.542e-07 microboxes=1048480
    edge-i8-m16: [    9/16] radius=7.398e-07 microboxes=1048496
    edge-i8-m16: [   10/16] radius=8.262e-07 microboxes=1048512
    edge-i8-m16: [   11/16] radius=9.134e-07 microboxes=1048528
    edge-i8-m16: [   12/16] radius=1.001e-06 microboxes=1048544
    edge-i8-m16: [   13/16] radius=1.090e-06 microboxes=1048560
    edge-i8-m16: [   14/16] radius=1.180e-06 microboxes=1048576
    edge-i8-m16: [   15/16] radius=1.270e-06 microboxes=1048592
    edge-i8-m16: [   16/16] radius=1.361e-06 microboxes=1048608
    body-i9-m16: [    1/1308] radius=1.290e-06 microboxes=1048624
    body-i9-m16: [  130/1308] radius=7.606e-04 microboxes=1050688
    body-i9-m16: [  260/1308] radius=3.307e-03 microboxes=1052768
    body-i9-m16: [  390/1308] radius=9.173e-03 microboxes=1054848
    body-i9-m16: [  520/1308] radius=1.516e-02 microboxes=1056928
    body-i9-m16: [  650/1308] radius=1.998e-02 microboxes=1059008
    body-i9-m16: [  780/1308] radius=2.693e-02 microboxes=1061088
    body-i9-m16: [  910/1308] radius=3.080e-02 microboxes=1063168
    body-i9-m16: [ 1040/1308] radius=3.802e-02 microboxes=1065248
    body-i9-m16: [ 1170/1308] radius=4.690e-02 microboxes=1067328
    body-i9-m16: [ 1300/1308] radius=5.609e-02 microboxes=1069408
    body-i9-m16: [ 1308/1308] radius=5.761e-02 microboxes=1069536
    edge-i9-m16: [    1/16] radius=7.942e-08 microboxes=1069552
    edge-i9-m16: [    2/16] radius=1.596e-07 microboxes=1069568
    edge-i9-m16: [    3/16] radius=2.406e-07 microboxes=1069584
    edge-i9-m16: [    4/16] radius=3.223e-07 microboxes=1069600
    edge-i9-m16: [    5/16] radius=4.049e-07 microboxes=1069616
    edge-i9-m16: [    6/16] radius=4.882e-07 microboxes=1069632
    edge-i9-m16: [    7/16] radius=5.723e-07 microboxes=1069648
    edge-i9-m16: [    8/16] radius=6.569e-07 microboxes=1069664
    edge-i9-m16: [    9/16] radius=7.426e-07 microboxes=1069680
    edge-i9-m16: [   10/16] radius=8.291e-07 microboxes=1069696
    edge-i9-m16: [   11/16] radius=9.163e-07 microboxes=1069712
    edge-i9-m16: [   12/16] radius=1.004e-06 microboxes=1069728
    edge-i9-m16: [   13/16] radius=1.093e-06 microboxes=1069744
    edge-i9-m16: [   14/16] radius=1.183e-06 microboxes=1069760
    edge-i9-m16: [   15/16] radius=1.273e-06 microboxes=1069776
    edge-i9-m16: [   16/16] radius=1.365e-06 microboxes=1069792
  [ 10/81] i= 9 epsT=1.580e-02 epsG=1.300e-06 edgeRows=2.527e-02 activeR=8.244e-04 sep=1.108e-02 lower=+1.026e-02 pass=True disc=3.23e-10
    body-i10-m16: [    1/1308] radius=1.288e-06 microboxes=1069808
    body-i10-m16: [  130/1308] radius=7.574e-04 microboxes=1071872
    body-i10-m16: [  260/1308] radius=3.293e-03 microboxes=1073952
    body-i10-m16: [  390/1308] radius=9.147e-03 microboxes=1076032
    body-i10-m16: [  520/1308] radius=1.513e-02 microboxes=1078112
    body-i10-m16: [  650/1308] radius=1.995e-02 microboxes=1080192
    body-i10-m16: [  780/1308] radius=2.687e-02 microboxes=1082272
    body-i10-m16: [  910/1308] radius=3.075e-02 microboxes=1084352
    body-i10-m16: [ 1040/1308] radius=3.798e-02 microboxes=1086432
    body-i10-m16: [ 1170/1308] radius=4.687e-02 microboxes=1088512
    body-i10-m16: [ 1300/1308] radius=5.602e-02 microboxes=1090592
    body-i10-m16: [ 1308/1308] radius=5.753e-02 microboxes=1090720
    edge-i10-m16: [    1/16] radius=7.932e-08 microboxes=1090736
    edge-i10-m16: [    2/16] radius=1.594e-07 microboxes=1090752
    edge-i10-m16: [    3/16] radius=2.403e-07 microboxes=1090768
    edge-i10-m16: [    4/16] radius=3.219e-07 microboxes=1090784
    edge-i10-m16: [    5/16] radius=4.044e-07 microboxes=1090800
    edge-i10-m16: [    6/16] radius=4.876e-07 microboxes=1090816
    edge-i10-m16: [    7/16] radius=5.716e-07 microboxes=1090832
    edge-i10-m16: [    8/16] radius=6.563e-07 microboxes=1090848
    edge-i10-m16: [    9/16] radius=7.398e-07 microboxes=1090864
    edge-i10-m16: [   10/16] radius=8.262e-07 microboxes=1090880
    edge-i10-m16: [   11/16] radius=9.133e-07 microboxes=1090896
    edge-i10-m16: [   12/16] radius=1.001e-06 microboxes=1090912
    edge-i10-m16: [   13/16] radius=1.090e-06 microboxes=1090928
    edge-i10-m16: [   14/16] radius=1.180e-06 microboxes=1090944
    edge-i10-m16: [   15/16] radius=1.270e-06 microboxes=1090960
    edge-i10-m16: [   16/16] radius=1.361e-06 microboxes=1090976
    body-i11-m16: [    1/1308] radius=1.289e-06 microboxes=1090992
    body-i11-m16: [  130/1308] radius=7.631e-04 microboxes=1093056
    body-i11-m16: [  260/1308] radius=3.317e-03 microboxes=1095136
    body-i11-m16: [  390/1308] radius=9.205e-03 microboxes=1097216
    body-i11-m16: [  520/1308] radius=1.521e-02 microboxes=1099296
    body-i11-m16: [  650/1308] radius=2.006e-02 microboxes=1101376
    body-i11-m16: [  780/1308] radius=2.704e-02 microboxes=1103456
    body-i11-m16: [  910/1308] radius=3.093e-02 microboxes=1105536
    body-i11-m16: [ 1040/1308] radius=3.814e-02 microboxes=1107616
    body-i11-m16: [ 1170/1308] radius=4.705e-02 microboxes=1109696
    body-i11-m16: [ 1300/1308] radius=5.627e-02 microboxes=1111776
    body-i11-m16: [ 1308/1308] radius=5.779e-02 microboxes=1111904
    edge-i11-m16: [    1/16] radius=7.937e-08 microboxes=1111920
    edge-i11-m16: [    2/16] radius=1.595e-07 microboxes=1111936
    edge-i11-m16: [    3/16] radius=2.404e-07 microboxes=1111952
    edge-i11-m16: [    4/16] radius=3.221e-07 microboxes=1111968
    edge-i11-m16: [    5/16] radius=4.046e-07 microboxes=1111984
    edge-i11-m16: [    6/16] radius=4.879e-07 microboxes=1112000
    edge-i11-m16: [    7/16] radius=5.719e-07 microboxes=1112016
    edge-i11-m16: [    8/16] radius=6.567e-07 microboxes=1112032
    edge-i11-m16: [    9/16] radius=7.424e-07 microboxes=1112048
    edge-i11-m16: [   10/16] radius=8.279e-07 microboxes=1112064
    edge-i11-m16: [   11/16] radius=9.151e-07 microboxes=1112080
    edge-i11-m16: [   12/16] radius=1.003e-06 microboxes=1112096
    edge-i11-m16: [   13/16] radius=1.092e-06 microboxes=1112112
    edge-i11-m16: [   14/16] radius=1.182e-06 microboxes=1112128
    edge-i11-m16: [   15/16] radius=1.272e-06 microboxes=1112144
    edge-i11-m16: [   16/16] radius=1.363e-06 microboxes=1112160
    body-i12-m16: [    1/1308] radius=1.290e-06 microboxes=1112176
    body-i12-m16: [  130/1308] radius=7.598e-04 microboxes=1114240
    body-i12-m16: [  260/1308] radius=3.303e-03 microboxes=1116320
    body-i12-m16: [  390/1308] radius=9.162e-03 microboxes=1118400
    body-i12-m16: [  520/1308] radius=1.514e-02 microboxes=1120480
    body-i12-m16: [  650/1308] radius=1.995e-02 microboxes=1122560
    body-i12-m16: [  780/1308] radius=2.690e-02 microboxes=1124640
    body-i12-m16: [  910/1308] radius=3.076e-02 microboxes=1126720
    body-i12-m16: [ 1040/1308] radius=3.797e-02 microboxes=1128800
    body-i12-m16: [ 1170/1308] radius=4.684e-02 microboxes=1130880
    body-i12-m16: [ 1300/1308] radius=5.602e-02 microboxes=1132960
    body-i12-m16: [ 1308/1308] radius=5.754e-02 microboxes=1133088
    edge-i12-m16: [    1/16] radius=7.942e-08 microboxes=1133104
    edge-i12-m16: [    2/16] radius=1.596e-07 microboxes=1133120
    edge-i12-m16: [    3/16] radius=2.406e-07 microboxes=1133136
    edge-i12-m16: [    4/16] radius=3.223e-07 microboxes=1133152
    edge-i12-m16: [    5/16] radius=4.049e-07 microboxes=1133168
    edge-i12-m16: [    6/16] radius=4.882e-07 microboxes=1133184
    edge-i12-m16: [    7/16] radius=5.723e-07 microboxes=1133200
    edge-i12-m16: [    8/16] radius=6.571e-07 microboxes=1133216
    edge-i12-m16: [    9/16] radius=7.428e-07 microboxes=1133232
    edge-i12-m16: [   10/16] radius=8.293e-07 microboxes=1133248
    edge-i12-m16: [   11/16] radius=9.151e-07 microboxes=1133264
    edge-i12-m16: [   12/16] radius=1.003e-06 microboxes=1133280
    edge-i12-m16: [   13/16] radius=1.092e-06 microboxes=1133296
    edge-i12-m16: [   14/16] radius=1.182e-06 microboxes=1133312
    edge-i12-m16: [   15/16] radius=1.272e-06 microboxes=1133328
    edge-i12-m16: [   16/16] radius=1.363e-06 microboxes=1133344
    body-i13-m16: [    1/1308] radius=1.288e-06 microboxes=1133360
    body-i13-m16: [  130/1308] radius=7.583e-04 microboxes=1135424
    body-i13-m16: [  260/1308] radius=3.298e-03 microboxes=1137504
    body-i13-m16: [  390/1308] radius=9.159e-03 microboxes=1139584
    body-i13-m16: [  520/1308] radius=1.515e-02 microboxes=1141664
    body-i13-m16: [  650/1308] radius=1.997e-02 microboxes=1143744
    body-i13-m16: [  780/1308] radius=2.691e-02 microboxes=1145824
    body-i13-m16: [  910/1308] radius=3.079e-02 microboxes=1147904
    body-i13-m16: [ 1040/1308] radius=3.803e-02 microboxes=1149984
    body-i13-m16: [ 1170/1308] radius=4.693e-02 microboxes=1152064
    body-i13-m16: [ 1300/1308] radius=5.609e-02 microboxes=1154144
    body-i13-m16: [ 1308/1308] radius=5.761e-02 microboxes=1154272
    edge-i13-m16: [    1/16] radius=7.932e-08 microboxes=1154288
    edge-i13-m16: [    2/16] radius=1.594e-07 microboxes=1154304
    edge-i13-m16: [    3/16] radius=2.403e-07 microboxes=1154320
    edge-i13-m16: [    4/16] radius=3.219e-07 microboxes=1154336
    edge-i13-m16: [    5/16] radius=4.044e-07 microboxes=1154352
    edge-i13-m16: [    6/16] radius=4.876e-07 microboxes=1154368
    edge-i13-m16: [    7/16] radius=5.716e-07 microboxes=1154384
    edge-i13-m16: [    8/16] radius=6.563e-07 microboxes=1154400
    edge-i13-m16: [    9/16] radius=7.419e-07 microboxes=1154416
    edge-i13-m16: [   10/16] radius=8.283e-07 microboxes=1154432
    edge-i13-m16: [   11/16] radius=9.139e-07 microboxes=1154448
    edge-i13-m16: [   12/16] radius=1.002e-06 microboxes=1154464
    edge-i13-m16: [   13/16] radius=1.091e-06 microboxes=1154480
    edge-i13-m16: [   14/16] radius=1.180e-06 microboxes=1154496
    edge-i13-m16: [   15/16] radius=1.270e-06 microboxes=1154512
    edge-i13-m16: [   16/16] radius=1.362e-06 microboxes=1154528
    body-i14-m16: [    1/1308] radius=1.289e-06 microboxes=1154544
    body-i14-m16: [  130/1308] radius=7.631e-04 microboxes=1156608
    body-i14-m16: [  260/1308] radius=3.317e-03 microboxes=1158688
    body-i14-m16: [  390/1308] radius=9.205e-03 microboxes=1160768
    body-i14-m16: [  520/1308] radius=1.521e-02 microboxes=1162848
    body-i14-m16: [  650/1308] radius=2.006e-02 microboxes=1164928
    body-i14-m16: [  780/1308] radius=2.704e-02 microboxes=1167008
    body-i14-m16: [  910/1308] radius=3.093e-02 microboxes=1169088
    body-i14-m16: [ 1040/1308] radius=3.814e-02 microboxes=1171168
    body-i14-m16: [ 1170/1308] radius=4.705e-02 microboxes=1173248
    body-i14-m16: [ 1300/1308] radius=5.626e-02 microboxes=1175328
    body-i14-m16: [ 1308/1308] radius=5.779e-02 microboxes=1175456
    edge-i14-m16: [    1/16] radius=7.937e-08 microboxes=1175472
    edge-i14-m16: [    2/16] radius=1.595e-07 microboxes=1175488
    edge-i14-m16: [    3/16] radius=2.404e-07 microboxes=1175504
    edge-i14-m16: [    4/16] radius=3.221e-07 microboxes=1175520
    edge-i14-m16: [    5/16] radius=4.046e-07 microboxes=1175536
    edge-i14-m16: [    6/16] radius=4.879e-07 microboxes=1175552
    edge-i14-m16: [    7/16] radius=5.719e-07 microboxes=1175568
    edge-i14-m16: [    8/16] radius=6.567e-07 microboxes=1175584
    edge-i14-m16: [    9/16] radius=7.424e-07 microboxes=1175600
    edge-i14-m16: [   10/16] radius=8.288e-07 microboxes=1175616
    edge-i14-m16: [   11/16] radius=9.160e-07 microboxes=1175632
    edge-i14-m16: [   12/16] radius=1.003e-06 microboxes=1175648
    edge-i14-m16: [   13/16] radius=1.092e-06 microboxes=1175664
    edge-i14-m16: [   14/16] radius=1.182e-06 microboxes=1175680
    edge-i14-m16: [   15/16] radius=1.272e-06 microboxes=1175696
    edge-i14-m16: [   16/16] radius=1.363e-06 microboxes=1175712
  [ 15/81] i=14 epsT=1.585e-02 epsG=1.299e-06 edgeRows=2.527e-02 activeR=8.271e-04 sep=1.106e-02 lower=+1.024e-02 pass=True disc=3.23e-10
    body-i15-m16: [    1/1308] radius=1.290e-06 microboxes=1175728
    body-i15-m16: [  130/1308] radius=7.588e-04 microboxes=1177792
    body-i15-m16: [  260/1308] radius=3.298e-03 microboxes=1179872
    body-i15-m16: [  390/1308] radius=9.150e-03 microboxes=1181952
    body-i15-m16: [  520/1308] radius=1.512e-02 microboxes=1184032
    body-i15-m16: [  650/1308] radius=1.992e-02 microboxes=1186112
    body-i15-m16: [  780/1308] radius=2.687e-02 microboxes=1188192
    body-i15-m16: [  910/1308] radius=3.072e-02 microboxes=1190272
    body-i15-m16: [ 1040/1308] radius=3.793e-02 microboxes=1192352
    body-i15-m16: [ 1170/1308] radius=4.678e-02 microboxes=1194432
    body-i15-m16: [ 1300/1308] radius=5.595e-02 microboxes=1196512
    body-i15-m16: [ 1308/1308] radius=5.747e-02 microboxes=1196640
    edge-i15-m16: [    1/16] radius=7.942e-08 microboxes=1196656
    edge-i15-m16: [    2/16] radius=1.596e-07 microboxes=1196672
    edge-i15-m16: [    3/16] radius=2.406e-07 microboxes=1196688
    edge-i15-m16: [    4/16] radius=3.223e-07 microboxes=1196704
    edge-i15-m16: [    5/16] radius=4.048e-07 microboxes=1196720
    edge-i15-m16: [    6/16] radius=4.881e-07 microboxes=1196736
    edge-i15-m16: [    7/16] radius=5.722e-07 microboxes=1196752
    edge-i15-m16: [    8/16] radius=6.571e-07 microboxes=1196768
    edge-i15-m16: [    9/16] radius=7.428e-07 microboxes=1196784
    edge-i15-m16: [   10/16] radius=8.292e-07 microboxes=1196800
    edge-i15-m16: [   11/16] radius=9.165e-07 microboxes=1196816
    edge-i15-m16: [   12/16] radius=1.005e-06 microboxes=1196832
    edge-i15-m16: [   13/16] radius=1.091e-06 microboxes=1196848
    edge-i15-m16: [   14/16] radius=1.181e-06 microboxes=1196864
    edge-i15-m16: [   15/16] radius=1.271e-06 microboxes=1196880
    edge-i15-m16: [   16/16] radius=1.363e-06 microboxes=1196896
    body-i16-m16: [    1/1308] radius=1.288e-06 microboxes=1196912
    body-i16-m16: [  130/1308] radius=7.592e-04 microboxes=1198976
    body-i16-m16: [  260/1308] radius=3.302e-03 microboxes=1201056
    body-i16-m16: [  390/1308] radius=9.171e-03 microboxes=1203136
    body-i16-m16: [  520/1308] radius=1.516e-02 microboxes=1205216
    body-i16-m16: [  650/1308] radius=2.000e-02 microboxes=1207296
    body-i16-m16: [  780/1308] radius=2.694e-02 microboxes=1209376
    body-i16-m16: [  910/1308] radius=3.083e-02 microboxes=1211456
    body-i16-m16: [ 1040/1308] radius=3.808e-02 microboxes=1213536
    body-i16-m16: [ 1170/1308] radius=4.699e-02 microboxes=1215616
    body-i16-m16: [ 1300/1308] radius=5.616e-02 microboxes=1217696
    body-i16-m16: [ 1308/1308] radius=5.768e-02 microboxes=1217824
    edge-i16-m16: [    1/16] radius=7.932e-08 microboxes=1217840
    edge-i16-m16: [    2/16] radius=1.594e-07 microboxes=1217856
    edge-i16-m16: [    3/16] radius=2.403e-07 microboxes=1217872
    edge-i16-m16: [    4/16] radius=3.219e-07 microboxes=1217888
    edge-i16-m16: [    5/16] radius=4.044e-07 microboxes=1217904
    edge-i16-m16: [    6/16] radius=4.876e-07 microboxes=1217920
    edge-i16-m16: [    7/16] radius=5.716e-07 microboxes=1217936
    edge-i16-m16: [    8/16] radius=6.563e-07 microboxes=1217952
    edge-i16-m16: [    9/16] radius=7.419e-07 microboxes=1217968
    edge-i16-m16: [   10/16] radius=8.282e-07 microboxes=1217984
    edge-i16-m16: [   11/16] radius=9.154e-07 microboxes=1218000
    edge-i16-m16: [   12/16] radius=1.003e-06 microboxes=1218016
    edge-i16-m16: [   13/16] radius=1.092e-06 microboxes=1218032
    edge-i16-m16: [   14/16] radius=1.181e-06 microboxes=1218048
    edge-i16-m16: [   15/16] radius=1.272e-06 microboxes=1218064
    edge-i16-m16: [   16/16] radius=1.363e-06 microboxes=1218080
    body-i17-m16: [    1/1308] radius=1.289e-06 microboxes=1218096
    body-i17-m16: [  130/1308] radius=7.622e-04 microboxes=1220160
    body-i17-m16: [  260/1308] radius=3.313e-03 microboxes=1222240
    body-i17-m16: [  390/1308] radius=9.193e-03 microboxes=1224320
    body-i17-m16: [  520/1308] radius=1.519e-02 microboxes=1226400
    body-i17-m16: [  650/1308] radius=2.004e-02 microboxes=1228480
    body-i17-m16: [  780/1308] radius=2.701e-02 microboxes=1230560
    body-i17-m16: [  910/1308] radius=3.089e-02 microboxes=1232640
    body-i17-m16: [ 1040/1308] radius=3.809e-02 microboxes=1234720
    body-i17-m16: [ 1170/1308] radius=4.699e-02 microboxes=1236800
    body-i17-m16: [ 1300/1308] radius=5.619e-02 microboxes=1238880
    body-i17-m16: [ 1308/1308] radius=5.772e-02 microboxes=1239008
    edge-i17-m16: [    1/16] radius=7.937e-08 microboxes=1239024
    edge-i17-m16: [    2/16] radius=1.595e-07 microboxes=1239040
    edge-i17-m16: [    3/16] radius=2.404e-07 microboxes=1239056
    edge-i17-m16: [    4/16] radius=3.221e-07 microboxes=1239072
    edge-i17-m16: [    5/16] radius=4.046e-07 microboxes=1239088
    edge-i17-m16: [    6/16] radius=4.879e-07 microboxes=1239104
    edge-i17-m16: [    7/16] radius=5.719e-07 microboxes=1239120
    edge-i17-m16: [    8/16] radius=6.568e-07 microboxes=1239136
    edge-i17-m16: [    9/16] radius=7.424e-07 microboxes=1239152
    edge-i17-m16: [   10/16] radius=8.288e-07 microboxes=1239168
    edge-i17-m16: [   11/16] radius=9.160e-07 microboxes=1239184
    edge-i17-m16: [   12/16] radius=1.004e-06 microboxes=1239200
    edge-i17-m16: [   13/16] radius=1.093e-06 microboxes=1239216
    edge-i17-m16: [   14/16] radius=1.182e-06 microboxes=1239232
    edge-i17-m16: [   15/16] radius=1.270e-06 microboxes=1239248
    edge-i17-m16: [   16/16] radius=1.361e-06 microboxes=1239264
    body-i18-m16: [    1/1308] radius=1.290e-06 microboxes=1239280
    body-i18-m16: [  130/1308] radius=7.578e-04 microboxes=1241344
    body-i18-m16: [  260/1308] radius=3.294e-03 microboxes=1243424
    body-i18-m16: [  390/1308] radius=9.138e-03 microboxes=1245504
    body-i18-m16: [  520/1308] radius=1.510e-02 microboxes=1247584
    body-i18-m16: [  650/1308] radius=1.990e-02 microboxes=1249664
    body-i18-m16: [  780/1308] radius=2.683e-02 microboxes=1251744
    body-i18-m16: [  910/1308] radius=3.068e-02 microboxes=1253824
    body-i18-m16: [ 1040/1308] radius=3.788e-02 microboxes=1255904
    body-i18-m16: [ 1170/1308] radius=4.673e-02 microboxes=1257984
    body-i18-m16: [ 1300/1308] radius=5.588e-02 microboxes=1260064
    body-i18-m16: [ 1308/1308] radius=5.740e-02 microboxes=1260192
    edge-i18-m16: [    1/16] radius=7.941e-08 microboxes=1260208
    edge-i18-m16: [    2/16] radius=1.596e-07 microboxes=1260224
    edge-i18-m16: [    3/16] radius=2.406e-07 microboxes=1260240
    edge-i18-m16: [    4/16] radius=3.223e-07 microboxes=1260256
    edge-i18-m16: [    5/16] radius=4.048e-07 microboxes=1260272
    edge-i18-m16: [    6/16] radius=4.881e-07 microboxes=1260288
    edge-i18-m16: [    7/16] radius=5.722e-07 microboxes=1260304
    edge-i18-m16: [    8/16] radius=6.571e-07 microboxes=1260320
    edge-i18-m16: [    9/16] radius=7.427e-07 microboxes=1260336
    edge-i18-m16: [   10/16] radius=8.292e-07 microboxes=1260352
    edge-i18-m16: [   11/16] radius=9.164e-07 microboxes=1260368
    edge-i18-m16: [   12/16] radius=1.004e-06 microboxes=1260384
    edge-i18-m16: [   13/16] radius=1.093e-06 microboxes=1260400
    edge-i18-m16: [   14/16] radius=1.183e-06 microboxes=1260416
    edge-i18-m16: [   15/16] radius=1.273e-06 microboxes=1260432
    edge-i18-m16: [   16/16] radius=1.364e-06 microboxes=1260448
    body-i19-m16: [    1/1308] radius=1.288e-06 microboxes=1260464
    body-i19-m16: [  130/1308] radius=7.602e-04 microboxes=1262528
    body-i19-m16: [  260/1308] radius=3.307e-03 microboxes=1264608
    body-i19-m16: [  390/1308] radius=9.183e-03 microboxes=1266688
    body-i19-m16: [  520/1308] radius=1.518e-02 microboxes=1268768
    body-i19-m16: [  650/1308] radius=2.002e-02 microboxes=1270848
    body-i19-m16: [  780/1308] radius=2.698e-02 microboxes=1272928
    body-i19-m16: [  910/1308] radius=3.087e-02 microboxes=1275008
    body-i19-m16: [ 1040/1308] radius=3.813e-02 microboxes=1277088
    body-i19-m16: [ 1170/1308] radius=4.705e-02 microboxes=1279168
    body-i19-m16: [ 1300/1308] radius=5.623e-02 microboxes=1281248
    body-i19-m16: [ 1308/1308] radius=5.775e-02 microboxes=1281376
    edge-i19-m16: [    1/16] radius=7.932e-08 microboxes=1281392
    edge-i19-m16: [    2/16] radius=1.594e-07 microboxes=1281408
    edge-i19-m16: [    3/16] radius=2.403e-07 microboxes=1281424
    edge-i19-m16: [    4/16] radius=3.219e-07 microboxes=1281440
    edge-i19-m16: [    5/16] radius=4.044e-07 microboxes=1281456
    edge-i19-m16: [    6/16] radius=4.876e-07 microboxes=1281472
    edge-i19-m16: [    7/16] radius=5.716e-07 microboxes=1281488
    edge-i19-m16: [    8/16] radius=6.563e-07 microboxes=1281504
    edge-i19-m16: [    9/16] radius=7.419e-07 microboxes=1281520
    edge-i19-m16: [   10/16] radius=8.282e-07 microboxes=1281536
    edge-i19-m16: [   11/16] radius=9.154e-07 microboxes=1281552
    edge-i19-m16: [   12/16] radius=1.003e-06 microboxes=1281568
    edge-i19-m16: [   13/16] radius=1.092e-06 microboxes=1281584
    edge-i19-m16: [   14/16] radius=1.182e-06 microboxes=1281600
    edge-i19-m16: [   15/16] radius=1.272e-06 microboxes=1281616
    edge-i19-m16: [   16/16] radius=1.361e-06 microboxes=1281632
  [ 20/81] i=19 epsT=1.583e-02 epsG=1.297e-06 edgeRows=2.527e-02 activeR=8.265e-04 sep=1.106e-02 lower=+1.023e-02 pass=True disc=3.23e-10
    body-i20-m16: [    1/1308] radius=1.273e-06 microboxes=1281648
    body-i20-m16: [  130/1308] radius=7.612e-04 microboxes=1283712
    body-i20-m16: [  260/1308] radius=3.308e-03 microboxes=1285792
    body-i20-m16: [  390/1308] radius=9.182e-03 microboxes=1287872
    body-i20-m16: [  520/1308] radius=1.518e-02 microboxes=1289952
    body-i20-m16: [  650/1308] radius=2.001e-02 microboxes=1292032
    body-i20-m16: [  780/1308] radius=2.697e-02 microboxes=1294112
    body-i20-m16: [  910/1308] radius=3.085e-02 microboxes=1296192
    body-i20-m16: [ 1040/1308] radius=3.804e-02 microboxes=1298272
    body-i20-m16: [ 1170/1308] radius=4.693e-02 microboxes=1300352
    body-i20-m16: [ 1300/1308] radius=5.612e-02 microboxes=1302432
    body-i20-m16: [ 1308/1308] radius=5.764e-02 microboxes=1302560
    edge-i20-m16: [    1/16] radius=7.839e-08 microboxes=1302576
    edge-i20-m16: [    2/16] radius=1.585e-07 microboxes=1302592
    edge-i20-m16: [    3/16] radius=2.395e-07 microboxes=1302608
    edge-i20-m16: [    4/16] radius=3.212e-07 microboxes=1302624
    edge-i20-m16: [    5/16] radius=4.037e-07 microboxes=1302640
    edge-i20-m16: [    6/16] radius=4.869e-07 microboxes=1302656
    edge-i20-m16: [    7/16] radius=5.710e-07 microboxes=1302672
    edge-i20-m16: [    8/16] radius=6.558e-07 microboxes=1302688
    edge-i20-m16: [    9/16] radius=7.415e-07 microboxes=1302704
    edge-i20-m16: [   10/16] radius=8.279e-07 microboxes=1302720
    edge-i20-m16: [   11/16] radius=9.151e-07 microboxes=1302736
    edge-i20-m16: [   12/16] radius=1.003e-06 microboxes=1302752
    edge-i20-m16: [   13/16] radius=1.092e-06 microboxes=1302768
    edge-i20-m16: [   14/16] radius=1.182e-06 microboxes=1302784
    edge-i20-m16: [   15/16] radius=1.272e-06 microboxes=1302800
    edge-i20-m16: [   16/16] radius=1.363e-06 microboxes=1302816
    body-i21-m16: [    1/1308] radius=1.254e-06 microboxes=1302832
    body-i21-m16: [  130/1308] radius=7.582e-04 microboxes=1304896
    body-i21-m16: [  260/1308] radius=3.296e-03 microboxes=1306976
    body-i21-m16: [  390/1308] radius=9.142e-03 microboxes=1309056
    body-i21-m16: [  520/1308] radius=1.511e-02 microboxes=1311136
    body-i21-m16: [  650/1308] radius=1.991e-02 microboxes=1313216
    body-i21-m16: [  780/1308] radius=2.685e-02 microboxes=1315296
    body-i21-m16: [  910/1308] radius=3.070e-02 microboxes=1317376
    body-i21-m16: [ 1040/1308] radius=3.790e-02 microboxes=1319456
    body-i21-m16: [ 1170/1308] radius=4.676e-02 microboxes=1321536
    body-i21-m16: [ 1300/1308] radius=5.592e-02 microboxes=1323616
    body-i21-m16: [ 1308/1308] radius=5.744e-02 microboxes=1323744
    edge-i21-m16: [    1/16] radius=7.941e-08 microboxes=1323760
    edge-i21-m16: [    2/16] radius=1.584e-07 microboxes=1323776
    edge-i21-m16: [    3/16] radius=2.393e-07 microboxes=1323792
    edge-i21-m16: [    4/16] radius=3.211e-07 microboxes=1323808
    edge-i21-m16: [    5/16] radius=4.036e-07 microboxes=1323824
    edge-i21-m16: [    6/16] radius=4.869e-07 microboxes=1323840
    edge-i21-m16: [    7/16] radius=5.710e-07 microboxes=1323856
    edge-i21-m16: [    8/16] radius=6.558e-07 microboxes=1323872
    edge-i21-m16: [    9/16] radius=7.415e-07 microboxes=1323888
    edge-i21-m16: [   10/16] radius=8.279e-07 microboxes=1323904
    edge-i21-m16: [   11/16] radius=9.152e-07 microboxes=1323920
    edge-i21-m16: [   12/16] radius=1.003e-06 microboxes=1323936
    edge-i21-m16: [   13/16] radius=1.092e-06 microboxes=1323952
    edge-i21-m16: [   14/16] radius=1.182e-06 microboxes=1323968
    edge-i21-m16: [   15/16] radius=1.272e-06 microboxes=1323984
    edge-i21-m16: [   16/16] radius=1.363e-06 microboxes=1324000
    body-i22-m16: [    1/1308] radius=1.282e-06 microboxes=1324016
    body-i22-m16: [  130/1308] radius=7.612e-04 microboxes=1326080
    body-i22-m16: [  260/1308] radius=3.311e-03 microboxes=1328160
    body-i22-m16: [  390/1308] radius=9.195e-03 microboxes=1330240
    body-i22-m16: [  520/1308] radius=1.520e-02 microboxes=1332320
    body-i22-m16: [  650/1308] radius=2.005e-02 microboxes=1334400
    body-i22-m16: [  780/1308] radius=2.701e-02 microboxes=1336480
    body-i22-m16: [  910/1308] radius=3.091e-02 microboxes=1338560
    body-i22-m16: [ 1040/1308] radius=3.818e-02 microboxes=1340640
    body-i22-m16: [ 1170/1308] radius=4.711e-02 microboxes=1342720
    body-i22-m16: [ 1300/1308] radius=5.630e-02 microboxes=1344800
    body-i22-m16: [ 1308/1308] radius=5.783e-02 microboxes=1344928
    edge-i22-m16: [    1/16] radius=7.932e-08 microboxes=1344944
    edge-i22-m16: [    2/16] radius=1.594e-07 microboxes=1344960
    edge-i22-m16: [    3/16] radius=2.387e-07 microboxes=1344976
    edge-i22-m16: [    4/16] radius=3.203e-07 microboxes=1344992
    edge-i22-m16: [    5/16] radius=4.027e-07 microboxes=1345008
    edge-i22-m16: [    6/16] radius=4.859e-07 microboxes=1345024
    edge-i22-m16: [    7/16] radius=5.699e-07 microboxes=1345040
    edge-i22-m16: [    8/16] radius=6.547e-07 microboxes=1345056
    edge-i22-m16: [    9/16] radius=7.403e-07 microboxes=1345072
    edge-i22-m16: [   10/16] radius=8.266e-07 microboxes=1345088
    edge-i22-m16: [   11/16] radius=9.137e-07 microboxes=1345104
    edge-i22-m16: [   12/16] radius=1.002e-06 microboxes=1345120
    edge-i22-m16: [   13/16] radius=1.090e-06 microboxes=1345136
    edge-i22-m16: [   14/16] radius=1.180e-06 microboxes=1345152
    edge-i22-m16: [   15/16] radius=1.270e-06 microboxes=1345168
    edge-i22-m16: [   16/16] radius=1.361e-06 microboxes=1345184
    body-i23-m16: [    1/1308] radius=1.267e-06 microboxes=1345200
    body-i23-m16: [  130/1308] radius=7.602e-04 microboxes=1347264
    body-i23-m16: [  260/1308] radius=3.304e-03 microboxes=1349344
    body-i23-m16: [  390/1308] radius=9.170e-03 microboxes=1351424
    body-i23-m16: [  520/1308] radius=1.516e-02 microboxes=1353504
    body-i23-m16: [  650/1308] radius=1.999e-02 microboxes=1355584
    body-i23-m16: [  780/1308] radius=2.694e-02 microboxes=1357664
    body-i23-m16: [  910/1308] radius=3.081e-02 microboxes=1359744
    body-i23-m16: [ 1040/1308] radius=3.799e-02 microboxes=1361824
    body-i23-m16: [ 1170/1308] radius=4.687e-02 microboxes=1363904
    body-i23-m16: [ 1300/1308] radius=5.605e-02 microboxes=1365984
    body-i23-m16: [ 1308/1308] radius=5.757e-02 microboxes=1366112
    edge-i23-m16: [    1/16] radius=7.939e-08 microboxes=1366128
    edge-i23-m16: [    2/16] radius=1.596e-07 microboxes=1366144
    edge-i23-m16: [    3/16] radius=2.405e-07 microboxes=1366160
    edge-i23-m16: [    4/16] radius=3.216e-07 microboxes=1366176
    edge-i23-m16: [    5/16] radius=4.041e-07 microboxes=1366192
    edge-i23-m16: [    6/16] radius=4.874e-07 microboxes=1366208
    edge-i23-m16: [    7/16] radius=5.714e-07 microboxes=1366224
    edge-i23-m16: [    8/16] radius=6.563e-07 microboxes=1366240
    edge-i23-m16: [    9/16] radius=7.419e-07 microboxes=1366256
    edge-i23-m16: [   10/16] radius=8.283e-07 microboxes=1366272
    edge-i23-m16: [   11/16] radius=9.156e-07 microboxes=1366288
    edge-i23-m16: [   12/16] radius=1.004e-06 microboxes=1366304
    edge-i23-m16: [   13/16] radius=1.092e-06 microboxes=1366320
    edge-i23-m16: [   14/16] radius=1.182e-06 microboxes=1366336
    edge-i23-m16: [   15/16] radius=1.272e-06 microboxes=1366352
    edge-i23-m16: [   16/16] radius=1.364e-06 microboxes=1366368
    body-i24-m16: [    1/1308] radius=1.289e-06 microboxes=1366384
    body-i24-m16: [  130/1308] radius=7.591e-04 microboxes=1368448
    body-i24-m16: [  260/1308] radius=3.300e-03 microboxes=1370528
    body-i24-m16: [  390/1308] radius=9.153e-03 microboxes=1372608
    body-i24-m16: [  520/1308] radius=1.512e-02 microboxes=1374688
    body-i24-m16: [  650/1308] radius=1.994e-02 microboxes=1376768
    body-i24-m16: [  780/1308] radius=2.688e-02 microboxes=1378848
    body-i24-m16: [  910/1308] radius=3.074e-02 microboxes=1380928
    body-i24-m16: [ 1040/1308] radius=3.795e-02 microboxes=1383008
    body-i24-m16: [ 1170/1308] radius=4.682e-02 microboxes=1385088
    body-i24-m16: [ 1300/1308] radius=5.600e-02 microboxes=1387168
    body-i24-m16: [ 1308/1308] radius=5.751e-02 microboxes=1387296
    edge-i24-m16: [    1/16] radius=7.941e-08 microboxes=1387312
    edge-i24-m16: [    2/16] radius=1.596e-07 microboxes=1387328
    edge-i24-m16: [    3/16] radius=2.405e-07 microboxes=1387344
    edge-i24-m16: [    4/16] radius=3.223e-07 microboxes=1387360
    edge-i24-m16: [    5/16] radius=4.026e-07 microboxes=1387376
    edge-i24-m16: [    6/16] radius=4.858e-07 microboxes=1387392
    edge-i24-m16: [    7/16] radius=5.699e-07 microboxes=1387408
    edge-i24-m16: [    8/16] radius=6.548e-07 microboxes=1387424
    edge-i24-m16: [    9/16] radius=7.404e-07 microboxes=1387440
    edge-i24-m16: [   10/16] radius=8.269e-07 microboxes=1387456
    edge-i24-m16: [   11/16] radius=9.141e-07 microboxes=1387472
    edge-i24-m16: [   12/16] radius=1.002e-06 microboxes=1387488
    edge-i24-m16: [   13/16] radius=1.091e-06 microboxes=1387504
    edge-i24-m16: [   14/16] radius=1.181e-06 microboxes=1387520
    edge-i24-m16: [   15/16] radius=1.271e-06 microboxes=1387536
    edge-i24-m16: [   16/16] radius=1.362e-06 microboxes=1387552
  [ 25/81] i=24 epsT=1.577e-02 epsG=1.298e-06 edgeRows=2.527e-02 activeR=8.229e-04 sep=1.108e-02 lower=+1.026e-02 pass=True disc=3.23e-10
    body-i25-m16: [    1/1308] radius=1.288e-06 microboxes=1387568
    body-i25-m16: [  130/1308] radius=7.622e-04 microboxes=1389632
    body-i25-m16: [  260/1308] radius=3.315e-03 microboxes=1391712
    body-i25-m16: [  390/1308] radius=9.207e-03 microboxes=1393792
    body-i25-m16: [  520/1308] radius=1.522e-02 microboxes=1395872
    body-i25-m16: [  650/1308] radius=2.007e-02 microboxes=1397952
    body-i25-m16: [  780/1308] radius=2.705e-02 microboxes=1400032
    body-i25-m16: [  910/1308] radius=3.095e-02 microboxes=1402112
    body-i25-m16: [ 1040/1308] radius=3.823e-02 microboxes=1404192
    body-i25-m16: [ 1170/1308] radius=4.717e-02 microboxes=1406272
    body-i25-m16: [ 1300/1308] radius=5.637e-02 microboxes=1408352
    body-i25-m16: [ 1308/1308] radius=5.790e-02 microboxes=1408480
    edge-i25-m16: [    1/16] radius=7.932e-08 microboxes=1408496
    edge-i25-m16: [    2/16] radius=1.594e-07 microboxes=1408512
    edge-i25-m16: [    3/16] radius=2.403e-07 microboxes=1408528
    edge-i25-m16: [    4/16] radius=3.219e-07 microboxes=1408544
    edge-i25-m16: [    5/16] radius=4.044e-07 microboxes=1408560
    edge-i25-m16: [    6/16] radius=4.876e-07 microboxes=1408576
    edge-i25-m16: [    7/16] radius=5.715e-07 microboxes=1408592
    edge-i25-m16: [    8/16] radius=6.563e-07 microboxes=1408608
    edge-i25-m16: [    9/16] radius=7.419e-07 microboxes=1408624
    edge-i25-m16: [   10/16] radius=8.282e-07 microboxes=1408640
    edge-i25-m16: [   11/16] radius=9.154e-07 microboxes=1408656
    edge-i25-m16: [   12/16] radius=1.003e-06 microboxes=1408672
    edge-i25-m16: [   13/16] radius=1.092e-06 microboxes=1408688
    edge-i25-m16: [   14/16] radius=1.182e-06 microboxes=1408704
    edge-i25-m16: [   15/16] radius=1.272e-06 microboxes=1408720
    edge-i25-m16: [   16/16] radius=1.363e-06 microboxes=1408736
    body-i26-m16: [    1/1308] radius=1.289e-06 microboxes=1408752
    body-i26-m16: [  130/1308] radius=7.592e-04 microboxes=1410816
    body-i26-m16: [  260/1308] radius=3.300e-03 microboxes=1412896
    body-i26-m16: [  390/1308] radius=9.159e-03 microboxes=1414976
    body-i26-m16: [  520/1308] radius=1.514e-02 microboxes=1417056
    body-i26-m16: [  650/1308] radius=1.996e-02 microboxes=1419136
    body-i26-m16: [  780/1308] radius=2.690e-02 microboxes=1421216
    body-i26-m16: [  910/1308] radius=3.077e-02 microboxes=1423296
    body-i26-m16: [ 1040/1308] radius=3.795e-02 microboxes=1425376
    body-i26-m16: [ 1170/1308] radius=4.681e-02 microboxes=1427456
    body-i26-m16: [ 1300/1308] radius=5.598e-02 microboxes=1429536
    body-i26-m16: [ 1308/1308] radius=5.750e-02 microboxes=1429664
    edge-i26-m16: [    1/16] radius=7.939e-08 microboxes=1429680
    edge-i26-m16: [    2/16] radius=1.596e-07 microboxes=1429696
    edge-i26-m16: [    3/16] radius=2.405e-07 microboxes=1429712
    edge-i26-m16: [    4/16] radius=3.222e-07 microboxes=1429728
    edge-i26-m16: [    5/16] radius=4.047e-07 microboxes=1429744
    edge-i26-m16: [    6/16] radius=4.857e-07 microboxes=1429760
    edge-i26-m16: [    7/16] radius=5.698e-07 microboxes=1429776
    edge-i26-m16: [    8/16] radius=6.546e-07 microboxes=1429792
    edge-i26-m16: [    9/16] radius=7.403e-07 microboxes=1429808
    edge-i26-m16: [   10/16] radius=8.267e-07 microboxes=1429824
    edge-i26-m16: [   11/16] radius=9.139e-07 microboxes=1429840
    edge-i26-m16: [   12/16] radius=1.002e-06 microboxes=1429856
    edge-i26-m16: [   13/16] radius=1.091e-06 microboxes=1429872
    edge-i26-m16: [   14/16] radius=1.180e-06 microboxes=1429888
    edge-i26-m16: [   15/16] radius=1.271e-06 microboxes=1429904
    edge-i26-m16: [   16/16] radius=1.362e-06 microboxes=1429920
    body-i27-m16: [    1/1308] radius=1.289e-06 microboxes=1429936
    body-i27-m16: [  130/1308] radius=7.601e-04 microboxes=1432000
    body-i27-m16: [  260/1308] radius=3.304e-03 microboxes=1434080
    body-i27-m16: [  390/1308] radius=9.164e-03 microboxes=1436160
    body-i27-m16: [  520/1308] radius=1.514e-02 microboxes=1438240
    body-i27-m16: [  650/1308] radius=1.996e-02 microboxes=1440320
    body-i27-m16: [  780/1308] radius=2.692e-02 microboxes=1442400
    body-i27-m16: [  910/1308] radius=3.078e-02 microboxes=1444480
    body-i27-m16: [ 1040/1308] radius=3.800e-02 microboxes=1446560
    body-i27-m16: [ 1170/1308] radius=4.688e-02 microboxes=1448640
    body-i27-m16: [ 1300/1308] radius=5.607e-02 microboxes=1450720
    body-i27-m16: [ 1308/1308] radius=5.759e-02 microboxes=1450848
    edge-i27-m16: [    1/16] radius=7.940e-08 microboxes=1450864
    edge-i27-m16: [    2/16] radius=1.596e-07 microboxes=1450880
    edge-i27-m16: [    3/16] radius=2.405e-07 microboxes=1450896
    edge-i27-m16: [    4/16] radius=3.222e-07 microboxes=1450912
    edge-i27-m16: [    5/16] radius=4.048e-07 microboxes=1450928
    edge-i27-m16: [    6/16] radius=4.880e-07 microboxes=1450944
    edge-i27-m16: [    7/16] radius=5.715e-07 microboxes=1450960
    edge-i27-m16: [    8/16] radius=6.563e-07 microboxes=1450976
    edge-i27-m16: [    9/16] radius=7.420e-07 microboxes=1450992
    edge-i27-m16: [   10/16] radius=8.284e-07 microboxes=1451008
    edge-i27-m16: [   11/16] radius=9.157e-07 microboxes=1451024
    edge-i27-m16: [   12/16] radius=1.004e-06 microboxes=1451040
    edge-i27-m16: [   13/16] radius=1.093e-06 microboxes=1451056
    edge-i27-m16: [   14/16] radius=1.182e-06 microboxes=1451072
    edge-i27-m16: [   15/16] radius=1.273e-06 microboxes=1451088
    edge-i27-m16: [   16/16] radius=1.364e-06 microboxes=1451104
    body-i28-m16: [    1/1308] radius=1.288e-06 microboxes=1451120
    body-i28-m16: [  130/1308] radius=7.612e-04 microboxes=1453184
    body-i28-m16: [  260/1308] radius=3.311e-03 microboxes=1455264
    body-i28-m16: [  390/1308] radius=9.196e-03 microboxes=1457344
    body-i28-m16: [  520/1308] radius=1.521e-02 microboxes=1459424
    body-i28-m16: [  650/1308] radius=2.005e-02 microboxes=1461504
    body-i28-m16: [  780/1308] radius=2.701e-02 microboxes=1463584
    body-i28-m16: [  910/1308] radius=3.091e-02 microboxes=1465664
    body-i28-m16: [ 1040/1308] radius=3.818e-02 microboxes=1467744
    body-i28-m16: [ 1170/1308] radius=4.711e-02 microboxes=1469824
    body-i28-m16: [ 1300/1308] radius=5.630e-02 microboxes=1471904
    body-i28-m16: [ 1308/1308] radius=5.782e-02 microboxes=1472032
    edge-i28-m16: [    1/16] radius=7.932e-08 microboxes=1472048
    edge-i28-m16: [    2/16] radius=1.594e-07 microboxes=1472064
    edge-i28-m16: [    3/16] radius=2.403e-07 microboxes=1472080
    edge-i28-m16: [    4/16] radius=3.219e-07 microboxes=1472096
    edge-i28-m16: [    5/16] radius=4.044e-07 microboxes=1472112
    edge-i28-m16: [    6/16] radius=4.876e-07 microboxes=1472128
    edge-i28-m16: [    7/16] radius=5.715e-07 microboxes=1472144
    edge-i28-m16: [    8/16] radius=6.547e-07 microboxes=1472160
    edge-i28-m16: [    9/16] radius=7.402e-07 microboxes=1472176
    edge-i28-m16: [   10/16] radius=8.266e-07 microboxes=1472192
    edge-i28-m16: [   11/16] radius=9.137e-07 microboxes=1472208
    edge-i28-m16: [   12/16] radius=1.002e-06 microboxes=1472224
    edge-i28-m16: [   13/16] radius=1.090e-06 microboxes=1472240
    edge-i28-m16: [   14/16] radius=1.180e-06 microboxes=1472256
    edge-i28-m16: [   15/16] radius=1.270e-06 microboxes=1472272
    edge-i28-m16: [   16/16] radius=1.361e-06 microboxes=1472288
    body-i29-m16: [    1/1308] radius=1.289e-06 microboxes=1472304
    body-i29-m16: [  130/1308] radius=7.584e-04 microboxes=1474368
    body-i29-m16: [  260/1308] radius=3.296e-03 microboxes=1476448
    body-i29-m16: [  390/1308] radius=9.148e-03 microboxes=1478528
    body-i29-m16: [  520/1308] radius=1.512e-02 microboxes=1480608
    body-i29-m16: [  650/1308] radius=1.994e-02 microboxes=1482688
    body-i29-m16: [  780/1308] radius=2.687e-02 microboxes=1484768
    body-i29-m16: [  910/1308] radius=3.073e-02 microboxes=1486848
    body-i29-m16: [ 1040/1308] radius=3.790e-02 microboxes=1488928
    body-i29-m16: [ 1170/1308] radius=4.675e-02 microboxes=1491008
    body-i29-m16: [ 1300/1308] radius=5.591e-02 microboxes=1493088
    body-i29-m16: [ 1308/1308] radius=5.742e-02 microboxes=1493216
    edge-i29-m16: [    1/16] radius=7.940e-08 microboxes=1493232
    edge-i29-m16: [    2/16] radius=1.596e-07 microboxes=1493248
    edge-i29-m16: [    3/16] radius=2.405e-07 microboxes=1493264
    edge-i29-m16: [    4/16] radius=3.222e-07 microboxes=1493280
    edge-i29-m16: [    5/16] radius=4.047e-07 microboxes=1493296
    edge-i29-m16: [    6/16] radius=4.880e-07 microboxes=1493312
    edge-i29-m16: [    7/16] radius=5.721e-07 microboxes=1493328
    edge-i29-m16: [    8/16] radius=6.570e-07 microboxes=1493344
    edge-i29-m16: [    9/16] radius=7.414e-07 microboxes=1493360
    edge-i29-m16: [   10/16] radius=8.278e-07 microboxes=1493376
    edge-i29-m16: [   11/16] radius=9.150e-07 microboxes=1493392
    edge-i29-m16: [   12/16] radius=1.003e-06 microboxes=1493408
    edge-i29-m16: [   13/16] radius=1.092e-06 microboxes=1493424
    edge-i29-m16: [   14/16] radius=1.182e-06 microboxes=1493440
    edge-i29-m16: [   15/16] radius=1.272e-06 microboxes=1493456
    edge-i29-m16: [   16/16] radius=1.363e-06 microboxes=1493472
  [ 30/81] i=29 epsT=1.575e-02 epsG=1.299e-06 edgeRows=2.527e-02 activeR=8.219e-04 sep=1.107e-02 lower=+1.024e-02 pass=True disc=3.23e-10
    body-i30-m16: [    1/1308] radius=1.289e-06 microboxes=1493488
    body-i30-m16: [  130/1308] radius=7.611e-04 microboxes=1495552
    body-i30-m16: [  260/1308] radius=3.308e-03 microboxes=1497632
    body-i30-m16: [  390/1308] radius=9.175e-03 microboxes=1499712
    body-i30-m16: [  520/1308] radius=1.516e-02 microboxes=1501792
    body-i30-m16: [  650/1308] radius=1.999e-02 microboxes=1503872
    body-i30-m16: [  780/1308] radius=2.695e-02 microboxes=1505952
    body-i30-m16: [  910/1308] radius=3.082e-02 microboxes=1508032
    body-i30-m16: [ 1040/1308] radius=3.805e-02 microboxes=1510112
    body-i30-m16: [ 1170/1308] radius=4.694e-02 microboxes=1512192
    body-i30-m16: [ 1300/1308] radius=5.614e-02 microboxes=1514272
    body-i30-m16: [ 1308/1308] radius=5.766e-02 microboxes=1514400
    edge-i30-m16: [    1/16] radius=7.940e-08 microboxes=1514416
    edge-i30-m16: [    2/16] radius=1.596e-07 microboxes=1514432
    edge-i30-m16: [    3/16] radius=2.405e-07 microboxes=1514448
    edge-i30-m16: [    4/16] radius=3.222e-07 microboxes=1514464
    edge-i30-m16: [    5/16] radius=4.047e-07 microboxes=1514480
    edge-i30-m16: [    6/16] radius=4.880e-07 microboxes=1514496
    edge-i30-m16: [    7/16] radius=5.721e-07 microboxes=1514512
    edge-i30-m16: [    8/16] radius=6.569e-07 microboxes=1514528
    edge-i30-m16: [    9/16] radius=7.426e-07 microboxes=1514544
    edge-i30-m16: [   10/16] radius=8.280e-07 microboxes=1514560
    edge-i30-m16: [   11/16] radius=9.152e-07 microboxes=1514576
    edge-i30-m16: [   12/16] radius=1.003e-06 microboxes=1514592
    edge-i30-m16: [   13/16] radius=1.092e-06 microboxes=1514608
    edge-i30-m16: [   14/16] radius=1.182e-06 microboxes=1514624
    edge-i30-m16: [   15/16] radius=1.272e-06 microboxes=1514640
    edge-i30-m16: [   16/16] radius=1.363e-06 microboxes=1514656
    body-i31-m16: [    1/1308] radius=1.288e-06 microboxes=1514672
    body-i31-m16: [  130/1308] radius=7.604e-04 microboxes=1516736
    body-i31-m16: [  260/1308] radius=3.308e-03 microboxes=1518816
    body-i31-m16: [  390/1308] radius=9.186e-03 microboxes=1520896
    body-i31-m16: [  520/1308] radius=1.519e-02 microboxes=1522976
    body-i31-m16: [  650/1308] radius=2.002e-02 microboxes=1525056
    body-i31-m16: [  780/1308] radius=2.698e-02 microboxes=1527136
    body-i31-m16: [  910/1308] radius=3.088e-02 microboxes=1529216
    body-i31-m16: [ 1040/1308] radius=3.813e-02 microboxes=1531296
    body-i31-m16: [ 1170/1308] radius=4.705e-02 microboxes=1533376
    body-i31-m16: [ 1300/1308] radius=5.623e-02 microboxes=1535456
    body-i31-m16: [ 1308/1308] radius=5.775e-02 microboxes=1535584
    edge-i31-m16: [    1/16] radius=7.932e-08 microboxes=1535600
    edge-i31-m16: [    2/16] radius=1.594e-07 microboxes=1535616
    edge-i31-m16: [    3/16] radius=2.403e-07 microboxes=1535632
    edge-i31-m16: [    4/16] radius=3.219e-07 microboxes=1535648
    edge-i31-m16: [    5/16] radius=4.044e-07 microboxes=1535664
    edge-i31-m16: [    6/16] radius=4.876e-07 microboxes=1535680
    edge-i31-m16: [    7/16] radius=5.715e-07 microboxes=1535696
    edge-i31-m16: [    8/16] radius=6.563e-07 microboxes=1535712
    edge-i31-m16: [    9/16] radius=7.419e-07 microboxes=1535728
    edge-i31-m16: [   10/16] radius=8.282e-07 microboxes=1535744
    edge-i31-m16: [   11/16] radius=9.135e-07 microboxes=1535760
    edge-i31-m16: [   12/16] radius=1.001e-06 microboxes=1535776
    edge-i31-m16: [   13/16] radius=1.090e-06 microboxes=1535792
    edge-i31-m16: [   14/16] radius=1.180e-06 microboxes=1535808
    edge-i31-m16: [   15/16] radius=1.270e-06 microboxes=1535824
    edge-i31-m16: [   16/16] radius=1.361e-06 microboxes=1535840
    body-i32-m16: [    1/1308] radius=1.289e-06 microboxes=1535856
    body-i32-m16: [  130/1308] radius=7.579e-04 microboxes=1537920
    body-i32-m16: [  260/1308] radius=3.293e-03 microboxes=1540000
    body-i32-m16: [  390/1308] radius=9.143e-03 microboxes=1542080
    body-i32-m16: [  520/1308] radius=1.511e-02 microboxes=1544160
    body-i32-m16: [  650/1308] radius=1.992e-02 microboxes=1546240
    body-i32-m16: [  780/1308] radius=2.685e-02 microboxes=1548320
    body-i32-m16: [  910/1308] radius=3.071e-02 microboxes=1550400
    body-i32-m16: [ 1040/1308] radius=3.787e-02 microboxes=1552480
    body-i32-m16: [ 1170/1308] radius=4.672e-02 microboxes=1554560
    body-i32-m16: [ 1300/1308] radius=5.587e-02 microboxes=1556640
    body-i32-m16: [ 1308/1308] radius=5.739e-02 microboxes=1556768
    edge-i32-m16: [    1/16] radius=7.940e-08 microboxes=1556784
    edge-i32-m16: [    2/16] radius=1.596e-07 microboxes=1556800
    edge-i32-m16: [    3/16] radius=2.405e-07 microboxes=1556816
    edge-i32-m16: [    4/16] radius=3.223e-07 microboxes=1556832
    edge-i32-m16: [    5/16] radius=4.048e-07 microboxes=1556848
    edge-i32-m16: [    6/16] radius=4.881e-07 microboxes=1556864
    edge-i32-m16: [    7/16] radius=5.721e-07 microboxes=1556880
    edge-i32-m16: [    8/16] radius=6.570e-07 microboxes=1556896
    edge-i32-m16: [    9/16] radius=7.427e-07 microboxes=1556912
    edge-i32-m16: [   10/16] radius=8.291e-07 microboxes=1556928
    edge-i32-m16: [   11/16] radius=9.159e-07 microboxes=1556944
    edge-i32-m16: [   12/16] radius=1.004e-06 microboxes=1556960
    edge-i32-m16: [   13/16] radius=1.093e-06 microboxes=1556976
    edge-i32-m16: [   14/16] radius=1.182e-06 microboxes=1556992
    edge-i32-m16: [   15/16] radius=1.273e-06 microboxes=1557008
    edge-i32-m16: [   16/16] radius=1.364e-06 microboxes=1557024
    body-i33-m16: [    1/1308] radius=1.289e-06 microboxes=1557040
    body-i33-m16: [  130/1308] radius=7.620e-04 microboxes=1559104
    body-i33-m16: [  260/1308] radius=3.312e-03 microboxes=1561184
    body-i33-m16: [  390/1308] radius=9.186e-03 microboxes=1563264
    body-i33-m16: [  520/1308] radius=1.518e-02 microboxes=1565344
    body-i33-m16: [  650/1308] radius=2.001e-02 microboxes=1567424
    body-i33-m16: [  780/1308] radius=2.698e-02 microboxes=1569504
    body-i33-m16: [  910/1308] radius=3.086e-02 microboxes=1571584
    body-i33-m16: [ 1040/1308] radius=3.810e-02 microboxes=1573664
    body-i33-m16: [ 1170/1308] radius=4.700e-02 microboxes=1575744
    body-i33-m16: [ 1300/1308] radius=5.621e-02 microboxes=1577824
    body-i33-m16: [ 1308/1308] radius=5.774e-02 microboxes=1577952
    edge-i33-m16: [    1/16] radius=7.939e-08 microboxes=1577968
    edge-i33-m16: [    2/16] radius=1.596e-07 microboxes=1577984
    edge-i33-m16: [    3/16] radius=2.405e-07 microboxes=1578000
    edge-i33-m16: [    4/16] radius=3.222e-07 microboxes=1578016
    edge-i33-m16: [    5/16] radius=4.047e-07 microboxes=1578032
    edge-i33-m16: [    6/16] radius=4.880e-07 microboxes=1578048
    edge-i33-m16: [    7/16] radius=5.721e-07 microboxes=1578064
    edge-i33-m16: [    8/16] radius=6.569e-07 microboxes=1578080
    edge-i33-m16: [    9/16] radius=7.426e-07 microboxes=1578096
    edge-i33-m16: [   10/16] radius=8.290e-07 microboxes=1578112
    edge-i33-m16: [   11/16] radius=9.162e-07 microboxes=1578128
    edge-i33-m16: [   12/16] radius=1.002e-06 microboxes=1578144
    edge-i33-m16: [   13/16] radius=1.091e-06 microboxes=1578160
    edge-i33-m16: [   14/16] radius=1.180e-06 microboxes=1578176
    edge-i33-m16: [   15/16] radius=1.271e-06 microboxes=1578192
    edge-i33-m16: [   16/16] radius=1.362e-06 microboxes=1578208
    body-i34-m16: [    1/1308] radius=1.288e-06 microboxes=1578224
    body-i34-m16: [  130/1308] radius=7.595e-04 microboxes=1580288
    body-i34-m16: [  260/1308] radius=3.304e-03 microboxes=1582368
    body-i34-m16: [  390/1308] radius=9.175e-03 microboxes=1584448
    body-i34-m16: [  520/1308] radius=1.517e-02 microboxes=1586528
    body-i34-m16: [  650/1308] radius=2.000e-02 microboxes=1588608
    body-i34-m16: [  780/1308] radius=2.695e-02 microboxes=1590688
    body-i34-m16: [  910/1308] radius=3.084e-02 microboxes=1592768
    body-i34-m16: [ 1040/1308] radius=3.809e-02 microboxes=1594848
    body-i34-m16: [ 1170/1308] radius=4.699e-02 microboxes=1596928
    body-i34-m16: [ 1300/1308] radius=5.615e-02 microboxes=1599008
    body-i34-m16: [ 1308/1308] radius=5.768e-02 microboxes=1599136
    edge-i34-m16: [    1/16] radius=7.932e-08 microboxes=1599152
    edge-i34-m16: [    2/16] radius=1.594e-07 microboxes=1599168
    edge-i34-m16: [    3/16] radius=2.403e-07 microboxes=1599184
    edge-i34-m16: [    4/16] radius=3.219e-07 microboxes=1599200
    edge-i34-m16: [    5/16] radius=4.044e-07 microboxes=1599216
    edge-i34-m16: [    6/16] radius=4.876e-07 microboxes=1599232
    edge-i34-m16: [    7/16] radius=5.715e-07 microboxes=1599248
    edge-i34-m16: [    8/16] radius=6.563e-07 microboxes=1599264
    edge-i34-m16: [    9/16] radius=7.419e-07 microboxes=1599280
    edge-i34-m16: [   10/16] radius=8.282e-07 microboxes=1599296
    edge-i34-m16: [   11/16] radius=9.154e-07 microboxes=1599312
    edge-i34-m16: [   12/16] radius=1.003e-06 microboxes=1599328
    edge-i34-m16: [   13/16] radius=1.092e-06 microboxes=1599344
    edge-i34-m16: [   14/16] radius=1.181e-06 microboxes=1599360
    edge-i34-m16: [   15/16] radius=1.272e-06 microboxes=1599376
    edge-i34-m16: [   16/16] radius=1.363e-06 microboxes=1599392
  [ 35/81] i=34 epsT=1.581e-02 epsG=1.299e-06 edgeRows=2.527e-02 activeR=8.254e-04 sep=1.106e-02 lower=+1.023e-02 pass=True disc=3.23e-10
    body-i35-m16: [    1/1308] radius=1.290e-06 microboxes=1599408
    body-i35-m16: [  130/1308] radius=7.588e-04 microboxes=1601472
    body-i35-m16: [  260/1308] radius=3.298e-03 microboxes=1603552
    body-i35-m16: [  390/1308] radius=9.154e-03 microboxes=1605632
    body-i35-m16: [  520/1308] radius=1.513e-02 microboxes=1607712
    body-i35-m16: [  650/1308] radius=1.995e-02 microboxes=1609792
    body-i35-m16: [  780/1308] radius=2.689e-02 microboxes=1611872
    body-i35-m16: [  910/1308] radius=3.075e-02 microboxes=1613952
    body-i35-m16: [ 1040/1308] radius=3.792e-02 microboxes=1616032
    body-i35-m16: [ 1170/1308] radius=4.678e-02 microboxes=1618112
    body-i35-m16: [ 1300/1308] radius=5.594e-02 microboxes=1620192
    body-i35-m16: [ 1308/1308] radius=5.746e-02 microboxes=1620320
    edge-i35-m16: [    1/16] radius=7.941e-08 microboxes=1620336
    edge-i35-m16: [    2/16] radius=1.596e-07 microboxes=1620352
    edge-i35-m16: [    3/16] radius=2.405e-07 microboxes=1620368
    edge-i35-m16: [    4/16] radius=3.223e-07 microboxes=1620384
    edge-i35-m16: [    5/16] radius=4.048e-07 microboxes=1620400
    edge-i35-m16: [    6/16] radius=4.881e-07 microboxes=1620416
    edge-i35-m16: [    7/16] radius=5.722e-07 microboxes=1620432
    edge-i35-m16: [    8/16] radius=6.570e-07 microboxes=1620448
    edge-i35-m16: [    9/16] radius=7.427e-07 microboxes=1620464
    edge-i35-m16: [   10/16] radius=8.291e-07 microboxes=1620480
    edge-i35-m16: [   11/16] radius=9.164e-07 microboxes=1620496
    edge-i35-m16: [   12/16] radius=1.004e-06 microboxes=1620512
    edge-i35-m16: [   13/16] radius=1.093e-06 microboxes=1620528
    edge-i35-m16: [   14/16] radius=1.181e-06 microboxes=1620544
    edge-i35-m16: [   15/16] radius=1.271e-06 microboxes=1620560
    edge-i35-m16: [   16/16] radius=1.362e-06 microboxes=1620576
    body-i36-m16: [    1/1308] radius=1.289e-06 microboxes=1620592
    body-i36-m16: [  130/1308] radius=7.629e-04 microboxes=1622656
    body-i36-m16: [  260/1308] radius=3.316e-03 microboxes=1624736
    body-i36-m16: [  390/1308] radius=9.197e-03 microboxes=1626816
    body-i36-m16: [  520/1308] radius=1.520e-02 microboxes=1628896
    body-i36-m16: [  650/1308] radius=2.004e-02 microboxes=1630976
    body-i36-m16: [  780/1308] radius=2.702e-02 microboxes=1633056
    body-i36-m16: [  910/1308] radius=3.089e-02 microboxes=1635136
    body-i36-m16: [ 1040/1308] radius=3.815e-02 microboxes=1637216
    body-i36-m16: [ 1170/1308] radius=4.706e-02 microboxes=1639296
    body-i36-m16: [ 1300/1308] radius=5.629e-02 microboxes=1641376
    body-i36-m16: [ 1308/1308] radius=5.781e-02 microboxes=1641504
    edge-i36-m16: [    1/16] radius=7.939e-08 microboxes=1641520
    edge-i36-m16: [    2/16] radius=1.595e-07 microboxes=1641536
    edge-i36-m16: [    3/16] radius=2.405e-07 microboxes=1641552
    edge-i36-m16: [    4/16] radius=3.222e-07 microboxes=1641568
    edge-i36-m16: [    5/16] radius=4.047e-07 microboxes=1641584
    edge-i36-m16: [    6/16] radius=4.880e-07 microboxes=1641600
    edge-i36-m16: [    7/16] radius=5.720e-07 microboxes=1641616
    edge-i36-m16: [    8/16] radius=6.569e-07 microboxes=1641632
    edge-i36-m16: [    9/16] radius=7.425e-07 microboxes=1641648
    edge-i36-m16: [   10/16] radius=8.289e-07 microboxes=1641664
    edge-i36-m16: [   11/16] radius=9.161e-07 microboxes=1641680
    edge-i36-m16: [   12/16] radius=1.004e-06 microboxes=1641696
    edge-i36-m16: [   13/16] radius=1.093e-06 microboxes=1641712
    edge-i36-m16: [   14/16] radius=1.183e-06 microboxes=1641728
    edge-i36-m16: [   15/16] radius=1.272e-06 microboxes=1641744
    edge-i36-m16: [   16/16] radius=1.363e-06 microboxes=1641760
    body-i37-m16: [    1/1308] radius=1.288e-06 microboxes=1641776
    body-i37-m16: [  130/1308] radius=7.585e-04 microboxes=1643840
    body-i37-m16: [  260/1308] radius=3.300e-03 microboxes=1645920
    body-i37-m16: [  390/1308] radius=9.164e-03 microboxes=1648000
    body-i37-m16: [  520/1308] radius=1.515e-02 microboxes=1650080
    body-i37-m16: [  650/1308] radius=1.997e-02 microboxes=1652160
    body-i37-m16: [  780/1308] radius=2.691e-02 microboxes=1654240
    body-i37-m16: [  910/1308] radius=3.080e-02 microboxes=1656320
    body-i37-m16: [ 1040/1308] radius=3.804e-02 microboxes=1658400
    body-i37-m16: [ 1170/1308] radius=4.693e-02 microboxes=1660480
    body-i37-m16: [ 1300/1308] radius=5.608e-02 microboxes=1662560
    body-i37-m16: [ 1308/1308] radius=5.760e-02 microboxes=1662688
    edge-i37-m16: [    1/16] radius=7.932e-08 microboxes=1662704
    edge-i37-m16: [    2/16] radius=1.594e-07 microboxes=1662720
    edge-i37-m16: [    3/16] radius=2.403e-07 microboxes=1662736
    edge-i37-m16: [    4/16] radius=3.219e-07 microboxes=1662752
    edge-i37-m16: [    5/16] radius=4.044e-07 microboxes=1662768
    edge-i37-m16: [    6/16] radius=4.876e-07 microboxes=1662784
    edge-i37-m16: [    7/16] radius=5.715e-07 microboxes=1662800
    edge-i37-m16: [    8/16] radius=6.563e-07 microboxes=1662816
    edge-i37-m16: [    9/16] radius=7.419e-07 microboxes=1662832
    edge-i37-m16: [   10/16] radius=8.282e-07 microboxes=1662848
    edge-i37-m16: [   11/16] radius=9.154e-07 microboxes=1662864
    edge-i37-m16: [   12/16] radius=1.003e-06 microboxes=1662880
    edge-i37-m16: [   13/16] radius=1.092e-06 microboxes=1662896
    edge-i37-m16: [   14/16] radius=1.182e-06 microboxes=1662912
    edge-i37-m16: [   15/16] radius=1.272e-06 microboxes=1662928
    edge-i37-m16: [   16/16] radius=1.362e-06 microboxes=1662944
    body-i38-m16: [    1/1308] radius=1.290e-06 microboxes=1662960
    body-i38-m16: [  130/1308] radius=7.597e-04 microboxes=1665024
    body-i38-m16: [  260/1308] radius=3.302e-03 microboxes=1667104
    body-i38-m16: [  390/1308] radius=9.165e-03 microboxes=1669184
    body-i38-m16: [  520/1308] radius=1.515e-02 microboxes=1671264
    body-i38-m16: [  650/1308] radius=1.997e-02 microboxes=1673344
    body-i38-m16: [  780/1308] radius=2.692e-02 microboxes=1675424
    body-i38-m16: [  910/1308] radius=3.079e-02 microboxes=1677504
    body-i38-m16: [ 1040/1308] radius=3.796e-02 microboxes=1679584
    body-i38-m16: [ 1170/1308] radius=4.684e-02 microboxes=1681664
    body-i38-m16: [ 1300/1308] radius=5.601e-02 microboxes=1683744
    body-i38-m16: [ 1308/1308] radius=5.753e-02 microboxes=1683872
    edge-i38-m16: [    1/16] radius=7.941e-08 microboxes=1683888
    edge-i38-m16: [    2/16] radius=1.596e-07 microboxes=1683904
    edge-i38-m16: [    3/16] radius=2.406e-07 microboxes=1683920
    edge-i38-m16: [    4/16] radius=3.223e-07 microboxes=1683936
    edge-i38-m16: [    5/16] radius=4.048e-07 microboxes=1683952
    edge-i38-m16: [    6/16] radius=4.881e-07 microboxes=1683968
    edge-i38-m16: [    7/16] radius=5.722e-07 microboxes=1683984
    edge-i38-m16: [    8/16] radius=6.571e-07 microboxes=1684000
    edge-i38-m16: [    9/16] radius=7.427e-07 microboxes=1684016
    edge-i38-m16: [   10/16] radius=8.292e-07 microboxes=1684032
    edge-i38-m16: [   11/16] radius=9.164e-07 microboxes=1684048
    edge-i38-m16: [   12/16] radius=1.004e-06 microboxes=1684064
    edge-i38-m16: [   13/16] radius=1.093e-06 microboxes=1684080
    edge-i38-m16: [   14/16] radius=1.183e-06 microboxes=1684096
    edge-i38-m16: [   15/16] radius=1.273e-06 microboxes=1684112
    edge-i38-m16: [   16/16] radius=1.363e-06 microboxes=1684128
    body-i39-m16: [    1/1308] radius=1.286e-06 microboxes=1684144
    body-i39-m16: [  130/1308] radius=7.629e-04 microboxes=1686208
    body-i39-m16: [  260/1308] radius=3.316e-03 microboxes=1688288
    body-i39-m16: [  390/1308] radius=9.196e-03 microboxes=1690368
    body-i39-m16: [  520/1308] radius=1.520e-02 microboxes=1692448
    body-i39-m16: [  650/1308] radius=2.004e-02 microboxes=1694528
    body-i39-m16: [  780/1308] radius=2.702e-02 microboxes=1696608
    body-i39-m16: [  910/1308] radius=3.089e-02 microboxes=1698688
    body-i39-m16: [ 1040/1308] radius=3.815e-02 microboxes=1700768
    body-i39-m16: [ 1170/1308] radius=4.706e-02 microboxes=1702848
    body-i39-m16: [ 1300/1308] radius=5.629e-02 microboxes=1704928
    body-i39-m16: [ 1308/1308] radius=5.781e-02 microboxes=1705056
    edge-i39-m16: [    1/16] radius=7.859e-08 microboxes=1705072
    edge-i39-m16: [    2/16] radius=1.587e-07 microboxes=1705088
    edge-i39-m16: [    3/16] radius=2.397e-07 microboxes=1705104
    edge-i39-m16: [    4/16] radius=3.214e-07 microboxes=1705120
    edge-i39-m16: [    5/16] radius=4.038e-07 microboxes=1705136
    edge-i39-m16: [    6/16] radius=4.871e-07 microboxes=1705152
    edge-i39-m16: [    7/16] radius=5.712e-07 microboxes=1705168
    edge-i39-m16: [    8/16] radius=6.560e-07 microboxes=1705184
    edge-i39-m16: [    9/16] radius=7.416e-07 microboxes=1705200
    edge-i39-m16: [   10/16] radius=8.280e-07 microboxes=1705216
    edge-i39-m16: [   11/16] radius=9.153e-07 microboxes=1705232
    edge-i39-m16: [   12/16] radius=1.003e-06 microboxes=1705248
    edge-i39-m16: [   13/16] radius=1.092e-06 microboxes=1705264
    edge-i39-m16: [   14/16] radius=1.182e-06 microboxes=1705280
    edge-i39-m16: [   15/16] radius=1.272e-06 microboxes=1705296
    edge-i39-m16: [   16/16] radius=1.363e-06 microboxes=1705312
  [ 40/81] i=39 epsT=1.585e-02 epsG=1.299e-06 edgeRows=2.527e-02 activeR=8.272e-04 sep=1.108e-02 lower=+1.025e-02 pass=True disc=3.23e-10
    body-i40-m16: [    1/1308] radius=1.256e-06 microboxes=1705328
    body-i40-m16: [  130/1308] radius=7.576e-04 microboxes=1707392
    body-i40-m16: [  260/1308] radius=3.296e-03 microboxes=1709472
    body-i40-m16: [  390/1308] radius=9.153e-03 microboxes=1711552
    body-i40-m16: [  520/1308] radius=1.513e-02 microboxes=1713632
    body-i40-m16: [  650/1308] radius=1.995e-02 microboxes=1715712
    body-i40-m16: [  780/1308] radius=2.688e-02 microboxes=1717792
    body-i40-m16: [  910/1308] radius=3.076e-02 microboxes=1719872
    body-i40-m16: [ 1040/1308] radius=3.799e-02 microboxes=1721952
    body-i40-m16: [ 1170/1308] radius=4.687e-02 microboxes=1724032
    body-i40-m16: [ 1300/1308] radius=5.601e-02 microboxes=1726112
    body-i40-m16: [ 1308/1308] radius=5.753e-02 microboxes=1726240
    edge-i40-m16: [    1/16] radius=7.932e-08 microboxes=1726256
    edge-i40-m16: [    2/16] radius=1.574e-07 microboxes=1726272
    edge-i40-m16: [    3/16] radius=2.383e-07 microboxes=1726288
    edge-i40-m16: [    4/16] radius=3.199e-07 microboxes=1726304
    edge-i40-m16: [    5/16] radius=4.023e-07 microboxes=1726320
    edge-i40-m16: [    6/16] radius=4.855e-07 microboxes=1726336
    edge-i40-m16: [    7/16] radius=5.695e-07 microboxes=1726352
    edge-i40-m16: [    8/16] radius=6.543e-07 microboxes=1726368
    edge-i40-m16: [    9/16] radius=7.398e-07 microboxes=1726384
    edge-i40-m16: [   10/16] radius=8.262e-07 microboxes=1726400
    edge-i40-m16: [   11/16] radius=9.133e-07 microboxes=1726416
    edge-i40-m16: [   12/16] radius=1.001e-06 microboxes=1726432
    edge-i40-m16: [   13/16] radius=1.090e-06 microboxes=1726448
    edge-i40-m16: [   14/16] radius=1.180e-06 microboxes=1726464
    edge-i40-m16: [   15/16] radius=1.270e-06 microboxes=1726480
    edge-i40-m16: [   16/16] radius=1.361e-06 microboxes=1726496
    body-i41-m16: [    1/1308] radius=1.270e-06 microboxes=1726512
    body-i41-m16: [  130/1308] radius=7.606e-04 microboxes=1728576
    body-i41-m16: [  260/1308] radius=3.306e-03 microboxes=1730656
    body-i41-m16: [  390/1308] radius=9.177e-03 microboxes=1732736
    body-i41-m16: [  520/1308] radius=1.517e-02 microboxes=1734816
    body-i41-m16: [  650/1308] radius=2.000e-02 microboxes=1736896
    body-i41-m16: [  780/1308] radius=2.695e-02 microboxes=1738976
    body-i41-m16: [  910/1308] radius=3.083e-02 microboxes=1741056
    body-i41-m16: [ 1040/1308] radius=3.801e-02 microboxes=1743136
    body-i41-m16: [ 1170/1308] radius=4.690e-02 microboxes=1745216
    body-i41-m16: [ 1300/1308] radius=5.609e-02 microboxes=1747296
    body-i41-m16: [ 1308/1308] radius=5.760e-02 microboxes=1747424
    edge-i41-m16: [    1/16] radius=7.942e-08 microboxes=1747440
    edge-i41-m16: [    2/16] radius=1.596e-07 microboxes=1747456
    edge-i41-m16: [    3/16] radius=2.404e-07 microboxes=1747472
    edge-i41-m16: [    4/16] radius=3.221e-07 microboxes=1747488
    edge-i41-m16: [    5/16] radius=4.047e-07 microboxes=1747504
    edge-i41-m16: [    6/16] radius=4.880e-07 microboxes=1747520
    edge-i41-m16: [    7/16] radius=5.720e-07 microboxes=1747536
    edge-i41-m16: [    8/16] radius=6.569e-07 microboxes=1747552
    edge-i41-m16: [    9/16] radius=7.426e-07 microboxes=1747568
    edge-i41-m16: [   10/16] radius=8.291e-07 microboxes=1747584
    edge-i41-m16: [   11/16] radius=9.163e-07 microboxes=1747600
    edge-i41-m16: [   12/16] radius=1.004e-06 microboxes=1747616
    edge-i41-m16: [   13/16] radius=1.093e-06 microboxes=1747632
    edge-i41-m16: [   14/16] radius=1.183e-06 microboxes=1747648
    edge-i41-m16: [   15/16] radius=1.273e-06 microboxes=1747664
    edge-i41-m16: [   16/16] radius=1.365e-06 microboxes=1747680
    body-i42-m16: [    1/1308] radius=1.279e-06 microboxes=1747696
    body-i42-m16: [  130/1308] radius=7.619e-04 microboxes=1749760
    body-i42-m16: [  260/1308] radius=3.312e-03 microboxes=1751840
    body-i42-m16: [  390/1308] radius=9.184e-03 microboxes=1753920
    body-i42-m16: [  520/1308] radius=1.518e-02 microboxes=1756000
    body-i42-m16: [  650/1308] radius=2.001e-02 microboxes=1758080
    body-i42-m16: [  780/1308] radius=2.698e-02 microboxes=1760160
    body-i42-m16: [  910/1308] radius=3.086e-02 microboxes=1762240
    body-i42-m16: [ 1040/1308] radius=3.810e-02 microboxes=1764320
    body-i42-m16: [ 1170/1308] radius=4.700e-02 microboxes=1766400
    body-i42-m16: [ 1300/1308] radius=5.622e-02 microboxes=1768480
    body-i42-m16: [ 1308/1308] radius=5.774e-02 microboxes=1768608
    edge-i42-m16: [    1/16] radius=7.938e-08 microboxes=1768624
    edge-i42-m16: [    2/16] radius=1.595e-07 microboxes=1768640
    edge-i42-m16: [    3/16] radius=2.405e-07 microboxes=1768656
    edge-i42-m16: [    4/16] radius=3.197e-07 microboxes=1768672
    edge-i42-m16: [    5/16] radius=4.022e-07 microboxes=1768688
    edge-i42-m16: [    6/16] radius=4.855e-07 microboxes=1768704
    edge-i42-m16: [    7/16] radius=5.695e-07 microboxes=1768720
    edge-i42-m16: [    8/16] radius=6.543e-07 microboxes=1768736
    edge-i42-m16: [    9/16] radius=7.400e-07 microboxes=1768752
    edge-i42-m16: [   10/16] radius=8.264e-07 microboxes=1768768
    edge-i42-m16: [   11/16] radius=9.136e-07 microboxes=1768784
    edge-i42-m16: [   12/16] radius=1.002e-06 microboxes=1768800
    edge-i42-m16: [   13/16] radius=1.090e-06 microboxes=1768816
    edge-i42-m16: [   14/16] radius=1.180e-06 microboxes=1768832
    edge-i42-m16: [   15/16] radius=1.270e-06 microboxes=1768848
    edge-i42-m16: [   16/16] radius=1.362e-06 microboxes=1768864
    body-i43-m16: [    1/1308] radius=1.288e-06 microboxes=1768880
    body-i43-m16: [  130/1308] radius=7.566e-04 microboxes=1770944
    body-i43-m16: [  260/1308] radius=3.292e-03 microboxes=1773024
    body-i43-m16: [  390/1308] radius=9.141e-03 microboxes=1775104
    body-i43-m16: [  520/1308] radius=1.511e-02 microboxes=1777184
    body-i43-m16: [  650/1308] radius=1.992e-02 microboxes=1779264
    body-i43-m16: [  780/1308] radius=2.685e-02 microboxes=1781344
    body-i43-m16: [  910/1308] radius=3.073e-02 microboxes=1783424
    body-i43-m16: [ 1040/1308] radius=3.794e-02 microboxes=1785504
    body-i43-m16: [ 1170/1308] radius=4.681e-02 microboxes=1787584
    body-i43-m16: [ 1300/1308] radius=5.594e-02 microboxes=1789664
    body-i43-m16: [ 1308/1308] radius=5.745e-02 microboxes=1789792
    edge-i43-m16: [    1/16] radius=7.932e-08 microboxes=1789808
    edge-i43-m16: [    2/16] radius=1.594e-07 microboxes=1789824
    edge-i43-m16: [    3/16] radius=2.403e-07 microboxes=1789840
    edge-i43-m16: [    4/16] radius=3.219e-07 microboxes=1789856
    edge-i43-m16: [    5/16] radius=4.039e-07 microboxes=1789872
    edge-i43-m16: [    6/16] radius=4.872e-07 microboxes=1789888
    edge-i43-m16: [    7/16] radius=5.711e-07 microboxes=1789904
    edge-i43-m16: [    8/16] radius=6.559e-07 microboxes=1789920
    edge-i43-m16: [    9/16] radius=7.415e-07 microboxes=1789936
    edge-i43-m16: [   10/16] radius=8.278e-07 microboxes=1789952
    edge-i43-m16: [   11/16] radius=9.150e-07 microboxes=1789968
    edge-i43-m16: [   12/16] radius=1.003e-06 microboxes=1789984
    edge-i43-m16: [   13/16] radius=1.092e-06 microboxes=1790000
    edge-i43-m16: [   14/16] radius=1.181e-06 microboxes=1790016
    edge-i43-m16: [   15/16] radius=1.272e-06 microboxes=1790032
    edge-i43-m16: [   16/16] radius=1.363e-06 microboxes=1790048
    body-i44-m16: [    1/1308] radius=1.290e-06 microboxes=1790064
    body-i44-m16: [  130/1308] radius=7.615e-04 microboxes=1792128
    body-i44-m16: [  260/1308] radius=3.310e-03 microboxes=1794208
    body-i44-m16: [  390/1308] radius=9.189e-03 microboxes=1796288
    body-i44-m16: [  520/1308] radius=1.519e-02 microboxes=1798368
    body-i44-m16: [  650/1308] radius=2.002e-02 microboxes=1800448
    body-i44-m16: [  780/1308] radius=2.699e-02 microboxes=1802528
    body-i44-m16: [  910/1308] radius=3.086e-02 microboxes=1804608
    body-i44-m16: [ 1040/1308] radius=3.806e-02 microboxes=1806688
    body-i44-m16: [ 1170/1308] radius=4.695e-02 microboxes=1808768
    body-i44-m16: [ 1300/1308] radius=5.616e-02 microboxes=1810848
    body-i44-m16: [ 1308/1308] radius=5.768e-02 microboxes=1810976
    edge-i44-m16: [    1/16] radius=7.942e-08 microboxes=1810992
    edge-i44-m16: [    2/16] radius=1.596e-07 microboxes=1811008
    edge-i44-m16: [    3/16] radius=2.406e-07 microboxes=1811024
    edge-i44-m16: [    4/16] radius=3.223e-07 microboxes=1811040
    edge-i44-m16: [    5/16] radius=4.030e-07 microboxes=1811056
    edge-i44-m16: [    6/16] radius=4.863e-07 microboxes=1811072
    edge-i44-m16: [    7/16] radius=5.704e-07 microboxes=1811088
    edge-i44-m16: [    8/16] radius=6.553e-07 microboxes=1811104
    edge-i44-m16: [    9/16] radius=7.409e-07 microboxes=1811120
    edge-i44-m16: [   10/16] radius=8.274e-07 microboxes=1811136
    edge-i44-m16: [   11/16] radius=9.147e-07 microboxes=1811152
    edge-i44-m16: [   12/16] radius=1.003e-06 microboxes=1811168
    edge-i44-m16: [   13/16] radius=1.092e-06 microboxes=1811184
    edge-i44-m16: [   14/16] radius=1.181e-06 microboxes=1811200
    edge-i44-m16: [   15/16] radius=1.272e-06 microboxes=1811216
    edge-i44-m16: [   16/16] radius=1.363e-06 microboxes=1811232
  [ 45/81] i=44 epsT=1.582e-02 epsG=1.299e-06 edgeRows=2.527e-02 activeR=8.255e-04 sep=1.107e-02 lower=+1.024e-02 pass=True disc=3.23e-10
    body-i45-m16: [    1/1308] radius=1.289e-06 microboxes=1811248
    body-i45-m16: [  130/1308] radius=7.609e-04 microboxes=1813312
    body-i45-m16: [  260/1308] radius=3.307e-03 microboxes=1815392
    body-i45-m16: [  390/1308] radius=9.172e-03 microboxes=1817472
    body-i45-m16: [  520/1308] radius=1.516e-02 microboxes=1819552
    body-i45-m16: [  650/1308] radius=1.999e-02 microboxes=1821632
    body-i45-m16: [  780/1308] radius=2.695e-02 microboxes=1823712
    body-i45-m16: [  910/1308] radius=3.082e-02 microboxes=1825792
    body-i45-m16: [ 1040/1308] radius=3.806e-02 microboxes=1827872
    body-i45-m16: [ 1170/1308] radius=4.695e-02 microboxes=1829952
    body-i45-m16: [ 1300/1308] radius=5.615e-02 microboxes=1832032
    body-i45-m16: [ 1308/1308] radius=5.767e-02 microboxes=1832160
    edge-i45-m16: [    1/16] radius=7.938e-08 microboxes=1832176
    edge-i45-m16: [    2/16] radius=1.595e-07 microboxes=1832192
    edge-i45-m16: [    3/16] radius=2.405e-07 microboxes=1832208
    edge-i45-m16: [    4/16] radius=3.222e-07 microboxes=1832224
    edge-i45-m16: [    5/16] radius=4.046e-07 microboxes=1832240
    edge-i45-m16: [    6/16] radius=4.869e-07 microboxes=1832256
    edge-i45-m16: [    7/16] radius=5.709e-07 microboxes=1832272
    edge-i45-m16: [    8/16] radius=6.557e-07 microboxes=1832288
    edge-i45-m16: [    9/16] radius=7.414e-07 microboxes=1832304
    edge-i45-m16: [   10/16] radius=8.278e-07 microboxes=1832320
    edge-i45-m16: [   11/16] radius=9.150e-07 microboxes=1832336
    edge-i45-m16: [   12/16] radius=1.003e-06 microboxes=1832352
    edge-i45-m16: [   13/16] radius=1.092e-06 microboxes=1832368
    edge-i45-m16: [   14/16] radius=1.181e-06 microboxes=1832384
    edge-i45-m16: [   15/16] radius=1.272e-06 microboxes=1832400
    edge-i45-m16: [   16/16] radius=1.363e-06 microboxes=1832416
    body-i46-m16: [    1/1308] radius=1.288e-06 microboxes=1832432
    body-i46-m16: [  130/1308] radius=7.571e-04 microboxes=1834496
    body-i46-m16: [  260/1308] radius=3.294e-03 microboxes=1836576
    body-i46-m16: [  390/1308] radius=9.147e-03 microboxes=1838656
    body-i46-m16: [  520/1308] radius=1.512e-02 microboxes=1840736
    body-i46-m16: [  650/1308] radius=1.994e-02 microboxes=1842816
    body-i46-m16: [  780/1308] radius=2.686e-02 microboxes=1844896
    body-i46-m16: [  910/1308] radius=3.075e-02 microboxes=1846976
    body-i46-m16: [ 1040/1308] radius=3.797e-02 microboxes=1849056
    body-i46-m16: [ 1170/1308] radius=4.684e-02 microboxes=1851136
    body-i46-m16: [ 1300/1308] radius=5.597e-02 microboxes=1853216
    body-i46-m16: [ 1308/1308] radius=5.749e-02 microboxes=1853344
    edge-i46-m16: [    1/16] radius=7.932e-08 microboxes=1853360
    edge-i46-m16: [    2/16] radius=1.594e-07 microboxes=1853376
    edge-i46-m16: [    3/16] radius=2.403e-07 microboxes=1853392
    edge-i46-m16: [    4/16] radius=3.219e-07 microboxes=1853408
    edge-i46-m16: [    5/16] radius=4.044e-07 microboxes=1853424
    edge-i46-m16: [    6/16] radius=4.876e-07 microboxes=1853440
    edge-i46-m16: [    7/16] radius=5.703e-07 microboxes=1853456
    edge-i46-m16: [    8/16] radius=6.551e-07 microboxes=1853472
    edge-i46-m16: [    9/16] radius=7.406e-07 microboxes=1853488
    edge-i46-m16: [   10/16] radius=8.270e-07 microboxes=1853504
    edge-i46-m16: [   11/16] radius=9.141e-07 microboxes=1853520
    edge-i46-m16: [   12/16] radius=1.002e-06 microboxes=1853536
    edge-i46-m16: [   13/16] radius=1.091e-06 microboxes=1853552
    edge-i46-m16: [   14/16] radius=1.180e-06 microboxes=1853568
    edge-i46-m16: [   15/16] radius=1.271e-06 microboxes=1853584
    edge-i46-m16: [   16/16] radius=1.362e-06 microboxes=1853600
    body-i47-m16: [    1/1308] radius=1.290e-06 microboxes=1853616
    body-i47-m16: [  130/1308] radius=7.625e-04 microboxes=1855680
    body-i47-m16: [  260/1308] radius=3.314e-03 microboxes=1857760
    body-i47-m16: [  390/1308] radius=9.200e-03 microboxes=1859840
    body-i47-m16: [  520/1308] radius=1.521e-02 microboxes=1861920
    body-i47-m16: [  650/1308] radius=2.005e-02 microboxes=1864000
    body-i47-m16: [  780/1308] radius=2.702e-02 microboxes=1866080
    body-i47-m16: [  910/1308] radius=3.090e-02 microboxes=1868160
    body-i47-m16: [ 1040/1308] radius=3.811e-02 microboxes=1870240
    body-i47-m16: [ 1170/1308] radius=4.701e-02 microboxes=1872320
    body-i47-m16: [ 1300/1308] radius=5.623e-02 microboxes=1874400
    body-i47-m16: [ 1308/1308] radius=5.775e-02 microboxes=1874528
    edge-i47-m16: [    1/16] radius=7.942e-08 microboxes=1874544
    edge-i47-m16: [    2/16] radius=1.596e-07 microboxes=1874560
    edge-i47-m16: [    3/16] radius=2.406e-07 microboxes=1874576
    edge-i47-m16: [    4/16] radius=3.223e-07 microboxes=1874592
    edge-i47-m16: [    5/16] radius=4.049e-07 microboxes=1874608
    edge-i47-m16: [    6/16] radius=4.882e-07 microboxes=1874624
    edge-i47-m16: [    7/16] radius=5.723e-07 microboxes=1874640
    edge-i47-m16: [    8/16] radius=6.555e-07 microboxes=1874656
    edge-i47-m16: [    9/16] radius=7.412e-07 microboxes=1874672
    edge-i47-m16: [   10/16] radius=8.276e-07 microboxes=1874688
    edge-i47-m16: [   11/16] radius=9.149e-07 microboxes=1874704
    edge-i47-m16: [   12/16] radius=1.003e-06 microboxes=1874720
    edge-i47-m16: [   13/16] radius=1.092e-06 microboxes=1874736
    edge-i47-m16: [   14/16] radius=1.181e-06 microboxes=1874752
    edge-i47-m16: [   15/16] radius=1.272e-06 microboxes=1874768
    edge-i47-m16: [   16/16] radius=1.363e-06 microboxes=1874784
    body-i48-m16: [    1/1308] radius=1.289e-06 microboxes=1874800
    body-i48-m16: [  130/1308] radius=7.601e-04 microboxes=1876864
    body-i48-m16: [  260/1308] radius=3.303e-03 microboxes=1878944
    body-i48-m16: [  390/1308] radius=9.160e-03 microboxes=1881024
    body-i48-m16: [  520/1308] radius=1.514e-02 microboxes=1883104
    body-i48-m16: [  650/1308] radius=1.996e-02 microboxes=1885184
    body-i48-m16: [  780/1308] radius=2.691e-02 microboxes=1887264
    body-i48-m16: [  910/1308] radius=3.078e-02 microboxes=1889344
    body-i48-m16: [ 1040/1308] radius=3.801e-02 microboxes=1891424
    body-i48-m16: [ 1170/1308] radius=4.689e-02 microboxes=1893504
    body-i48-m16: [ 1300/1308] radius=5.608e-02 microboxes=1895584
    body-i48-m16: [ 1308/1308] radius=5.760e-02 microboxes=1895712
    edge-i48-m16: [    1/16] radius=7.937e-08 microboxes=1895728
    edge-i48-m16: [    2/16] radius=1.595e-07 microboxes=1895744
    edge-i48-m16: [    3/16] radius=2.404e-07 microboxes=1895760
    edge-i48-m16: [    4/16] radius=3.221e-07 microboxes=1895776
    edge-i48-m16: [    5/16] radius=4.046e-07 microboxes=1895792
    edge-i48-m16: [    6/16] radius=4.878e-07 microboxes=1895808
    edge-i48-m16: [    7/16] radius=5.719e-07 microboxes=1895824
    edge-i48-m16: [    8/16] radius=6.567e-07 microboxes=1895840
    edge-i48-m16: [    9/16] radius=7.417e-07 microboxes=1895856
    edge-i48-m16: [   10/16] radius=8.281e-07 microboxes=1895872
    edge-i48-m16: [   11/16] radius=9.153e-07 microboxes=1895888
    edge-i48-m16: [   12/16] radius=1.003e-06 microboxes=1895904
    edge-i48-m16: [   13/16] radius=1.092e-06 microboxes=1895920
    edge-i48-m16: [   14/16] radius=1.182e-06 microboxes=1895936
    edge-i48-m16: [   15/16] radius=1.272e-06 microboxes=1895952
    edge-i48-m16: [   16/16] radius=1.363e-06 microboxes=1895968
    body-i49-m16: [    1/1308] radius=1.288e-06 microboxes=1895984
    body-i49-m16: [  130/1308] radius=7.583e-04 microboxes=1898048
    body-i49-m16: [  260/1308] radius=3.299e-03 microboxes=1900128
    body-i49-m16: [  390/1308] radius=9.160e-03 microboxes=1902208
    body-i49-m16: [  520/1308] radius=1.514e-02 microboxes=1904288
    body-i49-m16: [  650/1308] radius=1.996e-02 microboxes=1906368
    body-i49-m16: [  780/1308] radius=2.690e-02 microboxes=1908448
    body-i49-m16: [  910/1308] radius=3.079e-02 microboxes=1910528
    body-i49-m16: [ 1040/1308] radius=3.801e-02 microboxes=1912608
    body-i49-m16: [ 1170/1308] radius=4.690e-02 microboxes=1914688
    body-i49-m16: [ 1300/1308] radius=5.604e-02 microboxes=1916768
    body-i49-m16: [ 1308/1308] radius=5.756e-02 microboxes=1916896
    edge-i49-m16: [    1/16] radius=7.932e-08 microboxes=1916912
    edge-i49-m16: [    2/16] radius=1.594e-07 microboxes=1916928
    edge-i49-m16: [    3/16] radius=2.403e-07 microboxes=1916944
    edge-i49-m16: [    4/16] radius=3.219e-07 microboxes=1916960
    edge-i49-m16: [    5/16] radius=4.044e-07 microboxes=1916976
    edge-i49-m16: [    6/16] radius=4.876e-07 microboxes=1916992
    edge-i49-m16: [    7/16] radius=5.716e-07 microboxes=1917008
    edge-i49-m16: [    8/16] radius=6.563e-07 microboxes=1917024
    edge-i49-m16: [    9/16] radius=7.419e-07 microboxes=1917040
    edge-i49-m16: [   10/16] radius=8.259e-07 microboxes=1917056
    edge-i49-m16: [   11/16] radius=9.131e-07 microboxes=1917072
    edge-i49-m16: [   12/16] radius=1.001e-06 microboxes=1917088
    edge-i49-m16: [   13/16] radius=1.090e-06 microboxes=1917104
    edge-i49-m16: [   14/16] radius=1.179e-06 microboxes=1917120
    edge-i49-m16: [   15/16] radius=1.270e-06 microboxes=1917136
    edge-i49-m16: [   16/16] radius=1.361e-06 microboxes=1917152
  [ 50/81] i=49 epsT=1.578e-02 epsG=1.297e-06 edgeRows=2.527e-02 activeR=8.238e-04 sep=1.105e-02 lower=+1.023e-02 pass=True disc=3.24e-10
    body-i50-m16: [    1/1308] radius=1.290e-06 microboxes=1917168
    body-i50-m16: [  130/1308] radius=7.634e-04 microboxes=1919232
    body-i50-m16: [  260/1308] radius=3.318e-03 microboxes=1921312
    body-i50-m16: [  390/1308] radius=9.212e-03 microboxes=1923392
    body-i50-m16: [  520/1308] radius=1.523e-02 microboxes=1925472
    body-i50-m16: [  650/1308] radius=2.007e-02 microboxes=1927552
    body-i50-m16: [  780/1308] radius=2.705e-02 microboxes=1929632
    body-i50-m16: [  910/1308] radius=3.094e-02 microboxes=1931712
    body-i50-m16: [ 1040/1308] radius=3.815e-02 microboxes=1933792
    body-i50-m16: [ 1170/1308] radius=4.707e-02 microboxes=1935872
    body-i50-m16: [ 1300/1308] radius=5.630e-02 microboxes=1937952
    body-i50-m16: [ 1308/1308] radius=5.782e-02 microboxes=1938080
    edge-i50-m16: [    1/16] radius=7.943e-08 microboxes=1938096
    edge-i50-m16: [    2/16] radius=1.596e-07 microboxes=1938112
    edge-i50-m16: [    3/16] radius=2.406e-07 microboxes=1938128
    edge-i50-m16: [    4/16] radius=3.224e-07 microboxes=1938144
    edge-i50-m16: [    5/16] radius=4.049e-07 microboxes=1938160
    edge-i50-m16: [    6/16] radius=4.882e-07 microboxes=1938176
    edge-i50-m16: [    7/16] radius=5.723e-07 microboxes=1938192
    edge-i50-m16: [    8/16] radius=6.572e-07 microboxes=1938208
    edge-i50-m16: [    9/16] radius=7.429e-07 microboxes=1938224
    edge-i50-m16: [   10/16] radius=8.294e-07 microboxes=1938240
    edge-i50-m16: [   11/16] radius=9.167e-07 microboxes=1938256
    edge-i50-m16: [   12/16] radius=1.005e-06 microboxes=1938272
    edge-i50-m16: [   13/16] radius=1.094e-06 microboxes=1938288
    edge-i50-m16: [   14/16] radius=1.183e-06 microboxes=1938304
    edge-i50-m16: [   15/16] radius=1.274e-06 microboxes=1938320
    edge-i50-m16: [   16/16] radius=1.365e-06 microboxes=1938336
    body-i51-m16: [    1/1308] radius=1.289e-06 microboxes=1938352
    body-i51-m16: [  130/1308] radius=7.591e-04 microboxes=1940416
    body-i51-m16: [  260/1308] radius=3.298e-03 microboxes=1942496
    body-i51-m16: [  390/1308] radius=9.148e-03 microboxes=1944576
    body-i51-m16: [  520/1308] radius=1.512e-02 microboxes=1946656
    body-i51-m16: [  650/1308] radius=1.994e-02 microboxes=1948736
    body-i51-m16: [  780/1308] radius=2.688e-02 microboxes=1950816
    body-i51-m16: [  910/1308] radius=3.074e-02 microboxes=1952896
    body-i51-m16: [ 1040/1308] radius=3.796e-02 microboxes=1954976
    body-i51-m16: [ 1170/1308] radius=4.683e-02 microboxes=1957056
    body-i51-m16: [ 1300/1308] radius=5.601e-02 microboxes=1959136
    body-i51-m16: [ 1308/1308] radius=5.753e-02 microboxes=1959264
    edge-i51-m16: [    1/16] radius=7.936e-08 microboxes=1959280
    edge-i51-m16: [    2/16] radius=1.595e-07 microboxes=1959296
    edge-i51-m16: [    3/16] radius=2.404e-07 microboxes=1959312
    edge-i51-m16: [    4/16] radius=3.221e-07 microboxes=1959328
    edge-i51-m16: [    5/16] radius=4.046e-07 microboxes=1959344
    edge-i51-m16: [    6/16] radius=4.878e-07 microboxes=1959360
    edge-i51-m16: [    7/16] radius=5.718e-07 microboxes=1959376
    edge-i51-m16: [    8/16] radius=6.567e-07 microboxes=1959392
    edge-i51-m16: [    9/16] radius=7.423e-07 microboxes=1959408
    edge-i51-m16: [   10/16] radius=8.287e-07 microboxes=1959424
    edge-i51-m16: [   11/16] radius=9.135e-07 microboxes=1959440
    edge-i51-m16: [   12/16] radius=1.002e-06 microboxes=1959456
    edge-i51-m16: [   13/16] radius=1.090e-06 microboxes=1959472
    edge-i51-m16: [   14/16] radius=1.180e-06 microboxes=1959488
    edge-i51-m16: [   15/16] radius=1.270e-06 microboxes=1959504
    edge-i51-m16: [   16/16] radius=1.361e-06 microboxes=1959520
    body-i52-m16: [    1/1308] radius=1.288e-06 microboxes=1959536
    body-i52-m16: [  130/1308] radius=7.593e-04 microboxes=1961600
    body-i52-m16: [  260/1308] radius=3.303e-03 microboxes=1963680
    body-i52-m16: [  390/1308] radius=9.172e-03 microboxes=1965760
    body-i52-m16: [  520/1308] radius=1.516e-02 microboxes=1967840
    body-i52-m16: [  650/1308] radius=1.999e-02 microboxes=1969920
    body-i52-m16: [  780/1308] radius=2.693e-02 microboxes=1972000
    body-i52-m16: [  910/1308] radius=3.083e-02 microboxes=1974080
    body-i52-m16: [ 1040/1308] radius=3.806e-02 microboxes=1976160
    body-i52-m16: [ 1170/1308] radius=4.696e-02 microboxes=1978240
    body-i52-m16: [ 1300/1308] radius=5.611e-02 microboxes=1980320
    body-i52-m16: [ 1308/1308] radius=5.763e-02 microboxes=1980448
    edge-i52-m16: [    1/16] radius=7.932e-08 microboxes=1980464
    edge-i52-m16: [    2/16] radius=1.594e-07 microboxes=1980480
    edge-i52-m16: [    3/16] radius=2.403e-07 microboxes=1980496
    edge-i52-m16: [    4/16] radius=3.219e-07 microboxes=1980512
    edge-i52-m16: [    5/16] radius=4.044e-07 microboxes=1980528
    edge-i52-m16: [    6/16] radius=4.876e-07 microboxes=1980544
    edge-i52-m16: [    7/16] radius=5.716e-07 microboxes=1980560
    edge-i52-m16: [    8/16] radius=6.563e-07 microboxes=1980576
    edge-i52-m16: [    9/16] radius=7.419e-07 microboxes=1980592
    edge-i52-m16: [   10/16] radius=8.283e-07 microboxes=1980608
    edge-i52-m16: [   11/16] radius=9.154e-07 microboxes=1980624
    edge-i52-m16: [   12/16] radius=1.003e-06 microboxes=1980640
    edge-i52-m16: [   13/16] radius=1.091e-06 microboxes=1980656
    edge-i52-m16: [   14/16] radius=1.181e-06 microboxes=1980672
    edge-i52-m16: [   15/16] radius=1.271e-06 microboxes=1980688
    edge-i52-m16: [   16/16] radius=1.362e-06 microboxes=1980704
    body-i53-m16: [    1/1308] radius=1.290e-06 microboxes=1980720
    body-i53-m16: [  130/1308] radius=7.625e-04 microboxes=1982784
    body-i53-m16: [  260/1308] radius=3.314e-03 microboxes=1984864
    body-i53-m16: [  390/1308] radius=9.201e-03 microboxes=1986944
    body-i53-m16: [  520/1308] radius=1.521e-02 microboxes=1989024
    body-i53-m16: [  650/1308] radius=2.005e-02 microboxes=1991104
    body-i53-m16: [  780/1308] radius=2.702e-02 microboxes=1993184
    body-i53-m16: [  910/1308] radius=3.090e-02 microboxes=1995264
    body-i53-m16: [ 1040/1308] radius=3.811e-02 microboxes=1997344
    body-i53-m16: [ 1170/1308] radius=4.701e-02 microboxes=1999424
    body-i53-m16: [ 1300/1308] radius=5.623e-02 microboxes=2001504
    body-i53-m16: [ 1308/1308] radius=5.775e-02 microboxes=2001632
    edge-i53-m16: [    1/16] radius=7.943e-08 microboxes=2001648
    edge-i53-m16: [    2/16] radius=1.596e-07 microboxes=2001664
    edge-i53-m16: [    3/16] radius=2.406e-07 microboxes=2001680
    edge-i53-m16: [    4/16] radius=3.224e-07 microboxes=2001696
    edge-i53-m16: [    5/16] radius=4.049e-07 microboxes=2001712
    edge-i53-m16: [    6/16] radius=4.882e-07 microboxes=2001728
    edge-i53-m16: [    7/16] radius=5.723e-07 microboxes=2001744
    edge-i53-m16: [    8/16] radius=6.572e-07 microboxes=2001760
    edge-i53-m16: [    9/16] radius=7.429e-07 microboxes=2001776
    edge-i53-m16: [   10/16] radius=8.294e-07 microboxes=2001792
    edge-i53-m16: [   11/16] radius=9.167e-07 microboxes=2001808
    edge-i53-m16: [   12/16] radius=1.005e-06 microboxes=2001824
    edge-i53-m16: [   13/16] radius=1.092e-06 microboxes=2001840
    edge-i53-m16: [   14/16] radius=1.182e-06 microboxes=2001856
    edge-i53-m16: [   15/16] radius=1.272e-06 microboxes=2001872
    edge-i53-m16: [   16/16] radius=1.363e-06 microboxes=2001888
    body-i54-m16: [    1/1308] radius=1.289e-06 microboxes=2001904
    body-i54-m16: [  130/1308] radius=7.581e-04 microboxes=2003968
    body-i54-m16: [  260/1308] radius=3.294e-03 microboxes=2006048
    body-i54-m16: [  390/1308] radius=9.136e-03 microboxes=2008128
    body-i54-m16: [  520/1308] radius=1.510e-02 microboxes=2010208
    body-i54-m16: [  650/1308] radius=1.991e-02 microboxes=2012288
    body-i54-m16: [  780/1308] radius=2.685e-02 microboxes=2014368
    body-i54-m16: [  910/1308] radius=3.070e-02 microboxes=2016448
    body-i54-m16: [ 1040/1308] radius=3.791e-02 microboxes=2018528
    body-i54-m16: [ 1170/1308] radius=4.678e-02 microboxes=2020608
    body-i54-m16: [ 1300/1308] radius=5.594e-02 microboxes=2022688
    body-i54-m16: [ 1308/1308] radius=5.746e-02 microboxes=2022816
    edge-i54-m16: [    1/16] radius=7.936e-08 microboxes=2022832
    edge-i54-m16: [    2/16] radius=1.595e-07 microboxes=2022848
    edge-i54-m16: [    3/16] radius=2.404e-07 microboxes=2022864
    edge-i54-m16: [    4/16] radius=3.221e-07 microboxes=2022880
    edge-i54-m16: [    5/16] radius=4.046e-07 microboxes=2022896
    edge-i54-m16: [    6/16] radius=4.878e-07 microboxes=2022912
    edge-i54-m16: [    7/16] radius=5.718e-07 microboxes=2022928
    edge-i54-m16: [    8/16] radius=6.567e-07 microboxes=2022944
    edge-i54-m16: [    9/16] radius=7.423e-07 microboxes=2022960
    edge-i54-m16: [   10/16] radius=8.287e-07 microboxes=2022976
    edge-i54-m16: [   11/16] radius=9.159e-07 microboxes=2022992
    edge-i54-m16: [   12/16] radius=1.004e-06 microboxes=2023008
    edge-i54-m16: [   13/16] radius=1.093e-06 microboxes=2023024
    edge-i54-m16: [   14/16] radius=1.181e-06 microboxes=2023040
    edge-i54-m16: [   15/16] radius=1.271e-06 microboxes=2023056
    edge-i54-m16: [   16/16] radius=1.362e-06 microboxes=2023072
  [ 55/81] i=54 epsT=1.576e-02 epsG=1.298e-06 edgeRows=2.527e-02 activeR=8.222e-04 sep=1.108e-02 lower=+1.025e-02 pass=True disc=3.24e-10
    body-i55-m16: [    1/1308] radius=1.288e-06 microboxes=2023088
    body-i55-m16: [  130/1308] radius=7.603e-04 microboxes=2025152
    body-i55-m16: [  260/1308] radius=3.307e-03 microboxes=2027232
    body-i55-m16: [  390/1308] radius=9.184e-03 microboxes=2029312
    body-i55-m16: [  520/1308] radius=1.518e-02 microboxes=2031392
    body-i55-m16: [  650/1308] radius=2.001e-02 microboxes=2033472
    body-i55-m16: [  780/1308] radius=2.697e-02 microboxes=2035552
    body-i55-m16: [  910/1308] radius=3.087e-02 microboxes=2037632
    body-i55-m16: [ 1040/1308] radius=3.811e-02 microboxes=2039712
    body-i55-m16: [ 1170/1308] radius=4.701e-02 microboxes=2041792
    body-i55-m16: [ 1300/1308] radius=5.618e-02 microboxes=2043872
    body-i55-m16: [ 1308/1308] radius=5.770e-02 microboxes=2044000
    edge-i55-m16: [    1/16] radius=7.932e-08 microboxes=2044016
    edge-i55-m16: [    2/16] radius=1.594e-07 microboxes=2044032
    edge-i55-m16: [    3/16] radius=2.403e-07 microboxes=2044048
    edge-i55-m16: [    4/16] radius=3.219e-07 microboxes=2044064
    edge-i55-m16: [    5/16] radius=4.044e-07 microboxes=2044080
    edge-i55-m16: [    6/16] radius=4.876e-07 microboxes=2044096
    edge-i55-m16: [    7/16] radius=5.716e-07 microboxes=2044112
    edge-i55-m16: [    8/16] radius=6.563e-07 microboxes=2044128
    edge-i55-m16: [    9/16] radius=7.419e-07 microboxes=2044144
    edge-i55-m16: [   10/16] radius=8.283e-07 microboxes=2044160
    edge-i55-m16: [   11/16] radius=9.154e-07 microboxes=2044176
    edge-i55-m16: [   12/16] radius=1.003e-06 microboxes=2044192
    edge-i55-m16: [   13/16] radius=1.092e-06 microboxes=2044208
    edge-i55-m16: [   14/16] radius=1.182e-06 microboxes=2044224
    edge-i55-m16: [   15/16] radius=1.271e-06 microboxes=2044240
    edge-i55-m16: [   16/16] radius=1.362e-06 microboxes=2044256
    body-i56-m16: [    1/1308] radius=1.290e-06 microboxes=2044272
    body-i56-m16: [  130/1308] radius=7.615e-04 microboxes=2046336
    body-i56-m16: [  260/1308] radius=3.310e-03 microboxes=2048416
    body-i56-m16: [  390/1308] radius=9.190e-03 microboxes=2050496
    body-i56-m16: [  520/1308] radius=1.519e-02 microboxes=2052576
    body-i56-m16: [  650/1308] radius=2.002e-02 microboxes=2054656
    body-i56-m16: [  780/1308] radius=2.698e-02 microboxes=2056736
    body-i56-m16: [  910/1308] radius=3.086e-02 microboxes=2058816
    body-i56-m16: [ 1040/1308] radius=3.806e-02 microboxes=2060896
    body-i56-m16: [ 1170/1308] radius=4.695e-02 microboxes=2062976
    body-i56-m16: [ 1300/1308] radius=5.616e-02 microboxes=2065056
    body-i56-m16: [ 1308/1308] radius=5.768e-02 microboxes=2065184
    edge-i56-m16: [    1/16] radius=7.943e-08 microboxes=2065200
    edge-i56-m16: [    2/16] radius=1.596e-07 microboxes=2065216
    edge-i56-m16: [    3/16] radius=2.406e-07 microboxes=2065232
    edge-i56-m16: [    4/16] radius=3.224e-07 microboxes=2065248
    edge-i56-m16: [    5/16] radius=4.049e-07 microboxes=2065264
    edge-i56-m16: [    6/16] radius=4.882e-07 microboxes=2065280
    edge-i56-m16: [    7/16] radius=5.723e-07 microboxes=2065296
    edge-i56-m16: [    8/16] radius=6.572e-07 microboxes=2065312
    edge-i56-m16: [    9/16] radius=7.429e-07 microboxes=2065328
    edge-i56-m16: [   10/16] radius=8.294e-07 microboxes=2065344
    edge-i56-m16: [   11/16] radius=9.167e-07 microboxes=2065360
    edge-i56-m16: [   12/16] radius=1.005e-06 microboxes=2065376
    edge-i56-m16: [   13/16] radius=1.094e-06 microboxes=2065392
    edge-i56-m16: [   14/16] radius=1.183e-06 microboxes=2065408
    edge-i56-m16: [   15/16] radius=1.274e-06 microboxes=2065424
    edge-i56-m16: [   16/16] radius=1.363e-06 microboxes=2065440
    body-i57-m16: [    1/1308] radius=1.289e-06 microboxes=2065456
    body-i57-m16: [  130/1308] radius=7.576e-04 microboxes=2067520
    body-i57-m16: [  260/1308] radius=3.292e-03 microboxes=2069600
    body-i57-m16: [  390/1308] radius=9.129e-03 microboxes=2071680
    body-i57-m16: [  520/1308] radius=1.509e-02 microboxes=2073760
    body-i57-m16: [  650/1308] radius=1.990e-02 microboxes=2075840
    body-i57-m16: [  780/1308] radius=2.683e-02 microboxes=2077920
    body-i57-m16: [  910/1308] radius=3.068e-02 microboxes=2080000
    body-i57-m16: [ 1040/1308] radius=3.789e-02 microboxes=2082080
    body-i57-m16: [ 1170/1308] radius=4.675e-02 microboxes=2084160
    body-i57-m16: [ 1300/1308] radius=5.591e-02 microboxes=2086240
    body-i57-m16: [ 1308/1308] radius=5.743e-02 microboxes=2086368
    edge-i57-m16: [    1/16] radius=7.935e-08 microboxes=2086384
    edge-i57-m16: [    2/16] radius=1.595e-07 microboxes=2086400
    edge-i57-m16: [    3/16] radius=2.404e-07 microboxes=2086416
    edge-i57-m16: [    4/16] radius=3.220e-07 microboxes=2086432
    edge-i57-m16: [    5/16] radius=4.045e-07 microboxes=2086448
    edge-i57-m16: [    6/16] radius=4.877e-07 microboxes=2086464
    edge-i57-m16: [    7/16] radius=5.717e-07 microboxes=2086480
    edge-i57-m16: [    8/16] radius=6.565e-07 microboxes=2086496
    edge-i57-m16: [    9/16] radius=7.421e-07 microboxes=2086512
    edge-i57-m16: [   10/16] radius=8.285e-07 microboxes=2086528
    edge-i57-m16: [   11/16] radius=9.157e-07 microboxes=2086544
    edge-i57-m16: [   12/16] radius=1.004e-06 microboxes=2086560
    edge-i57-m16: [   13/16] radius=1.092e-06 microboxes=2086576
    edge-i57-m16: [   14/16] radius=1.182e-06 microboxes=2086592
    edge-i57-m16: [   15/16] radius=1.272e-06 microboxes=2086608
    edge-i57-m16: [   16/16] radius=1.363e-06 microboxes=2086624
    body-i58-m16: [    1/1308] radius=1.279e-06 microboxes=2086640
    body-i58-m16: [  130/1308] radius=7.612e-04 microboxes=2088704
    body-i58-m16: [  260/1308] radius=3.312e-03 microboxes=2090784
    body-i58-m16: [  390/1308] radius=9.196e-03 microboxes=2092864
    body-i58-m16: [  520/1308] radius=1.520e-02 microboxes=2094944
    body-i58-m16: [  650/1308] radius=2.004e-02 microboxes=2097024
    body-i58-m16: [  780/1308] radius=2.700e-02 microboxes=2099104
    body-i58-m16: [  910/1308] radius=3.091e-02 microboxes=2101184
    body-i58-m16: [ 1040/1308] radius=3.816e-02 microboxes=2103264
    body-i58-m16: [ 1170/1308] radius=4.707e-02 microboxes=2105344
    body-i58-m16: [ 1300/1308] radius=5.625e-02 microboxes=2107424
    body-i58-m16: [ 1308/1308] radius=5.777e-02 microboxes=2107552
    edge-i58-m16: [    1/16] radius=7.695e-08 microboxes=2107568
    edge-i58-m16: [    2/16] radius=1.570e-07 microboxes=2107584
    edge-i58-m16: [    3/16] radius=2.379e-07 microboxes=2107600
    edge-i58-m16: [    4/16] radius=3.195e-07 microboxes=2107616
    edge-i58-m16: [    5/16] radius=4.020e-07 microboxes=2107632
    edge-i58-m16: [    6/16] radius=4.852e-07 microboxes=2107648
    edge-i58-m16: [    7/16] radius=5.691e-07 microboxes=2107664
    edge-i58-m16: [    8/16] radius=6.539e-07 microboxes=2107680
    edge-i58-m16: [    9/16] radius=7.395e-07 microboxes=2107696
    edge-i58-m16: [   10/16] radius=8.258e-07 microboxes=2107712
    edge-i58-m16: [   11/16] radius=9.130e-07 microboxes=2107728
    edge-i58-m16: [   12/16] radius=1.001e-06 microboxes=2107744
    edge-i58-m16: [   13/16] radius=1.090e-06 microboxes=2107760
    edge-i58-m16: [   14/16] radius=1.179e-06 microboxes=2107776
    edge-i58-m16: [   15/16] radius=1.270e-06 microboxes=2107792
    edge-i58-m16: [   16/16] radius=1.361e-06 microboxes=2107808
    body-i59-m16: [    1/1308] radius=1.271e-06 microboxes=2107824
    body-i59-m16: [  130/1308] radius=7.605e-04 microboxes=2109888
    body-i59-m16: [  260/1308] radius=3.306e-03 microboxes=2111968
    body-i59-m16: [  390/1308] radius=9.178e-03 microboxes=2114048
    body-i59-m16: [  520/1308] radius=1.517e-02 microboxes=2116128
    body-i59-m16: [  650/1308] radius=2.000e-02 microboxes=2118208
    body-i59-m16: [  780/1308] radius=2.695e-02 microboxes=2120288
    body-i59-m16: [  910/1308] radius=3.082e-02 microboxes=2122368
    body-i59-m16: [ 1040/1308] radius=3.801e-02 microboxes=2124448
    body-i59-m16: [ 1170/1308] radius=4.689e-02 microboxes=2126528
    body-i59-m16: [ 1300/1308] radius=5.609e-02 microboxes=2128608
    body-i59-m16: [ 1308/1308] radius=5.760e-02 microboxes=2128736
    edge-i59-m16: [    1/16] radius=7.944e-08 microboxes=2128752
    edge-i59-m16: [    2/16] radius=1.594e-07 microboxes=2128768
    edge-i59-m16: [    3/16] radius=2.404e-07 microboxes=2128784
    edge-i59-m16: [    4/16] radius=3.222e-07 microboxes=2128800
    edge-i59-m16: [    5/16] radius=4.047e-07 microboxes=2128816
    edge-i59-m16: [    6/16] radius=4.881e-07 microboxes=2128832
    edge-i59-m16: [    7/16] radius=5.722e-07 microboxes=2128848
    edge-i59-m16: [    8/16] radius=6.571e-07 microboxes=2128864
    edge-i59-m16: [    9/16] radius=7.428e-07 microboxes=2128880
    edge-i59-m16: [   10/16] radius=8.293e-07 microboxes=2128896
    edge-i59-m16: [   11/16] radius=9.165e-07 microboxes=2128912
    edge-i59-m16: [   12/16] radius=1.005e-06 microboxes=2128928
    edge-i59-m16: [   13/16] radius=1.093e-06 microboxes=2128944
    edge-i59-m16: [   14/16] radius=1.183e-06 microboxes=2128960
    edge-i59-m16: [   15/16] radius=1.274e-06 microboxes=2128976
    edge-i59-m16: [   16/16] radius=1.365e-06 microboxes=2128992
  [ 60/81] i=59 epsT=1.580e-02 epsG=1.301e-06 edgeRows=2.527e-02 activeR=8.244e-04 sep=1.107e-02 lower=+1.025e-02 pass=True disc=3.24e-10
    body-i60-m16: [    1/1308] radius=1.256e-06 microboxes=2129008
    body-i60-m16: [  130/1308] radius=7.584e-04 microboxes=2131072
    body-i60-m16: [  260/1308] radius=3.296e-03 microboxes=2133152
    body-i60-m16: [  390/1308] radius=9.140e-03 microboxes=2135232
    body-i60-m16: [  520/1308] radius=1.511e-02 microboxes=2137312
    body-i60-m16: [  650/1308] radius=1.992e-02 microboxes=2139392
    body-i60-m16: [  780/1308] radius=2.686e-02 microboxes=2141472
    body-i60-m16: [  910/1308] radius=3.072e-02 microboxes=2143552
    body-i60-m16: [ 1040/1308] radius=3.794e-02 microboxes=2145632
    body-i60-m16: [ 1170/1308] radius=4.681e-02 microboxes=2147712
    body-i60-m16: [ 1300/1308] radius=5.598e-02 microboxes=2149792
    body-i60-m16: [ 1308/1308] radius=5.750e-02 microboxes=2149920
    edge-i60-m16: [    1/16] radius=7.935e-08 microboxes=2149936
    edge-i60-m16: [    2/16] radius=1.595e-07 microboxes=2149952
    edge-i60-m16: [    3/16] radius=2.383e-07 microboxes=2149968
    edge-i60-m16: [    4/16] radius=3.200e-07 microboxes=2149984
    edge-i60-m16: [    5/16] radius=4.025e-07 microboxes=2150000
    edge-i60-m16: [    6/16] radius=4.857e-07 microboxes=2150016
    edge-i60-m16: [    7/16] radius=5.697e-07 microboxes=2150032
    edge-i60-m16: [    8/16] radius=6.545e-07 microboxes=2150048
    edge-i60-m16: [    9/16] radius=7.401e-07 microboxes=2150064
    edge-i60-m16: [   10/16] radius=8.264e-07 microboxes=2150080
    edge-i60-m16: [   11/16] radius=9.136e-07 microboxes=2150096
    edge-i60-m16: [   12/16] radius=1.002e-06 microboxes=2150112
    edge-i60-m16: [   13/16] radius=1.090e-06 microboxes=2150128
    edge-i60-m16: [   14/16] radius=1.180e-06 microboxes=2150144
    edge-i60-m16: [   15/16] radius=1.270e-06 microboxes=2150160
    edge-i60-m16: [   16/16] radius=1.361e-06 microboxes=2150176
    body-i61-m16: [    1/1308] radius=1.285e-06 microboxes=2150192
    body-i61-m16: [  130/1308] radius=7.622e-04 microboxes=2152256
    body-i61-m16: [  260/1308] radius=3.316e-03 microboxes=2154336
    body-i61-m16: [  390/1308] radius=9.208e-03 microboxes=2156416
    body-i61-m16: [  520/1308] radius=1.522e-02 microboxes=2158496
    body-i61-m16: [  650/1308] radius=2.006e-02 microboxes=2160576
    body-i61-m16: [  780/1308] radius=2.704e-02 microboxes=2162656
    body-i61-m16: [  910/1308] radius=3.095e-02 microboxes=2164736
    body-i61-m16: [ 1040/1308] radius=3.820e-02 microboxes=2166816
    body-i61-m16: [ 1170/1308] radius=4.713e-02 microboxes=2168896
    body-i61-m16: [ 1300/1308] radius=5.632e-02 microboxes=2170976
    body-i61-m16: [ 1308/1308] radius=5.784e-02 microboxes=2171104
    edge-i61-m16: [    1/16] radius=7.932e-08 microboxes=2171120
    edge-i61-m16: [    2/16] radius=1.594e-07 microboxes=2171136
    edge-i61-m16: [    3/16] radius=2.403e-07 microboxes=2171152
    edge-i61-m16: [    4/16] radius=3.211e-07 microboxes=2171168
    edge-i61-m16: [    5/16] radius=4.036e-07 microboxes=2171184
    edge-i61-m16: [    6/16] radius=4.868e-07 microboxes=2171200
    edge-i61-m16: [    7/16] radius=5.707e-07 microboxes=2171216
    edge-i61-m16: [    8/16] radius=6.555e-07 microboxes=2171232
    edge-i61-m16: [    9/16] radius=7.411e-07 microboxes=2171248
    edge-i61-m16: [   10/16] radius=8.274e-07 microboxes=2171264
    edge-i61-m16: [   11/16] radius=9.146e-07 microboxes=2171280
    edge-i61-m16: [   12/16] radius=1.003e-06 microboxes=2171296
    edge-i61-m16: [   13/16] radius=1.091e-06 microboxes=2171312
    edge-i61-m16: [   14/16] radius=1.181e-06 microboxes=2171328
    edge-i61-m16: [   15/16] radius=1.271e-06 microboxes=2171344
    edge-i61-m16: [   16/16] radius=1.362e-06 microboxes=2171360
    body-i62-m16: [    1/1308] radius=1.290e-06 microboxes=2171376
    body-i62-m16: [  130/1308] radius=7.595e-04 microboxes=2173440
    body-i62-m16: [  260/1308] radius=3.302e-03 microboxes=2175520
    body-i62-m16: [  390/1308] radius=9.167e-03 microboxes=2177600
    body-i62-m16: [  520/1308] radius=1.515e-02 microboxes=2179680
    body-i62-m16: [  650/1308] radius=1.997e-02 microboxes=2181760
    body-i62-m16: [  780/1308] radius=2.692e-02 microboxes=2183840
    body-i62-m16: [  910/1308] radius=3.078e-02 microboxes=2185920
    body-i62-m16: [ 1040/1308] radius=3.796e-02 microboxes=2188000
    body-i62-m16: [ 1170/1308] radius=4.683e-02 microboxes=2190080
    body-i62-m16: [ 1300/1308] radius=5.602e-02 microboxes=2192160
    body-i62-m16: [ 1308/1308] radius=5.753e-02 microboxes=2192288
    edge-i62-m16: [    1/16] radius=7.944e-08 microboxes=2192304
    edge-i62-m16: [    2/16] radius=1.597e-07 microboxes=2192320
    edge-i62-m16: [    3/16] radius=2.406e-07 microboxes=2192336
    edge-i62-m16: [    4/16] radius=3.224e-07 microboxes=2192352
    edge-i62-m16: [    5/16] radius=4.035e-07 microboxes=2192368
    edge-i62-m16: [    6/16] radius=4.869e-07 microboxes=2192384
    edge-i62-m16: [    7/16] radius=5.710e-07 microboxes=2192400
    edge-i62-m16: [    8/16] radius=6.559e-07 microboxes=2192416
    edge-i62-m16: [    9/16] radius=7.416e-07 microboxes=2192432
    edge-i62-m16: [   10/16] radius=8.280e-07 microboxes=2192448
    edge-i62-m16: [   11/16] radius=9.153e-07 microboxes=2192464
    edge-i62-m16: [   12/16] radius=1.003e-06 microboxes=2192480
    edge-i62-m16: [   13/16] radius=1.092e-06 microboxes=2192496
    edge-i62-m16: [   14/16] radius=1.182e-06 microboxes=2192512
    edge-i62-m16: [   15/16] radius=1.272e-06 microboxes=2192528
    edge-i62-m16: [   16/16] radius=1.364e-06 microboxes=2192544
    body-i63-m16: [    1/1308] radius=1.289e-06 microboxes=2192560
    body-i63-m16: [  130/1308] radius=7.593e-04 microboxes=2194624
    body-i63-m16: [  260/1308] radius=3.300e-03 microboxes=2196704
    body-i63-m16: [  390/1308] radius=9.151e-03 microboxes=2198784
    body-i63-m16: [  520/1308] radius=1.513e-02 microboxes=2200864
    body-i63-m16: [  650/1308] radius=1.995e-02 microboxes=2202944
    body-i63-m16: [  780/1308] radius=2.690e-02 microboxes=2205024
    body-i63-m16: [  910/1308] radius=3.076e-02 microboxes=2207104
    body-i63-m16: [ 1040/1308] radius=3.799e-02 microboxes=2209184
    body-i63-m16: [ 1170/1308] radius=4.687e-02 microboxes=2211264
    body-i63-m16: [ 1300/1308] radius=5.606e-02 microboxes=2213344
    body-i63-m16: [ 1308/1308] radius=5.758e-02 microboxes=2213472
    edge-i63-m16: [    1/16] radius=7.934e-08 microboxes=2213488
    edge-i63-m16: [    2/16] radius=1.595e-07 microboxes=2213504
    edge-i63-m16: [    3/16] radius=2.403e-07 microboxes=2213520
    edge-i63-m16: [    4/16] radius=3.220e-07 microboxes=2213536
    edge-i63-m16: [    5/16] radius=4.030e-07 microboxes=2213552
    edge-i63-m16: [    6/16] radius=4.863e-07 microboxes=2213568
    edge-i63-m16: [    7/16] radius=5.703e-07 microboxes=2213584
    edge-i63-m16: [    8/16] radius=6.551e-07 microboxes=2213600
    edge-i63-m16: [    9/16] radius=7.407e-07 microboxes=2213616
    edge-i63-m16: [   10/16] radius=8.270e-07 microboxes=2213632
    edge-i63-m16: [   11/16] radius=9.142e-07 microboxes=2213648
    edge-i63-m16: [   12/16] radius=1.002e-06 microboxes=2213664
    edge-i63-m16: [   13/16] radius=1.091e-06 microboxes=2213680
    edge-i63-m16: [   14/16] radius=1.181e-06 microboxes=2213696
    edge-i63-m16: [   15/16] radius=1.271e-06 microboxes=2213712
    edge-i63-m16: [   16/16] radius=1.362e-06 microboxes=2213728
    body-i64-m16: [    1/1308] radius=1.288e-06 microboxes=2213744
    body-i64-m16: [  130/1308] radius=7.623e-04 microboxes=2215808
    body-i64-m16: [  260/1308] radius=3.316e-03 microboxes=2217888
    body-i64-m16: [  390/1308] radius=9.208e-03 microboxes=2219968
    body-i64-m16: [  520/1308] radius=1.522e-02 microboxes=2222048
    body-i64-m16: [  650/1308] radius=2.006e-02 microboxes=2224128
    body-i64-m16: [  780/1308] radius=2.704e-02 microboxes=2226208
    body-i64-m16: [  910/1308] radius=3.095e-02 microboxes=2228288
    body-i64-m16: [ 1040/1308] radius=3.820e-02 microboxes=2230368
    body-i64-m16: [ 1170/1308] radius=4.713e-02 microboxes=2232448
    body-i64-m16: [ 1300/1308] radius=5.632e-02 microboxes=2234528
    body-i64-m16: [ 1308/1308] radius=5.784e-02 microboxes=2234656
    edge-i64-m16: [    1/16] radius=7.933e-08 microboxes=2234672
    edge-i64-m16: [    2/16] radius=1.594e-07 microboxes=2234688
    edge-i64-m16: [    3/16] radius=2.403e-07 microboxes=2234704
    edge-i64-m16: [    4/16] radius=3.219e-07 microboxes=2234720
    edge-i64-m16: [    5/16] radius=4.044e-07 microboxes=2234736
    edge-i64-m16: [    6/16] radius=4.868e-07 microboxes=2234752
    edge-i64-m16: [    7/16] radius=5.708e-07 microboxes=2234768
    edge-i64-m16: [    8/16] radius=6.555e-07 microboxes=2234784
    edge-i64-m16: [    9/16] radius=7.411e-07 microboxes=2234800
    edge-i64-m16: [   10/16] radius=8.275e-07 microboxes=2234816
    edge-i64-m16: [   11/16] radius=9.146e-07 microboxes=2234832
    edge-i64-m16: [   12/16] radius=1.003e-06 microboxes=2234848
    edge-i64-m16: [   13/16] radius=1.091e-06 microboxes=2234864
    edge-i64-m16: [   14/16] radius=1.181e-06 microboxes=2234880
    edge-i64-m16: [   15/16] radius=1.271e-06 microboxes=2234896
    edge-i64-m16: [   16/16] radius=1.362e-06 microboxes=2234912
  [ 65/81] i=64 epsT=1.586e-02 epsG=1.298e-06 edgeRows=2.527e-02 activeR=8.279e-04 sep=1.105e-02 lower=+1.023e-02 pass=True disc=3.23e-10
    body-i65-m16: [    1/1308] radius=1.290e-06 microboxes=2234928
    body-i65-m16: [  130/1308] radius=7.585e-04 microboxes=2236992
    body-i65-m16: [  260/1308] radius=3.298e-03 microboxes=2239072
    body-i65-m16: [  390/1308] radius=9.155e-03 microboxes=2241152
    body-i65-m16: [  520/1308] radius=1.513e-02 microboxes=2243232
    body-i65-m16: [  650/1308] radius=1.995e-02 microboxes=2245312
    body-i65-m16: [  780/1308] radius=2.688e-02 microboxes=2247392
    body-i65-m16: [  910/1308] radius=3.074e-02 microboxes=2249472
    body-i65-m16: [ 1040/1308] radius=3.791e-02 microboxes=2251552
    body-i65-m16: [ 1170/1308] radius=4.677e-02 microboxes=2253632
    body-i65-m16: [ 1300/1308] radius=5.594e-02 microboxes=2255712
    body-i65-m16: [ 1308/1308] radius=5.746e-02 microboxes=2255840
    edge-i65-m16: [    1/16] radius=7.944e-08 microboxes=2255856
    edge-i65-m16: [    2/16] radius=1.597e-07 microboxes=2255872
    edge-i65-m16: [    3/16] radius=2.407e-07 microboxes=2255888
    edge-i65-m16: [    4/16] radius=3.224e-07 microboxes=2255904
    edge-i65-m16: [    5/16] radius=4.050e-07 microboxes=2255920
    edge-i65-m16: [    6/16] radius=4.883e-07 microboxes=2255936
    edge-i65-m16: [    7/16] radius=5.704e-07 microboxes=2255952
    edge-i65-m16: [    8/16] radius=6.553e-07 microboxes=2255968
    edge-i65-m16: [    9/16] radius=7.409e-07 microboxes=2255984
    edge-i65-m16: [   10/16] radius=8.274e-07 microboxes=2256000
    edge-i65-m16: [   11/16] radius=9.147e-07 microboxes=2256016
    edge-i65-m16: [   12/16] radius=1.003e-06 microboxes=2256032
    edge-i65-m16: [   13/16] radius=1.092e-06 microboxes=2256048
    edge-i65-m16: [   14/16] radius=1.181e-06 microboxes=2256064
    edge-i65-m16: [   15/16] radius=1.272e-06 microboxes=2256080
    edge-i65-m16: [   16/16] radius=1.363e-06 microboxes=2256096
    body-i66-m16: [    1/1308] radius=1.288e-06 microboxes=2256112
    body-i66-m16: [  130/1308] radius=7.602e-04 microboxes=2258176
    body-i66-m16: [  260/1308] radius=3.303e-03 microboxes=2260256
    body-i66-m16: [  390/1308] radius=9.162e-03 microboxes=2262336
    body-i66-m16: [  520/1308] radius=1.515e-02 microboxes=2264416
    body-i66-m16: [  650/1308] radius=1.998e-02 microboxes=2266496
    body-i66-m16: [  780/1308] radius=2.693e-02 microboxes=2268576
    body-i66-m16: [  910/1308] radius=3.080e-02 microboxes=2270656
    body-i66-m16: [ 1040/1308] radius=3.804e-02 microboxes=2272736
    body-i66-m16: [ 1170/1308] radius=4.694e-02 microboxes=2274816
    body-i66-m16: [ 1300/1308] radius=5.613e-02 microboxes=2276896
    body-i66-m16: [ 1308/1308] radius=5.765e-02 microboxes=2277024
    edge-i66-m16: [    1/16] radius=7.934e-08 microboxes=2277040
    edge-i66-m16: [    2/16] radius=1.595e-07 microboxes=2277056
    edge-i66-m16: [    3/16] radius=2.404e-07 microboxes=2277072
    edge-i66-m16: [    4/16] radius=3.220e-07 microboxes=2277088
    edge-i66-m16: [    5/16] radius=4.045e-07 microboxes=2277104
    edge-i66-m16: [    6/16] radius=4.877e-07 microboxes=2277120
    edge-i66-m16: [    7/16] radius=5.717e-07 microboxes=2277136
    edge-i66-m16: [    8/16] radius=6.563e-07 microboxes=2277152
    edge-i66-m16: [    9/16] radius=7.419e-07 microboxes=2277168
    edge-i66-m16: [   10/16] radius=8.283e-07 microboxes=2277184
    edge-i66-m16: [   11/16] radius=9.154e-07 microboxes=2277200
    edge-i66-m16: [   12/16] radius=1.003e-06 microboxes=2277216
    edge-i66-m16: [   13/16] radius=1.092e-06 microboxes=2277232
    edge-i66-m16: [   14/16] radius=1.182e-06 microboxes=2277248
    edge-i66-m16: [   15/16] radius=1.272e-06 microboxes=2277264
    edge-i66-m16: [   16/16] radius=1.363e-06 microboxes=2277280
    body-i67-m16: [    1/1308] radius=1.288e-06 microboxes=2277296
    body-i67-m16: [  130/1308] radius=7.614e-04 microboxes=2279360
    body-i67-m16: [  260/1308] radius=3.313e-03 microboxes=2281440
    body-i67-m16: [  390/1308] radius=9.197e-03 microboxes=2283520
    body-i67-m16: [  520/1308] radius=1.520e-02 microboxes=2285600
    body-i67-m16: [  650/1308] radius=2.004e-02 microboxes=2287680
    body-i67-m16: [  780/1308] radius=2.700e-02 microboxes=2289760
    body-i67-m16: [  910/1308] radius=3.091e-02 microboxes=2291840
    body-i67-m16: [ 1040/1308] radius=3.815e-02 microboxes=2293920
    body-i67-m16: [ 1170/1308] radius=4.706e-02 microboxes=2296000
    body-i67-m16: [ 1300/1308] radius=5.624e-02 microboxes=2298080
    body-i67-m16: [ 1308/1308] radius=5.777e-02 microboxes=2298208
    edge-i67-m16: [    1/16] radius=7.933e-08 microboxes=2298224
    edge-i67-m16: [    2/16] radius=1.594e-07 microboxes=2298240
    edge-i67-m16: [    3/16] radius=2.403e-07 microboxes=2298256
    edge-i67-m16: [    4/16] radius=3.219e-07 microboxes=2298272
    edge-i67-m16: [    5/16] radius=4.044e-07 microboxes=2298288
    edge-i67-m16: [    6/16] radius=4.876e-07 microboxes=2298304
    edge-i67-m16: [    7/16] radius=5.716e-07 microboxes=2298320
    edge-i67-m16: [    8/16] radius=6.564e-07 microboxes=2298336
    edge-i67-m16: [    9/16] radius=7.394e-07 microboxes=2298352
    edge-i67-m16: [   10/16] radius=8.258e-07 microboxes=2298368
    edge-i67-m16: [   11/16] radius=9.129e-07 microboxes=2298384
    edge-i67-m16: [   12/16] radius=1.001e-06 microboxes=2298400
    edge-i67-m16: [   13/16] radius=1.090e-06 microboxes=2298416
    edge-i67-m16: [   14/16] radius=1.179e-06 microboxes=2298432
    edge-i67-m16: [   15/16] radius=1.269e-06 microboxes=2298448
    edge-i67-m16: [   16/16] radius=1.361e-06 microboxes=2298464
    body-i68-m16: [    1/1308] radius=1.290e-06 microboxes=2298480
    body-i68-m16: [  130/1308] radius=7.577e-04 microboxes=2300544
    body-i68-m16: [  260/1308] radius=3.294e-03 microboxes=2302624
    body-i68-m16: [  390/1308] radius=9.145e-03 microboxes=2304704
    body-i68-m16: [  520/1308] radius=1.511e-02 microboxes=2306784
    body-i68-m16: [  650/1308] radius=1.992e-02 microboxes=2308864
    body-i68-m16: [  780/1308] radius=2.685e-02 microboxes=2310944
    body-i68-m16: [  910/1308] radius=3.070e-02 microboxes=2313024
    body-i68-m16: [ 1040/1308] radius=3.787e-02 microboxes=2315104
    body-i68-m16: [ 1170/1308] radius=4.672e-02 microboxes=2317184
    body-i68-m16: [ 1300/1308] radius=5.587e-02 microboxes=2319264
    body-i68-m16: [ 1308/1308] radius=5.739e-02 microboxes=2319392
    edge-i68-m16: [    1/16] radius=7.944e-08 microboxes=2319408
    edge-i68-m16: [    2/16] radius=1.597e-07 microboxes=2319424
    edge-i68-m16: [    3/16] radius=2.407e-07 microboxes=2319440
    edge-i68-m16: [    4/16] radius=3.224e-07 microboxes=2319456
    edge-i68-m16: [    5/16] radius=4.050e-07 microboxes=2319472
    edge-i68-m16: [    6/16] radius=4.883e-07 microboxes=2319488
    edge-i68-m16: [    7/16] radius=5.724e-07 microboxes=2319504
    edge-i68-m16: [    8/16] radius=6.573e-07 microboxes=2319520
    edge-i68-m16: [    9/16] radius=7.430e-07 microboxes=2319536
    edge-i68-m16: [   10/16] radius=8.291e-07 microboxes=2319552
    edge-i68-m16: [   11/16] radius=9.164e-07 microboxes=2319568
    edge-i68-m16: [   12/16] radius=1.004e-06 microboxes=2319584
    edge-i68-m16: [   13/16] radius=1.093e-06 microboxes=2319600
    edge-i68-m16: [   14/16] radius=1.183e-06 microboxes=2319616
    edge-i68-m16: [   15/16] radius=1.274e-06 microboxes=2319632
    edge-i68-m16: [   16/16] radius=1.365e-06 microboxes=2319648
    body-i69-m16: [    1/1308] radius=1.288e-06 microboxes=2319664
    body-i69-m16: [  130/1308] radius=7.612e-04 microboxes=2321728
    body-i69-m16: [  260/1308] radius=3.307e-03 microboxes=2323808
    body-i69-m16: [  390/1308] radius=9.174e-03 microboxes=2325888
    body-i69-m16: [  520/1308] radius=1.517e-02 microboxes=2327968
    body-i69-m16: [  650/1308] radius=2.000e-02 microboxes=2330048
    body-i69-m16: [  780/1308] radius=2.697e-02 microboxes=2332128
    body-i69-m16: [  910/1308] radius=3.084e-02 microboxes=2334208
    body-i69-m16: [ 1040/1308] radius=3.809e-02 microboxes=2336288
    body-i69-m16: [ 1170/1308] radius=4.700e-02 microboxes=2338368
    body-i69-m16: [ 1300/1308] radius=5.620e-02 microboxes=2340448
    body-i69-m16: [ 1308/1308] radius=5.773e-02 microboxes=2340576
    edge-i69-m16: [    1/16] radius=7.934e-08 microboxes=2340592
    edge-i69-m16: [    2/16] radius=1.595e-07 microboxes=2340608
    edge-i69-m16: [    3/16] radius=2.403e-07 microboxes=2340624
    edge-i69-m16: [    4/16] radius=3.220e-07 microboxes=2340640
    edge-i69-m16: [    5/16] radius=4.045e-07 microboxes=2340656
    edge-i69-m16: [    6/16] radius=4.877e-07 microboxes=2340672
    edge-i69-m16: [    7/16] radius=5.717e-07 microboxes=2340688
    edge-i69-m16: [    8/16] radius=6.565e-07 microboxes=2340704
    edge-i69-m16: [    9/16] radius=7.421e-07 microboxes=2340720
    edge-i69-m16: [   10/16] radius=8.266e-07 microboxes=2340736
    edge-i69-m16: [   11/16] radius=9.137e-07 microboxes=2340752
    edge-i69-m16: [   12/16] radius=1.002e-06 microboxes=2340768
    edge-i69-m16: [   13/16] radius=1.090e-06 microboxes=2340784
    edge-i69-m16: [   14/16] radius=1.180e-06 microboxes=2340800
    edge-i69-m16: [   15/16] radius=1.270e-06 microboxes=2340816
    edge-i69-m16: [   16/16] radius=1.362e-06 microboxes=2340832
  [ 70/81] i=69 epsT=1.583e-02 epsG=1.297e-06 edgeRows=2.527e-02 activeR=8.260e-04 sep=1.107e-02 lower=+1.025e-02 pass=True disc=3.23e-10
    body-i70-m16: [    1/1308] radius=1.288e-06 microboxes=2340848
    body-i70-m16: [  130/1308] radius=7.605e-04 microboxes=2342912
    body-i70-m16: [  260/1308] radius=3.309e-03 microboxes=2344992
    body-i70-m16: [  390/1308] radius=9.186e-03 microboxes=2347072
    body-i70-m16: [  520/1308] radius=1.518e-02 microboxes=2349152
    body-i70-m16: [  650/1308] radius=2.001e-02 microboxes=2351232
    body-i70-m16: [  780/1308] radius=2.697e-02 microboxes=2353312
    body-i70-m16: [  910/1308] radius=3.087e-02 microboxes=2355392
    body-i70-m16: [ 1040/1308] radius=3.811e-02 microboxes=2357472
    body-i70-m16: [ 1170/1308] radius=4.700e-02 microboxes=2359552
    body-i70-m16: [ 1300/1308] radius=5.617e-02 microboxes=2361632
    body-i70-m16: [ 1308/1308] radius=5.769e-02 microboxes=2361760
    edge-i70-m16: [    1/16] radius=7.933e-08 microboxes=2361776
    edge-i70-m16: [    2/16] radius=1.594e-07 microboxes=2361792
    edge-i70-m16: [    3/16] radius=2.403e-07 microboxes=2361808
    edge-i70-m16: [    4/16] radius=3.219e-07 microboxes=2361824
    edge-i70-m16: [    5/16] radius=4.044e-07 microboxes=2361840
    edge-i70-m16: [    6/16] radius=4.876e-07 microboxes=2361856
    edge-i70-m16: [    7/16] radius=5.716e-07 microboxes=2361872
    edge-i70-m16: [    8/16] radius=6.564e-07 microboxes=2361888
    edge-i70-m16: [    9/16] radius=7.419e-07 microboxes=2361904
    edge-i70-m16: [   10/16] radius=8.283e-07 microboxes=2361920
    edge-i70-m16: [   11/16] radius=9.144e-07 microboxes=2361936
    edge-i70-m16: [   12/16] radius=1.002e-06 microboxes=2361952
    edge-i70-m16: [   13/16] radius=1.091e-06 microboxes=2361968
    edge-i70-m16: [   14/16] radius=1.181e-06 microboxes=2361984
    edge-i70-m16: [   15/16] radius=1.271e-06 microboxes=2362000
    edge-i70-m16: [   16/16] radius=1.362e-06 microboxes=2362016
    body-i71-m16: [    1/1308] radius=1.290e-06 microboxes=2362032
    body-i71-m16: [  130/1308] radius=7.582e-04 microboxes=2364096
    body-i71-m16: [  260/1308] radius=3.296e-03 microboxes=2366176
    body-i71-m16: [  390/1308] radius=9.151e-03 microboxes=2368256
    body-i71-m16: [  520/1308] radius=1.512e-02 microboxes=2370336
    body-i71-m16: [  650/1308] radius=1.993e-02 microboxes=2372416
    body-i71-m16: [  780/1308] radius=2.686e-02 microboxes=2374496
    body-i71-m16: [  910/1308] radius=3.072e-02 microboxes=2376576
    body-i71-m16: [ 1040/1308] radius=3.789e-02 microboxes=2378656
    body-i71-m16: [ 1170/1308] radius=4.675e-02 microboxes=2380736
    body-i71-m16: [ 1300/1308] radius=5.591e-02 microboxes=2382816
    body-i71-m16: [ 1308/1308] radius=5.742e-02 microboxes=2382944
    edge-i71-m16: [    1/16] radius=7.945e-08 microboxes=2382960
    edge-i71-m16: [    2/16] radius=1.597e-07 microboxes=2382976
    edge-i71-m16: [    3/16] radius=2.407e-07 microboxes=2382992
    edge-i71-m16: [    4/16] radius=3.224e-07 microboxes=2383008
    edge-i71-m16: [    5/16] radius=4.050e-07 microboxes=2383024
    edge-i71-m16: [    6/16] radius=4.883e-07 microboxes=2383040
    edge-i71-m16: [    7/16] radius=5.725e-07 microboxes=2383056
    edge-i71-m16: [    8/16] radius=6.574e-07 microboxes=2383072
    edge-i71-m16: [    9/16] radius=7.431e-07 microboxes=2383088
    edge-i71-m16: [   10/16] radius=8.296e-07 microboxes=2383104
    edge-i71-m16: [   11/16] radius=9.169e-07 microboxes=2383120
    edge-i71-m16: [   12/16] radius=1.004e-06 microboxes=2383136
    edge-i71-m16: [   13/16] radius=1.093e-06 microboxes=2383152
    edge-i71-m16: [   14/16] radius=1.182e-06 microboxes=2383168
    edge-i71-m16: [   15/16] radius=1.273e-06 microboxes=2383184
    edge-i71-m16: [   16/16] radius=1.364e-06 microboxes=2383200
    body-i72-m16: [    1/1308] radius=1.288e-06 microboxes=2383216
    body-i72-m16: [  130/1308] radius=7.621e-04 microboxes=2385280
    body-i72-m16: [  260/1308] radius=3.311e-03 microboxes=2387360
    body-i72-m16: [  390/1308] radius=9.185e-03 microboxes=2389440
    body-i72-m16: [  520/1308] radius=1.519e-02 microboxes=2391520
    body-i72-m16: [  650/1308] radius=2.003e-02 microboxes=2393600
    body-i72-m16: [  780/1308] radius=2.700e-02 microboxes=2395680
    body-i72-m16: [  910/1308] radius=3.088e-02 microboxes=2397760
    body-i72-m16: [ 1040/1308] radius=3.814e-02 microboxes=2399840
    body-i72-m16: [ 1170/1308] radius=4.706e-02 microboxes=2401920
    body-i72-m16: [ 1300/1308] radius=5.628e-02 microboxes=2404000
    body-i72-m16: [ 1308/1308] radius=5.780e-02 microboxes=2404128
    edge-i72-m16: [    1/16] radius=7.934e-08 microboxes=2404144
    edge-i72-m16: [    2/16] radius=1.595e-07 microboxes=2404160
    edge-i72-m16: [    3/16] radius=2.403e-07 microboxes=2404176
    edge-i72-m16: [    4/16] radius=3.220e-07 microboxes=2404192
    edge-i72-m16: [    5/16] radius=4.044e-07 microboxes=2404208
    edge-i72-m16: [    6/16] radius=4.877e-07 microboxes=2404224
    edge-i72-m16: [    7/16] radius=5.717e-07 microboxes=2404240
    edge-i72-m16: [    8/16] radius=6.565e-07 microboxes=2404256
    edge-i72-m16: [    9/16] radius=7.421e-07 microboxes=2404272
    edge-i72-m16: [   10/16] radius=8.284e-07 microboxes=2404288
    edge-i72-m16: [   11/16] radius=9.156e-07 microboxes=2404304
    edge-i72-m16: [   12/16] radius=1.004e-06 microboxes=2404320
    edge-i72-m16: [   13/16] radius=1.091e-06 microboxes=2404336
    edge-i72-m16: [   14/16] radius=1.180e-06 microboxes=2404352
    edge-i72-m16: [   15/16] radius=1.271e-06 microboxes=2404368
    edge-i72-m16: [   16/16] radius=1.362e-06 microboxes=2404384
    body-i73-m16: [    1/1308] radius=1.288e-06 microboxes=2404400
    body-i73-m16: [  130/1308] radius=7.596e-04 microboxes=2406464
    body-i73-m16: [  260/1308] radius=3.305e-03 microboxes=2408544
    body-i73-m16: [  390/1308] radius=9.174e-03 microboxes=2410624
    body-i73-m16: [  520/1308] radius=1.516e-02 microboxes=2412704
    body-i73-m16: [  650/1308] radius=1.999e-02 microboxes=2414784
    body-i73-m16: [  780/1308] radius=2.694e-02 microboxes=2416864
    body-i73-m16: [  910/1308] radius=3.083e-02 microboxes=2418944
    body-i73-m16: [ 1040/1308] radius=3.806e-02 microboxes=2421024
    body-i73-m16: [ 1170/1308] radius=4.694e-02 microboxes=2423104
    body-i73-m16: [ 1300/1308] radius=5.610e-02 microboxes=2425184
    body-i73-m16: [ 1308/1308] radius=5.762e-02 microboxes=2425312
    edge-i73-m16: [    1/16] radius=7.933e-08 microboxes=2425328
    edge-i73-m16: [    2/16] radius=1.594e-07 microboxes=2425344
    edge-i73-m16: [    3/16] radius=2.403e-07 microboxes=2425360
    edge-i73-m16: [    4/16] radius=3.220e-07 microboxes=2425376
    edge-i73-m16: [    5/16] radius=4.044e-07 microboxes=2425392
    edge-i73-m16: [    6/16] radius=4.876e-07 microboxes=2425408
    edge-i73-m16: [    7/16] radius=5.716e-07 microboxes=2425424
    edge-i73-m16: [    8/16] radius=6.564e-07 microboxes=2425440
    edge-i73-m16: [    9/16] radius=7.419e-07 microboxes=2425456
    edge-i73-m16: [   10/16] radius=8.283e-07 microboxes=2425472
    edge-i73-m16: [   11/16] radius=9.155e-07 microboxes=2425488
    edge-i73-m16: [   12/16] radius=1.003e-06 microboxes=2425504
    edge-i73-m16: [   13/16] radius=1.092e-06 microboxes=2425520
    edge-i73-m16: [   14/16] radius=1.181e-06 microboxes=2425536
    edge-i73-m16: [   15/16] radius=1.271e-06 microboxes=2425552
    edge-i73-m16: [   16/16] radius=1.363e-06 microboxes=2425568
    body-i74-m16: [    1/1308] radius=1.290e-06 microboxes=2425584
    body-i74-m16: [  130/1308] radius=7.591e-04 microboxes=2427648
    body-i74-m16: [  260/1308] radius=3.300e-03 microboxes=2429728
    body-i74-m16: [  390/1308] radius=9.162e-03 microboxes=2431808
    body-i74-m16: [  520/1308] radius=1.514e-02 microboxes=2433888
    body-i74-m16: [  650/1308] radius=1.996e-02 microboxes=2435968
    body-i74-m16: [  780/1308] radius=2.690e-02 microboxes=2438048
    body-i74-m16: [  910/1308] radius=3.076e-02 microboxes=2440128
    body-i74-m16: [ 1040/1308] radius=3.794e-02 microboxes=2442208
    body-i74-m16: [ 1170/1308] radius=4.681e-02 microboxes=2444288
    body-i74-m16: [ 1300/1308] radius=5.598e-02 microboxes=2446368
    body-i74-m16: [ 1308/1308] radius=5.750e-02 microboxes=2446496
    edge-i74-m16: [    1/16] radius=7.945e-08 microboxes=2446512
    edge-i74-m16: [    2/16] radius=1.597e-07 microboxes=2446528
    edge-i74-m16: [    3/16] radius=2.407e-07 microboxes=2446544
    edge-i74-m16: [    4/16] radius=3.225e-07 microboxes=2446560
    edge-i74-m16: [    5/16] radius=4.050e-07 microboxes=2446576
    edge-i74-m16: [    6/16] radius=4.883e-07 microboxes=2446592
    edge-i74-m16: [    7/16] radius=5.725e-07 microboxes=2446608
    edge-i74-m16: [    8/16] radius=6.574e-07 microboxes=2446624
    edge-i74-m16: [    9/16] radius=7.431e-07 microboxes=2446640
    edge-i74-m16: [   10/16] radius=8.296e-07 microboxes=2446656
    edge-i74-m16: [   11/16] radius=9.169e-07 microboxes=2446672
    edge-i74-m16: [   12/16] radius=1.005e-06 microboxes=2446688
    edge-i74-m16: [   13/16] radius=1.094e-06 microboxes=2446704
    edge-i74-m16: [   14/16] radius=1.184e-06 microboxes=2446720
    edge-i74-m16: [   15/16] radius=1.272e-06 microboxes=2446736
    edge-i74-m16: [   16/16] radius=1.363e-06 microboxes=2446752
  [ 75/81] i=74 epsT=1.577e-02 epsG=1.299e-06 edgeRows=2.527e-02 activeR=8.228e-04 sep=1.108e-02 lower=+1.025e-02 pass=True disc=3.23e-10
    body-i75-m16: [    1/1308] radius=1.288e-06 microboxes=2446768
    body-i75-m16: [  130/1308] radius=7.630e-04 microboxes=2448832
    body-i75-m16: [  260/1308] radius=3.315e-03 microboxes=2450912
    body-i75-m16: [  390/1308] radius=9.196e-03 microboxes=2452992
    body-i75-m16: [  520/1308] radius=1.521e-02 microboxes=2455072
    body-i75-m16: [  650/1308] radius=2.005e-02 microboxes=2457152
    body-i75-m16: [  780/1308] radius=2.703e-02 microboxes=2459232
    body-i75-m16: [  910/1308] radius=3.092e-02 microboxes=2461312
    body-i75-m16: [ 1040/1308] radius=3.819e-02 microboxes=2463392
    body-i75-m16: [ 1170/1308] radius=4.712e-02 microboxes=2465472
    body-i75-m16: [ 1300/1308] radius=5.635e-02 microboxes=2467552
    body-i75-m16: [ 1308/1308] radius=5.788e-02 microboxes=2467680
    edge-i75-m16: [    1/16] radius=7.934e-08 microboxes=2467696
    edge-i75-m16: [    2/16] radius=1.595e-07 microboxes=2467712
    edge-i75-m16: [    3/16] radius=2.403e-07 microboxes=2467728
    edge-i75-m16: [    4/16] radius=3.220e-07 microboxes=2467744
    edge-i75-m16: [    5/16] radius=4.044e-07 microboxes=2467760
    edge-i75-m16: [    6/16] radius=4.877e-07 microboxes=2467776
    edge-i75-m16: [    7/16] radius=5.717e-07 microboxes=2467792
    edge-i75-m16: [    8/16] radius=6.565e-07 microboxes=2467808
    edge-i75-m16: [    9/16] radius=7.421e-07 microboxes=2467824
    edge-i75-m16: [   10/16] radius=8.284e-07 microboxes=2467840
    edge-i75-m16: [   11/16] radius=9.156e-07 microboxes=2467856
    edge-i75-m16: [   12/16] radius=1.004e-06 microboxes=2467872
    edge-i75-m16: [   13/16] radius=1.092e-06 microboxes=2467888
    edge-i75-m16: [   14/16] radius=1.182e-06 microboxes=2467904
    edge-i75-m16: [   15/16] radius=1.272e-06 microboxes=2467920
    edge-i75-m16: [   16/16] radius=1.363e-06 microboxes=2467936
    body-i76-m16: [    1/1308] radius=1.288e-06 microboxes=2467952
    body-i76-m16: [  130/1308] radius=7.587e-04 microboxes=2470016
    body-i76-m16: [  260/1308] radius=3.300e-03 microboxes=2472096
    body-i76-m16: [  390/1308] radius=9.163e-03 microboxes=2474176
    body-i76-m16: [  520/1308] radius=1.514e-02 microboxes=2476256
    body-i76-m16: [  650/1308] radius=1.996e-02 microboxes=2478336
    body-i76-m16: [  780/1308] radius=2.690e-02 microboxes=2480416
    body-i76-m16: [  910/1308] radius=3.079e-02 microboxes=2482496
    body-i76-m16: [ 1040/1308] radius=3.801e-02 microboxes=2484576
    body-i76-m16: [ 1170/1308] radius=4.688e-02 microboxes=2486656
    body-i76-m16: [ 1300/1308] radius=5.602e-02 microboxes=2488736
    body-i76-m16: [ 1308/1308] radius=5.754e-02 microboxes=2488864
    edge-i76-m16: [    1/16] radius=7.933e-08 microboxes=2488880
    edge-i76-m16: [    2/16] radius=1.594e-07 microboxes=2488896
    edge-i76-m16: [    3/16] radius=2.403e-07 microboxes=2488912
    edge-i76-m16: [    4/16] radius=3.220e-07 microboxes=2488928
    edge-i76-m16: [    5/16] radius=4.044e-07 microboxes=2488944
    edge-i76-m16: [    6/16] radius=4.876e-07 microboxes=2488960
    edge-i76-m16: [    7/16] radius=5.716e-07 microboxes=2488976
    edge-i76-m16: [    8/16] radius=6.564e-07 microboxes=2488992
    edge-i76-m16: [    9/16] radius=7.419e-07 microboxes=2489008
    edge-i76-m16: [   10/16] radius=8.283e-07 microboxes=2489024
    edge-i76-m16: [   11/16] radius=9.155e-07 microboxes=2489040
    edge-i76-m16: [   12/16] radius=1.003e-06 microboxes=2489056
    edge-i76-m16: [   13/16] radius=1.092e-06 microboxes=2489072
    edge-i76-m16: [   14/16] radius=1.182e-06 microboxes=2489088
    edge-i76-m16: [   15/16] radius=1.272e-06 microboxes=2489104
    edge-i76-m16: [   16/16] radius=1.361e-06 microboxes=2489120
    body-i77-m16: [    1/1308] radius=1.268e-06 microboxes=2489136
    body-i77-m16: [  130/1308] radius=7.600e-04 microboxes=2491200
    body-i77-m16: [  260/1308] radius=3.305e-03 microboxes=2493280
    body-i77-m16: [  390/1308] radius=9.174e-03 microboxes=2495360
    body-i77-m16: [  520/1308] radius=1.516e-02 microboxes=2497440
    body-i77-m16: [  650/1308] radius=1.998e-02 microboxes=2499520
    body-i77-m16: [  780/1308] radius=2.693e-02 microboxes=2501600
    body-i77-m16: [  910/1308] radius=3.080e-02 microboxes=2503680
    body-i77-m16: [ 1040/1308] radius=3.799e-02 microboxes=2505760
    body-i77-m16: [ 1170/1308] radius=4.686e-02 microboxes=2507840
    body-i77-m16: [ 1300/1308] radius=5.605e-02 microboxes=2509920
    body-i77-m16: [ 1308/1308] radius=5.757e-02 microboxes=2510048
    edge-i77-m16: [    1/16] radius=7.886e-08 microboxes=2510064
    edge-i77-m16: [    2/16] radius=1.591e-07 microboxes=2510080
    edge-i77-m16: [    3/16] radius=2.401e-07 microboxes=2510096
    edge-i77-m16: [    4/16] radius=3.219e-07 microboxes=2510112
    edge-i77-m16: [    5/16] radius=4.044e-07 microboxes=2510128
    edge-i77-m16: [    6/16] radius=4.877e-07 microboxes=2510144
    edge-i77-m16: [    7/16] radius=5.719e-07 microboxes=2510160
    edge-i77-m16: [    8/16] radius=6.568e-07 microboxes=2510176
    edge-i77-m16: [    9/16] radius=7.425e-07 microboxes=2510192
    edge-i77-m16: [   10/16] radius=8.290e-07 microboxes=2510208
    edge-i77-m16: [   11/16] radius=9.163e-07 microboxes=2510224
    edge-i77-m16: [   12/16] radius=1.004e-06 microboxes=2510240
    edge-i77-m16: [   13/16] radius=1.093e-06 microboxes=2510256
    edge-i77-m16: [   14/16] radius=1.183e-06 microboxes=2510272
    edge-i77-m16: [   15/16] radius=1.273e-06 microboxes=2510288
    edge-i77-m16: [   16/16] radius=1.365e-06 microboxes=2510304
    body-i78-m16: [    1/1308] radius=1.282e-06 microboxes=2510320
    body-i78-m16: [  130/1308] radius=7.620e-04 microboxes=2512384
    body-i78-m16: [  260/1308] radius=3.311e-03 microboxes=2514464
    body-i78-m16: [  390/1308] radius=9.185e-03 microboxes=2516544
    body-i78-m16: [  520/1308] radius=1.519e-02 microboxes=2518624
    body-i78-m16: [  650/1308] radius=2.003e-02 microboxes=2520704
    body-i78-m16: [  780/1308] radius=2.700e-02 microboxes=2522784
    body-i78-m16: [  910/1308] radius=3.088e-02 microboxes=2524864
    body-i78-m16: [ 1040/1308] radius=3.814e-02 microboxes=2526944
    body-i78-m16: [ 1170/1308] radius=4.707e-02 microboxes=2529024
    body-i78-m16: [ 1300/1308] radius=5.628e-02 microboxes=2531104
    body-i78-m16: [ 1308/1308] radius=5.781e-02 microboxes=2531232
    edge-i78-m16: [    1/16] radius=7.934e-08 microboxes=2531248
    edge-i78-m16: [    2/16] radius=1.579e-07 microboxes=2531264
    edge-i78-m16: [    3/16] radius=2.387e-07 microboxes=2531280
    edge-i78-m16: [    4/16] radius=3.204e-07 microboxes=2531296
    edge-i78-m16: [    5/16] radius=4.028e-07 microboxes=2531312
    edge-i78-m16: [    6/16] radius=4.860e-07 microboxes=2531328
    edge-i78-m16: [    7/16] radius=5.701e-07 microboxes=2531344
    edge-i78-m16: [    8/16] radius=6.548e-07 microboxes=2531360
    edge-i78-m16: [    9/16] radius=7.404e-07 microboxes=2531376
    edge-i78-m16: [   10/16] radius=8.268e-07 microboxes=2531392
    edge-i78-m16: [   11/16] radius=9.140e-07 microboxes=2531408
    edge-i78-m16: [   12/16] radius=1.002e-06 microboxes=2531424
    edge-i78-m16: [   13/16] radius=1.091e-06 microboxes=2531440
    edge-i78-m16: [   14/16] radius=1.180e-06 microboxes=2531456
    edge-i78-m16: [   15/16] radius=1.271e-06 microboxes=2531472
    edge-i78-m16: [   16/16] radius=1.362e-06 microboxes=2531488
    body-i79-m16: [    1/1308] radius=1.253e-06 microboxes=2531504
    body-i79-m16: [  130/1308] radius=7.577e-04 microboxes=2533568
    body-i79-m16: [  260/1308] radius=3.297e-03 microboxes=2535648
    body-i79-m16: [  390/1308] radius=9.151e-03 microboxes=2537728
    body-i79-m16: [  520/1308] radius=1.512e-02 microboxes=2539808
    body-i79-m16: [  650/1308] radius=1.994e-02 microboxes=2541888
    body-i79-m16: [  780/1308] radius=2.687e-02 microboxes=2543968
    body-i79-m16: [  910/1308] radius=3.076e-02 microboxes=2546048
    body-i79-m16: [ 1040/1308] radius=3.796e-02 microboxes=2548128
    body-i79-m16: [ 1170/1308] radius=4.682e-02 microboxes=2550208
    body-i79-m16: [ 1300/1308] radius=5.595e-02 microboxes=2552288
    body-i79-m16: [ 1308/1308] radius=5.747e-02 microboxes=2552416
    edge-i79-m16: [    1/16] radius=7.933e-08 microboxes=2552432
    edge-i79-m16: [    2/16] radius=1.594e-07 microboxes=2552448
    edge-i79-m16: [    3/16] radius=2.391e-07 microboxes=2552464
    edge-i79-m16: [    4/16] radius=3.207e-07 microboxes=2552480
    edge-i79-m16: [    5/16] radius=4.032e-07 microboxes=2552496
    edge-i79-m16: [    6/16] radius=4.864e-07 microboxes=2552512
    edge-i79-m16: [    7/16] radius=5.704e-07 microboxes=2552528
    edge-i79-m16: [    8/16] radius=6.551e-07 microboxes=2552544
    edge-i79-m16: [    9/16] radius=7.407e-07 microboxes=2552560
    edge-i79-m16: [   10/16] radius=8.271e-07 microboxes=2552576
    edge-i79-m16: [   11/16] radius=9.142e-07 microboxes=2552592
    edge-i79-m16: [   12/16] radius=1.002e-06 microboxes=2552608
    edge-i79-m16: [   13/16] radius=1.091e-06 microboxes=2552624
    edge-i79-m16: [   14/16] radius=1.180e-06 microboxes=2552640
    edge-i79-m16: [   15/16] radius=1.271e-06 microboxes=2552656
    edge-i79-m16: [   16/16] radius=1.362e-06 microboxes=2552672
  [ 80/81] i=79 epsT=1.576e-02 epsG=1.298e-06 edgeRows=2.527e-02 activeR=8.225e-04 sep=1.105e-02 lower=+1.023e-02 pass=True disc=3.23e-10
    body-i80-m16: [    1/1308] radius=1.274e-06 microboxes=2552688
    body-i80-m16: [  130/1308] radius=7.610e-04 microboxes=2554752
    body-i80-m16: [  260/1308] radius=3.309e-03 microboxes=2556832
    body-i80-m16: [  390/1308] radius=9.185e-03 microboxes=2558912
    body-i80-m16: [  520/1308] radius=1.518e-02 microboxes=2560992
    body-i80-m16: [  650/1308] radius=2.001e-02 microboxes=2563072
    body-i80-m16: [  780/1308] radius=2.696e-02 microboxes=2565152
    body-i80-m16: [  910/1308] radius=3.084e-02 microboxes=2567232
    body-i80-m16: [ 1040/1308] radius=3.803e-02 microboxes=2569312
    body-i80-m16: [ 1170/1308] radius=4.692e-02 microboxes=2571392
    body-i80-m16: [ 1300/1308] radius=5.612e-02 microboxes=2573472
    body-i80-m16: [ 1308/1308] radius=5.764e-02 microboxes=2573600
    edge-i80-m16: [    1/16] radius=7.945e-08 microboxes=2573616
    edge-i80-m16: [    2/16] radius=1.597e-07 microboxes=2573632
    edge-i80-m16: [    3/16] radius=2.407e-07 microboxes=2573648
    edge-i80-m16: [    4/16] radius=3.215e-07 microboxes=2573664
    edge-i80-m16: [    5/16] radius=4.040e-07 microboxes=2573680
    edge-i80-m16: [    6/16] radius=4.874e-07 microboxes=2573696
    edge-i80-m16: [    7/16] radius=5.715e-07 microboxes=2573712
    edge-i80-m16: [    8/16] radius=6.564e-07 microboxes=2573728
    edge-i80-m16: [    9/16] radius=7.421e-07 microboxes=2573744
    edge-i80-m16: [   10/16] radius=8.286e-07 microboxes=2573760
    edge-i80-m16: [   11/16] radius=9.159e-07 microboxes=2573776
    edge-i80-m16: [   12/16] radius=1.004e-06 microboxes=2573792
    edge-i80-m16: [   13/16] radius=1.093e-06 microboxes=2573808
    edge-i80-m16: [   14/16] radius=1.183e-06 microboxes=2573824
    edge-i80-m16: [   15/16] radius=1.273e-06 microboxes=2573840
    edge-i80-m16: [   16/16] radius=1.364e-06 microboxes=2573856
  [ 81/81] i=80 epsT=1.581e-02 epsG=1.300e-06 edgeRows=2.527e-02 activeR=8.249e-04 sep=1.108e-02 lower=+1.025e-02 pass=True disc=3.23e-10
  summary m=16: passed=81/81 minLower=+1.022548e-02 at i=64 maxR=8.285589e-04 maxDisc=3.292e-10
==============================================================================
residual subdivisions=32
    body-i0-m32: [    1/1308] radius=6.448e-07 microboxes=2573888
    body-i0-m32: [  130/1308] radius=3.815e-04 microboxes=2578016
    body-i0-m32: [  260/1308] radius=1.658e-03 microboxes=2582176
    body-i0-m32: [  390/1308] radius=4.598e-03 microboxes=2586336
    body-i0-m32: [  520/1308] radius=7.593e-03 microboxes=2590496
    body-i0-m32: [  650/1308] radius=1.000e-02 microboxes=2594656
    body-i0-m32: [  780/1308] radius=1.348e-02 microboxes=2598816
    body-i0-m32: [  910/1308] radius=1.541e-02 microboxes=2602976
    body-i0-m32: [ 1040/1308] radius=1.900e-02 microboxes=2607136
    body-i0-m32: [ 1170/1308] radius=2.343e-02 microboxes=2611296
    body-i0-m32: [ 1300/1308] radius=2.800e-02 microboxes=2615456
    body-i0-m32: [ 1308/1308] radius=2.876e-02 microboxes=2615712
    edge-i0-m32: [    1/16] radius=3.971e-08 microboxes=2615744
    edge-i0-m32: [    2/16] radius=7.981e-08 microboxes=2615776
    edge-i0-m32: [    3/16] radius=1.203e-07 microboxes=2615808
    edge-i0-m32: [    4/16] radius=1.612e-07 microboxes=2615840
    edge-i0-m32: [    5/16] radius=2.024e-07 microboxes=2615872
    edge-i0-m32: [    6/16] radius=2.441e-07 microboxes=2615904
    edge-i0-m32: [    7/16] radius=2.862e-07 microboxes=2615936
    edge-i0-m32: [    8/16] radius=3.286e-07 microboxes=2615968
    edge-i0-m32: [    9/16] radius=3.714e-07 microboxes=2616000
    edge-i0-m32: [   10/16] radius=4.147e-07 microboxes=2616032
    edge-i0-m32: [   11/16] radius=4.583e-07 microboxes=2616064
    edge-i0-m32: [   12/16] radius=5.023e-07 microboxes=2616096
    edge-i0-m32: [   13/16] radius=5.468e-07 microboxes=2616128
    edge-i0-m32: [   14/16] radius=5.916e-07 microboxes=2616160
    edge-i0-m32: [   15/16] radius=6.368e-07 microboxes=2616192
    edge-i0-m32: [   16/16] radius=6.825e-07 microboxes=2616224
  [  1/81] i= 0 epsT=7.888e-03 epsG=6.503e-07 edgeRows=2.527e-02 activeR=4.115e-04 sep=1.108e-02 lower=+1.067e-02 pass=True disc=3.23e-10
    body-i1-m32: [    1/1308] radius=6.384e-07 microboxes=2616256
    body-i1-m32: [  130/1308] radius=3.799e-04 microboxes=2620384
    body-i1-m32: [  260/1308] radius=1.652e-03 microboxes=2624544
    body-i1-m32: [  390/1308] radius=4.585e-03 microboxes=2628704
    body-i1-m32: [  520/1308] radius=7.579e-03 microboxes=2632864
    body-i1-m32: [  650/1308] radius=9.989e-03 microboxes=2637024
    body-i1-m32: [  780/1308] radius=1.345e-02 microboxes=2641184
    body-i1-m32: [  910/1308] radius=1.538e-02 microboxes=2645344
    body-i1-m32: [ 1040/1308] radius=1.899e-02 microboxes=2649504
    body-i1-m32: [ 1170/1308] radius=2.342e-02 microboxes=2653664
    body-i1-m32: [ 1300/1308] radius=2.798e-02 microboxes=2657824
    body-i1-m32: [ 1308/1308] radius=2.873e-02 microboxes=2658080
    edge-i1-m32: [    1/16] radius=3.951e-08 microboxes=2658112
    edge-i1-m32: [    2/16] radius=7.956e-08 microboxes=2658144
    edge-i1-m32: [    3/16] radius=1.200e-07 microboxes=2658176
    edge-i1-m32: [    4/16] radius=1.608e-07 microboxes=2658208
    edge-i1-m32: [    5/16] radius=2.020e-07 microboxes=2658240
    edge-i1-m32: [    6/16] radius=2.436e-07 microboxes=2658272
    edge-i1-m32: [    7/16] radius=2.856e-07 microboxes=2658304
    edge-i1-m32: [    8/16] radius=3.280e-07 microboxes=2658336
    edge-i1-m32: [    9/16] radius=3.708e-07 microboxes=2658368
    edge-i1-m32: [   10/16] radius=4.140e-07 microboxes=2658400
    edge-i1-m32: [   11/16] radius=4.575e-07 microboxes=2658432
    edge-i1-m32: [   12/16] radius=5.015e-07 microboxes=2658464
    edge-i1-m32: [   13/16] radius=5.459e-07 microboxes=2658496
    edge-i1-m32: [   14/16] radius=5.907e-07 microboxes=2658528
    edge-i1-m32: [   15/16] radius=6.358e-07 microboxes=2658560
    edge-i1-m32: [   16/16] radius=6.814e-07 microboxes=2658592
    body-i2-m32: [    1/1308] radius=6.353e-07 microboxes=2658624
    body-i2-m32: [  130/1308] radius=3.802e-04 microboxes=2662752
    body-i2-m32: [  260/1308] radius=1.653e-03 microboxes=2666912
    body-i2-m32: [  390/1308] radius=4.583e-03 microboxes=2671072
    body-i2-m32: [  520/1308] radius=7.571e-03 microboxes=2675232
    body-i2-m32: [  650/1308] radius=9.980e-03 microboxes=2679392
    body-i2-m32: [  780/1308] radius=1.344e-02 microboxes=2683552
    body-i2-m32: [  910/1308] radius=1.537e-02 microboxes=2687712
    body-i2-m32: [ 1040/1308] radius=1.894e-02 microboxes=2691872
    body-i2-m32: [ 1170/1308] radius=2.335e-02 microboxes=2696032
    body-i2-m32: [ 1300/1308] radius=2.791e-02 microboxes=2700192
    body-i2-m32: [ 1308/1308] radius=2.866e-02 microboxes=2700448
    edge-i2-m32: [    1/16] radius=3.968e-08 microboxes=2700480
    edge-i2-m32: [    2/16] radius=7.944e-08 microboxes=2700512
    edge-i2-m32: [    3/16] radius=1.199e-07 microboxes=2700544
    edge-i2-m32: [    4/16] radius=1.607e-07 microboxes=2700576
    edge-i2-m32: [    5/16] radius=2.019e-07 microboxes=2700608
    edge-i2-m32: [    6/16] radius=2.436e-07 microboxes=2700640
    edge-i2-m32: [    7/16] radius=2.856e-07 microboxes=2700672
    edge-i2-m32: [    8/16] radius=3.280e-07 microboxes=2700704
    edge-i2-m32: [    9/16] radius=3.708e-07 microboxes=2700736
    edge-i2-m32: [   10/16] radius=4.140e-07 microboxes=2700768
    edge-i2-m32: [   11/16] radius=4.576e-07 microboxes=2700800
    edge-i2-m32: [   12/16] radius=5.015e-07 microboxes=2700832
    edge-i2-m32: [   13/16] radius=5.459e-07 microboxes=2700864
    edge-i2-m32: [   14/16] radius=5.907e-07 microboxes=2700896
    edge-i2-m32: [   15/16] radius=6.359e-07 microboxes=2700928
    edge-i2-m32: [   16/16] radius=6.815e-07 microboxes=2700960
    body-i3-m32: [    1/1308] radius=6.416e-07 microboxes=2700992
    body-i3-m32: [  130/1308] radius=3.810e-04 microboxes=2705120
    body-i3-m32: [  260/1308] radius=1.656e-03 microboxes=2709280
    body-i3-m32: [  390/1308] radius=4.592e-03 microboxes=2713440
    body-i3-m32: [  520/1308] radius=7.583e-03 microboxes=2717600
    body-i3-m32: [  650/1308] radius=9.991e-03 microboxes=2721760
    body-i3-m32: [  780/1308] radius=1.346e-02 microboxes=2725920
    body-i3-m32: [  910/1308] radius=1.539e-02 microboxes=2730080
    body-i3-m32: [ 1040/1308] radius=1.898e-02 microboxes=2734240
    body-i3-m32: [ 1170/1308] radius=2.340e-02 microboxes=2738400
    body-i3-m32: [ 1300/1308] radius=2.797e-02 microboxes=2742560
    body-i3-m32: [ 1308/1308] radius=2.873e-02 microboxes=2742816
    edge-i3-m32: [    1/16] radius=3.971e-08 microboxes=2742848
    edge-i3-m32: [    2/16] radius=7.981e-08 microboxes=2742880
    edge-i3-m32: [    3/16] radius=1.198e-07 microboxes=2742912
    edge-i3-m32: [    4/16] radius=1.607e-07 microboxes=2742944
    edge-i3-m32: [    5/16] radius=2.020e-07 microboxes=2742976
    edge-i3-m32: [    6/16] radius=2.436e-07 microboxes=2743008
    edge-i3-m32: [    7/16] radius=2.857e-07 microboxes=2743040
    edge-i3-m32: [    8/16] radius=3.281e-07 microboxes=2743072
    edge-i3-m32: [    9/16] radius=3.710e-07 microboxes=2743104
    edge-i3-m32: [   10/16] radius=4.142e-07 microboxes=2743136
    edge-i3-m32: [   11/16] radius=4.578e-07 microboxes=2743168
    edge-i3-m32: [   12/16] radius=5.019e-07 microboxes=2743200
    edge-i3-m32: [   13/16] radius=5.463e-07 microboxes=2743232
    edge-i3-m32: [   14/16] radius=5.911e-07 microboxes=2743264
    edge-i3-m32: [   15/16] radius=6.364e-07 microboxes=2743296
    edge-i3-m32: [   16/16] radius=6.820e-07 microboxes=2743328
    body-i4-m32: [    1/1308] radius=6.415e-07 microboxes=2743360
    body-i4-m32: [  130/1308] radius=3.804e-04 microboxes=2747488
    body-i4-m32: [  260/1308] radius=1.654e-03 microboxes=2751648
    body-i4-m32: [  390/1308] radius=4.591e-03 microboxes=2755808
    body-i4-m32: [  520/1308] radius=7.588e-03 microboxes=2759968
    body-i4-m32: [  650/1308] radius=1.000e-02 microboxes=2764128
    body-i4-m32: [  780/1308] radius=1.347e-02 microboxes=2768288
    body-i4-m32: [  910/1308] radius=1.540e-02 microboxes=2772448
    body-i4-m32: [ 1040/1308] radius=1.901e-02 microboxes=2776608
    body-i4-m32: [ 1170/1308] radius=2.345e-02 microboxes=2780768
    body-i4-m32: [ 1300/1308] radius=2.801e-02 microboxes=2784928
    body-i4-m32: [ 1308/1308] radius=2.877e-02 microboxes=2785184
    edge-i4-m32: [    1/16] radius=3.966e-08 microboxes=2785216
    edge-i4-m32: [    2/16] radius=7.971e-08 microboxes=2785248
    edge-i4-m32: [    3/16] radius=1.201e-07 microboxes=2785280
    edge-i4-m32: [    4/16] radius=1.604e-07 microboxes=2785312
    edge-i4-m32: [    5/16] radius=2.016e-07 microboxes=2785344
    edge-i4-m32: [    6/16] radius=2.432e-07 microboxes=2785376
    edge-i4-m32: [    7/16] radius=2.852e-07 microboxes=2785408
    edge-i4-m32: [    8/16] radius=3.275e-07 microboxes=2785440
    edge-i4-m32: [    9/16] radius=3.703e-07 microboxes=2785472
    edge-i4-m32: [   10/16] radius=4.135e-07 microboxes=2785504
    edge-i4-m32: [   11/16] radius=4.571e-07 microboxes=2785536
    edge-i4-m32: [   12/16] radius=5.010e-07 microboxes=2785568
    edge-i4-m32: [   13/16] radius=5.454e-07 microboxes=2785600
    edge-i4-m32: [   14/16] radius=5.902e-07 microboxes=2785632
    edge-i4-m32: [   15/16] radius=6.353e-07 microboxes=2785664
    edge-i4-m32: [   16/16] radius=6.809e-07 microboxes=2785696
  [  5/81] i= 4 epsT=7.886e-03 epsG=6.488e-07 edgeRows=2.527e-02 activeR=4.117e-04 sep=1.106e-02 lower=+1.065e-02 pass=True disc=3.24e-10
    body-i5-m32: [    1/1308] radius=6.442e-07 microboxes=2785728
    body-i5-m32: [  130/1308] radius=3.803e-04 microboxes=2789856
    body-i5-m32: [  260/1308] radius=1.653e-03 microboxes=2794016
    body-i5-m32: [  390/1308] radius=4.585e-03 microboxes=2798176
    body-i5-m32: [  520/1308] radius=7.573e-03 microboxes=2802336
    body-i5-m32: [  650/1308] radius=9.983e-03 microboxes=2806496
    body-i5-m32: [  780/1308] radius=1.345e-02 microboxes=2810656
    body-i5-m32: [  910/1308] radius=1.538e-02 microboxes=2814816
    body-i5-m32: [ 1040/1308] radius=1.895e-02 microboxes=2818976
    body-i5-m32: [ 1170/1308] radius=2.336e-02 microboxes=2823136
    body-i5-m32: [ 1300/1308] radius=2.792e-02 microboxes=2827296
    body-i5-m32: [ 1308/1308] radius=2.867e-02 microboxes=2827552
    edge-i5-m32: [    1/16] radius=3.968e-08 microboxes=2827584
    edge-i5-m32: [    2/16] radius=7.974e-08 microboxes=2827616
    edge-i5-m32: [    3/16] radius=1.202e-07 microboxes=2827648
    edge-i5-m32: [    4/16] radius=1.610e-07 microboxes=2827680
    edge-i5-m32: [    5/16] radius=2.017e-07 microboxes=2827712
    edge-i5-m32: [    6/16] radius=2.434e-07 microboxes=2827744
    edge-i5-m32: [    7/16] radius=2.854e-07 microboxes=2827776
    edge-i5-m32: [    8/16] radius=3.278e-07 microboxes=2827808
    edge-i5-m32: [    9/16] radius=3.706e-07 microboxes=2827840
    edge-i5-m32: [   10/16] radius=4.138e-07 microboxes=2827872
    edge-i5-m32: [   11/16] radius=4.574e-07 microboxes=2827904
    edge-i5-m32: [   12/16] radius=5.013e-07 microboxes=2827936
    edge-i5-m32: [   13/16] radius=5.457e-07 microboxes=2827968
    edge-i5-m32: [   14/16] radius=5.905e-07 microboxes=2828000
    edge-i5-m32: [   15/16] radius=6.357e-07 microboxes=2828032
    edge-i5-m32: [   16/16] radius=6.813e-07 microboxes=2828064
    body-i6-m32: [    1/1308] radius=6.448e-07 microboxes=2828096
    body-i6-m32: [  130/1308] radius=3.806e-04 microboxes=2832224
    body-i6-m32: [  260/1308] radius=1.654e-03 microboxes=2836384
    body-i6-m32: [  390/1308] radius=4.586e-03 microboxes=2840544
    body-i6-m32: [  520/1308] radius=7.573e-03 microboxes=2844704
    body-i6-m32: [  650/1308] radius=9.978e-03 microboxes=2848864
    body-i6-m32: [  780/1308] radius=1.345e-02 microboxes=2853024
    body-i6-m32: [  910/1308] radius=1.537e-02 microboxes=2857184
    body-i6-m32: [ 1040/1308] radius=1.896e-02 microboxes=2861344
    body-i6-m32: [ 1170/1308] radius=2.337e-02 microboxes=2865504
    body-i6-m32: [ 1300/1308] radius=2.793e-02 microboxes=2869664
    body-i6-m32: [ 1308/1308] radius=2.869e-02 microboxes=2869920
    edge-i6-m32: [    1/16] radius=3.971e-08 microboxes=2869952
    edge-i6-m32: [    2/16] radius=7.981e-08 microboxes=2869984
    edge-i6-m32: [    3/16] radius=1.203e-07 microboxes=2870016
    edge-i6-m32: [    4/16] radius=1.612e-07 microboxes=2870048
    edge-i6-m32: [    5/16] radius=2.024e-07 microboxes=2870080
    edge-i6-m32: [    6/16] radius=2.437e-07 microboxes=2870112
    edge-i6-m32: [    7/16] radius=2.858e-07 microboxes=2870144
    edge-i6-m32: [    8/16] radius=3.282e-07 microboxes=2870176
    edge-i6-m32: [    9/16] radius=3.710e-07 microboxes=2870208
    edge-i6-m32: [   10/16] radius=4.143e-07 microboxes=2870240
    edge-i6-m32: [   11/16] radius=4.579e-07 microboxes=2870272
    edge-i6-m32: [   12/16] radius=5.019e-07 microboxes=2870304
    edge-i6-m32: [   13/16] radius=5.464e-07 microboxes=2870336
    edge-i6-m32: [   14/16] radius=5.912e-07 microboxes=2870368
    edge-i6-m32: [   15/16] radius=6.364e-07 microboxes=2870400
    edge-i6-m32: [   16/16] radius=6.820e-07 microboxes=2870432
    body-i7-m32: [    1/1308] radius=6.440e-07 microboxes=2870464
    body-i7-m32: [  130/1308] radius=3.806e-04 microboxes=2874592
    body-i7-m32: [  260/1308] radius=1.655e-03 microboxes=2878752
    body-i7-m32: [  390/1308] radius=4.594e-03 microboxes=2882912
    body-i7-m32: [  520/1308] radius=7.594e-03 microboxes=2887072
    body-i7-m32: [  650/1308] radius=1.001e-02 microboxes=2891232
    body-i7-m32: [  780/1308] radius=1.348e-02 microboxes=2895392
    body-i7-m32: [  910/1308] radius=1.541e-02 microboxes=2899552
    body-i7-m32: [ 1040/1308] radius=1.903e-02 microboxes=2903712
    body-i7-m32: [ 1170/1308] radius=2.346e-02 microboxes=2907872
    body-i7-m32: [ 1300/1308] radius=2.803e-02 microboxes=2912032
    body-i7-m32: [ 1308/1308] radius=2.879e-02 microboxes=2912288
    edge-i7-m32: [    1/16] radius=3.966e-08 microboxes=2912320
    edge-i7-m32: [    2/16] radius=7.971e-08 microboxes=2912352
    edge-i7-m32: [    3/16] radius=1.201e-07 microboxes=2912384
    edge-i7-m32: [    4/16] radius=1.610e-07 microboxes=2912416
    edge-i7-m32: [    5/16] radius=2.022e-07 microboxes=2912448
    edge-i7-m32: [    6/16] radius=2.436e-07 microboxes=2912480
    edge-i7-m32: [    7/16] radius=2.856e-07 microboxes=2912512
    edge-i7-m32: [    8/16] radius=3.279e-07 microboxes=2912544
    edge-i7-m32: [    9/16] radius=3.707e-07 microboxes=2912576
    edge-i7-m32: [   10/16] radius=4.139e-07 microboxes=2912608
    edge-i7-m32: [   11/16] radius=4.575e-07 microboxes=2912640
    edge-i7-m32: [   12/16] radius=5.014e-07 microboxes=2912672
    edge-i7-m32: [   13/16] radius=5.458e-07 microboxes=2912704
    edge-i7-m32: [   14/16] radius=5.906e-07 microboxes=2912736
    edge-i7-m32: [   15/16] radius=6.358e-07 microboxes=2912768
    edge-i7-m32: [   16/16] radius=6.813e-07 microboxes=2912800
    body-i8-m32: [    1/1308] radius=6.443e-07 microboxes=2912832
    body-i8-m32: [  130/1308] radius=3.808e-04 microboxes=2916960
    body-i8-m32: [  260/1308] radius=1.655e-03 microboxes=2921120
    body-i8-m32: [  390/1308] radius=4.590e-03 microboxes=2925280
    body-i8-m32: [  520/1308] radius=7.583e-03 microboxes=2929440
    body-i8-m32: [  650/1308] radius=9.995e-03 microboxes=2933600
    body-i8-m32: [  780/1308] radius=1.347e-02 microboxes=2937760
    body-i8-m32: [  910/1308] radius=1.539e-02 microboxes=2941920
    body-i8-m32: [ 1040/1308] radius=1.897e-02 microboxes=2946080
    body-i8-m32: [ 1170/1308] radius=2.339e-02 microboxes=2950240
    body-i8-m32: [ 1300/1308] radius=2.795e-02 microboxes=2954400
    body-i8-m32: [ 1308/1308] radius=2.871e-02 microboxes=2954656
    edge-i8-m32: [    1/16] radius=3.968e-08 microboxes=2954688
    edge-i8-m32: [    2/16] radius=7.974e-08 microboxes=2954720
    edge-i8-m32: [    3/16] radius=1.202e-07 microboxes=2954752
    edge-i8-m32: [    4/16] radius=1.610e-07 microboxes=2954784
    edge-i8-m32: [    5/16] radius=2.023e-07 microboxes=2954816
    edge-i8-m32: [    6/16] radius=2.439e-07 microboxes=2954848
    edge-i8-m32: [    7/16] radius=2.858e-07 microboxes=2954880
    edge-i8-m32: [    8/16] radius=3.283e-07 microboxes=2954912
    edge-i8-m32: [    9/16] radius=3.711e-07 microboxes=2954944
    edge-i8-m32: [   10/16] radius=4.143e-07 microboxes=2954976
    edge-i8-m32: [   11/16] radius=4.579e-07 microboxes=2955008
    edge-i8-m32: [   12/16] radius=5.019e-07 microboxes=2955040
    edge-i8-m32: [   13/16] radius=5.462e-07 microboxes=2955072
    edge-i8-m32: [   14/16] radius=5.910e-07 microboxes=2955104
    edge-i8-m32: [   15/16] radius=6.362e-07 microboxes=2955136
    edge-i8-m32: [   16/16] radius=6.818e-07 microboxes=2955168
    body-i9-m32: [    1/1308] radius=6.448e-07 microboxes=2955200
    body-i9-m32: [  130/1308] radius=3.801e-04 microboxes=2959328
    body-i9-m32: [  260/1308] radius=1.652e-03 microboxes=2963488
    body-i9-m32: [  390/1308] radius=4.580e-03 microboxes=2967648
    body-i9-m32: [  520/1308] radius=7.564e-03 microboxes=2971808
    body-i9-m32: [  650/1308] radius=9.965e-03 microboxes=2975968
    body-i9-m32: [  780/1308] radius=1.343e-02 microboxes=2980128
    body-i9-m32: [  910/1308] radius=1.535e-02 microboxes=2984288
    body-i9-m32: [ 1040/1308] radius=1.893e-02 microboxes=2988448
    body-i9-m32: [ 1170/1308] radius=2.334e-02 microboxes=2992608
    body-i9-m32: [ 1300/1308] radius=2.790e-02 microboxes=2996768
    body-i9-m32: [ 1308/1308] radius=2.865e-02 microboxes=2997024
    edge-i9-m32: [    1/16] radius=3.971e-08 microboxes=2997056
    edge-i9-m32: [    2/16] radius=7.980e-08 microboxes=2997088
    edge-i9-m32: [    3/16] radius=1.203e-07 microboxes=2997120
    edge-i9-m32: [    4/16] radius=1.612e-07 microboxes=2997152
    edge-i9-m32: [    5/16] radius=2.024e-07 microboxes=2997184
    edge-i9-m32: [    6/16] radius=2.441e-07 microboxes=2997216
    edge-i9-m32: [    7/16] radius=2.861e-07 microboxes=2997248
    edge-i9-m32: [    8/16] radius=3.285e-07 microboxes=2997280
    edge-i9-m32: [    9/16] radius=3.713e-07 microboxes=2997312
    edge-i9-m32: [   10/16] radius=4.145e-07 microboxes=2997344
    edge-i9-m32: [   11/16] radius=4.581e-07 microboxes=2997376
    edge-i9-m32: [   12/16] radius=5.022e-07 microboxes=2997408
    edge-i9-m32: [   13/16] radius=5.466e-07 microboxes=2997440
    edge-i9-m32: [   14/16] radius=5.914e-07 microboxes=2997472
    edge-i9-m32: [   15/16] radius=6.366e-07 microboxes=2997504
    edge-i9-m32: [   16/16] radius=6.823e-07 microboxes=2997536
  [ 10/81] i= 9 epsT=7.859e-03 epsG=6.501e-07 edgeRows=2.527e-02 activeR=4.100e-04 sep=1.108e-02 lower=+1.067e-02 pass=True disc=3.23e-10
    body-i10-m32: [    1/1308] radius=6.440e-07 microboxes=2997568
    body-i10-m32: [  130/1308] radius=3.802e-04 microboxes=3001696
    body-i10-m32: [  260/1308] radius=1.653e-03 microboxes=3005856
    body-i10-m32: [  390/1308] radius=4.589e-03 microboxes=3010016
    body-i10-m32: [  520/1308] radius=7.584e-03 microboxes=3014176
    body-i10-m32: [  650/1308] radius=9.997e-03 microboxes=3018336
    body-i10-m32: [  780/1308] radius=1.346e-02 microboxes=3022496
    body-i10-m32: [  910/1308] radius=1.539e-02 microboxes=3026656
    body-i10-m32: [ 1040/1308] radius=1.900e-02 microboxes=3030816
    body-i10-m32: [ 1170/1308] radius=2.344e-02 microboxes=3034976
    body-i10-m32: [ 1300/1308] radius=2.799e-02 microboxes=3039136
    body-i10-m32: [ 1308/1308] radius=2.875e-02 microboxes=3039392
    edge-i10-m32: [    1/16] radius=3.966e-08 microboxes=3039424
    edge-i10-m32: [    2/16] radius=7.971e-08 microboxes=3039456
    edge-i10-m32: [    3/16] radius=1.201e-07 microboxes=3039488
    edge-i10-m32: [    4/16] radius=1.610e-07 microboxes=3039520
    edge-i10-m32: [    5/16] radius=2.022e-07 microboxes=3039552
    edge-i10-m32: [    6/16] radius=2.438e-07 microboxes=3039584
    edge-i10-m32: [    7/16] radius=2.858e-07 microboxes=3039616
    edge-i10-m32: [    8/16] radius=3.282e-07 microboxes=3039648
    edge-i10-m32: [    9/16] radius=3.707e-07 microboxes=3039680
    edge-i10-m32: [   10/16] radius=4.138e-07 microboxes=3039712
    edge-i10-m32: [   11/16] radius=4.574e-07 microboxes=3039744
    edge-i10-m32: [   12/16] radius=5.014e-07 microboxes=3039776
    edge-i10-m32: [   13/16] radius=5.458e-07 microboxes=3039808
    edge-i10-m32: [   14/16] radius=5.905e-07 microboxes=3039840
    edge-i10-m32: [   15/16] radius=6.357e-07 microboxes=3039872
    edge-i10-m32: [   16/16] radius=6.813e-07 microboxes=3039904
    body-i11-m32: [    1/1308] radius=6.443e-07 microboxes=3039936
    body-i11-m32: [  130/1308] radius=3.813e-04 microboxes=3044064
    body-i11-m32: [  260/1308] radius=1.657e-03 microboxes=3048224
    body-i11-m32: [  390/1308] radius=4.596e-03 microboxes=3052384
    body-i11-m32: [  520/1308] radius=7.592e-03 microboxes=3056544
    body-i11-m32: [  650/1308] radius=1.001e-02 microboxes=3060704
    body-i11-m32: [  780/1308] radius=1.348e-02 microboxes=3064864
    body-i11-m32: [  910/1308] radius=1.541e-02 microboxes=3069024
    body-i11-m32: [ 1040/1308] radius=1.899e-02 microboxes=3073184
    body-i11-m32: [ 1170/1308] radius=2.342e-02 microboxes=3077344
    body-i11-m32: [ 1300/1308] radius=2.798e-02 microboxes=3081504
    body-i11-m32: [ 1308/1308] radius=2.874e-02 microboxes=3081760
    edge-i11-m32: [    1/16] radius=3.968e-08 microboxes=3081792
    edge-i11-m32: [    2/16] radius=7.975e-08 microboxes=3081824
    edge-i11-m32: [    3/16] radius=1.202e-07 microboxes=3081856
    edge-i11-m32: [    4/16] radius=1.611e-07 microboxes=3081888
    edge-i11-m32: [    5/16] radius=2.023e-07 microboxes=3081920
    edge-i11-m32: [    6/16] radius=2.439e-07 microboxes=3081952
    edge-i11-m32: [    7/16] radius=2.859e-07 microboxes=3081984
    edge-i11-m32: [    8/16] radius=3.284e-07 microboxes=3082016
    edge-i11-m32: [    9/16] radius=3.712e-07 microboxes=3082048
    edge-i11-m32: [   10/16] radius=4.139e-07 microboxes=3082080
    edge-i11-m32: [   11/16] radius=4.575e-07 microboxes=3082112
    edge-i11-m32: [   12/16] radius=5.015e-07 microboxes=3082144
    edge-i11-m32: [   13/16] radius=5.459e-07 microboxes=3082176
    edge-i11-m32: [   14/16] radius=5.907e-07 microboxes=3082208
    edge-i11-m32: [   15/16] radius=6.359e-07 microboxes=3082240
    edge-i11-m32: [   16/16] radius=6.815e-07 microboxes=3082272
    body-i12-m32: [    1/1308] radius=6.447e-07 microboxes=3082304
    body-i12-m32: [  130/1308] radius=3.805e-04 microboxes=3086432
    body-i12-m32: [  260/1308] radius=1.653e-03 microboxes=3090592
    body-i12-m32: [  390/1308] radius=4.585e-03 microboxes=3094752
    body-i12-m32: [  520/1308] radius=7.570e-03 microboxes=3098912
    body-i12-m32: [  650/1308] radius=9.974e-03 microboxes=3103072
    body-i12-m32: [  780/1308] radius=1.344e-02 microboxes=3107232
    body-i12-m32: [  910/1308] radius=1.536e-02 microboxes=3111392
    body-i12-m32: [ 1040/1308] radius=1.895e-02 microboxes=3115552
    body-i12-m32: [ 1170/1308] radius=2.336e-02 microboxes=3119712
    body-i12-m32: [ 1300/1308] radius=2.793e-02 microboxes=3123872
    body-i12-m32: [ 1308/1308] radius=2.868e-02 microboxes=3124128
    edge-i12-m32: [    1/16] radius=3.971e-08 microboxes=3124160
    edge-i12-m32: [    2/16] radius=7.980e-08 microboxes=3124192
    edge-i12-m32: [    3/16] radius=1.203e-07 microboxes=3124224
    edge-i12-m32: [    4/16] radius=1.612e-07 microboxes=3124256
    edge-i12-m32: [    5/16] radius=2.024e-07 microboxes=3124288
    edge-i12-m32: [    6/16] radius=2.441e-07 microboxes=3124320
    edge-i12-m32: [    7/16] radius=2.861e-07 microboxes=3124352
    edge-i12-m32: [    8/16] radius=3.286e-07 microboxes=3124384
    edge-i12-m32: [    9/16] radius=3.714e-07 microboxes=3124416
    edge-i12-m32: [   10/16] radius=4.146e-07 microboxes=3124448
    edge-i12-m32: [   11/16] radius=4.577e-07 microboxes=3124480
    edge-i12-m32: [   12/16] radius=5.017e-07 microboxes=3124512
    edge-i12-m32: [   13/16] radius=5.461e-07 microboxes=3124544
    edge-i12-m32: [   14/16] radius=5.909e-07 microboxes=3124576
    edge-i12-m32: [   15/16] radius=6.362e-07 microboxes=3124608
    edge-i12-m32: [   16/16] radius=6.818e-07 microboxes=3124640
    body-i13-m32: [    1/1308] radius=6.439e-07 microboxes=3124672
    body-i13-m32: [  130/1308] radius=3.797e-04 microboxes=3128800
    body-i13-m32: [  260/1308] radius=1.651e-03 microboxes=3132960
    body-i13-m32: [  390/1308] radius=4.583e-03 microboxes=3137120
    body-i13-m32: [  520/1308] radius=7.575e-03 microboxes=3141280
    body-i13-m32: [  650/1308] radius=9.984e-03 microboxes=3145440
    body-i13-m32: [  780/1308] radius=1.345e-02 microboxes=3149600
    body-i13-m32: [  910/1308] radius=1.537e-02 microboxes=3153760
    body-i13-m32: [ 1040/1308] radius=1.898e-02 microboxes=3157920
    body-i13-m32: [ 1170/1308] radius=2.341e-02 microboxes=3162080
    body-i13-m32: [ 1300/1308] radius=2.796e-02 microboxes=3166240
    body-i13-m32: [ 1308/1308] radius=2.871e-02 microboxes=3166496
    edge-i13-m32: [    1/16] radius=3.966e-08 microboxes=3166528
    edge-i13-m32: [    2/16] radius=7.971e-08 microboxes=3166560
    edge-i13-m32: [    3/16] radius=1.201e-07 microboxes=3166592
    edge-i13-m32: [    4/16] radius=1.610e-07 microboxes=3166624
    edge-i13-m32: [    5/16] radius=2.022e-07 microboxes=3166656
    edge-i13-m32: [    6/16] radius=2.438e-07 microboxes=3166688
    edge-i13-m32: [    7/16] radius=2.858e-07 microboxes=3166720
    edge-i13-m32: [    8/16] radius=3.282e-07 microboxes=3166752
    edge-i13-m32: [    9/16] radius=3.709e-07 microboxes=3166784
    edge-i13-m32: [   10/16] radius=4.141e-07 microboxes=3166816
    edge-i13-m32: [   11/16] radius=4.571e-07 microboxes=3166848
    edge-i13-m32: [   12/16] radius=5.011e-07 microboxes=3166880
    edge-i13-m32: [   13/16] radius=5.454e-07 microboxes=3166912
    edge-i13-m32: [   14/16] radius=5.902e-07 microboxes=3166944
    edge-i13-m32: [   15/16] radius=6.354e-07 microboxes=3166976
    edge-i13-m32: [   16/16] radius=6.809e-07 microboxes=3167008
    body-i14-m32: [    1/1308] radius=6.443e-07 microboxes=3167040
    body-i14-m32: [  130/1308] radius=3.813e-04 microboxes=3171168
    body-i14-m32: [  260/1308] radius=1.657e-03 microboxes=3175328
    body-i14-m32: [  390/1308] radius=4.596e-03 microboxes=3179488
    body-i14-m32: [  520/1308] radius=7.592e-03 microboxes=3183648
    body-i14-m32: [  650/1308] radius=1.001e-02 microboxes=3187808
    body-i14-m32: [  780/1308] radius=1.348e-02 microboxes=3191968
    body-i14-m32: [  910/1308] radius=1.541e-02 microboxes=3196128
    body-i14-m32: [ 1040/1308] radius=1.899e-02 microboxes=3200288
    body-i14-m32: [ 1170/1308] radius=2.342e-02 microboxes=3204448
    body-i14-m32: [ 1300/1308] radius=2.798e-02 microboxes=3208608
    body-i14-m32: [ 1308/1308] radius=2.874e-02 microboxes=3208864
    edge-i14-m32: [    1/16] radius=3.968e-08 microboxes=3208896
    edge-i14-m32: [    2/16] radius=7.975e-08 microboxes=3208928
    edge-i14-m32: [    3/16] radius=1.202e-07 microboxes=3208960
    edge-i14-m32: [    4/16] radius=1.611e-07 microboxes=3208992
    edge-i14-m32: [    5/16] radius=2.023e-07 microboxes=3209024
    edge-i14-m32: [    6/16] radius=2.439e-07 microboxes=3209056
    edge-i14-m32: [    7/16] radius=2.859e-07 microboxes=3209088
    edge-i14-m32: [    8/16] radius=3.284e-07 microboxes=3209120
    edge-i14-m32: [    9/16] radius=3.712e-07 microboxes=3209152
    edge-i14-m32: [   10/16] radius=4.144e-07 microboxes=3209184
    edge-i14-m32: [   11/16] radius=4.580e-07 microboxes=3209216
    edge-i14-m32: [   12/16] radius=5.015e-07 microboxes=3209248
    edge-i14-m32: [   13/16] radius=5.459e-07 microboxes=3209280
    edge-i14-m32: [   14/16] radius=5.907e-07 microboxes=3209312
    edge-i14-m32: [   15/16] radius=6.359e-07 microboxes=3209344
    edge-i14-m32: [   16/16] radius=6.815e-07 microboxes=3209376
  [ 15/81] i=14 epsT=7.882e-03 epsG=6.494e-07 edgeRows=2.527e-02 activeR=4.114e-04 sep=1.106e-02 lower=+1.065e-02 pass=True disc=3.23e-10
    body-i15-m32: [    1/1308] radius=6.447e-07 microboxes=3209408
    body-i15-m32: [  130/1308] radius=3.809e-04 microboxes=3213536
    body-i15-m32: [  260/1308] radius=1.655e-03 microboxes=3217696
    body-i15-m32: [  390/1308] radius=4.590e-03 microboxes=3221856
    body-i15-m32: [  520/1308] radius=7.579e-03 microboxes=3226016
    body-i15-m32: [  650/1308] radius=9.987e-03 microboxes=3230176
    body-i15-m32: [  780/1308] radius=1.346e-02 microboxes=3234336
    body-i15-m32: [  910/1308] radius=1.538e-02 microboxes=3238496
    body-i15-m32: [ 1040/1308] radius=1.898e-02 microboxes=3242656
    body-i15-m32: [ 1170/1308] radius=2.339e-02 microboxes=3246816
    body-i15-m32: [ 1300/1308] radius=2.796e-02 microboxes=3250976
    body-i15-m32: [ 1308/1308] radius=2.872e-02 microboxes=3251232
    edge-i15-m32: [    1/16] radius=3.971e-08 microboxes=3251264
    edge-i15-m32: [    2/16] radius=7.980e-08 microboxes=3251296
    edge-i15-m32: [    3/16] radius=1.203e-07 microboxes=3251328
    edge-i15-m32: [    4/16] radius=1.611e-07 microboxes=3251360
    edge-i15-m32: [    5/16] radius=2.024e-07 microboxes=3251392
    edge-i15-m32: [    6/16] radius=2.441e-07 microboxes=3251424
    edge-i15-m32: [    7/16] radius=2.861e-07 microboxes=3251456
    edge-i15-m32: [    8/16] radius=3.285e-07 microboxes=3251488
    edge-i15-m32: [    9/16] radius=3.714e-07 microboxes=3251520
    edge-i15-m32: [   10/16] radius=4.146e-07 microboxes=3251552
    edge-i15-m32: [   11/16] radius=4.582e-07 microboxes=3251584
    edge-i15-m32: [   12/16] radius=5.022e-07 microboxes=3251616
    edge-i15-m32: [   13/16] radius=5.464e-07 microboxes=3251648
    edge-i15-m32: [   14/16] radius=5.912e-07 microboxes=3251680
    edge-i15-m32: [   15/16] radius=6.364e-07 microboxes=3251712
    edge-i15-m32: [   16/16] radius=6.821e-07 microboxes=3251744
    body-i16-m32: [    1/1308] radius=6.439e-07 microboxes=3251776
    body-i16-m32: [  130/1308] radius=3.794e-04 microboxes=3255904
    body-i16-m32: [  260/1308] radius=1.650e-03 microboxes=3260064
    body-i16-m32: [  390/1308] radius=4.579e-03 microboxes=3264224
    body-i16-m32: [  520/1308] radius=7.568e-03 microboxes=3268384
    body-i16-m32: [  650/1308] radius=9.975e-03 microboxes=3272544
    body-i16-m32: [  780/1308] radius=1.343e-02 microboxes=3276704
    body-i16-m32: [  910/1308] radius=1.536e-02 microboxes=3280864
    body-i16-m32: [ 1040/1308] radius=1.896e-02 microboxes=3285024
    body-i16-m32: [ 1170/1308] radius=2.339e-02 microboxes=3289184
    body-i16-m32: [ 1300/1308] radius=2.793e-02 microboxes=3293344
    body-i16-m32: [ 1308/1308] radius=2.869e-02 microboxes=3293600
    edge-i16-m32: [    1/16] radius=3.966e-08 microboxes=3293632
    edge-i16-m32: [    2/16] radius=7.970e-08 microboxes=3293664
    edge-i16-m32: [    3/16] radius=1.201e-07 microboxes=3293696
    edge-i16-m32: [    4/16] radius=1.610e-07 microboxes=3293728
    edge-i16-m32: [    5/16] radius=2.022e-07 microboxes=3293760
    edge-i16-m32: [    6/16] radius=2.438e-07 microboxes=3293792
    edge-i16-m32: [    7/16] radius=2.858e-07 microboxes=3293824
    edge-i16-m32: [    8/16] radius=3.281e-07 microboxes=3293856
    edge-i16-m32: [    9/16] radius=3.709e-07 microboxes=3293888
    edge-i16-m32: [   10/16] radius=4.141e-07 microboxes=3293920
    edge-i16-m32: [   11/16] radius=4.577e-07 microboxes=3293952
    edge-i16-m32: [   12/16] radius=5.016e-07 microboxes=3293984
    edge-i16-m32: [   13/16] radius=5.460e-07 microboxes=3294016
    edge-i16-m32: [   14/16] radius=5.907e-07 microboxes=3294048
    edge-i16-m32: [   15/16] radius=6.358e-07 microboxes=3294080
    edge-i16-m32: [   16/16] radius=6.814e-07 microboxes=3294112
    body-i17-m32: [    1/1308] radius=6.444e-07 microboxes=3294144
    body-i17-m32: [  130/1308] radius=3.809e-04 microboxes=3298272
    body-i17-m32: [  260/1308] radius=1.655e-03 microboxes=3302432
    body-i17-m32: [  390/1308] radius=4.590e-03 microboxes=3306592
    body-i17-m32: [  520/1308] radius=7.583e-03 microboxes=3310752
    body-i17-m32: [  650/1308] radius=9.995e-03 microboxes=3314912
    body-i17-m32: [  780/1308] radius=1.347e-02 microboxes=3319072
    body-i17-m32: [  910/1308] radius=1.539e-02 microboxes=3323232
    body-i17-m32: [ 1040/1308] radius=1.897e-02 microboxes=3327392
    body-i17-m32: [ 1170/1308] radius=2.339e-02 microboxes=3331552
    body-i17-m32: [ 1300/1308] radius=2.795e-02 microboxes=3335712
    body-i17-m32: [ 1308/1308] radius=2.870e-02 microboxes=3335968
    edge-i17-m32: [    1/16] radius=3.968e-08 microboxes=3336000
    edge-i17-m32: [    2/16] radius=7.976e-08 microboxes=3336032
    edge-i17-m32: [    3/16] radius=1.202e-07 microboxes=3336064
    edge-i17-m32: [    4/16] radius=1.611e-07 microboxes=3336096
    edge-i17-m32: [    5/16] radius=2.023e-07 microboxes=3336128
    edge-i17-m32: [    6/16] radius=2.439e-07 microboxes=3336160
    edge-i17-m32: [    7/16] radius=2.859e-07 microboxes=3336192
    edge-i17-m32: [    8/16] radius=3.284e-07 microboxes=3336224
    edge-i17-m32: [    9/16] radius=3.712e-07 microboxes=3336256
    edge-i17-m32: [   10/16] radius=4.144e-07 microboxes=3336288
    edge-i17-m32: [   11/16] radius=4.580e-07 microboxes=3336320
    edge-i17-m32: [   12/16] radius=5.020e-07 microboxes=3336352
    edge-i17-m32: [   13/16] radius=5.464e-07 microboxes=3336384
    edge-i17-m32: [   14/16] radius=5.912e-07 microboxes=3336416
    edge-i17-m32: [   15/16] radius=6.363e-07 microboxes=3336448
    edge-i17-m32: [   16/16] radius=6.819e-07 microboxes=3336480
    body-i18-m32: [    1/1308] radius=6.447e-07 microboxes=3336512
    body-i18-m32: [  130/1308] radius=3.814e-04 microboxes=3340640
    body-i18-m32: [  260/1308] radius=1.657e-03 microboxes=3344800
    body-i18-m32: [  390/1308] radius=4.596e-03 microboxes=3348960
    body-i18-m32: [  520/1308] radius=7.589e-03 microboxes=3353120
    body-i18-m32: [  650/1308] radius=9.999e-03 microboxes=3357280
    body-i18-m32: [  780/1308] radius=1.348e-02 microboxes=3361440
    body-i18-m32: [  910/1308] radius=1.540e-02 microboxes=3365600
    body-i18-m32: [ 1040/1308] radius=1.900e-02 microboxes=3369760
    body-i18-m32: [ 1170/1308] radius=2.342e-02 microboxes=3373920
    body-i18-m32: [ 1300/1308] radius=2.800e-02 microboxes=3378080
    body-i18-m32: [ 1308/1308] radius=2.876e-02 microboxes=3378336
    edge-i18-m32: [    1/16] radius=3.970e-08 microboxes=3378368
    edge-i18-m32: [    2/16] radius=7.979e-08 microboxes=3378400
    edge-i18-m32: [    3/16] radius=1.203e-07 microboxes=3378432
    edge-i18-m32: [    4/16] radius=1.611e-07 microboxes=3378464
    edge-i18-m32: [    5/16] radius=2.024e-07 microboxes=3378496
    edge-i18-m32: [    6/16] radius=2.440e-07 microboxes=3378528
    edge-i18-m32: [    7/16] radius=2.861e-07 microboxes=3378560
    edge-i18-m32: [    8/16] radius=3.285e-07 microboxes=3378592
    edge-i18-m32: [    9/16] radius=3.713e-07 microboxes=3378624
    edge-i18-m32: [   10/16] radius=4.146e-07 microboxes=3378656
    edge-i18-m32: [   11/16] radius=4.582e-07 microboxes=3378688
    edge-i18-m32: [   12/16] radius=5.022e-07 microboxes=3378720
    edge-i18-m32: [   13/16] radius=5.466e-07 microboxes=3378752
    edge-i18-m32: [   14/16] radius=5.914e-07 microboxes=3378784
    edge-i18-m32: [   15/16] radius=6.367e-07 microboxes=3378816
    edge-i18-m32: [   16/16] radius=6.821e-07 microboxes=3378848
    body-i19-m32: [    1/1308] radius=6.439e-07 microboxes=3378880
    body-i19-m32: [  130/1308] radius=3.799e-04 microboxes=3383008
    body-i19-m32: [  260/1308] radius=1.652e-03 microboxes=3387168
    body-i19-m32: [  390/1308] radius=4.585e-03 microboxes=3391328
    body-i19-m32: [  520/1308] radius=7.578e-03 microboxes=3395488
    body-i19-m32: [  650/1308] radius=9.988e-03 microboxes=3399648
    body-i19-m32: [  780/1308] radius=1.345e-02 microboxes=3403808
    body-i19-m32: [  910/1308] radius=1.538e-02 microboxes=3407968
    body-i19-m32: [ 1040/1308] radius=1.899e-02 microboxes=3412128
    body-i19-m32: [ 1170/1308] radius=2.342e-02 microboxes=3416288
    body-i19-m32: [ 1300/1308] radius=2.797e-02 microboxes=3420448
    body-i19-m32: [ 1308/1308] radius=2.872e-02 microboxes=3420704
    edge-i19-m32: [    1/16] radius=3.966e-08 microboxes=3420736
    edge-i19-m32: [    2/16] radius=7.970e-08 microboxes=3420768
    edge-i19-m32: [    3/16] radius=1.201e-07 microboxes=3420800
    edge-i19-m32: [    4/16] radius=1.610e-07 microboxes=3420832
    edge-i19-m32: [    5/16] radius=2.022e-07 microboxes=3420864
    edge-i19-m32: [    6/16] radius=2.438e-07 microboxes=3420896
    edge-i19-m32: [    7/16] radius=2.858e-07 microboxes=3420928
    edge-i19-m32: [    8/16] radius=3.281e-07 microboxes=3420960
    edge-i19-m32: [    9/16] radius=3.709e-07 microboxes=3420992
    edge-i19-m32: [   10/16] radius=4.141e-07 microboxes=3421024
    edge-i19-m32: [   11/16] radius=4.577e-07 microboxes=3421056
    edge-i19-m32: [   12/16] radius=5.016e-07 microboxes=3421088
    edge-i19-m32: [   13/16] radius=5.460e-07 microboxes=3421120
    edge-i19-m32: [   14/16] radius=5.908e-07 microboxes=3421152
    edge-i19-m32: [   15/16] radius=6.359e-07 microboxes=3421184
    edge-i19-m32: [   16/16] radius=6.811e-07 microboxes=3421216
  [ 20/81] i=19 epsT=7.874e-03 epsG=6.491e-07 edgeRows=2.527e-02 activeR=4.110e-04 sep=1.106e-02 lower=+1.065e-02 pass=True disc=3.23e-10
    body-i20-m32: [    1/1308] radius=6.364e-07 microboxes=3421248
    body-i20-m32: [  130/1308] radius=3.804e-04 microboxes=3425376
    body-i20-m32: [  260/1308] radius=1.653e-03 microboxes=3429536
    body-i20-m32: [  390/1308] radius=4.585e-03 microboxes=3433696
    body-i20-m32: [  520/1308] radius=7.574e-03 microboxes=3437856
    body-i20-m32: [  650/1308] radius=9.983e-03 microboxes=3442016
    body-i20-m32: [  780/1308] radius=1.345e-02 microboxes=3446176
    body-i20-m32: [  910/1308] radius=1.537e-02 microboxes=3450336
    body-i20-m32: [ 1040/1308] radius=1.895e-02 microboxes=3454496
    body-i20-m32: [ 1170/1308] radius=2.336e-02 microboxes=3458656
    body-i20-m32: [ 1300/1308] radius=2.791e-02 microboxes=3462816
    body-i20-m32: [ 1308/1308] radius=2.867e-02 microboxes=3463072
    edge-i20-m32: [    1/16] radius=3.919e-08 microboxes=3463104
    edge-i20-m32: [    2/16] radius=7.927e-08 microboxes=3463136
    edge-i20-m32: [    3/16] radius=1.197e-07 microboxes=3463168
    edge-i20-m32: [    4/16] radius=1.606e-07 microboxes=3463200
    edge-i20-m32: [    5/16] radius=2.018e-07 microboxes=3463232
    edge-i20-m32: [    6/16] radius=2.435e-07 microboxes=3463264
    edge-i20-m32: [    7/16] radius=2.855e-07 microboxes=3463296
    edge-i20-m32: [    8/16] radius=3.279e-07 microboxes=3463328
    edge-i20-m32: [    9/16] radius=3.707e-07 microboxes=3463360
    edge-i20-m32: [   10/16] radius=4.139e-07 microboxes=3463392
    edge-i20-m32: [   11/16] radius=4.575e-07 microboxes=3463424
    edge-i20-m32: [   12/16] radius=5.015e-07 microboxes=3463456
    edge-i20-m32: [   13/16] radius=5.459e-07 microboxes=3463488
    edge-i20-m32: [   14/16] radius=5.908e-07 microboxes=3463520
    edge-i20-m32: [   15/16] radius=6.360e-07 microboxes=3463552
    edge-i20-m32: [   16/16] radius=6.816e-07 microboxes=3463584
    body-i21-m32: [    1/1308] radius=6.422e-07 microboxes=3463616
    body-i21-m32: [  130/1308] radius=3.812e-04 microboxes=3467744
    body-i21-m32: [  260/1308] radius=1.656e-03 microboxes=3471904
    body-i21-m32: [  390/1308] radius=4.592e-03 microboxes=3476064
    body-i21-m32: [  520/1308] radius=7.584e-03 microboxes=3480224
    body-i21-m32: [  650/1308] radius=9.992e-03 microboxes=3484384
    body-i21-m32: [  780/1308] radius=1.347e-02 microboxes=3488544
    body-i21-m32: [  910/1308] radius=1.539e-02 microboxes=3492704
    body-i21-m32: [ 1040/1308] radius=1.899e-02 microboxes=3496864
    body-i21-m32: [ 1170/1308] radius=2.341e-02 microboxes=3501024
    body-i21-m32: [ 1300/1308] radius=2.798e-02 microboxes=3505184
    body-i21-m32: [ 1308/1308] radius=2.874e-02 microboxes=3505440
    edge-i21-m32: [    1/16] radius=3.970e-08 microboxes=3505472
    edge-i21-m32: [    2/16] radius=7.919e-08 microboxes=3505504
    edge-i21-m32: [    3/16] radius=1.197e-07 microboxes=3505536
    edge-i21-m32: [    4/16] radius=1.605e-07 microboxes=3505568
    edge-i21-m32: [    5/16] radius=2.018e-07 microboxes=3505600
    edge-i21-m32: [    6/16] radius=2.434e-07 microboxes=3505632
    edge-i21-m32: [    7/16] radius=2.855e-07 microboxes=3505664
    edge-i21-m32: [    8/16] radius=3.279e-07 microboxes=3505696
    edge-i21-m32: [    9/16] radius=3.707e-07 microboxes=3505728
    edge-i21-m32: [   10/16] radius=4.139e-07 microboxes=3505760
    edge-i21-m32: [   11/16] radius=4.576e-07 microboxes=3505792
    edge-i21-m32: [   12/16] radius=5.016e-07 microboxes=3505824
    edge-i21-m32: [   13/16] radius=5.460e-07 microboxes=3505856
    edge-i21-m32: [   14/16] radius=5.908e-07 microboxes=3505888
    edge-i21-m32: [   15/16] radius=6.360e-07 microboxes=3505920
    edge-i21-m32: [   16/16] radius=6.816e-07 microboxes=3505952
    body-i22-m32: [    1/1308] radius=6.407e-07 microboxes=3505984
    body-i22-m32: [  130/1308] radius=3.803e-04 microboxes=3510112
    body-i22-m32: [  260/1308] radius=1.654e-03 microboxes=3514272
    body-i22-m32: [  390/1308] radius=4.591e-03 microboxes=3518432
    body-i22-m32: [  520/1308] radius=7.588e-03 microboxes=3522592
    body-i22-m32: [  650/1308] radius=1.000e-02 microboxes=3526752
    body-i22-m32: [  780/1308] radius=1.347e-02 microboxes=3530912
    body-i22-m32: [  910/1308] radius=1.540e-02 microboxes=3535072
    body-i22-m32: [ 1040/1308] radius=1.901e-02 microboxes=3539232
    body-i22-m32: [ 1170/1308] radius=2.344e-02 microboxes=3543392
    body-i22-m32: [ 1300/1308] radius=2.800e-02 microboxes=3547552
    body-i22-m32: [ 1308/1308] radius=2.876e-02 microboxes=3547808
    edge-i22-m32: [    1/16] radius=3.966e-08 microboxes=3547840
    edge-i22-m32: [    2/16] radius=7.970e-08 microboxes=3547872
    edge-i22-m32: [    3/16] radius=1.197e-07 microboxes=3547904
    edge-i22-m32: [    4/16] radius=1.605e-07 microboxes=3547936
    edge-i22-m32: [    5/16] radius=2.017e-07 microboxes=3547968
    edge-i22-m32: [    6/16] radius=2.433e-07 microboxes=3548000
    edge-i22-m32: [    7/16] radius=2.853e-07 microboxes=3548032
    edge-i22-m32: [    8/16] radius=3.277e-07 microboxes=3548064
    edge-i22-m32: [    9/16] radius=3.705e-07 microboxes=3548096
    edge-i22-m32: [   10/16] radius=4.136e-07 microboxes=3548128
    edge-i22-m32: [   11/16] radius=4.572e-07 microboxes=3548160
    edge-i22-m32: [   12/16] radius=5.012e-07 microboxes=3548192
    edge-i22-m32: [   13/16] radius=5.455e-07 microboxes=3548224
    edge-i22-m32: [   14/16] radius=5.903e-07 microboxes=3548256
    edge-i22-m32: [   15/16] radius=6.355e-07 microboxes=3548288
    edge-i22-m32: [   16/16] radius=6.810e-07 microboxes=3548320
    body-i23-m32: [    1/1308] radius=6.356e-07 microboxes=3548352
    body-i23-m32: [  130/1308] radius=3.802e-04 microboxes=3552480
    body-i23-m32: [  260/1308] radius=1.652e-03 microboxes=3556640
    body-i23-m32: [  390/1308] radius=4.583e-03 microboxes=3560800
    body-i23-m32: [  520/1308] radius=7.571e-03 microboxes=3564960
    body-i23-m32: [  650/1308] radius=9.980e-03 microboxes=3569120
    body-i23-m32: [  780/1308] radius=1.344e-02 microboxes=3573280
    body-i23-m32: [  910/1308] radius=1.537e-02 microboxes=3577440
    body-i23-m32: [ 1040/1308] radius=1.894e-02 microboxes=3581600
    body-i23-m32: [ 1170/1308] radius=2.335e-02 microboxes=3585760
    body-i23-m32: [ 1300/1308] radius=2.791e-02 microboxes=3589920
    body-i23-m32: [ 1308/1308] radius=2.866e-02 microboxes=3590176
    edge-i23-m32: [    1/16] radius=3.969e-08 microboxes=3590208
    edge-i23-m32: [    2/16] radius=7.977e-08 microboxes=3590240
    edge-i23-m32: [    3/16] radius=1.202e-07 microboxes=3590272
    edge-i23-m32: [    4/16] radius=1.608e-07 microboxes=3590304
    edge-i23-m32: [    5/16] radius=2.020e-07 microboxes=3590336
    edge-i23-m32: [    6/16] radius=2.437e-07 microboxes=3590368
    edge-i23-m32: [    7/16] radius=2.857e-07 microboxes=3590400
    edge-i23-m32: [    8/16] radius=3.281e-07 microboxes=3590432
    edge-i23-m32: [    9/16] radius=3.709e-07 microboxes=3590464
    edge-i23-m32: [   10/16] radius=4.141e-07 microboxes=3590496
    edge-i23-m32: [   11/16] radius=4.578e-07 microboxes=3590528
    edge-i23-m32: [   12/16] radius=5.018e-07 microboxes=3590560
    edge-i23-m32: [   13/16] radius=5.462e-07 microboxes=3590592
    edge-i23-m32: [   14/16] radius=5.910e-07 microboxes=3590624
    edge-i23-m32: [   15/16] radius=6.362e-07 microboxes=3590656
    edge-i23-m32: [   16/16] radius=6.818e-07 microboxes=3590688
    body-i24-m32: [    1/1308] radius=6.446e-07 microboxes=3590720
    body-i24-m32: [  130/1308] radius=3.807e-04 microboxes=3594848
    body-i24-m32: [  260/1308] radius=1.654e-03 microboxes=3599008
    body-i24-m32: [  390/1308] radius=4.586e-03 microboxes=3603168
    body-i24-m32: [  520/1308] radius=7.574e-03 microboxes=3607328
    body-i24-m32: [  650/1308] radius=9.980e-03 microboxes=3611488
    body-i24-m32: [  780/1308] radius=1.345e-02 microboxes=3615648
    body-i24-m32: [  910/1308] radius=1.537e-02 microboxes=3619808
    body-i24-m32: [ 1040/1308] radius=1.897e-02 microboxes=3623968
    body-i24-m32: [ 1170/1308] radius=2.338e-02 microboxes=3628128
    body-i24-m32: [ 1300/1308] radius=2.795e-02 microboxes=3632288
    body-i24-m32: [ 1308/1308] radius=2.870e-02 microboxes=3632544
    edge-i24-m32: [    1/16] radius=3.970e-08 microboxes=3632576
    edge-i24-m32: [    2/16] radius=7.979e-08 microboxes=3632608
    edge-i24-m32: [    3/16] radius=1.203e-07 microboxes=3632640
    edge-i24-m32: [    4/16] radius=1.611e-07 microboxes=3632672
    edge-i24-m32: [    5/16] radius=2.022e-07 microboxes=3632704
    edge-i24-m32: [    6/16] radius=2.439e-07 microboxes=3632736
    edge-i24-m32: [    7/16] radius=2.859e-07 microboxes=3632768
    edge-i24-m32: [    8/16] radius=3.283e-07 microboxes=3632800
    edge-i24-m32: [    9/16] radius=3.712e-07 microboxes=3632832
    edge-i24-m32: [   10/16] radius=4.144e-07 microboxes=3632864
    edge-i24-m32: [   11/16] radius=4.580e-07 microboxes=3632896
    edge-i24-m32: [   12/16] radius=5.020e-07 microboxes=3632928
    edge-i24-m32: [   13/16] radius=5.464e-07 microboxes=3632960
    edge-i24-m32: [   14/16] radius=5.912e-07 microboxes=3632992
    edge-i24-m32: [   15/16] radius=6.365e-07 microboxes=3633024
    edge-i24-m32: [   16/16] radius=6.821e-07 microboxes=3633056
  [ 25/81] i=24 epsT=7.872e-03 epsG=6.500e-07 edgeRows=2.527e-02 activeR=4.107e-04 sep=1.108e-02 lower=+1.067e-02 pass=True disc=3.23e-10
    body-i25-m32: [    1/1308] radius=6.439e-07 microboxes=3633088
    body-i25-m32: [  130/1308] radius=3.808e-04 microboxes=3637216
    body-i25-m32: [  260/1308] radius=1.656e-03 microboxes=3641376
    body-i25-m32: [  390/1308] radius=4.597e-03 microboxes=3645536
    body-i25-m32: [  520/1308] radius=7.598e-03 microboxes=3649696
    body-i25-m32: [  650/1308] radius=1.001e-02 microboxes=3653856
    body-i25-m32: [  780/1308] radius=1.349e-02 microboxes=3658016
    body-i25-m32: [  910/1308] radius=1.542e-02 microboxes=3662176
    body-i25-m32: [ 1040/1308] radius=1.904e-02 microboxes=3666336
    body-i25-m32: [ 1170/1308] radius=2.347e-02 microboxes=3670496
    body-i25-m32: [ 1300/1308] radius=2.804e-02 microboxes=3674656
    body-i25-m32: [ 1308/1308] radius=2.880e-02 microboxes=3674912
    edge-i25-m32: [    1/16] radius=3.966e-08 microboxes=3674944
    edge-i25-m32: [    2/16] radius=7.970e-08 microboxes=3674976
    edge-i25-m32: [    3/16] radius=1.201e-07 microboxes=3675008
    edge-i25-m32: [    4/16] radius=1.610e-07 microboxes=3675040
    edge-i25-m32: [    5/16] radius=2.022e-07 microboxes=3675072
    edge-i25-m32: [    6/16] radius=2.438e-07 microboxes=3675104
    edge-i25-m32: [    7/16] radius=2.858e-07 microboxes=3675136
    edge-i25-m32: [    8/16] radius=3.281e-07 microboxes=3675168
    edge-i25-m32: [    9/16] radius=3.709e-07 microboxes=3675200
    edge-i25-m32: [   10/16] radius=4.141e-07 microboxes=3675232
    edge-i25-m32: [   11/16] radius=4.577e-07 microboxes=3675264
    edge-i25-m32: [   12/16] radius=5.016e-07 microboxes=3675296
    edge-i25-m32: [   13/16] radius=5.460e-07 microboxes=3675328
    edge-i25-m32: [   14/16] radius=5.908e-07 microboxes=3675360
    edge-i25-m32: [   15/16] radius=6.359e-07 microboxes=3675392
    edge-i25-m32: [   16/16] radius=6.815e-07 microboxes=3675424
    body-i26-m32: [    1/1308] radius=6.445e-07 microboxes=3675456
    body-i26-m32: [  130/1308] radius=3.807e-04 microboxes=3679584
    body-i26-m32: [  260/1308] radius=1.654e-03 microboxes=3683744
    body-i26-m32: [  390/1308] radius=4.589e-03 microboxes=3687904
    body-i26-m32: [  520/1308] radius=7.581e-03 microboxes=3692064
    body-i26-m32: [  650/1308] radius=9.992e-03 microboxes=3696224
    body-i26-m32: [  780/1308] radius=1.346e-02 microboxes=3700384
    body-i26-m32: [  910/1308] radius=1.539e-02 microboxes=3704544
    body-i26-m32: [ 1040/1308] radius=1.896e-02 microboxes=3708704
    body-i26-m32: [ 1170/1308] radius=2.338e-02 microboxes=3712864
    body-i26-m32: [ 1300/1308] radius=2.794e-02 microboxes=3717024
    body-i26-m32: [ 1308/1308] radius=2.870e-02 microboxes=3717280
    edge-i26-m32: [    1/16] radius=3.969e-08 microboxes=3717312
    edge-i26-m32: [    2/16] radius=7.977e-08 microboxes=3717344
    edge-i26-m32: [    3/16] radius=1.202e-07 microboxes=3717376
    edge-i26-m32: [    4/16] radius=1.611e-07 microboxes=3717408
    edge-i26-m32: [    5/16] radius=2.023e-07 microboxes=3717440
    edge-i26-m32: [    6/16] radius=2.438e-07 microboxes=3717472
    edge-i26-m32: [    7/16] radius=2.859e-07 microboxes=3717504
    edge-i26-m32: [    8/16] radius=3.283e-07 microboxes=3717536
    edge-i26-m32: [    9/16] radius=3.711e-07 microboxes=3717568
    edge-i26-m32: [   10/16] radius=4.143e-07 microboxes=3717600
    edge-i26-m32: [   11/16] radius=4.579e-07 microboxes=3717632
    edge-i26-m32: [   12/16] radius=5.019e-07 microboxes=3717664
    edge-i26-m32: [   13/16] radius=5.463e-07 microboxes=3717696
    edge-i26-m32: [   14/16] radius=5.911e-07 microboxes=3717728
    edge-i26-m32: [   15/16] radius=6.363e-07 microboxes=3717760
    edge-i26-m32: [   16/16] radius=6.820e-07 microboxes=3717792
    body-i27-m32: [    1/1308] radius=6.446e-07 microboxes=3717824
    body-i27-m32: [  130/1308] radius=3.802e-04 microboxes=3721952
    body-i27-m32: [  260/1308] radius=1.652e-03 microboxes=3726112
    body-i27-m32: [  390/1308] radius=4.580e-03 microboxes=3730272
    body-i27-m32: [  520/1308] radius=7.564e-03 microboxes=3734432
    body-i27-m32: [  650/1308] radius=9.967e-03 microboxes=3738592
    body-i27-m32: [  780/1308] radius=1.343e-02 microboxes=3742752
    body-i27-m32: [  910/1308] radius=1.535e-02 microboxes=3746912
    body-i27-m32: [ 1040/1308] radius=1.894e-02 microboxes=3751072
    body-i27-m32: [ 1170/1308] radius=2.335e-02 microboxes=3755232
    body-i27-m32: [ 1300/1308] radius=2.791e-02 microboxes=3759392
    body-i27-m32: [ 1308/1308] radius=2.867e-02 microboxes=3759648
    edge-i27-m32: [    1/16] radius=3.970e-08 microboxes=3759680
    edge-i27-m32: [    2/16] radius=7.978e-08 microboxes=3759712
    edge-i27-m32: [    3/16] radius=1.203e-07 microboxes=3759744
    edge-i27-m32: [    4/16] radius=1.611e-07 microboxes=3759776
    edge-i27-m32: [    5/16] radius=2.024e-07 microboxes=3759808
    edge-i27-m32: [    6/16] radius=2.440e-07 microboxes=3759840
    edge-i27-m32: [    7/16] radius=2.857e-07 microboxes=3759872
    edge-i27-m32: [    8/16] radius=3.282e-07 microboxes=3759904
    edge-i27-m32: [    9/16] radius=3.710e-07 microboxes=3759936
    edge-i27-m32: [   10/16] radius=4.142e-07 microboxes=3759968
    edge-i27-m32: [   11/16] radius=4.578e-07 microboxes=3760000
    edge-i27-m32: [   12/16] radius=5.018e-07 microboxes=3760032
    edge-i27-m32: [   13/16] radius=5.462e-07 microboxes=3760064
    edge-i27-m32: [   14/16] radius=5.910e-07 microboxes=3760096
    edge-i27-m32: [   15/16] radius=6.362e-07 microboxes=3760128
    edge-i27-m32: [   16/16] radius=6.819e-07 microboxes=3760160
    body-i28-m32: [    1/1308] radius=6.439e-07 microboxes=3760192
    body-i28-m32: [  130/1308] radius=3.804e-04 microboxes=3764320
    body-i28-m32: [  260/1308] radius=1.654e-03 microboxes=3768480
    body-i28-m32: [  390/1308] radius=4.592e-03 microboxes=3772640
    body-i28-m32: [  520/1308] radius=7.589e-03 microboxes=3776800
    body-i28-m32: [  650/1308] radius=1.000e-02 microboxes=3780960
    body-i28-m32: [  780/1308] radius=1.347e-02 microboxes=3785120
    body-i28-m32: [  910/1308] radius=1.540e-02 microboxes=3789280
    body-i28-m32: [ 1040/1308] radius=1.901e-02 microboxes=3793440
    body-i28-m32: [ 1170/1308] radius=2.345e-02 microboxes=3797600
    body-i28-m32: [ 1300/1308] radius=2.800e-02 microboxes=3801760
    body-i28-m32: [ 1308/1308] radius=2.876e-02 microboxes=3802016
    edge-i28-m32: [    1/16] radius=3.966e-08 microboxes=3802048
    edge-i28-m32: [    2/16] radius=7.970e-08 microboxes=3802080
    edge-i28-m32: [    3/16] radius=1.201e-07 microboxes=3802112
    edge-i28-m32: [    4/16] radius=1.610e-07 microboxes=3802144
    edge-i28-m32: [    5/16] radius=2.022e-07 microboxes=3802176
    edge-i28-m32: [    6/16] radius=2.438e-07 microboxes=3802208
    edge-i28-m32: [    7/16] radius=2.858e-07 microboxes=3802240
    edge-i28-m32: [    8/16] radius=3.277e-07 microboxes=3802272
    edge-i28-m32: [    9/16] radius=3.705e-07 microboxes=3802304
    edge-i28-m32: [   10/16] radius=4.136e-07 microboxes=3802336
    edge-i28-m32: [   11/16] radius=4.572e-07 microboxes=3802368
    edge-i28-m32: [   12/16] radius=5.012e-07 microboxes=3802400
    edge-i28-m32: [   13/16] radius=5.455e-07 microboxes=3802432
    edge-i28-m32: [   14/16] radius=5.903e-07 microboxes=3802464
    edge-i28-m32: [   15/16] radius=6.355e-07 microboxes=3802496
    edge-i28-m32: [   16/16] radius=6.810e-07 microboxes=3802528
    body-i29-m32: [    1/1308] radius=6.446e-07 microboxes=3802560
    body-i29-m32: [  130/1308] radius=3.812e-04 microboxes=3806688
    body-i29-m32: [  260/1308] radius=1.656e-03 microboxes=3810848
    body-i29-m32: [  390/1308] radius=4.595e-03 microboxes=3815008
    body-i29-m32: [  520/1308] radius=7.591e-03 microboxes=3819168
    body-i29-m32: [  650/1308] radius=1.000e-02 microboxes=3823328
    body-i29-m32: [  780/1308] radius=1.348e-02 microboxes=3827488
    body-i29-m32: [  910/1308] radius=1.541e-02 microboxes=3831648
    body-i29-m32: [ 1040/1308] radius=1.898e-02 microboxes=3835808
    body-i29-m32: [ 1170/1308] radius=2.341e-02 microboxes=3839968
    body-i29-m32: [ 1300/1308] radius=2.797e-02 microboxes=3844128
    body-i29-m32: [ 1308/1308] radius=2.873e-02 microboxes=3844384
    edge-i29-m32: [    1/16] radius=3.970e-08 microboxes=3844416
    edge-i29-m32: [    2/16] radius=7.978e-08 microboxes=3844448
    edge-i29-m32: [    3/16] radius=1.203e-07 microboxes=3844480
    edge-i29-m32: [    4/16] radius=1.611e-07 microboxes=3844512
    edge-i29-m32: [    5/16] radius=2.024e-07 microboxes=3844544
    edge-i29-m32: [    6/16] radius=2.440e-07 microboxes=3844576
    edge-i29-m32: [    7/16] radius=2.860e-07 microboxes=3844608
    edge-i29-m32: [    8/16] radius=3.285e-07 microboxes=3844640
    edge-i29-m32: [    9/16] radius=3.707e-07 microboxes=3844672
    edge-i29-m32: [   10/16] radius=4.139e-07 microboxes=3844704
    edge-i29-m32: [   11/16] radius=4.575e-07 microboxes=3844736
    edge-i29-m32: [   12/16] radius=5.015e-07 microboxes=3844768
    edge-i29-m32: [   13/16] radius=5.459e-07 microboxes=3844800
    edge-i29-m32: [   14/16] radius=5.907e-07 microboxes=3844832
    edge-i29-m32: [   15/16] radius=6.359e-07 microboxes=3844864
    edge-i29-m32: [   16/16] radius=6.816e-07 microboxes=3844896
  [ 30/81] i=29 epsT=7.880e-03 epsG=6.495e-07 edgeRows=2.527e-02 activeR=4.112e-04 sep=1.107e-02 lower=+1.066e-02 pass=True disc=3.23e-10
    body-i30-m32: [    1/1308] radius=6.446e-07 microboxes=3844928
    body-i30-m32: [  130/1308] radius=3.803e-04 microboxes=3849056
    body-i30-m32: [  260/1308] radius=1.653e-03 microboxes=3853216
    body-i30-m32: [  390/1308] radius=4.581e-03 microboxes=3857376
    body-i30-m32: [  520/1308] radius=7.566e-03 microboxes=3861536
    body-i30-m32: [  650/1308] radius=9.970e-03 microboxes=3865696
    body-i30-m32: [  780/1308] radius=1.344e-02 microboxes=3869856
    body-i30-m32: [  910/1308] radius=1.536e-02 microboxes=3874016
    body-i30-m32: [ 1040/1308] radius=1.895e-02 microboxes=3878176
    body-i30-m32: [ 1170/1308] radius=2.336e-02 microboxes=3882336
    body-i30-m32: [ 1300/1308] radius=2.792e-02 microboxes=3886496
    body-i30-m32: [ 1308/1308] radius=2.868e-02 microboxes=3886752
    edge-i30-m32: [    1/16] radius=3.970e-08 microboxes=3886784
    edge-i30-m32: [    2/16] radius=7.978e-08 microboxes=3886816
    edge-i30-m32: [    3/16] radius=1.202e-07 microboxes=3886848
    edge-i30-m32: [    4/16] radius=1.611e-07 microboxes=3886880
    edge-i30-m32: [    5/16] radius=2.024e-07 microboxes=3886912
    edge-i30-m32: [    6/16] radius=2.440e-07 microboxes=3886944
    edge-i30-m32: [    7/16] radius=2.860e-07 microboxes=3886976
    edge-i30-m32: [    8/16] radius=3.284e-07 microboxes=3887008
    edge-i30-m32: [    9/16] radius=3.713e-07 microboxes=3887040
    edge-i30-m32: [   10/16] radius=4.140e-07 microboxes=3887072
    edge-i30-m32: [   11/16] radius=4.576e-07 microboxes=3887104
    edge-i30-m32: [   12/16] radius=5.016e-07 microboxes=3887136
    edge-i30-m32: [   13/16] radius=5.460e-07 microboxes=3887168
    edge-i30-m32: [   14/16] radius=5.908e-07 microboxes=3887200
    edge-i30-m32: [   15/16] radius=6.360e-07 microboxes=3887232
    edge-i30-m32: [   16/16] radius=6.816e-07 microboxes=3887264
    body-i31-m32: [    1/1308] radius=6.439e-07 microboxes=3887296
    body-i31-m32: [  130/1308] radius=3.800e-04 microboxes=3891424
    body-i31-m32: [  260/1308] radius=1.652e-03 microboxes=3895584
    body-i31-m32: [  390/1308] radius=4.587e-03 microboxes=3899744
    body-i31-m32: [  520/1308] radius=7.579e-03 microboxes=3903904
    body-i31-m32: [  650/1308] radius=9.989e-03 microboxes=3908064
    body-i31-m32: [  780/1308] radius=1.345e-02 microboxes=3912224
    body-i31-m32: [  910/1308] radius=1.538e-02 microboxes=3916384
    body-i31-m32: [ 1040/1308] radius=1.899e-02 microboxes=3920544
    body-i31-m32: [ 1170/1308] radius=2.342e-02 microboxes=3924704
    body-i31-m32: [ 1300/1308] radius=2.797e-02 microboxes=3928864
    body-i31-m32: [ 1308/1308] radius=2.872e-02 microboxes=3929120
    edge-i31-m32: [    1/16] radius=3.966e-08 microboxes=3929152
    edge-i31-m32: [    2/16] radius=7.970e-08 microboxes=3929184
    edge-i31-m32: [    3/16] radius=1.201e-07 microboxes=3929216
    edge-i31-m32: [    4/16] radius=1.610e-07 microboxes=3929248
    edge-i31-m32: [    5/16] radius=2.022e-07 microboxes=3929280
    edge-i31-m32: [    6/16] radius=2.438e-07 microboxes=3929312
    edge-i31-m32: [    7/16] radius=2.858e-07 microboxes=3929344
    edge-i31-m32: [    8/16] radius=3.281e-07 microboxes=3929376
    edge-i31-m32: [    9/16] radius=3.709e-07 microboxes=3929408
    edge-i31-m32: [   10/16] radius=4.141e-07 microboxes=3929440
    edge-i31-m32: [   11/16] radius=4.573e-07 microboxes=3929472
    edge-i31-m32: [   12/16] radius=5.013e-07 microboxes=3929504
    edge-i31-m32: [   13/16] radius=5.456e-07 microboxes=3929536
    edge-i31-m32: [   14/16] radius=5.904e-07 microboxes=3929568
    edge-i31-m32: [   15/16] radius=6.356e-07 microboxes=3929600
    edge-i31-m32: [   16/16] radius=6.811e-07 microboxes=3929632
    body-i32-m32: [    1/1308] radius=6.446e-07 microboxes=3929664
    body-i32-m32: [  130/1308] radius=3.814e-04 microboxes=3933792
    body-i32-m32: [  260/1308] radius=1.657e-03 microboxes=3937952
    body-i32-m32: [  390/1308] radius=4.598e-03 microboxes=3942112
    body-i32-m32: [  520/1308] radius=7.595e-03 microboxes=3946272
    body-i32-m32: [  650/1308] radius=1.001e-02 microboxes=3950432
    body-i32-m32: [  780/1308] radius=1.349e-02 microboxes=3954592
    body-i32-m32: [  910/1308] radius=1.541e-02 microboxes=3958752
    body-i32-m32: [ 1040/1308] radius=1.900e-02 microboxes=3962912
    body-i32-m32: [ 1170/1308] radius=2.342e-02 microboxes=3967072
    body-i32-m32: [ 1300/1308] radius=2.799e-02 microboxes=3971232
    body-i32-m32: [ 1308/1308] radius=2.875e-02 microboxes=3971488
    edge-i32-m32: [    1/16] radius=3.970e-08 microboxes=3971520
    edge-i32-m32: [    2/16] radius=7.979e-08 microboxes=3971552
    edge-i32-m32: [    3/16] radius=1.203e-07 microboxes=3971584
    edge-i32-m32: [    4/16] radius=1.611e-07 microboxes=3971616
    edge-i32-m32: [    5/16] radius=2.024e-07 microboxes=3971648
    edge-i32-m32: [    6/16] radius=2.440e-07 microboxes=3971680
    edge-i32-m32: [    7/16] radius=2.861e-07 microboxes=3971712
    edge-i32-m32: [    8/16] radius=3.285e-07 microboxes=3971744
    edge-i32-m32: [    9/16] radius=3.713e-07 microboxes=3971776
    edge-i32-m32: [   10/16] radius=4.145e-07 microboxes=3971808
    edge-i32-m32: [   11/16] radius=4.579e-07 microboxes=3971840
    edge-i32-m32: [   12/16] radius=5.020e-07 microboxes=3971872
    edge-i32-m32: [   13/16] radius=5.464e-07 microboxes=3971904
    edge-i32-m32: [   14/16] radius=5.912e-07 microboxes=3971936
    edge-i32-m32: [   15/16] radius=6.364e-07 microboxes=3971968
    edge-i32-m32: [   16/16] radius=6.820e-07 microboxes=3972000
    body-i33-m32: [    1/1308] radius=6.445e-07 microboxes=3972032
    body-i33-m32: [  130/1308] radius=3.808e-04 microboxes=3976160
    body-i33-m32: [  260/1308] radius=1.655e-03 microboxes=3980320
    body-i33-m32: [  390/1308] radius=4.587e-03 microboxes=3984480
    body-i33-m32: [  520/1308] radius=7.575e-03 microboxes=3988640
    body-i33-m32: [  650/1308] radius=9.983e-03 microboxes=3992800
    body-i33-m32: [  780/1308] radius=1.345e-02 microboxes=3996960
    body-i33-m32: [  910/1308] radius=1.537e-02 microboxes=4001120
    body-i33-m32: [ 1040/1308] radius=1.897e-02 microboxes=4005280
    body-i33-m32: [ 1170/1308] radius=2.339e-02 microboxes=4009440
    body-i33-m32: [ 1300/1308] radius=2.796e-02 microboxes=4013600
    body-i33-m32: [ 1308/1308] radius=2.872e-02 microboxes=4013856
    edge-i33-m32: [    1/16] radius=3.970e-08 microboxes=4013888
    edge-i33-m32: [    2/16] radius=7.978e-08 microboxes=4013920
    edge-i33-m32: [    3/16] radius=1.202e-07 microboxes=4013952
    edge-i33-m32: [    4/16] radius=1.611e-07 microboxes=4013984
    edge-i33-m32: [    5/16] radius=2.024e-07 microboxes=4014016
    edge-i33-m32: [    6/16] radius=2.440e-07 microboxes=4014048
    edge-i33-m32: [    7/16] radius=2.860e-07 microboxes=4014080
    edge-i33-m32: [    8/16] radius=3.284e-07 microboxes=4014112
    edge-i33-m32: [    9/16] radius=3.713e-07 microboxes=4014144
    edge-i33-m32: [   10/16] radius=4.145e-07 microboxes=4014176
    edge-i33-m32: [   11/16] radius=4.581e-07 microboxes=4014208
    edge-i33-m32: [   12/16] radius=5.020e-07 microboxes=4014240
    edge-i33-m32: [   13/16] radius=5.465e-07 microboxes=4014272
    edge-i33-m32: [   14/16] radius=5.913e-07 microboxes=4014304
    edge-i33-m32: [   15/16] radius=6.365e-07 microboxes=4014336
    edge-i33-m32: [   16/16] radius=6.821e-07 microboxes=4014368
    body-i34-m32: [    1/1308] radius=6.439e-07 microboxes=4014400
    body-i34-m32: [  130/1308] radius=3.795e-04 microboxes=4018528
    body-i34-m32: [  260/1308] radius=1.650e-03 microboxes=4022688
    body-i34-m32: [  390/1308] radius=4.581e-03 microboxes=4026848
    body-i34-m32: [  520/1308] radius=7.570e-03 microboxes=4031008
    body-i34-m32: [  650/1308] radius=9.977e-03 microboxes=4035168
    body-i34-m32: [  780/1308] radius=1.344e-02 microboxes=4039328
    body-i34-m32: [  910/1308] radius=1.537e-02 microboxes=4043488
    body-i34-m32: [ 1040/1308] radius=1.897e-02 microboxes=4047648
    body-i34-m32: [ 1170/1308] radius=2.339e-02 microboxes=4051808
    body-i34-m32: [ 1300/1308] radius=2.793e-02 microboxes=4055968
    body-i34-m32: [ 1308/1308] radius=2.869e-02 microboxes=4056224
    edge-i34-m32: [    1/16] radius=3.966e-08 microboxes=4056256
    edge-i34-m32: [    2/16] radius=7.970e-08 microboxes=4056288
    edge-i34-m32: [    3/16] radius=1.201e-07 microboxes=4056320
    edge-i34-m32: [    4/16] radius=1.610e-07 microboxes=4056352
    edge-i34-m32: [    5/16] radius=2.022e-07 microboxes=4056384
    edge-i34-m32: [    6/16] radius=2.438e-07 microboxes=4056416
    edge-i34-m32: [    7/16] radius=2.858e-07 microboxes=4056448
    edge-i34-m32: [    8/16] radius=3.281e-07 microboxes=4056480
    edge-i34-m32: [    9/16] radius=3.709e-07 microboxes=4056512
    edge-i34-m32: [   10/16] radius=4.141e-07 microboxes=4056544
    edge-i34-m32: [   11/16] radius=4.577e-07 microboxes=4056576
    edge-i34-m32: [   12/16] radius=5.016e-07 microboxes=4056608
    edge-i34-m32: [   13/16] radius=5.459e-07 microboxes=4056640
    edge-i34-m32: [   14/16] radius=5.907e-07 microboxes=4056672
    edge-i34-m32: [   15/16] radius=6.358e-07 microboxes=4056704
    edge-i34-m32: [   16/16] radius=6.814e-07 microboxes=4056736
  [ 35/81] i=34 epsT=7.863e-03 epsG=6.493e-07 edgeRows=2.527e-02 activeR=4.105e-04 sep=1.106e-02 lower=+1.064e-02 pass=True disc=3.23e-10
    body-i35-m32: [    1/1308] radius=6.446e-07 microboxes=4056768
    body-i35-m32: [  130/1308] radius=3.810e-04 microboxes=4060896
    body-i35-m32: [  260/1308] radius=1.655e-03 microboxes=4065056
    body-i35-m32: [  390/1308] radius=4.592e-03 microboxes=4069216
    body-i35-m32: [  520/1308] radius=7.586e-03 microboxes=4073376
    body-i35-m32: [  650/1308] radius=9.998e-03 microboxes=4077536
    body-i35-m32: [  780/1308] radius=1.347e-02 microboxes=4081696
    body-i35-m32: [  910/1308] radius=1.540e-02 microboxes=4085856
    body-i35-m32: [ 1040/1308] radius=1.897e-02 microboxes=4090016
    body-i35-m32: [ 1170/1308] radius=2.339e-02 microboxes=4094176
    body-i35-m32: [ 1300/1308] radius=2.796e-02 microboxes=4098336
    body-i35-m32: [ 1308/1308] radius=2.871e-02 microboxes=4098592
    edge-i35-m32: [    1/16] radius=3.970e-08 microboxes=4098624
    edge-i35-m32: [    2/16] radius=7.979e-08 microboxes=4098656
    edge-i35-m32: [    3/16] radius=1.203e-07 microboxes=4098688
    edge-i35-m32: [    4/16] radius=1.611e-07 microboxes=4098720
    edge-i35-m32: [    5/16] radius=2.024e-07 microboxes=4098752
    edge-i35-m32: [    6/16] radius=2.440e-07 microboxes=4098784
    edge-i35-m32: [    7/16] radius=2.861e-07 microboxes=4098816
    edge-i35-m32: [    8/16] radius=3.285e-07 microboxes=4098848
    edge-i35-m32: [    9/16] radius=3.713e-07 microboxes=4098880
    edge-i35-m32: [   10/16] radius=4.145e-07 microboxes=4098912
    edge-i35-m32: [   11/16] radius=4.582e-07 microboxes=4098944
    edge-i35-m32: [   12/16] radius=5.022e-07 microboxes=4098976
    edge-i35-m32: [   13/16] radius=5.466e-07 microboxes=4099008
    edge-i35-m32: [   14/16] radius=5.911e-07 microboxes=4099040
    edge-i35-m32: [   15/16] radius=6.364e-07 microboxes=4099072
    edge-i35-m32: [   16/16] radius=6.820e-07 microboxes=4099104
    body-i36-m32: [    1/1308] radius=6.444e-07 microboxes=4099136
    body-i36-m32: [  130/1308] radius=3.812e-04 microboxes=4103264
    body-i36-m32: [  260/1308] radius=1.656e-03 microboxes=4107424
    body-i36-m32: [  390/1308] radius=4.592e-03 microboxes=4111584
    body-i36-m32: [  520/1308] radius=7.585e-03 microboxes=4115744
    body-i36-m32: [  650/1308] radius=9.995e-03 microboxes=4119904
    body-i36-m32: [  780/1308] radius=1.347e-02 microboxes=4124064
    body-i36-m32: [  910/1308] radius=1.539e-02 microboxes=4128224
    body-i36-m32: [ 1040/1308] radius=1.900e-02 microboxes=4132384
    body-i36-m32: [ 1170/1308] radius=2.342e-02 microboxes=4136544
    body-i36-m32: [ 1300/1308] radius=2.799e-02 microboxes=4140704
    body-i36-m32: [ 1308/1308] radius=2.875e-02 microboxes=4140960
    edge-i36-m32: [    1/16] radius=3.969e-08 microboxes=4140992
    edge-i36-m32: [    2/16] radius=7.977e-08 microboxes=4141024
    edge-i36-m32: [    3/16] radius=1.202e-07 microboxes=4141056
    edge-i36-m32: [    4/16] radius=1.611e-07 microboxes=4141088
    edge-i36-m32: [    5/16] radius=2.023e-07 microboxes=4141120
    edge-i36-m32: [    6/16] radius=2.440e-07 microboxes=4141152
    edge-i36-m32: [    7/16] radius=2.860e-07 microboxes=4141184
    edge-i36-m32: [    8/16] radius=3.284e-07 microboxes=4141216
    edge-i36-m32: [    9/16] radius=3.712e-07 microboxes=4141248
    edge-i36-m32: [   10/16] radius=4.144e-07 microboxes=4141280
    edge-i36-m32: [   11/16] radius=4.580e-07 microboxes=4141312
    edge-i36-m32: [   12/16] radius=5.020e-07 microboxes=4141344
    edge-i36-m32: [   13/16] radius=5.465e-07 microboxes=4141376
    edge-i36-m32: [   14/16] radius=5.913e-07 microboxes=4141408
    edge-i36-m32: [   15/16] radius=6.360e-07 microboxes=4141440
    edge-i36-m32: [   16/16] radius=6.816e-07 microboxes=4141472
    body-i37-m32: [    1/1308] radius=6.439e-07 microboxes=4141504
    body-i37-m32: [  130/1308] radius=3.799e-04 microboxes=4145632
    body-i37-m32: [  260/1308] radius=1.652e-03 microboxes=4149792
    body-i37-m32: [  390/1308] radius=4.586e-03 microboxes=4153952
    body-i37-m32: [  520/1308] radius=7.577e-03 microboxes=4158112
    body-i37-m32: [  650/1308] radius=9.986e-03 microboxes=4162272
    body-i37-m32: [  780/1308] radius=1.345e-02 microboxes=4166432
    body-i37-m32: [  910/1308] radius=1.538e-02 microboxes=4170592
    body-i37-m32: [ 1040/1308] radius=1.898e-02 microboxes=4174752
    body-i37-m32: [ 1170/1308] radius=2.341e-02 microboxes=4178912
    body-i37-m32: [ 1300/1308] radius=2.796e-02 microboxes=4183072
    body-i37-m32: [ 1308/1308] radius=2.871e-02 microboxes=4183328
    edge-i37-m32: [    1/16] radius=3.966e-08 microboxes=4183360
    edge-i37-m32: [    2/16] radius=7.970e-08 microboxes=4183392
    edge-i37-m32: [    3/16] radius=1.201e-07 microboxes=4183424
    edge-i37-m32: [    4/16] radius=1.610e-07 microboxes=4183456
    edge-i37-m32: [    5/16] radius=2.022e-07 microboxes=4183488
    edge-i37-m32: [    6/16] radius=2.438e-07 microboxes=4183520
    edge-i37-m32: [    7/16] radius=2.858e-07 microboxes=4183552
    edge-i37-m32: [    8/16] radius=3.281e-07 microboxes=4183584
    edge-i37-m32: [    9/16] radius=3.709e-07 microboxes=4183616
    edge-i37-m32: [   10/16] radius=4.141e-07 microboxes=4183648
    edge-i37-m32: [   11/16] radius=4.577e-07 microboxes=4183680
    edge-i37-m32: [   12/16] radius=5.016e-07 microboxes=4183712
    edge-i37-m32: [   13/16] radius=5.460e-07 microboxes=4183744
    edge-i37-m32: [   14/16] radius=5.908e-07 microboxes=4183776
    edge-i37-m32: [   15/16] radius=6.359e-07 microboxes=4183808
    edge-i37-m32: [   16/16] radius=6.809e-07 microboxes=4183840
    body-i38-m32: [    1/1308] radius=6.447e-07 microboxes=4183872
    body-i38-m32: [  130/1308] radius=3.805e-04 microboxes=4188000
    body-i38-m32: [  260/1308] radius=1.653e-03 microboxes=4192160
    body-i38-m32: [  390/1308] radius=4.587e-03 microboxes=4196320
    body-i38-m32: [  520/1308] radius=7.577e-03 microboxes=4200480
    body-i38-m32: [  650/1308] radius=9.986e-03 microboxes=4204640
    body-i38-m32: [  780/1308] radius=1.345e-02 microboxes=4208800
    body-i38-m32: [  910/1308] radius=1.538e-02 microboxes=4212960
    body-i38-m32: [ 1040/1308] radius=1.895e-02 microboxes=4217120
    body-i38-m32: [ 1170/1308] radius=2.336e-02 microboxes=4221280
    body-i38-m32: [ 1300/1308] radius=2.792e-02 microboxes=4225440
    body-i38-m32: [ 1308/1308] radius=2.868e-02 microboxes=4225696
    edge-i38-m32: [    1/16] radius=3.970e-08 microboxes=4225728
    edge-i38-m32: [    2/16] radius=7.979e-08 microboxes=4225760
    edge-i38-m32: [    3/16] radius=1.203e-07 microboxes=4225792
    edge-i38-m32: [    4/16] radius=1.611e-07 microboxes=4225824
    edge-i38-m32: [    5/16] radius=2.024e-07 microboxes=4225856
    edge-i38-m32: [    6/16] radius=2.440e-07 microboxes=4225888
    edge-i38-m32: [    7/16] radius=2.861e-07 microboxes=4225920
    edge-i38-m32: [    8/16] radius=3.285e-07 microboxes=4225952
    edge-i38-m32: [    9/16] radius=3.713e-07 microboxes=4225984
    edge-i38-m32: [   10/16] radius=4.146e-07 microboxes=4226016
    edge-i38-m32: [   11/16] radius=4.582e-07 microboxes=4226048
    edge-i38-m32: [   12/16] radius=5.022e-07 microboxes=4226080
    edge-i38-m32: [   13/16] radius=5.466e-07 microboxes=4226112
    edge-i38-m32: [   14/16] radius=5.914e-07 microboxes=4226144
    edge-i38-m32: [   15/16] radius=6.367e-07 microboxes=4226176
    edge-i38-m32: [   16/16] radius=6.817e-07 microboxes=4226208
    body-i39-m32: [    1/1308] radius=6.428e-07 microboxes=4226240
    body-i39-m32: [  130/1308] radius=3.812e-04 microboxes=4230368
    body-i39-m32: [  260/1308] radius=1.656e-03 microboxes=4234528
    body-i39-m32: [  390/1308] radius=4.592e-03 microboxes=4238688
    body-i39-m32: [  520/1308] radius=7.584e-03 microboxes=4242848
    body-i39-m32: [  650/1308] radius=9.995e-03 microboxes=4247008
    body-i39-m32: [  780/1308] radius=1.347e-02 microboxes=4251168
    body-i39-m32: [  910/1308] radius=1.539e-02 microboxes=4255328
    body-i39-m32: [ 1040/1308] radius=1.900e-02 microboxes=4259488
    body-i39-m32: [ 1170/1308] radius=2.342e-02 microboxes=4263648
    body-i39-m32: [ 1300/1308] radius=2.800e-02 microboxes=4267808
    body-i39-m32: [ 1308/1308] radius=2.875e-02 microboxes=4268064
    edge-i39-m32: [    1/16] radius=3.929e-08 microboxes=4268096
    edge-i39-m32: [    2/16] radius=7.936e-08 microboxes=4268128
    edge-i39-m32: [    3/16] radius=1.198e-07 microboxes=4268160
    edge-i39-m32: [    4/16] radius=1.607e-07 microboxes=4268192
    edge-i39-m32: [    5/16] radius=2.019e-07 microboxes=4268224
    edge-i39-m32: [    6/16] radius=2.435e-07 microboxes=4268256
    edge-i39-m32: [    7/16] radius=2.856e-07 microboxes=4268288
    edge-i39-m32: [    8/16] radius=3.280e-07 microboxes=4268320
    edge-i39-m32: [    9/16] radius=3.708e-07 microboxes=4268352
    edge-i39-m32: [   10/16] radius=4.140e-07 microboxes=4268384
    edge-i39-m32: [   11/16] radius=4.576e-07 microboxes=4268416
    edge-i39-m32: [   12/16] radius=5.016e-07 microboxes=4268448
    edge-i39-m32: [   13/16] radius=5.460e-07 microboxes=4268480
    edge-i39-m32: [   14/16] radius=5.908e-07 microboxes=4268512
    edge-i39-m32: [   15/16] radius=6.360e-07 microboxes=4268544
    edge-i39-m32: [   16/16] radius=6.816e-07 microboxes=4268576
  [ 40/81] i=39 epsT=7.885e-03 epsG=6.495e-07 edgeRows=2.527e-02 activeR=4.114e-04 sep=1.108e-02 lower=+1.067e-02 pass=True disc=3.23e-10
    body-i40-m32: [    1/1308] radius=6.399e-07 microboxes=4268608
    body-i40-m32: [  130/1308] radius=3.803e-04 microboxes=4272736
    body-i40-m32: [  260/1308] radius=1.654e-03 microboxes=4276896
    body-i40-m32: [  390/1308] radius=4.592e-03 microboxes=4281056
    body-i40-m32: [  520/1308] radius=7.587e-03 microboxes=4285216
    body-i40-m32: [  650/1308] radius=9.999e-03 microboxes=4289376
    body-i40-m32: [  780/1308] radius=1.347e-02 microboxes=4293536
    body-i40-m32: [  910/1308] radius=1.540e-02 microboxes=4297696
    body-i40-m32: [ 1040/1308] radius=1.901e-02 microboxes=4301856
    body-i40-m32: [ 1170/1308] radius=2.344e-02 microboxes=4306016
    body-i40-m32: [ 1300/1308] radius=2.799e-02 microboxes=4310176
    body-i40-m32: [ 1308/1308] radius=2.875e-02 microboxes=4310432
    edge-i40-m32: [    1/16] radius=3.966e-08 microboxes=4310464
    edge-i40-m32: [    2/16] radius=7.945e-08 microboxes=4310496
    edge-i40-m32: [    3/16] radius=1.199e-07 microboxes=4310528
    edge-i40-m32: [    4/16] radius=1.607e-07 microboxes=4310560
    edge-i40-m32: [    5/16] radius=2.019e-07 microboxes=4310592
    edge-i40-m32: [    6/16] radius=2.435e-07 microboxes=4310624
    edge-i40-m32: [    7/16] radius=2.855e-07 microboxes=4310656
    edge-i40-m32: [    8/16] radius=3.279e-07 microboxes=4310688
    edge-i40-m32: [    9/16] radius=3.707e-07 microboxes=4310720
    edge-i40-m32: [   10/16] radius=4.138e-07 microboxes=4310752
    edge-i40-m32: [   11/16] radius=4.574e-07 microboxes=4310784
    edge-i40-m32: [   12/16] radius=5.014e-07 microboxes=4310816
    edge-i40-m32: [   13/16] radius=5.457e-07 microboxes=4310848
    edge-i40-m32: [   14/16] radius=5.905e-07 microboxes=4310880
    edge-i40-m32: [   15/16] radius=6.357e-07 microboxes=4310912
    edge-i40-m32: [   16/16] radius=6.813e-07 microboxes=4310944
    body-i41-m32: [    1/1308] radius=6.350e-07 microboxes=4310976
    body-i41-m32: [  130/1308] radius=3.801e-04 microboxes=4315104
    body-i41-m32: [  260/1308] radius=1.651e-03 microboxes=4319264
    body-i41-m32: [  390/1308] radius=4.582e-03 microboxes=4323424
    body-i41-m32: [  520/1308] radius=7.570e-03 microboxes=4327584
    body-i41-m32: [  650/1308] radius=9.976e-03 microboxes=4331744
    body-i41-m32: [  780/1308] radius=1.344e-02 microboxes=4335904
    body-i41-m32: [  910/1308] radius=1.536e-02 microboxes=4340064
    body-i41-m32: [ 1040/1308] radius=1.893e-02 microboxes=4344224
    body-i41-m32: [ 1170/1308] radius=2.334e-02 microboxes=4348384
    body-i41-m32: [ 1300/1308] radius=2.790e-02 microboxes=4352544
    body-i41-m32: [ 1308/1308] radius=2.865e-02 microboxes=4352800
    edge-i41-m32: [    1/16] radius=3.971e-08 microboxes=4352832
    edge-i41-m32: [    2/16] radius=7.980e-08 microboxes=4352864
    edge-i41-m32: [    3/16] radius=1.202e-07 microboxes=4352896
    edge-i41-m32: [    4/16] radius=1.611e-07 microboxes=4352928
    edge-i41-m32: [    5/16] radius=2.023e-07 microboxes=4352960
    edge-i41-m32: [    6/16] radius=2.440e-07 microboxes=4352992
    edge-i41-m32: [    7/16] radius=2.860e-07 microboxes=4353024
    edge-i41-m32: [    8/16] radius=3.284e-07 microboxes=4353056
    edge-i41-m32: [    9/16] radius=3.713e-07 microboxes=4353088
    edge-i41-m32: [   10/16] radius=4.145e-07 microboxes=4353120
    edge-i41-m32: [   11/16] radius=4.581e-07 microboxes=4353152
    edge-i41-m32: [   12/16] radius=5.022e-07 microboxes=4353184
    edge-i41-m32: [   13/16] radius=5.466e-07 microboxes=4353216
    edge-i41-m32: [   14/16] radius=5.914e-07 microboxes=4353248
    edge-i41-m32: [   15/16] radius=6.366e-07 microboxes=4353280
    edge-i41-m32: [   16/16] radius=6.823e-07 microboxes=4353312
    body-i42-m32: [    1/1308] radius=6.396e-07 microboxes=4353344
    body-i42-m32: [  130/1308] radius=3.807e-04 microboxes=4357472
    body-i42-m32: [  260/1308] radius=1.654e-03 microboxes=4361632
    body-i42-m32: [  390/1308] radius=4.586e-03 microboxes=4365792
    body-i42-m32: [  520/1308] radius=7.575e-03 microboxes=4369952
    body-i42-m32: [  650/1308] radius=9.982e-03 microboxes=4374112
    body-i42-m32: [  780/1308] radius=1.345e-02 microboxes=4378272
    body-i42-m32: [  910/1308] radius=1.537e-02 microboxes=4382432
    body-i42-m32: [ 1040/1308] radius=1.897e-02 microboxes=4386592
    body-i42-m32: [ 1170/1308] radius=2.339e-02 microboxes=4390752
    body-i42-m32: [ 1300/1308] radius=2.796e-02 microboxes=4394912
    body-i42-m32: [ 1308/1308] radius=2.872e-02 microboxes=4395168
    edge-i42-m32: [    1/16] radius=3.969e-08 microboxes=4395200
    edge-i42-m32: [    2/16] radius=7.976e-08 microboxes=4395232
    edge-i42-m32: [    3/16] radius=1.202e-07 microboxes=4395264
    edge-i42-m32: [    4/16] radius=1.610e-07 microboxes=4395296
    edge-i42-m32: [    5/16] radius=2.023e-07 microboxes=4395328
    edge-i42-m32: [    6/16] radius=2.439e-07 microboxes=4395360
    edge-i42-m32: [    7/16] radius=2.859e-07 microboxes=4395392
    edge-i42-m32: [    8/16] radius=3.283e-07 microboxes=4395424
    edge-i42-m32: [    9/16] radius=3.711e-07 microboxes=4395456
    edge-i42-m32: [   10/16] radius=4.143e-07 microboxes=4395488
    edge-i42-m32: [   11/16] radius=4.580e-07 microboxes=4395520
    edge-i42-m32: [   12/16] radius=5.020e-07 microboxes=4395552
    edge-i42-m32: [   13/16] radius=5.464e-07 microboxes=4395584
    edge-i42-m32: [   14/16] radius=5.912e-07 microboxes=4395616
    edge-i42-m32: [   15/16] radius=6.364e-07 microboxes=4395648
    edge-i42-m32: [   16/16] radius=6.820e-07 microboxes=4395680
    body-i43-m32: [    1/1308] radius=6.439e-07 microboxes=4395712
    body-i43-m32: [  130/1308] radius=3.809e-04 microboxes=4399840
    body-i43-m32: [  260/1308] radius=1.656e-03 microboxes=4404000
    body-i43-m32: [  390/1308] radius=4.598e-03 microboxes=4408160
    body-i43-m32: [  520/1308] radius=7.596e-03 microboxes=4412320
    body-i43-m32: [  650/1308] radius=1.001e-02 microboxes=4416480
    body-i43-m32: [  780/1308] radius=1.348e-02 microboxes=4420640
    body-i43-m32: [  910/1308] radius=1.542e-02 microboxes=4424800
    body-i43-m32: [ 1040/1308] radius=1.903e-02 microboxes=4428960
    body-i43-m32: [ 1170/1308] radius=2.347e-02 microboxes=4433120
    body-i43-m32: [ 1300/1308] radius=2.803e-02 microboxes=4437280
    body-i43-m32: [ 1308/1308] radius=2.878e-02 microboxes=4437536
    edge-i43-m32: [    1/16] radius=3.966e-08 microboxes=4437568
    edge-i43-m32: [    2/16] radius=7.970e-08 microboxes=4437600
    edge-i43-m32: [    3/16] radius=1.201e-07 microboxes=4437632
    edge-i43-m32: [    4/16] radius=1.610e-07 microboxes=4437664
    edge-i43-m32: [    5/16] radius=2.020e-07 microboxes=4437696
    edge-i43-m32: [    6/16] radius=2.436e-07 microboxes=4437728
    edge-i43-m32: [    7/16] radius=2.856e-07 microboxes=4437760
    edge-i43-m32: [    8/16] radius=3.279e-07 microboxes=4437792
    edge-i43-m32: [    9/16] radius=3.707e-07 microboxes=4437824
    edge-i43-m32: [   10/16] radius=4.139e-07 microboxes=4437856
    edge-i43-m32: [   11/16] radius=4.575e-07 microboxes=4437888
    edge-i43-m32: [   12/16] radius=5.014e-07 microboxes=4437920
    edge-i43-m32: [   13/16] radius=5.458e-07 microboxes=4437952
    edge-i43-m32: [   14/16] radius=5.906e-07 microboxes=4437984
    edge-i43-m32: [   15/16] radius=6.357e-07 microboxes=4438016
    edge-i43-m32: [   16/16] radius=6.813e-07 microboxes=4438048
    body-i44-m32: [    1/1308] radius=6.447e-07 microboxes=4438080
    body-i44-m32: [  130/1308] radius=3.805e-04 microboxes=4442208
    body-i44-m32: [  260/1308] radius=1.654e-03 microboxes=4446368
    body-i44-m32: [  390/1308] radius=4.588e-03 microboxes=4450528
    body-i44-m32: [  520/1308] radius=7.579e-03 microboxes=4454688
    body-i44-m32: [  650/1308] radius=9.989e-03 microboxes=4458848
    body-i44-m32: [  780/1308] radius=1.346e-02 microboxes=4463008
    body-i44-m32: [  910/1308] radius=1.538e-02 microboxes=4467168
    body-i44-m32: [ 1040/1308] radius=1.895e-02 microboxes=4471328
    body-i44-m32: [ 1170/1308] radius=2.337e-02 microboxes=4475488
    body-i44-m32: [ 1300/1308] radius=2.793e-02 microboxes=4479648
    body-i44-m32: [ 1308/1308] radius=2.869e-02 microboxes=4479904
    edge-i44-m32: [    1/16] radius=3.971e-08 microboxes=4479936
    edge-i44-m32: [    2/16] radius=7.980e-08 microboxes=4479968
    edge-i44-m32: [    3/16] radius=1.203e-07 microboxes=4480000
    edge-i44-m32: [    4/16] radius=1.612e-07 microboxes=4480032
    edge-i44-m32: [    5/16] radius=2.021e-07 microboxes=4480064
    edge-i44-m32: [    6/16] radius=2.437e-07 microboxes=4480096
    edge-i44-m32: [    7/16] radius=2.858e-07 microboxes=4480128
    edge-i44-m32: [    8/16] radius=3.282e-07 microboxes=4480160
    edge-i44-m32: [    9/16] radius=3.710e-07 microboxes=4480192
    edge-i44-m32: [   10/16] radius=4.142e-07 microboxes=4480224
    edge-i44-m32: [   11/16] radius=4.579e-07 microboxes=4480256
    edge-i44-m32: [   12/16] radius=5.019e-07 microboxes=4480288
    edge-i44-m32: [   13/16] radius=5.463e-07 microboxes=4480320
    edge-i44-m32: [   14/16] radius=5.911e-07 microboxes=4480352
    edge-i44-m32: [   15/16] radius=6.364e-07 microboxes=4480384
    edge-i44-m32: [   16/16] radius=6.820e-07 microboxes=4480416
  [ 45/81] i=44 epsT=7.868e-03 epsG=6.499e-07 edgeRows=2.527e-02 activeR=4.106e-04 sep=1.107e-02 lower=+1.066e-02 pass=True disc=3.23e-10
    body-i45-m32: [    1/1308] radius=6.443e-07 microboxes=4480448
    body-i45-m32: [  130/1308] radius=3.802e-04 microboxes=4484576
    body-i45-m32: [  260/1308] radius=1.652e-03 microboxes=4488736
    body-i45-m32: [  390/1308] radius=4.580e-03 microboxes=4492896
    body-i45-m32: [  520/1308] radius=7.565e-03 microboxes=4497056
    body-i45-m32: [  650/1308] radius=9.970e-03 microboxes=4501216
    body-i45-m32: [  780/1308] radius=1.344e-02 microboxes=4505376
    body-i45-m32: [  910/1308] radius=1.536e-02 microboxes=4509536
    body-i45-m32: [ 1040/1308] radius=1.895e-02 microboxes=4513696
    body-i45-m32: [ 1170/1308] radius=2.337e-02 microboxes=4517856
    body-i45-m32: [ 1300/1308] radius=2.793e-02 microboxes=4522016
    body-i45-m32: [ 1308/1308] radius=2.868e-02 microboxes=4522272
    edge-i45-m32: [    1/16] radius=3.969e-08 microboxes=4522304
    edge-i45-m32: [    2/16] radius=7.976e-08 microboxes=4522336
    edge-i45-m32: [    3/16] radius=1.202e-07 microboxes=4522368
    edge-i45-m32: [    4/16] radius=1.611e-07 microboxes=4522400
    edge-i45-m32: [    5/16] radius=2.023e-07 microboxes=4522432
    edge-i45-m32: [    6/16] radius=2.434e-07 microboxes=4522464
    edge-i45-m32: [    7/16] radius=2.854e-07 microboxes=4522496
    edge-i45-m32: [    8/16] radius=3.279e-07 microboxes=4522528
    edge-i45-m32: [    9/16] radius=3.707e-07 microboxes=4522560
    edge-i45-m32: [   10/16] radius=4.139e-07 microboxes=4522592
    edge-i45-m32: [   11/16] radius=4.575e-07 microboxes=4522624
    edge-i45-m32: [   12/16] radius=5.014e-07 microboxes=4522656
    edge-i45-m32: [   13/16] radius=5.458e-07 microboxes=4522688
    edge-i45-m32: [   14/16] radius=5.906e-07 microboxes=4522720
    edge-i45-m32: [   15/16] radius=6.358e-07 microboxes=4522752
    edge-i45-m32: [   16/16] radius=6.814e-07 microboxes=4522784
    body-i46-m32: [    1/1308] radius=6.439e-07 microboxes=4522816
    body-i46-m32: [  130/1308] radius=3.806e-04 microboxes=4526944
    body-i46-m32: [  260/1308] radius=1.655e-03 microboxes=4531104
    body-i46-m32: [  390/1308] radius=4.595e-03 microboxes=4535264
    body-i46-m32: [  520/1308] radius=7.592e-03 microboxes=4539424
    body-i46-m32: [  650/1308] radius=1.001e-02 microboxes=4543584
    body-i46-m32: [  780/1308] radius=1.348e-02 microboxes=4547744
    body-i46-m32: [  910/1308] radius=1.541e-02 microboxes=4551904
    body-i46-m32: [ 1040/1308] radius=1.902e-02 microboxes=4556064
    body-i46-m32: [ 1170/1308] radius=2.345e-02 microboxes=4560224
    body-i46-m32: [ 1300/1308] radius=2.801e-02 microboxes=4564384
    body-i46-m32: [ 1308/1308] radius=2.876e-02 microboxes=4564640
    edge-i46-m32: [    1/16] radius=3.966e-08 microboxes=4564672
    edge-i46-m32: [    2/16] radius=7.970e-08 microboxes=4564704
    edge-i46-m32: [    3/16] radius=1.201e-07 microboxes=4564736
    edge-i46-m32: [    4/16] radius=1.610e-07 microboxes=4564768
    edge-i46-m32: [    5/16] radius=2.022e-07 microboxes=4564800
    edge-i46-m32: [    6/16] radius=2.438e-07 microboxes=4564832
    edge-i46-m32: [    7/16] radius=2.851e-07 microboxes=4564864
    edge-i46-m32: [    8/16] radius=3.275e-07 microboxes=4564896
    edge-i46-m32: [    9/16] radius=3.703e-07 microboxes=4564928
    edge-i46-m32: [   10/16] radius=4.135e-07 microboxes=4564960
    edge-i46-m32: [   11/16] radius=4.570e-07 microboxes=4564992
    edge-i46-m32: [   12/16] radius=5.010e-07 microboxes=4565024
    edge-i46-m32: [   13/16] radius=5.454e-07 microboxes=4565056
    edge-i46-m32: [   14/16] radius=5.901e-07 microboxes=4565088
    edge-i46-m32: [   15/16] radius=6.353e-07 microboxes=4565120
    edge-i46-m32: [   16/16] radius=6.809e-07 microboxes=4565152
    body-i47-m32: [    1/1308] radius=6.448e-07 microboxes=4565184
    body-i47-m32: [  130/1308] radius=3.810e-04 microboxes=4569312
    body-i47-m32: [  260/1308] radius=1.656e-03 microboxes=4573472
    body-i47-m32: [  390/1308] radius=4.594e-03 microboxes=4577632
    body-i47-m32: [  520/1308] radius=7.589e-03 microboxes=4581792
    body-i47-m32: [  650/1308] radius=1.000e-02 microboxes=4585952
    body-i47-m32: [  780/1308] radius=1.347e-02 microboxes=4590112
    body-i47-m32: [  910/1308] radius=1.540e-02 microboxes=4594272
    body-i47-m32: [ 1040/1308] radius=1.898e-02 microboxes=4598432
    body-i47-m32: [ 1170/1308] radius=2.340e-02 microboxes=4602592
    body-i47-m32: [ 1300/1308] radius=2.797e-02 microboxes=4606752
    body-i47-m32: [ 1308/1308] radius=2.872e-02 microboxes=4607008
    edge-i47-m32: [    1/16] radius=3.971e-08 microboxes=4607040
    edge-i47-m32: [    2/16] radius=7.980e-08 microboxes=4607072
    edge-i47-m32: [    3/16] radius=1.203e-07 microboxes=4607104
    edge-i47-m32: [    4/16] radius=1.612e-07 microboxes=4607136
    edge-i47-m32: [    5/16] radius=2.024e-07 microboxes=4607168
    edge-i47-m32: [    6/16] radius=2.441e-07 microboxes=4607200
    edge-i47-m32: [    7/16] radius=2.861e-07 microboxes=4607232
    edge-i47-m32: [    8/16] radius=3.281e-07 microboxes=4607264
    edge-i47-m32: [    9/16] radius=3.709e-07 microboxes=4607296
    edge-i47-m32: [   10/16] radius=4.142e-07 microboxes=4607328
    edge-i47-m32: [   11/16] radius=4.578e-07 microboxes=4607360
    edge-i47-m32: [   12/16] radius=5.018e-07 microboxes=4607392
    edge-i47-m32: [   13/16] radius=5.462e-07 microboxes=4607424
    edge-i47-m32: [   14/16] radius=5.911e-07 microboxes=4607456
    edge-i47-m32: [   15/16] radius=6.363e-07 microboxes=4607488
    edge-i47-m32: [   16/16] radius=6.819e-07 microboxes=4607520
    body-i48-m32: [    1/1308] radius=6.443e-07 microboxes=4607552
    body-i48-m32: [  130/1308] radius=3.801e-04 microboxes=4611680
    body-i48-m32: [  260/1308] radius=1.651e-03 microboxes=4615840
    body-i48-m32: [  390/1308] radius=4.578e-03 microboxes=4620000
    body-i48-m32: [  520/1308] radius=7.563e-03 microboxes=4624160
    body-i48-m32: [  650/1308] radius=9.967e-03 microboxes=4628320
    body-i48-m32: [  780/1308] radius=1.343e-02 microboxes=4632480
    body-i48-m32: [  910/1308] radius=1.535e-02 microboxes=4636640
    body-i48-m32: [ 1040/1308] radius=1.895e-02 microboxes=4640800
    body-i48-m32: [ 1170/1308] radius=2.336e-02 microboxes=4644960
    body-i48-m32: [ 1300/1308] radius=2.792e-02 microboxes=4649120
    body-i48-m32: [ 1308/1308] radius=2.868e-02 microboxes=4649376
    edge-i48-m32: [    1/16] radius=3.968e-08 microboxes=4649408
    edge-i48-m32: [    2/16] radius=7.975e-08 microboxes=4649440
    edge-i48-m32: [    3/16] radius=1.202e-07 microboxes=4649472
    edge-i48-m32: [    4/16] radius=1.610e-07 microboxes=4649504
    edge-i48-m32: [    5/16] radius=2.023e-07 microboxes=4649536
    edge-i48-m32: [    6/16] radius=2.439e-07 microboxes=4649568
    edge-i48-m32: [    7/16] radius=2.859e-07 microboxes=4649600
    edge-i48-m32: [    8/16] radius=3.283e-07 microboxes=4649632
    edge-i48-m32: [    9/16] radius=3.708e-07 microboxes=4649664
    edge-i48-m32: [   10/16] radius=4.140e-07 microboxes=4649696
    edge-i48-m32: [   11/16] radius=4.576e-07 microboxes=4649728
    edge-i48-m32: [   12/16] radius=5.016e-07 microboxes=4649760
    edge-i48-m32: [   13/16] radius=5.460e-07 microboxes=4649792
    edge-i48-m32: [   14/16] radius=5.908e-07 microboxes=4649824
    edge-i48-m32: [   15/16] radius=6.360e-07 microboxes=4649856
    edge-i48-m32: [   16/16] radius=6.816e-07 microboxes=4649888
    body-i49-m32: [    1/1308] radius=6.439e-07 microboxes=4649920
    body-i49-m32: [  130/1308] radius=3.802e-04 microboxes=4654048
    body-i49-m32: [  260/1308] radius=1.654e-03 microboxes=4658208
    body-i49-m32: [  390/1308] radius=4.590e-03 microboxes=4662368
    body-i49-m32: [  520/1308] radius=7.582e-03 microboxes=4666528
    body-i49-m32: [  650/1308] radius=9.993e-03 microboxes=4670688
    body-i49-m32: [  780/1308] radius=1.346e-02 microboxes=4674848
    body-i49-m32: [  910/1308] radius=1.539e-02 microboxes=4679008
    body-i49-m32: [ 1040/1308] radius=1.900e-02 microboxes=4683168
    body-i49-m32: [ 1170/1308] radius=2.342e-02 microboxes=4687328
    body-i49-m32: [ 1300/1308] radius=2.797e-02 microboxes=4691488
    body-i49-m32: [ 1308/1308] radius=2.873e-02 microboxes=4691744
    edge-i49-m32: [    1/16] radius=3.966e-08 microboxes=4691776
    edge-i49-m32: [    2/16] radius=7.970e-08 microboxes=4691808
    edge-i49-m32: [    3/16] radius=1.201e-07 microboxes=4691840
    edge-i49-m32: [    4/16] radius=1.610e-07 microboxes=4691872
    edge-i49-m32: [    5/16] radius=2.022e-07 microboxes=4691904
    edge-i49-m32: [    6/16] radius=2.438e-07 microboxes=4691936
    edge-i49-m32: [    7/16] radius=2.858e-07 microboxes=4691968
    edge-i49-m32: [    8/16] radius=3.281e-07 microboxes=4692000
    edge-i49-m32: [    9/16] radius=3.709e-07 microboxes=4692032
    edge-i49-m32: [   10/16] radius=4.139e-07 microboxes=4692064
    edge-i49-m32: [   11/16] radius=4.575e-07 microboxes=4692096
    edge-i49-m32: [   12/16] radius=5.015e-07 microboxes=4692128
    edge-i49-m32: [   13/16] radius=5.459e-07 microboxes=4692160
    edge-i49-m32: [   14/16] radius=5.906e-07 microboxes=4692192
    edge-i49-m32: [   15/16] radius=6.358e-07 microboxes=4692224
    edge-i49-m32: [   16/16] radius=6.814e-07 microboxes=4692256
  [ 50/81] i=49 epsT=7.875e-03 epsG=6.493e-07 edgeRows=2.527e-02 activeR=4.111e-04 sep=1.105e-02 lower=+1.064e-02 pass=True disc=3.24e-10
    body-i50-m32: [    1/1308] radius=6.448e-07 microboxes=4692288
    body-i50-m32: [  130/1308] radius=3.815e-04 microboxes=4696416
    body-i50-m32: [  260/1308] radius=1.658e-03 microboxes=4700576
    body-i50-m32: [  390/1308] radius=4.600e-03 microboxes=4704736
    body-i50-m32: [  520/1308] radius=7.599e-03 microboxes=4708896
    body-i50-m32: [  650/1308] radius=1.001e-02 microboxes=4713056
    body-i50-m32: [  780/1308] radius=1.349e-02 microboxes=4717216
    body-i50-m32: [  910/1308] radius=1.542e-02 microboxes=4721376
    body-i50-m32: [ 1040/1308] radius=1.900e-02 microboxes=4725536
    body-i50-m32: [ 1170/1308] radius=2.343e-02 microboxes=4729696
    body-i50-m32: [ 1300/1308] radius=2.800e-02 microboxes=4733856
    body-i50-m32: [ 1308/1308] radius=2.876e-02 microboxes=4734112
    edge-i50-m32: [    1/16] radius=3.971e-08 microboxes=4734144
    edge-i50-m32: [    2/16] radius=7.981e-08 microboxes=4734176
    edge-i50-m32: [    3/16] radius=1.203e-07 microboxes=4734208
    edge-i50-m32: [    4/16] radius=1.612e-07 microboxes=4734240
    edge-i50-m32: [    5/16] radius=2.024e-07 microboxes=4734272
    edge-i50-m32: [    6/16] radius=2.441e-07 microboxes=4734304
    edge-i50-m32: [    7/16] radius=2.862e-07 microboxes=4734336
    edge-i50-m32: [    8/16] radius=3.286e-07 microboxes=4734368
    edge-i50-m32: [    9/16] radius=3.714e-07 microboxes=4734400
    edge-i50-m32: [   10/16] radius=4.147e-07 microboxes=4734432
    edge-i50-m32: [   11/16] radius=4.583e-07 microboxes=4734464
    edge-i50-m32: [   12/16] radius=5.023e-07 microboxes=4734496
    edge-i50-m32: [   13/16] radius=5.468e-07 microboxes=4734528
    edge-i50-m32: [   14/16] radius=5.916e-07 microboxes=4734560
    edge-i50-m32: [   15/16] radius=6.368e-07 microboxes=4734592
    edge-i50-m32: [   16/16] radius=6.825e-07 microboxes=4734624
    body-i51-m32: [    1/1308] radius=6.443e-07 microboxes=4734656
    body-i51-m32: [  130/1308] radius=3.806e-04 microboxes=4738784
    body-i51-m32: [  260/1308] radius=1.653e-03 microboxes=4742944
    body-i51-m32: [  390/1308] radius=4.583e-03 microboxes=4747104
    body-i51-m32: [  520/1308] radius=7.572e-03 microboxes=4751264
    body-i51-m32: [  650/1308] radius=9.980e-03 microboxes=4755424
    body-i51-m32: [  780/1308] radius=1.345e-02 microboxes=4759584
    body-i51-m32: [  910/1308] radius=1.537e-02 microboxes=4763744
    body-i51-m32: [ 1040/1308] radius=1.897e-02 microboxes=4767904
    body-i51-m32: [ 1170/1308] radius=2.339e-02 microboxes=4772064
    body-i51-m32: [ 1300/1308] radius=2.796e-02 microboxes=4776224
    body-i51-m32: [ 1308/1308] radius=2.871e-02 microboxes=4776480
    edge-i51-m32: [    1/16] radius=3.968e-08 microboxes=4776512
    edge-i51-m32: [    2/16] radius=7.974e-08 microboxes=4776544
    edge-i51-m32: [    3/16] radius=1.202e-07 microboxes=4776576
    edge-i51-m32: [    4/16] radius=1.610e-07 microboxes=4776608
    edge-i51-m32: [    5/16] radius=2.023e-07 microboxes=4776640
    edge-i51-m32: [    6/16] radius=2.439e-07 microboxes=4776672
    edge-i51-m32: [    7/16] radius=2.859e-07 microboxes=4776704
    edge-i51-m32: [    8/16] radius=3.283e-07 microboxes=4776736
    edge-i51-m32: [    9/16] radius=3.711e-07 microboxes=4776768
    edge-i51-m32: [   10/16] radius=4.143e-07 microboxes=4776800
    edge-i51-m32: [   11/16] radius=4.577e-07 microboxes=4776832
    edge-i51-m32: [   12/16] radius=5.017e-07 microboxes=4776864
    edge-i51-m32: [   13/16] radius=5.461e-07 microboxes=4776896
    edge-i51-m32: [   14/16] radius=5.909e-07 microboxes=4776928
    edge-i51-m32: [   15/16] radius=6.361e-07 microboxes=4776960
    edge-i51-m32: [   16/16] radius=6.817e-07 microboxes=4776992
    body-i52-m32: [    1/1308] radius=6.439e-07 microboxes=4777024
    body-i52-m32: [  130/1308] radius=3.798e-04 microboxes=4781152
    body-i52-m32: [  260/1308] radius=1.652e-03 microboxes=4785312
    body-i52-m32: [  390/1308] radius=4.584e-03 microboxes=4789472
    body-i52-m32: [  520/1308] radius=7.573e-03 microboxes=4793632
    body-i52-m32: [  650/1308] radius=9.981e-03 microboxes=4797792
    body-i52-m32: [  780/1308] radius=1.344e-02 microboxes=4801952
    body-i52-m32: [  910/1308] radius=1.537e-02 microboxes=4806112
    body-i52-m32: [ 1040/1308] radius=1.897e-02 microboxes=4810272
    body-i52-m32: [ 1170/1308] radius=2.339e-02 microboxes=4814432
    body-i52-m32: [ 1300/1308] radius=2.793e-02 microboxes=4818592
    body-i52-m32: [ 1308/1308] radius=2.869e-02 microboxes=4818848
    edge-i52-m32: [    1/16] radius=3.966e-08 microboxes=4818880
    edge-i52-m32: [    2/16] radius=7.971e-08 microboxes=4818912
    edge-i52-m32: [    3/16] radius=1.201e-07 microboxes=4818944
    edge-i52-m32: [    4/16] radius=1.610e-07 microboxes=4818976
    edge-i52-m32: [    5/16] radius=2.022e-07 microboxes=4819008
    edge-i52-m32: [    6/16] radius=2.438e-07 microboxes=4819040
    edge-i52-m32: [    7/16] radius=2.858e-07 microboxes=4819072
    edge-i52-m32: [    8/16] radius=3.281e-07 microboxes=4819104
    edge-i52-m32: [    9/16] radius=3.709e-07 microboxes=4819136
    edge-i52-m32: [   10/16] radius=4.141e-07 microboxes=4819168
    edge-i52-m32: [   11/16] radius=4.577e-07 microboxes=4819200
    edge-i52-m32: [   12/16] radius=5.013e-07 microboxes=4819232
    edge-i52-m32: [   13/16] radius=5.457e-07 microboxes=4819264
    edge-i52-m32: [   14/16] radius=5.905e-07 microboxes=4819296
    edge-i52-m32: [   15/16] radius=6.356e-07 microboxes=4819328
    edge-i52-m32: [   16/16] radius=6.812e-07 microboxes=4819360
    body-i53-m32: [    1/1308] radius=6.448e-07 microboxes=4819392
    body-i53-m32: [  130/1308] radius=3.810e-04 microboxes=4823520
    body-i53-m32: [  260/1308] radius=1.656e-03 microboxes=4827680
    body-i53-m32: [  390/1308] radius=4.594e-03 microboxes=4831840
    body-i53-m32: [  520/1308] radius=7.589e-03 microboxes=4836000
    body-i53-m32: [  650/1308] radius=1.000e-02 microboxes=4840160
    body-i53-m32: [  780/1308] radius=1.347e-02 microboxes=4844320
    body-i53-m32: [  910/1308] radius=1.540e-02 microboxes=4848480
    body-i53-m32: [ 1040/1308] radius=1.898e-02 microboxes=4852640
    body-i53-m32: [ 1170/1308] radius=2.340e-02 microboxes=4856800
    body-i53-m32: [ 1300/1308] radius=2.797e-02 microboxes=4860960
    body-i53-m32: [ 1308/1308] radius=2.872e-02 microboxes=4861216
    edge-i53-m32: [    1/16] radius=3.971e-08 microboxes=4861248
    edge-i53-m32: [    2/16] radius=7.981e-08 microboxes=4861280
    edge-i53-m32: [    3/16] radius=1.203e-07 microboxes=4861312
    edge-i53-m32: [    4/16] radius=1.612e-07 microboxes=4861344
    edge-i53-m32: [    5/16] radius=2.024e-07 microboxes=4861376
    edge-i53-m32: [    6/16] radius=2.441e-07 microboxes=4861408
    edge-i53-m32: [    7/16] radius=2.862e-07 microboxes=4861440
    edge-i53-m32: [    8/16] radius=3.286e-07 microboxes=4861472
    edge-i53-m32: [    9/16] radius=3.714e-07 microboxes=4861504
    edge-i53-m32: [   10/16] radius=4.147e-07 microboxes=4861536
    edge-i53-m32: [   11/16] radius=4.583e-07 microboxes=4861568
    edge-i53-m32: [   12/16] radius=5.023e-07 microboxes=4861600
    edge-i53-m32: [   13/16] radius=5.463e-07 microboxes=4861632
    edge-i53-m32: [   14/16] radius=5.911e-07 microboxes=4861664
    edge-i53-m32: [   15/16] radius=6.363e-07 microboxes=4861696
    edge-i53-m32: [   16/16] radius=6.820e-07 microboxes=4861728
    body-i54-m32: [    1/1308] radius=6.442e-07 microboxes=4861760
    body-i54-m32: [  130/1308] radius=3.810e-04 microboxes=4865888
    body-i54-m32: [  260/1308] radius=1.655e-03 microboxes=4870048
    body-i54-m32: [  390/1308] radius=4.589e-03 microboxes=4874208
    body-i54-m32: [  520/1308] radius=7.582e-03 microboxes=4878368
    body-i54-m32: [  650/1308] radius=9.992e-03 microboxes=4882528
    body-i54-m32: [  780/1308] radius=1.347e-02 microboxes=4886688
    body-i54-m32: [  910/1308] radius=1.539e-02 microboxes=4890848
    body-i54-m32: [ 1040/1308] radius=1.899e-02 microboxes=4895008
    body-i54-m32: [ 1170/1308] radius=2.342e-02 microboxes=4899168
    body-i54-m32: [ 1300/1308] radius=2.799e-02 microboxes=4903328
    body-i54-m32: [ 1308/1308] radius=2.875e-02 microboxes=4903584
    edge-i54-m32: [    1/16] radius=3.968e-08 microboxes=4903616
    edge-i54-m32: [    2/16] radius=7.974e-08 microboxes=4903648
    edge-i54-m32: [    3/16] radius=1.202e-07 microboxes=4903680
    edge-i54-m32: [    4/16] radius=1.610e-07 microboxes=4903712
    edge-i54-m32: [    5/16] radius=2.023e-07 microboxes=4903744
    edge-i54-m32: [    6/16] radius=2.439e-07 microboxes=4903776
    edge-i54-m32: [    7/16] radius=2.859e-07 microboxes=4903808
    edge-i54-m32: [    8/16] radius=3.283e-07 microboxes=4903840
    edge-i54-m32: [    9/16] radius=3.711e-07 microboxes=4903872
    edge-i54-m32: [   10/16] radius=4.143e-07 microboxes=4903904
    edge-i54-m32: [   11/16] radius=4.579e-07 microboxes=4903936
    edge-i54-m32: [   12/16] radius=5.019e-07 microboxes=4903968
    edge-i54-m32: [   13/16] radius=5.463e-07 microboxes=4904000
    edge-i54-m32: [   14/16] radius=5.904e-07 microboxes=4904032
    edge-i54-m32: [   15/16] radius=6.356e-07 microboxes=4904064
    edge-i54-m32: [   16/16] radius=6.812e-07 microboxes=4904096
  [ 55/81] i=54 epsT=7.883e-03 epsG=6.491e-07 edgeRows=2.527e-02 activeR=4.114e-04 sep=1.108e-02 lower=+1.066e-02 pass=True disc=3.24e-10
    body-i55-m32: [    1/1308] radius=6.439e-07 microboxes=4904128
    body-i55-m32: [  130/1308] radius=3.799e-04 microboxes=4908256
    body-i55-m32: [  260/1308] radius=1.652e-03 microboxes=4912416
    body-i55-m32: [  390/1308] radius=4.586e-03 microboxes=4916576
    body-i55-m32: [  520/1308] radius=7.575e-03 microboxes=4920736
    body-i55-m32: [  650/1308] radius=9.984e-03 microboxes=4924896
    body-i55-m32: [  780/1308] radius=1.345e-02 microboxes=4929056
    body-i55-m32: [  910/1308] radius=1.538e-02 microboxes=4933216
    body-i55-m32: [ 1040/1308] radius=1.898e-02 microboxes=4937376
    body-i55-m32: [ 1170/1308] radius=2.340e-02 microboxes=4941536
    body-i55-m32: [ 1300/1308] radius=2.794e-02 microboxes=4945696
    body-i55-m32: [ 1308/1308] radius=2.870e-02 microboxes=4945952
    edge-i55-m32: [    1/16] radius=3.966e-08 microboxes=4945984
    edge-i55-m32: [    2/16] radius=7.971e-08 microboxes=4946016
    edge-i55-m32: [    3/16] radius=1.201e-07 microboxes=4946048
    edge-i55-m32: [    4/16] radius=1.610e-07 microboxes=4946080
    edge-i55-m32: [    5/16] radius=2.022e-07 microboxes=4946112
    edge-i55-m32: [    6/16] radius=2.438e-07 microboxes=4946144
    edge-i55-m32: [    7/16] radius=2.858e-07 microboxes=4946176
    edge-i55-m32: [    8/16] radius=3.281e-07 microboxes=4946208
    edge-i55-m32: [    9/16] radius=3.709e-07 microboxes=4946240
    edge-i55-m32: [   10/16] radius=4.141e-07 microboxes=4946272
    edge-i55-m32: [   11/16] radius=4.577e-07 microboxes=4946304
    edge-i55-m32: [   12/16] radius=5.016e-07 microboxes=4946336
    edge-i55-m32: [   13/16] radius=5.460e-07 microboxes=4946368
    edge-i55-m32: [   14/16] radius=5.908e-07 microboxes=4946400
    edge-i55-m32: [   15/16] radius=6.354e-07 microboxes=4946432
    edge-i55-m32: [   16/16] radius=6.810e-07 microboxes=4946464
    body-i56-m32: [    1/1308] radius=6.449e-07 microboxes=4946496
    body-i56-m32: [  130/1308] radius=3.805e-04 microboxes=4950624
    body-i56-m32: [  260/1308] radius=1.654e-03 microboxes=4954784
    body-i56-m32: [  390/1308] radius=4.589e-03 microboxes=4958944
    body-i56-m32: [  520/1308] radius=7.580e-03 microboxes=4963104
    body-i56-m32: [  650/1308] radius=9.988e-03 microboxes=4967264
    body-i56-m32: [  780/1308] radius=1.345e-02 microboxes=4971424
    body-i56-m32: [  910/1308] radius=1.538e-02 microboxes=4975584
    body-i56-m32: [ 1040/1308] radius=1.895e-02 microboxes=4979744
    body-i56-m32: [ 1170/1308] radius=2.337e-02 microboxes=4983904
    body-i56-m32: [ 1300/1308] radius=2.793e-02 microboxes=4988064
    body-i56-m32: [ 1308/1308] radius=2.869e-02 microboxes=4988320
    edge-i56-m32: [    1/16] radius=3.971e-08 microboxes=4988352
    edge-i56-m32: [    2/16] radius=7.982e-08 microboxes=4988384
    edge-i56-m32: [    3/16] radius=1.203e-07 microboxes=4988416
    edge-i56-m32: [    4/16] radius=1.612e-07 microboxes=4988448
    edge-i56-m32: [    5/16] radius=2.024e-07 microboxes=4988480
    edge-i56-m32: [    6/16] radius=2.441e-07 microboxes=4988512
    edge-i56-m32: [    7/16] radius=2.862e-07 microboxes=4988544
    edge-i56-m32: [    8/16] radius=3.286e-07 microboxes=4988576
    edge-i56-m32: [    9/16] radius=3.714e-07 microboxes=4988608
    edge-i56-m32: [   10/16] radius=4.147e-07 microboxes=4988640
    edge-i56-m32: [   11/16] radius=4.583e-07 microboxes=4988672
    edge-i56-m32: [   12/16] radius=5.023e-07 microboxes=4988704
    edge-i56-m32: [   13/16] radius=5.468e-07 microboxes=4988736
    edge-i56-m32: [   14/16] radius=5.916e-07 microboxes=4988768
    edge-i56-m32: [   15/16] radius=6.368e-07 microboxes=4988800
    edge-i56-m32: [   16/16] radius=6.821e-07 microboxes=4988832
    body-i57-m32: [    1/1308] radius=6.442e-07 microboxes=4988864
    body-i57-m32: [  130/1308] radius=3.813e-04 microboxes=4992992
    body-i57-m32: [  260/1308] radius=1.656e-03 microboxes=4997152
    body-i57-m32: [  390/1308] radius=4.591e-03 microboxes=5001312
    body-i57-m32: [  520/1308] radius=7.586e-03 microboxes=5005472
    body-i57-m32: [  650/1308] radius=9.999e-03 microboxes=5009632
    body-i57-m32: [  780/1308] radius=1.347e-02 microboxes=5013792
    body-i57-m32: [  910/1308] radius=1.540e-02 microboxes=5017952
    body-i57-m32: [ 1040/1308] radius=1.901e-02 microboxes=5022112
    body-i57-m32: [ 1170/1308] radius=2.344e-02 microboxes=5026272
    body-i57-m32: [ 1300/1308] radius=2.801e-02 microboxes=5030432
    body-i57-m32: [ 1308/1308] radius=2.877e-02 microboxes=5030688
    edge-i57-m32: [    1/16] radius=3.967e-08 microboxes=5030720
    edge-i57-m32: [    2/16] radius=7.973e-08 microboxes=5030752
    edge-i57-m32: [    3/16] radius=1.202e-07 microboxes=5030784
    edge-i57-m32: [    4/16] radius=1.610e-07 microboxes=5030816
    edge-i57-m32: [    5/16] radius=2.022e-07 microboxes=5030848
    edge-i57-m32: [    6/16] radius=2.438e-07 microboxes=5030880
    edge-i57-m32: [    7/16] radius=2.859e-07 microboxes=5030912
    edge-i57-m32: [    8/16] radius=3.283e-07 microboxes=5030944
    edge-i57-m32: [    9/16] radius=3.711e-07 microboxes=5030976
    edge-i57-m32: [   10/16] radius=4.142e-07 microboxes=5031008
    edge-i57-m32: [   11/16] radius=4.578e-07 microboxes=5031040
    edge-i57-m32: [   12/16] radius=5.018e-07 microboxes=5031072
    edge-i57-m32: [   13/16] radius=5.462e-07 microboxes=5031104
    edge-i57-m32: [   14/16] radius=5.910e-07 microboxes=5031136
    edge-i57-m32: [   15/16] radius=6.362e-07 microboxes=5031168
    edge-i57-m32: [   16/16] radius=6.815e-07 microboxes=5031200
    body-i58-m32: [    1/1308] radius=6.391e-07 microboxes=5031232
    body-i58-m32: [  130/1308] radius=3.804e-04 microboxes=5035360
    body-i58-m32: [  260/1308] radius=1.654e-03 microboxes=5039520
    body-i58-m32: [  390/1308] radius=4.592e-03 microboxes=5043680
    body-i58-m32: [  520/1308] radius=7.585e-03 microboxes=5047840
    body-i58-m32: [  650/1308] radius=9.996e-03 microboxes=5052000
    body-i58-m32: [  780/1308] radius=1.346e-02 microboxes=5056160
    body-i58-m32: [  910/1308] radius=1.540e-02 microboxes=5060320
    body-i58-m32: [ 1040/1308] radius=1.900e-02 microboxes=5064480
    body-i58-m32: [ 1170/1308] radius=2.343e-02 microboxes=5068640
    body-i58-m32: [ 1300/1308] radius=2.798e-02 microboxes=5072800
    body-i58-m32: [ 1308/1308] radius=2.873e-02 microboxes=5073056
    edge-i58-m32: [    1/16] radius=3.961e-08 microboxes=5073088
    edge-i58-m32: [    2/16] radius=7.966e-08 microboxes=5073120
    edge-i58-m32: [    3/16] radius=1.201e-07 microboxes=5073152
    edge-i58-m32: [    4/16] radius=1.609e-07 microboxes=5073184
    edge-i58-m32: [    5/16] radius=2.021e-07 microboxes=5073216
    edge-i58-m32: [    6/16] radius=2.437e-07 microboxes=5073248
    edge-i58-m32: [    7/16] radius=2.857e-07 microboxes=5073280
    edge-i58-m32: [    8/16] radius=3.281e-07 microboxes=5073312
    edge-i58-m32: [    9/16] radius=3.709e-07 microboxes=5073344
    edge-i58-m32: [   10/16] radius=4.141e-07 microboxes=5073376
    edge-i58-m32: [   11/16] radius=4.576e-07 microboxes=5073408
    edge-i58-m32: [   12/16] radius=5.016e-07 microboxes=5073440
    edge-i58-m32: [   13/16] radius=5.460e-07 microboxes=5073472
    edge-i58-m32: [   14/16] radius=5.907e-07 microboxes=5073504
    edge-i58-m32: [   15/16] radius=6.359e-07 microboxes=5073536
    edge-i58-m32: [   16/16] radius=6.815e-07 microboxes=5073568
    body-i59-m32: [    1/1308] radius=6.352e-07 microboxes=5073600
    body-i59-m32: [  130/1308] radius=3.800e-04 microboxes=5077728
    body-i59-m32: [  260/1308] radius=1.652e-03 microboxes=5081888
    body-i59-m32: [  390/1308] radius=4.583e-03 microboxes=5086048
    body-i59-m32: [  520/1308] radius=7.570e-03 microboxes=5090208
    body-i59-m32: [  650/1308] radius=9.976e-03 microboxes=5094368
    body-i59-m32: [  780/1308] radius=1.344e-02 microboxes=5098528
    body-i59-m32: [  910/1308] radius=1.536e-02 microboxes=5102688
    body-i59-m32: [ 1040/1308] radius=1.893e-02 microboxes=5106848
    body-i59-m32: [ 1170/1308] radius=2.334e-02 microboxes=5111008
    body-i59-m32: [ 1300/1308] radius=2.790e-02 microboxes=5115168
    body-i59-m32: [ 1308/1308] radius=2.865e-02 microboxes=5115424
    edge-i59-m32: [    1/16] radius=3.972e-08 microboxes=5115456
    edge-i59-m32: [    2/16] radius=7.972e-08 microboxes=5115488
    edge-i59-m32: [    3/16] radius=1.202e-07 microboxes=5115520
    edge-i59-m32: [    4/16] radius=1.611e-07 microboxes=5115552
    edge-i59-m32: [    5/16] radius=2.024e-07 microboxes=5115584
    edge-i59-m32: [    6/16] radius=2.440e-07 microboxes=5115616
    edge-i59-m32: [    7/16] radius=2.861e-07 microboxes=5115648
    edge-i59-m32: [    8/16] radius=3.285e-07 microboxes=5115680
    edge-i59-m32: [    9/16] radius=3.714e-07 microboxes=5115712
    edge-i59-m32: [   10/16] radius=4.146e-07 microboxes=5115744
    edge-i59-m32: [   11/16] radius=4.582e-07 microboxes=5115776
    edge-i59-m32: [   12/16] radius=5.023e-07 microboxes=5115808
    edge-i59-m32: [   13/16] radius=5.467e-07 microboxes=5115840
    edge-i59-m32: [   14/16] radius=5.916e-07 microboxes=5115872
    edge-i59-m32: [   15/16] radius=6.368e-07 microboxes=5115904
    edge-i59-m32: [   16/16] radius=6.824e-07 microboxes=5115936
  [ 60/81] i=59 epsT=7.858e-03 epsG=6.503e-07 edgeRows=2.527e-02 activeR=4.100e-04 sep=1.107e-02 lower=+1.066e-02 pass=True disc=3.24e-10
    body-i60-m32: [    1/1308] radius=6.401e-07 microboxes=5115968
    body-i60-m32: [  130/1308] radius=3.808e-04 microboxes=5120096
    body-i60-m32: [  260/1308] radius=1.654e-03 microboxes=5124256
    body-i60-m32: [  390/1308] radius=4.585e-03 microboxes=5128416
    body-i60-m32: [  520/1308] radius=7.577e-03 microboxes=5132576
    body-i60-m32: [  650/1308] radius=9.986e-03 microboxes=5136736
    body-i60-m32: [  780/1308] radius=1.346e-02 microboxes=5140896
    body-i60-m32: [  910/1308] radius=1.538e-02 microboxes=5145056
    body-i60-m32: [ 1040/1308] radius=1.898e-02 microboxes=5149216
    body-i60-m32: [ 1170/1308] radius=2.341e-02 microboxes=5153376
    body-i60-m32: [ 1300/1308] radius=2.798e-02 microboxes=5157536
    body-i60-m32: [ 1308/1308] radius=2.873e-02 microboxes=5157792
    edge-i60-m32: [    1/16] radius=3.967e-08 microboxes=5157824
    edge-i60-m32: [    2/16] radius=7.973e-08 microboxes=5157856
    edge-i60-m32: [    3/16] radius=1.199e-07 microboxes=5157888
    edge-i60-m32: [    4/16] radius=1.608e-07 microboxes=5157920
    edge-i60-m32: [    5/16] radius=2.020e-07 microboxes=5157952
    edge-i60-m32: [    6/16] radius=2.436e-07 microboxes=5157984
    edge-i60-m32: [    7/16] radius=2.856e-07 microboxes=5158016
    edge-i60-m32: [    8/16] radius=3.280e-07 microboxes=5158048
    edge-i60-m32: [    9/16] radius=3.708e-07 microboxes=5158080
    edge-i60-m32: [   10/16] radius=4.140e-07 microboxes=5158112
    edge-i60-m32: [   11/16] radius=4.576e-07 microboxes=5158144
    edge-i60-m32: [   12/16] radius=5.015e-07 microboxes=5158176
    edge-i60-m32: [   13/16] radius=5.459e-07 microboxes=5158208
    edge-i60-m32: [   14/16] radius=5.907e-07 microboxes=5158240
    edge-i60-m32: [   15/16] radius=6.359e-07 microboxes=5158272
    edge-i60-m32: [   16/16] radius=6.815e-07 microboxes=5158304
    body-i61-m32: [    1/1308] radius=6.424e-07 microboxes=5158336
    body-i61-m32: [  130/1308] radius=3.809e-04 microboxes=5162464
    body-i61-m32: [  260/1308] radius=1.657e-03 microboxes=5166624
    body-i61-m32: [  390/1308] radius=4.598e-03 microboxes=5170784
    body-i61-m32: [  520/1308] radius=7.594e-03 microboxes=5174944
    body-i61-m32: [  650/1308] radius=1.001e-02 microboxes=5179104
    body-i61-m32: [  780/1308] radius=1.348e-02 microboxes=5183264
    body-i61-m32: [  910/1308] radius=1.542e-02 microboxes=5187424
    body-i61-m32: [ 1040/1308] radius=1.903e-02 microboxes=5191584
    body-i61-m32: [ 1170/1308] radius=2.345e-02 microboxes=5195744
    body-i61-m32: [ 1300/1308] radius=2.801e-02 microboxes=5199904
    body-i61-m32: [ 1308/1308] radius=2.877e-02 microboxes=5200160
    edge-i61-m32: [    1/16] radius=3.966e-08 microboxes=5200192
    edge-i61-m32: [    2/16] radius=7.971e-08 microboxes=5200224
    edge-i61-m32: [    3/16] radius=1.201e-07 microboxes=5200256
    edge-i61-m32: [    4/16] radius=1.606e-07 microboxes=5200288
    edge-i61-m32: [    5/16] radius=2.018e-07 microboxes=5200320
    edge-i61-m32: [    6/16] radius=2.434e-07 microboxes=5200352
    edge-i61-m32: [    7/16] radius=2.854e-07 microboxes=5200384
    edge-i61-m32: [    8/16] radius=3.277e-07 microboxes=5200416
    edge-i61-m32: [    9/16] radius=3.705e-07 microboxes=5200448
    edge-i61-m32: [   10/16] radius=4.137e-07 microboxes=5200480
    edge-i61-m32: [   11/16] radius=4.573e-07 microboxes=5200512
    edge-i61-m32: [   12/16] radius=5.012e-07 microboxes=5200544
    edge-i61-m32: [   13/16] radius=5.456e-07 microboxes=5200576
    edge-i61-m32: [   14/16] radius=5.904e-07 microboxes=5200608
    edge-i61-m32: [   15/16] radius=6.355e-07 microboxes=5200640
    edge-i61-m32: [   16/16] radius=6.811e-07 microboxes=5200672
    body-i62-m32: [    1/1308] radius=6.449e-07 microboxes=5200704
    body-i62-m32: [  130/1308] radius=3.803e-04 microboxes=5204832
    body-i62-m32: [  260/1308] radius=1.653e-03 microboxes=5208992
    body-i62-m32: [  390/1308] radius=4.587e-03 microboxes=5213152
    body-i62-m32: [  520/1308] radius=7.578e-03 microboxes=5217312
    body-i62-m32: [  650/1308] radius=9.985e-03 microboxes=5221472
    body-i62-m32: [  780/1308] radius=1.345e-02 microboxes=5225632
    body-i62-m32: [  910/1308] radius=1.537e-02 microboxes=5229792
    body-i62-m32: [ 1040/1308] radius=1.895e-02 microboxes=5233952
    body-i62-m32: [ 1170/1308] radius=2.336e-02 microboxes=5238112
    body-i62-m32: [ 1300/1308] radius=2.792e-02 microboxes=5242272
    body-i62-m32: [ 1308/1308] radius=2.868e-02 microboxes=5242528
    edge-i62-m32: [    1/16] radius=3.972e-08 microboxes=5242560
    edge-i62-m32: [    2/16] radius=7.982e-08 microboxes=5242592
    edge-i62-m32: [    3/16] radius=1.203e-07 microboxes=5242624
    edge-i62-m32: [    4/16] radius=1.612e-07 microboxes=5242656
    edge-i62-m32: [    5/16] radius=2.019e-07 microboxes=5242688
    edge-i62-m32: [    6/16] radius=2.436e-07 microboxes=5242720
    edge-i62-m32: [    7/16] radius=2.856e-07 microboxes=5242752
    edge-i62-m32: [    8/16] radius=3.281e-07 microboxes=5242784
    edge-i62-m32: [    9/16] radius=3.709e-07 microboxes=5242816
    edge-i62-m32: [   10/16] radius=4.142e-07 microboxes=5242848
    edge-i62-m32: [   11/16] radius=4.578e-07 microboxes=5242880
    edge-i62-m32: [   12/16] radius=5.018e-07 microboxes=5242912
    edge-i62-m32: [   13/16] radius=5.463e-07 microboxes=5242944
    edge-i62-m32: [   14/16] radius=5.911e-07 microboxes=5242976
    edge-i62-m32: [   15/16] radius=6.363e-07 microboxes=5243008
    edge-i62-m32: [   16/16] radius=6.820e-07 microboxes=5243040
    body-i63-m32: [    1/1308] radius=6.441e-07 microboxes=5243072
    body-i63-m32: [  130/1308] radius=3.803e-04 microboxes=5247200
    body-i63-m32: [  260/1308] radius=1.652e-03 microboxes=5251360
    body-i63-m32: [  390/1308] radius=4.579e-03 microboxes=5255520
    body-i63-m32: [  520/1308] radius=7.568e-03 microboxes=5259680
    body-i63-m32: [  650/1308] radius=9.974e-03 microboxes=5263840
    body-i63-m32: [  780/1308] radius=1.344e-02 microboxes=5268000
    body-i63-m32: [  910/1308] radius=1.536e-02 microboxes=5272160
    body-i63-m32: [ 1040/1308] radius=1.896e-02 microboxes=5276320
    body-i63-m32: [ 1170/1308] radius=2.338e-02 microboxes=5280480
    body-i63-m32: [ 1300/1308] radius=2.794e-02 microboxes=5284640
    body-i63-m32: [ 1308/1308] radius=2.870e-02 microboxes=5284896
    edge-i63-m32: [    1/16] radius=3.967e-08 microboxes=5284928
    edge-i63-m32: [    2/16] radius=7.972e-08 microboxes=5284960
    edge-i63-m32: [    3/16] radius=1.202e-07 microboxes=5284992
    edge-i63-m32: [    4/16] radius=1.610e-07 microboxes=5285024
    edge-i63-m32: [    5/16] radius=2.017e-07 microboxes=5285056
    edge-i63-m32: [    6/16] radius=2.433e-07 microboxes=5285088
    edge-i63-m32: [    7/16] radius=2.853e-07 microboxes=5285120
    edge-i63-m32: [    8/16] radius=3.277e-07 microboxes=5285152
    edge-i63-m32: [    9/16] radius=3.705e-07 microboxes=5285184
    edge-i63-m32: [   10/16] radius=4.136e-07 microboxes=5285216
    edge-i63-m32: [   11/16] radius=4.572e-07 microboxes=5285248
    edge-i63-m32: [   12/16] radius=5.012e-07 microboxes=5285280
    edge-i63-m32: [   13/16] radius=5.456e-07 microboxes=5285312
    edge-i63-m32: [   14/16] radius=5.904e-07 microboxes=5285344
    edge-i63-m32: [   15/16] radius=6.356e-07 microboxes=5285376
    edge-i63-m32: [   16/16] radius=6.812e-07 microboxes=5285408
    body-i64-m32: [    1/1308] radius=6.440e-07 microboxes=5285440
    body-i64-m32: [  130/1308] radius=3.809e-04 microboxes=5289568
    body-i64-m32: [  260/1308] radius=1.657e-03 microboxes=5293728
    body-i64-m32: [  390/1308] radius=4.598e-03 microboxes=5297888
    body-i64-m32: [  520/1308] radius=7.594e-03 microboxes=5302048
    body-i64-m32: [  650/1308] radius=1.001e-02 microboxes=5306208
    body-i64-m32: [  780/1308] radius=1.348e-02 microboxes=5310368
    body-i64-m32: [  910/1308] radius=1.542e-02 microboxes=5314528
    body-i64-m32: [ 1040/1308] radius=1.902e-02 microboxes=5318688
    body-i64-m32: [ 1170/1308] radius=2.345e-02 microboxes=5322848
    body-i64-m32: [ 1300/1308] radius=2.801e-02 microboxes=5327008
    body-i64-m32: [ 1308/1308] radius=2.877e-02 microboxes=5327264
    edge-i64-m32: [    1/16] radius=3.966e-08 microboxes=5327296
    edge-i64-m32: [    2/16] radius=7.971e-08 microboxes=5327328
    edge-i64-m32: [    3/16] radius=1.201e-07 microboxes=5327360
    edge-i64-m32: [    4/16] radius=1.610e-07 microboxes=5327392
    edge-i64-m32: [    5/16] radius=2.022e-07 microboxes=5327424
    edge-i64-m32: [    6/16] radius=2.434e-07 microboxes=5327456
    edge-i64-m32: [    7/16] radius=2.854e-07 microboxes=5327488
    edge-i64-m32: [    8/16] radius=3.277e-07 microboxes=5327520
    edge-i64-m32: [    9/16] radius=3.705e-07 microboxes=5327552
    edge-i64-m32: [   10/16] radius=4.137e-07 microboxes=5327584
    edge-i64-m32: [   11/16] radius=4.573e-07 microboxes=5327616
    edge-i64-m32: [   12/16] radius=5.012e-07 microboxes=5327648
    edge-i64-m32: [   13/16] radius=5.456e-07 microboxes=5327680
    edge-i64-m32: [   14/16] radius=5.904e-07 microboxes=5327712
    edge-i64-m32: [   15/16] radius=6.356e-07 microboxes=5327744
    edge-i64-m32: [   16/16] radius=6.811e-07 microboxes=5327776
  [ 65/81] i=64 epsT=7.887e-03 epsG=6.491e-07 edgeRows=2.527e-02 activeR=4.117e-04 sep=1.105e-02 lower=+1.064e-02 pass=True disc=3.23e-10
    body-i65-m32: [    1/1308] radius=6.449e-07 microboxes=5327808
    body-i65-m32: [  130/1308] radius=3.808e-04 microboxes=5331936
    body-i65-m32: [  260/1308] radius=1.655e-03 microboxes=5336096
    body-i65-m32: [  390/1308] radius=4.593e-03 microboxes=5340256
    body-i65-m32: [  520/1308] radius=7.587e-03 microboxes=5344416
    body-i65-m32: [  650/1308] radius=9.997e-03 microboxes=5348576
    body-i65-m32: [  780/1308] radius=1.347e-02 microboxes=5352736
    body-i65-m32: [  910/1308] radius=1.539e-02 microboxes=5356896
    body-i65-m32: [ 1040/1308] radius=1.897e-02 microboxes=5361056
    body-i65-m32: [ 1170/1308] radius=2.339e-02 microboxes=5365216
    body-i65-m32: [ 1300/1308] radius=2.796e-02 microboxes=5369376
    body-i65-m32: [ 1308/1308] radius=2.871e-02 microboxes=5369632
    edge-i65-m32: [    1/16] radius=3.972e-08 microboxes=5369664
    edge-i65-m32: [    2/16] radius=7.983e-08 microboxes=5369696
    edge-i65-m32: [    3/16] radius=1.203e-07 microboxes=5369728
    edge-i65-m32: [    4/16] radius=1.612e-07 microboxes=5369760
    edge-i65-m32: [    5/16] radius=2.025e-07 microboxes=5369792
    edge-i65-m32: [    6/16] radius=2.441e-07 microboxes=5369824
    edge-i65-m32: [    7/16] radius=2.859e-07 microboxes=5369856
    edge-i65-m32: [    8/16] radius=3.284e-07 microboxes=5369888
    edge-i65-m32: [    9/16] radius=3.712e-07 microboxes=5369920
    edge-i65-m32: [   10/16] radius=4.145e-07 microboxes=5369952
    edge-i65-m32: [   11/16] radius=4.581e-07 microboxes=5369984
    edge-i65-m32: [   12/16] radius=5.021e-07 microboxes=5370016
    edge-i65-m32: [   13/16] radius=5.466e-07 microboxes=5370048
    edge-i65-m32: [   14/16] radius=5.914e-07 microboxes=5370080
    edge-i65-m32: [   15/16] radius=6.367e-07 microboxes=5370112
    edge-i65-m32: [   16/16] radius=6.823e-07 microboxes=5370144
    body-i66-m32: [    1/1308] radius=6.441e-07 microboxes=5370176
    body-i66-m32: [  130/1308] radius=3.799e-04 microboxes=5374304
    body-i66-m32: [  260/1308] radius=1.650e-03 microboxes=5378464
    body-i66-m32: [  390/1308] radius=4.575e-03 microboxes=5382624
    body-i66-m32: [  520/1308] radius=7.561e-03 microboxes=5386784
    body-i66-m32: [  650/1308] radius=9.965e-03 microboxes=5390944
    body-i66-m32: [  780/1308] radius=1.343e-02 microboxes=5395104
    body-i66-m32: [  910/1308] radius=1.535e-02 microboxes=5399264
    body-i66-m32: [ 1040/1308] radius=1.894e-02 microboxes=5403424
    body-i66-m32: [ 1170/1308] radius=2.336e-02 microboxes=5407584
    body-i66-m32: [ 1300/1308] radius=2.792e-02 microboxes=5411744
    body-i66-m32: [ 1308/1308] radius=2.867e-02 microboxes=5412000
    edge-i66-m32: [    1/16] radius=3.967e-08 microboxes=5412032
    edge-i66-m32: [    2/16] radius=7.973e-08 microboxes=5412064
    edge-i66-m32: [    3/16] radius=1.202e-07 microboxes=5412096
    edge-i66-m32: [    4/16] radius=1.610e-07 microboxes=5412128
    edge-i66-m32: [    5/16] radius=2.022e-07 microboxes=5412160
    edge-i66-m32: [    6/16] radius=2.438e-07 microboxes=5412192
    edge-i66-m32: [    7/16] radius=2.858e-07 microboxes=5412224
    edge-i66-m32: [    8/16] radius=3.281e-07 microboxes=5412256
    edge-i66-m32: [    9/16] radius=3.709e-07 microboxes=5412288
    edge-i66-m32: [   10/16] radius=4.141e-07 microboxes=5412320
    edge-i66-m32: [   11/16] radius=4.577e-07 microboxes=5412352
    edge-i66-m32: [   12/16] radius=5.017e-07 microboxes=5412384
    edge-i66-m32: [   13/16] radius=5.461e-07 microboxes=5412416
    edge-i66-m32: [   14/16] radius=5.908e-07 microboxes=5412448
    edge-i66-m32: [   15/16] radius=6.360e-07 microboxes=5412480
    edge-i66-m32: [   16/16] radius=6.816e-07 microboxes=5412512
    body-i67-m32: [    1/1308] radius=6.440e-07 microboxes=5412544
    body-i67-m32: [  130/1308] radius=3.805e-04 microboxes=5416672
    body-i67-m32: [  260/1308] radius=1.655e-03 microboxes=5420832
    body-i67-m32: [  390/1308] radius=4.592e-03 microboxes=5424992
    body-i67-m32: [  520/1308] radius=7.585e-03 microboxes=5429152
    body-i67-m32: [  650/1308] radius=9.997e-03 microboxes=5433312
    body-i67-m32: [  780/1308] radius=1.346e-02 microboxes=5437472
    body-i67-m32: [  910/1308] radius=1.540e-02 microboxes=5441632
    body-i67-m32: [ 1040/1308] radius=1.900e-02 microboxes=5445792
    body-i67-m32: [ 1170/1308] radius=2.342e-02 microboxes=5449952
    body-i67-m32: [ 1300/1308] radius=2.797e-02 microboxes=5454112
    body-i67-m32: [ 1308/1308] radius=2.873e-02 microboxes=5454368
    edge-i67-m32: [    1/16] radius=3.966e-08 microboxes=5454400
    edge-i67-m32: [    2/16] radius=7.971e-08 microboxes=5454432
    edge-i67-m32: [    3/16] radius=1.201e-07 microboxes=5454464
    edge-i67-m32: [    4/16] radius=1.610e-07 microboxes=5454496
    edge-i67-m32: [    5/16] radius=2.022e-07 microboxes=5454528
    edge-i67-m32: [    6/16] radius=2.438e-07 microboxes=5454560
    edge-i67-m32: [    7/16] radius=2.858e-07 microboxes=5454592
    edge-i67-m32: [    8/16] radius=3.282e-07 microboxes=5454624
    edge-i67-m32: [    9/16] radius=3.709e-07 microboxes=5454656
    edge-i67-m32: [   10/16] radius=4.141e-07 microboxes=5454688
    edge-i67-m32: [   11/16] radius=4.576e-07 microboxes=5454720
    edge-i67-m32: [   12/16] radius=5.016e-07 microboxes=5454752
    edge-i67-m32: [   13/16] radius=5.460e-07 microboxes=5454784
    edge-i67-m32: [   14/16] radius=5.907e-07 microboxes=5454816
    edge-i67-m32: [   15/16] radius=6.359e-07 microboxes=5454848
    edge-i67-m32: [   16/16] radius=6.815e-07 microboxes=5454880
    body-i68-m32: [    1/1308] radius=6.450e-07 microboxes=5454912
    body-i68-m32: [  130/1308] radius=3.813e-04 microboxes=5459040
    body-i68-m32: [  260/1308] radius=1.657e-03 microboxes=5463200
    body-i68-m32: [  390/1308] radius=4.599e-03 microboxes=5467360
    body-i68-m32: [  520/1308] radius=7.597e-03 microboxes=5471520
    body-i68-m32: [  650/1308] radius=1.001e-02 microboxes=5475680
    body-i68-m32: [  780/1308] radius=1.348e-02 microboxes=5479840
    body-i68-m32: [  910/1308] radius=1.541e-02 microboxes=5484000
    body-i68-m32: [ 1040/1308] radius=1.899e-02 microboxes=5488160
    body-i68-m32: [ 1170/1308] radius=2.342e-02 microboxes=5492320
    body-i68-m32: [ 1300/1308] radius=2.799e-02 microboxes=5496480
    body-i68-m32: [ 1308/1308] radius=2.875e-02 microboxes=5496736
    edge-i68-m32: [    1/16] radius=3.972e-08 microboxes=5496768
    edge-i68-m32: [    2/16] radius=7.983e-08 microboxes=5496800
    edge-i68-m32: [    3/16] radius=1.203e-07 microboxes=5496832
    edge-i68-m32: [    4/16] radius=1.612e-07 microboxes=5496864
    edge-i68-m32: [    5/16] radius=2.025e-07 microboxes=5496896
    edge-i68-m32: [    6/16] radius=2.441e-07 microboxes=5496928
    edge-i68-m32: [    7/16] radius=2.862e-07 microboxes=5496960
    edge-i68-m32: [    8/16] radius=3.287e-07 microboxes=5496992
    edge-i68-m32: [    9/16] radius=3.715e-07 microboxes=5497024
    edge-i68-m32: [   10/16] radius=4.145e-07 microboxes=5497056
    edge-i68-m32: [   11/16] radius=4.582e-07 microboxes=5497088
    edge-i68-m32: [   12/16] radius=5.022e-07 microboxes=5497120
    edge-i68-m32: [   13/16] radius=5.466e-07 microboxes=5497152
    edge-i68-m32: [   14/16] radius=5.915e-07 microboxes=5497184
    edge-i68-m32: [   15/16] radius=6.367e-07 microboxes=5497216
    edge-i68-m32: [   16/16] radius=6.824e-07 microboxes=5497248
    body-i69-m32: [    1/1308] radius=6.441e-07 microboxes=5497280
    body-i69-m32: [  130/1308] radius=3.804e-04 microboxes=5501408
    body-i69-m32: [  260/1308] radius=1.652e-03 microboxes=5505568
    body-i69-m32: [  390/1308] radius=4.581e-03 microboxes=5509728
    body-i69-m32: [  520/1308] radius=7.570e-03 microboxes=5513888
    body-i69-m32: [  650/1308] radius=9.978e-03 microboxes=5518048
    body-i69-m32: [  780/1308] radius=1.345e-02 microboxes=5522208
    body-i69-m32: [  910/1308] radius=1.537e-02 microboxes=5526368
    body-i69-m32: [ 1040/1308] radius=1.897e-02 microboxes=5530528
    body-i69-m32: [ 1170/1308] radius=2.339e-02 microboxes=5534688
    body-i69-m32: [ 1300/1308] radius=2.795e-02 microboxes=5538848
    body-i69-m32: [ 1308/1308] radius=2.871e-02 microboxes=5539104
    edge-i69-m32: [    1/16] radius=3.967e-08 microboxes=5539136
    edge-i69-m32: [    2/16] radius=7.972e-08 microboxes=5539168
    edge-i69-m32: [    3/16] radius=1.202e-07 microboxes=5539200
    edge-i69-m32: [    4/16] radius=1.610e-07 microboxes=5539232
    edge-i69-m32: [    5/16] radius=2.022e-07 microboxes=5539264
    edge-i69-m32: [    6/16] radius=2.438e-07 microboxes=5539296
    edge-i69-m32: [    7/16] radius=2.858e-07 microboxes=5539328
    edge-i69-m32: [    8/16] radius=3.282e-07 microboxes=5539360
    edge-i69-m32: [    9/16] radius=3.710e-07 microboxes=5539392
    edge-i69-m32: [   10/16] radius=4.138e-07 microboxes=5539424
    edge-i69-m32: [   11/16] radius=4.574e-07 microboxes=5539456
    edge-i69-m32: [   12/16] radius=5.014e-07 microboxes=5539488
    edge-i69-m32: [   13/16] radius=5.458e-07 microboxes=5539520
    edge-i69-m32: [   14/16] radius=5.906e-07 microboxes=5539552
    edge-i69-m32: [   15/16] radius=6.357e-07 microboxes=5539584
    edge-i69-m32: [   16/16] radius=6.813e-07 microboxes=5539616
  [ 70/81] i=69 epsT=7.872e-03 epsG=6.492e-07 edgeRows=2.527e-02 activeR=4.108e-04 sep=1.107e-02 lower=+1.066e-02 pass=True disc=3.23e-10
    body-i70-m32: [    1/1308] radius=6.440e-07 microboxes=5539648
    body-i70-m32: [  130/1308] radius=3.800e-04 microboxes=5543776
    body-i70-m32: [  260/1308] radius=1.653e-03 microboxes=5547936
    body-i70-m32: [  390/1308] radius=4.587e-03 microboxes=5552096
    body-i70-m32: [  520/1308] radius=7.575e-03 microboxes=5556256
    body-i70-m32: [  650/1308] radius=9.984e-03 microboxes=5560416
    body-i70-m32: [  780/1308] radius=1.345e-02 microboxes=5564576
    body-i70-m32: [  910/1308] radius=1.538e-02 microboxes=5568736
    body-i70-m32: [ 1040/1308] radius=1.898e-02 microboxes=5572896
    body-i70-m32: [ 1170/1308] radius=2.339e-02 microboxes=5577056
    body-i70-m32: [ 1300/1308] radius=2.794e-02 microboxes=5581216
    body-i70-m32: [ 1308/1308] radius=2.869e-02 microboxes=5581472
    edge-i70-m32: [    1/16] radius=3.966e-08 microboxes=5581504
    edge-i70-m32: [    2/16] radius=7.971e-08 microboxes=5581536
    edge-i70-m32: [    3/16] radius=1.201e-07 microboxes=5581568
    edge-i70-m32: [    4/16] radius=1.610e-07 microboxes=5581600
    edge-i70-m32: [    5/16] radius=2.022e-07 microboxes=5581632
    edge-i70-m32: [    6/16] radius=2.438e-07 microboxes=5581664
    edge-i70-m32: [    7/16] radius=2.858e-07 microboxes=5581696
    edge-i70-m32: [    8/16] radius=3.282e-07 microboxes=5581728
    edge-i70-m32: [    9/16] radius=3.709e-07 microboxes=5581760
    edge-i70-m32: [   10/16] radius=4.141e-07 microboxes=5581792
    edge-i70-m32: [   11/16] radius=4.572e-07 microboxes=5581824
    edge-i70-m32: [   12/16] radius=5.011e-07 microboxes=5581856
    edge-i70-m32: [   13/16] radius=5.455e-07 microboxes=5581888
    edge-i70-m32: [   14/16] radius=5.903e-07 microboxes=5581920
    edge-i70-m32: [   15/16] radius=6.354e-07 microboxes=5581952
    edge-i70-m32: [   16/16] radius=6.810e-07 microboxes=5581984
    body-i71-m32: [    1/1308] radius=6.450e-07 microboxes=5582016
    body-i71-m32: [  130/1308] radius=3.811e-04 microboxes=5586144
    body-i71-m32: [  260/1308] radius=1.656e-03 microboxes=5590304
    body-i71-m32: [  390/1308] radius=4.596e-03 microboxes=5594464
    body-i71-m32: [  520/1308] radius=7.592e-03 microboxes=5598624
    body-i71-m32: [  650/1308] radius=1.000e-02 microboxes=5602784
    body-i71-m32: [  780/1308] radius=1.347e-02 microboxes=5606944
    body-i71-m32: [  910/1308] radius=1.540e-02 microboxes=5611104
    body-i71-m32: [ 1040/1308] radius=1.898e-02 microboxes=5615264
    body-i71-m32: [ 1170/1308] radius=2.340e-02 microboxes=5619424
    body-i71-m32: [ 1300/1308] radius=2.798e-02 microboxes=5623584
    body-i71-m32: [ 1308/1308] radius=2.873e-02 microboxes=5623840
    edge-i71-m32: [    1/16] radius=3.972e-08 microboxes=5623872
    edge-i71-m32: [    2/16] radius=7.983e-08 microboxes=5623904
    edge-i71-m32: [    3/16] radius=1.203e-07 microboxes=5623936
    edge-i71-m32: [    4/16] radius=1.612e-07 microboxes=5623968
    edge-i71-m32: [    5/16] radius=2.025e-07 microboxes=5624000
    edge-i71-m32: [    6/16] radius=2.442e-07 microboxes=5624032
    edge-i71-m32: [    7/16] radius=2.862e-07 microboxes=5624064
    edge-i71-m32: [    8/16] radius=3.287e-07 microboxes=5624096
    edge-i71-m32: [    9/16] radius=3.715e-07 microboxes=5624128
    edge-i71-m32: [   10/16] radius=4.148e-07 microboxes=5624160
    edge-i71-m32: [   11/16] radius=4.584e-07 microboxes=5624192
    edge-i71-m32: [   12/16] radius=5.018e-07 microboxes=5624224
    edge-i71-m32: [   13/16] radius=5.462e-07 microboxes=5624256
    edge-i71-m32: [   14/16] radius=5.911e-07 microboxes=5624288
    edge-i71-m32: [   15/16] radius=6.363e-07 microboxes=5624320
    edge-i71-m32: [   16/16] radius=6.820e-07 microboxes=5624352
    body-i72-m32: [    1/1308] radius=6.441e-07 microboxes=5624384
    body-i72-m32: [  130/1308] radius=3.808e-04 microboxes=5628512
    body-i72-m32: [  260/1308] radius=1.654e-03 microboxes=5632672
    body-i72-m32: [  390/1308] radius=4.586e-03 microboxes=5636832
    body-i72-m32: [  520/1308] radius=7.580e-03 microboxes=5640992
    body-i72-m32: [  650/1308] radius=9.991e-03 microboxes=5645152
    body-i72-m32: [  780/1308] radius=1.346e-02 microboxes=5649312
    body-i72-m32: [  910/1308] radius=1.539e-02 microboxes=5653472
    body-i72-m32: [ 1040/1308] radius=1.899e-02 microboxes=5657632
    body-i72-m32: [ 1170/1308] radius=2.342e-02 microboxes=5661792
    body-i72-m32: [ 1300/1308] radius=2.799e-02 microboxes=5665952
    body-i72-m32: [ 1308/1308] radius=2.875e-02 microboxes=5666208
    edge-i72-m32: [    1/16] radius=3.967e-08 microboxes=5666240
    edge-i72-m32: [    2/16] radius=7.972e-08 microboxes=5666272
    edge-i72-m32: [    3/16] radius=1.202e-07 microboxes=5666304
    edge-i72-m32: [    4/16] radius=1.610e-07 microboxes=5666336
    edge-i72-m32: [    5/16] radius=2.022e-07 microboxes=5666368
    edge-i72-m32: [    6/16] radius=2.438e-07 microboxes=5666400
    edge-i72-m32: [    7/16] radius=2.858e-07 microboxes=5666432
    edge-i72-m32: [    8/16] radius=3.282e-07 microboxes=5666464
    edge-i72-m32: [    9/16] radius=3.710e-07 microboxes=5666496
    edge-i72-m32: [   10/16] radius=4.142e-07 microboxes=5666528
    edge-i72-m32: [   11/16] radius=4.578e-07 microboxes=5666560
    edge-i72-m32: [   12/16] radius=5.018e-07 microboxes=5666592
    edge-i72-m32: [   13/16] radius=5.457e-07 microboxes=5666624
    edge-i72-m32: [   14/16] radius=5.904e-07 microboxes=5666656
    edge-i72-m32: [   15/16] radius=6.356e-07 microboxes=5666688
    edge-i72-m32: [   16/16] radius=6.812e-07 microboxes=5666720
    body-i73-m32: [    1/1308] radius=6.440e-07 microboxes=5666752
    body-i73-m32: [  130/1308] radius=3.799e-04 microboxes=5670880
    body-i73-m32: [  260/1308] radius=1.652e-03 microboxes=5675040
    body-i73-m32: [  390/1308] radius=4.585e-03 microboxes=5679200
    body-i73-m32: [  520/1308] radius=7.572e-03 microboxes=5683360
    body-i73-m32: [  650/1308] radius=9.981e-03 microboxes=5687520
    body-i73-m32: [  780/1308] radius=1.344e-02 microboxes=5691680
    body-i73-m32: [  910/1308] radius=1.538e-02 microboxes=5695840
    body-i73-m32: [ 1040/1308] radius=1.897e-02 microboxes=5700000
    body-i73-m32: [ 1170/1308] radius=2.338e-02 microboxes=5704160
    body-i73-m32: [ 1300/1308] radius=2.793e-02 microboxes=5708320
    body-i73-m32: [ 1308/1308] radius=2.868e-02 microboxes=5708576
    edge-i73-m32: [    1/16] radius=3.966e-08 microboxes=5708608
    edge-i73-m32: [    2/16] radius=7.971e-08 microboxes=5708640
    edge-i73-m32: [    3/16] radius=1.201e-07 microboxes=5708672
    edge-i73-m32: [    4/16] radius=1.610e-07 microboxes=5708704
    edge-i73-m32: [    5/16] radius=2.022e-07 microboxes=5708736
    edge-i73-m32: [    6/16] radius=2.438e-07 microboxes=5708768
    edge-i73-m32: [    7/16] radius=2.858e-07 microboxes=5708800
    edge-i73-m32: [    8/16] radius=3.282e-07 microboxes=5708832
    edge-i73-m32: [    9/16] radius=3.709e-07 microboxes=5708864
    edge-i73-m32: [   10/16] radius=4.141e-07 microboxes=5708896
    edge-i73-m32: [   11/16] radius=4.577e-07 microboxes=5708928
    edge-i73-m32: [   12/16] radius=5.017e-07 microboxes=5708960
    edge-i73-m32: [   13/16] radius=5.460e-07 microboxes=5708992
    edge-i73-m32: [   14/16] radius=5.905e-07 microboxes=5709024
    edge-i73-m32: [   15/16] radius=6.357e-07 microboxes=5709056
    edge-i73-m32: [   16/16] radius=6.812e-07 microboxes=5709088
    body-i74-m32: [    1/1308] radius=6.450e-07 microboxes=5709120
    body-i74-m32: [  130/1308] radius=3.806e-04 microboxes=5713248
    body-i74-m32: [  260/1308] radius=1.654e-03 microboxes=5717408
    body-i74-m32: [  390/1308] radius=4.591e-03 microboxes=5721568
    body-i74-m32: [  520/1308] radius=7.582e-03 microboxes=5725728
    body-i74-m32: [  650/1308] radius=9.990e-03 microboxes=5729888
    body-i74-m32: [  780/1308] radius=1.346e-02 microboxes=5734048
    body-i74-m32: [  910/1308] radius=1.538e-02 microboxes=5738208
    body-i74-m32: [ 1040/1308] radius=1.896e-02 microboxes=5742368
    body-i74-m32: [ 1170/1308] radius=2.338e-02 microboxes=5746528
    body-i74-m32: [ 1300/1308] radius=2.794e-02 microboxes=5750688
    body-i74-m32: [ 1308/1308] radius=2.870e-02 microboxes=5750944
    edge-i74-m32: [    1/16] radius=3.972e-08 microboxes=5750976
    edge-i74-m32: [    2/16] radius=7.983e-08 microboxes=5751008
    edge-i74-m32: [    3/16] radius=1.203e-07 microboxes=5751040
    edge-i74-m32: [    4/16] radius=1.612e-07 microboxes=5751072
    edge-i74-m32: [    5/16] radius=2.025e-07 microboxes=5751104
    edge-i74-m32: [    6/16] radius=2.442e-07 microboxes=5751136
    edge-i74-m32: [    7/16] radius=2.862e-07 microboxes=5751168
    edge-i74-m32: [    8/16] radius=3.287e-07 microboxes=5751200
    edge-i74-m32: [    9/16] radius=3.715e-07 microboxes=5751232
    edge-i74-m32: [   10/16] radius=4.148e-07 microboxes=5751264
    edge-i74-m32: [   11/16] radius=4.584e-07 microboxes=5751296
    edge-i74-m32: [   12/16] radius=5.025e-07 microboxes=5751328
    edge-i74-m32: [   13/16] radius=5.469e-07 microboxes=5751360
    edge-i74-m32: [   14/16] radius=5.917e-07 microboxes=5751392
    edge-i74-m32: [   15/16] radius=6.368e-07 microboxes=5751424
    edge-i74-m32: [   16/16] radius=6.825e-07 microboxes=5751456
  [ 75/81] i=74 epsT=7.871e-03 epsG=6.503e-07 edgeRows=2.527e-02 activeR=4.107e-04 sep=1.108e-02 lower=+1.066e-02 pass=True disc=3.23e-10
    body-i75-m32: [    1/1308] radius=6.441e-07 microboxes=5751488
    body-i75-m32: [  130/1308] radius=3.813e-04 microboxes=5755616
    body-i75-m32: [  260/1308] radius=1.656e-03 microboxes=5759776
    body-i75-m32: [  390/1308] radius=4.592e-03 microboxes=5763936
    body-i75-m32: [  520/1308] radius=7.590e-03 microboxes=5768096
    body-i75-m32: [  650/1308] radius=1.000e-02 microboxes=5772256
    body-i75-m32: [  780/1308] radius=1.348e-02 microboxes=5776416
    body-i75-m32: [  910/1308] radius=1.540e-02 microboxes=5780576
    body-i75-m32: [ 1040/1308] radius=1.902e-02 microboxes=5784736
    body-i75-m32: [ 1170/1308] radius=2.345e-02 microboxes=5788896
    body-i75-m32: [ 1300/1308] radius=2.803e-02 microboxes=5793056
    body-i75-m32: [ 1308/1308] radius=2.879e-02 microboxes=5793312
    edge-i75-m32: [    1/16] radius=3.967e-08 microboxes=5793344
    edge-i75-m32: [    2/16] radius=7.972e-08 microboxes=5793376
    edge-i75-m32: [    3/16] radius=1.202e-07 microboxes=5793408
    edge-i75-m32: [    4/16] radius=1.610e-07 microboxes=5793440
    edge-i75-m32: [    5/16] radius=2.022e-07 microboxes=5793472
    edge-i75-m32: [    6/16] radius=2.438e-07 microboxes=5793504
    edge-i75-m32: [    7/16] radius=2.858e-07 microboxes=5793536
    edge-i75-m32: [    8/16] radius=3.282e-07 microboxes=5793568
    edge-i75-m32: [    9/16] radius=3.710e-07 microboxes=5793600
    edge-i75-m32: [   10/16] radius=4.142e-07 microboxes=5793632
    edge-i75-m32: [   11/16] radius=4.578e-07 microboxes=5793664
    edge-i75-m32: [   12/16] radius=5.018e-07 microboxes=5793696
    edge-i75-m32: [   13/16] radius=5.461e-07 microboxes=5793728
    edge-i75-m32: [   14/16] radius=5.909e-07 microboxes=5793760
    edge-i75-m32: [   15/16] radius=6.361e-07 microboxes=5793792
    edge-i75-m32: [   16/16] radius=6.817e-07 microboxes=5793824
    body-i76-m32: [    1/1308] radius=6.440e-07 microboxes=5793856
    body-i76-m32: [  130/1308] radius=3.804e-04 microboxes=5797984
    body-i76-m32: [  260/1308] radius=1.654e-03 microboxes=5802144
    body-i76-m32: [  390/1308] radius=4.591e-03 microboxes=5806304
    body-i76-m32: [  520/1308] radius=7.582e-03 microboxes=5810464
    body-i76-m32: [  650/1308] radius=9.994e-03 microboxes=5814624
    body-i76-m32: [  780/1308] radius=1.346e-02 microboxes=5818784
    body-i76-m32: [  910/1308] radius=1.540e-02 microboxes=5822944
    body-i76-m32: [ 1040/1308] radius=1.899e-02 microboxes=5827104
    body-i76-m32: [ 1170/1308] radius=2.341e-02 microboxes=5831264
    body-i76-m32: [ 1300/1308] radius=2.796e-02 microboxes=5835424
    body-i76-m32: [ 1308/1308] radius=2.872e-02 microboxes=5835680
    edge-i76-m32: [    1/16] radius=3.966e-08 microboxes=5835712
    edge-i76-m32: [    2/16] radius=7.971e-08 microboxes=5835744
    edge-i76-m32: [    3/16] radius=1.201e-07 microboxes=5835776
    edge-i76-m32: [    4/16] radius=1.610e-07 microboxes=5835808
    edge-i76-m32: [    5/16] radius=2.022e-07 microboxes=5835840
    edge-i76-m32: [    6/16] radius=2.438e-07 microboxes=5835872
    edge-i76-m32: [    7/16] radius=2.858e-07 microboxes=5835904
    edge-i76-m32: [    8/16] radius=3.282e-07 microboxes=5835936
    edge-i76-m32: [    9/16] radius=3.709e-07 microboxes=5835968
    edge-i76-m32: [   10/16] radius=4.141e-07 microboxes=5836000
    edge-i76-m32: [   11/16] radius=4.577e-07 microboxes=5836032
    edge-i76-m32: [   12/16] radius=5.017e-07 microboxes=5836064
    edge-i76-m32: [   13/16] radius=5.460e-07 microboxes=5836096
    edge-i76-m32: [   14/16] radius=5.908e-07 microboxes=5836128
    edge-i76-m32: [   15/16] radius=6.360e-07 microboxes=5836160
    edge-i76-m32: [   16/16] radius=6.814e-07 microboxes=5836192
    body-i77-m32: [    1/1308] radius=6.362e-07 microboxes=5836224
    body-i77-m32: [  130/1308] radius=3.801e-04 microboxes=5840352
    body-i77-m32: [  260/1308] radius=1.652e-03 microboxes=5844512
    body-i77-m32: [  390/1308] radius=4.585e-03 microboxes=5848672
    body-i77-m32: [  520/1308] radius=7.573e-03 microboxes=5852832
    body-i77-m32: [  650/1308] radius=9.978e-03 microboxes=5856992
    body-i77-m32: [  780/1308] radius=1.344e-02 microboxes=5861152
    body-i77-m32: [  910/1308] radius=1.536e-02 microboxes=5865312
    body-i77-m32: [ 1040/1308] radius=1.893e-02 microboxes=5869472
    body-i77-m32: [ 1170/1308] radius=2.335e-02 microboxes=5873632
    body-i77-m32: [ 1300/1308] radius=2.791e-02 microboxes=5877792
    body-i77-m32: [ 1308/1308] radius=2.866e-02 microboxes=5878048
    edge-i77-m32: [    1/16] radius=3.943e-08 microboxes=5878080
    edge-i77-m32: [    2/16] radius=7.954e-08 microboxes=5878112
    edge-i77-m32: [    3/16] radius=1.200e-07 microboxes=5878144
    edge-i77-m32: [    4/16] radius=1.609e-07 microboxes=5878176
    edge-i77-m32: [    5/16] radius=2.022e-07 microboxes=5878208
    edge-i77-m32: [    6/16] radius=2.439e-07 microboxes=5878240
    edge-i77-m32: [    7/16] radius=2.859e-07 microboxes=5878272
    edge-i77-m32: [    8/16] radius=3.284e-07 microboxes=5878304
    edge-i77-m32: [    9/16] radius=3.712e-07 microboxes=5878336
    edge-i77-m32: [   10/16] radius=4.145e-07 microboxes=5878368
    edge-i77-m32: [   11/16] radius=4.581e-07 microboxes=5878400
    edge-i77-m32: [   12/16] radius=5.021e-07 microboxes=5878432
    edge-i77-m32: [   13/16] radius=5.466e-07 microboxes=5878464
    edge-i77-m32: [   14/16] radius=5.914e-07 microboxes=5878496
    edge-i77-m32: [   15/16] radius=6.367e-07 microboxes=5878528
    edge-i77-m32: [   16/16] radius=6.823e-07 microboxes=5878560
    body-i78-m32: [    1/1308] radius=6.409e-07 microboxes=5878592
    body-i78-m32: [  130/1308] radius=3.807e-04 microboxes=5882720
    body-i78-m32: [  260/1308] radius=1.654e-03 microboxes=5886880
    body-i78-m32: [  390/1308] radius=4.586e-03 microboxes=5891040
    body-i78-m32: [  520/1308] radius=7.580e-03 microboxes=5895200
    body-i78-m32: [  650/1308] radius=9.991e-03 microboxes=5899360
    body-i78-m32: [  780/1308] radius=1.346e-02 microboxes=5903520
    body-i78-m32: [  910/1308] radius=1.539e-02 microboxes=5907680
    body-i78-m32: [ 1040/1308] radius=1.899e-02 microboxes=5911840
    body-i78-m32: [ 1170/1308] radius=2.342e-02 microboxes=5916000
    body-i78-m32: [ 1300/1308] radius=2.799e-02 microboxes=5920160
    body-i78-m32: [ 1308/1308] radius=2.875e-02 microboxes=5920416
    edge-i78-m32: [    1/16] radius=3.967e-08 microboxes=5920448
    edge-i78-m32: [    2/16] radius=7.927e-08 microboxes=5920480
    edge-i78-m32: [    3/16] radius=1.197e-07 microboxes=5920512
    edge-i78-m32: [    4/16] radius=1.605e-07 microboxes=5920544
    edge-i78-m32: [    5/16] radius=2.018e-07 microboxes=5920576
    edge-i78-m32: [    6/16] radius=2.434e-07 microboxes=5920608
    edge-i78-m32: [    7/16] radius=2.854e-07 microboxes=5920640
    edge-i78-m32: [    8/16] radius=3.278e-07 microboxes=5920672
    edge-i78-m32: [    9/16] radius=3.705e-07 microboxes=5920704
    edge-i78-m32: [   10/16] radius=4.137e-07 microboxes=5920736
    edge-i78-m32: [   11/16] radius=4.573e-07 microboxes=5920768
    edge-i78-m32: [   12/16] radius=5.013e-07 microboxes=5920800
    edge-i78-m32: [   13/16] radius=5.457e-07 microboxes=5920832
    edge-i78-m32: [   14/16] radius=5.905e-07 microboxes=5920864
    edge-i78-m32: [   15/16] radius=6.356e-07 microboxes=5920896
    edge-i78-m32: [   16/16] radius=6.812e-07 microboxes=5920928
    body-i79-m32: [    1/1308] radius=6.416e-07 microboxes=5920960
    body-i79-m32: [  130/1308] radius=3.809e-04 microboxes=5925088
    body-i79-m32: [  260/1308] radius=1.657e-03 microboxes=5929248
    body-i79-m32: [  390/1308] radius=4.597e-03 microboxes=5933408
    body-i79-m32: [  520/1308] radius=7.591e-03 microboxes=5937568
    body-i79-m32: [  650/1308] radius=1.001e-02 microboxes=5941728
    body-i79-m32: [  780/1308] radius=1.348e-02 microboxes=5945888
    body-i79-m32: [  910/1308] radius=1.542e-02 microboxes=5950048
    body-i79-m32: [ 1040/1308] radius=1.902e-02 microboxes=5954208
    body-i79-m32: [ 1170/1308] radius=2.344e-02 microboxes=5958368
    body-i79-m32: [ 1300/1308] radius=2.800e-02 microboxes=5962528
    body-i79-m32: [ 1308/1308] radius=2.875e-02 microboxes=5962784
    edge-i79-m32: [    1/16] radius=3.966e-08 microboxes=5962816
    edge-i79-m32: [    2/16] radius=7.971e-08 microboxes=5962848
    edge-i79-m32: [    3/16] radius=1.195e-07 microboxes=5962880
    edge-i79-m32: [    4/16] radius=1.604e-07 microboxes=5962912
    edge-i79-m32: [    5/16] radius=2.016e-07 microboxes=5962944
    edge-i79-m32: [    6/16] radius=2.432e-07 microboxes=5962976
    edge-i79-m32: [    7/16] radius=2.852e-07 microboxes=5963008
    edge-i79-m32: [    8/16] radius=3.276e-07 microboxes=5963040
    edge-i79-m32: [    9/16] radius=3.703e-07 microboxes=5963072
    edge-i79-m32: [   10/16] radius=4.135e-07 microboxes=5963104
    edge-i79-m32: [   11/16] radius=4.571e-07 microboxes=5963136
    edge-i79-m32: [   12/16] radius=5.011e-07 microboxes=5963168
    edge-i79-m32: [   13/16] radius=5.454e-07 microboxes=5963200
    edge-i79-m32: [   14/16] radius=5.902e-07 microboxes=5963232
    edge-i79-m32: [   15/16] radius=6.354e-07 microboxes=5963264
    edge-i79-m32: [   16/16] radius=6.809e-07 microboxes=5963296
  [ 80/81] i=79 epsT=7.883e-03 epsG=6.489e-07 edgeRows=2.527e-02 activeR=4.115e-04 sep=1.105e-02 lower=+1.064e-02 pass=True disc=3.23e-10
    body-i80-m32: [    1/1308] radius=6.369e-07 microboxes=5963328
    body-i80-m32: [  130/1308] radius=3.802e-04 microboxes=5967456
    body-i80-m32: [  260/1308] radius=1.653e-03 microboxes=5971616
    body-i80-m32: [  390/1308] radius=4.586e-03 microboxes=5975776
    body-i80-m32: [  520/1308] radius=7.575e-03 microboxes=5979936
    body-i80-m32: [  650/1308] radius=9.980e-03 microboxes=5984096
    body-i80-m32: [  780/1308] radius=1.344e-02 microboxes=5988256
    body-i80-m32: [  910/1308] radius=1.536e-02 microboxes=5992416
    body-i80-m32: [ 1040/1308] radius=1.894e-02 microboxes=5996576
    body-i80-m32: [ 1170/1308] radius=2.335e-02 microboxes=6000736
    body-i80-m32: [ 1300/1308] radius=2.791e-02 microboxes=6004896
    body-i80-m32: [ 1308/1308] radius=2.867e-02 microboxes=6005152
    edge-i80-m32: [    1/16] radius=3.973e-08 microboxes=6005184
    edge-i80-m32: [    2/16] radius=7.984e-08 microboxes=6005216
    edge-i80-m32: [    3/16] radius=1.203e-07 microboxes=6005248
    edge-i80-m32: [    4/16] radius=1.607e-07 microboxes=6005280
    edge-i80-m32: [    5/16] radius=2.020e-07 microboxes=6005312
    edge-i80-m32: [    6/16] radius=2.437e-07 microboxes=6005344
    edge-i80-m32: [    7/16] radius=2.857e-07 microboxes=6005376
    edge-i80-m32: [    8/16] radius=3.282e-07 microboxes=6005408
    edge-i80-m32: [    9/16] radius=3.710e-07 microboxes=6005440
    edge-i80-m32: [   10/16] radius=4.143e-07 microboxes=6005472
    edge-i80-m32: [   11/16] radius=4.579e-07 microboxes=6005504
    edge-i80-m32: [   12/16] radius=5.020e-07 microboxes=6005536
    edge-i80-m32: [   13/16] radius=5.464e-07 microboxes=6005568
    edge-i80-m32: [   14/16] radius=5.912e-07 microboxes=6005600
    edge-i80-m32: [   15/16] radius=6.365e-07 microboxes=6005632
    edge-i80-m32: [   16/16] radius=6.821e-07 microboxes=6005664
  [ 81/81] i=80 epsT=7.864e-03 epsG=6.500e-07 edgeRows=2.527e-02 activeR=4.103e-04 sep=1.108e-02 lower=+1.067e-02 pass=True disc=3.23e-10
  summary m=32: passed=81/81 minLower=+1.064161e-02 at i=64 maxR=4.120767e-04 maxDisc=3.292e-10
==============================================================================
Script version: 2026-08-07-q550-endpoint-nesting-dense-span-audit-v5

Q=550 ENDPOINT-NESTING DENSE-START SPAN AUDIT
=================================================

dense starts                         = 0 .. 80 (81)
P_oriented                           = 4.541666666667e-01
2 P_line                             = 4.555555555556e-01
edge cap DeltaP                      = 1.388888888889e-03
body steps                           = 1308
cap steps                            = 16
subdivision sweep                    = [8, 16, 32]

Architecture
------------
For each dense start independently:
  T_2P = G_edge T_O, hence D=(I-G_edge)T_O.
  The long-body uncertainty is charged once and attenuated by I-G_edge.
  No uncertainty is chained from one start to the next.

Summaries
---------
m=   8 passed= 81/81 minLower=+9.381511e-03 at i=25 maxR=1.674982e-03 maxDisc=3.292e-10 all=True
m=  16 passed= 81/81 minLower=+1.022548e-02 at i=64 maxR=8.285589e-04 maxDisc=3.292e-10 all=True
m=  32 passed= 81/81 minLower=+1.064161e-02 at i=64 maxR=4.120767e-04 maxDisc=3.292e-10 all=True

classification = ENDPOINT-NESTING DENSE-START SPAN PASSED AT LARGEST SUBDIVISION

Scope: dense start nodes only in the frozen-spline linear cocycle;
continuous inter-node coverage and exact nonlinear-orbit validation remain open.
report      = /root/elab1/hysteresis/support_q550_endpoint_nesting_dense_span_0_80_report.txt
JSON        = /root/elab1/hysteresis/support_q550_endpoint_nesting_dense_span_0_80.json
rows CSV    = /root/elab1/hysteresis/support_q550_endpoint_nesting_dense_span_0_80_rows.csv
summary CSV = /root/elab1/hysteresis/support_q550_endpoint_nesting_dense_span_0_80_summary.csv
