Q,rotating_phase_fraction,H_total_mean,H_total_std,H_open_mean,H_open_std,H_phase_mean,H_phase_std,H_kappa_mean,H_kappa_std,abs_delta_x_mean,abs_delta_x_std,abs_delta_Theta_mean,abs_delta_Theta_std,abs_delta_Delta_mean,abs_delta_Delta_std,delta_rho_norm_mean,delta_rho_norm_std,abs_delta_activity_mean,abs_delta_activity_std,abs_delta_kappa_mean,abs_delta_kappa_std,base_activity_mean,base_activity_std,base_Delta_mean,base_Delta_std,share_local_mean,share_local_std,share_radial_mean,share_radial_std,share_rotating_mean,share_rotating_std,cycle_overlap_signed_mean,cycle_overlap_signed_std,cycle_overlap_line_mean,cycle_overlap_line_std
522.25,0.002777777777777778,-0.021290791277233274,2.189705641394894,-0.07300388045799133,2.1809952869155667,0.04643907272535455,0.03867003996092095,0.005274016455403304,0.004376228723061095,0.008737832769036764,0.0047167937782886275,0.33675227928685697,0.18761006487759252,1.0102568378605707,0.5628301946327775,0.021223258966889032,0.009243176521314626,0.21059991912326173,0.11732853970393417,0.0015336869388767257,0.0008279038066247792,6.911110434472016e-08,1.0056845145817902e-05,2.326398396671851e-06,3.1406737527924626,0.002246815890570386,0.0008311685399156048,0.0020887523279011304,0.00011317761800083547,0.9956644317815286,0.0007256665196798617,0.10995457570447816,0.15331720121838696,0.15690756077313134,0.10373117297657539
522.25,0.008333333333333333,-0.015141701171401612,2.1939397286778477,-0.06693116668150274,2.1844738851364593,0.046507586290810955,0.03885989330819434,0.0052818792192900815,0.004398370507698579,0.00872182472477905,0.004772957685614373,0.33700094065634545,0.18781120797830098,1.0110028219690361,0.563433623934903,0.02121212161363151,0.00923525969822972,0.21075542567592506,0.11745433912014923,0.0015308771656704892,0.0008377618404620727,6.880792062813783e-08,1.006087753936496e-05,2.312246792716503e-06,3.159707967474069,0.002248476120500713,0.0008364580164783537,0.0020884485680784403,0.00011431803543781677,0.9956630753114207,0.0007296934397591393,0.10937841738743344,0.1536578138397566,0.15627608279308886,0.10458176159790158
522.25,0.013888888888888888,-0.00889505327733369,2.2005815000000437,-0.0607236089645585,2.1903923270851586,0.04654258185318373,0.038872604872162375,0.005285973834041225,0.0044005745733251295,0.008711541958026887,0.004802308501641975,0.3379187577418872,0.18614644324186863,1.0137562732256618,0.558439329725606,0.02119061363429803,0.009226721641431391,0.21132938212515268,0.11641328213107933,0.0015290723079351488,0.000842913571374848,6.805653592500211e-08,1.0061237655188596e-05,2.383167201321553e-06,3.154295877134615,0.0022494371967353714,0.0008380900506218745,0.0020882235142878733,0.00011510875851984915,0.9956623392889766,0.0007304514808355725,0.10880368714096683,0.15404316575544028,0.15583204312606688,0.10521092154305402
522.25,0.019444444444444445,-0.0032453757549634086,2.2108081155952135,-0.055077250264675866,2.200011228974312,0.04654543451102564,0.03873958589218284,0.005286439998686889,0.004386316205754401,0.008709354739089058,0.004804962577803554,0.33899024038804776,0.1837333971317026,1.0169707211641432,0.5512001913951078,0.021161314491997166,0.009227896815940035,0.2119994848555879,0.11490417480496337,0.0015286884016272482,0.0008433794216664927,6.687867507390841e-08,1.0060114545992187e-05,-3.2084084788201277e-07,3.1680608336099008,0.002249702665844206,0.0008365908077730525,0.0020880894323932644,0.0001155569405151278,0.9956622079017624,0.0007284738059353132,0.10824803450466897,0.15455679349224735,0.15582811536179286,0.10538692508913836
522.25,0.025,0.0013497463619905707,2.225954979105656,-0.050455859944796545,2.2147227977901167,0.04652171222939458,0.038521641072000984,0.0052838940773925515,0.004362392505304151,0.008710522015366873,0.004797145919772984,0.33958306600632676,0.1820814862994057,1.0187491980189802,0.5462444588982172,0.021126608807867948,0.00925239474677636,0.2123702334538889,0.11387108633410163,0.0015288932849694523,0.0008420074216930403,6.530216889585815e-08,1.0060637406889511e-05,2.415740522880109e-06,3.1240785837397262,0.0022493726031096507,0.0008331282995546462,0.0020880431548650196,0.00011575297270608018,0.9956625842420254,0.0007248485582993188,0.10772449956600219,0.15531469674666815,0.15592708334942487,0.10580572861812307
522.25,0.030555555555555555,0.004579869390326378,2.2440601406803182,-0.04717682255974306,2.2326073792686127,0.04647766022712691,0.038238802204772646,0.005279031722942471,0.004330989872058129,0.008726400229773706,0.004759104788480669,0.3400853692978761,0.18050869228310498,1.0202561078936279,0.5415260768493148,0.021086138195892043,0.009304876798069425,0.21268436643881503,0.1128874810948906,0.0015316802701054852,0.0008353303442362749,6.333671795067905e-08,1.0062739228033864e-05,2.4123858289870626e-06,3.1168211477868186,0.0022485666387133045,0.0008280103421293873,0.002088076578907447,0.00011567176634117464,0.995663356782379,0.0007199047514600376,0.10724848723107779,0.1562251617690282,0.1563216448560811,0.10606167433619355
522.25,0.03611111111111111,0.006296548654060337,2.2630513599238324,-0.04539723972433582,2.2516064490559033,0.04642106315178447,0.03791885118033842,0.005272725226611692,0.004295185318739941,0.008750224173753469,0.004703786002786322,0.34042028769123805,0.17923659717221344,1.021260863073714,0.5377097915166403,0.021042525752109523,0.009381079025006504,0.21289382799903397,0.11209191319278909,0.0015358619101849072,0.0008256206483269435,6.09937763749374e-08,1.0066337598960494e-05,2.3846436988013884e-06,3.1148554792523973,0.002247442574084146,0.0008217393000239156,0.002088174255343736,0.00011532237936180955,0.9956643831705723,0.0007141275316917604,0.10683386074108406,0.15719107962668832,0.15726444010673488,0.10564456273609957
522.25,0.041666666666666664,0.0065165524436068935,2.281007756808761,-0.04510979383752668,2.2697875383303305,0.04636041592848608,0.03759392633600898,0.0052659303526475165,0.004258570646794693,0.008768507602123823,0.004657759117412106,0.34062876661170177,0.17833127453330094,1.021886299835105,0.5349938235999028,0.020997731675354615,0.009476598922444684,0.21302420968028962,0.111525729079086,0.001539071064677869,0.0008175418907217673,5.8286710088196225e-08,1.0071337076588784e-05,0.03922126622605447,3.142976068858723,0.0022461791157365697,0.0008149468203478627,0.0020883153186400513,0.00011474363070146547,0.9956655055656236,0.0007080976552778414,0.10649248170805176,0.15811984220882785,0.1583003457658312,0.10510475917430258
522.25,0.04722222222222222,0.00541097537334457,2.2963377907757856,-0.046152724807431295,2.2855281857806227,0.04630410605918867,0.0372971055487389,0.0052595941215873,0.004224870778389923,0.00877902299277253,0.004627983420743696,0.34092623967502633,0.1774140789306432,1.0227787190250788,0.5322422367919296,0.020953999493450372,0.009585706969902623,0.21321023292356586,0.11095214677695793,0.0015409167531593715,0.0008123155836633262,5.52308564745082e-08,1.0077631829716087e-05,0.10472219160886724,3.1250284493773623,0.002244958335875673,0.0008083245557701588,0.002088475702968424,0.00011399759003264267,0.9956665659611562,0.0007024290892662255,0.1062339297340758,0.15893118694285455,0.15863113622400635,0.1055540311871894
522.25,0.05277777777777778,0.003282849973296531,2.307870260182184,-0.048231384657049535,2.2976132539627523,0.04625966459780554,0.03705935471264679,0.005254570032540684,0.004197599808753359,0.00879249879799594,0.004596038810649808,0.3412520571416498,0.17666030862703055,1.0237561714249492,0.5299809258810917,0.020917440030050322,0.009691672722469912,0.2134139947702863,0.11048074403370471,0.0015432820612407108,0.0008067085833277149,5.184340756765461e-08,1.0085108119016172e-05,0.10472219513251992,3.1388982345115592,0.002243949154103479,0.0008025594753843837,0.0020886304478408496,0.00011316245362488456,0.9956674203980553,0.0006977120687137111,0.10606537398560503,0.15956271450079043,0.15913906054707366,0.10555663840516186
522.25,0.058333333333333334,0.0005361840785854888,2.314878835736015,-0.05094849092938228,2.305264648959228,0.04623312931760195,0.036907052975697796,0.005251545690365724,0.004179779021814743,0.00880769814788667,0.004566226592154349,0.3411219718929403,0.17705697917189853,1.023365915678821,0.5311709375156956,0.020897696626075466,0.009770548346498487,0.21333264183036518,0.110728809946683,0.001545949890326366,0.0008014758658640151,4.814354742622873e-08,1.0093646930888344e-05,0.10040989174069294,3.1538999355546995,0.0022432928591179287,0.0007982786564716904,0.002088755923247609,0.00011232583292839874,0.9956679512176346,0.0006944657124979968,0.10599155195120899,0.15997331442508778,0.15985552184282728,0.10499996790592223
522.25,0.06388888888888888,-0.0023191238516862963,2.3119458909842456,-0.053800963782880115,2.3030285607738965,0.046230620119276464,0.03677827318563471,0.005251219811917114,0.004164453161929492,0.008816559207074614,0.004543588534717418,0.341102322875783,0.17708805355216523,1.023306968627349,0.5312641606564957,0.020898495440824616,0.009789681279991165,0.21332035293203358,0.11074824078086176,0.0015475052062840396,0.0007975023756485017,4.412952143250157e-08,1.0097702788654127e-05,0.007325778621973515,3.14738130908258,0.0022431363160705323,0.000794237104418622,0.0020888259114578878,0.00011133159007145576,0.9956680377724718,0.0006915620795606324,0.10602882431481976,0.15980764034931874,0.15925921998608816,0.105705355349795
522.25,0.06944444444444445,-0.004689469803566978,2.3013314374696483,-0.05619551150432948,2.2930948001819997,0.04625240702917629,0.03671881475519284,0.005253634671586119,0.004156885348234018,0.00882834897775255,0.004515760961365974,0.34091868238233963,0.17744198651261864,1.0227560471470194,0.5323259595378558,0.020916855781667038,0.009760081821950987,0.213205506721193,0.11096958293113683,0.0015495745772343714,0.0007926180082180582,3.983983192363127e-08,1.0099375761445406e-05,-0.08576115737112985,3.1511779061494303,0.0022435067945803153,0.0007915516768263063,0.002088826394064865,0.00011037498999788918,0.9956676668113549,0.0006899117206643982,0.10617021525747637,0.1592136571920254,0.15886089660433764,0.10556300774564992
522.25,0.075,-0.00614172628071948,2.286650646671018,-0.05769515666423265,2.2790071887902825,0.046295021887295146,0.03677902794005932,0.005258408496218083,0.004162860360544439,0.008828763126600534,0.0045173540641012646,0.3407528002623341,0.17802425249427978,1.0222584007870024,0.5340727574828393,0.020950527179016857,0.009694609520750465,0.21310176586669824,0.11133372284375984,0.0015496472697080882,0.0007928976337181093,3.531460471613012e-08,1.0101743233356804e-05,-0.030591761279117727,3.1459958943378625,0.0022443473514914183,0.0007914516523553048,0.002088755956285236,0.00010968292617794647,0.9956668966922232,0.0006905154402089661,0.10640331269377389,0.15842476888575452,0.15867504179467973,0.10489711681662416
522.25,0.08055555555555556,-0.006340366989909163,2.268942522522055,-0.0579592065695859,2.2617484005959496,0.04635381526131131,0.03695081431776568,0.005265024318365325,0.00418154514298773,0.008830296975770431,0.004523528734820074,0.34065741782847053,0.17865415637267604,1.0219722534854119,0.5359624691180281,0.020990220920789213,0.00960916532572096,0.21304211537208534,0.1117276559486559,0.0015499164948695509,0.0007939814278445958,3.058027559995095e-08,1.0104695577052425e-05,2.5715297394442635e-06,3.116820950796499,0.002245572725372749,0.0007939076578217604,0.0020886182121907927,0.0001093193113504256,0.995665809062436,0.0006932757306941018,0.10672160371725242,0.15749746394699346,0.15743815303614467,0.10572224165962017
522.25,0.08611111111111111,-0.00507496171614028,2.2496805956813706,-0.056769848710594636,2.242742834909979,0.046422148276323724,0.037215896211675856,0.005272738718130451,0.004210946750295973,0.008834775166026218,0.004529417621188409,0.340269238176873,0.1799537233099384,1.020807714530619,0.5398611699298151,0.021026672208394815,0.009522263138824627,0.21279935444365136,0.11254038590186534,0.0015507025183706463,0.0007950150603649673,2.566423980406218e-08,1.0108132275511113e-05,2.58279158344236e-06,3.1148550698597193,0.0022470513923513466,0.0007986587892704259,0.002088424380235722,0.00010932280315240525,0.9956645242274131,0.00069789862521482,0.10711615061155233,0.1565073133393663,0.15645536286775907,0.10614101139672175
522.25,0.09166666666666666,-0.0022849568734040573,2.2307038815745677,-0.05405753300792288,2.2237942148343417,0.046491933795608356,0.037546966184821146,0.005280642338910359,0.004248034758066993,0.008835598920237525,0.004547087526915928,0.3396372791518836,0.18173524779517622,1.0189118374556512,0.5452057433855287,0.021055833801086294,0.009441440608149809,0.21240413711114084,0.11365452584322099,0.0015508471058339355,0.000798116527781637,2.0594681258300346e-08,1.0111963814121407e-05,2.5670238544384104e-06,3.1181909386884823,0.0022486160098949457,0.0008052202046419862,0.0020881925456395366,0.00010969859561109162,0.9956631914444655,0.00070390908580028,0.10757568896724663,0.1555440912046765,0.15615830573771458,0.10564168144971167
522.25,0.09722222222222222,0.0019266424497664876,2.2140642507905985,-0.04991543677051353,2.206940572633566,0.04655434029426215,0.037910235096304805,0.005287738926017789,0.004289023768867453,0.008830708574291062,0.00457699134795358,0.33902160596893605,0.18342547068134918,1.0170648179068082,0.5502764120440476,0.02107661511260723,0.009369086642457156,0.21201910419430775,0.11471157098847404,0.0015499887397032344,0.0008033653235597475,1.540072216715603e-08,1.011611347881801e-05,-0.02758342153070379,3.1473813706271865,0.002250077675462361,0.0008129239455317707,0.002087946280287979,0.00011041374051796443,0.9956619760442497,0.0007106939229856129,0.10808687005788321,0.15470459079224597,0.15567650005734274,0.10566308963308407
522.25,0.10277777777777777,0.007293275120159137,2.2017862114544116,-0.04460038334307458,2.194220587533402,0.0466006198879549,0.038269194009074,0.005293038575278559,0.004329795539960053,0.008824156040872876,0.004609174513549441,0.33832506314497507,0.18517430798245743,1.014975189434925,0.5555229239473723,0.02108723364202233,0.009311564230640437,0.211583496832697,0.11580527215733868,0.0015488386221414014,0.0008090141957722011,1.0112419473220019e-08,1.0120519037816602e-05,-0.08876930060494767,3.153125284715634,0.002251243286220439,0.0008209919736586874,0.0020877126528053144,0.00011139829493269663,0.9956610440609742,0.0007175697353200872,0.10863467689037697,0.15408325150534338,0.15557530177191187,0.10547813129092384
522.25,0.10833333333333334,0.013400517277417593,2.1955672493858587,-0.03851814710010008,2.1873765990422545,0.0466230053742614,0.03858909339872644,0.005295659003256192,0.004366404424418589,0.008805345160383752,0.004662872490362066,0.3374527408286096,0.1870528749890895,1.0123582224858283,0.5611586249672685,0.021087976058218043,0.009271197441973099,0.21103795827107047,0.1169801076202034,0.0015455368878924726,0.0008184394031272174,4.760231095017392e-09,1.012513412244232e-05,2.654509514132819e-06,3.1597076513941675,0.0022519349167885124,0.0008286321084278989,0.00208751971485926,0.00011255318915504436,0.9956605453683522,0.0007238669370492029,0.10920301970671856,0.1537613838704559,0.15626439745094306,0.10456528915608648
522.25,0.11388888888888889,0.019670714807594282,2.1915918845399074,-0.03223654127951588,2.1826858446939497,0.0466126618350462,0.038754232219468235,0.00529459425206391,0.004385718203012199,0.008789073396730391,0.004695196255884007,0.33684333057705435,0.1877983408012003,1.0105299917311628,0.5633950224036008,0.021080056965053502,0.009225400899045125,0.21065682717794024,0.11744634315365765,0.001542680825977889,0.0008241129538012457,-6.242660728168174e-10,1.0124492316309266e-05,2.738900493174749e-06,3.1542954842634416,0.002251946315161372,0.0008332652836952586,0.0020874017644875427,0.00011350832695547422,0.9956606519203512,0.0007273795290846937,0.10978000975006617,0.15347200953052137,0.15677502632057067,0.10397557780664946
522.25,0.11944444444444445,0.025378400286523783,2.192056531758551,-0.026479159431281842,2.1824298240068027,0.046567917536808404,0.03878231448369681,0.005289642180997243,0.004389670973502943,0.008774228883991817,0.004712473072710177,0.3365038872612032,0.18758890648170284,1.0095116617836095,0.5627667194451086,0.021062103322266643,0.009193608319945036,0.21044454650743677,0.11731536694188734,0.0015400752788241575,0.0008271454252403374,-6.0025435682405635e-09,1.0120819236784242e-05,2.7528149192009486e-06,3.1365905775753804,0.0022512160247785385,0.0008351384360111032,0.00208737919770858,0.00011424965239007235,0.9956614047775133,0.0007283891419790703,0.1103440203504469,0.15337359509178383,0.15725525012094957,0.1036996175959181
522.25,0.125,0.029967721715666515,2.19913675335641,-0.02180541685314798,2.188858245872089,0.046491984911969195,0.03872084337337527,0.005281153656845272,0.004383555251471759,0.008747925776212178,0.004746391076074309,0.336255391717802,0.1870496137384121,1.0087661751534065,0.5611488412152363,0.021038140319472154,0.009186888055210046,0.2102891571199264,0.11697807572559754,0.001535458489521844,0.0008330988006513066,-1.1341798649427958e-08,1.0117330481816306e-05,0.07412819665850642,3.1452585317926567,0.002249791160012863,0.000835134316487663,0.002087456820948953,0.00011483702589459902,0.995662752019038,0.0007277344407873719,0.1108779361962792,0.15364351633061038,0.1575267082440514,0.10425789219912411
522.25,0.13055555555555556,0.03299046901853206,2.2114722643778304,-0.018668457378374765,2.2006788854140398,0.046389306476305764,0.03857777188388464,0.005269619920600936,0.0043681837516778566,0.008718958079765315,0.004779665552307914,0.33657674595999193,0.18536484943637646,1.009730237879976,0.5560945483091294,0.02100864574538568,0.009208711717780819,0.2104901347863704,0.11592443821269295,0.0015303740047457866,0.0008389392225209355,-1.6611343479635744e-08,1.0114056093623961e-05,-0.020259986465965222,3.1167532318690934,0.0022477485423392416,0.0008332933896567093,0.002087634047140579,0.00011521211468477587,0.9956646174105203,0.000725514577093965,0.1113705066378202,0.15423421654370476,0.15811671023091936,0.10475443139682485
522.25,0.1361111111111111,0.03413283760260392,2.2273322115180028,-0.017389544734763552,2.2162038332193448,0.046266592074328115,0.03837037709571557,0.005255790263039328,0.0043454293141432275,0.008700558719598512,0.004788743019716076,0.33720231060697864,0.18306120572380838,1.0116069318209353,0.5491836171714252,0.02097456091769684,0.009261053254202262,0.21088135444516407,0.11448377279824733,0.001527144501604973,0.000840532523007449,-2.1780852696005134e-08,1.0111043073877629e-05,-0.05386255456536584,3.141100789507453,0.0022452174204367495,0.0008298761039477691,0.002087901814207669,0.0001153499814282785,0.9956668807653554,0.0007220109148782558,0.11181281110177715,0.15507223864816597,0.15855694878899956,0.10578893086916448
522.25,0.14166666666666666,0.03323417305204905,2.244912782700397,-0.018138548559255323,2.2336456628543258,0.04613212692600694,0.038122112355939146,0.005240594685297472,0.004317877747740766,0.008691527779316494,0.004778947431279208,0.3376091107369002,0.18117063464364427,1.0128273322107006,0.5435119039309327,0.020938352541127324,0.009339670251150898,0.2111357610487551,0.11330143885044892,0.0015255593676796143,0.0008388131760662402,-2.682038377645244e-08,1.010835440241247e-05,2.8232242557620543e-06,3.1181910260154155,0.002242365645731298,0.0008253038437196091,0.002088243840158504,0.00011525664651305802,0.9956693905141102,0.0007176314879642683,0.11219815729992029,0.15606837924221714,0.1597880057800801,0.10578464011344545
522.25,0.14722222222222223,0.030290954298029197,2.2625785476813745,-0.020929132753510184,2.2513625944054962,0.04599502677906961,0.03785921068912211,0.00522506027246972,0.004288449802609503,0.008689493591193503,0.004756370632514946,0.33770755728196417,0.17996890776735555,1.0131226718458919,0.5399067233020666,0.020902327040561847,0.009440016579270318,0.21119732790502796,0.11254989823372588,0.001525202321734938,0.0008348504381309144,-3.1700660186955886e-08,1.0106067984265682e-05,2.8328828758361624e-06,3.1268118242046303,0.002239384201655441,0.0008200898822507821,0.0020886383353220074,0.00011496293732011664,0.9956719774630228,0.0007128490183683097,0.1125218233712205,0.1571284178734687,0.16126824901884046,0.10541794862847115
522.25,0.1527777777777778,0.025448062618552456,2.2790104420592416,-0.025626678196053666,2.2680130134131975,0.04586451148934366,0.03760763768938054,0.005210229325262394,0.00426005918820436,0.008702280651659443,0.004707060630062869,0.3378939898338406,0.17880043382588165,1.013681969501522,0.5364013014776451,0.020868837672553965,0.009555736184903112,0.21131392041297012,0.11181915037953695,0.0015274467395604572,0.0008261954193504316,-3.639346488373166e-08,1.0104275105953035e-05,0.015950651683621576,3.154355141066455,0.0022364716564302204,0.0008147735440954712,0.002089059952285574,0.00011451659257291631,0.995674468391284,0.0007081437787897131,0.1127807020248363,0.15816266889233777,0.16172423363796468,0.10652955809740038
522.25,0.15833333333333333,0.018980165195735074,2.2932573211098988,-0.03196617721064473,2.282613856579771,0.04574925642701894,0.037390836295549464,0.0051970859793608925,0.0042353568559335515,0.00871712960997297,0.00465694742889278,0.33814609895027686,0.17779431235018905,1.014438296850831,0.5333829370505669,0.020846199453846224,0.009665684610298427,0.2114715854225224,0.11118993677842644,0.0015300530670129672,0.0008173994210598465,-4.087185152918957e-08,1.0103078034330799e-05,0.09609537014468479,3.1582243227305713,0.0022338198876179186,0.0008098680210723603,0.0020894817659704787,0.00011397446715319683,0.9956766983464114,0.0007039599300440541,0.11297290282892739,0.1590933355386967,0.16244724887367457,0.10700244150092353
522.25,0.1638888888888889,0.011208284321365957,2.299666185909731,-0.039638066941851534,2.2894974437899993,0.045659552847296725,0.0371458801103313,0.005186798415920691,0.004207232964044505,0.008721196405146656,0.004621766715374019,0.3382157859274869,0.17702555821858698,1.0146473577824606,0.531076674655761,0.02084576529293419,0.009721701556046014,0.21151516684325986,0.11070916786560936,0.0015307668813884347,0.0008112244115065293,-4.508537710168295e-08,1.0097164562773817e-05,-0.09007300133773503,3.1529857368423726,0.002231656337173495,0.0008040437960622956,0.0020898720146096572,0.00011314770175396638,0.995678471648217,0.0006991266179902572,0.11309676841528458,0.159523101410947,0.16324206800833543,0.10654393803858983
522.25,0.16944444444444445,0.002751380235861352,2.300000420689405,-0.048030016272098006,2.2903809799133064,0.045601345029422105,0.03692252413252897,0.005180051478537308,0.004181357262738145,0.008729939079367711,0.004578233478644195,0.3384184857787896,0.17612033335225014,1.0152554573363686,0.5283610000567504,0.020865606575108407,0.009733786662405828,0.21164193106357457,0.11014305429084788,0.0015323014181114545,0.0008035833455415053,-4.901351200893234e-08,1.008888837029564e-05,-0.10471679390760166,3.1348132251840624,0.0022301281583595504,0.0007984246957590251,0.002090202665176149,0.00011219900082310633,0.9956796691764639,0.0006946000190213243,0.11315189116775558,0.15954914238427712,0.16283486681127157,0.10727382890662464
522.25,0.175,-0.005816038027248179,2.2970992103897427,-0.05656973516847661,2.288055671458325,0.04557661480441891,0.036781159597267694,0.005177082336809411,0.004164616340566693,0.008743987522370824,0.004532999958146308,0.33821805634309726,0.17638034126176522,1.014654169029292,0.5291410237852956,0.020904059679310753,0.009713982868015728,0.21151658380236063,0.11030566095801432,0.001534767237052482,0.0007956438413851824,-5.2646593076074564e-08,1.0081567870163057e-05,-0.10471678977430919,3.122293644766155,0.0022292978136239936,0.0007943745335295484,0.0020904561681337965,0.00011133044762799727,0.9956802460182423,0.0006915406697794929,0.11313859501925379,0.15935324903289275,0.16263730483094482,0.10727326044208994
522.25,0.18055555555555555,-0.01398222196797696,2.2909873394513554,-0.06474685352646865,2.282510450933572,0.0455865896390384,0.03673006620745969,0.005178041919453152,0.0041580073252166375,0.008751400955804466,0.004510845634395875,0.33807065745523895,0.17692299234953784,1.0142119723657168,0.5307689770486136,0.020957458490864563,0.00966476256180657,0.21142439053874046,0.11064504884998447,0.001536068462004933,0.0007917552573536719,-5.5963793010917184e-08,1.0075324365269063e-05,-0.10471678719982296,3.115032015949392,0.002229209665537085,0.0007921433120370514,0.0020906182039521003,0.00011059572048043301,0.9956801721305109,0.0006901338757316077,0.11305700693605328,0.15894080496605195,0.16270899176023074,0.1064602069314658
522.25,0.18611111111111112,-0.021259504291346716,2.281868998177619,-0.07207278902950005,2.2739118952259467,0.04563043662560541,0.03677376661207779,0.005182848112547869,0.004162112607731296,0.008757051120253791,0.004501626486667459,0.33806325465826587,0.17755472914767936,1.0141897639747977,0.532664187443038,0.021016184163160413,0.009602754067952109,0.21141976135409926,0.11104012442368472,0.0015370601934385148,0.000790137088772013,-5.894597899801046e-08,1.0070276263705368e-05,-0.0030053033708450287,3.1148540569275402,0.0022298640043392905,0.0007919121369730544,0.0020906799082411596,0.00011004695917141993,0.9956794560874197,0.000690498986526617,0.11290739159485143,0.15833832825676597,0.16196709253933178,0.10655168569144707
522.25,0.19166666666666668,-0.02720998726974809,2.270174996419755,-0.07810642129784819,2.262651009604083,0.045705250433074905,0.03691213815915231,0.005191183595025401,0.00417699611700115,0.008760765364714707,0.004505522277911866,0.3379805067732523,0.17867960500890612,1.0139415203197568,0.5360388150267184,0.021071968266684993,0.009542706031863921,0.2113680204573116,0.11174358787306578,0.0015377121272037932,0.0007908208880968648,-6.157585865098399e-08,1.006653629505463e-05,0.06550119770438315,3.1425313675553115,0.002231215860231461,0.0007937724684702821,0.002090638459108634,0.00010973291061556418,0.99567814568066,0.0006926717544204371,0.11269030457117915,0.15759278621362935,0.16133900087922476,0.10618130755522888
522.25,0.19722222222222222,-0.031472132064137896,2.2566252906980044,-0.08248075071818253,2.2494067678080083,0.04580611650932573,0.03713923533997302,0.005202502144719207,0.004202064620460051,0.008760156314036408,0.004527920908873197,0.3377550903319457,0.18030147730173485,1.013265270995837,0.5409044319052045,0.021121254859344487,0.009488194585762036,0.211227047090441,0.11275788132325237,0.0015376052250582486,0.0007947523535599992,-6.383816624087515e-08,1.0064208833951151e-05,2.990382313165322e-06,3.12681202207175,0.0022331753605090853,0.0007976962769925406,0.0020904975050793774,0.00010969482226889824,0.9956763271344113,0.0006965801202291088,0.11240683755360929,0.1567699132110475,0.16069427632093994,0.10565076532668641
522.25,0.20277777777777778,-0.033787452375640105,2.2422812847358276,-0.0849297741617868,2.235201528514714,0.04592627541377992,0.03744221988770042,0.005216046372366933,0.004235938677073378,0.008762340661392842,0.0045526585423330615,0.3375105368968788,0.18211243641381886,1.0125316106906366,0.5463373092414565,0.021162932919116206,0.00943898827795905,0.21107410746101826,0.11389042477171188,0.0015379886273387791,0.0007990943667729962,-6.57198384978504e-08,1.0063387333540292e-05,2.9843515814735136e-06,3.1406739132639707,0.002235610203093682,0.0008035048927583655,0.0020902673553257543,0.00010996019301676542,0.9956741224415807,0.0007020206573932246,0.11205894455449172,0.15595094733229556,0.1596979632045074,0.10559950129353018
522.25,0.20833333333333334,-0.034025897147759124,2.228555643563282,-0.08531419298376028,2.2214163636266377,0.046057415793502504,0.03780090216513536,0.005230880042498687,0.004276390822561496,0.0087689421787318,0.004574755240302762,0.3368187102882768,0.1848538435564138,1.0104561308648305,0.5545615306692414,0.021193933221349725,0.009400238786620113,0.2106414609866152,0.115604834701717,0.0015391473426846947,0.0008029728361788795,-6.721006050628588e-08,1.0064151955168758e-05,-0.004311980739135213,3.1638854095432296,0.002238350874792678,0.0008108479004772759,0.0020899648364368054,0.00011053544467524168,0.9956716842887706,0.0007086453970271427,0.11164983158285402,0.15522721004618967,0.15872368208332774,0.10558657270882914
522.25,0.21388888888888888,-0.032049409630558294,2.212177173128517,-0.08348441685118585,2.2047791633621916,0.04618917300711712,0.03810386565563361,0.005245834213510303,0.004310847859442969,0.008760637437760708,0.004617918377926966,0.33630772522710245,0.186798657579977,1.008923175681307,0.5603959727399309,0.02121495074428848,0.009344555711198172,0.21032186393079225,0.11682115211184724,0.0015376896731349578,0.000810548941394553,-6.82627767279794e-08,1.0061163946650947e-05,-0.09739616853905855,3.1596584607976728,0.0022411851067165177,0.0008173920213823344,0.002089611414562034,0.00011115295301234208,0.9956692034787215,0.0007143849864290231,0.11118631857827792,0.15436569889828636,0.15804873247709084,0.1048533739997655
522.25,0.21944444444444444,-0.02821886328000924,2.1971232565909444,-0.07978819814006723,2.1892694168890525,0.04630976739188775,0.038351329497494056,0.005259567468170125,0.004339326066870959,0.00875365583793277,0.004652764529916118,0.3364667676711817,0.18718184700054583,1.0094003030135459,0.5615455410016376,0.021225322315292037,0.009284719301308995,0.21042132393662966,0.1170607935642975,0.0015364642447305002,0.0008166652278454969,-6.888564304123106e-08,1.0056695247219684e-05,0.06680793303896575,3.13586906790515,0.0022438528019840514,0.0008231597882722759,0.0020892429750197666,0.00011185600357201043,0.9956669042229962,0.0007192458344519574,0.11067776717230994,0.15359126299300394,0.15760115738561636,0.10384929140033232
522.25,0.225,-0.023060340533770783,2.187976683999323,-0.07474221820539965,2.179500348212617,0.04641076519955907,0.03856018444667202,0.005271112472069788,0.004363685419668978,0.008739731180262857,0.004699139130548256,0.33670788389921547,0.18727642249906537,1.0101236516976464,0.5618292674971962,0.02122482967615917,0.009239405755962424,0.21057211596233397,0.11711993379088129,0.0015340201529103461,0.0008248050173293572,-6.909686839139828e-08,1.0053960919405612e-05,0.030594657120114725,3.1459945785959866,0.0022461579967802403,0.0008284785096891426,0.0020888911321153584,0.00011270514618432796,0.9956649508711043,0.0007235258147728815,0.11013415575626391,0.15316161070646714,0.15692450886404466,0.10366901889793001
522.25,0.23055555555555557,-0.017094586505989606,2.185836605030524,-0.06886009926078676,2.1766380007639365,0.0464857794532486,0.0387027163415345,0.005279733301548651,0.0043807090483518486,0.008723873127750564,0.0047468494910802295,0.3369896638332659,0.18711674015293286,1.010968991499797,0.5613502204587986,0.021215629662058276,0.009207680876874841,0.21074834937817383,0.11702004475124007,0.0015312367066420325,0.0008331792628352086,-6.889546487344239e-08,1.0052972496546226e-05,3.0327969535504095e-06,3.11682094642713,0.0022479478320977546,0.000832673807525606,0.0020885825198492737,0.0001135997005747031,0.9956634696480531,0.0007266695640982664,0.10956822349730622,0.1531105125851222,0.15603084135582015,0.10435341495489851
522.25,0.2361111111111111,-0.010893392115047104,2.1910364240506452,-0.06270942629866912,2.1811004746319207,0.046531044666110445,0.03875972362364008,0.005284989517511533,0.004388124392335344,0.008714592958213549,0.004778521752933612,0.33764032830833696,0.18605709934134293,1.0129209849250107,0.5581712980240288,0.021197346727830253,0.009195668512639985,0.21115528188639002,0.11635732845317001,0.0015296078273551786,0.0008387384599053731,-6.828278659784077e-08,1.0053722162477088e-05,3.015298643460618e-06,3.1148552024852196,0.00224912255021993,0.0008352192315607642,0.002088338714151579,0.00011443607407321277,0.9956625387356285,0.0007282687570507649,0.10899451742397218,0.1534364838594369,0.15569272443291202,0.10473406457933741
522.25,0.24166666666666667,-0.005023134816682417,2.2030542595451514,-0.05685565344194627,2.192454022110796,0.04654574386970182,0.03872320521675228,0.00528677475556198,0.0043849215662914885,0.008712390798197698,0.004791440761170844,0.3385847519983296,0.1842800192718078,1.0157542559949888,0.5528400578154233,0.02117084602013032,0.009207030902383027,0.2117459124980138,0.11524596384727348,0.0015292212985507374,0.000841006037543949,-6.726266486431252e-08,1.005618322588638e-05,-0.03921855563061734,3.142976423973779,0.002249644406092578,0.0008358077523832887,0.0020881742186942584,0.00011512198298072721,0.9956621813752132,0.0007281184288638444,0.10842880622254361,0.15410295385538217,0.155489870606393,0.10541955960506223
522.25,0.24722222222222223,1.0589461146207994e-05,2.220596333247978,-0.051806762723946374,2.209481302010427,0.046532031408986305,0.03859739818962054,0.005285320776106383,0.004371483780377923,0.008712600676348362,0.004795474011879664,0.3394061799944877,0.1825902289599113,1.0182185399834631,0.547770686879734,0.021138132650059933,0.009241500703758761,0.2122596092873606,0.11418921563716357,0.0015292581369049305,0.0008417139641084459,-6.58409811213016e-08,1.0060310796604561e-05,-0.0771334102369393,3.1465420617226805,0.002249540160732783,0.0008343896198942128,0.0020880951883006,0.0001155882498556109,0.9956623646509665,0.0007262427880096582,0.1078873553016864,0.15504348022532116,0.15567495227117686,0.10595431136320876
522.25,0.25277777777777777,0.00381162912265592,2.241824652720445,-0.04796429352962184,2.2303975929874187,0.04649475539132183,0.03839809240183081,0.005281167260956035,0.004349519675395819,0.008717023537328231,0.004787965213077713,0.33994044509180815,0.18131527816214776,1.019821335275425,0.5439458344864433,0.021099976763912818,0.009301757887945655,0.21259373016200322,0.11339188385189644,0.0015300344488688453,0.0008403960003806423,-6.402534519805838e-08,1.0066042694995305e-05,3.0058625443289228e-06,3.140673958580596,0.0022488970338093296,0.0008311729893942882,0.002088099004478498,0.00011579639226900034,0.9956630039617118,0.0007228883409793305,0.10738614487747038,0.1561707279716457,0.1564402439550997,0.10594525267660487
522.25,0.25833333333333336,0.00613024284209448,2.2646590769172197,-0.04558576733542774,2.253147622301495,0.04644090956961746,0.038150431341529796,0.005275100607905021,0.004321820537403455,0.008738996334368395,0.0047454344944925266,0.3404960409839189,0.1799646159445835,1.0214881229517563,0.5398938478337506,0.021056628826987864,0.009389336628422071,0.21294119146301604,0.11254720257670897,0.0015338911708640878,0.000832930898985444,-6.182561526535924e-08,1.0073300988402008e-05,2.954531704113528e-06,3.1597081905253837,0.0022478525580298964,0.0008265902000315978,0.0020881747439174636,0.0001157413141113082,0.9956639726980526,0.0007184876601460255,0.10694011923305644,0.15738725948815513,0.1573492260811995,0.10591723078647497
522.25,0.2638888888888889,0.0067590112049061325,2.281982024436218,-0.04488821025546546,2.270636255539288,0.046379127387431406,0.03780176545211818,0.005268094072940223,0.004282390901813305,0.00876541832208224,0.004681477535767126,0.34054739481635427,0.17920414362174594,1.0216421844490633,0.5376124308652379,0.021012117601362346,0.009473075334946983,0.21297329168382817,0.11207164883453852,0.001538528826278996,0.0008217050086714278,-5.922223540178138e-08,1.0076582155322539e-05,3.0055261078946555e-06,3.154296197108488,0.0022465801827820913,0.0008194196589906377,0.002088306674985584,0.00011519393557403597,0.9956651131422323,0.0007120217832600377,0.10657539919211466,0.15826118795180477,0.15815782392550906,0.10561998387953977
522.25,0.26944444444444443,0.005919495516907484,2.294086389895014,-0.045662183406882995,2.283118049990585,0.04632029266439952,0.03742248078365533,0.005261386259390823,0.004239202391101813,0.00877779410294662,0.004638327967428316,0.3407634390011778,0.17800539834274517,1.0222903170035331,0.5340161950282357,0.02096681463958263,0.009561562972362958,0.2131084317103936,0.11132191948432955,0.001540701055248329,0.0008141312851717164,-5.624758399430136e-08,1.0078001342863223e-05,2.9772290734308983e-06,3.13659138423167,0.002245316152331672,0.0008111486886824397,0.0020884642336063044,0.0001143181723247939,0.9956662196140618,0.000704806454615412,0.10629983283809191,0.15883971137048875,0.158791006607625,0.10523883321167332
522.25,0.275,0.00400214990207716,2.3026788147087958,-0.04752618656133585,2.2922429471980688,0.04627243944118696,0.03709420630732463,0.005255897022225999,0.004201524744870375,0.008791170054529522,0.0045958564346111706,0.34111026307548004,0.1767618735182141,1.0233307892264394,0.5302856205546422,0.020927664582840497,0.00965121431843629,0.2133253238757552,0.11054425562291471,0.0015430488367612044,0.0008066765722151408,-5.2938346042119684e-08,1.0080634479984548e-05,-0.07412517442347251,3.1452582412854855,0.002244243113469059,0.0008035523057784036,0.0020886198185114573,0.00011333747663640137,0.9956671370680198,0.0006983861782363541,0.10611362060145324,0.15925270513017992,0.15900511650481908,0.10534291525185806
522.25,0.28055555555555556,0.0014096761847667801,2.306921625799279,-0.050084240066021614,2.2971231986752207,0.04624159674567725,0.036844529065622786,0.0052523195051112,0.004172527886896621,0.008801211771695017,0.004563903727526068,0.3411894709407623,0.17632219735721952,1.0235684128222868,0.5289665920716584,0.020903975347307747,0.009718124222190462,0.21337485349079396,0.11026930367423513,0.001544811384851527,0.0008010681506747527,-4.931408825706755e-08,1.0084364460088413e-05,-0.1047167913443487,3.115032005900423,0.002243502123794406,0.0007972733256939847,0.0020887502841230817,0.00011233380819847778,0.9956677475920824,0.0006933025979113819,0.1060214062409239,0.15945473213566655,0.15918279076844827,0.10528109806692805
522.25,0.2861111111111111,-0.0013989324186372888,2.3064074437266,-0.0528818033729132,2.297296355995352,0.04623175364664792,0.03669513235307013,0.005251117307627974,0.004154733683139733,0.008810698034061133,0.004540245629154434,0.3411863704935946,0.17630507887918395,1.0235591114807838,0.5289152366375519,0.0208985262272985,0.00975256470006919,0.21337291466238473,0.1102586030847869,0.0015464764380831724,0.0007969156202441164,-4.539590846234514e-08,1.0089070769698903e-05,-0.05385974696751718,3.0874312962348394,0.0022431935223466365,0.0007928628112345017,0.0020888360527400083,0.00011139396066038805,0.9956679704249131,0.0006899997819977089,0.10602541786587028,0.15942313664458868,0.1591328058832873,0.10531422088994645
522.25,0.2916666666666667,-0.003947799882899543,2.3011509634696417,-0.0554448724495109,2.292719308692314,0.04624458057084395,0.03666022885299282,0.005252491995767396,0.0041498349919486715,0.00882268931617748,0.004518567023800341,0.34106994874473817,0.17676833423088636,1.0232098462342145,0.5303050026926592,0.020910595828858437,0.00975292927116218,0.2133000999038429,0.11054833038610667,0.0015485811788407894,0.0007931105355322124,-4.1206314008470395e-08,1.0094632411741973e-05,2.8742183067143046e-06,3.1181914173864707,0.0022433696524659812,0.0007907408164602952,0.0020888626502313288,0.00011060432649527403,0.9956677676973028,0.000688792280313139,0.10612550793062882,0.15915889355372312,0.15891935506581611,0.10534496339703987
522.25,0.2972222222222222,-0.005783939926990659,2.291590249911938,-0.05731959959171507,2.2837713318575354,0.046279292975052136,0.03674525131666863,0.005256366689672348,0.004158541556865149,0.008832229275218945,0.004508823504978692,0.3407546165677319,0.17790169630445918,1.022263849703196,0.5337050889133774,0.020938354792764555,0.009718439645767454,0.21310289440101465,0.11125712363247649,0.001550255657051354,0.0007914003279841327,-3.676922652383004e-08,1.0100930754645221e-05,0.027586179282092563,3.1473804448734057,0.002244030555877122,0.0007911595927159967,0.0020888219115897566,0.00011004510110613943,0.9956671475325328,0.0006898368053934819,0.10631915223661773,0.15868657074927994,0.15873328690912483,0.10511616304229686
522.25,0.30277777777777776,-0.0065163055804245825,2.2785961813671816,-0.05811135474882287,2.2712657770490834,0.046332662806055955,0.036945889153483326,0.00526238636234232,0.004180462392334186,0.00883189301024733,0.004525528504998492,0.34054715775018957,0.17903192149784716,1.0216414732505688,0.5370957644935416,0.02097742654782675,0.009654917365748184,0.21297317724099368,0.11196390275640511,0.0015501966349564492,0.0007943324326628914,-3.2110053481168125e-08,1.0107852281633116e-05,0.08877210280035124,3.153127427990975,0.0022451227914609003,0.0007941707648330582,0.0020887128188330642,0.00010978336224725478,0.9956661643897059,0.0006931091219088951,0.10660141185199785,0.15805338431866534,0.15793655932989537,0.105672309278814
522.25,0.30833333333333335,-0.00585290692777595,2.2634738397442313,-0.05752202919401846,2.2564551366078236,0.04639918641038309,0.03724771011154412,0.005269935855859472,0.004214052079785552,0.008833652210198864,0.004544220577766735,0.3405022205404159,0.17998992136279107,1.0215066616212478,0.539969764088373,0.021016982059952272,0.009583214403054005,0.21294505775681122,0.1125630520245039,0.001550505414268191,0.0007976133134742953,-2.7255786749000322e-08,1.0115291285213583e-05,2.8186605016022883e-06,3.159707918511525,0.0022465416043156113,0.0007996021294107589,0.002088541923698342,0.00010986510780282399,0.9956649164719862,0.000698390915145302,0.10696488134057704,0.15732705613236814,0.1572540694694341,0.10599695143216555
522.25,0.3138888888888889,-0.0035011446946120093,2.2429187901644267,-0.05525019452099636,2.23600800760737,0.046470925044886924,0.037542974126633925,0.005278124781497475,0.004247189217032109,0.008833777328971655,0.004558920653992324,0.3399066481694516,0.18161291020992887,1.0197199445083547,0.5448387306297865,0.021048251149826273,0.009495709212563144,0.2125725945826492,0.11357804452901736,0.0015505273754378194,0.0008001935087588248,-2.2222455681888847e-08,1.0117717785278699e-05,2.850920830973121e-06,3.154295625162641,0.002248131210138809,0.000805257765524974,0.002088321528497849,0.00011006257308517654,0.9956635472613633,0.0007037045658974339,0.10741014716254062,0.15626146816705416,0.15652914063325524,0.1059702297228225
522.25,0.3194444444444444,0.00041297516734944604,2.2211282199107116,-0.05140954675055566,2.2140923311020178,0.046536823628300805,0.03783131135430502,0.005285698289604255,0.004279864596000438,0.008830377731820844,0.004576115764491439,0.3393624701135402,0.18284125229713366,1.0180874103406208,0.5485237568914011,0.021071629984507338,0.00940044011746628,0.21223227376818532,0.11434622803163773,0.001549930669379755,0.0008032116388927051,-1.7051993127050635e-08,1.0117278204043153e-05,2.7914783608196104e-06,3.1365906722118417,0.002249655252586482,0.0008112081142483628,0.0020880805223446033,0.00011045363939423159,0.9956622642250691,0.0007090687791549135,0.10791645644343045,0.15509511049116093,0.15573155773560257,0.10597540196016014
522.25,0.325,0.005538182739679964,2.203161635793854,-0.046341138110224375,2.195765355434889,0.046587712141093814,0.038124931118850326,0.005291608708810533,0.004313445779040103,0.008827641529064104,0.004592038984935131,0.33852643657866277,0.18448986076984017,1.0155793097359886,0.5534695823095205,0.02108456450103514,0.009319169476029976,0.21170941756420172,0.11537726227073386,0.0015494504040163579,0.0008060065236043792,-1.1783252910979352e-08,1.0117108579574568e-05,2.752599762293843e-06,3.1240781746960833,0.0022509086955094667,0.0008177342191758831,0.0020878483067076807,0.00011112290905832087,0.9956612429977831,0.000714714095466914,0.10846166059986845,0.1541216855653718,0.15552953426668334,0.10542180477106754
522.25,0.33055555555555555,0.011461118387768088,2.190832211878939,-0.040449692521568686,2.1828778744627177,0.046615843045079965,0.03838833108663719,0.005294967864256649,0.004343863722206593,0.008813815596739357,0.004627153901241955,0.3376169679148757,0.1861309936586867,1.0128509037446274,0.55839298097606,0.021087799971161888,0.009253942407431298,0.21114065502647647,0.116403586742512,0.0015470236407233592,0.000812169984261393,-6.446532847364514e-09,1.0117160511368096e-05,3.090327399165223e-08,3.1680604569260216,0.0022517140648540667,0.0008240388960888708,0.0020876522942926733,0.0001119819390941491,0.9956606336408529,0.0007199553591976483,0.10902964386889245,0.15342766811533373,0.1557699218935021,0.10464153488710032
522.25,0.33611111111111114,0.01766463473696674,2.1853847931945554,-0.03424593168303975,2.176740267838946,0.04661545656775841,0.03859168268997981,0.00529510985224805,0.004367662255067037,0.008795104751264911,0.00466756626916308,0.33700709509349724,0.18704337639654584,1.0110212852804912,0.5611301291896377,0.02108235955211202,0.00920645649715797,0.21075926509000303,0.11697414414198239,0.0015437394648781556,0.0008192632672856849,-1.0722983118680962e-09,1.0117402528533e-05,2.7228407881718653e-06,3.1148548650420187,0.002251931781929746,0.0008293998233000116,0.0020875174970785837,0.00011292552530984843,0.9956605507209915,0.0007241962303707841,0.10960411910341307,0.15307776807447987,0.1560893591464698,0.10425465315155978
522.25,0.3416666666666667,0.023578891613696473,2.1872785521712075,-0.028296157786141297,2.177895484537911,0.046583388151626264,0.03871454500525515,0.005291661248211617,0.004382432472565493,0.008776822255729422,0.004701970074831132,0.33668719103928135,0.18719625086631914,1.0100615731178442,0.5615887525989574,0.021068207816481846,0.00918271083736916,0.2105592086929603,0.1170697321431122,0.0015405304741187757,0.0008253019119697217,4.308464291155841e-09,1.0117820770719558e-05,2.683901802262116e-06,3.1181908069301962,0.0022514747585250247,0.0008332622616211957,0.0020874639693997527,0.00011384691849544595,0.9956610612720753,0.0007270045648450858,0.11016941305728055,0.15310620119767873,0.1568986188538651,0.10366514132912373
522.25,0.3472222222222222,0.028637382350094047,2.196119803199442,-0.023166603768590668,2.186037369570877,0.046519405351517114,0.03874806958079405,0.005284580767167561,0.00438707708118585,0.008755574329812625,0.0047373000661899605,0.3364343148652875,0.1870514772972799,1.009302944595863,0.5611544318918399,0.021046228865108506,0.009185949031372218,0.21040106025137237,0.11697919614794021,0.0015368009833722498,0.0008315031231544525,9.664521030437431e-09,1.0118419241238365e-05,2.6178842878514056e-06,3.1268115230592253,0.0022503174994229092,0.0008353025289793374,0.0020875047774277502,0.00011465243674306414,0.9956621777231495,0.0007281604731670001,0.1107111707354415,0.15351190771014409,0.15755279518690535,0.10384282387843423
522.25,0.3527777777777778,0.03233205890126401,2.210766760206572,-0.019368351148140135,2.20010035654084,0.046426245139605575,0.03869542118276226,0.0052741649097985495,0.004381870631848018,0.008728608957594091,0.004777351926105693,0.336330723052089,0.18649843738279623,1.0089921691562673,0.5594953121483887,0.0210189983066962,0.009215172879883132,0.21033627011829817,0.11663333962744186,0.0015320679517079145,0.0008385331288840378,1.4964922427417305e-08,1.0119219801342946e-05,0.015950410986858676,3.154354793595865,0.0022484988911693937,0.0008354536797232052,0.002087644690758864,0.00011527275166767296,0.9956638564180719,0.0007276708179268769,0.11121690335212697,0.1542588760179655,0.1579749249530935,0.10484230244216053
522.25,0.35833333333333334,0.03426177168397585,2.2295726527916506,-0.017308596106954014,2.218491389785348,0.046309348691628956,0.03857045340596456,0.0052610190993008085,0.004368318197904535,0.008706562293449693,0.004803139762542689,0.3368535059245393,0.18473009054315523,1.0105605177736177,0.5541902716294657,0.020986151697968875,0.009275511703246144,0.21066319384192483,0.11552747032633548,0.0015281982643680643,0.0008430594764316193,2.0179160786083232e-08,1.012026195950643e-05,0.10040738743498938,3.162267531025944,0.0022461184051893153,0.0008338920980290663,0.0020878797301070663,0.00011566920783609262,0.9956660018647036,0.0007257500498627084,0.11167632603205574,0.15528152171351672,0.15877814907724352,0.105611628008434
522.25,0.3638888888888889,0.0339814176946188,2.2456486926010664,-0.017440443047116012,2.2343728097874727,0.04617591423155303,0.038310590432458345,0.005245946510181736,0.004339291746694537,0.008694282807079314,0.004796929316940665,0.33756942842479654,0.1821424860925645,1.0127082852743898,0.5464274582776935,0.020949807958689132,0.009341398970905905,0.21111092129208864,0.1139092194471489,0.0015260429372566213,0.0008419694030053823,2.5263930067431027e-08,1.011616881804257e-05,0.007323162262119672,3.1611758289983407,0.002243310749404369,0.0008291632533070273,0.002088202724425566,0.0001155792915054166,0.9956684865261701,0.0007211844184776048,0.11208179651752175,0.15616300074281195,0.15987511388359874,0.1056648531968721
522.25,0.36944444444444446,0.03150982235647608,2.259274700807096,-0.019758132088483527,2.2480126776466807,0.04603767918695271,0.03797900294333847,0.005230275258006978,0.00430193322347597,0.008686729139924736,0.004774392662954886,0.33774887561584443,0.18039362660321956,1.0132466268475337,0.5411808798096585,0.020913465713872672,0.009416192456015727,0.21122314539075396,0.11281550747437899,0.001524717098119867,0.0008380137113850924,3.018751560734737e-08,1.0109251621070157e-05,2.589952339822806e-06,3.1365908824529884,0.0022403226839781665,0.0008225685905155801,0.0020885854752467703,0.00011513446048922497,0.995671091840775,0.0007151414850914519,0.11242610047816073,0.1569391100986562,0.1609042836716049,0.10559766050852795
522.25,0.375,0.027102250574072846,2.2720191430101897,-0.024017690026704834,2.2609452207780665,0.04590478248991619,0.03765203929794423,0.005215158110861418,0.004264896004538314,0.008696464506490557,0.0047212205279490264,0.337967148949475,0.17873498725912362,1.0139014468484253,0.5362049617773709,0.02087845473767241,0.009510214937970836,0.21135965004010923,0.11177821877525115,0.0015264258747629826,0.0008286808011399281,3.4928167221916925e-08,1.0102801359387306e-05,2.55462835892691e-06,3.1240784921792537,0.0022373760635627433,0.0008157313488264932,0.002088998294732694,0.00011452745866751804,0.9956736256417044,0.0007090507687422424,0.11270560799037439,0.1577125786201304,0.16139149585433796,0.10629447884865345
522.25,0.38055555555555554,0.021032182298093102,2.2828506456521573,-0.029955283915457622,2.2721093473812353,0.04578588555831378,0.037353559845695085,0.005201580655236953,0.004230900956602498,0.008712670281275346,0.00465849636977768,0.3380374441328302,0.17758901600729893,1.0141123323984909,0.5327670480218967,0.020853375478139917,0.009602588502555527,0.21140362260796103,0.11106152609129154,0.0015292703541411963,0.0008176712951580415,3.945867415903819e-08,1.0096918137640058e-05,2.494574427669427e-06,3.1168211564737174,0.002234662429858673,0.0008091666892457597,0.0020894145455375066,0.0001138094563184019,0.995675923024604,0.0007033642522104155,0.11291851874636619,0.15840326657642603,0.161983798918398,0.10663433385327048
522.25,0.3861111111111111,0.013672259241243453,2.2910738763951066,-0.03720665889369144,2.280775238910249,0.04568851587761538,0.037104035913828985,0.005190402257319505,0.004202293716205961,0.008722251240127859,0.004612540504186888,0.33808670614168207,0.17683690877987687,1.0142601184250468,0.5305107263396307,0.02084606691510589,0.009672674204568117,0.21143442885818534,0.11059117274004926,0.0015309520287443185,0.0008096050031283829,4.375282043532179e-08,1.0091711112699603e-05,0.05085686756946577,3.1411522797789546,0.002232353161412705,0.0008033395679352413,0.002089808045714947,0.00011303603099210779,0.9956778387928724,0.0006984785288232241,0.11306384805300092,0.15894690810233728,0.16275435611448139,0.10640615756776042
522.25,0.39166666666666666,0.005467384569817709,2.296274713654256,-0.045333656911040805,2.2864929595632377,0.0456187247178452,0.03692013309198911,0.005182316763013208,0.004180993781800002,0.008727798903789174,0.004581082966682779,0.3382664809040659,0.17619218655320756,1.0147994427121978,0.5285765596596227,0.020858678833578836,0.009713083042558355,0.21154684840231722,0.11018799145377492,0.0015319257689752816,0.0008040834950296885,4.778572042732861e-08,1.0087296331219425e-05,0.10472223282756295,3.1164027664518374,0.0022305913184296447,0.0007986509138906936,0.002090154482433831,0.00011226366462887081,0.9956792541991365,0.0006947249406836184,0.11314110979846785,0.1592981876795376,0.16255199229413392,0.10732570487922558
522.25,0.3972222222222222,-0.0030916728525398323,2.2982592890156117,-0.05385033724321509,2.2890329290033784,0.04558084032951929,0.03681477389731468,0.005177824061155869,0.004168499108799567,0.00873757701596355,0.004549763952246243,0.3384005770720694,0.1760192845904229,1.0152017312162083,0.5280578537712687,0.020889981132538156,0.009723070467713915,0.21163071172066414,0.11007985941907306,0.0015336420484378338,0.0007985863008570076,5.1534062382010116e-08,1.0083794062445414e-05,0.10472220225178316,3.125028415509884,0.0022294855076637936,0.0007954352798108054,0.0020904325918985876,0.00011154817724438014,0.9956800819004378,0.0006923692339721467,0.11315008571034688,0.15943230843435854,0.1627446637062659,0.10723742591423917
522.25,0.4027777777777778,-0.011493782903138931,2.2970109650492887,-0.06224828973335498,2.2883428036503224,0.045577296582528556,0.03679730852096172,0.005177210247687512,0.0041659044109213185,0.008748618395536516,0.004525959002582145,0.33819321371102223,0.17689202560762154,1.0145796411330668,0.5306760768228648,0.020938422874301123,0.009701253095717337,0.2115010313403061,0.11062565639427477,0.0015355800598516307,0.0007944079947088494,5.497620091796965e-08,1.008132563710695e-05,0.08877433968879336,3.125609962626353,0.0022291053614141676,0.0007939623649377169,0.002090625143947498,0.00011094444575858251,0.9956802694946383,0.0006916139010293284,0.11309068899949927,0.1593456224806535,0.16311837120802553,0.10646447871876902
522.25,0.4083333333333333,-0.019232179491593237,2.2926795644988687,-0.07002123254287244,2.2845357835668816,0.0456085187396793,0.03687345582754606,0.005180534311599912,0.004173894704024556,0.008754306520654809,0.004522108658490701,0.33810132657253317,0.1779137702360851,1.0143039797175988,0.5337413107082553,0.02099797169316775,0.009656818269354314,0.21144356725050012,0.11126464110682274,0.0015365784542397145,0.0007937321723854745,5.809214667377367e-08,1.008001020204097e-05,-0.004312576020767696,3.1638858064861775,0.002229478242707617,0.0007944347385172801,0.0020907197767858535,0.0001105063916294798,0.9956798019805063,0.0006925967014035826,0.11296292735673029,0.15905570085460655,0.1624450185869356,0.10693920454749338
522.25,0.41388888888888886,-0.025681806393422664,2.2805455171179845,-0.07654503514824329,2.2728726601083338,0.045675326615394335,0.03696252112221008,0.005187902139426231,0.0041833743774962245,0.008763638880622954,0.004509921444874915,0.33792101836317034,0.17900370171357155,1.013763055089511,0.5370111051407146,0.02105564438487425,0.009589792415452375,0.21133080657156803,0.11194626772811121,0.0015382164941256178,0.0007915930412258507,6.083060104011588e-08,1.0074551601999519e-05,-0.09739678306556468,3.1596587355992947,0.0022306440923789126,0.0007952026170462125,0.002090700518316957,0.0001100399068887795,0.995678655389304,0.0006938351569515806,0.11276668852781221,0.1582668014102859,0.16178384403906823,0.10657703883366758
522.25,0.41944444444444445,-0.030406451883554737,2.2632885488182377,-0.08137615245397675,2.255982206000851,0.04577112206710663,0.037094500301187994,0.005198578503315321,0.0041977833882905005,0.008760136316909655,0.004525532477745914,0.3377335376941496,0.18012482485436807,1.013200613082449,0.5403744745631043,0.021106697443503766,0.009515085989476334,0.2112135598017831,0.11264740239283202,0.0015376017151109969,0.0007943331299697631,6.318471683736524e-08,1.0067287219783796e-05,-0.018956363933715314,3.152308258002594,0.002232480459501877,0.0007970157816669609,0.002090573349665345,0.00010969615712699771,0.9956769461908327,0.0006959307255921408,0.11250355128045535,0.15718047959833323,0.16129055686416555,0.10544100306485522
522.25,0.425,-0.033205075057414796,2.2448630226209447,-0.0843040465746889,2.237766433267942,0.04588736695923831,0.037306938738897795,0.005211604558035785,0.004221417291733188,0.008761075169960891,0.004540595532008401,0.3376280160450829,0.1812858639560606,1.0128840481352488,0.5438575918681818,0.021150490125662485,0.009444741136304172,0.21114757017305974,0.11337349928931308,0.0015377665050194643,0.0007969770360952993,6.516004771819024e-08,1.0061503907382695e-05,2.411428492850772e-06,3.124078590249058,0.002234815660463223,0.0008007861605871319,0.0020903541812704648,0.00010965702796210988,0.9956748301582664,0.0006996261071347357,0.11217581144289561,0.15607361095260344,0.15977835726458234,0.10578307685322248
522.25,0.4305555555555556,-0.03394770238907558,2.2266165345658253,-0.08518951307191479,2.219538464874556,0.04601576317896661,0.03758126582477816,0.005226047503872586,0.004252215222434765,0.008764865601134193,0.004556657883717089,0.3371508354807869,0.1832463022643385,1.0114525064423607,0.5497389067930155,0.02118416367737193,0.00938357196792224,0.21084915099651722,0.114599527689176,0.0015384318112729562,0.0007997963414853674,6.674536533906314e-08,1.0057286727961565e-05,2.3916587701918365e-06,3.1168210331728265,0.0022374804567007445,0.0008062044960182074,0.0020900599747427,0.00010993832800095905,0.9956724595685564,0.0007046051233573199,0.1117867354357086,0.15503680043518206,0.1585004489022146,0.10579508360630348
522.25,0.4361111111111111,-0.032655624556350425,2.2102082168932373,-0.08404355375557081,2.2029366715842076,0.04614706439176528,0.037891854526066984,0.005240864807455009,0.0042873089434564615,0.00876323801373245,0.0045884558120218395,0.33651541870635093,0.18550225276204166,1.009546256119052,0.556506758286125,0.021208170295630522,0.009329876136759249,0.21045177265386722,0.1160103651846316,0.0015381461329353266,0.000805377595855118,6.793168189439642e-08,1.005470613994048e-05,0.050856753128285706,3.141151961736423,0.0022402802238219873,0.0008127850279546435,0.0020897133836340373,0.00011052755019303173,0.9956700063925441,0.0007104098324960919,0.11134125382838224,0.15416451041074203,0.15804892168837661,0.10472424874373476
522.25,0.44166666666666665,-0.029507971584770854,2.197450100614136,-0.0810347223487404,2.1897739256881152,0.04627176861025915,0.03820804952204607,0.005254982153710345,0.004323247405675741,0.008757100110170647,0.004630372124568762,0.33627590501949167,0.1869736614131254,1.0088277150584748,0.5609209842393763,0.021222424830322335,0.00928434191816178,0.21030199203099673,0.11693055273981129,0.001537068792275046,0.0008127348551181807,6.871230870748087e-08,1.0053816137116388e-05,0.02628170574327165,3.1180792235536736,0.002243009231955628,0.0008198971287517332,0.0020893412433757256,0.0001113795968477926,0.9956676495246687,0.000716474374390884,0.11084630467212597,0.15354532121047634,0.15750126419679863,0.10411802451885617
522.25,0.44722222222222224,-0.024834659361280587,2.190057066161207,-0.07648295387297672,2.1817933998051724,0.04638091156670448,0.03849749887896061,0.00526738294499168,0.0043563696690293256,0.008747578964588172,0.004677908138576299,0.3365521100151687,0.18739353071975473,1.0096563300455066,0.5621805921592643,0.021226117903612063,0.009251722830298703,0.21047473747618808,0.11719311703992716,0.0015353976162513145,0.0008210784988724953,6.908282924607783e-08,1.0054652687862552e-05,-0.07713405252405095,3.146541915994499,0.002245467535566692,0.000826829627040034,0.002088972506539019,0.00011241818784294941,0.9956655599578943,0.0007221849258643448,0.11031106377554019,0.15325116916027667,0.15713908956404649,0.103662067951563
522.25,0.4527777777777778,-0.01909437803846921,2.1893474075581483,-0.0708384730390554,2.1803700799936427,0.046466893246973076,0.03873027943309759,0.005277201753613117,0.004383268954481901,0.008728467405399393,0.004741668006622572,0.33689582423979814,0.18752486672845048,1.0106874727193937,0.5625746001853515,0.021219924488417374,0.009233607022300095,0.21068968666430485,0.1172752650361595,0.0015320431061016952,0.0008322697953222963,6.904101074592093e-08,1.0057232791751149e-05,2.35179070803652e-06,3.1406737647409932,0.0022474791030147,0.0008328785242515722,0.002088635755862786,0.00011354358466033685,0.9956638851411225,0.0007269567477525453,0.10974700697743973,0.15332738294756004,0.15658065225842932,0.10402469839524009
522.25,0.4583333333333333,-0.012837493702668654,2.1959669082832725,-0.0646455629087254,2.1862289394676826,0.04652425658655678,0.03888309886419411,0.005283812619499991,0.004401267144659473,0.008711707010308182,0.004796926272958673,0.3374568530224143,0.18704724566054517,1.012370559067243,0.5611417369816355,0.021205583138980758,0.009230946055855867,0.21104052942757284,0.11697660065436365,0.0015291012783371632,0.0008419688687178142,6.858665448467483e-08,1.0061554369194297e-05,2.339930760035062e-06,3.1597079623332824,0.0022489094923824897,0.0008374428188337055,0.0020883564876036566,0.00011464546783299451,0.9956627340200136,0.0007303149217209244,0.10916775823307102,0.15378562861860492,0.15625908470524033,0.10457156518600082
522.25,0.4638888888888889,-0.006723463530241859,2.2048026926796025,-0.05855772927781766,2.194370047883679,0.046547664766349195,0.03885553635720943,0.005286600981226396,0.00439893464103579,0.008712435422484873,0.004803412955850726,0.33832754217108024,0.18536500106995957,1.0149826265132411,0.5560950032098788,0.021180660536078803,0.00923024105448532,0.2115850464461931,0.11592454982085401,0.0015292291311206892,0.0008431074280254982,6.7685624541536e-08,1.0062192329969687e-05,2.405599504440303e-06,3.1542958514154917,0.0022496228115315977,0.0008382283074627165,0.0020881623745406916,0.00011535995007381517,0.9956622148139279,0.0007303239073730956,0.10859647406628449,0.15427488281196006,0.15566698943108623,0.10558056748364206
522.25,0.46944444444444444,-0.0014077827804188944,2.2167253063643257,-0.05323362355777442,2.2057423320137812,0.04653996754084649,0.03868410857936124,0.005285873236508997,0.004380319908293111,0.00871377897616441,0.004797479926660093,0.3390788646629778,0.1834480085072374,1.0172365939889338,0.5503440255217122,0.021149437765611546,0.009237712982824421,0.2120549126998431,0.11472569055951928,0.00152946495512699,0.0008420660474431313,6.635922337026516e-08,1.0061325912853658e-05,0.08576335562074897,3.1511794456095745,0.0022496549440813476,0.0008358691824292538,0.0020880612490823706,0.00011570490496323766,0.9956622838068363,0.0007276119023503254,0.10805080299851008,0.1548670545643054,0.15577879960085647,0.10571017812016029
522.25,0.475,0.002713483209014826,2.232878453856165,-0.04907663958103225,2.2215367007503666,0.04650776018753152,0.038433956781364964,0.00528236260251541,0.004352710950368996,0.008715928697674732,0.0047859505377814025,0.3396940383968129,0.18168933943801704,1.0190821151904386,0.5450680183140512,0.0211124104737701,0.009270925580245094,0.21243963401437363,0.11362584267280434,0.0015298422797897242,0.0008400423793776199,6.463692198606278e-08,1.0062082293313473e-05,-0.043531426816680215,3.1237690244944707,0.002249129742375534,0.0008316319802439226,0.002088046084093843,0.00011578401033131676,0.9956628241735305,0.0007233503447259115,0.10754326020169991,0.15567092037333746,0.15623293515530576,0.10568265774279632
522.25,0.48055555555555557,0.005390894168436004,2.2512232621891726,-0.04634396414667473,2.2397458682119438,0.046458010952692315,0.03812841590213713,0.005276847362418376,0.0043186718172928875,0.008731400396945805,0.004746144072769465,0.3403160491343111,0.17986070588230071,1.020948147402933,0.539582117646902,0.021070443656956754,0.009331280653864293,0.2128286302026842,0.11248223891829086,0.0015325579123408942,0.000833055445994321,6.252881469659451e-08,1.006438896255186e-05,-0.04222742786756997,3.142257259900734,0.002248184215526652,0.0008259047701265251,0.0020881056641716177,0.00011558527952665325,0.9956637101203015,0.0007179337411052942,0.10708873896121633,0.1565915059965465,0.15656621149009076,0.10607075810109122
522.25,0.4861111111111111,0.00654090487914248,2.2697173655289733,-0.04512823739867674,2.2583311769264,0.04639889692413564,0.037797310705929746,0.00527024535368372,0.0042815180163522475,0.008754726437232827,0.004690349949180606,0.34063355015434815,0.17863456765447505,1.0219006504630448,0.5359037029634252,0.021026239365147557,0.00941339603135836,0.21302718989920205,0.1117154277552673,0.0015366521590802797,0.000823262317552045,6.004746318298341e-08,1.0068158658232711e-05,2.412503215709627e-06,3.1148555093250585,0.0022469867549571865,0.0008192464312886145,0.0020882221387460748,0.00011512957257745325,0.9956647911062967,0.0007118904531215262,0.10670037350953429,0.15753235733021134,0.15745104977531754,0.10573289300129313
522.25,0.49166666666666664,0.00624253944567242,2.2865470626848636,-0.045359947672943005,2.275459396338029,0.046338967320941414,0.03747350138188803,0.0052635197976740235,0.004244932636114078,0.008774355025279729,0.004642105619668332,0.3407330818884574,0.17794325225880261,1.0221992456653723,0.5338297567764079,0.020981465649660146,0.00951345485981841,0.21308942828528332,0.11128309912066728,0.0015400974194682787,0.0008147943484338862,5.720752106064625e-08,1.0073291880326202e-05,2.4125038840934937e-06,3.11819157009518,0.002245719471703036,0.0008123186420778005,0.002088373116012955,0.00011446516492608219,0.9956659074122842,0.0007058204574111635,0.10638915654801137,0.15840473801179583,0.15865367320448887,0.10488513843966765
522.25,0.49722222222222223,0.004721156276915169,2.3002706929518704,-0.046822782695734436,2.2896524447505757,0.04628634936994433,0.03718958600917231,0.00525758960270523,0.004212596772820964,0.008788116797291958,0.004606512348011909,0.3409265834436589,0.17725843041442482,1.0227797503309763,0.5317752912432744,0.020939450815208652,0.009622445134475367,0.21321043473683002,0.11085482921051502,0.0015425129211777816,0.0008085469256124302,5.402533559705284e-08,1.0079679738305215e-05,0.055171784499211354,3.126316012739463,0.0022445609566227416,0.0008058178556151558,0.0020885339408449706,0.00011366086408743163,0.9956669051025323,0.0007003346297648847,0.10616372855136164,0.1591345875537321,0.15880113457446568,0.10552860876947241
522.25,0.5027777777777778,0.0023221162906482463,2.3098812143071186,-0.04917917823233231,2.2998559622264536,0.04624804490360671,0.0369750695965623,0.005253249619373917,0.004187869230347502,0.008801999302751254,0.004574337628527355,0.34113512814667396,0.1768142864602871,1.023405384440022,0.5304428593808613,0.02090824725812058,0.009719118588393942,0.21334086902459296,0.11057703785974068,0.0015449496143332335,0.0008028995358832122,5.05188564661295e-08,1.0087206609198588e-05,0.1775436360829108,3.135568645056258,0.00224367057503743,0.000800414240065855,0.0020886799778193255,0.00011279900501196501,0.9956676494471435,0.0006960014571439857,0.10603030088868137,0.15966719815017819,0.1591380119941943,0.10568032264212716
522.25,0.5083333333333333,-0.0005227073902779471,2.314814201765499,-0.05200316392817331,2.305451869251848,0.046229351778411476,0.03685412538397608,0.005251104759483814,0.004173530264109286,0.008807012554024532,0.004565760524027339,0.3411432076978266,0.17701891349270912,1.0234296230934798,0.5310567404781272,0.020895876584911686,0.00978343983037707,0.2133459223702084,0.11070500273791212,0.0015458295531238211,0.0008013940603845657,4.670801023730239e-08,1.0095752337931991e-05,2.4484948805284884e-06,3.1597084167545564,0.002243175117648683,0.0007967006268292157,0.002088788752131886,0.00011196907636044944,0.9956680361302194,0.0006933036887931,0.10599266247944468,0.15996997298067836,0.1598210262597914,0.10504942273927828
522.25,0.5138888888888888,-0.003275820749495247,2.3098094741252284,-0.05476303437883105,2.301142342881112,0.04623546361343076,0.036762092810429865,0.00525175001590494,0.004162322363884454,0.00881547085978893,0.0045457672597131685,0.3412617520935162,0.17685529944244924,1.0237852562805485,0.5305658983273477,0.020902857847120072,0.009789191669591373,0.21342005755782317,0.11060267872073845,0.001547314176762059,0.000797884791077786,4.259190749081136e-08,1.009977047840484e-05,2.5278726653403063e-06,3.1542961541322914,0.0022432030346551746,0.000793385099911766,0.002088835652769196,0.0001110153817009464,0.9956679613125756,0.0006910664892401359,0.10606614002423012,0.1596966388646868,0.15928799079836956,0.10553143964680373
522.25,0.5194444444444445,-0.0053620631730283645,2.297286951973205,-0.0568825829815875,2.2892768812567637,0.04626542994276124,0.03674134509229443,0.005255089865797864,0.00415912484855755,0.008829608477276414,0.004515079301290036,0.34086762019403705,0.1776951112045095,1.0226028605821116,0.5330853336135286,0.020927521505028284,0.009744225798973856,0.21317357256417754,0.11112788350749926,0.0015497956478385283,0.0007924983614838101,3.820963355942315e-08,1.010136234948012e-05,2.5357760049674977e-06,3.136591072945201,0.002243755336677688,0.0007915185932104302,0.002088810010333018,0.00011013052267230598,0.9956674346529893,0.0006901388319825748,0.10624259599846674,0.15900450316476183,0.15874796512942466,0.10549463551330081
522.25,0.525,-0.006387754435137735,2.2810243178261658,-0.05796317823524045,2.2735625466137597,0.04631479343747164,0.036838531910967046,0.005260630362630977,0.004169304621375626,0.008833371121650394,0.004512572271228436,0.3406091423902948,0.17848731845432161,1.0218274271708843,0.5354619553629648,0.0209649133318008,0.00966714807003788,0.21301191143227186,0.11162334230724195,0.0015504560768813526,0.0007920583211028052,3.360206261180907e-08,1.0103607731946096e-05,-0.07412560731925394,3.1452578086023983,0.0022447529066669577,0.0007922536990631168,0.0020887136759268664,0.0001095361007803233,0.9956665334174063,0.0006914528952261549,0.1065086654191648,0.15813545837427856,0.15825200235541678,0.1052189277056536
522.25,0.5305555555555556,-0.006061385949484688,2.2622250436291123,-0.05770720952994733,2.2551484407354216,0.046378064510588866,0.03704174556791071,0.005267759069873825,0.004191595638142583,0.00883608484173915,0.004517998947657203,0.3404396279843183,0.17926622423172886,1.0213188839529548,0.5377986726951866,0.021004239442769804,0.009578013330668437,0.21290590562978284,0.1121104470926876,0.001550932396028892,0.0007930108253427354,2.8796100345077455e-08,1.0106399549665488e-05,0.0202653385376322,3.1167544721216154,0.002246091267006967,0.0007954766427230081,0.0020885532755924915,0.0001092878288837362,0.995665355457401,0.0006948384795412903,0.10685687697585972,0.15715361104253361,0.15724514191906971,0.10564171927568494
522.25,0.5361111111111111,-0.004228101735677588,2.2425111118350567,-0.055951714067029173,2.235611652467693,0.04644795404912437,0.03732914565727988,0.005275658282227242,0.004223596884527611,0.008834548241293263,0.004536060641594522,0.3400800285603554,0.18052486639046836,1.0202400856810663,0.541574599171405,0.021038228605987204,0.009491492978931433,0.2126810256697632,0.11289757100296675,0.0015506626879563717,0.0007961810604362492,2.3819556230968122e-08,1.0109640661056106e-05,0.05386526243109139,3.141100866417715,0.0022476232385552795,0.0008008409432392622,0.002088342845628043,0.00010941285770442584,0.9956640339158168,0.0006999311921963092,0.10727735820515087,0.15614059849944484,0.15626835954665863,0.1060467259474964
522.25,0.5416666666666666,-0.0008902288717877646,2.2238243157949293,-0.05268959275569472,2.216865752796154,0.046515989793048135,0.037670637669919835,0.005283374090858913,0.0042619552091862556,0.008829170043836262,0.004565542552658843,0.3395674079952679,0.1820514952285358,1.018702223985804,0.5461544856856074,0.021064403777137607,0.009411828222734486,0.21236044087854908,0.11385230344465938,0.0015497186928705733,0.0008013558014879093,1.8701003280763917e-08,1.0113245958553593e-05,2.6003967468509377e-06,3.118190906690798,0.0022491711156694886,0.0008077870408597416,0.0020881028182386306,0.00010990253023163211,0.995662726066092,0.0007061980671119772,0.10775798899872352,0.15518985472411864,0.15583367268828546,0.10579722527986132
522.25,0.5472222222222223,0.003784678455632388,2.2082388975642795,-0.048078504517012635,2.200980940022581,0.046573280648542346,0.03803093637988741,0.0052899023241027255,0.004302706934568101,0.00882546797616874,0.004592549631104222,0.33891707920448383,0.18373770580568582,1.0167512376134513,0.5512131174170575,0.02108165826643302,0.00934254302390878,0.21195373952304125,0.11490683127177928,0.0015490688964074702,0.0008060961535367232,1.346974622210669e-08,1.0117144066192163e-05,2.6105973839711063e-06,3.1268115739521316,0.0022505423972103756,0.000815596159956594,0.0020878583679787986,0.00011070968282882418,0.9956615992348109,0.0007129908890486956,0.10828471551720086,0.15439854654451374,0.1557268606980103,0.10534553915801766
522.25,0.5527777777777778,0.009470494669017789,2.197693387020853,-0.042435170444839604,2.189921289560985,0.046611379314728495,0.03837368596357836,0.005294285799128851,0.004341741336768638,0.008821565051903619,0.0046186562916679,0.3378872089797849,0.18600057990166452,1.0136616269393544,0.5580017397049937,0.021088286070649602,0.009290144073809287,0.2113096817686407,0.11632198960082477,0.001548383845076429,0.0008106784619171358,8.155783932473264e-09,1.0121278791649035e-05,-0.0159478673731927,3.1543566106537106,0.0022515481137938297,0.0008234738248823549,0.0020876371869612497,0.0001117523595507934,0.9956608146992448,0.0007196218389438491,0.10884204194208139,0.15385753995377588,0.1557700230271773,0.10507299449875412
522.25,0.5583333333333333,0.015705296827906605,2.193684082893498,-0.03621359623800967,2.1852386882325425,0.046623177559398855,0.038666032322247426,0.005295715506517489,0.00437531738900981,0.008803605709624608,0.004668315412565132,0.3369876105658938,0.1878276142500288,1.0109628316976818,0.5634828427500864,0.0210861679659457,0.009253918337696947,0.21074705537605415,0.11746465143658026,0.0015452315750099043,0.0008193947588673443,2.789626511867971e-09,1.0125610473989379e-05,-0.10040480153961637,3.1622649948862973,0.002252022426274545,0.0008306507068211329,0.0020874668139210504,0.00011292409323323413,0.9956605107598043,0.000725450275883732,0.10941369071674013,0.1536404781535442,0.15628044488527534,0.1045871947789957
522.25,0.5638888888888889,0.021863054923702278,2.1920980755682757,-0.03003105487219149,2.182921098356499,0.046600815515211405,0.03879566562560954,0.005293294280682495,0.004390676741120135,0.008785995906620271,0.004700645199904768,0.336757087944531,0.18777806879893721,1.010271263833593,0.5633342063968115,0.021074666628903463,0.009215996921295478,0.21060289198282242,0.11743366751925165,0.0015421406569781865,0.0008250693665063421,-2.5961593809487253e-09,1.0124679630417772e-05,-0.007320521313319114,3.161178051618354,0.0022517777635953917,0.0008346055887222051,0.00208738028996266,0.00011385264018378797,0.995660841946442,0.0007283281931484809,0.10998744577367194,0.15346918670774742,0.15703812790119584,0.10379036445875515
522.25,0.5694444444444444,0.027229108510627063,2.1947897376402072,-0.024601996305256026,2.1849089700829367,0.046544116404586645,0.03878519078577414,0.005286988411296625,0.004390300724727058,0.008760385936938316,0.004735188476971392,0.336547861776486,0.187248434503431,1.0096435853294579,0.5617453035102932,0.02105401670795213,0.009192279211975891,0.21047204868974115,0.11710244016481647,0.001537645529062094,0.0008311324915698948,-7.963482286758234e-09,1.0120719528927362e-05,2.7812784514432327e-06,3.13659058545855,0.002250784404347883,0.000835683912194003,0.002087394165060946,0.00011453053092661051,0.9956618214305913,0.0007286265056299534,0.11054251670534992,0.15348805866625626,0.15743470289869213,0.10380698750020509
522.25,0.575,0.031290260987956814,2.2036598605939006,-0.020444549572646725,2.1931719526718525,0.046457522543008105,0.03868675352684321,0.005277288017595468,0.004380004143463884,0.00873378367606788,0.004766574910821446,0.33636664751016937,0.1865190799371948,1.0090999425305085,0.5595572398115845,0.021028135425861284,0.009193624713753401,0.21035872297239036,0.11664630978420644,0.0015329762316378917,0.0008366415193718828,-1.328001012354566e-08,1.0116952895044562e-05,2.772276481821656e-06,3.124078162735193,0.0022491168001576383,0.0008348693368595803,0.002087509321849021,0.00011502882786946026,0.9956633738779934,0.0007272712812911742,0.11106289103883221,0.1538613429854534,0.1575246597632345,0.10478122025053854
522.25,0.5805555555555556,0.03364617664516993,2.2171739701196356,-0.017965073171255137,2.2062349059386306,0.04634645440779976,0.03851214963502633,0.005264795408625342,0.004361035156712148,0.008714318088949161,0.004780462903632901,0.3366819628411078,0.1847622914279612,1.0100458885233232,0.5542868742838835,0.020996603485149343,0.009225481900431636,0.21055593985108487,0.11554759991964811,0.0015295595815931187,0.0008390791756815368,-1.8515332986187233e-08,1.0113416762668106e-05,2.783027258571972e-06,3.1168207277256967,0.002246874018197079,0.000832290853577386,0.002087721742955837,0.00011530167754552796,0.9956654042388471,0.0007244359342324225,0.11153821034177462,0.1545308254514094,0.15825435311485925,0.10516084576465763
522.25,0.5861111111111111,0.03404112518965923,2.233541834603656,-0.01742755332782764,2.222340489121134,0.04621833689182866,0.03828137186906294,0.005250341625658154,0.004335578208704055,0.008701241833247508,0.004778263714614943,0.3372631768706117,0.18249996803070473,1.011789530611835,0.5474999040921141,0.020961427845691372,0.00928656217380487,0.21091942880469175,0.11413276697761003,0.001527264403474112,0.0008386931683543064,-2.3639561003349388e-08,1.0110164424788887e-05,-0.05085428979376851,3.1411518945965753,0.002244202412165725,0.000828277084341144,0.002088019344025186,0.00011533628229056378,0.9956677782438088,0.0007204565014887405,0.11196044099362476,0.1554159805822044,0.15910841647790347,0.10560979286395464
522.25,0.5916666666666667,0.03237606686293368,2.251000388334199,-0.018940707445604957,2.2397329225975136,0.046081869598461285,0.03801928334199586,0.0052349047100773176,0.004306385714440813,0.008691331670215846,0.0047687519428230764,0.33769628708073735,0.18058884608714978,1.0130888612422122,0.5417665382614495,0.020925065815336586,0.00937208005247612,0.21119027990680816,0.11293759696998097,0.0015255249461045845,0.000837023637642474,-2.8623157919321053e-08,1.0107264708582312e-05,-0.0654980576410567,3.1425303934798343,0.002241280763943916,0.0008232915368460976,0.002088383468942401,0.00011514876571075574,0.9956703357671136,0.0007157720520944147,0.1123236967392866,0.15642460073735356,0.16019255050557968,0.1058239143014634
522.25,0.5972222222222222,0.02870678960542159,2.2680214288176477,-0.02245901811667202,2.2568708606227483,0.04594628180751676,0.0377523016223074,0.005219525914576932,0.0042764078172889365,0.008689303532821543,0.004745111059246577,0.3379286172252452,0.17917452073620505,1.0137858516757359,0.5375235622086152,0.02088959878387334,0.009477763401830623,0.2113355754694701,0.11205310031261537,0.0015251689621994084,0.0008328741287970696,-3.3437153222316035e-08,1.01048006213484e-05,2.8645240012522184e-06,3.126811872646554,0.0022383045961392374,0.0008178635137095874,0.002088790732464543,0.00011477711538980282,0.995672904671396,0.0007108635197424709,0.11262393081059968,0.15746324891847202,0.16141043975700867,0.10580638629361774
522.25,0.6027777777777777,0.023230661112199274,2.283421317225937,-0.027795205467956878,2.2725439727157943,0.04582063554768815,0.03750563222992488,0.005205231032467969,0.00424848079455257,0.008704270367270193,0.004692291582702928,0.33816183858106236,0.17796799623654075,1.0144855157431867,0.5339039887096222,0.020859074573476025,0.009592566938678035,0.21148142623913702,0.11129856109857876,0.0015277959795751098,0.0008236031180745525,-3.8053534040870215e-08,1.0102867355230587e-05,2.8466031259129683e-06,3.140673897760259,0.002235471078744077,0.0008125268747583599,0.0020892149987084014,0.00011427316474025031,0.9956753139225475,0.000706201247043828,0.11285855613481499,0.15844604559617856,0.16207457814749618,0.10649290627431326
522.25,0.6083333333333333,0.016265111892361055,2.2963808858100587,-0.0346410765208462,2.285899288020042,0.045713225973594944,0.03730139576941869,0.005192962439612126,0.004225113620216836,0.008722782312403097,0.004636468861198123,0.33803632712703635,0.17776935517008094,1.0141089813811088,0.5333080655102428,0.020843363453288515,0.009692087720495261,0.2114029191845975,0.11117436050981186,0.0015310452439194842,0.0008138049700523272,-4.244544988450172e-08,1.0101570150179033e-05,2.8515192887453486e-06,3.1597082774538103,0.0022329656747775476,0.0008077752176331255,0.0020896293065308883,0.00011369530005134769,0.9956774050186916,0.0007022081390137838,0.11302604699611798,0.159301084113085,0.16278676123133803,0.10684363014531408
522.25,0.6138888888888889,0.008179950782742392,2.3013588468073163,-0.04263783172737322,2.2913802786549917,0.04563393865051302,0.03707517672418934,0.005183843859602456,0.004199034549129687,0.008727906792533083,0.004601032161250193,0.33809759029485403,0.17712128852331807,1.0142927708845622,0.5313638655699542,0.020850500636978776,0.009735408911072198,0.21144126455913786,0.11076900547906997,0.0015319447058858128,0.0008075850291008796,-4.6561651018153605e-08,1.0095599629886352e-05,2.9375160205550682e-06,3.1542962570821205,0.0022310090968393733,0.0008022539435957435,0.0020900017867154985,0.00011285473490507015,0.9956789891164449,0.0006976882267829784,0.11312495905205368,0.1596380320349717,0.16305621038807888,0.10703490101331573
522.25,0.6194444444444445,-0.0003907271335923834,2.3001942519879917,-0.05115697773860494,2.2907802282198952,0.04558779414235821,0.03687524245886499,0.005178456462654612,0.00417575005705363,0.008736581332442244,0.0045599343274693276,0.3383621518030303,0.17620251957393238,1.0150864554090908,0.528607558721797,0.020877159617133847,0.009735005130485898,0.2116067035965639,0.11019444677520349,0.001533467283498719,0.0008003714313413529,-5.0382881191187096e-08,1.008731003537914e-05,-0.08576071217582178,3.1511781395029073,0.002229729683445237,0.0007970593776958697,0.002090306287675352,0.00011191287145279354,0.9956799640288796,0.0006935716552131562,0.11315506989767798,0.15956230189546014,0.16295728142611474,0.10710759148777242
522.25,0.625,-0.008876970979337167,2.2957845345945165,-0.059629797495281016,2.286948654079873,0.04557588898645061,0.03676072020279836,0.005176937529493305,0.00416200812838663,0.008742944674952251,0.0045318529096158655,0.3382937954351974,0.1763447494082137,1.014881386305592,0.5290342482246413,0.020922169996099214,0.009701392128129075,0.21156394945206658,0.11028340267960401,0.001534584193784502,0.0007954425084693557,-5.390090757246562e-08,1.0080019440302197e-05,-0.104716763740968,3.122293662078549,0.00222917117094105,0.0007935322759775154,0.002090527482512265,0.00011107095082443621,0.9956803013465468,0.0006909969359266985,0.11311677734818068,0.1592637946329223,0.1628562949896496,0.10677790209395077
522.25,0.6305555555555555,-0.016772555278960325,2.2882151502018537,-0.06755055942769043,2.2799346407116854,0.045598655929707306,0.03673859639953549,0.005179348219022794,0.004158663617532022,0.008749833527243345,0.004513531041316571,0.33823217254338445,0.17683739117702713,1.0146965176301532,0.5305121735310815,0.02097889894167925,0.009643495103861173,0.2115254103064143,0.11059149496022264,0.0015357933429021343,0.0007922266069009458,-5.7095747021676016e-08,1.007384881093989e-05,-0.04222415351520281,3.09058994968806,0.0022293610595552644,0.0007918991888387931,0.00209065307399193,0.00011038215147770362,0.9956799858664528,0.0006901268129496808,0.11301026197857256,0.1587558376368207,0.16227955975155048,0.10679994924590211
522.25,0.6361111111111111,-0.02360557595087652,2.2777656313964987,-0.07444554323494569,2.2699792669020615,0.045654452618694205,0.03681183021945816,0.005185514665374918,0.004166125161742962,0.008759381363296147,0.004499901260741382,0.3380312625690088,0.17792003628291783,1.0140937877070253,0.5337601088487536,0.02103717457570432,0.009579733692555064,0.2113997542423531,0.11126858084824529,0.0015374692037060423,0.000789834272668824,-5.994887341425223e-08,1.006891529509632e-05,2.9705539082177286e-06,3.114855549836165,0.0022302820956960115,0.0007923117051221679,0.0020906764778681115,0.00010989773114016368,0.9956790414264363,0.0006910527895279907,0.11283588812706284,0.15807273009024855,0.16173362633928087,0.1064409693751514
522.25,0.6416666666666667,-0.028964591459124573,2.2649658592840596,-0.07989919804402298,2.257571906464767,0.04573957761816353,0.03697830422218347,0.005195028966734958,0.004184232466198646,0.008764669099900908,0.004504087596919522,0.3377156728202105,0.17953934386222545,1.0131470184606315,0.5386180315866765,0.021090695706647067,0.009520359693658572,0.21120238533911256,0.11228127631725959,0.0015383973208697942,0.0007905690691896401,-6.24438282911894e-08,1.0065329336114226e-05,2.9952552464222276e-07,3.1680610221546095,0.002231871656193021,0.0007948213257796141,0.0020905973531623943,0.00010966434532207676,0.9956775309906447,0.0006937740879005874,0.11259439648806313,0.15726874707530966,0.16133433666595062,0.10560300387871444
522.25,0.6472222222222223,-0.03252542351303516,2.2506585689473355,-0.0835810573252751,2.2435144984662267,0.045848373787179084,0.0372296201638752,0.005207260025061057,0.004212113587527821,0.008762619331025451,0.004531242975961915,0.3375267449856119,0.18113671950242913,1.0125802349568356,0.5434101585072876,0.0211373459342938,0.009466039047106384,0.21108424269222517,0.11328022942468902,0.0015380375401512674,0.0007953354513416477,-6.456640699619145e-08,1.0063191914763553e-05,3.0165737983978146e-06,3.1268120257644663,0.0022340229399807785,0.0007993476607011325,0.00209042193930568,0.00010971902941182475,0.9956755551207134,0.0006981724018059368,0.11228718418556398,0.15641593097981005,0.1600551582929957,0.10598303744075444
522.25,0.6527777777777778,-0.034077411155233224,2.236039291201895,-0.08527223462481744,2.2289655288034464,0.04597344612497603,0.03755020022718336,0.005221377344608328,0.004248074323142443,0.008762688401532614,0.004561394640094938,0.33740682317521514,0.18274716958855838,1.0122204695256458,0.5482415087656752,0.021175364956869745,0.009418665698840067,0.21100924293546633,0.11428738218403973,0.0015380496635847896,0.0008006277491789423,-6.630436111816579e-08,1.0062591945037856e-05,3.011433324551227e-06,3.140673896736662,0.0022365885795347673,0.0008056495664946378,0.0020901631099339685,0.00011008233018766534,0.9956732483105314,0.0007039910448452574,0.11191665791160986,0.15560006383834532,0.15917159922131635,0.1057367185026727
522.25,0.6583333333333333,-0.033547277095179684,2.222640304272355,-0.08488968847464305,2.2154303522681515,0.0461060205389852,0.0379172047459679,0.005236390840478187,0.0042895785650207225,0.008762669715643772,0.004597472670857958,0.3368019659429431,0.1852975361893774,1.0104058978288295,0.5558926085681322,0.02120261557186519,0.009381470812890123,0.2106309716376357,0.11588234483000645,0.0015380463837893965,0.0008069602581687813,-6.764700944436889e-08,1.006360397995667e-05,2.9762090172062254e-06,3.1597080045728996,0.0022393872936562753,0.0008133113036079423,0.00208984004076119,0.00011075103790515712,0.9956707726655825,0.0007108285737845819,0.11148663786571125,0.15491432090254958,0.15856926972345772,0.10518688506462291
522.25,0.6638888888888889,-0.030871680623549624,2.20727390088668,-0.08235796004872199,2.199728244856829,0.046235209065782004,0.0382168090592121,0.005251070359390489,0.0043237681364440735,0.008757544602723403,0.004634365075142729,0.33625342195974217,0.18726319364314908,1.0087602658792267,0.5617895809294473,0.02122036887940374,0.00932643703294996,0.21028791900300223,0.11711163619969402,0.0015371468107540677,0.0008134357080990907,-6.854920782772468e-08,1.0060883744902442e-05,3.045089117607406e-06,3.1542958324063486,0.0022421931222064307,0.0008199350643101187,0.002089477084034312,0.00011144552471684346,0.9956683297937595,0.0007165649710181985,0.11100505164105985,0.15412451557716783,0.15780370946452998,0.10467847165990062
522.25,0.6694444444444444,-0.026483077615238517,2.1938821242418736,-0.07809682869770014,2.185814454923977,0.04634963317249895,0.03844855221305814,0.005264117909962738,0.00435056683018717,0.008753601906488733,0.004662640767895137,0.3363699408128445,0.1876363947562581,1.0091098224385333,0.5629091842687741,0.02122637248356052,0.009270714613899887,0.21036075841856638,0.11734508052749588,0.0015364547785443757,0.000818398730602306,-6.902016928852757e-08,1.0056696603502227e-05,3.033875798682158e-06,3.1365909233068154,0.0022447517722365075,0.0008255107403490476,0.0020891107527644787,0.0001121974200561997,0.9956661374749988,0.0007211865287719495,0.11048222558647769,0.15344872612817875,0.15738029821395585,0.10376745721796429
522.25,0.675,-0.02095118745039511,2.1868817683839024,-0.07266755740021262,2.1781470495317627,0.04644170881704519,0.03863061848870754,0.005274661132772347,0.004371967819343969,0.008736335183495146,0.004714128294835806,0.3366524395537872,0.18756033464345115,1.0099573186613615,0.5626810039303535,0.021222536762549524,0.009228610008659582,0.21053743707813768,0.11729749475192652,0.001533424078800807,0.0008274359540959608,-6.907846311393209e-08,1.0054250129923122e-05,3.3135171006263657e-07,3.1680607549582156,0.0022468835055252496,0.0008303757491132964,0.0020887716145445126,0.00011305960264032042,0.99566434487993,0.0007250084964627472,0.10992887550206544,0.15313406839438912,0.15674807713608602,0.10367821316948672
522.25,0.6805555555555556,-0.01482497376547322,2.1871113968939464,-0.06661303436154374,2.1776396197431587,0.04650599063343538,0.03873802061617133,0.00528206996263504,0.004385053936123111,0.008717001775327325,0.004765649546929022,0.3372870759817677,0.1866764671899601,1.0118612279453039,0.5600294015698803,0.02121004378264559,0.009201686097448996,0.21093434673334416,0.11674470258958533,0.0015300306291463305,0.0008364790971153543,-6.872386738977968e-08,1.0053548872294093e-05,3.052965032919926e-06,3.1168209675680876,0.0022484541766988665,0.0008338997455392814,0.002088484703812493,0.00011392847391730432,0.9956630611194888,0.0007275212638300042,0.10935851212051498,0.15320165637373864,0.155900072156501,0.10446216975057956
522.25,0.6861111111111111,-0.00868203941311612,2.1945889778299366,-0.06050790610073274,2.1843980071579105,0.04653983574585645,0.03875550306188537,0.005286030941760122,0.004387995611355081,0.008709714220051044,0.004790634949483904,0.3381523747290797,0.18513265353317856,1.0144571241872393,0.5553979605995356,0.02118852605321462,0.009196602321354393,0.21147549897375914,0.11577920879993885,0.0015287514986526485,0.000840864599398802,-6.795869186569857e-08,1.0054578249323587e-05,3.0363245747085562e-06,3.1148552048221325,0.0022493873519815995,0.0008356312559101184,0.002088269077364448,0.00011470301898450034,0.9956623435706539,0.0007283872205703226,0.10878624441709242,0.15363674495821691,0.15546442026189547,0.10515152159950915
522.25,0.6916666666666667,-0.0030715159721773798,2.2084878367306953,-0.05490168922806002,2.1976810010906624,0.04654360203259369,0.03867962053862277,0.005286571223288933,0.004380300192295373,0.008712167689313568,0.0047930302704790005,0.3389048486929122,0.18359462011746794,1.0167145460787361,0.5507838603524037,0.021159496042736904,0.009214934420584337,0.21194609127348701,0.1148173344603033,0.0015291821379040886,0.0008412850323164036,-6.678760108930915e-08,1.0057304923310031e-05,2.9910371393585914e-06,3.1181912007440795,0.0022496705447316505,0.0008353571417702771,0.0020881360879545325,0.00011529841777808165,0.9956621933673138,0.000727485967636024,0.1082281227025761,0.15439089906502693,0.15567812792944916,0.10534844139695092
522.25,0.6972222222222222,0.0015390774151237388,2.227281198910478,-0.050265507946495196,2.216030667217449,0.04652053789236364,0.038519092606846515,0.00528404746925523,0.004362864013053777,0.008716515175186791,0.004787617649250312,0.3394263721833806,0.18238147700709437,1.018279116550142,0.5471444310212832,0.02112480946256772,0.009256835762942141,0.21227225051369752,0.11405864146866997,0.0015299452198349235,0.0008403349950814334,-6.521736067242284e-08,1.0061677494527128e-05,0.027586327140836434,3.147380438073057,0.002249354838845019,0.0008331259362830962,0.002088088468684008,0.00011565636876283584,0.9956625566924708,0.0007249272615523241,0.10770037858777573,0.15538883938787795,0.1560092176881816,0.10576644232475857
522.25,0.7027777777777777,0.004807799495487982,2.249007303349521,-0.0469476869559359,2.237528202065397,0.04647638455728578,0.03829349338091339,0.005279101894138016,0.004337832511431523,0.0087263932883895,0.00476776243819458,0.33999080108623875,0.1810124915456135,1.019972403258716,0.5430374746368406,0.021084472426522036,0.00932615888572124,0.21262522199245884,0.11320252664367299,0.0015316790517358307,0.000836849957238557,-6.325674798084172e-08,1.0067627788485432e-05,0.08877226181311307,3.1531276065704907,0.0022485481516953602,0.0008292344569318212,0.002088120294000716,0.00011575079317007784,0.9956633315543042,0.0007210320810104511,0.10721864828311899,0.15653834381267714,0.15655556003494378,0.10614175568518759
522.25,0.7083333333333334,0.00654875792746541,2.2715770938138276,-0.0451425686596975,2.2600988650091116,0.0464187361121992,0.038030594433028524,0.00527259047496352,0.004308304158903684,0.008745988225240165,0.004728100552050231,0.3406661027257915,0.17942573120968716,1.0219983081773747,0.5382771936290615,0.02104042116475132,0.009419858163749129,0.21304754635956738,0.11221019205300316,0.0015351184055790933,0.0008298884007109069,-6.091677395500474e-08,1.0075072756894713e-05,2.9754080507278975e-06,3.1597082482292027,0.002247402926170444,0.0008241830984676109,0.0020882178077107415,0.00011558867669254684,0.9956643792661186,0.0007162872819615804,0.10679726494509933,0.15774116972320348,0.15768116729979217,0.10579486133570437
522.25,0.7138888888888889,0.0066291802853130155,2.2879488485639192,-0.044993129005696644,2.2767140843925135,0.04635676045723112,0.03767929537255808,0.0052655488337785905,0.004268469047184837,0.008767105018646361,0.004673427383601939,0.34077921412454604,0.1785621795483983,1.0223376423736381,0.5356865386451948,0.020995580467554602,0.009508947705182472,0.21311828544497144,0.1116701423359479,0.0015388248796092223,0.000820292025205383,-5.817939621485148e-08,1.0078503105567414e-05,3.0197556501354585e-06,3.1542962338211367,0.0022461065338345875,0.0008167981023390222,0.002088362359120968,0.00011495200793288386,0.9956655311070445,0.0007097089581123545,0.10646180909067865,0.15856767017014145,0.15869292214065078,0.10514560278463768
522.25,0.7194444444444444,0.005340555587760683,2.2985720675661656,-0.046219614424244694,2.287778521663327,0.04630099228849715,0.03730958535759823,0.005259177723508268,0.004226263432176524,0.008782297103250873,0.004625034403783083,0.3409797589773225,0.17743727254723926,1.0229392769319678,0.5323118176417179,0.020951127923415913,0.009599682199995832,0.21324370300882542,0.11096664691058433,0.0015414914334731065,0.0008117979646021048,-5.50778170542931e-08,1.0080029889497737e-05,-0.08575798186268727,3.119538059795302,0.002244890445107959,0.0008085743488945198,0.002088522652031595,0.00011401209507643267,0.9956665869028605,0.0007026117483224335,0.10621883137842392,0.15907128537969634,0.1586911496235762,0.10565779777173553
522.25,0.725,0.0031147180291509905,2.305321995960852,-0.04839835044335219,2.2951070696542715,0.046258751356907865,0.03700165029016827,0.0052543171155954175,0.004190802041336567,0.008799284534007442,0.004576518415300569,0.34099866966840475,0.17687647408882426,1.022996009005214,0.5306294222664727,0.020916708992187075,0.009681997638258848,0.21325554259448987,0.11061591232204446,0.0015444731111230548,0.0008032823132009935,-5.164908142672273e-08,1.0082726912017663e-05,-0.10471681676941423,3.122293664225749,0.0022439238380396417,0.0008012704827349738,0.0020886718502866356,0.00011299654899253049,0.9956674043116739,0.0006965187278358045,0.10606734522417276,0.15938972090167539,0.15899307745644872,0.10552106515261586
522.25,0.7305555555555555,0.0003822528454995681,2.3075218349116122,-0.05110465390625603,2.297970661160202,0.046235329382879525,0.036781085000606666,0.0052515773688760975,0.0041650370309067744,0.008807115001858557,0.004550589433638228,0.34103017747199954,0.17659390621256624,1.0230905324159987,0.5297817186376987,0.020899800287906004,0.00973573969375522,0.21327524115611,0.1104392144505195,0.0015458475350318202,0.0007987311914795038,-4.7913194470286175e-08,1.0086475780319503e-05,-0.04222691615168346,3.1422575045835677,0.002243333327614449,0.0007954999709155929,0.0020887879299796215,0.00011198970947344557,0.995667878742406,0.0006919392643587656,0.10601103976049064,0.15948589277896127,0.15948904022433236,0.10484529729024329
522.25,0.7361111111111112,-0.0023857786020362224,2.304920665883701,-0.05387094382383601,2.296062085226174,0.04623384173768963,0.0366669781506983,0.0052513234841101404,0.004151203207873877,0.008813309880830095,0.004534547636455092,0.34116044023995684,0.17640216512507012,1.0234813207198714,0.5292064953752104,0.020900998278130314,0.009756223473357209,0.21335669827332276,0.11031932059729958,0.0015469348761629332,0.0007959154938727619,-4.3891871976235954e-08,1.009115611992406e-05,2.9230825565829122e-06,3.1148555663412,0.0022432013751325767,0.0007917697843427701,0.002088853109619981,0.00011107881552810647,0.9956679455152475,0.0006892730185866849,0.10605120592274997,0.15934593865966964,0.15891299114990493,0.10556115121604867
522.25,0.7416666666666667,-0.004717589779165114,2.2976885234486932,-0.056226249163901836,2.289492996076975,0.0462550098714546,0.03667043978361762,0.005253649513282136,0.004150647025906579,0.008823183105088324,0.004518557493470924,0.34111297937767515,0.17682723733833433,1.0233389381330256,0.530481712015003,0.020919185094729086,0.009742148879670665,0.21332701769486928,0.11058515576913945,0.0015486678499436993,0.0007931088627442182,-3.960819342759119e-08,1.0096648117074436e-05,2.890085696064896e-06,3.118191356415763,0.0022435602797981464,0.0007904421843149097,0.002088855248363787,0.0001103486861942877,0.9956675844718382,0.0006887793768027347,0.1061867634107399,0.15897971417584109,0.15866153474359268,0.10553235269566583
522.25,0.7472222222222222,-0.0061802835998462,2.28642246920394,-0.05773574072120385,2.278801807199114,0.04629708786717872,0.036793389814425044,0.005258369254178937,0.004163682571104956,0.008831985363150646,0.004512773891367026,0.3407725042582558,0.17805227245699112,1.022317512774768,0.5341568173709735,0.020951904530976152,0.00969402066859274,0.21311408992766256,0.11135127420406375,0.0015502128449761776,0.0007920937099894252,-3.5086670611041484e-08,1.0102835173764025e-05,2.8275852718510444e-06,3.126811917002598,0.0022443891968708515,0.0007916987825884458,0.002088788898479543,0.00010987554311834183,0.9956668219046496,0.0006905504925609417,0.10641424502712746,0.15842043085654034,0.15866852383343938,0.10491187461176761
522.25,0.7527777777777778,-0.006418163515761188,2.2721559168293406,-0.05803912846906538,2.264965720579228,0.046355940827068745,0.037027769076036415,0.005265024126235518,0.004189492693394577,0.008835170351913925,0.0045242509803441406,0.3404888238886697,0.1793446823317098,1.0214664716660091,0.5380340469951292,0.020992320172574394,0.00962359740191847,0.2129366798673506,0.11215952965834913,0.001550771882416677,0.0007941081982413521,-3.0353325084139947e-08,1.0109606638324597e-05,-0.015947676927462143,3.154356935158122,0.0022456143864297536,0.0007955102077934585,0.0020886559675720386,0.00010971961503571909,0.995665729645998,0.0006944910020688748,0.10672775241018351,0.15772330209239452,0.1576247379931726,0.10578240293082616
522.25,0.7583333333333333,-0.005188348115376621,2.2563496921191075,-0.05688654311467124,2.249396195500269,0.04642528555334104,0.037355466459685176,0.005272909445953587,0.004226109202427298,0.008839771066716079,0.004538267971022634,0.3401333285252965,0.1809073339888632,1.0203999855758898,0.5427220019665896,0.02102933650840378,0.009552549144832804,0.21271435803430935,0.11313678772405741,0.0015515794117420905,0.0007965684965892607,-2.5435243794710856e-08,1.0116860320135845e-05,-0.10040466099659227,3.162265208275278,0.0022471129627963187,0.0008016186544354578,0.0020884659348968655,0.00010991697674093993,0.9956644211023065,0.0007003103763380013,0.10711891561323561,0.1569628185352245,0.1567938463169427,0.10630826109468876
522.25,0.7638888888888888,-0.002265002925637042,2.235841979651787,-0.05404233717940068,2.2289103221560587,0.046496301080200336,0.03766521355165052,0.00528103317356313,0.004261000644393936,0.008830499046052967,0.004571890919734256,0.339658533985482,0.1822654720964454,1.0189756019564462,0.5467964162893363,0.021057910993687104,0.0094655215251832,0.21241742745023856,0.11398614619098667,0.001549951962766597,0.0008024700832467978,-2.034931385969195e-08,1.0119069806099895e-05,-0.007320432085836688,3.1611781624097426,0.002248708215518894,0.0008077403418018074,0.00208823466026057,0.00011022687261242089,0.9956630571242208,0.0007059594863008728,0.1075869263084573,0.1558983836164343,0.15643763980116557,0.10575510350570762
522.25,0.7694444444444445,0.0021446631549627373,2.2148819986893242,-0.049701317468918295,2.207737826809858,0.04655785152448992,0.03795459609226915,0.005288129099391172,0.004293910753594927,0.008825441757344033,0.004591513259833505,0.339229998254805,0.1832199243882184,1.0176899947644142,0.5496597731646552,0.021077842773850265,0.00937265876888442,0.21214942766935893,0.11458304261218596,0.001549064294411749,0.0008059142469789141,-1.513783828650301e-08,1.0118387282724857e-05,2.8025005304854743e-06,3.1365906495785065,0.002250159138291032,0.000813882642801573,0.002087993013361697,0.0001107127487557399,0.9956618478483474,0.000711410763449534,0.10811025308648492,0.15476980380339334,0.15578588495033338,0.1056189191931772
522.25,0.775,0.007628215490140851,2.198462413439907,-0.04426622557104947,2.1908805338485418,0.04660123966043544,0.03823574780227698,0.005293201400754877,0.004326182962579554,0.00882191922565823,0.0046074033228532705,0.33830105457867415,0.18497657507986992,1.0149031637360226,0.5549297252396098,0.021086850694596912,0.009296065466884326,0.21156848032786868,0.11568162073222021,0.0015484460105671053,0.0008087033118140415,-9.838949620080023e-09,1.0117954648063481e-05,2.76506493694928e-06,3.124078132635303,0.0022512683805510684,0.0008203042149195213,0.0020877706269173727,0.00011144717815164893,0.9956609609925319,0.0007168850996671315,0.10866648040474648,0.15386777335400226,0.15546765812097818,0.10535828695418417
522.25,0.7805555555555556,0.013724940254011738,2.1882206859972757,-0.03818987023515704,2.180024627975713,0.04661937542896995,0.038474728227346426,0.005295435060198792,0.004353912522742963,0.0088097298890091,0.004638035427305977,0.3372759943024836,0.1867168464647203,1.0118279829074515,0.5601505393941608,0.021086876410084103,0.009235247580842166,0.21092743333035757,0.11676993616931876,0.0015463065067671943,0.0008140799377751033,-4.483248794797278e-09,1.011772962035437e-05,0.06249263210871432,3.1419132825263842,0.0022518705284865536,0.0008262226923879572,0.002087594406148824,0.00011233372630833155,0.9956605350653649,0.0007217194943719102,0.10923929785851211,0.15327204403723269,0.15590820690983534,0.10442618145967514
522.25,0.7861111111111111,0.01988960103181784,2.1851296157076754,-0.032012111251623995,2.1762167137367583,0.046607442076943194,0.038644838261747506,0.0052942702064985815,0.00437398990697066,0.008793340727754709,0.00467178739297087,0.3367216885341851,0.18740178038147154,1.0101650656025556,0.5622053411444146,0.021078141697127763,0.009194334595839838,0.21058078462021204,0.11719826814911478,0.001543429838922958,0.0008200041698209601,8.984939856445959e-10,1.0117687218370162e-05,0.0030109802227345902,3.114853476200454,0.002251844751280949,0.000830968435992571,0.002087487758531805,0.00011326476486632901,0.9956606674901872,0.0007253710826928872,0.1098125451442556,0.15303696150571183,0.15650382612416885,0.10378472192841527
522.25,0.7916666666666666,0.02554675010303841,2.18933080324335,-0.02630610557528631,2.1796853764012734,0.04656339552124917,0.03872981445546563,0.005289460157075486,0.004384477185191255,0.008771287898179013,0.004710307670349019,0.3365551302845613,0.18719535570190943,1.009665390853684,0.5615860671057282,0.021060891714609578,0.009178913844104738,0.21047661872501805,0.11706917288208082,0.0015395590694107092,0.0008267653482342301,6.275234210244078e-09,1.0117820159319518e-05,-0.06549822022134594,3.1425301255680442,0.0022511272473088612,0.0008340677484315576,0.002087468220006891,0.0001141368812480239,0.9956614045326844,0.000727483333212012,0.11037097795424684,0.1531840229826952,0.15710606157254312,0.10367861959524453
522.25,0.7972222222222223,0.030147125070854666,2.2001333596967045,-0.021622144287074787,2.189824626416058,0.04648817283713254,0.038725353101446286,0.005281096520796777,0.004384794797620927,0.008741492567789845,0.004758290523819569,0.33646950831897454,0.18667966405902248,1.0094085249569238,0.5600389921770675,0.02103676161481462,0.009190062668270181,0.21042306373072786,0.11674667875620466,0.0015343293161909728,0.0008351874224033071,1.1615743977262265e-08,1.011813905514603e-05,2.6330012430131332e-06,3.1268115400962757,0.002249717668041482,0.0008352922733506209,0.0020875457173569773,0.0001148644914297006,0.9956627366146016,0.0007279214355276365,0.11090091496116246,0.15369895524478797,0.15754038214855662,0.10434341575683007
522.25,0.8027777777777778,0.03322032320148892,2.2161776302213294,-0.018434874759728423,2.205343589363057,0.04638559810104321,0.038638828705193334,0.005269599860174131,0.004375700861091496,0.008715498771983809,0.0047941121094599495,0.3366090485288357,0.18560668409691322,1.009827145586507,0.5568200522907395,0.02100765678335059,0.009228422261241794,0.21051031451719912,0.11607567916520137,0.0015297668181238537,0.0008414749194839546,1.6888988032734256e-08,1.011867242773454e-05,2.5938097111932732e-06,3.140673518603699,0.002247679061502722,0.000834669181264386,0.0020877216218165395,0.00011538932257806288,0.9956645993166806,0.000726773341194645,0.11139070100787483,0.15453402974564817,0.1583469597804602,0.10486428303109044
522.25,0.8083333333333333,0.03441831222121341,2.235711466568425,-0.017099365653759295,2.224533893924057,0.046262000424705844,0.03848737869292335,0.00525567745026675,0.004359081124482096,0.008705045392106146,0.004796700241661596,0.3370679585466519,0.1839072335558168,1.011203875639956,0.5517217006674504,0.02097296274349383,0.009298871981411938,0.2107973098130618,0.11501286623508218,0.0015279320139327838,0.0008419291951217097,2.206462267234628e-08,1.0119466310836906e-05,0.004314839697465941,3.163882703099214,0.0022451314482532627,0.0008324538997688625,0.002087988679227114,0.0001156846210072436,0.9956668798725197,0.0007243189520646016,0.11183094724308405,0.15561506317793175,0.1590451883612418,0.1058599691444648
522.25,0.8138888888888889,0.033360588474762864,2.2518460922653976,-0.018005152431581753,2.2405477128598523,0.04612550229988276,0.03821071170021695,0.005240238606461822,0.0043280756675227365,0.008695934548853389,0.004783400152862983,0.3375050529586005,0.18183138783795477,1.0125151588758017,0.5454941635138644,0.02093658718178479,0.009371425753963448,0.21107066174073877,0.11371466297215543,0.001526332855231966,0.0008395947292403512,2.7097965116646387e-08,1.0115150518827082e-05,0.0973990757160849,3.15966060245232,0.0022422312650206095,0.0008272526855892081,0.0020883360956110365,0.00011549937537537487,0.9956694326393686,0.0007193923113122403,0.11221471616128445,0.15651992446548404,0.16015630810390186,0.10590302184928158
522.25,0.8194444444444444,0.0301429209751178,2.2649703706358286,-0.021069656610215412,2.2537541529344947,0.04598795184635221,0.037872293194275146,0.005224625738981006,0.0042898678852484814,0.00868864345794516,0.004760018460016273,0.3377851996408081,0.17991726089165846,1.0133555989224239,0.5397517826749756,0.02090013922317963,0.009453099721048375,0.21124586190853203,0.11251759534446779,0.0015250531041550476,0.0008354907142201851,3.195752350513919e-08,1.0108042267048079e-05,-0.06680232053880412,3.135865654148138,0.0022392303935425454,0.0008203867493809504,0.0020887336929690616,0.00011497307304856875,0.9956720359134882,0.000713171788644928,0.11253577470974922,0.15728443331901176,0.16139787911119866,0.10546394049609335
522.25,0.825,0.02507578401880519,2.276790760176349,-0.025993315191387294,2.26582084255764,0.04585914517168112,0.0375476662811563,0.005209954038511438,0.004253025357886588,0.00869802357859189,0.004706940715984976,0.3381414099096029,0.17805621352449696,1.0144242297288089,0.5341686405734907,0.020867460168445755,0.009548179625613116,0.2114686303369512,0.11135372381517525,0.00152669952711841,0.000826174371722271,3.662286565016869e-08,1.0101436892460264e-05,-0.030591772420846305,3.1459958857844574,0.002236345510908194,0.0008134731855089205,0.00208915135792271,0.00011430271390320338,0.9956745031311692,0.0007070760008222667,0.11279116865165346,0.15801493237793443,0.1616161127742997,0.10648849725720663
522.25,0.8305555555555556,0.01847540149975298,2.286406817481829,-0.032469131868471925,2.2758153120617033,0.045747366097405165,0.03725950328763624,0.00519716727081978,0.004220138076650283,0.008714772591146447,0.00464376928265731,0.3381581844422754,0.1771109262508425,1.0144745533268262,0.5313327787525274,0.02084835881288382,0.009632518818537269,0.2114791205626135,0.11076255636089577,0.0015296393569907603,0.0008150863588516097,4.106747257061777e-08,1.0095438276687677e-05,2.5096118068039058e-06,3.116821194022453,0.002233761798495883,0.0008070106526640439,0.0020895623867845012,0.0001135416215079583,0.9956766758147199,0.000701537945985914,0.11297947586746264,0.15863673516603413,0.16204684092277274,0.1069491832842672
522.25,0.8361111111111111,0.010746254232651735,2.293235091684997,-0.040100418242536504,2.283118887380711,0.04565960749944321,0.03702685936564702,0.0051870649757449075,0.004193393399601274,0.008726924771180016,0.004595267352535839,0.3381068916038549,0.17663319936646524,1.014320674811565,0.5298995980993957,0.02084844088803249,0.009690393141153773,0.21144703429065295,0.11046381067869845,0.001531772338965696,0.0008065731750102798,4.5265831713910025e-08,1.0090158456507604e-05,2.4760101834830907e-06,3.114855573809248,0.0022316405857911543,0.0008014406890473003,0.0020899411469441926,0.0001127459217157028,0.9956784182672646,0.0006969301045085634,0.11309995386461354,0.1590924096553731,0.1628832525095901,0.10646198854809814
522.25,0.8416666666666667,0.0023542580979979705,2.296948525242428,-0.04842728449830535,2.287368709164657,0.045601274284710995,0.03686499126441174,0.005180268311592423,0.004174552260184856,0.008735623475849354,0.004559988947802354,0.33819821823835977,0.17625340421056884,1.014594654715079,0.5287602126317065,0.02086815547607077,0.009718205877803882,0.2115041470818647,0.11022629629346542,0.0015332991580396182,0.0008003810184430492,4.9193895734319226e-08,1.0085715190551419e-05,0.07844287030134428,3.1171873655282423,0.0022301121469213868,0.0007971393601959421,0.0020902643832631566,0.00011197187111228202,0.9956796234698155,0.0006935591837611052,0.11315225563631626,0.15934420249534606,0.16269154867690613,0.10719077628003738
522.25,0.8472222222222222,-0.006199247249512833,2.2974205052034855,-0.056952414550548155,2.2884025442114786,0.04557597168309641,0.036785504163210685,0.005177195617939043,0.004164963883410017,0.008743866673855318,0.004533762966878431,0.3382877389729077,0.17630199735726446,1.0148632169187226,0.5289059920717933,0.020906003111835277,0.00971500888003632,0.21156014482725424,0.11025666355388332,0.0015347460254094224,0.0007957777666453286,5.282930871491599e-08,1.0082229213615217e-05,0.1818559296585329,3.142157815499278,0.0022292703153294073,0.0007944173786750023,0.0020905123077583445,0.00011127491395573269,0.9956802173769119,0.0006916676319947596,0.11313623699050247,0.15937519320178317,0.16270277639890796,0.10720231386987153
522.25,0.8527777777777777,-0.014402642593932646,2.294693747474154,-0.06516604808679007,2.2862271650583286,0.04558535993960546,0.0367964587442489,0.00517804555325178,0.004165577437599333,0.008746279254396772,0.004529366631470382,0.3382282719350364,0.17700477915491444,1.0146848158051092,0.5310143374647434,0.020959552214278317,0.009681494949737055,0.2115229567230183,0.11069617052911086,0.0015351694877671054,0.0007950061105181777,5.615126896678966e-08,1.0079821303120849e-05,0.08877437076598409,3.125609984198144,0.0022291685220870573,0.000793520839283468,0.0020906695157261127,0.00011070964163258701,0.9956801619621866,0.0006914350294864294,0.11305186098582677,0.1591896867387231,0.16286757109805333,0.10657977787199957
522.25,0.8583333333333333,-0.021758663238080216,2.288984030219676,-0.07257050934976504,2.28102107205869,0.04562906005581754,0.03690214523538294,0.0051827860558671226,0.004176916979095932,0.008751965894601818,0.0045287150507440825,0.3382618058971897,0.17788035205219188,1.0147854176915687,0.5336410561565758,0.02101982599829524,0.00963330044915848,0.2115439291138651,0.11124374165330456,0.001536167621519387,0.0007948917433889405,5.9140219853403514e-08,1.0078609210114363e-05,2.3793679712428664e-06,3.159708369327839,0.0022298169230250044,0.000794625529247594,0.0020907257721397275,0.00011032955313071448,0.9956794573048351,0.0006929735587719136,0.11289920298084243,0.1588131150737542,0.16235853434170114,0.10664340881828256
522.25,0.8638888888888889,-0.027651257044962803,2.2756564259211385,-0.0785495382531552,2.2681285450368187,0.04570687333546611,0.03702009080502815,0.005191407872726315,0.004189686799814187,0.00876489241180989,0.004512230110432801,0.3377835208214724,0.179623829815488,1.0133505624644172,0.538871489446464,0.021075069401767756,0.009567638824192478,0.21124481751858287,0.11233408769543181,0.0015384365171518873,0.0007919982641576641,6.174551851461439e-08,1.0073294927172648e-05,2.429275292244644e-06,3.154296081861655,0.002231233778143894,0.000796047423501235,0.0020906677377453414,0.0001099396396058699,0.9956780984841108,0.0006947686308602139,0.11267836480454776,0.15795780148350283,0.1616616499971462,0.10621158558870608
522.25,0.8694444444444445,-0.03169232263093454,2.2575134230195246,-0.08270669938801098,2.250300785331053,0.045811303288948474,0.03717785615320422,0.005203073468127957,0.004207052154422692,0.008764901147680578,0.00452383213823082,0.3375549955413618,0.1808635094808798,1.0126649866240853,0.5425905284426396,0.021123850705243814,0.009492556580938536,0.21110188786173179,0.1131093930572874,0.0015384380504944368,0.0007940346819936017,6.39614477121745e-08,1.0066211844747885e-05,-0.08576127791922365,3.1511778619676,0.002233276051354593,0.0007984858078834768,0.002090504623982776,0.00010968777921959255,0.9956762193246627,0.0006973765193848152,0.11239125756232816,0.1568322535408675,0.16067757120557213,0.10575222292668743
522.25,0.875,-0.033737403472081325,2.2386494448926006,-0.08488739581990362,2.231581466428296,0.04593323454062637,0.037410187591836376,0.005216757807195976,0.004232991118850557,0.008766112395645906,0.004540399600883429,0.33740634329625474,0.18211520814656698,1.0122190298887639,0.5463456244397009,0.0211640506655767,0.009423867701465824,0.21100893468111764,0.11389216782441103,0.0015386506518606188,0.0007969426457590189,6.579445841005199e-08,1.0060641954896796e-05,0.043536223949176785,3.1237712328970737,0.0022357578974088843,0.0008027898499705165,0.002090254999555408,0.0001097492819611552,0.9956739871030357,0.0007014863008699739,0.1120405873150732,0.1557182505216794,0.15949839863710283,0.10554309088032125
522.25,0.8805555555555555,-0.03371323902411339,2.220541072955863,-0.08500862113651488,2.2134167465742958,0.046063907155516316,0.037695744012617736,0.0052314749568852376,0.004265126771385332,0.008762360999840908,0.004571754923135441,0.33699568599381696,0.18396007215707466,1.0109870579814508,0.5518802164712239,0.021194051795759,0.009364248498886757,0.21075212350722722,0.11504590894793232,0.0015379921971956285,0.0008024462127730948,6.723399122711723e-08,1.0056665264379478e-05,0.04222952862260962,3.1422565252957786,0.0022384983311618313,0.0008085833718679348,0.0020899382143230983,0.00011013036256954663,0.9956715634545151,0.0007067269976736213,0.11163021775556174,0.1547089894706789,0.15833780876558753,0.10539406583706787
522.25,0.8861111111111111,-0.03170250073292875,2.204930518881921,-0.08314253009983366,2.197535166003521,0.0461938710943214,0.03800668826657712,0.005246158272583554,0.004300336300541149,0.008756468597392762,0.004611611967918973,0.3365129635441635,0.18590684301272337,1.0095388906324902,0.5577205290381702,0.02121455700362039,0.00931156016405961,0.21045024682624144,0.1162633747938099,0.001536957947523861,0.0008094420240483276,6.827174687980089e-08,1.005434644541994e-05,2.368653078292186e-06,3.11485519810173,0.0022412962231490867,0.0008153208154579624,0.002089578798229806,0.0001108066867721584,0.9956691249786207,0.0007125946446712415,0.11116582315080714,0.1538981021685609,0.15766808337108126,0.1047267896277977
522.25,0.8916666666666667,-0.027944879072651443,2.193628926064044,-0.07951835659000771,2.185758420215685,0.046313732984357016,0.0383112677437204,0.005259744532999323,0.004335038295228218,0.008752350227791585,0.00464921788916092,0.33633510303146347,0.18717573840011004,1.0090053090943902,0.56152721520033,0.021224964352719065,0.00926871836612065,0.21033903201733312,0.11705689758390694,0.001536235080671892,0.0008160427123148255,6.890178896905188e-08,1.0053732904365276e-05,2.35090073518555e-06,3.1181911347402975,0.002243945916065313,0.000822332139521654,0.0020892046951755507,0.00011172104585187885,0.9956668493887595,0.0007184969968165311,0.11065519233483767,0.15336933959705953,0.15741620640377166,0.10378216698048726
522.25,0.8972222222222223,-0.022823613455553355,2.1882401040069,-0.07450985381706604,2.179729402314382,0.04641497406274487,0.038577541415175824,0.005271266298767955,0.0043656108369856915,0.008744984146603376,0.004691983371851948,0.3365291337074756,0.18765222486425914,1.0095874011224264,0.5629566745927775,0.021224722819531465,0.009240109456915039,0.21046037635474088,0.11735488794313617,0.0015349421671076613,0.0008235490201112403,6.912028464551264e-08,1.0054853801480973e-05,-0.027583684868693194,3.147381575946629,0.00224625486328457,0.0008288979402103544,0.0020888449921910674,0.00011278721796554479,0.9956649001445241,0.0007238217025906905,0.1101083937650828,0.15318586721470737,0.15692255590898427,0.1036800278939512
522.25,0.9027777777777778,-0.016836926000963134,2.189860367417079,-0.06860763250810624,2.1806105130951603,0.046490762628260164,0.03877762851525521,0.005279943878883023,0.004388870136940357,0.00872574105029956,0.0047537071800553094,0.3369043004612739,0.18763498210215138,1.0107129013838216,0.5629049463064539,0.02121550993368446,0.009225523621920377,0.21069497156605166,0.11734415964164575,0.001531564569224433,0.0008343829420872571,6.89254663697171e-08,1.0057719668842805e-05,-0.0887695877875226,3.153125571057702,0.0022480617017912267,0.0008343424054806316,0.0020885273164908407,0.00011389991708293942,0.9956634109817181,0.0007280165631229724,0.10953775121855017,0.153381170526075,0.1561699427512036,0.10450656214638823
522.25,0.9083333333333333,-0.010555153510649775,2.198834583612683,-0.06237709511385521,2.18883116321367,0.04653667444067329,0.038891718639121435,0.005285267162532178,0.0044025242054849005,0.008707668486013006,0.0048086790548626445,0.3378619681600496,0.18633686993051635,1.013585904480149,0.5590106097915489,0.021197602516952383,0.00922970540887063,0.21129388252411785,0.11653234279588644,0.0015283924261391905,0.0008440317473031607,6.831833006126462e-08,1.0062321968755303e-05,2.365699039123352e-06,3.159707992776809,0.0022492529158500024,0.0008381273238578638,0.0020882751278206574,0.00011494900465113659,0.9956624719563294,0.000730667488072561,0.10895759326890546,0.1539536143218749,0.15603143702151126,0.10494090379383561
522.25,0.9138888888888889,-0.00465003633193133,2.2097159845642413,-0.056485499067819044,2.1990577909092432,0.0465486928825061,0.03882396214489645,0.005286769853381595,0.004395653393864964,0.00870781335145261,0.00481372992004297,0.3388415741209331,0.184351111284493,1.0165247223627991,0.5530533338534791,0.021169930188942192,0.009236009005910638,0.21190651452633386,0.11529047824256076,0.0015284178532946982,0.0008449182881837031,6.72665482641663e-08,1.006322863944784e-05,2.426071843553146e-06,3.1542958613176757,0.002249719844217081,0.0008380485806017008,0.0020881131920523484,0.00011557604911420965,0.9956621669637307,0.0007299215711981501,0.10839206091864083,0.15453879671284812,0.15581558774946486,0.10552986581455961
522.25,0.9194444444444444,0.00027198026767474663,2.223099236366631,-0.051544021033204886,2.2119563761090792,0.046531082753642906,0.03861591335090643,0.005284918547236912,0.004372873130470075,0.008711815228647482,0.0048004707606953845,0.3392671352715465,0.18296646625110902,1.0178014058146396,0.5488993987533269,0.021136801779334528,0.00925032314433622,0.2121726399012787,0.11442456784574077,0.0015291202730991272,0.0008425910063451287,6.579194162581848e-08,1.0062612378896056e-05,2.399344216634051e-06,3.136591026403859,0.0022495298224707704,0.0008348494921427254,0.002088044826335261,0.00011581110300315717,0.9956624253511943,0.0007265017347907059,0.10785864686848956,0.1551982594718979,0.1558215462148202,0.10593197703797581
522.25,0.925,0.003881578924804189,2.2399805325427016,-0.04789031705343115,2.2285597962076418,0.04649134610655,0.038336709641364486,0.0052805498716853826,0.0043419254021845825,0.008724283751260139,0.00476836531377275,0.33977847080973184,0.18133135195817204,1.0193354124291951,0.5439940558745162,0.021097507517911517,0.009292624825049741,0.21249244449308127,0.11340194647618998,0.0015313087803392616,0.000836955775514604,6.392495607983537e-08,1.0063594333222533e-05,2.3941110672757542e-06,3.1240786218038163,0.0022488281432690113,0.0008298898080075532,0.0020880593176907337,0.00011577151456646328,0.9956631125390403,0.000721657111439376,0.10736921678422497,0.1560351211062508,0.15631109249245145,0.10592190491803902
522.25,0.9305555555555556,0.005992935526587514,2.2582864468390507,-0.045718625784310525,2.246815519867807,0.046437050429830234,0.03801253798591752,0.005274510881067798,0.004305702277823425,0.008743225091252018,0.004720672659501864,0.3403741978657948,0.17951731667527118,1.0211225935973844,0.5385519500258134,0.021054458008394995,0.009360006390974408,0.21286500285212231,0.11226747432051727,0.001534633413176515,0.0008285846378573558,6.167655288388656e-08,1.0066096654254924e-05,-0.06249022393579777,3.141913399917649,0.002247766694609062,0.0008236295973394277,0.002088142578574201,0.00011545809300288976,0.9956640907268165,0.000715839821338948,0.10693805660800275,0.1569526602521845,0.1570379777303865,0.10573995811775286
522.25,0.9361111111111111,0.0065872102687619,2.2760373450590734,-0.04505717200080963,2.26473827593064,0.04637663226924975,0.03767476524292925,0.005267750000321702,0.004267702105853979,0.00876023496918083,0.004675106423398669,0.3407528128391141,0.17820710625588354,1.0222584385173425,0.5346213187676505,0.021009826093416586,0.009447681984864181,0.21310177492152413,0.11144809835170133,0.0015376190308120175,0.0008205867346000536,5.9059901186789855e-08,1.0070027456794991e-05,-0.05386294707989427,3.1411013476322576,0.00224652166286922,0.0008166743623254612,0.0020882746823282154,0.00011490270017298742,0.9956652036548024,0.0007096124065201286,0.10657750644324632,0.15785637292322033,0.1578623222667159,0.10546593440934496
522.25,0.9416666666666667,0.005803129809961849,2.2915463371860407,-0.04577666182370642,2.2806146168192734,0.04631856807619128,0.037356503845334364,0.005261223557476929,0.004231646598167799,0.008774658507191689,0.004636390001430725,0.3409716238686182,0.1773251310195016,1.022914871605855,0.5319753930585048,0.02096550581496528,0.009551139236234385,0.2132386157170147,0.11089652119752356,0.0015401506873960202,0.0008137911283826069,5.6090303006835915e-08,1.0075283439748442e-05,0.03922398408212043,3.092701986272099,0.0022452758068146846,0.0008097060604402026,0.002088432074320987,0.00011416205414000739,0.9956662921188641,0.0007035853926193832,0.10629765466027562,0.1586623645705193,0.15859760681944815,0.10526573134560073
522.25,0.9472222222222222,0.003916003886669076,2.303529402475499,-0.04761042036314352,2.293119450276603,0.046270614419753046,0.03708948299772263,0.005255809830059519,0.0042011289516337555,0.008791337159589697,0.004596054311280582,0.34111938080709353,0.176771378274263,1.023358142421281,0.530314134822789,0.020926517537941017,0.009656685362920846,0.21333101616613392,0.11055021525162675,0.0015430781674722626,0.0008067113040383981,5.278507945359552e-08,1.0081752580805365e-05,0.10472217212955527,3.125028420377379,0.0022442017648028286,0.0008034174851405607,0.0020885898723509927,0.00011331069825471487,0.9956672083628462,0.0006983592134374477,0.10610619049297403,0.15930341655736227,0.15904670388820472,0.10534811451987072
522.25,0.9527777777777777,0.0013080679812968344,2.311143839350684,-0.05018332346413928,2.3013600006355075,0.04623915639935985,0.03690145068334142,0.005252235046076262,0.0041793187222977,0.00880826139548389,0.004559592421804369,0.3409888970724093,0.17704509575556598,1.0229666912172282,0.5311352872666979,0.020901759374374603,0.009741326306821209,0.2132494057803297,0.11072140511878631,0.0015460487529970126,0.0008003114191774062,4.916339816066402e-08,1.0089316793588684e-05,0.10472217353972463,3.1388982413958013,0.002243447314662793,0.0007984551994258877,0.0020887240985042283,0.00011243423519566152,0.9956678285868331,0.0006944748519731707,0.10600836927559058,0.15973287982488535,0.1594439977562464,0.10528730465577807
522.25,0.9583333333333334,-0.0015670099706427707,2.3139846647156137,-0.053046713750863964,2.3048761245750766,0.04622868952112601,0.0368141534951061,0.005251014259095274,0.004168729458907493,0.008813292868971841,0.004552408934348877,0.3409849825711963,0.1773555372948848,1.022954947713589,0.5320666118846544,0.0208963965885944,0.009791454296649443,0.21324698827474592,0.11091548674399089,0.001546931890197706,0.0007990505549359762,4.5246041308726843e-08,1.009785473776461e-05,0.10040725736755889,3.162268148518708,0.002243123219201405,0.0007953723183666168,0.0020888137190631195,0.00011162328690220044,0.9956680630617357,0.0006923742279735894,0.10600703716218492,0.15992684304779983,0.15951575040679317,0.10546966699771809
522.25,0.9638888888888889,-0.004151224088720921,2.306948647750852,-0.05564726502362533,2.298525716862262,0.046243410322336316,0.036759999502727375,0.005252630612568149,0.0041617781445385865,0.008821341199040208,0.004535157974398816,0.34119227311698835,0.17708931969557112,1.023576819350965,0.5312679590867134,0.020909494311615325,0.00978338918589789,0.21337660767305627,0.11074902840743822,0.001548344553844619,0.0007960226219624537,4.1033397992358e-08,1.0101818456415206e-05,0.007323078959155952,3.1611762529698937,0.002243337771477392,0.00079282476225281,0.0020888360586764796,0.00011072184911419195,0.9956678261698461,0.0006908314782722724,0.1061164580279551,0.15954820673253414,0.15920820770651894,0.10548084172217181
522.25,0.9694444444444444,-0.0058955311910362,2.2926175294524067,-0.05743353843553042,2.2848201243854804,0.04628115572978931,0.03677778427638547,0.005256851514705019,0.004162942154203913,0.008827076904543171,0.004522730178043742,0.34092970416673457,0.17774644007518442,1.0227891125002035,0.5332393202255533,0.02094007351958196,0.00972320781672137,0.2132123989045638,0.11115998345199932,0.0015493512996645105,0.0007938412631000665,3.656418970387048e-08,1.01033116643682e-05,2.5631134717836917e-06,3.136591020799735,0.00224406560906901,0.0007917928267322916,0.002088783950588824,0.00010991897876110514,0.9956671504403418,0.0006906305732994866,0.10632734067239948,0.15876350642773512,0.15883629785086906,0.1050824679557955
522.25,0.975,-0.006451505572548729,2.2749332627313574,-0.05805111088775965,2.2676318677593352,0.04633652898055447,0.03691036860122222,0.005263076334656373,0.0041771593966179535,0.008831802189411826,0.004519918696605873,0.34070502767738003,0.17851929031155434,1.0221150830321404,0.535557870934663,0.02097966593490422,0.009637350035351867,0.21307188992945922,0.11164331238021846,0.0015501806938492126,0.0007933477846284443,3.18797782261701e-08,1.0105416852910909e-05,2.550284826319249e-06,3.124078454167293,0.0022452062723287785,0.0007933485081460571,0.0020886625234768216,0.00010942984979914486,0.9956661312041944,0.0006926326400636774,0.10662537991111987,0.1578228382864559,0.15769829609135552,0.10571429653514056
522.25,0.9805555555555555,-0.005576660850504441,2.255260996747167,-0.057250526964702945,2.248274436806536,0.046403262084899484,0.037142064330215774,0.0052706040292990275,0.0042027329718889415,0.008837975655646925,0.004519989909026587,0.3402581487058964,0.1798274526433465,1.0207744461176889,0.5394823579300396,0.02101748380279632,0.00954680456821903,0.21279240795182114,0.1124614378432427,0.0015512642765616112,0.0007933602840161552,2.7005903600100565e-08,1.0108033092258797e-05,2.559908401885321e-06,3.1168208841177765,0.0022466371799080564,0.0007972918886854763,0.002088481380455932,0.00010930071002407611,0.9956648814396363,0.0006965944587577689,0.107002149352659,0.15679744891799718,0.15679266815108509,0.10594575310735646
522.25,0.9861111111111112,-0.0031752457128825908,2.235358469817808,-0.054927307928554915,2.2284659271246587,0.046473509140882836,0.037447685692184415,0.005278553074789359,0.004236877411865958,0.008836398241775898,0.00453934198263436,0.3397152150967065,0.1813951935243963,1.01914564529012,0.5441855805731889,0.02104871605258806,0.009461085231240035,0.2124528675151571,0.1134418781518511,0.0015509874048114704,0.0007967570098767823,2.197495383980679e-08,1.0111061762297071e-05,-1.0543605544940013e-07,3.1680606026421017,0.00224819732804063,0.0008031932730439984,0.0020882572314542816,0.00010954615374185071,0.9956635454405051,0.0007020844653807609,0.107446864229679,0.1557742588196019,0.15615454822667807,0.10585289887223802
522.25,0.9916666666666667,0.0006861147227245142,2.2172444831101856,-0.05113835749616424,2.2102050644977886,0.046538533629231764,0.037794774143751805,0.005285938589656849,0.0042759639993692295,0.008828310694405461,0.004573467050043965,0.3392569767609367,0.1827725676565201,1.0177709302828106,0.5483177029695603,0.021071738167853897,0.009383078036846718,0.2121663019326759,0.11430325277569749,0.001549567857642574,0.0008027467297029458,1.680443273480916e-08,1.0114438142552045e-05,2.6316043904831925e-06,3.1181909107778663,0.0022497011302898924,0.0008104257388861517,0.002088012597536395,0.00011014325010880936,0.995662286272174,0.0007085191008888252,0.1079465984156832,0.15484923968262618,0.1555885188585492,0.105860743056127
522.25,0.9972222222222222,0.005776522384809631,2.202977740966532,-0.04610476511862905,2.1955570821078365,0.04658952338779268,0.03814713571858735,0.005291764115645846,0.00431591681729192,0.008821160985855177,0.004605683657672791,0.338701078089872,0.18423507095984648,1.0161032342696161,0.5527052128795396,0.02108519588889288,0.009317856982932582,0.2118186508496039,0.11521788596885824,0.0015483129223616869,0.0008084014717472586,1.1546317218880599e-08,1.0118067471707483e-05,2.6435356942873986e-06,3.126811559069803,0.002250955434461099,0.0008182315560724103,0.002087773895702312,0.00011103113100820628,0.9956612706698366,0.0007152258917197289,0.10848667320609982,0.15411852083269095,0.15553688624003595,0.10543232447264324
550.0,0.002777777777777778,0.0090932612416321,2.070951585774235,-0.03972949366502113,2.0631827056090652,0.04466925190259029,0.03590400206287853,0.004153503004062998,0.003442668133542197,0.008312672985191756,0.004603162393809597,0.3455883610499696,0.17325225663231697,1.0367650831499087,0.519756769896951,0.018704015508815886,0.008674442347684101,0.21137999329061902,0.10596604722864181,0.0013854454975319595,0.0007671937323015995,3.339347368308916e-07,9.720241281978736e-05,-0.36199275950580373,3.1051345233823273,0.002042823288726852,0.0007366390455484155,0.0015792670077145437,0.00010693557370710533,0.9963779097035589,0.0006445589418256104,0.30740290895905276,0.13384897025074122,0.30740290895905276,0.13384897025074122
550.0,0.008333333333333333,0.010670400284874182,2.068364853416719,-0.03815893851706854,2.060509671078793,0.04467920633105165,0.03605550054430383,0.004150132470890929,0.003429393862572371,0.008359112067861765,0.004526502740917642,0.3451601772760112,0.174452121810233,1.0354805318280338,0.523356365430699,0.018645589441397,0.008801064659996161,0.21111798572792687,0.10670045085600238,0.0013931853446436273,0.0007544171234862737,3.947556716672485e-07,9.72445021093661e-05,-0.6283204683493996,3.1036594458950804,0.0020430827433630945,0.0007396770891828428,0.0015789893490822196,0.00010925233935659983,0.9963779279075545,0.000645203888961155,0.3076988866295261,0.13401865926457007,0.3076988866295261,0.13401865926457007
550.0,0.013888888888888888,0.012476316838816425,2.0640192226722176,-0.03635216085703122,2.0560616478764877,0.04468313268185726,0.036118982689464806,0.004145345013990278,0.0033986228514665297,0.008449432336440086,0.004353065135029806,0.342842602777278,0.17892986180404116,1.028527808331834,0.5367895854121233,0.01867669179346032,0.008716678487311148,0.20970031722252766,0.10943997704473453,0.0014082387227400141,0.0007255108558383009,4.5312134748600933e-07,9.723592441193597e-05,-0.6283207546103498,3.103654992429278,0.00204323076552142,0.0007410437417212419,0.0015786740088227008,0.00011233710298642977,0.9963780952256559,0.0006433292443282089,0.3080684021536291,0.13401421490822685,0.3080684021536291,0.13401421490822685
550.0,0.019444444444444445,0.014339386904971291,2.0591039669744906,-0.034480398441492026,2.0510659993822706,0.044679843227344106,0.03612806768192083,0.004139942119119167,0.003359156352117169,0.008501514845859981,0.004242793575877585,0.33914454280554995,0.1856195068190646,1.0174336284166499,0.556858520457194,0.018776518722665163,0.008468193684490498,0.20743802432763633,0.11353292575644675,0.0014169191409766633,0.0007071322626462642,5.086787312988829e-07,9.719744300934818e-05,-0.6283210270971911,3.103653232411916,0.00204323702797754,0.0007413335861119657,0.0015783746102683443,0.0001157383076666448,0.9963783883617541,0.0006399329710483647,0.308495962662331,0.13392950177414314,0.308495962662331,0.13392950177414314
550.0,0.025,0.016157488811322736,2.0553788125475636,-0.0326467953803194,2.047278360661423,0.04466958566887625,0.03614197892264055,0.004134698522765958,0.0033224585364185115,0.008511052543599205,0.004217947239208441,0.3369328152127133,0.18936694861472492,1.01079844563814,0.5681008458441748,0.01887944574111126,0.008203885006182967,0.20608460750884072,0.11582661117874986,0.0014185087572665337,0.00070299120653474,5.612575504327968e-07,9.715927234753599e-05,-0.6283212849750023,3.1036540393402623,0.0020431025208528493,0.0007417230279655267,0.0015781327790895265,0.0001190792302736666,0.9963787647000574,0.0006365755731947385,0.3089626894717776,0.13389959392927084,0.3089626894717776,0.13389959392927084
550.0,0.030555555555555555,0.01786546389411765,2.052452727730661,-0.03091700448125495,2.0442866501568844,0.044652277312937326,0.036170936229951475,0.00413019106243522,0.003295013288766709,0.00847687330600118,0.004282494349843458,0.33694360882571467,0.18903629659388524,1.0108308264771437,0.5671088897816559,0.018935786047924973,0.008046862391735478,0.20609053354327095,0.11562594949270803,0.0014128122176668635,0.0007137490583072432,6.105651863139866e-07,9.712189173016601e-05,-0.628321526808763,3.103657407244441,0.0020428230779069713,0.0007424406168960511,0.0015779820744723668,0.00012193628914524244,0.9963791948476205,0.0006339895090628252,0.30945846812302935,0.1339016095673233,0.30945846812302935,0.1339016095673233
550.0,0.03611111111111111,0.01939608180898056,2.0506498714698673,-0.029358240782142872,2.042385838361222,0.044627546472859714,0.0362145043370528,0.004126776118263652,0.0032812297204949862,0.008401503584527155,0.004426797016601516,0.3391278658360694,0.18469653489556886,1.0173835975082082,0.5540896046867065,0.01892456548787707,0.008057180029775558,0.2074260583204093,0.11297274150099511,0.0014002505974211922,0.0007377995027669193,6.563268056743381e-07,9.70859625412459e-05,-0.42481758654795293,3.0301964116283493,0.0020423887020153257,0.00074352882579485,0.0015779468327590522,0.0001239620756097807,0.9963796644652256,0.000632682665897942,0.30997171852284144,0.1339258425517193,0.30997171852284144,0.1339258425517193
550.0,0.041666666666666664,0.020655191872114405,2.050839390472465,-0.02806424059390963,2.0424307601824765,0.04459487376129489,0.03626009025243798,0.004124558704729167,0.0032825433355594177,0.0083222851683506,0.004573047705484288,0.3418920816093113,0.1791008025479298,1.0256762448279337,0.5373024076437893,0.01885137227701982,0.008221850023167693,0.20911664597668703,0.10955060216132352,0.0013870475280584331,0.0007621746175807147,6.982869320864211e-07,9.705231373728065e-05,-0.052475125478952014,3.066643282449715,0.0020417854262135176,0.0007447702237082932,0.0015780392639213692,0.0001249018691517029,0.996380175309865,0.0006328008505011153,0.31048979036485197,0.1339752942606511,0.31048979036485197,0.1339752942606511
550.0,0.04722222222222222,0.02151374571260547,2.0539096871781717,-0.027163724701535732,2.0453248937995525,0.044554052377927415,0.036288954271268416,0.004123418036213784,0.0032975700828825004,0.008285920240556705,0.004635193896528727,0.3433996924698403,0.17584740772365356,1.0301990774095209,0.5275422231709607,0.01874721052271996,0.008460305214221257,0.21003886025955967,0.10756049750803642,0.0013809867067594503,0.0007725323160881212,7.362102289315702e-07,9.702192423831578e-05,0.3198681007311303,3.0676668218788175,0.0020410041842311094,0.0007457727372154671,0.0015782569932882363,0.00012461345964645608,0.9963807388224803,0.0006341504644492584,0.3109995408350401,0.1340581966260427,0.3109995408350401,0.1340581966260427
550.0,0.05277777777777778,0.021822150802373243,2.0601586603944138,-0.026806699464112262,2.0514086079847393,0.04450577738536409,0.036286661402791284,0.004123072881121418,0.0033231131251560816,0.008308035463849946,0.004589848957200452,0.34317688473189956,0.17602255031816955,1.0295306541956988,0.5280676509545087,0.018662937769059442,0.0086519983570864,0.20990268150827288,0.10766716858729358,0.0013846725773083242,0.0007649748262000754,7.698823345760297e-07,9.699590194421997e-05,0.628314753241303,3.10366288490385,0.0020400531115746055,0.0007461709134170489,0.0015785816485893972,0.00012309092826029457,0.996381365239836,0.0006363558322462072,0.3114879918766617,0.134178258711834,0.3114879918766617,0.134178258711834
550.0,0.058333333333333334,0.021446762031545517,2.068927107896921,-0.027128524897964742,2.060073894834857,0.04445212323657884,0.03625283187532987,0.004123163692931398,0.0033554347204757065,0.008382945811000042,0.004444227751752589,0.34123943535182416,0.1796069224766192,1.0237183060554729,0.5388207674298576,0.01864776592136734,0.008695949386827462,0.20871776639125986,0.1098588558569798,0.001397157635166673,0.0007407046252920983,7.991116089535182e-07,9.697545873982839e-05,0.628314609882831,3.1036579447149526,0.0020389684691097297,0.000745845550906835,0.0015789791743236088,0.00012048743384453942,0.9963820523565664,0.0006390630788403467,0.31194294473767753,0.13432843459534424,0.31194294473767753,0.13432843459534424
550.0,0.06388888888888888,0.020257727608083784,2.0741830497303755,-0.028262474204867338,2.065343741287621,0.04439691390677942,0.036128134274104336,0.004123287906171608,0.0033839209719635907,0.008442479397563362,0.004313321454954566,0.33766429458430386,0.1858114462503612,1.0129928837529112,0.5574343387510834,0.018715388298868145,0.0085504210624406,0.20653129884645524,0.11365281447073863,0.0014070798995938934,0.0007188869091590943,8.233175809048945e-07,9.691142568606887e-05,0.6283144911610706,3.103655770296903,0.002037821559668581,0.0007434598419911872,0.0015793991148773054,0.0001169054308645349,0.9963827793254543,0.0006407284238523432,0.31236105425112365,0.13421356108522126,0.31236105425112365,0.13421356108522126
550.0,0.06944444444444445,0.018370998495293927,2.0759004302611515,-0.03009743901764302,2.067171263535292,0.04434540580760158,0.03597842281374814,0.004123031705335324,0.003408472999021927,0.008457213942143523,0.004264343256846083,0.33567030337439635,0.18882194010599648,1.007010910123189,0.5664658203179894,0.01881035477537413,0.008335552555481478,0.2053123055686221,0.11549256381024128,0.0014095356570239207,0.0007107238761410138,8.424704063838193e-07,9.68258678069982e-05,0.6283143972223607,3.103656283586671,0.002036721698896053,0.0007403284502304335,0.0015797764608767512,0.00011299092927091244,0.9963835018402272,0.0006418991039592995,0.3127275384464191,0.13393254546181252,0.3127275384464191,0.13393254546181252
550.0,0.075,0.01600004847779659,2.075807205741817,-0.032422948761433694,2.0672225342074255,0.044300921823717185,0.03587639206890017,0.004122075415513144,0.0034303079281049606,0.008428889683213422,0.004304671369307979,0.33598556821498027,0.18776175558230512,1.0079567046449407,0.5632852667469154,0.018871674750042144,0.008200424109850743,0.20550580782520145,0.11484249363143531,0.0014048149472022373,0.0007174452282179962,8.56728926807633e-07,9.675000767553719e-05,0.6283143272876539,3.1036593449570473,0.002035743376334964,0.0007380066846876743,0.001580065470230692,0.00010946760725065953,0.9963841911534346,0.0006433423712169295,0.3130301273447688,0.13365429745254093,0.3130301273447688,0.13365429745254093
550.0,0.08055555555555556,0.013339723356371843,2.074124750156073,-0.035045557875408376,2.0656605682273965,0.044265137161522944,0.03583180050528378,0.004120144070257322,0.003445954855610296,0.008358383704403905,0.004430014614828878,0.33857213461811875,0.18262871415824214,1.015716403854356,0.5478861424747267,0.018872902521795465,0.00821368663262025,0.20708842872793273,0.11170148934372723,0.0013930639507339845,0.0007383357691381463,8.66015755497755e-07,9.668520228105296e-05,0.5033355000440064,3.0748211764871822,0.0020349274964982693,0.0007368104378294443,0.001580235707987131,0.00010688217122029152,0.9963848367955147,0.0006448443178134164,0.31326302920663174,0.13340445007955032,0.31326302920663174,0.13340445007955032
550.0,0.08611111111111111,0.01055034789529435,2.0720161815523324,-0.03780494374880001,2.0636083042136235,0.04423823022715855,0.03583464681610863,0.0041170614169359345,0.0034518015752722088,0.00828823981951158,0.004554716126392274,0.34159843273348056,0.17657893214335169,1.024795298200442,0.5297367964300552,0.01881569364836101,0.008370586576388846,0.2089396433041422,0.10800054135196853,0.0013813733032519294,0.0007591193543987118,8.70280249382462e-07,9.663275852031769e-05,0.2154636898597508,3.052614649363281,0.0020342837737977936,0.000736651322525834,0.0015802738385422696,0.00010563472378285442,0.9963854423876598,0.0006459799619725455,0.31342174610741924,0.13322442917630892,0.31342174610741924,0.13322442917630892
550.0,0.09166666666666666,0.007728790237113229,2.0709826270992218,-0.04060351885368448,2.062563639596528,0.04421948271237356,0.035861473112733695,0.004112826378424337,0.003444976661090018,0.008260167096079303,0.004601259072175621,0.34347126896662,0.17281970283902645,1.0304138068998603,0.5184591085170793,0.018731176694751234,0.008591914111324215,0.21008508234172069,0.10570132972571421,0.0013766945160132175,0.0007668765120292701,8.694987332868807e-07,9.659390352210307e-05,-0.15686706093473232,3.06304811348384,0.002033801587965826,0.0007371107662944231,0.0015801833647019726,0.00010588772204998715,0.996386015047332,0.0006462225837764348,0.31350310691181754,0.13315751951115745,0.31350310691181754,0.13315751951115745
550.0,0.09722222222222222,0.004909520942520477,2.0721127850428167,-0.04340624390922702,2.0636505663557596,0.04420808522008806,0.035887805132603236,0.004107679631659529,0.003424486312825025,0.008291944983818997,0.0045408971613869155,0.34363793520578784,0.17261178061857388,1.0309138056173637,0.5178353418557216,0.018670287145321287,0.008757471186358695,0.21018693046502113,0.10557457167630009,0.0013819908306364993,0.000756816193564486,8.636744796288155e-07,9.656975602249617e-05,-0.4740408709701292,3.0896729952312785,0.00203346609372934,0.0007376679936106932,0.0015799820820922767,0.00010754153356645317,0.9963865518241783,0.0006451508715848903,0.31350534729221996,0.13323243623070286,0.31350534729221996,0.13323243623070286
550.0,0.10277777777777777,0.002092960366084447,2.0755266864229487,-0.04621304039517778,2.0670456642697443,0.04420386580029334,0.03590088480466373,0.004102134960968843,0.003392179306749458,0.008371443221321778,0.004390878797923832,0.3420982676589658,0.17597160880073767,1.0262948029768972,0.5279148264022131,0.018679918025602274,0.008768611848075716,0.2092450869690004,0.10763027034727048,0.0013952405368869625,0.0007318131329873053,8.528376078989606e-07,9.656129996989144e-05,-0.6283227150826455,3.1036603808544916,0.002033273844015648,0.000737973621633965,0.0015796981046724355,0.0001102873228842352,0.9963870280513123,0.0006426693167553123,0.31342818359601315,0.1334515310526473,0.31342818359601315,0.1334515310526473
550.0,0.10833333333333334,-0.0007078848310109705,2.08028534111519,-0.04901250579998264,2.0718588362082153,0.04420766817688458,0.03590690621762259,0.004096952792087075,0.0033531088228377316,0.008445001106873068,0.0042508319945226474,0.33895167158740863,0.1824868315386362,1.0168550147622255,0.5474604946159086,0.018769478452538294,0.008607989058298017,0.20732032780030465,0.11161614820115143,0.0014075001844788446,0.0007084719990871077,8.370449976172555e-07,9.656936176664514e-05,-0.6283226376311596,3.1036572488394163,0.0020332421314176743,0.0007380438196372946,0.0015793654177159928,0.00011370242529390958,0.9963873924508663,0.0006391484686847857,0.31327283515476007,0.1337891096654175,0.31327283515476007,0.1337891096654175
550.0,0.11388888888888889,-0.003390465632532528,2.0802877765991328,-0.05170586477835479,2.0720243631621607,0.04422215578906464,0.035853099145620175,0.0040932433567577135,0.00330805885729785,0.008472776629413953,0.004192795221773189,0.33599338114317145,0.18811869517333474,1.0079801434295144,0.5643560855200042,0.018897573085197968,0.008339525756583322,0.2055102467373436,0.11506258909927024,0.0014121294382356587,0.0006987992036288648,8.159729491051747e-07,9.654432232404014e-05,-0.6283225342861659,3.1036568876067143,0.002033427979929179,0.0007367110834831127,0.0015790226564770457,0.00011712194105504302,0.9963875493635939,0.0006340690000613061,0.3130484467491994,0.13392287413370527,0.3130484467491994,0.13392287413370527
550.0,0.11944444444444445,-0.005760518532085738,2.0759797053845204,-0.054100800752221755,2.067939352371135,0.04424836464589055,0.03580231853718534,0.004091917574245384,0.003269201652951921,0.008455578389761678,0.00422454035941636,0.33555272735178326,0.18899479159833668,1.0066581820553495,0.56698437479501,0.018986904445082758,0.00813870811872233,0.2052400630751459,0.11560007371073232,0.0014092630649602804,0.0007040900599027265,7.89910596888892e-07,9.650721262505583e-05,-0.6283224064655425,3.103659206568945,0.0020338595073697866,0.0007352907030100309,0.001578711728800413,0.00012016518205507405,0.9963874287638298,0.0006291682321405477,0.31275830159716933,0.1339199429191247,0.31275830159716933,0.1339199429191247
550.0,0.125,-0.007622400743112341,2.06987801344335,-0.05600091076022653,2.062040375930002,0.0442851877217948,0.03581543422485794,0.004093322295319364,0.0032473380186109403,0.008394976579619148,0.0043470826258022975,0.33750104087893534,0.18566441172128828,1.0125031226368058,0.5569932351638648,0.019008525614100744,0.00809524894796857,0.20643108717519162,0.11356463941893259,0.001399162763269857,0.0007245137709670494,7.592822076993136e-07,9.648799940063508e-05,-0.4800288766421778,3.0859749549805784,0.00203452216733675,0.0007351460842180912,0.0015784615642094072,0.0001225873203324892,0.996387016268454,0.0006261593935856104,0.31240512895563816,0.13392008666311722,0.31240512895563816,0.13392008666311722
550.0,0.13055555555555556,-0.008825288077327869,2.062950911443864,-0.057253028720963973,2.055233327687024,0.04433026628180545,0.03588711463348325,0.004097474361830614,0.003245420018329208,0.008316807722451556,0.004503934255267195,0.3405792581479032,0.18017820159729728,1.0217377744437097,0.540534604791892,0.018962664669556886,0.008211972804605231,0.20831371367768445,0.11020963565248192,0.0013861346204085928,0.0007506557092111989,7.242614737762489e-07,9.648671691697251e-05,-0.16883357513602776,3.0596212658733655,0.0020353747350612527,0.0007362994346444788,0.0015782933548142825,0.0001241014602373362,0.9963863319101247,0.0006254811857659861,0.31199652192181937,0.13392089897043832,0.31199652192181937,0.13392089897043832
550.0,0.1361111111111111,-0.009306380574257067,2.056800528691369,-0.057790456257834424,2.049087296621248,0.044380053687145475,0.03599502877560685,0.0041040219964318374,0.0032625119844510333,0.008270939792072345,0.004598036472092719,0.34286313783654543,0.17618817952067373,1.0285894135096363,0.5285645385620212,0.018875080830487913,0.008422684425691036,0.20971073701401954,0.10776908895388333,0.0013784899653453905,0.0007663394120154529,6.850454070859943e-07,9.650318738038471e-05,0.20350963631932178,3.0534466477997713,0.0020363489194990397,0.0007383881125549453,0.0015782181420585565,0.00012451464862038626,0.9963854329384426,0.0006270554553295932,0.31154151448471196,0.13393470146490058,0.31154151448471196,0.13393470146490058
550.0,0.14166666666666666,-0.009099409644842765,2.0529557979916806,-0.057642411786089795,2.045138132042259,0.04443067061808938,0.036110422705776336,0.00411233152315771,0.0032946678522526277,0.00828369732879866,0.004586066094365617,0.34342211762954294,0.17561221284499695,1.030266352888629,0.5268366385349909,0.018793457703729602,0.008611413016677961,0.21005274086481526,0.10741644934356162,0.0013806162214664434,0.0007643443490609361,6.418534792931712e-07,9.653702546870866e-05,0.4973640239542075,3.077187929472583,0.0020373660884778514,0.0007408440994124884,0.0015782345212735174,0.00012375174603132552,0.9963843993902489,0.0006304072973395688,0.3110506073948986,0.13397707052818292,0.3110506073948986,0.13397707052818292
550.0,0.14722222222222223,-0.008314956525015939,2.052244142030008,-0.05691530275354571,2.0442525459690795,0.04447874668643349,0.0362105250238311,0.004121599542096384,0.0033364520886029285,0.008346357473821777,0.0044816331118785625,0.342251562252576,0.17848033264390936,1.0267546867577277,0.535440997931728,0.018765571961604065,0.00867251938061861,0.20933689027638286,0.10917012777140161,0.0013910595789702962,0.0007469388519797604,5.949264680640742e-07,9.658764774051254e-05,0.6283156112747179,3.1036607040792186,0.0020383548063087247,0.0007431483390711592,0.0015783277402033025,0.00012187935734510964,0.996383317453488,0.0006348932370863418,0.31053563704144066,0.13405661236278552,0.31053563704144066,0.13405661236278552
550.0,0.1527777777777778,-0.0071015543955731085,2.0545311336580823,-0.05575452530869717,2.0463458401328265,0.04452200604794095,0.03628704063835424,0.004130964865183203,0.003382341489145151,0.008425912644505477,0.004342877215798759,0.33962709878492353,0.18409080595817076,1.0188812963547704,0.5522724178745124,0.018811190445297152,0.008568025560905215,0.20773183761588487,0.1126008891312975,0.0014043187740842462,0.0007238128692997932,5.445250899929009e-07,9.665428640632251e-05,0.6283158584734303,3.103657133309498,0.0020392640050875786,0.0007450380099564706,0.0015784707771328021,0.00011912195414674855,0.9963822652177794,0.0006399188436029301,0.3100094382269319,0.1341710367648937,0.3100094382269319,0.1341710367648937
550.0,0.15833333333333333,-0.005600822501167701,2.058948408799159,-0.05429983599447528,2.050584820178991,0.04455941476912606,0.036347092393529616,0.0041395987241815285,0.003427489179156443,0.008465667316029202,0.004280195158169288,0.33683259417099026,0.18977953709187387,1.0104977825129706,0.5693386112756217,0.01890787769196516,0.008348113819830612,0.20602311083865488,0.11607892497469952,0.0014109445526715337,0.0007133658596948811,4.909286387814576e-07,9.67360071429909e-05,0.6283161213440975,3.1036561050822,0.0020400676458266604,0.0007465743237397946,0.0015786277507779062,0.00011585984271711852,0.9963813046033956,0.0006450509197617004,0.30948530195333873,0.13431127847051869,0.30948530195333873,0.13431127847051869
550.0,0.1638888888888889,-0.0039071913557846265,2.0599886648449206,-0.052644025430889814,2.0514859299208057,0.04459026986569133,0.03632929386876174,0.0041465642094140045,0.003460243253688576,0.008458302143633686,0.004301031542922271,0.3365712041243676,0.19039624305857142,1.0097136123731028,0.5711887291757144,0.018991165272519754,0.008134767710204813,0.20586389408983344,0.11645451547660851,0.0014097170239389478,0.000716838590487045,4.342274961179397e-07,9.678133517475792e-05,0.6283163994437058,3.103657855687979,0.002040748105789217,0.0007464575875950902,0.0015787538735198316,0.00011240813434449046,0.9963804980206906,0.0006486099432413586,0.30899154833012554,0.13419244912165065,0.30899154833012554,0.13419244912165065
550.0,0.16944444444444445,-0.002096731324527105,2.0590925119756185,-0.05086261934733532,2.050458683747519,0.044614665068226006,0.036277354399917715,0.004151222954582286,0.0034795475697500917,0.008404624951151747,0.0044068512630028416,0.33879760552409394,0.1862567635586108,1.0163928165722813,0.5587702906758325,0.0190090971005051,0.008061331723046614,0.20722633554807268,0.11392099938317962,0.0014007708251919575,0.0007344752105004736,3.7488079054753807e-07,9.680960208010629e-05,0.6283166905204782,3.1036622796770645,0.0020413043324896364,0.000745621875823385,0.0015788119988850346,0.00010945060780900788,0.9963798836686254,0.0006508328469506168,0.30853692259479554,0.13393826152862265,0.30853692259479554,0.13393826152862265
550.0,0.175,-0.0002480071391962676,2.0594020834710114,-0.04903370723055717,2.0506175653663425,0.04463237622641818,0.036233550969634994,0.004153323864942829,0.003486231483870951,0.008328997560939733,0.0045520259579528155,0.34225625345162836,0.1796000716098197,1.0267687603548852,0.5388002148294592,0.018956763042707166,0.008160258779636491,0.20934203676930674,0.1098486626124901,0.0013881662601566214,0.0007586709929921359,3.133922258295294e-07,9.684930020727506e-05,0.33181881957383097,3.0608410178842145,0.0020417288193022953,0.000744989961520272,0.0015787881918637296,0.00010756356394990884,0.9963794829888337,0.0006521134571003274,0.3081228351911318,0.13373859889959697,0.3081228351911318,0.13373859889959697
550.0,0.18055555555555555,0.0015377419635330383,2.061735402106432,-0.04725795974096323,2.0527895998273222,0.044642899243964806,0.03618393309141216,0.004152802460531493,0.003477652524777989,0.008290145884701105,0.00462500966146344,0.34471927837735417,0.17466322196320969,1.0341578351320626,0.5239896658896289,0.018852673672781744,0.008384497576711976,0.21084851889676087,0.10682893262481782,0.0013816909807835176,0.0007708349435772398,2.5010689310689234e-07,9.689909531108797e-05,-0.04051199069036361,3.0640628539372137,0.0020420075977205295,0.0007442960212221605,0.001578681183978035,0.00010700867197719264,0.9963793112183015,0.0006519902531108895,0.30775725405943716,0.13362196768382534,0.30775725405943716,0.13362196768382534
550.0,0.18611111111111112,0.003134643801113886,2.066599553842691,-0.04566166050932771,2.05752012318582,0.04464639017208169,0.03611363335767855,0.004149914138359957,0.003453016489843585,0.008308687955001573,0.004592412215769248,0.3454855514333221,0.17306006588821915,1.0364566542999656,0.5191801976646574,0.018743204816123,0.008620988439353787,0.21131710965244963,0.1058486564372717,0.0013847813258335952,0.0007654020359615411,1.853790667942687e-07,9.695762684512029e-05,-0.4128420540064548,3.031886363241472,0.0020421389080569553,0.0007431961145680243,0.0015785020427410254,0.00010780983289103348,0.996379359049202,0.0006501197991262837,0.30744663940871014,0.1336069016655232,0.30744663940871014,0.1336069016655232
550.0,0.19166666666666668,0.00442502770818222,2.073687335463281,-0.04436434571962325,2.0645553615699743,0.04464413113789877,0.03601771592660676,0.004145242289906608,0.003414252722393079,0.008377443273739855,0.004464501621823691,0.34452080978469435,0.17498501068825897,1.0335624293540833,0.5249550320647769,0.018680960694849237,0.008751277735879387,0.21072691193778761,0.10702660729698739,0.0013962405456233098,0.0007440836036372815,1.1957046807731207e-07,9.702353895065211e-05,-0.6283191186835242,3.103661479983453,0.0020421437582986237,0.0007414959437877375,0.0015782710297560342,0.00010977117941498436,0.9963795852119454,0.0006464671601517062,0.30719617535723204,0.13369191523965107,0.30719617535723204,0.13369191523965107
550.0,0.19722222222222222,0.005341084463745149,2.0817765630747065,-0.0434371778605743,2.072716737665209,0.044638615814632236,0.03590797879843164,0.0041396465096871305,0.0033664054267331144,0.008460569618279842,0.004304652719738175,0.34197350569112767,0.18005468719237533,1.0259205170733827,0.5401640615771262,0.01869619356535786,0.008714801076428053,0.20916865119172437,0.11012834536016057,0.0014100949363799733,0.0007174421199563624,5.3048643122008865e-08,9.70955110861279e-05,-0.628318792407158,3.10365743939616,0.0020420692357465864,0.0007393261043965494,0.001578014143497098,0.00011254754094432826,0.9963799166207562,0.000641437118879943,0.30700995582486457,0.13385408064534748,0.30700995582486457,0.13385408064534748
550.0,0.20277777777777778,0.005900722670471888,2.0891019074732573,-0.0428666008630467,2.080249208390078,0.04463317392550273,0.03581213492704619,0.0041341496080159875,0.0033172202747364077,0.008506303406003196,0.004216657444193632,0.3387327687433443,0.18632016263026874,1.0161983062300335,0.5589604878908061,0.018777088891034056,0.008538405467010245,0.20718601687722019,0.11396195211409425,0.0014177172343338667,0.0007027762406989385,-1.3814678671298825e-08,9.717228771105937e-05,-0.6283184644543687,3.1036559393977794,0.0020419824025969886,0.000737176750434105,0.0015777599569500847,0.00011572779841797492,0.9963802576404531,0.000635877122382133,0.3068910745270674,0.13405750745977998,0.3068910745270674,0.13405750745977998
550.0,0.20833333333333334,0.006223011001814475,2.0940457522311235,-0.04253792090119015,2.085501504678637,0.044631158801590756,0.03576486190209107,0.0041297731014140115,0.003275782494401476,0.008509252027190127,0.004217861788660417,0.33730506257410997,0.18916320117720528,1.0119151877223302,0.5674896035316158,0.018872801417499658,0.008332301101546221,0.2063120984164233,0.11570253062780245,0.0014182086711983539,0.0007029769647767362,-8.064542994600809e-08,9.725270641811722e-05,-0.6283181366599447,3.1036569903295375,0.0020419546918733922,0.0007357591748736204,0.0015775371300753805,0.00011889838690249268,0.9963805081780513,0.0006309194343749111,0.30684161496940104,0.13426848605071798,0.30684161496940104,0.13426848605071798
550.0,0.21388888888888888,0.0065324549731987725,2.0912767003512416,-0.04223044458179557,2.083087368697161,0.044635341922781194,0.03571889237310168,0.00412755763221308,0.003243860180003395,0.008464905168120429,0.004306759770616219,0.33847000609048467,0.18698882964733002,1.015410018271454,0.5609664889419901,0.01891675531944438,0.008223775925195468,0.20702396481554108,0.11437417371499793,0.0014108175280200717,0.0007177932951027033,-1.4697293482347701e-07,9.728506675761012e-05,-0.6283178113324503,3.1036608152253713,0.002042049992706788,0.000734196233836495,0.0015773803028453948,0.0001214359327781787,0.9963805697044479,0.0006264056830319019,0.30688144748263485,0.13419073499838882,0.30688144748263485,0.13419073499838882
550.0,0.21944444444444444,0.007079554338088179,2.08336773230988,-0.041693495130158235,2.075485002673439,0.04464521006151202,0.03571030806838832,0.004127839406734433,0.0032293518235729088,0.008379457261447572,0.004469645522294222,0.34181607475132686,0.18050622455396298,1.0254482242539804,0.5415186736618889,0.018888650213722588,0.00827072048333562,0.20907025466298487,0.1104100723088991,0.0013965762102412624,0.0007449409203823702,-2.1239318185683802e-07,9.728914276459744e-05,-0.2851871230856536,3.0911200439742594,0.0020422677180254663,0.0007334029649899003,0.0015773129078946887,0.00012307343693418723,0.9963804193740803,0.0006236425682516912,0.30700202227147627,0.13395292509488171,0.30700202227147627,0.13395292509488171
550.0,0.225,0.007987507018583313,2.0746838324314285,-0.04080073318720224,2.066994720608361,0.04465792392072339,0.035764669212970196,0.004130316285062084,0.0032364401282314135,0.008322506925840464,0.0045763122371272925,0.34443188668547164,0.1752550462184734,1.0332956600564147,0.5257651386554202,0.018808627948517967,0.008438790063247763,0.21067021492720628,0.10719837596295959,0.0013870844876400774,0.0007627187061878817,-2.7654729553955555e-07,9.729416856636233e-05,0.08715584384536722,3.0778640772263817,0.002042556009777214,0.0007340482115792368,0.0015773427358380236,0.000123712854858964,0.9963801012543847,0.000623499171452077,0.3071899758193387,0.13375510211196187,0.3071899758193387,0.13375510211196187
550.0,0.23055555555555557,0.009271179083441083,2.067003421646435,-0.039533508033929125,2.0593829883380104,0.04467022038956041,0.035852165459238944,0.004134466727809786,0.003261798578050652,0.008319179155880287,0.004583656096900494,0.3454871302661472,0.17309084521040582,1.036461390798442,0.5192725356312176,0.01872251321501887,0.00861917511222319,0.2113157434282499,0.10587440228576335,0.0013865298593133814,0.0007639426828167489,-3.390772381261513e-07,9.729962943199172e-05,0.4594995458187091,3.0291155531312293,0.002042850392949912,0.0007355856767649805,0.0015774692362379788,0.00012323693917123282,0.996379680370812,0.0006255914584937473,0.307442151336946,0.13363335991398398,0.307442151336946,0.13363335991398398
550.0,0.2361111111111111,0.0108598401598011,2.061542561850492,-0.03795881374988328,2.053890959408705,0.044679084713369524,0.035945625545101396,0.004139569196314915,0.003300082306363345,0.008373410585791103,0.004484453983413413,0.3448114455402951,0.17445302815983754,1.0344343366208846,0.5233590844795125,0.0186811100528024,0.008697056007043458,0.21090256617086073,0.10670706368556326,0.0013955684309651837,0.0007474089972355688,-3.996337574930256e-07,9.730520186775289e-05,0.6283204893813933,3.1036587314574478,0.0020430880564797824,0.000737439906850535,0.0015776790375131994,0.0001216683500131295,0.9963792329060065,0.0006292869967383802,0.3077543968728938,0.13361062032251575,0.3077543968728938,0.13361062032251575
550.0,0.24166666666666667,0.012636069774118469,2.0585975093603905,-0.03619112124802611,2.0508575652786067,0.04468237352748356,0.03603064222728336,0.004144817494661074,0.003345472452616178,0.008450035480340488,0.004338266733812323,0.3424018949822584,0.1792306319409516,1.027205684946775,0.5376918958228548,0.018710112579494405,0.008617828227072535,0.20942888789601508,0.10962856661157078,0.0014083392467234145,0.0007230444556353872,-4.578784571794895e-07,9.731076072503468e-05,0.6283207750682028,3.103654410174818,0.0020432217711451608,0.0007392427686327389,0.0015779469080906708,0.00011918704596926677,0.996378831320764,0.0006339430285956321,0.30812146964246917,0.13368838877834263,0.30812146964246917,0.13368838877834263
550.0,0.24722222222222223,0.014476740034123846,2.057664377617559,-0.03435166052372683,2.049814605917392,0.04467898878957684,0.03610822202853082,0.004149411768273765,0.0033926349619125143,0.00850261752458839,0.00423676124399395,0.3390684197398912,0.1856295636703338,1.0172052592196734,0.5568886910110015,0.01879586153668352,0.008410602234672934,0.20739026126190022,0.11354139618399339,0.0014171029207647315,0.0007061268739989916,-5.13485348289995e-07,9.731638142104823e-05,0.6283210478172406,3.103652647309842,0.0020432249311429177,0.0007409360246433869,0.001578239012190894,0.00011613039731881381,0.9963785360566663,0.0006390490463601383,0.30853684747612303,0.13384849282139225,0.30853684747612303,0.13384849282139225
550.0,0.25277777777777777,0.016282485948232287,2.057946060546219,-0.03253877095618993,2.0499765949208184,0.04466863545891172,0.036189519647865584,0.004152621445510465,0.00343695589886438,0.008512173371481748,0.004221958586488144,0.33672810494932076,0.18994195458066526,1.0101843148479615,0.5698258637419957,0.018892042691427857,0.008179383090905462,0.20595947674476586,0.11617741025077351,0.0014186955619136248,0.0007036597644146905,-5.661421853004658e-07,9.73223380000416e-05,0.6283213060967864,3.1036534540104075,0.0020430878519030224,0.0007427069404347548,0.0015785180653517864,0.00011296622239921486,0.9963783940827452,0.0006442352201156657,0.30899250645054455,0.13406317387036276,0.30899250645054455,0.13406317387036276
550.0,0.25833333333333336,0.01798523275883313,2.0589729667257006,-0.030819888391848068,2.050860541392064,0.04465129618762765,0.036285609942667885,0.004153824963053473,0.0034743135598218457,0.008478082498114098,0.004296226399546342,0.3367494398870298,0.18994367958248962,1.010248319661089,0.5698310387474688,0.018944108698910323,0.008054670262102083,0.2059732052490651,0.11617688624865173,0.0014130137496856834,0.0007160377332577236,-6.155520877855291e-07,9.732909789006014e-05,0.6196974993773631,3.096900997979338,0.0020428075807614717,0.0007447972022859567,0.001578749645429133,0.00011022967404740934,0.996378442773809,0.0006491789974044855,0.30947875827785015,0.1343082360918259,0.30947875827785015,0.1343082360918259
550.0,0.2638888888888889,0.019503023471631516,2.0565719688566713,-0.02927527333561526,2.048286181329608,0.04462599614268807,0.03632004464586398,0.004152300664558793,0.0034930849801537356,0.008395674663427551,0.004451919982998967,0.33934549378968304,0.18482623929381986,1.0180364813690492,0.5544787178814595,0.01891901577131772,0.008095266005253133,0.20756175909703972,0.11304523458974532,0.0013992791105712577,0.0007419866638331612,-6.610722268994271e-07,9.728665796289461e-05,0.4335297613615558,3.123462490613202,0.0020423615304945414,0.0007456953816996577,0.001578901054808854,0.00010826173588957913,0.9963787374146968,0.0006520774870720772,0.3099970175027223,0.13429414353135632,0.3099970175027223,0.13429414353135632
550.0,0.26944444444444443,0.02073039350523017,2.0536475820228675,-0.028009717665986707,2.0451465626535454,0.04459220756523767,0.03630902551525521,0.004147903605979286,0.0034927180394086627,0.008314020148556053,0.004593913380376145,0.3421645938707318,0.17881814403236052,1.0264937816121953,0.5364544320970815,0.018827492504084973,0.008284427489854758,0.20928603849115662,0.10937021134803658,0.0013856700247593425,0.000765652230062691,-7.025542927479817e-07,9.721662464135245e-05,0.07584490690071538,3.103467427184912,0.0020417350963993085,0.0007457846428025472,0.0015789661938346797,0.00010749433999906655,0.996379298709766,0.0006529454328368208,0.31052556832168937,0.1341412615322893,0.31052556832168937,0.1341412615322893
550.0,0.275,0.021529123780680868,2.0537424914655023,-0.02716207206919178,2.045008492706392,0.0445502322240714,0.036278228719130376,0.00414096362580134,0.003475959661976038,0.008285743356837929,0.00463387398726626,0.343425204296915,0.17571788726969562,1.0302756128907442,0.5271536618090868,0.018714633299679907,0.008526829251230625,0.2100569945920558,0.10747415697991793,0.0013809572261396545,0.0007723123312110431,-7.399412923599715e-07,9.714996310870162e-05,-0.2964856809591115,3.0645217330027426,0.0020409289458207403,0.0007455721100091747,0.0015789587829118156,0.00010810264209270506,0.9963801122712677,0.0006521459677006394,0.31104269541641677,0.13402407994610702,0.31104269541641677,0.13402407994610702
550.0,0.28055555555555556,0.021747137259516276,2.0569923371319083,-0.02688610470746861,2.0480644739732994,0.04450121517276803,0.03621544333605202,0.004132026794216907,0.0034436066768468434,0.008316851269753666,0.004564782390056723,0.34295623024931426,0.1760554419682613,1.0288686907479423,0.5281663259047839,0.018639499722624228,0.008688538769898443,0.2097700358468147,0.10768111826856,0.001386141878292277,0.0007607970650094539,-7.730262616709874e-07,9.708780884918942e-05,-0.5438461281406036,3.0677939641801,0.002039960029467556,0.0007447249574101095,0.0015788981384216433,0.0001099258729917943,0.9963811418321108,0.0006494859445461787,0.31153554544152645,0.1339451673040807,0.31153554544152645,0.1339451673040807
550.0,0.2861111111111111,0.021273549660959307,2.0625569605627723,-0.02729612220435417,2.0535295764779145,0.04444772676553552,0.03612422996577219,0.004121945099777991,0.0033995088851474452,0.008383539251565906,0.004425587408652239,0.34076203026981144,0.17981782097763388,1.0222860908094344,0.5394534629329016,0.018638379343253866,0.00869282200314899,0.20842782715239438,0.10998308314985533,0.0013972565419276511,0.0007375979014420398,-8.016254028293896e-07,9.70313972932544e-05,-0.6283146003049022,3.1036574078888766,0.00203887530610554,0.0007432030255639343,0.001578809239312331,0.00011263665780567774,0.9963823154545818,0.0006451882557135638,0.31199230483385215,0.13389584289009368,0.31199230483385215,0.13389584289009368
550.0,0.2916666666666667,0.020077486806325654,2.0689012733966097,-0.028427693248756058,2.0598964797784984,0.0443934145626713,0.03602464302280461,0.004111765492410528,0.0033503133856502337,0.008440772954283719,0.004302114580167414,0.3377562826623623,0.18513245961121663,1.0132688479870862,0.5553973788336496,0.018707764410507994,0.008547635253720329,0.20658900817046968,0.113234960388873,0.00140679549238062,0.000717019096694569,-8.255790143099058e-07,9.698203651948637e-05,-0.6283144828149728,3.1036553672645444,0.002037746298550002,0.0007413226210325232,0.0015787194435567962,0.00011582542136986506,0.9963835342578932,0.0006399191879929257,0.3124025198313075,0.1338604089440274,0.3124025198313075,0.1338604089440274
550.0,0.2972222222222222,0.01822435055933432,2.074434167129406,-0.030220495407406435,2.0655605271285897,0.044342271458404595,0.03594600322300823,0.00410257450833621,0.003304336654575064,0.008455474439114104,0.004263237269610737,0.3356714378005166,0.18866694186525773,1.0070143134015501,0.5660008255957731,0.018806687454201797,0.008341609234558324,0.20531315370594566,0.1153984859735945,0.0014092457398523506,0.0007105395449351228,-8.447522915424305e-07,9.694107810526776e-05,-0.6283143887729594,3.1036558801852983,0.002036655127987623,0.0007396527802376885,0.001578655851587444,0.00011906915289587332,0.996384689020425,0.000634663224840159,0.31275720992706907,0.1338265540388155,0.31275720992706907,0.1338265540388155
550.0,0.30277777777777776,0.015863860284381047,2.0782051043373047,-0.032529206475954545,2.0695205986185448,0.04429773952262675,0.03591459544064951,0.004095327237708839,0.0032697266381229045,0.008427163158349727,0.004313527429688434,0.33597469484027787,0.18798336661698328,1.0079240845208335,0.5639500998509499,0.018878629339107455,0.008204464161294332,0.20549796864525507,0.11498198473903663,0.0014045271930582884,0.0007189212382814056,-8.590359420897178e-07,9.690988659574357e-05,-0.6123454238904663,3.0929551218259252,0.0020356761851903563,0.0007387822141999657,0.0015786431563759584,0.00012197250810489924,0.996385680658434,0.0006304687945207394,0.3130488347929071,0.13379667666991138,0.3130488347929071,0.13379667666991138
550.0,0.30833333333333335,0.013190264036370424,2.0803391197764225,-0.035162350989242926,2.071834650097227,0.04426192090610377,0.03594171307352058,0.004090694119509612,0.003252426496208884,0.008357157040084487,0.0044473936036533955,0.3385826760754389,0.18318403155463486,1.0157480282263167,0.5495520946639046,0.018887778812566643,0.00822093528840797,0.20709249837422,0.11204802543389425,0.001392859506680747,0.0007412322672755659,-8.68346469472121e-07,9.688980810487741e-05,-0.5062572594219412,3.109239250507647,0.002034858864880562,0.0007390554981375749,0.0015787016455106407,0.0001241891863490757,0.9963864394896091,0.0006281448429604775,0.3132712002443246,0.1337940239402107,0.3132712002443246,0.1337940239402107
550.0,0.3138888888888889,0.01038316669876127,2.077610174702863,-0.03794192490017762,2.0692355288923228,0.044235891744186774,0.03594058935453803,0.004089199854751999,0.0032480154659017086,0.0082768767383738,0.004588169212867482,0.3420086325642448,0.17636271025931805,1.0260258976927348,0.5290881307779542,0.018828059344667126,0.00837803440071785,0.20918804082889578,0.10787593647280883,0.001379479456395633,0.000764694868811247,-8.721555225192676e-07,9.683172219099407e-05,-0.1339193061510738,3.1372597671961864,0.002034231544680546,0.0007388229347560208,0.0015788524655668558,0.000125175592157491,0.9963869159897527,0.0006267282080484242,0.3134250453902608,0.13358465508351106,0.3134250453902608,0.13358465508351106
550.0,0.3194444444444444,0.007556744610901967,2.073585494416846,-0.0407520352711772,2.065273372897756,0.044218256468366454,0.03591388161401436,0.0040905234137128,0.0032571908389690324,0.008257591210501545,0.00461166014807547,0.3436380172885047,0.17276603943103958,1.0309140518655142,0.5182981182931188,0.018742118384282795,0.008583505847413655,0.21018472644471745,0.10567590084018838,0.0013762652017502578,0.0007686100246792451,-8.706547757510296e-07,9.675754062902146e-05,0.238423689644326,3.0951547201578196,0.002033770819926636,0.0007382018695738278,0.0015790911120847956,0.00012483768666640447,0.9963871380679886,0.0006265020749711217,0.3135040746811354,0.1333289108767868,0.3135040746811354,0.1333289108767868
550.0,0.325,0.004728804514376376,2.0718653959471105,-0.043572939550442176,2.063573831219367,0.04420771785367097,0.0358823630472971,0.0040940262111475376,0.0032796849273052557,0.008298333129120077,0.004527933665636047,0.3435612856523601,0.17272758432207422,1.0306838569570804,0.5181827529662224,0.018692788970829117,0.008709541867873948,0.21013788118103968,0.10565194692127831,0.0013830555215200132,0.0007546556109393412,-8.64106960303729e-07,9.669819605461293e-05,0.5366158939656848,3.0539251275728474,0.002033451543290426,0.0007375792107382296,0.0015793948442601874,0.00012330165030724857,0.9963871536124496,0.000627709992995322,0.31350357100581827,0.13321652635827827,0.31350357100581827,0.13321652635827827
550.0,0.33055555555555555,0.001898063847186826,2.0723176738559244,-0.04640555011560514,2.0640554814390004,0.04420448179500959,0.03583706494808921,0.0040991321677824434,0.0033108673898668227,0.008376983576679398,0.004371364513071787,0.34177829498711676,0.17624929382054297,1.02533488496135,0.5287478814616289,0.018714140101328294,0.008681666165629986,0.20904741923500209,0.10780532648044738,0.0013961639294465657,0.0007285607521786311,-8.525513214760575e-07,9.665466337468664e-05,0.6283227108932986,3.103659623536923,0.002033277806177154,0.0007366726672648043,0.0015797318936678834,0.00012070681250143556,0.9963869903001551,0.0006298496063341744,0.3134238834840133,0.13324513001834992,0.3134238834840133,0.13324513001834992
550.0,0.33611111111111114,-0.0008988321349139813,2.0738380028209207,-0.04921375350307373,2.0656526176678867,0.04420968058997473,0.03578823234876783,0.0041052407781851825,0.003346619398269829,0.008443030742117925,0.004237766730580607,0.3387183537315872,0.18230667244432874,1.0161550611947612,0.5469200173329861,0.018799774348905823,0.008510304135181083,0.20717606752208303,0.11150926575911621,0.0014071717903529873,0.000706294455096768,-8.36054058697459e-07,9.662775666190275e-05,0.6283226299700452,3.1036568515802934,0.0020332736316758565,0.0007355878696022695,0.0015800610313948652,0.00011736138818791567,0.9963866653369292,0.0006325956664593767,0.31326684497804835,0.13338603136329277,0.31326684497804835,0.13338603136329277
550.0,0.3416666666666667,-0.003561058056799419,2.0749258093626692,-0.05189760916697327,2.0668698533472973,0.04422479278046777,0.035760195247853906,0.004111758329706107,0.0033835205916911675,0.008468467718087375,0.0041879446716505935,0.33612004995241723,0.1874258663277763,1.0083601498572514,0.5622775989833287,0.01890834367687998,0.008283481474559673,0.20558731553724902,0.11463897144963672,0.001411411286347896,0.0006979907786084322,-8.147076374287065e-07,9.661810978154161e-05,0.6283225252619873,3.1036566245831825,0.0020334724111766376,0.0007347682619636808,0.001580337699712621,0.00011372569986625093,0.9963861898891107,0.0006358114391430619,0.31303569210882526,0.13359633041288704,0.31303569210882526,0.13359633041288704
550.0,0.3472222222222222,-0.005926803066887065,2.074435370634314,-0.05429573877629883,2.0665291046465204,0.04425082651266276,0.03577957002360991,0.004118109196749003,0.003418482988698368,0.008451220796198276,0.004230019443139447,0.3356898481637109,0.1886416564101053,1.0070695444911328,0.565924969230316,0.01898802421673007,0.008122980901212426,0.20532484162829148,0.11538098711783244,0.0014085367993663797,0.0007050032405232411,-7.88630221163689e-07,9.662616122480296e-05,0.6283223973488848,3.1036589444122438,0.0020339004925713565,0.0007347853187944857,0.0015805211338597437,0.00011036143327203736,0.9963855783735686,0.0006394342696158358,0.31273498437961617,0.13383532789656163,0.31273498437961617,0.13383532789656163
550.0,0.3527777777777778,-0.007804554051399693,2.0721609568469552,-0.05621584600635869,2.064368587837673,0.04428754645572202,0.03586207381454932,0.004123745499237232,0.003448293891079218,0.008392603060419121,0.004358645211253495,0.33753766875297253,0.1858371005419709,1.0126130062589176,0.5575113016259127,0.01900388124049902,0.008115087891982311,0.20645565953950634,0.11366410854679795,0.0013987671767365208,0.0007264408685422493,-7.579652071286573e-07,9.66521436361367e-05,0.5645335510552603,3.0601619918174503,0.00203456055726814,0.0007360623186931891,0.0015805812369217344,0.00010784038857027239,0.99638485820581,0.0006433154734952885,0.3123705736444123,0.13407810569839554,0.3123705736444123,0.13407810569839554
550.0,0.35833333333333334,-0.009024699751572074,2.068998906377709,-0.0574858971488582,2.061230427453612,0.044333023885843065,0.03600409988593935,0.00412817351144318,0.0034695089200314443,0.008304095503860978,0.00454273395117802,0.3410421101753604,0.17996323625786356,1.0231263305260812,0.5398897087735905,0.018949696091494748,0.008271503088069836,0.20859941824673103,0.11007053822873333,0.0013840159173101629,0.0007571223251963367,-7.228806189830777e-07,9.669607824180593e-05,0.192202113650661,3.145001238954843,0.002035420661173128,0.0007386582505551026,0.0015805039490965156,0.0001066218582909334,0.9963840753897303,0.0006471124182228199,0.3119496555635046,0.1343207920004984,0.3119496555635046,0.1343207920004984
550.0,0.3638888888888889,-0.009432872301734103,2.0622164301226076,-0.057947549823304974,2.054370600215765,0.0443838128098156,0.036105429088686705,0.0041308647117552074,0.003471161892334957,0.008262411298244907,0.004627289432969567,0.34317281320437737,0.17621844847004559,1.0295184396131314,0.5286553454101368,0.018844782058207398,0.00851433745618688,0.20990256210227043,0.10778013524682489,0.0013770685497074843,0.0007712149054949278,-6.83197069797567e-07,9.670741945370104e-05,-0.18013391988528982,3.1348206604432005,0.0020364180065180425,0.0007406267079426421,0.0015802848589079983,0.00010678163154948051,0.9963832971345739,0.0006488818415116722,0.31149059593546397,0.1342979393446194,0.31149059593546397,0.1342979393446194
550.0,0.36944444444444446,-0.009110695456484689,2.0553503783670477,-0.057677141964393615,2.047344062686874,0.044434677278684546,0.036164258619923936,0.004131769229224365,0.0034545676734164337,0.008283338664306318,0.004593574349398286,0.343485987328953,0.1758053804554747,1.0304579619868595,0.527416141366424,0.018758757141006156,0.008696135598117424,0.21009400173779919,0.107527879477641,0.001380556444051053,0.0007655957248997144,-6.393755219224427e-07,9.670632343802969e-05,-0.552464533386054,3.0540013540638182,0.0020374449952874963,0.0007419463371229318,0.0015799607844046853,0.00010830064592579757,0.996382594220308,0.0006486335899695706,0.31100313138554997,0.13414174216165412,0.31100313138554997,0.13414174216165412
550.0,0.375,-0.008239363581722179,2.05168751905135,-0.05685288121120471,2.0434834539322253,0.044482259993726535,0.0362051754100011,0.004131257635755995,0.003425494708018287,0.008358180222185372,0.0044594992528720285,0.34206845503686695,0.1788275534374326,1.0262053651106011,0.5364826603122977,0.018743647627132036,0.008718934590969988,0.2092268423870403,0.10937703121525225,0.001393030037030895,0.0007432498754786714,-5.918699197982873e-07,9.672194830173507e-05,-0.6283156291992171,3.1036597496642777,0.00203842766378089,0.0007430506262445523,0.001579577932178901,0.00011094005688636409,0.9963819944040402,0.0006469910504542708,0.3104945283914573,0.13402368157860117,0.3104945283914573,0.13402368157860117
550.0,0.38055555555555554,-0.006972164939803183,2.0509135719471914,-0.05562677621967655,2.04252764174305,0.04452474935428861,0.036223565802627096,0.004129861925584849,0.0033880416707862664,0.00842738862073376,0.004331714729119726,0.3392490345680057,0.18447183211045037,1.017747103704017,0.553415496331351,0.0188040757449361,0.00857149403082966,0.20750203790003433,0.11283043310683173,0.0014045647701222933,0.0007219524548532875,-5.409477979637008e-07,9.675351119703072e-05,-0.6283158789688023,3.103656537936091,0.00203932395265244,0.0007437488845514489,0.001579179379392125,0.00011424659164095996,0.9963814966679555,0.0006441599772954562,0.3099778174170519,0.13393980018126236,0.3099778174170519,0.13393980018126236
550.0,0.3861111111111111,-0.005438050903281077,2.0521296306893024,-0.054127696685816185,2.043606813484376,0.044561396857855824,0.03622865680196461,0.004128248924679353,0.0033484992739060485,0.008460935410696611,0.0042731970014294575,0.3370461274846052,0.18881046148951894,1.0111383824538156,0.566431384468557,0.018902901813210984,0.00833052801317557,0.2061540918356184,0.11548562750181435,0.0014101559017827682,0.000712199500238243,-4.868947996691576e-07,9.680006595118426e-05,-0.628316144093714,3.1036558733876425,0.0020401139457924705,0.0007441549513763378,0.0015788076646256978,0.00011773765936155157,0.9963810783895821,0.0006407148254492348,0.3094661530968744,0.13388157713921486,0.3094661530968744,0.13388157713921486
550.0,0.39166666666666666,-0.0037300332628659506,2.0544722820345886,-0.05244910813157106,2.0458546010257472,0.044591994020302485,0.036234884569457664,0.0041270808484026806,0.0033139263999721414,0.008451160925360017,0.004302134370855813,0.33689849668848093,0.18933765153270465,1.010695490065443,0.568012954598114,0.01898601378877004,0.00812212992092805,0.20606313147735025,0.1158096984540656,0.0014085268208933357,0.0007170223951426355,-4.3001340870231017e-07,9.686052553940035e-05,-0.6283164230901821,3.103657759648775,0.002040789888505828,0.0007445407913697241,0.001578501303146901,0.00012096243033727601,0.9963807088083474,0.000637420686360832,0.30897215190000515,0.13384586608702256,0.30897215190000515,0.13384586608702256
550.0,0.3972222222222222,-0.0019158922596541395,2.057628940939672,-0.05065914413741283,2.048933197869723,0.0446163661680493,0.03625162776472819,0.00412688570970944,0.003290391436754986,0.008399172368690816,0.004414519669638051,0.3390079277012371,0.18573171817627787,1.0170237831037106,0.5571951545288336,0.01901145744967655,0.008052841229796008,0.20735280607989923,0.11360555287242288,0.0013998620614484691,0.0007357532782730084,-3.7062123664464216e-07,9.69336873535996e-05,-0.5455022911711115,3.0564540078045392,0.0020413456825604218,0.0007451256022435812,0.0015782917215611178,0.00012353289976292149,0.9963803625958785,0.000634985073962187,0.30850732821129595,0.13384223946200652,0.30850732821129595,0.13384223946200652
550.0,0.4027777777777778,-6.26704112080582e-05,2.0619885203160147,-0.048824728637428635,2.0532053686503544,0.044634093672552076,0.036276568985048954,0.004127964553668365,0.00328148744371927,0.008322442233489652,0.0045703924627935825,0.34256752298805887,0.1792501172008384,1.0277025689641759,0.5377503516025152,0.018966835040422,0.008155287930264531,0.20952979444516018,0.10964187824558623,0.0013870737055816083,0.0007617320771322639,-3.0904919432486913e-07,9.701826096201595e-05,-0.2502755634587863,3.10235224988762,0.002041770385258015,0.0007459097186445358,0.001578200381142745,0.00012514069520091353,0.9963800292335993,0.0006338382420474431,0.3080817222120502,0.13389320675362237,0.3080817222120502,0.13389320675362237
550.0,0.4083333333333333,0.0017374349517789303,2.068344803635929,-0.04703753200634511,2.0594595368007766,0.04464461111520491,0.036296312197339316,0.004130355842919283,0.0032877148128349467,0.00828203609608444,0.004654250531421825,0.3450675143389822,0.17463493293209154,1.0352025430169467,0.5239047987962746,0.018865044910701945,0.0083910209404412,0.21105898934609452,0.1068190104924749,0.0013803393493474064,0.0007757084219036375,-2.456400135444134e-07,9.711289782744028e-05,0.12206735394982898,3.1484647975582156,0.0020420491901852055,0.000746643080881544,0.001578235962848913,0.00012557375661556471,0.9963797148469659,0.0006340368341874177,0.3077037647991536,0.1340261776450112,0.3077037647991536,0.1340261776450112
550.0,0.41388888888888886,0.003325256796508006,2.072919014865326,-0.04545584148656559,2.063962541067308,0.04464717604040078,0.03621483457178051,0.004133922242672941,0.003299931474565507,0.008306037277312026,0.004610625143723845,0.3456780778257623,0.17328372341232653,1.037034233477287,0.5198511702369796,0.018752386354614452,0.008626174387882211,0.2114325333907962,0.10599223976722026,0.0013843395462186704,0.0007684375239539741,-1.8063675311085997e-07,9.716562875542305e-05,0.4944051808337736,3.1003383661925743,0.0020421611933332815,0.0007453189120096593,0.0015783994393932068,0.0001244743257856115,0.9963794393672738,0.0006339813151046491,0.3073984642186983,0.1339839446576048,0.3073984642186983,0.1339839446576048
550.0,0.41944444444444445,0.004557113230129143,2.077101508172904,-0.04422489986620148,2.068150615299219,0.044643815803484185,0.03605913588496574,0.004138197292846467,0.0033173057589667453,0.00838957958569213,0.004448351392892033,0.34446638125057033,0.17536859708596877,1.033399143751711,0.5261057912579062,0.018699700759189492,0.00872063334100262,0.210691509609393,0.10726687589181282,0.0013982632642820212,0.0007413918988153386,-1.1457452359593586e-07,9.719568713464751e-05,0.609386161735093,3.0915103163472697,0.0020421413389302627,0.0007423804635364701,0.0015786515130366942,0.00012204320164361317,0.9963792071480332,0.0006338572323789438,0.3071652146702125,0.1338754434951453,0.3071652146702125,0.1338754434951453
550.0,0.425,0.005397333592288245,2.0820460574717274,-0.04338326294059525,2.0732034876793377,0.044637876781090095,0.03589169032978384,0.004142719751793461,0.003340686912275976,0.008465169692938167,0.004294335025376905,0.3415275366294213,0.18084574457322286,1.0245826098882642,0.5425372337196684,0.01872449295975263,0.008650204658996657,0.20889409453549668,0.11061621831632423,0.0014108616154896942,0.000715722504229484,-4.788239239548781e-08,9.723165416646063e-05,0.6283187640713697,3.1036566410592283,0.002042055024610215,0.0007389948667818683,0.0015789413763394036,0.0001187170621377377,0.9963790035990504,0.00063427596553835,0.30699732037241895,0.13383819562543506,0.30699732037241895,0.13383819562543506
550.0,0.4305555555555556,0.0059028224122777894,2.0859265591286418,-0.04287713466947966,2.077296077680803,0.04463286655044733,0.03574307451933487,0.0041470905313100975,0.003367297649770597,0.008504800939012033,0.004210496247223218,0.3387096031920391,0.1860337893301132,1.0161288095761174,0.5581013679903396,0.01880012291796038,0.008468101917155555,0.20717099145406365,0.11378807133742522,0.001417466823168672,0.000701749374537203,1.9066506289064693e-08,9.727229386754273e-05,0.628318435705847,3.103655503788124,0.0020419744174375695,0.0007357239670504557,0.0015792192688572676,0.00011493335784000949,0.9963788063137052,0.0006352370633430709,0.3068974308733358,0.13383621362789433,0.3068974308733358,0.13383621362789433
550.0,0.4361111111111111,0.006222993797835538,2.087275348713799,-0.042559673304415256,2.0789221270272304,0.044631761445054895,0.03564721959088218,0.00415090565719582,0.0033944773730080363,0.00850152286418706,0.004216492581571089,0.33763259679723223,0.1879668271115519,1.0128977903916967,0.5639004813346559,0.01887515397102418,0.008287809891041165,0.20651290523444965,0.1149687759391392,0.0014169204773645091,0.0007027487635951814,8.589768090736251e-08,9.731646804264365e-05,0.6283181079190187,3.1036569194723,0.0020419646410492344,0.0007332838733695691,0.0015794383726496625,0.00011124520216028139,0.9963785969863014,0.0006368078172129432,0.3068671487890791,0.13383979406668006,0.3068671487890791,0.13383979406668006
550.0,0.44166666666666665,0.006559101375028361,2.0855870170869912,-0.0422307973151961,2.077511075245203,0.04463613996881106,0.035627832778330294,0.0041537587214134,0.003419246668318584,0.00845476806501637,0.0043135214618745,0.3389340977351935,0.18564426524137903,1.016802293205581,0.5569327957241372,0.01890552066223258,0.008215520192552252,0.207309637863397,0.11354658354836777,0.0014091280108360618,0.00071892024364575,1.5223733201602928e-07,9.736316108006164e-05,0.5498805089121036,3.0680948049304377,0.002042064926680389,0.000732266899783399,0.0015795620757880888,0.0001082408456771864,0.9963783729975313,0.0006389610660172838,0.30690696803068535,0.13383871652888285,0.30690696803068535,0.13383871652888285
550.0,0.44722222222222224,0.007108492467530972,2.081525669879568,-0.04169250849546334,2.0736594658791483,0.04464573378467204,0.03568881812036996,0.004155267178322368,0.0034381937207501765,0.008379490409401032,0.004466999455472901,0.3418818477307478,0.18021653192747256,1.0256455431922438,0.5406495957824177,0.01887248529833551,0.008296031721402083,0.2091130753166757,0.11022554036543948,0.0013965817349001718,0.0007444999092454835,2.1771425791511072e-07,9.741150223964296e-05,0.3085498041618706,3.068895029085772,0.0020422775127769055,0.0007329065319649617,0.0015795693396205375,0.0001064294267507285,0.9963781531476028,0.0006414562600515364,0.30701624946762884,0.13384680421886405,0.30701624946762884,0.13384680421886405
550.0,0.4527777777777778,0.008009670856559684,2.076655447782692,-0.04080396492249416,2.068887085377038,0.04465850907586108,0.03581322329779624,0.004155126703192906,0.003447912305452065,0.008316847605406066,0.004592431533296435,0.34466533077227235,0.17504729716531375,1.033995992316817,0.5251418914959411,0.018786671364414698,0.00849747499994627,0.21081550801659463,0.10706375626795672,0.0013861412675676772,0.0007654052555494059,2.8196177951951973e-07,9.746078492183841e-05,-0.06378143586048027,3.1120095088604174,0.0020425671539659068,0.0007349948151091884,0.0015794574252945663,0.00010612063632279093,0.9963779754207397,0.0006438375339117161,0.3071932510063752,0.13389593285981355,0.3071932510063752,0.13389593285981355
550.0,0.4583333333333333,0.009304371765070981,2.0727970320424345,-0.03952010034754741,2.065010154462304,0.04467128316146452,0.03597132563562852,0.004153188951154119,0.003445935090001057,0.008313149714849465,0.00460919448342179,0.3457215430756303,0.17329117455873141,1.037164629226891,0.5198735236761942,0.018687201385539032,0.00872110602456931,0.2114614420562534,0.10598989802040297,0.00138552495247491,0.0007681990805702983,3.44619873524127e-07,9.751048220256993e-05,-0.42749701593425676,3.12978613991182,0.0020428719602520557,0.000737994352832078,0.001579241604697882,0.00010734931136176454,0.99637788643505,0.0006455661283997147,0.30743519089973226,0.13402195153555047,0.30743519089973226,0.13402195153555047
550.0,0.4638888888888889,0.010948371634841395,2.066901892676403,-0.03788129388284151,2.059033426770837,0.04468022021167915,0.036055016630056926,0.004149445306003945,0.0034241949451034068,0.00837458780621157,0.004496059540251635,0.3448913002301855,0.1749081950628866,1.0346739006905563,0.5247245851886599,0.018645690456262562,0.008795578422718234,0.21095351170992432,0.10697950254607083,0.0013957646343685946,0.0007493432567086058,4.051406135394441e-07,9.750948697693846e-05,-0.6136651930604484,3.0925896071924353,0.0020431136990578893,0.0007396718280913856,0.0015789499182885494,0.00010971017734270471,0.9963779363826539,0.0006448061531374495,0.30775565385188103,0.1339720313411185,0.30775565385188103,0.1339720313411185
550.0,0.46944444444444444,0.012768756508798511,2.060970662813332,-0.03605850588683592,2.053008919172075,0.044682771792457276,0.03608181065225491,0.004144490603177155,0.003388960579020189,0.008458017817073409,0.004329508635570242,0.3422343848023423,0.1798307176512275,1.0267031544070269,0.5394921529536825,0.01869249031592642,0.008669312302107603,0.20932828187524785,0.10999110572313692,0.0014096696361789016,0.0007215847725950402,4.6314582813974717e-07,9.747843479950516e-05,-0.6283208037847381,3.1036534217554026,0.002043234852641459,0.0007402943805787284,0.0015786348074149797,0.00011281403188591086,0.9963781303399437,0.0006421523999722348,0.3081404227860388,0.1338593783803982,0.3081404227860388,0.1338593783803982
550.0,0.475,0.014625228007330316,2.0569255835990017,-0.034192348331835036,2.048883694276831,0.044678485284302336,0.0361028809433473,0.004139091054862927,0.0033505815252358817,0.00850452227791677,0.004231838334388986,0.338770357569777,0.18612985552244335,1.016311072709331,0.5583895665673301,0.018793753649850073,0.008417639919923248,0.2072090618943282,0.11384532321534221,0.0014174203796527946,0.0007053063890648311,5.184354677676065e-07,9.744744933934516e-05,-0.628321074958322,3.103652023760891,0.0020432209667156876,0.000740831042352844,0.001578342480691162,0.00011626465575823699,0.9963784365525931,0.0006389277044941039,0.3085717568385574,0.1338258804998206,0.3085717568385574,0.1338258804998206
550.0,0.48055555555555557,0.01642953633343952,2.0539980189663636,-0.032371627754876536,2.045891614240396,0.04466723560313355,0.03613046420864059,0.004133928485182464,0.0033159613095034507,0.008507854958893092,0.00422146778489833,0.3368199291372951,0.1894444057340016,1.0104597874118844,0.5683332172020048,0.018890786211866867,0.008168458014892362,0.2060154553016741,0.11587423946229156,0.0014179758264821817,0.0007035779641497217,5.707016573050662e-07,9.741684316528747e-05,-0.62832133130275,3.103653199142907,0.0020430661312233057,0.00074150298387299,0.001578112082893771,0.00011959047813093457,0.9963788217858831,0.0006358506172179938,0.30904100616103436,0.13384377131174865,0.30904100616103436,0.13384377131174865
550.0,0.4861111111111111,0.01811575769308855,2.0518865630828547,-0.03066268880445228,2.043708485735087,0.04464889124250153,0.03617353627380443,0.00412955525503926,0.0032913755363421946,0.008467392889260829,0.0043002959628357365,0.3371670314418257,0.18856518734201316,1.011501094325477,0.5656955620260394,0.01893832224690429,0.008036607350912134,0.20622708203934173,0.11533804581003927,0.0014112321482101379,0.0007167159938059562,6.196530872931821e-07,9.738712112762283e-05,-0.5774461128637722,3.086733772197272,0.002042765178271335,0.0007425184794227816,0.0015779762810543725,0.00012237794979311916,0.9963792585406744,0.0006336315409924334,0.3095379164986253,0.13389163204029036,0.3095379164986253,0.13389163204029036
550.0,0.49166666666666664,0.01961411188156755,2.0509962001230577,-0.029135257218701926,2.0427110804146476,0.04462306483484404,0.03623006069537338,0.0041263042654254125,0.0032808802438426907,0.008390468335235862,0.004448933892570171,0.3394735460441558,0.18402962424746797,1.0184206381324672,0.5520888727424038,0.018917617531045743,0.008074639473014926,0.2076374167302695,0.11256501209861007,0.0013984113892059763,0.0007414889820950287,6.650161773307193e-07,9.735896928868638e-05,-0.36663857728255445,3.0447302298310284,0.002042307701066181,0.0007438876206781403,0.0015779583034461059,0.00012429140423342137,0.9963797339954876,0.0006327362184593056,0.3100507957650447,0.13396143759452853,0.3100507957650447,0.13396143759452853
550.0,0.49722222222222223,0.020827628996450926,2.052230034915695,-0.027885874629608252,2.043791296746553,0.044589246129292597,0.03628622348131539,0.0041242574967665325,0.0032855106645142,0.008311439220650406,0.004594917910923803,0.34228047976229764,0.17841409015518273,1.0268414392868923,0.5352422704655482,0.018837141337475095,0.008260319960401037,0.20935421770950122,0.10913058191780556,0.001385239870108401,0.0007658196518206336,7.065363937134307e-07,9.733323966981406e-05,0.005704066746852717,3.0845754045304887,0.002041679807462925,0.0007453636472487073,0.0015780690677089585,0.00012508928097834047,0.9963802511248282,0.0006332629747036709,0.3105669144120527,0.13405727666474426,0.3105669144120527,0.13405727666474426
550.0,0.5027777777777778,0.021623575700910922,2.0564415872631026,-0.027046954556085575,2.0478217283084867,0.04454725918588333,0.036323024031369854,0.0041232710711131765,0.0033035422145532615,0.008283404701435964,0.0046430267718328535,0.3435414030623927,0.1757079738010827,1.0306242091871787,0.5271239214032479,0.01872983291525162,0.008507340585947558,0.21012554829202393,0.1074751742284576,0.0013805674502393275,0.0007738377953054755,7.439795944471999e-07,9.731093173523183e-05,0.3620739983108179,3.1050622268274815,0.002040872905856888,0.0007465416230987306,0.0015783047213021714,0.00012464451149969919,0.996380822372841,0.000634980544906832,0.311073088966038,0.13418737327236366,0.311073088966038,0.13418737327236366
550.0,0.5083333333333333,0.021848176514034263,2.063824652284168,-0.026772758952745612,2.0550417544962265,0.04449789101763394,0.036327070824888806,0.004123044449145861,0.003331580867584433,0.008313937180856474,0.004583737595529911,0.3430723242925086,0.17644517282185132,1.0292169728775256,0.5293355184655539,0.018651079417651446,0.00868839321720638,0.2098387405798778,0.10792558517085925,0.0013856561968094128,0.0007639562659216517,7.771330697917654e-07,9.72931711446286e-05,0.6283147176711734,3.10366060344538,0.002039896805429991,0.0007470694684705827,0.0015786451195890997,0.00012296945604666878,0.9963814580749811,0.000637497668560059,0.3115563505571905,0.13435425842702617,0.3115563505571905,0.13435425842702617
550.0,0.5138888888888888,0.02129869756089553,2.0691166621444954,-0.027267869323018827,2.060262526409435,0.04444336774129397,0.03622204557297856,0.004123199142620282,0.0033586747945735106,0.008395567966029891,0.00441617480752479,0.340723151960178,0.1804411217000845,1.0221694558805348,0.5413233651002536,0.018655506102910627,0.008676820914494668,0.2084019941841883,0.1103689875409307,0.001399261327671648,0.000736029134587465,8.054035570764768e-07,9.723056092339488e-05,0.6283145790150612,3.1036562376182366,0.002038788139110693,0.0007452542033271152,0.0015790546626820554,0.00011999852281033449,0.9963821571982073,0.0006391124143784909,0.31201287317350357,0.13427076188079606,0.31201287317350357,0.13427076188079606
550.0,0.5194444444444445,0.019973403744781425,2.0723163015257513,-0.028538570422416084,2.0635004540013773,0.044388689838705676,0.036064752020284065,0.0041232843284918115,0.0033843064071128618,0.008445709407846573,0.004298159750041925,0.33729165500066105,0.18618992697647394,1.0118749650019832,0.5585697809294218,0.01873184618938586,0.00850408365333829,0.20630349663704156,0.11388401220164406,0.0014076182346410954,0.0007163599583403205,8.28728018968677e-07,9.71451957754704e-05,0.6283144646166502,3.103654557525995,0.002037646599006479,0.0007421587174430496,0.001579469623527792,0.00011624785256499857,0.996382883777466,0.0006402377571468854,0.31242589675113885,0.13403208934502475,0.31242589675113885,0.13403208934502475
550.0,0.525,0.01801441628683019,2.074444611050858,-0.030446717054867234,2.0657437593162986,0.044338190134123906,0.03593302493610739,0.004122943207573522,0.0034097931477273507,0.008454321245652726,0.0042635162031843775,0.33563587088911073,0.18866311456277324,1.0069076126673322,0.56598934368832,0.0188217422650233,0.008302261706479762,0.20529134961826126,0.11539516264241044,0.001409053540942121,0.0007105860338640627,8.472350140033083e-07,9.706838793419494e-05,0.6283143738453921,3.103655436680641,0.002036564080938896,0.0007393673052310316,0.0015798351167040034,0.00011239138562023017,0.9963836008023572,0.0006416696041853704,0.31278135230532195,0.1337922798504928,0.31278135230532195,0.1337922798504928
550.0,0.5305555555555556,0.015597300715449403,2.0747523316906165,-0.032819484477697385,2.06619230892573,0.04429492270426709,0.035851127269784885,0.004121862488879761,0.0034320435744045197,0.008419807554135215,0.004318336964488424,0.33629149772405237,0.18706537877433085,1.0088744931721574,0.5611961363229925,0.018874819791092897,0.008190323977897125,0.205693036488198,0.1144162994348096,0.0014033012590225357,0.0007197228274147374,8.6082385306276e-07,9.70015141592174e-05,0.6283143071951124,3.1036588687183455,0.0020356082564641073,0.0007374448164721162,0.0015801081971169625,0.00010900765737098864,0.9963842835464186,0.0006433496839191017,0.313072236607527,0.1335584553885894,0.313072236607527,0.1335584553885894
550.0,0.5361111111111111,0.012911685058508045,2.073597821670855,-0.035468490798085874,2.0651477272947436,0.044260399372140956,0.035826165315480295,0.004119776484453028,0.0034475445992764794,0.008347935115934513,0.004448353234127553,0.3389835511347388,0.18177664185596648,1.0169506534042165,0.5453299255678995,0.01886732379204963,0.008229103127093356,0.20734010190729218,0.11118020937571765,0.0013913225193224184,0.0007413922056879258,8.694201896394866e-07,9.694592774377349e-05,0.4757532898788898,3.050016433633711,0.0020348165698318077,0.0007366549047866964,0.001580260221678577,0.00010663007050770626,0.9963849232084896,0.0006450344161157788,0.31329287745109835,0.1333586304999296,0.31329287745109835,0.1333586304999296
550.0,0.5416666666666666,0.010111901225378401,2.0722189712051127,-0.03823932988695219,2.063811864269456,0.044234705816420326,0.03584598954953433,0.004116525295910288,0.00345274206825128,0.008279404721908913,0.004571053658807561,0.34201845343665366,0.1757836551778723,1.0260553603099605,0.5273509655336168,0.018804011779500574,0.008404394466916236,0.20919654098747353,0.10751409735157302,0.0013799007869848181,0.0007618422764679268,8.729762491597473e-07,9.69029273103115e-05,0.1572875441033565,3.0630229191066287,0.002034196654563827,0.0007368603675220556,0.0015802794895872646,0.00010563182462898168,0.9963855238558488,0.0006462791722757855,0.3134388935145837,0.13323507857222447,0.3134388935145837,0.13323507857222447
550.0,0.5472222222222223,0.00728890499343519,2.07210822178328,-0.04104029663398918,2.0636790867390666,0.04421707313507031,0.03588620276382526,0.004112128492353985,0.0034449486138939467,0.00825979553900608,0.004603934895350675,0.3436484191927669,0.172589011463778,1.0309452575783005,0.5177670343913341,0.018718144977848697,0.008630781463622268,0.21019342627883925,0.10556026062663598,0.0013766325898343463,0.000767322482558446,8.714709503213798e-07,9.687372697028556e-05,-0.21504301057910685,3.0770041754698307,0.002033736652980346,0.0007376139652646752,0.0015801710514703972,0.00010614001885113823,0.9963860922955494,0.0006465579775712547,0.31350723338519526,0.13322994523209306,0.31350723338519526,0.13322994523209306
550.0,0.5527777777777778,0.004470740089721548,2.0742636909450876,-0.04384279913022063,2.065787175765062,0.044206687060821884,0.0359229175428683,0.0041068521591202745,0.0034234830916893143,0.008298869210573635,0.00453185924407898,0.34357220767142,0.17296483599897974,1.0307166230142597,0.5188945079969393,0.01866318074619262,0.008784613222745636,0.21014671625786852,0.10579059449366372,0.001383144868428939,0.0007553098740131635,8.649100543584277e-07,9.685942843847325e-05,-0.5395460148422162,3.1067353132373867,0.0020334213745781663,0.0007383964019704626,0.0015799541641382435,0.00010802102739838536,0.9963866244612833,0.000645475783995422,0.31349625948419096,0.13336894653970882,0.31349625948419096,0.13336894653970882
550.0,0.5583333333333333,0.0016525879863526012,2.078660532321269,-0.04665211233094661,2.070169552891288,0.04420345689364848,0.035945384659679065,0.004101243423650914,0.0033906147322932973,0.008387706072075583,0.004365899118338799,0.34179416518677186,0.17687833119107632,1.0253824955603152,0.530634993573229,0.018685488810840024,0.00877153357486563,0.2090590627955444,0.10818498540115937,0.0013979510120125972,0.0007276498530564665,8.533264528888796e-07,9.686099563132263e-05,-0.6283227174892371,3.1036583735648406,0.002033248790410628,0.0007388917204114242,0.0015796581642423717,0.00011094237761228997,0.9963870930453471,0.0006429886772020379,0.31340582450100596,0.13365031104973799,0.31340582450100596,0.13365031104973799
550.0,0.5638888888888889,-0.0011362006140591538,2.0797230078651734,-0.04944179525600643,2.0713196181584026,0.044209345647761064,0.035885339034911486,0.004096248994186241,0.003344690189970275,0.008451583158175206,0.004235383207394481,0.33824906780233543,0.183752143861597,1.0147472034070062,0.551256431584791,0.018790816617231195,0.008561619658650252,0.206890453522888,0.1123904049367063,0.0014085971930292006,0.0007058972012324133,8.363619899263843e-07,9.682881582902733e-05,-0.6283226342903455,3.103655823287845,0.002033259135925418,0.0007375760151973821,0.0015793179149558851,0.00011426922020517462,0.9963874229491185,0.0006381538454044891,0.31324337462461965,0.1337673397606772,0.31324337462461965,0.1337673397606772
550.0,0.5694444444444444,-0.003772982374958859,2.077503909883279,-0.05209191216635335,2.069283922781198,0.04422598867664644,0.035803893797373636,0.004092941114748169,0.00329760475397119,0.008471042121015512,0.004189887425002468,0.3358729469890958,0.1881449719602468,1.0076188409672875,0.5644349158807405,0.018913680404435702,0.008292770612982137,0.2054364808822192,0.11507891893957402,0.0014118403535025854,0.0006983145708337444,8.14280829970811e-07,9.678415751155141e-05,-0.6283225259960734,3.103655960611614,0.0020334897136141034,0.000735644686479559,0.0015789788497802507,0.00011758541084415872,0.9963875314366057,0.0006325588037046615,0.31301076360863794,0.13378402019015162,0.31301076360863794,0.13378402019015162
550.0,0.575,-0.006072126394905405,2.0735672283866484,-0.05441790247835055,2.065567394767437,0.04425377444643784,0.03577424600279975,0.004092001637007399,0.003262078347856178,0.00844767420333761,0.004236632391040359,0.3357723760610272,0.1884884484772176,1.007317128183082,0.5654653454316528,0.018992699076157582,0.008117803629259136,0.205374306302418,0.11529062289016934,0.0014079457005562676,0.0007061053985067266,7.874902804432422e-07,9.675725262561717e-05,-0.6283223946039233,3.1036586480694797,0.0020339554033130007,0.0007346476022458928,0.0015786757841777738,0.00012058625192044172,0.9963873688125097,0.0006281104831324841,0.3127096978032456,0.1338236517857042,0.3127096978032456,0.1338236517857042
550.0,0.5805555555555556,-0.007842853360492579,2.067945384543668,-0.056228517132441105,2.060135785427551,0.04429186517789431,0.03580847433646771,0.004093798594054272,0.003244170531906159,0.008380814765871028,0.004373278178055821,0.3380418139453511,0.18462932581124583,1.0141254418360537,0.5538879774337374,0.0190043560219803,0.008101787586370953,0.20676186760653648,0.11293157073297887,0.0013968024609785047,0.0007288796963426366,7.561424976334903e-07,9.674831509104248e-05,-0.4407881517089295,3.058372721161765,0.002034646838378823,0.0007349450774869285,0.0015784364473177236,0.00012292018428734046,0.9963869167143036,0.0006256392126130847,0.3123465408362793,0.1338655376856588,0.3123465408362793,0.1338655376856588
550.0,0.5861111111111111,-0.008944896487411905,2.0617095433286905,-0.05738099106602985,2.0540011788413457,0.044337783232925816,0.03589875531282953,0.00409831134569216,0.003246311720673477,0.008306628508698283,0.004523859118561276,0.34104137202623586,0.17933360478931504,1.0231241160787075,0.5380008143679451,0.018951046461803837,0.008239786275832503,0.20859637499059971,0.10969306027626667,0.0013844380847830475,0.0007539765197602128,7.204141401479685e-07,9.675734707489898e-05,-0.11065441839277687,3.0582991523061778,0.0020355200176597785,0.000736505084481307,0.001578280990935693,0.0001243124758119124,0.9963861989914046,0.0006255149459586891,0.3119290162726442,0.1339094827239904,0.3119290162726442,0.1339094827239904
550.0,0.5916666666666667,-0.009324926709368719,2.056484907789174,-0.057818027436373216,2.0487606794220476,0.0443879415145486,0.03602137390287032,0.004105159212455924,0.0032670995243427032,0.008268454403407588,0.004605244141941775,0.34308002965588674,0.1758863379237367,1.02924008896766,0.52765901377121,0.018861246263586418,0.008457829519036227,0.2098434107970358,0.10758444419854994,0.0013780757339012636,0.0007675406903236292,6.805052851881531e-07,9.678413847420906e-05,0.2616889896020168,3.0557256578939995,0.002036505479713214,0.000738928121546698,0.0015782192395013238,0.00012458440753377245,0.9963852752807856,0.0006275991999981113,0.31146629925564234,0.1339686983529081,0.31146629925564234,0.1339686983529081
550.0,0.5972222222222222,-0.00902512805486357,2.053742941818937,-0.05757727809653627,2.0458976337627526,0.0444384650864279,0.03614760823685892,0.004113684955244866,0.0033022742351364216,0.008289699606670498,0.004579506017717698,0.3433931838347512,0.17587383565808618,1.030179551504253,0.5276215069742587,0.018783143189813386,0.008639192678953397,0.21003505789754068,0.10757640342999743,0.0013816166011117498,0.0007632510029529495,6.36638200920426e-07,9.682827169081889e-05,0.5512044795556476,3.097632490140303,0.0020375243552171185,0.0007416366382652376,0.001578248487421905,0.00012367737572830208,0.9963842271573606,0.0006313792696378569,0.31096903606578064,0.1340582830563398,0.31096903606578064,0.1340582830563398
550.0,0.6027777777777777,-0.008163842936022176,2.0541945457816113,-0.05677295185035223,2.0461655236539262,0.04448604117144773,0.03625602311233223,0.004123067742882376,0.00334627499224177,0.00836073485167321,0.00446083937988039,0.3419762325691504,0.17928777143267716,1.0259286977074509,0.5378633142980316,0.01876506203704118,0.00868021378116677,0.20916850186210964,0.10966389607590352,0.0013934558086122018,0.0007434732299800651,5.890562026518628e-07,9.688913176494997e-05,0.6283156400573711,3.103658663382789,0.002038506059232719,0.0007441306422816021,0.0015783525739660438,0.00012167719031121584,0.996383141366801,0.0006362018328805669,0.3104492078003564,0.1341854054216834,0.3104492078003564,0.1341854054216834
550.0,0.6083333333333333,-0.0068944269988096395,2.057572865690241,-0.05555539355258233,2.0493475075504426,0.044528528397923185,0.03634047803760874,0.004132438155849533,0.0033936113427242734,0.008437046777998941,0.004329597813562626,0.3389535407635621,0.18566261917819796,1.0168606222906864,0.5569878575345939,0.018822834815291702,0.008552502087443384,0.2073198352323769,0.1135622392593845,0.0014061744629998226,0.000721599635593771,5.380226242841186e-07,9.696592121352253e-05,0.628315890356932,3.1036554438499278,0.0020394020202315504,0.0007461879400156218,0.0015785029276550843,0.00011883012753631392,0.9963820950521132,0.0006414866112260555,0.3099197813000394,0.1343461584764019,0.3099197813000394,0.1343461584764019
550.0,0.6138888888888889,-0.00534500554926971,2.0584279485887325,-0.05405034627765041,2.050045080832965,0.044564527673646645,0.03633272339668251,0.004140813054734043,0.0034321167231648997,0.008466843365060277,0.004277096154011172,0.3366666328435347,0.1900437555528456,1.009999898530604,0.5701312666585369,0.01892439477594458,0.008304566724305107,0.20592170365026413,0.11624027767610813,0.0014111405608433793,0.000712849359001862,4.83587477967601e-07,9.700716535104769e-05,0.6283161573413862,3.103655006534909,0.0020401794440490745,0.0007463200329013669,0.0015786587510178793,0.00011533127509903318,0.9963811618049334,0.0006454500149069003,0.3094085149845394,0.13425178815815186,0.3094085149845394,0.13425178815815186
550.0,0.6194444444444445,-0.003625523772770567,2.0575805089550756,-0.05236711920306502,2.049066996384393,0.04459421518913934,0.03628246510905507,0.004147380241155005,0.0034604541579927625,0.008450913283513816,0.004310169309438196,0.3368670123818483,0.18965340769682804,1.0106010371455445,0.5689602230904841,0.01899584044810499,0.008107036702638617,0.20604493077145702,0.11599990446596203,0.0014084855472523026,0.0007183615515730328,4.2620431050968064e-07,9.703234324197208e-05,0.6283164387863658,3.1036572608894004,0.002040837632652123,0.0007455305058661502,0.0015787736742597634,0.00011185270752051502,0.9963803886930879,0.0006483482428032602,0.3089258168074912,0.1340126140026351,0.3089258168074912,0.1340126140026351
550.0,0.625,-0.00180795370148615,2.0575098928228184,-0.05057730050507073,2.048859521040191,0.044617669814162896,0.03624374495477334,0.004151676989421762,0.003479136623606104,0.008390887406521809,0.004429685333578661,0.33942984128045955,0.18493005034074558,1.0182895238413792,0.5547901510222367,0.019003138149314303,0.008062799200955073,0.20761314863404934,0.11310925104826211,0.0013984812344203013,0.0007382808889297769,3.663805005349656e-07,9.707008617189315e-05,0.5541916136665342,3.0957199513665885,0.0020413753881485066,0.000744970700949641,0.0015788202026586703,0.00010906524073972229,0.9963798044091929,0.0006506600165117446,0.3084751332766918,0.1338068987391414,0.3084751332766918,0.1338068987391414
550.0,0.6305555555555555,3.520907246518471e-05,2.058762930337778,-0.048752551563717696,2.049956440197139,0.044634359295555585,0.03621141105982653,0.004153401340627468,0.0034847244658131483,0.008321553873152544,0.004564311047184549,0.3426927089284964,0.1786461115610248,1.02807812678549,0.5359383346830745,0.018942348304929253,0.008186531778190832,0.20960904555813104,0.10926504014503872,0.0013869256455254244,0.0007607185078640915,3.0445178379280083e-07,9.711910196228939e-05,0.2736426424024686,3.051882949178823,0.0020417792964845683,0.000744583246095492,0.0015787844355982278,0.00010739737290383161,0.9963794362679175,0.0006519591700995394,0.3080659248112778,0.13366037762214403,0.3080659248112778,0.13366037762214403
550.0,0.6361111111111111,0.001799716988144288,2.0621332793641787,-0.046996667162676774,2.0531644270477525,0.04464386122413635,0.03617107467965473,0.004152522926684832,0.003474796284265328,0.008289364381024306,0.00462619588002685,0.3449457487245545,0.17417723132327337,1.0348372461736635,0.5225316939698201,0.018835282288988797,0.00842174281375022,0.2109870284589838,0.10653169325195846,0.001381560730170718,0.0007710326466711414,2.4076517919412083e-07,9.717804535582708e-05,-0.09868798592358334,3.058718676233147,0.0020420369015900094,0.0007440859091495016,0.0015786663321115564,0.0001070804997664225,0.9963792967662982,0.0006517945027140352,0.3077060050202418,0.13360050694560083,0.3077060050202418,0.13360050694560083
550.0,0.6416666666666667,0.003360291455574438,2.0680379941002474,-0.04543548014884301,2.0589415136252804,0.044646440954337945,0.036108716569413175,0.00414933065007947,0.0034488887195767036,0.00831638890579678,0.0045795041759478915,0.3454654357270121,0.17314417906140162,1.0363963071810367,0.5194325371842049,0.01872907153004768,0.008653247493733083,0.21130479266368496,0.10590016512715907,0.0013860648176327972,0.0007632506959913151,1.7567710005813643e-07,9.724554875744906e-05,-0.4318039604678374,3.0617623810852304,0.0020421486458073513,0.0007431445728035454,0.0015784779357562511,0.00010810657813104016,0.9963793734184361,0.0006498553655623183,0.3074017146561337,0.13364333195537026,0.3074017146561337,0.13364333195537026
550.0,0.6472222222222223,0.004602082669610278,2.076049984857764,-0.044185847575581076,2.0669142041300237,0.04464349149969663,0.03602123749867211,0.004144438745494718,0.0034093340786809177,0.008389976864324454,0.004443330961196391,0.3442544555247007,0.17563612315974708,1.032763366574102,0.5269083694792412,0.018675881446161877,0.008765804931833746,0.21056398085140146,0.10742495651623167,0.0013983294773874087,0.0007405551601993987,1.0955111768208857e-07,9.732025339045435e-05,-0.6283190695491688,3.1036594026562705,0.0020421378566601563,0.0007415979306734102,0.0015782403311278015,0.0001102540090025324,0.9963796218122122,0.0006461578035098789,0.3071581429278783,0.1337842577822257,0.3071581429278783,0.1337842577822257
550.0,0.6527777777777778,0.005462461116143931,2.0848419503801066,-0.04331390466749909,2.0757960061336984,0.044637629913810026,0.035922698413225346,0.004138735869833144,0.003361594454618522,0.008472023185784895,0.004286844015287429,0.34151701678300456,0.18113026016288883,1.0245510503490136,0.5433907804886664,0.018703040456399818,0.008706941793947067,0.20888943135384463,0.11078631869413241,0.0014120038642974825,0.0007144740025479049,4.275610361154025e-08,9.740084033011228e-05,-0.6283187419326477,3.103655711604639,0.002042054281159887,0.0007396234419360995,0.0015779801483463212,0.00011316260479998808,0.9963799655704941,0.0006411673529730961,0.3069793063083547,0.13399765834786784,0.3069793063083547,0.13399765834786784
550.0,0.6583333333333333,0.005969068091642586,2.092603257749088,-0.04279651412463519,2.083781327719992,0.04463231232456978,0.03584269518287606,0.004133269891708149,0.003313756886140898,0.008511727808722993,0.004212802869497431,0.33823577642636976,0.1874847798468219,1.0147073292791093,0.5624543395404658,0.018793825200430873,0.008513858929798678,0.20688193092049018,0.11467455110120456,0.0014186213014538319,0.0007021338115829051,-2.433473823896134e-08,9.74860603393645e-05,-0.6283184128636964,3.103654571235014,0.002041967877037755,0.0007377567356048431,0.0015777263482504604,0.0001164164013454548,0.9963803057747117,0.0006357882956739312,0.30686823002049435,0.13424638219331822,0.30686823002049435,0.13424638219331822
550.0,0.6638888888888889,0.006262809983247745,2.0931639990565247,-0.042497925130846693,2.0846784453259994,0.04463146971201737,0.03574147671505738,0.004129265402076923,0.0032683978214321317,0.008504674494961006,0.004225251072831035,0.33736035292536715,0.1889917360660832,1.0120810587761013,0.5669752081982496,0.018883795046469923,0.008302920436021486,0.20634581106963126,0.11559790893816523,0.0014174457491601677,0.0007042085121385057,-9.127859423431966e-08,9.752397898012007e-05,-0.6283180845141824,3.103656219310079,0.002041962429459076,0.0007351877677253875,0.0015775139141984184,0.00011937388779822787,0.9963805236563424,0.0006298839870284058,0.30684587098929683,0.13421693757700298,0.30684587098929683,0.13421693757700298
550.0,0.6694444444444444,0.006607082411706,2.0879167523806648,-0.042157256028868016,2.079788390578477,0.0446368249473221,0.03567554411295837,0.004127513493251987,0.00323666937551253,0.00845173681152299,0.004326651182335711,0.33898998195421587,0.18579661582977017,1.0169699458626476,0.5573898474893108,0.01891369265825555,0.008216163513117321,0.2073419006494702,0.11364521598545177,0.001408622801920498,0.0007211085303892847,-1.576549931210243e-07,9.753428259606798e-05,-0.542535737652885,3.1041467782594445,0.002042082427010005,0.0007332053932010681,0.0015773726730214715,0.00012170773410113637,0.9963805448999685,0.000625161908713598,0.3069050165994846,0.13401401489741988,0.3069050165994846,0.13401401489741988
550.0,0.675,0.00720755927920987,2.0804797839917324,-0.04156772636085497,2.07263991504553,0.04464716481810863,0.03568921282622145,0.004128120821956311,0.003226542703230693,0.008369673660966708,0.004484668685416775,0.34222973657460104,0.17952524911601497,1.0266892097238034,0.5385757473480449,0.01887714229395149,0.008286840314215949,0.20932326427469758,0.10981011656154431,0.001394945610161117,0.0007474447809027958,-2.230819142786824e-07,9.754613060363239e-05,-0.22700802152559368,3.070592774730198,0.0020423116029538836,0.0007328864968833862,0.0015773192590860222,0.00012323663663865728,0.99638036913796,0.0006230013522240174,0.307033337278141,0.1338222805190376,0.307033337278141,0.1338222805190376
550.0,0.6805555555555556,0.008170251255015748,2.0725320662075664,-0.04062051703244142,2.0648643495925114,0.044659909323809505,0.03576177984353048,0.0041308589636477305,0.0032377164914485475,0.008319121799290478,0.004580727796722497,0.34467993686480913,0.1746596441197372,1.0340398105944277,0.5239789323592116,0.018794639074494624,0.008464636019042732,0.21082194459479403,0.10683418929635242,0.0013865202998817462,0.0007634546327870828,-2.871943867851406e-07,9.75588507207643e-05,0.14533512557614384,3.0608458600898296,0.0020426026047535863,0.0007339357739706039,0.001577363321700419,0.00012374448987271521,0.996380034073546,0.0006234254069929263,0.3072286106120218,0.13367633215362554,0.3072286106120218,0.13367633215362554
550.0,0.6861111111111111,0.009501133722736144,2.0657976311465593,-0.03930590436979074,2.058179003958205,0.044671849509896173,0.03586333797371559,0.004135188582630743,0.0032665150033086517,0.008324266873616499,0.004574136456638249,0.345488931119491,0.17306431660905308,1.0364667933584732,0.5191929498271592,0.01871290802702866,0.008638021303617143,0.21131685728438002,0.1058581219063536,0.0013873778122694162,0.0007623560761063746,-3.496345266773563e-07,9.757195251927261e-05,0.4667989740016024,3.0514201788412763,0.002042891695788814,0.000735793566353669,0.0015775029162192003,0.00012313166012374837,0.9963796053879921,0.0006260073159472098,0.30748761084460574,0.1336107954235853,0.30748761084460574,0.1336107954235853
550.0,0.6916666666666667,0.011124536370626046,2.0613836262924203,-0.03769589104379491,2.0537194796173073,0.04468005033213396,0.03596796208717078,0.004140377082286992,0.003307435430607514,0.008382767956096522,0.004467792246295266,0.3445666136430467,0.1749947620664273,1.0336998409291398,0.524984286199282,0.018680070650874906,0.008698845281192748,0.2107528298536373,0.10703832338969138,0.001397127992682754,0.000744632041049211,-4.1005330103743494e-07,9.758513746286707e-05,0.6283205404802331,3.1036566353145005,0.0020431174647514857,0.0007379011220948142,0.0015777234130295958,0.00012144030444512166,0.9963791591222189,0.0006301010455671827,0.30780610706880424,0.13364581176054996,0.30780610706880424,0.13364581176054996
550.0,0.6972222222222222,0.012920208813324714,2.059467601050847,-0.035907861860904465,2.051706673404321,0.04468245857341289,0.036063159969411215,0.004145612100816262,0.003354652967357249,0.008461997758913816,0.004317995508018339,0.3419827667068869,0.18017083407975468,1.0259483001206606,0.540512502239264,0.018718961077858556,0.008600183072295127,0.20917258399184824,0.11020345874696152,0.0014103329598189687,0.0007196659180030565,-4.6811229771680835e-07,9.759830573681759e-05,0.6283208252562968,3.103652665476424,0.002043234371270284,0.0007399256632139922,0.001577998486815941,0.00011887106329198738,0.9963787671419134,0.0006350724007412871,0.3081787595147832,0.13377981806994724,0.3081787595147832,0.13377981806994724
550.0,0.7027777777777777,0.014764754257711708,2.0594615618815464,-0.03406342578648888,2.0515863042178597,0.04467808639962242,0.03615176949847796,0.004150093644578122,0.003402911534135103,0.008508516755741028,0.004230089643175135,0.3384632060167768,0.18691807346424202,1.0153896180503303,0.5607542203927259,0.01881200831990775,0.00838038181329085,0.20702018379047865,0.11432924918472823,0.001418086125956838,0.0007050149405291893,-5.234855612847678e-07,9.76115591093896e-05,0.6283210968595025,3.103651263973902,0.002043217996738918,0.0007418481951765573,0.001578293354424959,0.0001157818110533207,0.9963784886488357,0.000640429893590875,0.30859892294696667,0.13399230540803295,0.30859892294696667,0.13399230540803295
550.0,0.7083333333333334,0.016562475836486807,2.060553961909157,-0.032257362971315345,2.0525548294725406,0.04466674284994684,0.03624593703321844,0.004153095957855132,0.0034476869545435173,0.008511933106613027,0.0042296408026948245,0.3364589748089856,0.19065260066019307,1.0093769244269561,0.5719578019805791,0.018907368345044213,0.008155785904534467,0.20579496925095966,0.11661182572018723,0.0014186555177688367,0.0007049401337824706,-5.758615139639466e-07,9.762519915931036e-05,0.6283213537614031,3.1036524406221133,0.0020430608727461568,0.0007438826963991148,0.0015785700730202024,0.00011265743568889238,0.9963783690542338,0.0006458196956835555,0.309058412570721,0.13425470099801892,0.309058412570721,0.13425470099801892
550.0,0.7138888888888889,0.018232488619727323,2.057863668713049,-0.030569065999985514,2.049730556245679,0.044647783030070456,0.0362793193520898,0.00415377158964226,0.0034772681060272095,0.008467628850148814,0.004314581454922951,0.3370282935169062,0.1893279058632491,1.0110848805507193,0.5679837175897474,0.018944159348317818,0.0080477612874213,0.2061438750359249,0.11579999648816443,0.001411271475024802,0.0007190969091538252,-6.245999232745163e-07,9.758890884442413e-05,0.6283215928215186,3.1036564200563106,0.002042747045469834,0.0007446904936837034,0.0015787872005034419,0.00010986867467881499,0.9963784657540267,0.0006495258744507236,0.309561069796092,0.13426485421240408,0.309561069796092,0.13426485421240408
550.0,0.7194444444444444,0.019704564865284425,2.053766952725004,-0.02906806597360351,2.0454581158611953,0.0446209214356347,0.03628062378249042,0.004151709403253246,0.0034905374956991455,0.008378279008221455,0.004477907068152385,0.33992513094373666,0.18343685685416064,1.01977539283121,0.550310570562482,0.01890525841954733,0.00811148698349707,0.2079162305310997,0.11219548095136754,0.001396379834703576,0.0007463178446920643,-6.695218799480417e-07,9.752420635988511e-05,0.3710409835015048,3.097831121217296,0.0020422681102289083,0.000744928685005859,0.0015789223876625993,0.00010801464131190274,0.9963788095021082,0.0006516481256141103,0.3100859686307148,0.13413077197140372,0.3100859686307148,0.13413077197140372
550.0,0.725,0.020873250542280578,2.051950164956262,-0.02785961770063537,2.043418387505786,0.04458593518713993,0.03627892151369254,0.004146933055775845,0.003488792698827039,0.008307545573417683,0.0046005721598151115,0.342421545214217,0.17806365965892446,1.0272646356426511,0.5341909789767734,0.018809181941376506,0.008316302328082994,0.20944319230479339,0.10890873883895359,0.001384590928902947,0.0007667620266358519,-7.105380921286663e-07,9.746202262046805e-05,0.01766881041976669,3.079022206832787,0.002041615540389542,0.0007452278684713621,0.0015789766329498628,0.00010748736672200192,0.9963794078266607,0.0006524844191187107,0.3106110897046124,0.13402464191393387,0.3106110897046124,0.13402464191393387
550.0,0.7305555555555555,0.021592910247950476,2.053207464310061,-0.02708966514848243,2.0444428668327017,0.04454289692057192,0.03625525399377131,0.00413967847586087,0.0034706221862256478,0.008287694353884337,0.004626553929732536,0.3434358284987624,0.1755125001889856,1.0303074854962875,0.5265375005669569,0.018700510911346942,0.008553858981313207,0.21006348007203507,0.10734858431430913,0.0013812823923140564,0.0007710923216220891,-7.474216069313027e-07,9.740338853524575e-05,-0.3546615879104966,3.0433859878828002,0.0020407851526774326,0.0007451701987750642,0.0015789606168228672,0.00010832452882214325,0.9963802542305,0.0006516094600647983,0.31112317635599207,0.1339552637903505,0.31112317635599207,0.1339552637903505
550.0,0.7361111111111112,0.021716734751964433,2.0575421163987784,-0.02690690355684862,2.0485923160200445,0.04449311379330413,0.036199343419744956,0.004130524515508874,0.003437230491903423,0.008327212279205055,0.004543189368690298,0.3427210625885916,0.1764133605460693,1.0281631877657753,0.5292400816382079,0.018634504022698048,0.008698743886906342,0.20962618025247018,0.10790012976692955,0.0013878687132008426,0.0007571982281150498,-7.799675902657519e-07,9.73494568173092e-05,-0.5744445953390643,3.087305664688763,0.0020397973331531733,0.0007444571620517349,0.0015788941827791258,0.00011033869981807182,0.9963813084840677,0.0006488825457287355,0.3116095061124148,0.13392355672900888,0.3116095061124148,0.13392355672900888
550.0,0.7416666666666667,0.02114150041757337,2.06400330464475,-0.027418111211659848,2.05496853478378,0.04443926611756704,0.03611696338107296,0.004120345511666015,0.003392869981194323,0.008395625903674942,0.004401559408312079,0.34032357090779886,0.18064004786201954,1.0209707127233967,0.5419201435860587,0.01864408340541981,0.0086827360180098,0.2081595729448508,0.11048620683253826,0.0013992709839458237,0.0007335932347186799,-8.079942516370167e-07,9.730147630490694e-05,-0.6283145690743462,3.1036556640361255,0.002038701528362686,0.0007430941943400275,0.0015788026805077797,0.00011318644370706371,0.9963824957911295,0.0006445856330975756,0.31205840750131836,0.1339194764217952,0.31205840750131836,0.1339194764217952
550.0,0.7472222222222222,0.019844776658231256,2.0710074523454005,-0.028650496116528555,2.0620108753576876,0.044385070692142765,0.036029890032783,0.004110202082616974,0.003344506000064742,0.008446842574571041,0.0042912392116237,0.33722009056437385,0.18617239553127685,1.0116602716931213,0.5585171865938307,0.01872169995461054,0.0085232105263112,0.20626094689863905,0.11387130002173917,0.001407807095761841,0.0007152065352706165,-8.313437972392192e-07,9.726076442182873e-05,-0.6283144545474113,3.1036539816306288,0.0020375709672163446,0.0007414386341345547,0.0015787136924287513,0.00011645243602169443,0.9963837153403549,0.000639436924468754,0.31245957026538845,0.1339269853170858,0.31245957026538845,0.1339269853170858
550.0,0.7527777777777778,0.01790183074945068,2.0769968111103716,-0.030533906867687154,2.0681425464159666,0.044334551954070704,0.03596802578151131,0.004101185663067198,0.003300601863174601,0.008455470581265351,0.0042665921322225875,0.3354746996206183,0.18915040025673122,1.0064240988618554,0.5674512007701938,0.018822745540890213,0.008317626658614557,0.2051927147513594,0.11569444885157176,0.0014092450968775589,0.0007110986887037644,-8.498832930190254e-07,9.722867803199279e-05,-0.6283143636141565,3.103654861077773,0.0020364887802177675,0.0007400813458032313,0.0015786543663934061,0.00011971499514361953,0.996384856853389,0.0006344516985180528,0.31280415342422213,0.1339348281428342,0.31280415342422213,0.1339348281428342
550.0,0.7583333333333333,0.015473263962585719,2.0811333593333474,-0.03291208024378136,2.072470571943522,0.044291102216617466,0.035956662267679386,0.004094241989749448,0.0032691984677112183,0.008421026189946676,0.004331166626361808,0.3361166253127694,0.18793774895370016,1.0083498759383083,0.5638132468611005,0.018888054184416372,0.008200982626199083,0.20558468114862086,0.11495432637544084,0.001403504364991113,0.0007218611043936347,-8.63505358045386e-07,9.720658300990231e-05,-0.6196471553037681,3.0968704555440607,0.0020355287855622884,0.0007396017994094698,0.00157864931541005,0.00012258353020702445,0.9963858218990279,0.0006306748336776267,0.31308474488165555,0.13394775918275892,0.31308474488165555,0.13394775918275892
550.0,0.7638888888888888,0.012754490175309068,2.0792496967900207,-0.03559317880431352,2.070772620183096,0.04425740224376832,0.03592836683773689,0.004090266735854164,0.003249251674477497,0.00833899996463378,0.004478457820299337,0.33933787480338856,0.18166196186113887,1.0180136244101656,0.5449858855834167,0.018880973038503328,0.0082359658893924,0.20755446244052708,0.1111170316913231,0.001389833327438963,0.0007464096367165561,-8.716581402997296e-07,9.714524260561463e-05,-0.43347814333343526,3.123508953919243,0.0020347519562796414,0.0007387418271407783,0.0015787265365560244,0.00012446323834344698,0.9963865215071641,0.0006275838335429284,0.3133011377083159,0.1337159505855379,0.3133011377083159,0.1337159505855379
550.0,0.7694444444444445,0.009942232108227667,2.0746988216650517,-0.0383801064402329,2.066345286850182,0.04423301424668614,0.03589776963219999,0.004089324301774472,0.0032447966796477633,0.00827266707738957,0.004589049860516984,0.34229929333073805,0.17550239290542302,1.0268978799922137,0.5265071787162691,0.018813303900456938,0.008402315175764266,0.20936583122728505,0.10734972871365507,0.0013787778462315944,0.000764841643419497,-8.745023761261846e-07,9.706671407273723e-05,-0.07574015972102659,3.1035348514547616,0.0020341571538448847,0.0007379272380518141,0.0015788945200400325,0.00012515833291282233,0.9963869483261151,0.0006259196682346451,0.31344534345201636,0.1334002197588486,0.31344534345201636,0.1334002197588486
550.0,0.775,0.007116673919451389,2.071669970490555,-0.04119067475230114,2.0633683430898233,0.04421637224863549,0.03588263569817408,0.00409097642311709,0.003257313548596966,0.008261813888946586,0.004599073316611988,0.34368581516734253,0.17247101142635152,1.0310574455020278,0.5174130342790545,0.018732212370517906,0.008601625789413264,0.21021397207248776,0.10549540533252769,0.0013769689814910973,0.0007665122194353314,-8.722749698217246e-07,9.700212691177729e-05,0.29660302510417236,3.0645595001489614,0.0020337162668742,0.0007375613738450159,0.0015791436128679897,0.00012466839881962327,0.9963871401202576,0.0006261386075844847,0.3135111067327186,0.1332071213460779,0.3135111067327186,0.1332071213460779
550.0,0.7805555555555556,0.004287764151397814,2.070967567390366,-0.04401382137108278,2.0626829063323817,0.04420684847326833,0.03586081127110497,0.00409473704921216,0.003282531041812347,0.008311215544612794,0.004500834635561867,0.34336620125779194,0.17301631635038,1.0300986037733764,0.5190489490511401,0.01869275788327408,0.008709349680190548,0.21001857041639713,0.10582846594543965,0.0013852025907687986,0.0007501391059269775,-8.649911727207342e-07,9.695257679626872e-05,0.5439143548671465,3.0677960294629965,0.002033417191873829,0.0007371426902914416,0.0015794539396459088,0.0001229924529437321,0.9963871288684804,0.0006277206516812937,0.3134974068468551,0.1331585990436631,0.3134974068468551,0.1331585990436631
550.0,0.7861111111111111,0.0014595636969044683,2.072320020872503,-0.04684522203298647,2.0640674180740306,0.044204756922625564,0.035825839473809934,0.004100028807265302,0.003315836969739773,0.008388599865721439,0.00434738923358456,0.34134029077381434,0.17709891924741425,1.0240208723214428,0.5312967577422428,0.01872394062307308,0.008662087438879449,0.2087795294657894,0.10832488669845726,0.0013980999776202396,0.0007245648722640931,-8.526932533048411e-07,9.69190172224912e-05,0.62832271158039,3.1036578065431044,0.002033266381527569,0.0007364378402730575,0.001579792717608569,0.00012029161397669572,0.9963869409008638,0.0006301819388127511,0.3134047282144157,0.1332482799239431,0.3134047282144157,0.1332482799239431
550.0,0.7916666666666666,-0.0013251634481892705,2.074541895642141,-0.04964268112935193,2.066371485791948,0.044211268485030396,0.03579009798035655,0.004106249196132263,0.00335317904108763,0.008450167304846821,0.004224507476026511,0.33828921977805015,0.18320645546216316,1.0148676593341504,0.5496193663864894,0.018815636538633974,0.008479245295688024,0.20691362832037155,0.11205945449813308,0.0014083612174744704,0.0007040845793377517,-8.354501860923486e-07,9.690223736473925e-05,0.6283226269989666,3.1036553894203736,0.0020332888634766915,0.00073560029768231,0.0015801182117944261,0.00011689518578939942,0.9963865929247289,0.0006332211719008916,0.31323503000180797,0.13344470413443363,0.31323503000180797,0.13344470413443363
550.0,0.7972222222222223,-0.003959701479272404,2.0761343675943067,-0.05230036250446072,2.068096637258614,0.044227857351622754,0.03577895429079134,0.004112803673565605,0.0033911914099131056,0.008469578129770469,0.004189321047801444,0.3358413808423363,0.18809103681695158,1.0075241425270085,0.5642731104508548,0.018924720147895393,0.008254793846361408,0.2054169694679836,0.1150455656327023,0.0014115963549617449,0.000698220174633574,-8.133571443427717e-07,9.690284336690232e-05,0.6283225186287545,3.103655525627371,0.0020335181683137768,0.0007351038229075651,0.0015803857614796737,0.0001132815572370481,0.9963860960702066,0.0006367177386116852,0.31299166874178774,0.1337040981255427,0.31299166874178774,0.1337040981255427
550.0,0.8027777777777778,-0.006275960469156431,2.076036046064537,-0.0546505589319296,2.068144759931787,0.04425548141498612,0.03581854887339565,0.004119117047787119,0.0034267971733448798,0.008446229522118815,0.0042461898220338004,0.3357514218974775,0.18877087828059688,1.0072542656924326,0.5663126348417908,0.018997788537795768,0.008114136173117403,0.20536260838917156,0.11545977384101368,0.0014077049203531347,0.0007076983036723003,-7.865350972386272e-07,9.692124382632537e-05,0.6123746345165065,3.0929653229422835,0.0020339798824498636,0.0007355211353677704,0.0015805549280377127,0.0001100230924170327,0.9963854651895125,0.0006406087902526567,0.3126793210289456,0.13398685434432614,0.3126793210289456,0.13398685434432614
550.0,0.8083333333333333,-0.008077295917683969,2.0741844432801892,-0.05649570368485235,2.066395106728427,0.04429376721289298,0.03592259648741324,0.004124640554275662,0.0034567504708132696,0.008380779591795775,0.004389806450737436,0.3379847190607536,0.18534426832847306,1.013954157182261,0.5560328049854193,0.01900314567434426,0.00813485335064211,0.20672924283547503,0.11336234569446549,0.001396796598632629,0.0007316344084562393,-7.551306967593925e-07,9.69576400887289e-05,0.5063572795199842,3.1093097627768533,0.0020346741288925193,0.0007372432738289136,0.0015805965707025558,0.00010768867644557137,0.996384729300405,0.0006447266476378217,0.3123039597717175,0.1342705933696605,0.3123039597717175,0.1342705933696605
550.0,0.8138888888888889,-0.00912871112803306,2.0671926744570728,-0.05759835042590405,2.0594215698305027,0.04434090651468062,0.036007755166689644,0.00412873278319028,0.003469864002951221,0.008294033968111446,0.004560984093882262,0.3414746040455608,0.17912548513031926,1.0244238121366824,0.5373764553909577,0.018933753473957145,0.008305336170886109,0.20886392734587053,0.10955813933217935,0.001382338994685241,0.0007601640156470437,-7.189248222166328e-07,9.69615341380998e-05,0.13402116766621355,3.1371720992220573,0.0020355738863086113,0.0007387012380848016,0.0015804871255243067,0.000106564226213595,0.9963839389881669,0.0006472936447102687,0.31188178077188783,0.13427596666651995,0.31188178077188783,0.13427596666651995
550.0,0.8194444444444444,-0.0093936201409196,2.0587955871550956,-0.05791654412598997,2.0509365758021403,0.04439185148134746,0.03607666035429121,0.004131072503722708,0.003465928349970256,0.00826435758286939,0.004619497944279707,0.3432590503621635,0.17585157317965533,1.029777151086491,0.5275547195389658,0.01882872662264661,0.008538735556364434,0.20995529522170372,0.10755577434228863,0.001377392930478232,0.0007699163240466177,-6.783611987439793e-07,9.695332218542576e-05,-0.23830998814930973,3.09509174376849,0.0020365798647361557,0.0007400436200923296,0.0015802464556111493,0.00010689502893274186,0.996383173679653,0.0006482696738638412,0.3114211806182581,0.13413407653093642,0.3114211806182581,0.13413407653093642
550.0,0.825,-0.008990758034081333,2.053072172525895,-0.057564752006699096,2.0450418258006433,0.04444224191146165,0.03614494518329705,0.00413175206115606,0.003448342628511367,0.008293848706874753,0.004571688069759263,0.3433258773962911,0.17600091850766172,1.0299776321888732,0.5280027555229851,0.01875364219211005,0.008699927568694641,0.2099960546117903,0.10764756035486873,0.0013823081178124589,0.0007619480116265438,-6.338857568211504e-07,9.696240768472627e-05,-0.5365198998202481,3.0539007631160553,0.0020376005050198307,0.0007415843488745812,0.0015799128633153148,0.00010863684257767306,0.9963824866316651,0.00064801093254666,0.3109287234620656,0.1340250594353186,0.3109287234620656,0.1340250594353186
550.0,0.8305555555555556,-0.008059273624250912,2.050542601541033,-0.05667948836818323,2.042311785927328,0.044489132094579845,0.03619410172916776,0.00413108264935251,0.0034187407447697545,0.008368274596853761,0.004438782735667197,0.34166155627641664,0.1795673011362694,1.0249846688292497,0.5387019034088082,0.01874988383837441,0.008699962134523766,0.20897794454600058,0.10982960757254603,0.0013947124328089603,0.0007397971226111993,-5.857493342656666e-07,9.698815906232878e-05,-0.628315659228892,3.103657898278685,0.0020385716733710446,0.0007428712245219362,0.0015795258373401118,0.00011143844415886847,0.9963819024892887,0.0006463703642112767,0.3104167415418943,0.13395431078484407,0.3104167415418943,0.13395431078484407
550.0,0.8361111111111111,-0.006748452883852401,2.0507967102371216,-0.05540888494529113,2.042386872593794,0.04453082186966568,0.03622149579617537,0.004129610191773138,0.0033815592171976302,0.008435260840653979,0.004316856518859758,0.3389075050024239,0.18514701564790542,1.0167225150072718,0.5554410469437163,0.01881768940071459,0.008537276871036,0.20729308317083767,0.11324359482324903,0.0014058768067756625,0.0007194760864766261,-5.342221852222412e-07,9.702976461112404e-05,-0.6283159119659204,3.103655040662955,0.0020394536874480786,0.000743755487881076,0.001579128380841046,0.00011483853942511058,0.9963814179317111,0.0006436062175157301,0.3098982692747394,0.13391682122062112,0.3098982692747394,0.13391682122062112
550.0,0.8416666666666667,-0.00518384843352425,2.052909470745772,-0.05387847185042306,2.0443671309295235,0.04456661894645733,0.03623745110957794,0.004128004470441467,0.003343281129243621,0.008462681872603057,0.004272290285693261,0.33684530484630393,0.18925661940743732,1.010535914538912,0.5677698582223121,0.018917929975058957,0.008295293518059537,0.20603115633728197,0.11575877472782067,0.0014104469787671763,0.000712048380948877,-4.795925760480055e-07,9.708625165939718e-05,-0.6283161799188742,3.103654738482992,0.0020402278837329648,0.0007443790088434755,0.0015787627992815555,0.00011835632762848271,0.9963810093169856,0.0006403279131882282,0.3093864179995618,0.13390419667792783,0.3093864179995618,0.13390419667792783
550.0,0.8472222222222222,-0.0034555956533761202,2.0560584861887357,-0.052178865168382695,2.0474235210561607,0.04459634629279943,0.036256361196369095,0.004126923222207191,0.0033109626111135636,0.008446702705264186,0.004315435383069251,0.3370338732877708,0.1892363163846011,1.0111016198633127,0.5677089491538033,0.018995958599095093,0.008102907418110376,0.20614582911174592,0.11574797159523514,0.0014077837842106976,0.0007192392305115417,-4.2216521505595016e-07,9.71565096791109e-05,-0.6283164615930737,3.103656994023806,0.002040887246400438,0.0007450198246005163,0.0015784671661836656,0.00012154806454583237,0.996380645587416,0.0006373096390887207,0.30889372316056635,0.1339144753575159,0.30889372316056635,0.1339144753575159
550.0,0.8527777777777777,-0.0016288172052109492,2.0600159912981466,-0.05037552682369988,2.051301162502377,0.0446198282277039,0.036286505867727484,0.0041268813907851315,0.003290456330239058,0.008389962115703321,0.004438501576568432,0.33941854376412667,0.18517288028274934,1.0182556312923803,0.555518640848248,0.019011718209004012,0.008061245099143488,0.2076038381782472,0.11326402249139607,0.0013983270192838868,0.0007397502627614054,-3.6225976882245287e-07,9.723931632673956e-05,-0.5644387963391431,3.060111941646537,0.002041425760522596,0.0007458800149285518,0.0015782722549932261,0.0001240349648447818,0.9963803019844842,0.0006352391218571739,0.30843158460332315,0.1339589394883815,0.30843158460332315,0.1339589394883815
550.0,0.8583333333333333,0.0002297892336504755,2.0652593668778776,-0.048534959059556765,2.0564521336972645,0.04463659274476612,0.036323862116151684,0.004128155548441022,0.003284967267337382,0.008309397915600949,0.0046015170688766234,0.34315717401652057,0.17840096187010282,1.0294715220495614,0.5352028856103084,0.01895624649161837,0.00819253026543074,0.20989046076104914,0.10912252974385661,0.0013848996526001584,0.0007669195114794371,-3.0020964592099867e-07,9.733336513396015e-05,-0.19209641950654888,3.144911792345933,0.0020418314534460954,0.0007469260553271324,0.0015781986659477885,0.00012551879212405106,0.9963799698806058,0.0006345025980208018,0.3080098999886355,0.13406148409865207,0.3080098999886355,0.13406148409865207
550.0,0.8638888888888889,0.0020019671980497406,2.0682639007727164,-0.04677420019581884,2.0593676694404177,0.04464533134064105,0.03627424425261951,0.004130836053227585,0.0032876304508462633,0.008282607281516988,0.004651816381491651,0.3452543574232327,0.17417263775347136,1.0357630722696975,0.5225179132604141,0.018844991509300586,0.008429842783903423,0.211173282268677,0.10653622899940612,0.0013804345469194976,0.0007753027302486085,-2.3622138925288128e-07,9.738658687947277e-05,0.18024130180236791,3.1349031983000737,0.0020420736960223805,0.0007462463322133397,0.0015782640177755525,0.00012553071667074624,0.9963796622862018,0.000633764412224632,0.307654632889068,0.13397357439115146,0.307654632889068,0.13397357439115146
550.0,0.8694444444444445,0.003527400411070647,2.071301588912857,-0.045253861672646174,2.0623504426285746,0.044646695303027416,0.03615301960107327,0.004134566780689542,0.003298456852724474,0.008318309672740585,0.004582276013304612,0.3455266499054724,0.17330238937313241,1.0365799497164174,0.5199071681193972,0.018741740008483634,0.008636910761124614,0.2113399262786866,0.10600358746437748,0.001386384945456765,0.0007637126688841021,-1.7083446571712925e-07,9.741824728048716e-05,0.5525845646336996,3.0540561693989607,0.0020421593464063307,0.0007440979640700638,0.0015784464372762652,0.00012411751281127937,0.9963793942163175,0.0006332450513286327,0.30736682064871307,0.13382441447791563,0.30736682064871307,0.13382441447791563
550.0,0.875,0.004701051817577762,2.076343073532273,-0.04408074874708977,2.067409766478761,0.04464290587467685,0.03600610143777513,0.004138894689990802,0.0033180679832242673,0.008401931296583835,0.004419799379325355,0.3440690624274161,0.17595413401700932,1.0322071872822487,0.5278624020510281,0.01870130949875408,0.008708630912401557,0.21044850625339787,0.10762491619572322,0.0014003218827639723,0.0007366332298875592,-1.044911791070605e-07,9.745695377276476e-05,0.6283190417142112,3.1036584359508796,0.0020421286975738015,0.0007413126473236508,0.0015787053604728275,0.00012156449124123973,0.9963791659419534,0.0006334180318502688,0.3071410509744106,0.13376986178982586,0.3071410509744106,0.13376986178982586
550.0,0.8805555555555555,0.005490290409695938,2.08188402967258,-0.043290136551156586,2.073072821823769,0.04463700558476661,0.035851517542695194,0.004143421376085903,0.0033432919050912337,0.008473402286914863,0.004274927695250953,0.34105071010950855,0.18165113305333946,1.023152130328526,0.5449533991600182,0.01873471733080216,0.008621695488827654,0.2086025481812737,0.11110855989746979,0.0014122337144858092,0.000712487949208492,-3.7562800658233386e-08,9.750140319391792e-05,0.6283187134481787,3.1036551044773195,0.0020420412019816693,0.0007381518844992212,0.0015789956936156473,0.00011817149848447369,0.9963789631044027,0.0006341319037532644,0.306980900802855,0.1337818161155925,0.306980900802855,0.1337818161155925
550.0,0.8861111111111111,0.00596198372031144,2.0861233856659096,-0.042818186373055935,2.0775341410649686,0.04463242488098243,0.03572068978199338,0.004147745212384812,0.003371355037982592,0.00850694997996621,0.00420526830075669,0.338395074893602,0.18658222688433715,1.0151852246808055,0.5597466806530115,0.018812398495113916,0.00843719072188983,0.20697871250871022,0.11412326422835657,0.001417824996661035,0.0007008780501261148,2.9576094426856632e-08,9.755036665162147e-05,0.6283183841509757,3.103654328522345,0.00204196787100356,0.0007352055208570448,0.0015792680438199568,0.00011439346810483854,0.996378764085176,0.0006353980413434377,0.30688894158844376,0.13382440083708924,0.30688894158844376,0.13382440083708924
550.0,0.8916666666666667,0.006271034250491048,2.0876975482909206,-0.04251243514218317,2.079387333068784,0.04463200954398416,0.03564678625429221,0.004151459848689943,0.0033995559365718373,0.008497519955821127,0.004226066098334018,0.3376565257388912,0.18796860273046295,1.0129695772166736,0.5639058081913889,0.01888395713345047,0.008268935809659388,0.20652764687931838,0.11496960918421605,0.001416253325970188,0.0007043443497223362,9.654995958787744e-08,9.760271670898793e-05,0.6283180556644855,3.103656112342815,0.0020419714349057235,0.0007331858735300174,0.0015794764190820096,0.00011079397912265094,0.996378552146012,0.0006372769672868475,0.30686669253738086,0.1338698400177271,0.30686669253738086,0.1338698400177271
550.0,0.8972222222222223,0.0066211638421258545,2.086248321305972,-0.04217017878767957,2.0782072319324505,0.04463718380837945,0.035651383980852575,0.004154158821425922,0.003424854493300854,0.008445146686097057,0.004336260333768017,0.33924398878112805,0.18518560350887783,1.0177319663433844,0.5555568105266333,0.018906235504704726,0.008220247304329676,0.207499235483196,0.11326588460177969,0.0014075244476828425,0.0007227100556280029,1.6298429749866022e-07,9.765745239509078e-05,0.545569006384416,3.0564726448209405,0.0020420881422799782,0.00073265067312431,0.001579585366972147,0.00010796004178532154,0.9963783264907479,0.0006397185108074205,0.30691456108382253,0.13391085798694283,0.30691456108382253,0.13391085798694283
550.0,0.9027777777777778,0.0072090384966108974,2.0825869994943162,-0.04159391214005436,2.07473872585754,0.04464748950583993,0.035735520802772425,0.0041554611308252986,0.003443798852819803,0.008363766936247184,0.00450201063519674,0.34249135511846324,0.17925782986467967,1.0274740653553898,0.537773489594039,0.018863826090868913,0.00832618622261971,0.20948587278279748,0.10963911329511614,0.0013939611560411975,0.0007503351058661234,2.2850740909619766e-07,9.771372119273653e-05,0.2503735767839374,3.1024115949898383,0.0020423164184384915,0.0007337775934332802,0.0015795753981794538,0.00010638348101752628,0.9963781081833822,0.0006424509036282926,0.3070318202350166,0.13396418516959363,0.3070318202350166,0.13396418516959363
550.0,0.9083333333333333,0.008166881979546965,2.0783769967595482,-0.04064885773701429,2.0706050255326005,0.04466067279512917,0.035879590155131105,0.004155066921432062,0.0034530149371412495,0.008309425990875748,0.004612960646317845,0.34502936308009935,0.17462712480376433,1.035088089240298,0.523881374411293,0.01876965482477199,0.008547315332170107,0.21103815827738423,0.10680676447619948,0.0013849043318126242,0.0007688267743863077,2.9275222713924465e-07,9.777083727890266e-05,-0.12195747669792704,3.1485682579406267,0.0020426163872130742,0.0007362994376599936,0.0015794457557133587,0.00010634110890457673,0.9963779378570738,0.0006449914696933076,0.30721664259572135,0.13406343928637326,0.30721664259572135,0.13406343928637326
550.0,0.9138888888888889,0.009549661603622613,2.0710798271909625,-0.039276069980481026,2.063285589788919,0.04467302618305949,0.03597372147195659,0.004152705401044035,0.0034424367174536617,0.008319498222990059,0.004596283561661936,0.34568421375587827,0.17329042124859448,1.0370526412676344,0.5198712637457834,0.018675499591294647,0.008740966930829234,0.21143859621425287,0.10598949962652145,0.00138658303716501,0.0007660472602769894,3.5518825409152875e-07,9.777738531828243e-05,-0.49429351699038004,3.1002523661564916,0.0020429162003952265,0.0007380271557951288,0.0015792085923134287,0.00010766528827649781,0.9963778752072912,0.0006453592492262822,0.307484010632635,0.1339676011127868,0.307484010632635,0.1339676011127868
550.0,0.9194444444444444,0.011232693658917445,2.063668868455774,-0.0375967744405817,2.05579494680064,0.04468077991846807,0.036020914778608484,0.004148688181031109,0.0034155456932916414,0.008392495998560758,0.004456250507279484,0.34451503718153764,0.1753834028394359,1.033545111544613,0.5261502085183077,0.018651476321005354,0.008770831794812228,0.21072335402431921,0.10727026603370395,0.0013987493330934583,0.0007427084178799139,4.154126404733194e-07,9.775387288189195e-05,-0.6093571072908881,3.0914914940446403,0.002043135839461753,0.0007389786417780187,0.0015789097993225997,0.0001101144903054245,0.9963779543612158,0.0006437769955151188,0.30782084469916227,0.13381167461802473,0.30782084469916227,0.13381167461802473
550.0,0.925,0.013058417075830542,2.0587169918603583,-0.035767569307343074,2.0507482219309288,0.044682340278820676,0.03605821059802824,0.0041436461043529264,0.003380531212940873,0.008466763811392896,0.004307551178328043,0.3416108819829652,0.18083219402448944,1.024832645948895,0.5424965820734683,0.018707734479230232,0.008625588947386988,0.2089468972086078,0.11060377968317164,0.0014111273018988157,0.0007179251963880071,4.731971033737713e-07,9.773032924720865e-05,-0.6283208530905807,3.1036518688379187,0.0020432374232520227,0.000739824065750083,0.0015785966726401181,0.00011333084614898896,0.9963781659041079,0.0006412089354117382,0.30821042115777564,0.13375390297653866,0.30821042115777564,0.13375390297653866
550.0,0.9305555555555556,0.014909479588088054,2.0555402523377424,-0.03390583900760172,2.0474912349911794,0.04467706906042222,0.03609143861481478,0.004138249535267532,0.003343345613939237,0.008507140760012936,0.004223661902061787,0.3384065922533711,0.18668963267994917,1.0152197767601137,0.5600688980398476,0.018809729906758783,0.008372729671369795,0.20698650404823896,0.11418789875222564,0.0014178567933354899,0.0007039436503436313,5.282198262563305e-07,9.770689492570814e-05,-0.628321122954965,3.1036508345141605,0.0020432036811104783,0.0007406114964360422,0.0015783113095112133,0.00011682394651982403,0.9963784850093784,0.0006381673067013768,0.30864549491486093,0.13377157746965634,0.30864549491486093,0.13377157746965634
550.0,0.9361111111111111,0.016700162063881564,2.0534156407374398,-0.032097823469569936,2.045299771355375,0.04466482050096973,0.036132694032287305,0.004133165032481712,0.0033108888389110267,0.008504268391471698,0.004227787324607153,0.3367277584236636,0.18955380564280513,1.01018327527099,0.5686614169284155,0.018901683562960122,0.008138095438936385,0.20595897304124833,0.11594140542524405,0.0014173780652452833,0.0007046312207678586,5.801739910139635e-07,9.768390889970658e-05,-0.6283213777689761,3.103652380187081,0.0020430283891312343,0.0007415664878776415,0.0015780922412902264,0.00012012916323770569,0.9963788793695786,0.0006353785155523908,0.30911726578999954,0.13383722819103056,0.30911726578999954,0.13383722819103056
550.0,0.9416666666666667,0.018364272829806946,2.0521256925919613,-0.03041009204478166,2.0439319335774937,0.04464543920778847,0.03618979227712143,0.004128925666800039,0.0032892282039108326,0.008457523767711774,0.004320740111466531,0.3374111816564247,0.18812493167973207,1.0122335449692743,0.5643747950391961,0.018940409680644595,0.0080319228610609,0.2063763079731383,0.11506901506208479,0.0014095872946186297,0.0007201233519110884,6.287691313827592e-07,9.766190171242688e-05,-0.5498413546860468,3.0680872481601065,0.0020427058939234393,0.0007428784302012087,0.001577971327531831,0.00012284285239095433,0.9963793227785448,0.0006335317235876301,0.30961533675618375,0.13393084026938604,0.30961533675618375,0.13393084026938604
550.0,0.9472222222222222,0.019830668819560457,2.0521549525981793,-0.028913696213279518,2.043844963070317,0.04461852249691388,0.036259131463291364,0.0041258425359261405,0.003282061440363287,0.008377952618996381,0.00447541723019558,0.3399063300314024,0.18327926681305726,1.0197189900942074,0.5498378004391717,0.018910084450638277,0.008097722144419589,0.20790200548238272,0.11210632767444309,0.0013963254364993969,0.0007459028716992634,6.737325962746446e-07,9.764158413897541e-05,-0.3084595243959262,3.0688549688063245,0.0020422254319761297,0.0007445258640133016,0.0015779707782834045,0.00012464068033702578,0.9963798037897401,0.0006330509044611316,0.3101278896632084,0.13404605481676388,0.3101278896632084,0.13404605481676388
550.0,0.9527777777777777,0.020999487283904127,2.0544425664524297,-0.027708029663796447,2.0459699577570363,0.044583544768333115,0.036325627244965304,0.004123972179367477,0.003290012120628331,0.008301088305250079,0.004617460703573823,0.3426536190034784,0.177832851220483,1.0279608570104355,0.533498553661449,0.018821685742034397,0.008304807840996882,0.20958245656519386,0.10877506907662278,0.0013835147175416797,0.0007695767839289706,7.14811029791807e-07,9.762383140714389e-05,0.06388330884615183,3.111929573442916,0.002041572694917292,0.00074623169900264,0.0015781002906398215,0.00012529372932085242,0.9963803270144435,0.0006339857364407961,0.3106420937896545,0.13418807281924894,0.3106420937896545,0.13418807281924894
550.0,0.9583333333333334,0.021732490564932278,2.0598054210583516,-0.026930996937457034,2.0511471298479025,0.044540343438662644,0.03636999214226238,0.004123144063726821,0.003311009624846532,0.008281382266430203,0.0046516401821891425,0.34366782106540367,0.17567863709535889,1.031003463196211,0.5270359112860766,0.018711097253063587,0.00855974806576194,0.21020288280670052,0.10745718605881248,0.0013802303777383676,0.0007752733636981903,7.517716124894576e-07,9.760966349338562e-05,0.4275504216389031,3.1297230751980756,0.002040739146875999,0.0007475771509590173,0.0015783544935380664,0.0001246898796317752,0.9963809063595855,0.0006360661557013498,0.3111447047692779,0.13436506537208437,0.3111447047692779,0.13436506537208437
550.0,0.9638888888888889,0.02180278555583736,2.0639255419101024,-0.026809719635608225,2.0551287312483684,0.04448944948989767,0.03630083750326498,0.0041230557015477405,0.00333435626062541,0.008326521573790104,0.004557032286355965,0.34279763406392705,0.176825607176985,1.0283929021917817,0.530476821530955,0.018647049511454503,0.008693691702457972,0.20967074166500108,0.10815818415315029,0.0013877535956316844,0.0007595053810593274,7.840111173728186e-07,9.754943290976877e-05,0.613719324483194,3.092631915945032,0.0020397266816561048,0.0007465939134256245,0.001578715867225932,0.0001226042241235734,0.9963815574511182,0.0006375284605175949,0.3116318415554729,0.13430059024346216,0.3116318415554729,0.13430059024346216
550.0,0.9694444444444444,0.021106306424717544,2.067429423913605,-0.02745163935530281,2.0585860884237523,0.04443471495503973,0.03615864187811502,0.00412323082498049,0.0033589991804979435,0.008404056879738208,0.004391137079535698,0.3401122485917085,0.18127051089272442,1.0203367457751256,0.5438115326781734,0.01866733999753351,0.008641474132513104,0.20802835497793723,0.11087616186369728,0.0014006761466230351,0.0007318561799226163,8.114336552248948e-07,9.746524224604813e-05,0.628314549431485,3.10365468312779,0.002038608155864626,0.000743983408069441,0.0015791295920732664,0.00011939487334253093,0.9963822622520618,0.0006386044678854971,0.3120848498120386,0.13409572610992482,0.3120848498120386,0.13409572610992482
550.0,0.975,0.01968685388924873,2.0711891985998734,-0.028817026162866508,2.062394672389219,0.044380607519951806,0.03601557267337771,0.004123272532163467,0.003385954231062432,0.008448553740796417,0.004285736847894629,0.33700118026312886,0.1864982496841144,1.0110035407893867,0.5594947490523432,0.018746737436995464,0.008463756699681559,0.20612591988358311,0.1140723535281567,0.0014080922901327359,0.0007142894746491047,8.341370112088463e-07,9.738847122709224e-05,0.6283144380792681,3.103653364199551,0.0020374743806311903,0.0007411456840663919,0.0015795386136017787,0.00011562928167160309,0.9963829870057672,0.0006399921471979758,0.3124877514785998,0.1338984902785197,0.3124877514785998,0.1338984902785197
550.0,0.9805555555555555,0.017657331517229754,2.073731307623263,-0.03079659106169701,2.0650557022601403,0.044331076559540515,0.03590203518919996,0.004122846019386334,0.0034123122071602102,0.008451041621378465,0.004265500693878185,0.33562243887188364,0.18853815460304219,1.0068673166156519,0.5656144638091267,0.01883215039376868,0.008274762843272044,0.2052832391218775,0.11531847584529932,0.0014085069368964108,0.0007109167823130309,8.519974655141596e-07,9.732049297857965e-05,0.6283143504789457,3.103654610874394,0.0020364084805898704,0.0007387001682689465,0.0015798925210989733,0.0001118387974883137,0.996383698998311,0.0006416823080716686,0.3128322556510219,0.13370062530616275,0.3128322556510219,0.13370062530616275
550.0,0.9861111111111112,0.015193492753015011,2.074451284706474,-0.03321714270837201,2.0659122305230366,0.04428899468353822,0.03584025196685947,0.004121640777848886,0.003434912154636509,0.008410337911555214,0.004334706815166128,0.3366184168968321,0.1863999785600681,1.0098552506904963,0.5591999356802043,0.018877521205381827,0.00818558283532127,0.2058931039828362,0.11400905127610002,0.0014017229852592026,0.0007224511358610213,8.649146334152942e-07,9.726268229540316e-05,0.6283142871228496,3.10365841542248,0.002035474514387561,0.0007371781139610346,0.0015801499114242606,0.00010860181677881932,0.996384375574188,0.0006435937452639585,0.31311148902181696,0.13351201025400417,0.31311148902181696,0.13351201025400417
550.0,0.9916666666666667,0.01248190678360519,2.073838319450641,-0.035893225849336526,2.0653982852540684,0.044255732604973515,0.035834788297607834,0.004119400027968316,0.0034502114859062127,0.008337844451610616,0.004467840685931855,0.3394107639134721,0.180968343285156,1.0182322917404159,0.5429050298554681,0.018861419365549855,0.008249567831269762,0.2076014830022088,0.11068562399895979,0.0013896407419351033,0.0007446401143219757,8.728211805236682e-07,9.721638963164494e-05,0.47144256426093506,3.0300509046508664,0.0020347069933117244,0.0007367930439840397,0.0015802837220148733,0.00010643781823594871,0.9963850092846733,0.0006454552281216067,0.313319896304637,0.1333628921095462,0.313319896304637,0.1333628921095462
550.0,0.9972222222222222,0.00967238620270867,2.073204771906934,-0.03867485661881774,2.0647942502747245,0.04423126516865718,0.035871362535410345,0.004115977652869295,0.0034547159579985053,0.00827108024568216,0.0045881527213130395,0.3424235069593445,0.1750959650587026,1.0272705208780328,0.5252878951761077,0.018791774758497307,0.008442975931153384,0.20944428379696073,0.1070934641278876,0.0013785133742803602,0.00076469212021884,8.756625484146435e-07,9.718290182798716e-05,0.09911144495884991,3.0830128859447075,0.002034111165562598,0.0007373593519200171,0.0015802838798277482,0.00010569205014793336,0.9963856049546096,0.0006468028512693025,0.3134532098493453,0.13329632318014226,0.3134532098493453,0.13329632318014226
